tag,M,P,seed,source_seed,retrain_seed,candidate_id,P_original,P_effective,num_deleted,num_clusters,minimal_num_clusters,deleted_set_str,distill_mode,distill_lambda,symbol_margin,distill_auto_lambda,distill_grad_ratio_alpha,grad_norm_out_initial,grad_norm_aux_initial,distill_lambda_effective,weighting_scheme,lambda_formula,alpha,auto_lambda_enabled,sync_scope,sync_interval,r_anchor,r_local,r_bridge,r_long,n_interleave,num_epochs,batch_episodes,segment_len,max_bridge_len,input_sigma,state_sigma,lr_start,lr_end,lr_fixed,target_fp_count,fp_count_weight,lambda_target_fp_residual,target_fp_residual_ramp_epochs,fp_hidden_lr_mult,final_loss,best_Dstsp,best_DH,final_vis_fps,final_traj_loss,final_target_fp_residual,ckpt
chua_orig_nint128_bs16_sig0.0_lr1e-03-1e-05_tfp0_ramp200_hLR1_m20_p10_seed7_minsym5_cand0_reducedp3_retained_sync_readout_retained_ga0p1_v1_rseed0,20,10,7,7,0,0,10,3,7,5,5,0;1;2;4;5;7;9,retained_preactivation,1.0,,True,0.1,15555.11280897699,12863.68868171179,0.12092264663627608,default,,0.1,True,readout_retained,128,0.00,0.00,0.00,1.00,128,2000,16,200,200,0.0,0.0,0.001,1e-05,False,5,5.0,0.0,200,1.0,0.140608,2.6069,0.0089,2,0.121557,nan,models/chua_orig_nint128_bs16_sig0.0_lr1e-03-1e-05_tfp0_ramp200_hLR1_m20_p10_seed7_minsym5_cand0_reducedp3_retained_sync_readout_retained_ga0p1_v1_rseed0.pth
chua_orig_nint128_bs16_sig0.0_lr1e-03-1e-05_tfp0_ramp200_hLR1_m20_p10_seed10_minsym5_cand0_reducedp3_retained_sync_readout_retained_ga0p1_v1_rseed0,20,10,10,10,0,0,10,3,7,5,5,0;1;2;4;5;6;7,retained_preactivation,1.0,,True,0.1,5481.68302451446,175.93764735159792,3.1156964453206,default,,0.1,True,readout_retained,128,0.00,0.00,0.00,1.00,128,2000,16,200,200,0.0,0.0,0.001,1e-05,False,5,5.0,0.0,200,1.0,0.044787,1.2084,0.0085,5,0.025649,nan,models/chua_orig_nint128_bs16_sig0.0_lr1e-03-1e-05_tfp0_ramp200_hLR1_m20_p10_seed10_minsym5_cand0_reducedp3_retained_sync_readout_retained_ga0p1_v1_rseed0.pth
chua_orig_nint128_bs16_sig0.0_lr1e-03-1e-05_tfp0_ramp200_hLR1_m20_p10_seed15_minsym5_cand0_reducedp3_retained_sync_readout_retained_ga0p1_v1_rseed0,20,10,15,15,0,0,10,3,7,5,5,0;2;3;5;6;7;8,retained_preactivation,1.0,,True,0.1,4436.504296740847,122.9932226779469,3.6071128149537395,default,,0.1,True,readout_retained,128,0.00,0.00,0.00,1.00,128,2000,16,200,200,0.0,0.0,0.001,1e-05,False,5,5.0,0.0,200,1.0,0.044494,1.1708,0.0065,4,0.030178,nan,models/chua_orig_nint128_bs16_sig0.0_lr1e-03-1e-05_tfp0_ramp200_hLR1_m20_p10_seed15_minsym5_cand0_reducedp3_retained_sync_readout_retained_ga0p1_v1_rseed0.pth
chua_orig_nint128_bs16_sig0.0_lr1e-03-1e-05_tfp0_ramp200_hLR1_m20_p10_seed7_minsym5_cand1_reducedp3_retained_sync_readout_retained_ga0p1_v1_rseed0,20,10,7,7,0,1,10,3,7,5,5,0;1;4;5;6;7;9,retained_preactivation,1.0,,True,0.1,972920.7738844926,9258.121416997888,10.508835756876252,default,,0.1,True,readout_retained,128,0.00,0.00,0.00,1.00,128,2000,16,200,200,0.0,0.0,0.001,1e-05,False,5,5.0,0.0,200,1.0,0.051627,1.4362,0.0081,5,0.020420,nan,models/chua_orig_nint128_bs16_sig0.0_lr1e-03-1e-05_tfp0_ramp200_hLR1_m20_p10_seed7_minsym5_cand1_reducedp3_retained_sync_readout_retained_ga0p1_v1_rseed0.pth
chua_orig_nint128_bs16_sig0.0_lr1e-03-1e-05_tfp0_ramp200_hLR1_m20_p10_seed10_minsym5_cand1_reducedp3_retained_sync_readout_retained_ga0p1_v1_rseed0,20,10,10,10,0,1,10,3,7,5,5,0;1;2;4;5;6;8,retained_preactivation,1.0,,True,0.1,4753.098785266303,216.53518848908578,2.19506991839613,default,,0.1,True,readout_retained,128,0.00,0.00,0.00,1.00,128,2000,16,200,200,0.0,0.0,0.001,1e-05,False,5,5.0,0.0,200,1.0,0.058676,1.2259,0.0154,5,0.022771,nan,models/chua_orig_nint128_bs16_sig0.0_lr1e-03-1e-05_tfp0_ramp200_hLR1_m20_p10_seed10_minsym5_cand1_reducedp3_retained_sync_readout_retained_ga0p1_v1_rseed0.pth
chua_orig_nint128_bs16_sig0.0_lr1e-03-1e-05_tfp0_ramp200_hLR1_m20_p10_seed3_minsym5_cand0_reducedp3_retained_sync_readout_retained_ga0p1_v1_rseed0,20,10,3,3,0,0,10,3,7,5,5,0;1;2;3;4;5;8,retained_preactivation,1.0,,True,0.1,91704.10119509378,2222.811323456739,4.125590877973522,default,,0.1,True,readout_retained,128,0.00,0.00,0.00,1.00,128,2000,16,200,200,0.0,0.0,0.001,1e-05,False,5,5.0,0.0,200,1.0,1413681585682758918026161029120.000000,1.4365,0.0118,5,401003992644012876517867520.000000,nan,models/chua_orig_nint128_bs16_sig0.0_lr1e-03-1e-05_tfp0_ramp200_hLR1_m20_p10_seed3_minsym5_cand0_reducedp3_retained_sync_readout_retained_ga0p1_v1_rseed0.pth
chua_orig_nint128_bs16_sig0.0_lr1e-03-1e-05_tfp0_ramp200_hLR1_m20_p10_seed4_minsym5_cand1_reducedp3_retained_sync_readout_retained_ga0p1_v1_rseed0,20,10,4,4,0,1,10,3,7,5,5,0;1;4;6;7;8;9,retained_preactivation,1.0,,True,0.1,4778789.47818378,652806.2160488364,0.7320379862660926,default,,0.1,True,readout_retained,128,0.00,0.00,0.00,1.00,128,2000,16,200,200,0.0,0.0,0.001,1e-05,False,5,5.0,0.0,200,1.0,0.082685,1.8087,0.0064,6,0.048277,nan,models/chua_orig_nint128_bs16_sig0.0_lr1e-03-1e-05_tfp0_ramp200_hLR1_m20_p10_seed4_minsym5_cand1_reducedp3_retained_sync_readout_retained_ga0p1_v1_rseed0.pth
chua_orig_nint128_bs16_sig0.0_lr1e-03-1e-05_tfp0_ramp200_hLR1_m20_p10_seed4_minsym5_cand2_reducedp3_retained_sync_readout_retained_ga0p1_v1_rseed0,20,10,4,4,0,2,10,3,7,5,5,1;2;3;4;5;6;8,retained_preactivation,1.0,,True,0.1,2356.0509100240174,60.12349408775908,3.9186859409484347,default,,0.1,True,readout_retained,128,0.00,0.00,0.00,1.00,128,2000,16,200,200,0.0,0.0,0.001,1e-05,False,5,5.0,0.0,200,1.0,0.097113,1.4044,0.0108,5,0.047190,nan,models/chua_orig_nint128_bs16_sig0.0_lr1e-03-1e-05_tfp0_ramp200_hLR1_m20_p10_seed4_minsym5_cand2_reducedp3_retained_sync_readout_retained_ga0p1_v1_rseed0.pth
chua_orig_nint128_bs16_sig0.0_lr1e-03-1e-05_tfp0_ramp200_hLR1_m20_p10_seed11_minsym5_cand0_reducedp3_retained_sync_readout_retained_ga0p1_v1_rseed0,20,10,11,11,0,0,10,3,7,5,5,0;1;3;4;5;6;9,retained_preactivation,1.0,,True,0.1,190228.7439479113,6004.048213757531,3.1683413786056174,default,,0.1,True,readout_retained,128,0.00,0.00,0.00,1.00,128,2000,16,200,200,0.0,0.0,0.001,1e-05,False,5,5.0,0.0,200,1.0,0.041685,1.2496,0.0114,5,0.021739,nan,models/chua_orig_nint128_bs16_sig0.0_lr1e-03-1e-05_tfp0_ramp200_hLR1_m20_p10_seed11_minsym5_cand0_reducedp3_retained_sync_readout_retained_ga0p1_v1_rseed0.pth
chua_orig_nint128_bs16_sig0.0_lr1e-03-1e-05_tfp0_ramp200_hLR1_m20_p10_seed8_minsym5_cand0_reducedp3_retained_sync_readout_retained_ga0p1_v1_rseed0,20,10,8,8,0,0,10,3,7,5,5,0;3;4;5;6;7;8,retained_preactivation,1.0,,True,0.1,190506.7482269329,9075.507478923699,2.099130529828243,default,,0.1,True,readout_retained,128,0.00,0.00,0.00,1.00,128,2000,16,200,200,0.0,0.0,0.001,1e-05,False,5,5.0,0.0,200,1.0,0.026541,1.1984,0.0082,5,0.011125,nan,models/chua_orig_nint128_bs16_sig0.0_lr1e-03-1e-05_tfp0_ramp200_hLR1_m20_p10_seed8_minsym5_cand0_reducedp3_retained_sync_readout_retained_ga0p1_v1_rseed0.pth
chua_orig_nint128_bs16_sig0.0_lr1e-03-1e-05_tfp0_ramp200_hLR1_m20_p10_seed11_minsym5_cand1_reducedp3_retained_sync_readout_retained_ga0p1_v1_rseed0,20,10,11,11,0,1,10,3,7,5,5,0;1;3;5;6;7;9,retained_preactivation,1.0,,True,0.1,87273.3579965845,3672.6119600871257,2.3763294065652962,default,,0.1,True,readout_retained,128,0.00,0.00,0.00,1.00,128,2000,16,200,200,0.0,0.0,0.001,1e-05,False,5,5.0,0.0,200,1.0,0.051040,1.1503,0.0091,4,0.034749,nan,models/chua_orig_nint128_bs16_sig0.0_lr1e-03-1e-05_tfp0_ramp200_hLR1_m20_p10_seed11_minsym5_cand1_reducedp3_retained_sync_readout_retained_ga0p1_v1_rseed0.pth
chua_orig_nint128_bs16_sig0.0_lr1e-03-1e-05_tfp0_ramp200_hLR1_m20_p10_seed3_minsym5_cand1_reducedp3_retained_sync_readout_retained_ga0p1_v1_rseed0,20,10,3,3,0,1,10,3,7,5,5,0;1;2;3;4;6;8,retained_preactivation,1.0,,True,0.1,226331.70432796198,5981.321790974592,3.7839747172519815,default,,0.1,True,readout_retained,128,0.00,0.00,0.00,1.00,128,2000,16,200,200,0.0,0.0,0.001,1e-05,False,5,5.0,0.0,200,1.0,656274796395976668844392448.000000,1.3178,0.0120,5,56001171495242294099968.000000,nan,models/chua_orig_nint128_bs16_sig0.0_lr1e-03-1e-05_tfp0_ramp200_hLR1_m20_p10_seed3_minsym5_cand1_reducedp3_retained_sync_readout_retained_ga0p1_v1_rseed0.pth
chua_orig_nint128_bs16_sig0.0_lr1e-03-1e-05_tfp0_ramp200_hLR1_m20_p10_seed4_minsym5_cand3_reducedp3_retained_sync_readout_retained_ga0p1_v1_rseed0,20,10,4,4,0,3,10,3,7,5,5,1;2;3;4;5;7;8,retained_preactivation,1.0,,True,0.1,748133.5613805866,142217.75242212205,0.5260479431288031,default,,0.1,True,readout_retained,128,0.00,0.00,0.00,1.00,128,2000,16,200,200,0.0,0.0,0.001,1e-05,False,5,5.0,0.0,200,1.0,0.353213,2.5124,0.0218,2,0.310822,nan,models/chua_orig_nint128_bs16_sig0.0_lr1e-03-1e-05_tfp0_ramp200_hLR1_m20_p10_seed4_minsym5_cand3_reducedp3_retained_sync_readout_retained_ga0p1_v1_rseed0.pth
chua_orig_nint128_bs16_sig0.0_lr1e-03-1e-05_tfp0_ramp200_hLR1_m20_p10_seed3_minsym5_cand2_reducedp3_retained_sync_readout_retained_ga0p1_v1_rseed0,20,10,3,3,0,2,10,3,7,5,5,0;1;3;4;5;7;8,retained_preactivation,1.0,,True,0.1,138649.61394825447,4540.36155206141,3.0537130657646614,default,,0.1,True,readout_retained,128,0.00,0.00,0.00,1.00,128,2000,16,200,200,0.0,0.0,0.001,1e-05,False,5,5.0,0.0,200,1.0,0.022416,1.1267,0.0139,5,0.010836,nan,models/chua_orig_nint128_bs16_sig0.0_lr1e-03-1e-05_tfp0_ramp200_hLR1_m20_p10_seed3_minsym5_cand2_reducedp3_retained_sync_readout_retained_ga0p1_v1_rseed0.pth
chua_orig_nint128_bs16_sig0.0_lr1e-03-1e-05_tfp0_ramp200_hLR1_m20_p10_seed0_minsym5_cand0_reducedp3_retained_sync_readout_retained_ga0p1_v1_rseed0,20,10,0,0,0,0,10,3,7,5,5,0;1;3;4;5;7;9,retained_preactivation,1.0,,True,0.1,4123.991156937657,33.21534494800029,12.415921506742668,default,,0.1,True,readout_retained,128,0.00,0.00,0.00,1.00,128,2000,16,200,200,0.0,0.0,0.001,1e-05,False,5,5.0,0.0,200,1.0,0.076402,1.3970,0.0111,4,0.015502,nan,models/chua_orig_nint128_bs16_sig0.0_lr1e-03-1e-05_tfp0_ramp200_hLR1_m20_p10_seed0_minsym5_cand0_reducedp3_retained_sync_readout_retained_ga0p1_v1_rseed0.pth
chua_orig_nint128_bs16_sig0.0_lr1e-03-1e-05_tfp0_ramp200_hLR1_m20_p10_seed7_minsym5_cand2_reducedp3_retained_sync_readout_retained_ga0p1_v1_rseed0,20,10,7,7,0,2,10,3,7,5,5,1;2;4;5;7;8;9,retained_preactivation,1.0,,True,0.1,2984.630400066313,3700.4495588374125,0.0806558866054104,default,,0.1,True,readout_retained,128,0.00,0.00,0.00,1.00,128,2000,16,200,200,0.0,0.0,0.001,1e-05,False,5,5.0,0.0,200,1.0,0.114989,2.5973,0.0073,3,0.097425,nan,models/chua_orig_nint128_bs16_sig0.0_lr1e-03-1e-05_tfp0_ramp200_hLR1_m20_p10_seed7_minsym5_cand2_reducedp3_retained_sync_readout_retained_ga0p1_v1_rseed0.pth
chua_orig_nint128_bs16_sig0.0_lr1e-03-1e-05_tfp0_ramp200_hLR1_m20_p10_seed9_minsym5_cand1_reducedp3_retained_sync_readout_retained_ga0p1_v1_rseed0,20,10,9,9,0,1,10,3,7,5,5,0;1;2;3;5;7;8,retained_preactivation,1.0,,True,0.1,3867904019.5878205,342602596.5496684,1.1289768549746166,default,,0.1,True,readout_retained,128,0.00,0.00,0.00,1.00,128,2000,16,200,200,0.0,0.0,0.001,1e-05,False,5,5.0,0.0,200,1.0,0.025116,1.1390,0.0146,5,0.008815,nan,models/chua_orig_nint128_bs16_sig0.0_lr1e-03-1e-05_tfp0_ramp200_hLR1_m20_p10_seed9_minsym5_cand1_reducedp3_retained_sync_readout_retained_ga0p1_v1_rseed0.pth
chua_orig_nint128_bs16_sig0.0_lr1e-03-1e-05_tfp0_ramp200_hLR1_m20_p10_seed4_minsym5_cand0_reducedp3_retained_sync_readout_retained_ga0p1_v1_rseed0,20,10,4,4,0,0,10,3,7,5,5,0;1;2;3;4;5;8,retained_preactivation,1.0,,True,0.1,590.7502711065819,21.379960025610814,2.7631027859682677,default,,0.1,True,readout_retained,128,0.00,0.00,0.00,1.00,128,2000,16,200,200,0.0,0.0,0.001,1e-05,False,5,5.0,0.0,200,1.0,0.567810,3.0043,0.0141,3,0.287331,nan,models/chua_orig_nint128_bs16_sig0.0_lr1e-03-1e-05_tfp0_ramp200_hLR1_m20_p10_seed4_minsym5_cand0_reducedp3_retained_sync_readout_retained_ga0p1_v1_rseed0.pth
chua_orig_nint128_bs16_sig0.0_lr1e-03-1e-05_tfp0_ramp200_hLR1_m20_p10_seed2_minsym5_cand0_reducedp3_retained_sync_readout_retained_ga0p1_v1_rseed0,20,10,2,2,0,0,10,3,7,5,5,2;4;5;6;7;8;9,retained_preactivation,1.0,,True,0.1,53801941433.50672,39123732566.18424,0.13751740415486144,default,,0.1,True,readout_retained,128,0.00,0.00,0.00,1.00,128,2000,16,200,200,0.0,0.0,0.001,1e-05,False,5,5.0,0.0,200,1.0,0.014849,1.2342,0.0116,5,0.012598,nan,models/chua_orig_nint128_bs16_sig0.0_lr1e-03-1e-05_tfp0_ramp200_hLR1_m20_p10_seed2_minsym5_cand0_reducedp3_retained_sync_readout_retained_ga0p1_v1_rseed0.pth
chua_orig_nint128_bs16_sig0.0_lr1e-03-1e-05_tfp0_ramp200_hLR1_m20_p10_seed8_minsym5_cand1_reducedp3_retained_sync_readout_retained_ga0p1_v1_rseed0,20,10,8,8,0,1,10,3,7,5,5,0;3;4;6;7;8;9,retained_preactivation,1.0,,True,0.1,474010.18660467624,22454.471217819293,2.1109835186344266,default,,0.1,True,readout_retained,128,0.00,0.00,0.00,1.00,128,2000,16,200,200,0.0,0.0,0.001,1e-05,False,5,5.0,0.0,200,1.0,0.046285,1.2652,0.0068,5,0.015761,nan,models/chua_orig_nint128_bs16_sig0.0_lr1e-03-1e-05_tfp0_ramp200_hLR1_m20_p10_seed8_minsym5_cand1_reducedp3_retained_sync_readout_retained_ga0p1_v1_rseed0.pth
chua_orig_nint128_bs16_sig0.0_lr1e-03-1e-05_tfp0_ramp200_hLR1_m20_p10_seed3_minsym5_cand3_reducedp3_retained_sync_readout_retained_ga0p1_v1_rseed0,20,10,3,3,0,3,10,3,7,5,5,0;1;3;4;6;7;8,retained_preactivation,1.0,,True,0.1,119558.35450523732,3610.253026321355,3.3116336620610927,default,,0.1,True,readout_retained,128,0.00,0.00,0.00,1.00,128,2000,16,200,200,0.0,0.0,0.001,1e-05,False,5,5.0,0.0,200,1.0,0.023757,1.1122,0.0116,4,0.011412,nan,models/chua_orig_nint128_bs16_sig0.0_lr1e-03-1e-05_tfp0_ramp200_hLR1_m20_p10_seed3_minsym5_cand3_reducedp3_retained_sync_readout_retained_ga0p1_v1_rseed0.pth
chua_orig_nint128_bs16_sig0.0_lr1e-03-1e-05_tfp0_ramp200_hLR1_m20_p10_seed14_minsym5_cand0_reducedp3_retained_sync_readout_retained_ga0p1_v1_rseed0,20,10,14,14,0,0,10,3,7,5,5,0;1;2;5;6;7;8,retained_preactivation,1.0,,True,0.1,5657.886569868647,139.5435329315114,4.054567381954937,default,,0.1,True,readout_retained,128,0.00,0.00,0.00,1.00,128,2000,16,200,200,0.0,0.0,0.001,1e-05,False,5,5.0,0.0,200,1.0,0.496213,2.6201,0.0088,1,0.353729,nan,models/chua_orig_nint128_bs16_sig0.0_lr1e-03-1e-05_tfp0_ramp200_hLR1_m20_p10_seed14_minsym5_cand0_reducedp3_retained_sync_readout_retained_ga0p1_v1_rseed0.pth
chua_orig_nint128_bs16_sig0.0_lr1e-03-1e-05_tfp0_ramp200_hLR1_m20_p10_seed6_minsym5_cand2_reducedp4_retained_sync_readout_retained_ga0p1_v1_rseed0,20,10,6,6,0,2,10,4,6,5,5,0;1;2;5;7;9,retained_preactivation,1.0,,True,0.1,870529.2714665027,45904.460641096746,1.8963936386764702,default,,0.1,True,readout_retained,128,0.00,0.00,0.00,1.00,128,2000,16,200,200,0.0,0.0,0.001,1e-05,False,5,5.0,0.0,200,1.0,0.066798,1.6638,0.0059,2,0.021933,nan,models/chua_orig_nint128_bs16_sig0.0_lr1e-03-1e-05_tfp0_ramp200_hLR1_m20_p10_seed6_minsym5_cand2_reducedp4_retained_sync_readout_retained_ga0p1_v1_rseed0.pth
chua_orig_nint128_bs16_sig0.0_lr1e-03-1e-05_tfp0_ramp200_hLR1_m20_p10_seed9_minsym5_cand0_reducedp3_retained_sync_readout_retained_ga0p1_v1_rseed0,20,10,9,9,0,0,10,3,7,5,5,0;1;2;3;5;6;8,retained_preactivation,1.0,,True,0.1,2545606901.4755354,211928013.41376758,1.2011658395086735,default,,0.1,True,readout_retained,128,0.00,0.00,0.00,1.00,128,2000,16,200,200,0.0,0.0,0.001,1e-05,False,5,5.0,0.0,200,1.0,0.017168,1.0896,0.0102,5,0.008364,nan,models/chua_orig_nint128_bs16_sig0.0_lr1e-03-1e-05_tfp0_ramp200_hLR1_m20_p10_seed9_minsym5_cand0_reducedp3_retained_sync_readout_retained_ga0p1_v1_rseed0.pth
chua_orig_nint128_bs16_sig0.0_lr1e-03-1e-05_tfp0_ramp200_hLR1_m20_p10_seed6_minsym5_cand1_reducedp4_retained_sync_readout_retained_ga0p1_v1_rseed0,20,10,6,6,0,1,10,4,6,5,5,0;1;2;4;7;9,retained_preactivation,1.0,,True,0.1,1149481.8474008192,86776.04164024768,1.324653470788966,default,,0.1,True,readout_retained,128,0.00,0.00,0.00,1.00,128,2000,16,200,200,0.0,0.0,0.001,1e-05,False,5,5.0,0.0,200,1.0,0.113022,2.9782,0.0165,2,0.065247,nan,models/chua_orig_nint128_bs16_sig0.0_lr1e-03-1e-05_tfp0_ramp200_hLR1_m20_p10_seed6_minsym5_cand1_reducedp4_retained_sync_readout_retained_ga0p1_v1_rseed0.pth
chua_orig_nint128_bs16_sig0.0_lr1e-03-1e-05_tfp0_ramp200_hLR1_m20_p10_seed6_minsym5_cand0_reducedp4_retained_sync_readout_retained_ga0p1_v1_rseed0,20,10,6,6,0,0,10,4,6,5,5,0;1;2;4;5;9,retained_preactivation,1.0,,True,0.1,16387409.588224247,889609.7687952848,1.8420896625737577,default,,0.1,True,readout_retained,128,0.00,0.00,0.00,1.00,128,2000,16,200,200,0.0,0.0,0.001,1e-05,False,5,5.0,0.0,200,1.0,0.023473,1.3018,0.0072,5,0.015044,nan,models/chua_orig_nint128_bs16_sig0.0_lr1e-03-1e-05_tfp0_ramp200_hLR1_m20_p10_seed6_minsym5_cand0_reducedp4_retained_sync_readout_retained_ga0p1_v1_rseed0.pth
chua_orig_nint128_bs16_sig0.0_lr1e-03-1e-05_tfp0_ramp200_hLR1_m20_p10_seed16_minsym5_cand0_reducedp3_retained_sync_readout_retained_ga0p1_v1_rseed0,20,10,16,16,0,0,10,3,7,5,5,0;1;2;3;4;5;8,retained_preactivation,1.0,,True,0.1,3663.825084525734,141.13234219233843,2.596020889055014,default,,0.1,True,readout_retained,128,0.00,0.00,0.00,1.00,128,2000,16,200,200,0.0,0.0,0.001,1e-05,False,5,5.0,0.0,200,1.0,0.056609,1.2000,0.0137,5,0.021369,nan,models/chua_orig_nint128_bs16_sig0.0_lr1e-03-1e-05_tfp0_ramp200_hLR1_m20_p10_seed16_minsym5_cand0_reducedp3_retained_sync_readout_retained_ga0p1_v1_rseed0.pth
chua_orig_nint128_bs16_sig0.0_lr1e-03-1e-05_tfp0_ramp200_hLR1_m20_p10_seed13_minsym5_cand0_reducedp3_retained_sync_readout_retained_ga0p1_v1_rseed0,20,10,13,13,0,0,10,3,7,5,5,0;1;2;3;5;7;8,retained_preactivation,1.0,,True,0.1,4463030.232956976,197608.92043503502,2.2585165806946557,default,,0.1,True,readout_retained,128,0.00,0.00,0.00,1.00,128,2000,16,200,200,0.0,0.0,0.001,1e-05,False,5,5.0,0.0,200,1.0,81.775711,1.1357,0.0083,5,0.846801,nan,models/chua_orig_nint128_bs16_sig0.0_lr1e-03-1e-05_tfp0_ramp200_hLR1_m20_p10_seed13_minsym5_cand0_reducedp3_retained_sync_readout_retained_ga0p1_v1_rseed0.pth
chua_orig_nint128_bs16_sig0.0_lr1e-03-1e-05_tfp0_ramp200_hLR1_m20_p10_seed17_minsym5_cand0_reducedp3_retained_sync_readout_retained_ga0p1_v1_rseed0,20,10,17,17,0,0,10,3,7,5,5,0;1;2;3;4;6;8,retained_preactivation,1.0,,True,0.1,2824.45871473633,15.533776643809553,18.182691688577474,default,,0.1,True,readout_retained,128,0.00,0.00,0.00,1.00,128,2000,16,200,200,0.0,0.0,0.001,1e-05,False,5,5.0,0.0,200,1.0,0.219743,1.6973,0.0083,4,0.050302,nan,models/chua_orig_nint128_bs16_sig0.0_lr1e-03-1e-05_tfp0_ramp200_hLR1_m20_p10_seed17_minsym5_cand0_reducedp3_retained_sync_readout_retained_ga0p1_v1_rseed0.pth
chua_orig_nint128_bs16_sig0.0_lr1e-03-1e-05_tfp0_ramp200_hLR1_m20_p10_seed7_minsym5_cand3_reducedp3_retained_sync_readout_retained_ga0p1_v1_rseed0,20,10,7,7,0,3,10,3,7,5,5,1;4;5;6;7;8;9,retained_preactivation,1.0,,True,0.1,1025874.4638677775,14011.804329296781,7.321501498010596,default,,0.1,True,readout_retained,128,0.00,0.00,0.00,1.00,128,2000,16,200,200,0.0,0.0,0.001,1e-05,False,5,5.0,0.0,200,1.0,0.063629,1.8369,0.0091,5,0.030103,nan,models/chua_orig_nint128_bs16_sig0.0_lr1e-03-1e-05_tfp0_ramp200_hLR1_m20_p10_seed7_minsym5_cand3_reducedp3_retained_sync_readout_retained_ga0p1_v1_rseed0.pth
chua_orig_nint128_bs16_sig0.0_lr1e-03-1e-05_tfp0_ramp200_hLR1_m20_p10_seed18_minsym5_cand1_reducedp3_retained_sync_readout_retained_ga0p1_v1_rseed0,20,10,18,18,0,1,10,3,7,5,5,0;1;2;3;4;5;9,retained_preactivation,1.0,,True,0.1,1162177901.3642838,85123605.54620585,1.3652827484303909,default,,0.1,True,readout_retained,128,0.00,0.00,0.00,1.00,128,2000,16,200,200,0.0,0.0,0.001,1e-05,False,5,5.0,0.0,200,1.0,0.036705,1.1914,0.0095,4,0.023812,nan,models/chua_orig_nint128_bs16_sig0.0_lr1e-03-1e-05_tfp0_ramp200_hLR1_m20_p10_seed18_minsym5_cand1_reducedp3_retained_sync_readout_retained_ga0p1_v1_rseed0.pth
chua_orig_nint128_bs16_sig0.0_lr1e-03-1e-05_tfp0_ramp200_hLR1_m20_p10_seed20_minsym5_cand0_reducedp3_retained_sync_readout_retained_ga0p1_v1_rseed0,20,10,20,20,0,0,10,3,7,5,5,0;1;2;3;5;7;8,retained_preactivation,1.0,,True,0.1,246728015.28332654,1322304.6400463094,18.658938932157547,default,,0.1,True,readout_retained,128,0.00,0.00,0.00,1.00,128,2000,16,200,200,0.0,0.0,0.001,1e-05,False,5,5.0,0.0,200,1.0,0.025446,1.2195,0.0145,5,0.008525,nan,models/chua_orig_nint128_bs16_sig0.0_lr1e-03-1e-05_tfp0_ramp200_hLR1_m20_p10_seed20_minsym5_cand0_reducedp3_retained_sync_readout_retained_ga0p1_v1_rseed0.pth
chua_orig_nint128_bs16_sig0.0_lr1e-03-1e-05_tfp0_ramp200_hLR1_m20_p10_seed18_minsym5_cand0_reducedp3_retained_sync_readout_retained_ga0p1_v1_rseed0,20,10,18,18,0,0,10,3,7,5,5,0;1;2;3;4;5;7,retained_preactivation,1.0,,True,0.1,563841196.2194911,94173676.72480543,0.5987248409841206,default,,0.1,True,readout_retained,128,0.00,0.00,0.00,1.00,128,2000,16,200,200,0.0,0.0,0.001,1e-05,False,5,5.0,0.0,200,1.0,0.032686,1.2053,0.0165,5,0.026412,nan,models/chua_orig_nint128_bs16_sig0.0_lr1e-03-1e-05_tfp0_ramp200_hLR1_m20_p10_seed18_minsym5_cand0_reducedp3_retained_sync_readout_retained_ga0p1_v1_rseed0.pth
chua_orig_nint128_bs16_sig0.0_lr1e-03-1e-05_tfp0_ramp200_hLR1_m20_p10_seed13_minsym5_cand1_reducedp3_retained_sync_readout_retained_ga0p1_v1_rseed0,20,10,13,13,0,1,10,3,7,5,5,0;1;2;5;7;8;9,retained_preactivation,1.0,,True,0.1,5470248.385848672,25008.417011828238,21.873629119593645,default,,0.1,True,readout_retained,128,0.00,0.00,0.00,1.00,128,2000,16,200,200,0.0,0.0,0.001,1e-05,False,5,5.0,0.0,200,1.0,0.226831,2.1504,0.0182,4,0.065628,nan,models/chua_orig_nint128_bs16_sig0.0_lr1e-03-1e-05_tfp0_ramp200_hLR1_m20_p10_seed13_minsym5_cand1_reducedp3_retained_sync_readout_retained_ga0p1_v1_rseed0.pth
chua_orig_nint128_bs16_sig0.0_lr1e-03-1e-05_tfp0_ramp200_hLR1_m20_p10_seed22_minsym5_cand0_reducedp3_retained_sync_readout_retained_ga0p1_v1_rseed0,20,10,22,22,0,0,10,3,7,5,5,0;2;3;4;5;7;8,retained_preactivation,1.0,,True,0.1,2741.7746533951326,226.3079032863054,1.2115240402923366,default,,0.1,True,readout_retained,128,0.00,0.00,0.00,1.00,128,2000,16,200,200,0.0,0.0,0.001,1e-05,False,5,5.0,0.0,200,1.0,0.290129,4.4198,0.0147,2,0.180595,nan,models/chua_orig_nint128_bs16_sig0.0_lr1e-03-1e-05_tfp0_ramp200_hLR1_m20_p10_seed22_minsym5_cand0_reducedp3_retained_sync_readout_retained_ga0p1_v1_rseed0.pth
chua_orig_nint128_bs16_sig0.0_lr1e-03-1e-05_tfp0_ramp200_hLR1_m20_p10_seed23_minsym5_cand0_reducedp3_retained_sync_readout_retained_ga0p1_v1_rseed0,20,10,23,23,0,0,10,3,7,5,5,0;1;3;4;6;7;9,retained_preactivation,1.0,,True,0.1,7261.762096764118,248.62820473931458,2.920731420788728,default,,0.1,True,readout_retained,128,0.00,0.00,0.00,1.00,128,2000,16,200,200,0.0,0.0,0.001,1e-05,False,5,5.0,0.0,200,1.0,342757141786642618785367851008.000000,1.9484,0.0145,3,9065143244888124758058598400.000000,nan,models/chua_orig_nint128_bs16_sig0.0_lr1e-03-1e-05_tfp0_ramp200_hLR1_m20_p10_seed23_minsym5_cand0_reducedp3_retained_sync_readout_retained_ga0p1_v1_rseed0.pth
chua_orig_nint128_bs16_sig0.0_lr1e-03-1e-05_tfp0_ramp200_hLR1_m20_p10_seed9_minsym5_cand2_reducedp3_retained_sync_readout_retained_ga0p1_v1_rseed0,20,10,9,9,0,2,10,3,7,5,5,0;2;3;5;6;7;8,retained_preactivation,1.0,,True,0.1,14517685393.292498,488994711.8574902,2.9688839247659287,default,,0.1,True,readout_retained,128,0.00,0.00,0.00,1.00,128,2000,16,200,200,0.0,0.0,0.001,1e-05,False,5,5.0,0.0,200,1.0,0.029450,1.1973,0.0159,4,0.010234,nan,models/chua_orig_nint128_bs16_sig0.0_lr1e-03-1e-05_tfp0_ramp200_hLR1_m20_p10_seed9_minsym5_cand2_reducedp3_retained_sync_readout_retained_ga0p1_v1_rseed0.pth
chua_orig_nint128_bs16_sig0.0_lr1e-03-1e-05_tfp0_ramp200_hLR1_m20_p10_seed11_minsym5_cand2_reducedp3_retained_sync_readout_retained_ga0p1_v1_rseed0,20,10,11,11,0,2,10,3,7,5,5,0;1;4;5;6;7;9,retained_preactivation,1.0,,True,0.1,829.3416557916587,35.90606535356951,2.309753651994589,default,,0.1,True,readout_retained,128,0.00,0.00,0.00,1.00,128,2000,16,200,200,0.0,0.0,0.001,1e-05,False,5,5.0,0.0,200,1.0,0.066839,1.2784,0.0100,5,0.036411,nan,models/chua_orig_nint128_bs16_sig0.0_lr1e-03-1e-05_tfp0_ramp200_hLR1_m20_p10_seed11_minsym5_cand2_reducedp3_retained_sync_readout_retained_ga0p1_v1_rseed0.pth
chua_orig_nint128_bs16_sig0.0_lr1e-03-1e-05_tfp0_ramp200_hLR1_m20_p10_seed15_minsym5_cand1_reducedp3_retained_sync_readout_retained_ga0p1_v1_rseed0,20,10,15,15,0,1,10,3,7,5,5,0;2;3;5;6;7;9,retained_preactivation,1.0,,True,0.1,17387.543961123432,293.72807410691047,5.919605748953604,default,,0.1,True,readout_retained,128,0.00,0.00,0.00,1.00,128,2000,16,200,200,0.0,0.0,0.001,1e-05,False,5,5.0,0.0,200,1.0,0.053427,1.2903,0.0070,5,0.014897,nan,models/chua_orig_nint128_bs16_sig0.0_lr1e-03-1e-05_tfp0_ramp200_hLR1_m20_p10_seed15_minsym5_cand1_reducedp3_retained_sync_readout_retained_ga0p1_v1_rseed0.pth
chua_orig_nint128_bs16_sig0.0_lr1e-03-1e-05_tfp0_ramp200_hLR1_m20_p10_seed17_minsym5_cand1_reducedp3_retained_sync_readout_retained_ga0p1_v1_rseed0,20,10,17,17,0,1,10,3,7,5,5,0;1;2;3;4;8;9,retained_preactivation,1.0,,True,0.1,3309.394775672736,103.18526544583268,3.2072358019081495,default,,0.1,True,readout_retained,128,0.00,0.00,0.00,1.00,128,2000,16,200,200,0.0,0.0,0.001,1e-05,False,5,5.0,0.0,200,1.0,0.051191,1.3123,0.0112,5,0.022632,nan,models/chua_orig_nint128_bs16_sig0.0_lr1e-03-1e-05_tfp0_ramp200_hLR1_m20_p10_seed17_minsym5_cand1_reducedp3_retained_sync_readout_retained_ga0p1_v1_rseed0.pth
chua_orig_nint128_bs16_sig0.0_lr1e-03-1e-05_tfp0_ramp200_hLR1_m20_p10_seed10_minsym5_cand2_reducedp3_retained_sync_readout_retained_ga0p1_v1_rseed0,20,10,10,10,0,2,10,3,7,5,5,0;1;2;4;5;7;8,retained_preactivation,1.0,,True,0.1,4076.7524835952454,242.5213037315936,1.6809873693022477,default,,0.1,True,readout_retained,128,0.00,0.00,0.00,1.00,128,2000,16,200,200,0.0,0.0,0.001,1e-05,False,5,5.0,0.0,200,1.0,0.047390,1.1868,0.0087,4,0.023357,nan,models/chua_orig_nint128_bs16_sig0.0_lr1e-03-1e-05_tfp0_ramp200_hLR1_m20_p10_seed10_minsym5_cand2_reducedp3_retained_sync_readout_retained_ga0p1_v1_rseed0.pth
chua_orig_nint128_bs16_sig0.0_lr1e-03-1e-05_tfp0_ramp200_hLR1_m20_p10_seed24_minsym5_cand0_reducedp3_retained_sync_readout_retained_ga0p1_v1_rseed0,20,10,24,24,0,0,10,3,7,5,5,0;1;2;3;5;6;9,retained_preactivation,1.0,,True,0.1,3737.119315896938,59.329220825716405,6.298952293465838,default,,0.1,True,readout_retained,128,0.00,0.00,0.00,1.00,128,2000,16,200,200,0.0,0.0,0.001,1e-05,False,5,5.0,0.0,200,1.0,973.056702,1.2129,0.0064,5,5.192491,nan,models/chua_orig_nint128_bs16_sig0.0_lr1e-03-1e-05_tfp0_ramp200_hLR1_m20_p10_seed24_minsym5_cand0_reducedp3_retained_sync_readout_retained_ga0p1_v1_rseed0.pth
chua_orig_nint128_bs16_sig0.0_lr1e-03-1e-05_tfp0_ramp200_hLR1_m20_p10_seed21_minsym5_cand0_reducedp3_retained_sync_readout_retained_ga0p1_v1_rseed0,20,10,21,21,0,0,10,3,7,5,5,0;1;3;4;5;6;8,retained_preactivation,1.0,,True,0.1,539651.3551840669,43873.356276902276,1.23002067992727,default,,0.1,True,readout_retained,128,0.00,0.00,0.00,1.00,128,2000,16,200,200,0.0,0.0,0.001,1e-05,False,5,5.0,0.0,200,1.0,0.054679,1.2838,0.0054,4,0.025521,nan,models/chua_orig_nint128_bs16_sig0.0_lr1e-03-1e-05_tfp0_ramp200_hLR1_m20_p10_seed21_minsym5_cand0_reducedp3_retained_sync_readout_retained_ga0p1_v1_rseed0.pth
chua_orig_nint128_bs16_sig0.0_lr1e-03-1e-05_tfp0_ramp200_hLR1_m20_p10_seed14_minsym5_cand1_reducedp3_retained_sync_readout_retained_ga0p1_v1_rseed0,20,10,14,14,0,1,10,3,7,5,5,0;1;2;5;6;7;9,retained_preactivation,1.0,,True,0.1,5889.085641039702,106.45341654930353,5.532077627881617,default,,0.1,True,readout_retained,128,0.00,0.00,0.00,1.00,128,2000,16,200,200,0.0,0.0,0.001,1e-05,False,5,5.0,0.0,200,1.0,0.033412,1.1285,0.0111,5,0.011790,nan,models/chua_orig_nint128_bs16_sig0.0_lr1e-03-1e-05_tfp0_ramp200_hLR1_m20_p10_seed14_minsym5_cand1_reducedp3_retained_sync_readout_retained_ga0p1_v1_rseed0.pth
chua_orig_nint128_bs16_sig0.0_lr1e-03-1e-05_tfp0_ramp200_hLR1_m20_p10_seed16_minsym5_cand1_reducedp3_retained_sync_readout_retained_ga0p1_v1_rseed0,20,10,16,16,0,1,10,3,7,5,5,0;1;2;3;4;7;8,retained_preactivation,1.0,,True,0.1,2103.2176428332377,144.14439633447049,1.459104686909194,default,,0.1,True,readout_retained,128,0.00,0.00,0.00,1.00,128,2000,16,200,200,0.0,0.0,0.001,1e-05,False,5,5.0,0.0,200,1.0,0.031382,1.2179,0.0119,5,0.015355,nan,models/chua_orig_nint128_bs16_sig0.0_lr1e-03-1e-05_tfp0_ramp200_hLR1_m20_p10_seed16_minsym5_cand1_reducedp3_retained_sync_readout_retained_ga0p1_v1_rseed0.pth
chua_orig_nint128_bs16_sig0.0_lr1e-03-1e-05_tfp0_ramp200_hLR1_m20_p10_seed25_minsym5_cand0_reducedp3_retained_sync_readout_retained_ga0p1_v1_rseed0,20,10,25,25,0,0,10,3,7,5,5,0;1;2;3;4;5;8,retained_preactivation,1.0,,True,0.1,27886.763620936727,1220.229619064456,2.2853701619140625,default,,0.1,True,readout_retained,128,0.00,0.00,0.00,1.00,128,2000,16,200,200,0.0,0.0,0.001,1e-05,False,5,5.0,0.0,200,1.0,0.029974,1.0808,0.0102,5,0.015605,nan,models/chua_orig_nint128_bs16_sig0.0_lr1e-03-1e-05_tfp0_ramp200_hLR1_m20_p10_seed25_minsym5_cand0_reducedp3_retained_sync_readout_retained_ga0p1_v1_rseed0.pth
chua_orig_nint128_bs16_sig0.0_lr1e-03-1e-05_tfp0_ramp200_hLR1_m20_p10_seed6_minsym5_cand3_reducedp4_retained_sync_readout_retained_ga0p1_v1_rseed0,20,10,6,6,0,3,10,4,6,5,5,0;1;4;5;8;9,retained_preactivation,1.0,,True,0.1,112907.80947303867,2108.1951932058496,5.3556620296313335,default,,0.1,True,readout_retained,128,0.00,0.00,0.00,1.00,128,2000,16,200,200,0.0,0.0,0.001,1e-05,False,5,5.0,0.0,200,1.0,0.043218,1.3920,0.0107,3,0.017855,nan,models/chua_orig_nint128_bs16_sig0.0_lr1e-03-1e-05_tfp0_ramp200_hLR1_m20_p10_seed6_minsym5_cand3_reducedp4_retained_sync_readout_retained_ga0p1_v1_rseed0.pth
chua_orig_nint128_bs16_sig0.0_lr1e-03-1e-05_tfp0_ramp200_hLR1_m20_p10_seed29_minsym5_cand0_reducedp3_retained_sync_readout_retained_ga0p1_v1_rseed0,20,10,29,29,0,0,10,3,7,5,5,0;1;2;3;5;8;9,retained_preactivation,1.0,,True,0.1,1009.5674661705378,25.929411102504442,3.8935225415628048,default,,0.1,True,readout_retained,128,0.00,0.00,0.00,1.00,128,2000,16,200,200,0.0,0.0,0.001,1e-05,False,5,5.0,0.0,200,1.0,0.041048,1.1782,0.0085,5,0.013727,nan,models/chua_orig_nint128_bs16_sig0.0_lr1e-03-1e-05_tfp0_ramp200_hLR1_m20_p10_seed29_minsym5_cand0_reducedp3_retained_sync_readout_retained_ga0p1_v1_rseed0.pth
chua_orig_nint128_bs16_sig0.0_lr1e-03-1e-05_tfp0_ramp200_hLR1_m20_p10_seed26_minsym5_cand0_reducedp3_retained_sync_readout_retained_ga0p1_v1_rseed0,20,10,26,26,0,0,10,3,7,5,5,0;1;2;4;5;7;9,retained_preactivation,1.0,,True,0.1,22097977.50353964,1428521.9552082494,1.5469119969050953,default,,0.1,True,readout_retained,128,0.00,0.00,0.00,1.00,128,2000,16,200,200,0.0,0.0,0.001,1e-05,False,5,5.0,0.0,200,1.0,0.022135,1.1960,0.0115,5,0.013762,nan,models/chua_orig_nint128_bs16_sig0.0_lr1e-03-1e-05_tfp0_ramp200_hLR1_m20_p10_seed26_minsym5_cand0_reducedp3_retained_sync_readout_retained_ga0p1_v1_rseed0.pth
chua_orig_nint128_bs16_sig0.0_lr1e-03-1e-05_tfp0_ramp200_hLR1_m20_p10_seed27_minsym5_cand0_reducedp3_retained_sync_readout_retained_ga0p1_v1_rseed0,20,10,27,27,0,0,10,3,7,5,5,1;2;3;4;5;6;7,retained_preactivation,1.0,,True,0.1,1605.9943814114047,93.77266360173867,1.7126466495952348,default,,0.1,True,readout_retained,128,0.00,0.00,0.00,1.00,128,2000,16,200,200,0.0,0.0,0.001,1e-05,False,5,5.0,0.0,200,1.0,0.052452,1.2278,0.0126,5,0.024583,nan,models/chua_orig_nint128_bs16_sig0.0_lr1e-03-1e-05_tfp0_ramp200_hLR1_m20_p10_seed27_minsym5_cand0_reducedp3_retained_sync_readout_retained_ga0p1_v1_rseed0.pth
chua_orig_nint128_bs16_sig0.0_lr1e-03-1e-05_tfp0_ramp200_hLR1_m20_p10_seed18_minsym5_cand2_reducedp3_retained_sync_readout_retained_ga0p1_v1_rseed0,20,10,18,18,0,2,10,3,7,5,5,0;1;2;3;4;6;7,retained_preactivation,1.0,,True,0.1,3214328.105905805,165318.737381762,1.9443217125976007,default,,0.1,True,readout_retained,128,0.00,0.00,0.00,1.00,128,2000,16,200,200,0.0,0.0,0.001,1e-05,False,5,5.0,0.0,200,1.0,0.035818,1.2165,0.0100,4,0.019998,nan,models/chua_orig_nint128_bs16_sig0.0_lr1e-03-1e-05_tfp0_ramp200_hLR1_m20_p10_seed18_minsym5_cand2_reducedp3_retained_sync_readout_retained_ga0p1_v1_rseed0.pth
chua_orig_nint128_bs16_sig0.0_lr1e-03-1e-05_tfp0_ramp200_hLR1_m20_p10_seed21_minsym5_cand1_reducedp3_retained_sync_readout_retained_ga0p1_v1_rseed0,20,10,21,21,0,1,10,3,7,5,5,0;1;3;4;5;8;9,retained_preactivation,1.0,,True,0.1,187514.72629103027,22023.721526458692,0.8514216185750226,default,,0.1,True,readout_retained,128,0.00,0.00,0.00,1.00,128,2000,16,200,200,0.0,0.0,0.001,1e-05,False,5,5.0,0.0,200,1.0,0.037076,1.1974,0.0071,5,0.023447,nan,models/chua_orig_nint128_bs16_sig0.0_lr1e-03-1e-05_tfp0_ramp200_hLR1_m20_p10_seed21_minsym5_cand1_reducedp3_retained_sync_readout_retained_ga0p1_v1_rseed0.pth
chua_orig_nint128_bs16_sig0.0_lr1e-03-1e-05_tfp0_ramp200_hLR1_m20_p10_seed20_minsym5_cand1_reducedp3_retained_sync_readout_retained_ga0p1_v1_rseed0,20,10,20,20,0,1,10,3,7,5,5,0;1;3;4;5;7;8,retained_preactivation,1.0,,True,0.1,117698.86338873456,3558.114040800793,3.3079002538728384,default,,0.1,True,readout_retained,128,0.00,0.00,0.00,1.00,128,2000,16,200,200,0.0,0.0,0.001,1e-05,False,5,5.0,0.0,200,1.0,0.018228,1.2331,0.0128,3,0.007948,nan,models/chua_orig_nint128_bs16_sig0.0_lr1e-03-1e-05_tfp0_ramp200_hLR1_m20_p10_seed20_minsym5_cand1_reducedp3_retained_sync_readout_retained_ga0p1_v1_rseed0.pth
chua_orig_nint128_bs16_sig0.0_lr1e-03-1e-05_tfp0_ramp200_hLR1_m20_p10_seed28_minsym5_cand0_reducedp3_retained_sync_readout_retained_ga0p1_v1_rseed0,20,10,28,28,0,0,10,3,7,5,5,0;1;2;3;5;6;9,retained_preactivation,1.0,,True,0.1,528.6487233090136,12.35561374382646,4.278611603354084,default,,0.1,True,readout_retained,128,0.00,0.00,0.00,1.00,128,2000,16,200,200,0.0,0.0,0.001,1e-05,False,5,5.0,0.0,200,1.0,0.052182,1.1707,0.0093,5,0.028913,nan,models/chua_orig_nint128_bs16_sig0.0_lr1e-03-1e-05_tfp0_ramp200_hLR1_m20_p10_seed28_minsym5_cand0_reducedp3_retained_sync_readout_retained_ga0p1_v1_rseed0.pth
chua_orig_nint128_bs16_sig0.0_lr1e-03-1e-05_tfp0_ramp200_hLR1_m20_p10_seed13_minsym5_cand2_reducedp3_retained_sync_readout_retained_ga0p1_v1_rseed0,20,10,13,13,0,2,10,3,7,5,5,0;1;3;5;7;8;9,retained_preactivation,1.0,,True,0.1,3928066.5982785984,78687.50546941998,4.9919826214406395,default,,0.1,True,readout_retained,128,0.00,0.00,0.00,1.00,128,2000,16,200,200,0.0,0.0,0.001,1e-05,False,5,5.0,0.0,200,1.0,0.028864,1.2128,0.0105,5,0.010859,nan,models/chua_orig_nint128_bs16_sig0.0_lr1e-03-1e-05_tfp0_ramp200_hLR1_m20_p10_seed13_minsym5_cand2_reducedp3_retained_sync_readout_retained_ga0p1_v1_rseed0.pth
chua_orig_nint128_bs16_sig0.0_lr1e-03-1e-05_tfp0_ramp200_hLR1_m20_p10_seed9_minsym5_cand3_reducedp3_retained_sync_readout_retained_ga0p1_v1_rseed0,20,10,9,9,0,3,10,3,7,5,5,1;2;3;5;6;7;8,retained_preactivation,1.0,,True,0.1,2505301424.6425505,272915717.689105,0.9179762330495355,default,,0.1,True,readout_retained,128,0.00,0.00,0.00,1.00,128,2000,16,200,200,0.0,0.0,0.001,1e-05,False,5,5.0,0.0,200,1.0,0.102840,1.2469,0.0073,3,0.024317,nan,models/chua_orig_nint128_bs16_sig0.0_lr1e-03-1e-05_tfp0_ramp200_hLR1_m20_p10_seed9_minsym5_cand3_reducedp3_retained_sync_readout_retained_ga0p1_v1_rseed0.pth
chua_orig_nint128_bs16_sig0.0_lr1e-03-1e-05_tfp0_ramp200_hLR1_m20_p10_seed17_minsym5_cand2_reducedp3_retained_sync_readout_retained_ga0p1_v1_rseed0,20,10,17,17,0,2,10,3,7,5,5,0;2;3;4;6;7;8,retained_preactivation,1.0,,True,0.1,2821.982356761821,52.82096218955936,5.342542505444104,default,,0.1,True,readout_retained,128,0.00,0.00,0.00,1.00,128,2000,16,200,200,0.0,0.0,0.001,1e-05,False,5,5.0,0.0,200,1.0,0.047339,1.1067,0.0064,5,0.015375,nan,models/chua_orig_nint128_bs16_sig0.0_lr1e-03-1e-05_tfp0_ramp200_hLR1_m20_p10_seed17_minsym5_cand2_reducedp3_retained_sync_readout_retained_ga0p1_v1_rseed0.pth
chua_orig_nint128_bs16_sig0.0_lr1e-03-1e-05_tfp0_ramp200_hLR1_m20_p10_seed22_minsym5_cand1_reducedp3_retained_sync_readout_retained_ga0p1_v1_rseed0,20,10,22,22,0,1,10,3,7,5,5,0;2;3;4;5;8;9,retained_preactivation,1.0,,True,0.1,4910.296439625616,391.0377770635726,1.2557089692199523,default,,0.1,True,readout_retained,128,0.00,0.00,0.00,1.00,128,2000,16,200,200,0.0,0.0,0.001,1e-05,False,5,5.0,0.0,200,1.0,0.028978,1.3395,0.0083,5,0.017798,nan,models/chua_orig_nint128_bs16_sig0.0_lr1e-03-1e-05_tfp0_ramp200_hLR1_m20_p10_seed22_minsym5_cand1_reducedp3_retained_sync_readout_retained_ga0p1_v1_rseed0.pth
chua_orig_nint128_bs16_sig0.0_lr1e-03-1e-05_tfp0_ramp200_hLR1_m20_p10_seed10_minsym5_cand3_reducedp3_retained_sync_readout_retained_ga0p1_v1_rseed0,20,10,10,10,0,3,10,3,7,5,5,0;1;2;4;6;7;8,retained_preactivation,1.0,,True,0.1,6337.954761790274,213.71038258473013,2.965674706645301,default,,0.1,True,readout_retained,128,0.00,0.00,0.00,1.00,128,2000,16,200,200,0.0,0.0,0.001,1e-05,False,5,5.0,0.0,200,1.0,0.033191,1.1193,0.0087,5,0.018992,nan,models/chua_orig_nint128_bs16_sig0.0_lr1e-03-1e-05_tfp0_ramp200_hLR1_m20_p10_seed10_minsym5_cand3_reducedp3_retained_sync_readout_retained_ga0p1_v1_rseed0.pth
chua_orig_nint128_bs16_sig0.0_lr1e-03-1e-05_tfp0_ramp200_hLR1_m20_p10_seed23_minsym5_cand1_reducedp3_retained_sync_readout_retained_ga0p1_v1_rseed0,20,10,23,23,0,1,10,3,7,5,5,0;1;3;5;6;7;9,retained_preactivation,1.0,,True,0.1,514.2261631568351,100.890310115952,0.5096883561620895,default,,0.1,True,readout_retained,128,0.00,0.00,0.00,1.00,128,2000,16,200,200,0.0,0.0,0.001,1e-05,False,5,5.0,0.0,200,1.0,0.015973,1.1169,0.0079,4,0.011055,nan,models/chua_orig_nint128_bs16_sig0.0_lr1e-03-1e-05_tfp0_ramp200_hLR1_m20_p10_seed23_minsym5_cand1_reducedp3_retained_sync_readout_retained_ga0p1_v1_rseed0.pth
chua_orig_nint128_bs16_sig0.0_lr1e-03-1e-05_tfp0_ramp200_hLR1_m20_p10_seed14_minsym5_cand2_reducedp3_retained_sync_readout_retained_ga0p1_v1_rseed0,20,10,14,14,0,2,10,3,7,5,5,0;1;2;5;6;8;9,retained_preactivation,1.0,,True,0.1,5614.032686046636,89.09951644749121,6.300856514025052,default,,0.1,True,readout_retained,128,0.00,0.00,0.00,1.00,128,2000,16,200,200,0.0,0.0,0.001,1e-05,False,5,5.0,0.0,200,1.0,0.024218,1.1952,0.0181,5,0.007193,nan,models/chua_orig_nint128_bs16_sig0.0_lr1e-03-1e-05_tfp0_ramp200_hLR1_m20_p10_seed14_minsym5_cand2_reducedp3_retained_sync_readout_retained_ga0p1_v1_rseed0.pth
chua_orig_nint128_bs16_sig0.0_lr1e-03-1e-05_tfp0_ramp200_hLR1_m20_p10_seed26_minsym5_cand1_reducedp3_retained_sync_readout_retained_ga0p1_v1_rseed0,20,10,26,26,0,1,10,3,7,5,5,0;1;2;4;7;8;9,retained_preactivation,1.0,,True,0.1,328921222.4284248,10444820.203902029,3.149132450413505,default,,0.1,True,readout_retained,128,0.00,0.00,0.00,1.00,128,2000,16,200,200,0.0,0.0,0.001,1e-05,False,5,5.0,0.0,200,1.0,0.030669,1.1555,0.0222,5,0.014147,nan,models/chua_orig_nint128_bs16_sig0.0_lr1e-03-1e-05_tfp0_ramp200_hLR1_m20_p10_seed26_minsym5_cand1_reducedp3_retained_sync_readout_retained_ga0p1_v1_rseed0.pth
chua_orig_nint128_bs16_sig0.0_lr1e-03-1e-05_tfp0_ramp200_hLR1_m20_p10_seed11_minsym5_cand3_reducedp3_retained_sync_readout_retained_ga0p1_v1_rseed0,20,10,11,11,0,3,10,3,7,5,5,0;3;4;5;6;8;9,retained_preactivation,1.0,,True,0.1,4059.8120184313952,8.311291183688635,48.846947227628256,default,,0.1,True,readout_retained,128,0.00,0.00,0.00,1.00,128,2000,16,200,200,0.0,0.0,0.001,1e-05,False,5,5.0,0.0,200,1.0,0.285810,2.3375,0.0085,4,0.064332,nan,models/chua_orig_nint128_bs16_sig0.0_lr1e-03-1e-05_tfp0_ramp200_hLR1_m20_p10_seed11_minsym5_cand3_reducedp3_retained_sync_readout_retained_ga0p1_v1_rseed0.pth
chua_orig_nint128_bs16_sig0.0_lr1e-03-1e-05_tfp0_ramp200_hLR1_m20_p10_seed24_minsym5_cand1_reducedp3_retained_sync_readout_retained_ga0p1_v1_rseed0,20,10,24,24,0,1,10,3,7,5,5,0;1;2;3;5;8;9,retained_preactivation,1.0,,True,0.1,2361.620319028865,48.75874657050225,4.843480370468618,default,,0.1,True,readout_retained,128,0.00,0.00,0.00,1.00,128,2000,16,200,200,0.0,0.0,0.001,1e-05,False,5,5.0,0.0,200,1.0,1187192631133741252608.000000,1.1680,0.0148,5,6043887874535849984.000000,nan,models/chua_orig_nint128_bs16_sig0.0_lr1e-03-1e-05_tfp0_ramp200_hLR1_m20_p10_seed24_minsym5_cand1_reducedp3_retained_sync_readout_retained_ga0p1_v1_rseed0.pth
chua_orig_nint128_bs16_sig0.0_lr1e-03-1e-05_tfp0_ramp200_hLR1_m20_p10_seed29_minsym5_cand1_reducedp3_retained_sync_readout_retained_ga0p1_v1_rseed0,20,10,29,29,0,1,10,3,7,5,5,0;1;2;3;6;8;9,retained_preactivation,1.0,,True,0.1,11460.466128172973,2429.616380389994,0.4716985866852516,default,,0.1,True,readout_retained,128,0.00,0.00,0.00,1.00,128,2000,16,200,200,0.0,0.0,0.001,1e-05,False,5,5.0,0.0,200,1.0,0.012227,1.1433,0.0146,5,0.008706,nan,models/chua_orig_nint128_bs16_sig0.0_lr1e-03-1e-05_tfp0_ramp200_hLR1_m20_p10_seed29_minsym5_cand1_reducedp3_retained_sync_readout_retained_ga0p1_v1_rseed0.pth
chua_orig_nint128_bs16_sig0.0_lr1e-03-1e-05_tfp0_ramp200_hLR1_m20_p10_seed23_minsym5_cand2_reducedp3_retained_sync_readout_retained_ga0p1_v1_rseed0,20,10,23,23,0,2,10,3,7,5,5,0;1;4;5;6;7;9,retained_preactivation,1.0,,True,0.1,25387.966755925925,1538.6277914001,1.6500395285869436,default,,0.1,True,readout_retained,128,0.00,0.00,0.00,1.00,128,2000,16,200,200,0.0,0.0,0.001,1e-05,False,5,5.0,0.0,200,1.0,0.044949,1.3416,0.0094,4,0.019582,nan,models/chua_orig_nint128_bs16_sig0.0_lr1e-03-1e-05_tfp0_ramp200_hLR1_m20_p10_seed23_minsym5_cand2_reducedp3_retained_sync_readout_retained_ga0p1_v1_rseed0.pth
chua_orig_nint128_bs16_sig0.0_lr1e-03-1e-05_tfp0_ramp200_hLR1_m20_p10_seed28_minsym5_cand1_reducedp3_retained_sync_readout_retained_ga0p1_v1_rseed0,20,10,28,28,0,1,10,3,7,5,5,0;1;2;3;6;7;9,retained_preactivation,1.0,,True,0.1,2704.5041423983807,10.997326612725164,24.592378108227816,default,,0.1,True,readout_retained,128,0.00,0.00,0.00,1.00,128,2000,16,200,200,0.0,0.0,0.001,1e-05,False,5,5.0,0.0,200,1.0,0.292977,1.7472,0.0107,4,0.039407,nan,models/chua_orig_nint128_bs16_sig0.0_lr1e-03-1e-05_tfp0_ramp200_hLR1_m20_p10_seed28_minsym5_cand1_reducedp3_retained_sync_readout_retained_ga0p1_v1_rseed0.pth
chua_orig_nint128_bs16_sig0.0_lr1e-03-1e-05_tfp0_ramp200_hLR1_m20_p10_seed15_minsym5_cand3_reducedp3_retained_sync_readout_retained_ga0p1_v1_rseed0,20,10,15,15,0,3,10,3,7,5,5,0;2;3;5;7;8;9,retained_preactivation,1.0,,True,0.1,19742.34991078823,408.2561389020034,4.835775394311236,default,,0.1,True,readout_retained,128,0.00,0.00,0.00,1.00,128,2000,16,200,200,0.0,0.0,0.001,1e-05,False,5,5.0,0.0,200,1.0,0.486845,2.9542,0.0133,2,0.291553,nan,models/chua_orig_nint128_bs16_sig0.0_lr1e-03-1e-05_tfp0_ramp200_hLR1_m20_p10_seed15_minsym5_cand3_reducedp3_retained_sync_readout_retained_ga0p1_v1_rseed0.pth
chua_orig_nint128_bs16_sig0.0_lr1e-03-1e-05_tfp0_ramp200_hLR1_m20_p10_seed15_minsym5_cand2_reducedp3_retained_sync_readout_retained_ga0p1_v1_rseed0,20,10,15,15,0,2,10,3,7,5,5,0;2;3;5;6;8;9,retained_preactivation,1.0,,True,0.1,43689.30944410915,2334.564792631829,1.8714113046679162,default,,0.1,True,readout_retained,128,0.00,0.00,0.00,1.00,128,2000,16,200,200,0.0,0.0,0.001,1e-05,False,5,5.0,0.0,200,1.0,6526002072823367353761792.000000,1.3264,0.0116,5,97385946428650662395904.000000,nan,models/chua_orig_nint128_bs16_sig0.0_lr1e-03-1e-05_tfp0_ramp200_hLR1_m20_p10_seed15_minsym5_cand2_reducedp3_retained_sync_readout_retained_ga0p1_v1_rseed0.pth
chua_orig_nint128_bs16_sig0.0_lr1e-03-1e-05_tfp0_ramp200_hLR1_m20_p10_seed13_minsym5_cand3_reducedp3_retained_sync_readout_retained_ga0p1_v1_rseed0,20,10,13,13,0,3,10,3,7,5,5,0;2;3;5;6;7;8,retained_preactivation,1.0,,True,0.1,29010170.12980765,3141874.8618644886,0.9233394519281425,default,,0.1,True,readout_retained,128,0.00,0.00,0.00,1.00,128,2000,16,200,200,0.0,0.0,0.001,1e-05,False,5,5.0,0.0,200,1.0,0.022966,1.1737,0.0088,5,0.017555,nan,models/chua_orig_nint128_bs16_sig0.0_lr1e-03-1e-05_tfp0_ramp200_hLR1_m20_p10_seed13_minsym5_cand3_reducedp3_retained_sync_readout_retained_ga0p1_v1_rseed0.pth
chua_orig_nint128_bs16_sig0.0_lr1e-03-1e-05_tfp0_ramp200_hLR1_m20_p10_seed21_minsym5_cand2_reducedp3_retained_sync_readout_retained_ga0p1_v1_rseed0,20,10,21,21,0,2,10,3,7,5,5,0;1;3;4;6;8;9,retained_preactivation,1.0,,True,0.1,41873.3049209159,2490.872124659604,1.6810700359272026,default,,0.1,True,readout_retained,128,0.00,0.00,0.00,1.00,128,2000,16,200,200,0.0,0.0,0.001,1e-05,False,5,5.0,0.0,200,1.0,0.050062,1.2047,0.0095,5,0.027134,nan,models/chua_orig_nint128_bs16_sig0.0_lr1e-03-1e-05_tfp0_ramp200_hLR1_m20_p10_seed21_minsym5_cand2_reducedp3_retained_sync_readout_retained_ga0p1_v1_rseed0.pth
chua_orig_nint128_bs16_sig0.0_lr1e-03-1e-05_tfp0_ramp200_hLR1_m20_p10_seed6_minsym5_cand4_reducedp4_retained_sync_readout_retained_ga0p1_v1_rseed0,20,10,6,6,0,4,10,4,6,5,5,0;1;4;7;8;9,retained_preactivation,1.0,,True,0.1,14890.082160619531,117.1430517268143,12.711024632808872,default,,0.1,True,readout_retained,128,0.00,0.00,0.00,1.00,128,2000,16,200,200,0.0,0.0,0.001,1e-05,False,5,5.0,0.0,200,1.0,13835292251258880.000000,1.5427,0.0107,6,54054659031040.000000,nan,models/chua_orig_nint128_bs16_sig0.0_lr1e-03-1e-05_tfp0_ramp200_hLR1_m20_p10_seed6_minsym5_cand4_reducedp4_retained_sync_readout_retained_ga0p1_v1_rseed0.pth
chua_orig_nint128_bs16_sig0.0_lr1e-03-1e-05_tfp0_ramp200_hLR1_m20_p10_seed18_minsym5_cand3_reducedp3_retained_sync_readout_retained_ga0p1_v1_rseed0,20,10,18,18,0,3,10,3,7,5,5,0;1;2;3;4;6;9,retained_preactivation,1.0,,True,0.1,1026345.1780215076,7477.1502091371685,13.726421822679196,default,,0.1,True,readout_retained,128,0.00,0.00,0.00,1.00,128,2000,16,200,200,0.0,0.0,0.001,1e-05,False,5,5.0,0.0,200,1.0,0.108102,1.3623,0.0063,4,0.022085,nan,models/chua_orig_nint128_bs16_sig0.0_lr1e-03-1e-05_tfp0_ramp200_hLR1_m20_p10_seed18_minsym5_cand3_reducedp3_retained_sync_readout_retained_ga0p1_v1_rseed0.pth
chua_orig_nint128_bs16_sig0.0_lr1e-03-1e-05_tfp0_ramp200_hLR1_m20_p10_seed20_minsym5_cand2_reducedp3_retained_sync_readout_retained_ga0p1_v1_rseed0,20,10,20,20,0,2,10,3,7,5,5,1;2;3;4;5;7;8,retained_preactivation,1.0,,True,0.1,71784936.2395881,1716221.2885942184,4.1827319540120715,default,,0.1,True,readout_retained,128,0.00,0.00,0.00,1.00,128,2000,16,200,200,0.0,0.0,0.001,1e-05,False,5,5.0,0.0,200,1.0,0.015283,1.0534,0.0120,5,0.007398,nan,models/chua_orig_nint128_bs16_sig0.0_lr1e-03-1e-05_tfp0_ramp200_hLR1_m20_p10_seed20_minsym5_cand2_reducedp3_retained_sync_readout_retained_ga0p1_v1_rseed0.pth
chua_orig_nint128_bs16_sig0.0_lr1e-03-1e-05_tfp0_ramp200_hLR1_m20_p10_seed25_minsym5_cand1_reducedp3_retained_sync_readout_retained_ga0p1_v1_rseed0,20,10,25,25,0,1,10,3,7,5,5,0;1;2;3;4;8;9,retained_preactivation,1.0,,True,0.1,30497791.44021757,3727189.341560206,0.8182517346288385,default,,0.1,True,readout_retained,128,0.00,0.00,0.00,1.00,128,2000,16,200,200,0.0,0.0,0.001,1e-05,False,5,5.0,0.0,200,1.0,0.027447,1.3428,0.0094,5,0.021658,nan,models/chua_orig_nint128_bs16_sig0.0_lr1e-03-1e-05_tfp0_ramp200_hLR1_m20_p10_seed25_minsym5_cand1_reducedp3_retained_sync_readout_retained_ga0p1_v1_rseed0.pth
chua_orig_nint128_bs16_sig0.0_lr1e-03-1e-05_tfp0_ramp200_hLR1_m20_p10_seed22_minsym5_cand2_reducedp3_retained_sync_readout_retained_ga0p1_v1_rseed0,20,10,22,22,0,2,10,3,7,5,5,0;2;3;4;7;8;9,retained_preactivation,1.0,,True,0.1,2701.9763137377795,207.64765063434945,1.3012313433277056,default,,0.1,True,readout_retained,128,0.00,0.00,0.00,1.00,128,2000,16,200,200,0.0,0.0,0.001,1e-05,False,5,5.0,0.0,200,1.0,0.018146,1.0006,0.0078,5,0.013207,nan,models/chua_orig_nint128_bs16_sig0.0_lr1e-03-1e-05_tfp0_ramp200_hLR1_m20_p10_seed22_minsym5_cand2_reducedp3_retained_sync_readout_retained_ga0p1_v1_rseed0.pth
chua_orig_nint128_bs16_sig0.0_lr1e-03-1e-05_tfp0_ramp200_hLR1_m20_p10_seed25_minsym5_cand2_reducedp3_retained_sync_readout_retained_ga0p1_v1_rseed0,20,10,25,25,0,2,10,3,7,5,5,0;1;2;4;5;7;8,retained_preactivation,1.0,,True,0.1,98565.2461063229,6346.941509991249,1.5529565846977338,default,,0.1,True,readout_retained,128,0.00,0.00,0.00,1.00,128,2000,16,200,200,0.0,0.0,0.001,1e-05,False,5,5.0,0.0,200,1.0,0.020826,1.2288,0.0069,5,0.010111,nan,models/chua_orig_nint128_bs16_sig0.0_lr1e-03-1e-05_tfp0_ramp200_hLR1_m20_p10_seed25_minsym5_cand2_reducedp3_retained_sync_readout_retained_ga0p1_v1_rseed0.pth
chua_orig_nint128_bs16_sig0.0_lr1e-03-1e-05_tfp0_ramp200_hLR1_m20_p10_seed17_minsym5_cand3_reducedp3_retained_sync_readout_retained_ga0p1_v1_rseed0,20,10,17,17,0,3,10,3,7,5,5,0;2;3;4;7;8;9,retained_preactivation,1.0,,True,0.1,3950.028643092351,364.4499768754709,1.0838328697279702,default,,0.1,True,readout_retained,128,0.00,0.00,0.00,1.00,128,2000,16,200,200,0.0,0.0,0.001,1e-05,False,5,5.0,0.0,200,1.0,0.012644,1.0969,0.0122,5,0.008476,nan,models/chua_orig_nint128_bs16_sig0.0_lr1e-03-1e-05_tfp0_ramp200_hLR1_m20_p10_seed17_minsym5_cand3_reducedp3_retained_sync_readout_retained_ga0p1_v1_rseed0.pth
chua_orig_nint128_bs16_sig0.0_lr1e-03-1e-05_tfp0_ramp200_hLR1_m20_p10_seed11_minsym5_cand4_reducedp3_retained_sync_readout_retained_ga0p1_v1_rseed0,20,10,11,11,0,4,10,3,7,5,5,0;3;5;6;7;8;9,retained_preactivation,1.0,,True,0.1,3222.4738846885944,38.67607463189465,8.331956940715651,default,,0.1,True,readout_retained,128,0.00,0.00,0.00,1.00,128,2000,16,200,200,0.0,0.0,0.001,1e-05,False,5,5.0,0.0,200,1.0,0.099073,1.2101,0.0073,4,0.043229,nan,models/chua_orig_nint128_bs16_sig0.0_lr1e-03-1e-05_tfp0_ramp200_hLR1_m20_p10_seed11_minsym5_cand4_reducedp3_retained_sync_readout_retained_ga0p1_v1_rseed0.pth
chua_orig_nint128_bs16_sig0.0_lr1e-03-1e-05_tfp0_ramp200_hLR1_m20_p10_seed10_minsym5_cand4_reducedp3_retained_sync_readout_retained_ga0p1_v1_rseed0,20,10,10,10,0,4,10,3,7,5,5,0;1;2;5;6;7;8,retained_preactivation,1.0,,True,0.1,6257.087356550171,200.90861065774604,3.114394816660835,default,,0.1,True,readout_retained,128,0.00,0.00,0.00,1.00,128,2000,16,200,200,0.0,0.0,0.001,1e-05,False,5,5.0,0.0,200,1.0,0.031371,0.9943,0.0085,5,0.018538,nan,models/chua_orig_nint128_bs16_sig0.0_lr1e-03-1e-05_tfp0_ramp200_hLR1_m20_p10_seed10_minsym5_cand4_reducedp3_retained_sync_readout_retained_ga0p1_v1_rseed0.pth
chua_orig_nint128_bs16_sig0.0_lr1e-03-1e-05_tfp0_ramp200_hLR1_m20_p10_seed6_minsym5_cand5_reducedp4_retained_sync_readout_retained_ga0p1_v1_rseed0,20,10,6,6,0,5,10,4,6,5,5,0;1;5;7;8;9,retained_preactivation,1.0,,True,0.1,75424.7895058382,1660.0348335012432,4.543566676053227,default,,0.1,True,readout_retained,128,0.00,0.00,0.00,1.00,128,2000,16,200,200,0.0,0.0,0.001,1e-05,False,5,5.0,0.0,200,1.0,0.035555,1.4485,0.0143,5,0.009059,nan,models/chua_orig_nint128_bs16_sig0.0_lr1e-03-1e-05_tfp0_ramp200_hLR1_m20_p10_seed6_minsym5_cand5_reducedp4_retained_sync_readout_retained_ga0p1_v1_rseed0.pth
chua_orig_nint128_bs16_sig0.0_lr1e-03-1e-05_tfp0_ramp200_hLR1_m20_p10_seed26_minsym5_cand2_reducedp3_retained_sync_readout_retained_ga0p1_v1_rseed0,20,10,26,26,0,2,10,3,7,5,5,0;1;4;5;6;7;9,retained_preactivation,1.0,,True,0.1,30690625.776031613,1946931.695368895,1.576358628761062,default,,0.1,True,readout_retained,128,0.00,0.00,0.00,1.00,128,2000,16,200,200,0.0,0.0,0.001,1e-05,False,5,5.0,0.0,200,1.0,0.018258,1.0748,0.0109,5,0.010705,nan,models/chua_orig_nint128_bs16_sig0.0_lr1e-03-1e-05_tfp0_ramp200_hLR1_m20_p10_seed26_minsym5_cand2_reducedp3_retained_sync_readout_retained_ga0p1_v1_rseed0.pth
chua_orig_nint128_bs16_sig0.0_lr1e-03-1e-05_tfp0_ramp200_hLR1_m20_p10_seed14_minsym5_cand3_reducedp3_retained_sync_readout_retained_ga0p1_v1_rseed0,20,10,14,14,0,3,10,3,7,5,5,0;1;5;6;7;8;9,retained_preactivation,1.0,,True,0.1,4929.881964864879,159.4745931928451,3.0913275062588648,default,,0.1,True,readout_retained,128,0.00,0.00,0.00,1.00,128,2000,16,200,200,0.0,0.0,0.001,1e-05,False,5,5.0,0.0,200,1.0,0.481042,2.4693,0.0104,3,0.366362,nan,models/chua_orig_nint128_bs16_sig0.0_lr1e-03-1e-05_tfp0_ramp200_hLR1_m20_p10_seed14_minsym5_cand3_reducedp3_retained_sync_readout_retained_ga0p1_v1_rseed0.pth
chua_orig_nint128_bs16_sig0.0_lr1e-03-1e-05_tfp0_ramp200_hLR1_m20_p10_seed24_minsym5_cand2_reducedp3_retained_sync_readout_retained_ga0p1_v1_rseed0,20,10,24,24,0,2,10,3,7,5,5,0;1;2;3;6;7;9,retained_preactivation,1.0,,True,0.1,8455.723276278617,444.7173945722792,1.9013700339765558,default,,0.1,True,readout_retained,128,0.00,0.00,0.00,1.00,128,2000,16,200,200,0.0,0.0,0.001,1e-05,False,5,5.0,0.0,200,1.0,0.046384,1.3027,0.0129,5,0.025960,nan,models/chua_orig_nint128_bs16_sig0.0_lr1e-03-1e-05_tfp0_ramp200_hLR1_m20_p10_seed24_minsym5_cand2_reducedp3_retained_sync_readout_retained_ga0p1_v1_rseed0.pth
chua_orig_nint128_bs16_sig0.0_lr1e-03-1e-05_tfp0_ramp200_hLR1_m20_p10_seed22_minsym5_cand3_reducedp3_retained_sync_readout_retained_ga0p1_v1_rseed0,20,10,22,22,0,3,10,3,7,5,5,0;2;3;5;7;8;9,retained_preactivation,1.0,,True,0.1,5658.526746203467,430.3846435530083,1.314760373300011,default,,0.1,True,readout_retained,128,0.00,0.00,0.00,1.00,128,2000,16,200,200,0.0,0.0,0.001,1e-05,False,5,5.0,0.0,200,1.0,0.024381,1.1693,0.0057,5,0.015043,nan,models/chua_orig_nint128_bs16_sig0.0_lr1e-03-1e-05_tfp0_ramp200_hLR1_m20_p10_seed22_minsym5_cand3_reducedp3_retained_sync_readout_retained_ga0p1_v1_rseed0.pth
chua_orig_nint128_bs16_sig0.0_lr1e-03-1e-05_tfp0_ramp200_hLR1_m20_p10_seed28_minsym5_cand2_reducedp3_retained_sync_readout_retained_ga0p1_v1_rseed0,20,10,28,28,0,2,10,3,7,5,5,0;1;2;5;6;7;9,retained_preactivation,1.0,,True,0.1,57813.428768755795,1031.4064535676212,5.605300274084952,default,,0.1,True,readout_retained,128,0.00,0.00,0.00,1.00,128,2000,16,200,200,0.0,0.0,0.001,1e-05,False,5,5.0,0.0,200,1.0,0.066961,1.1575,0.0123,5,0.034069,nan,models/chua_orig_nint128_bs16_sig0.0_lr1e-03-1e-05_tfp0_ramp200_hLR1_m20_p10_seed28_minsym5_cand2_reducedp3_retained_sync_readout_retained_ga0p1_v1_rseed0.pth
chua_orig_nint128_bs16_sig0.0_lr1e-03-1e-05_tfp0_ramp200_hLR1_m20_p10_seed18_minsym5_cand4_reducedp3_retained_sync_readout_retained_ga0p1_v1_rseed0,20,10,18,18,0,4,10,3,7,5,5,0;1;3;4;5;7;9,retained_preactivation,1.0,,True,0.1,12281841.152567314,52817.78062830736,23.253232162475488,default,,0.1,True,readout_retained,128,0.00,0.00,0.00,1.00,128,2000,16,200,200,0.0,0.0,0.001,1e-05,False,5,5.0,0.0,200,1.0,0.173847,1.3943,0.0088,5,0.046977,nan,models/chua_orig_nint128_bs16_sig0.0_lr1e-03-1e-05_tfp0_ramp200_hLR1_m20_p10_seed18_minsym5_cand4_reducedp3_retained_sync_readout_retained_ga0p1_v1_rseed0.pth
chua_orig_nint128_bs16_sig0.0_lr1e-03-1e-05_tfp0_ramp200_hLR1_m20_p10_seed13_minsym5_cand4_reducedp3_retained_sync_readout_retained_ga0p1_v1_rseed0,20,10,13,13,0,4,10,3,7,5,5,0;2;5;6;7;8;9,retained_preactivation,1.0,,True,0.1,4340558.601470552,20039.741739852838,21.65975319351809,default,,0.1,True,readout_retained,128,0.00,0.00,0.00,1.00,128,2000,16,200,200,0.0,0.0,0.001,1e-05,False,5,5.0,0.0,200,1.0,0.210436,1.3627,0.0157,3,0.024811,nan,models/chua_orig_nint128_bs16_sig0.0_lr1e-03-1e-05_tfp0_ramp200_hLR1_m20_p10_seed13_minsym5_cand4_reducedp3_retained_sync_readout_retained_ga0p1_v1_rseed0.pth
chua_orig_nint128_bs16_sig0.0_lr1e-03-1e-05_tfp0_ramp200_hLR1_m20_p10_seed29_minsym5_cand2_reducedp3_retained_sync_readout_retained_ga0p1_v1_rseed0,20,10,29,29,0,2,10,3,7,5,5,1;2;3;5;6;8;9,retained_preactivation,1.0,,True,0.1,880.2669106494774,9.29314331044674,9.472219261483298,default,,0.1,True,readout_retained,128,0.00,0.00,0.00,1.00,128,2000,16,200,200,0.0,0.0,0.001,1e-05,False,5,5.0,0.0,200,1.0,0.117333,1.7918,0.0086,5,0.033707,nan,models/chua_orig_nint128_bs16_sig0.0_lr1e-03-1e-05_tfp0_ramp200_hLR1_m20_p10_seed29_minsym5_cand2_reducedp3_retained_sync_readout_retained_ga0p1_v1_rseed0.pth
chua_orig_nint128_bs16_sig0.0_lr1e-03-1e-05_tfp0_ramp200_hLR1_m20_p10_seed13_minsym5_cand5_reducedp3_retained_sync_readout_retained_ga0p1_v1_rseed0,20,10,13,13,0,5,10,3,7,5,5,0;3;5;6;7;8;9,retained_preactivation,1.0,,True,0.1,2264251.7156464737,46224.57594451246,4.898372065899447,default,,0.1,True,readout_retained,128,0.00,0.00,0.00,1.00,128,2000,16,200,200,0.0,0.0,0.001,1e-05,False,5,5.0,0.0,200,1.0,0.027786,1.1152,0.0072,5,0.016187,nan,models/chua_orig_nint128_bs16_sig0.0_lr1e-03-1e-05_tfp0_ramp200_hLR1_m20_p10_seed13_minsym5_cand5_reducedp3_retained_sync_readout_retained_ga0p1_v1_rseed0.pth
chua_orig_nint128_bs16_sig0.0_lr1e-03-1e-05_tfp0_ramp200_hLR1_m20_p10_seed10_minsym5_cand5_reducedp3_retained_sync_readout_retained_ga0p1_v1_rseed0,20,10,10,10,0,5,10,3,7,5,5,0;1;3;4;5;6;7,retained_preactivation,1.0,,True,0.1,5081.698055276405,195.1613214913498,2.603844868667595,default,,0.1,True,readout_retained,128,0.00,0.00,0.00,1.00,128,2000,16,200,200,0.0,0.0,0.001,1e-05,False,5,5.0,0.0,200,1.0,0.039375,1.1687,0.0064,5,0.024488,nan,models/chua_orig_nint128_bs16_sig0.0_lr1e-03-1e-05_tfp0_ramp200_hLR1_m20_p10_seed10_minsym5_cand5_reducedp3_retained_sync_readout_retained_ga0p1_v1_rseed0.pth
chua_orig_nint128_bs16_sig0.0_lr1e-03-1e-05_tfp0_ramp200_hLR1_m20_p10_seed24_minsym5_cand3_reducedp3_retained_sync_readout_retained_ga0p1_v1_rseed0,20,10,24,24,0,3,10,3,7,5,5,0;1;2;3;7;8;9,retained_preactivation,1.0,,True,0.1,3738.1191962001426,162.06593073734442,2.306542269058623,default,,0.1,True,readout_retained,128,0.00,0.00,0.00,1.00,128,2000,16,200,200,0.0,0.0,0.001,1e-05,False,5,5.0,0.0,200,1.0,0.066808,1.2131,0.0089,5,0.041078,nan,models/chua_orig_nint128_bs16_sig0.0_lr1e-03-1e-05_tfp0_ramp200_hLR1_m20_p10_seed24_minsym5_cand3_reducedp3_retained_sync_readout_retained_ga0p1_v1_rseed0.pth
chua_orig_nint128_bs16_sig0.0_lr1e-03-1e-05_tfp0_ramp200_hLR1_m20_p10_seed15_minsym5_cand4_reducedp3_retained_sync_readout_retained_ga0p1_v1_rseed0,20,10,15,15,0,4,10,3,7,5,5,0;2;5;6;7;8;9,retained_preactivation,1.0,,True,0.1,2361.4911470297743,69.87065315715478,3.3798040240417064,default,,0.1,True,readout_retained,128,0.00,0.00,0.00,1.00,128,2000,16,200,200,0.0,0.0,0.001,1e-05,False,5,5.0,0.0,200,1.0,0.042961,1.1888,0.0108,6,0.028087,nan,models/chua_orig_nint128_bs16_sig0.0_lr1e-03-1e-05_tfp0_ramp200_hLR1_m20_p10_seed15_minsym5_cand4_reducedp3_retained_sync_readout_retained_ga0p1_v1_rseed0.pth
chua_orig_nint128_bs16_sig0.0_lr1e-03-1e-05_tfp0_ramp200_hLR1_m20_p10_seed21_minsym5_cand3_reducedp3_retained_sync_readout_retained_ga0p1_v1_rseed0,20,10,21,21,0,3,10,3,7,5,5,0;3;4;5;6;8;9,retained_preactivation,1.0,,True,0.1,196988.268523788,22231.53891153287,0.8860757202084559,default,,0.1,True,readout_retained,128,0.00,0.00,0.00,1.00,128,2000,16,200,200,0.0,0.0,0.001,1e-05,False,5,5.0,0.0,200,1.0,0.041470,1.2808,0.0099,5,0.024836,nan,models/chua_orig_nint128_bs16_sig0.0_lr1e-03-1e-05_tfp0_ramp200_hLR1_m20_p10_seed21_minsym5_cand3_reducedp3_retained_sync_readout_retained_ga0p1_v1_rseed0.pth
chua_orig_nint128_bs16_sig0.0_lr1e-03-1e-05_tfp0_ramp200_hLR1_m20_p10_seed18_minsym5_cand5_reducedp3_retained_sync_readout_retained_ga0p1_v1_rseed0,20,10,18,18,0,5,10,3,7,5,5,0;1;3;4;6;7;9,retained_preactivation,1.0,,True,0.1,928881.826817599,3987.2105096718306,23.296533367485807,default,,0.1,True,readout_retained,128,0.00,0.00,0.00,1.00,128,2000,16,200,200,0.0,0.0,0.001,1e-05,False,5,5.0,0.0,200,1.0,0.176736,1.6681,0.0104,5,0.034403,nan,models/chua_orig_nint128_bs16_sig0.0_lr1e-03-1e-05_tfp0_ramp200_hLR1_m20_p10_seed18_minsym5_cand5_reducedp3_retained_sync_readout_retained_ga0p1_v1_rseed0.pth
chua_orig_nint128_bs16_sig0.0_lr1e-03-1e-05_tfp0_ramp200_hLR1_m20_p10_seed25_minsym5_cand3_reducedp3_retained_sync_readout_retained_ga0p1_v1_rseed0,20,10,25,25,0,3,10,3,7,5,5,0;1;2;4;7;8;9,retained_preactivation,1.0,,True,0.1,2600846.034707937,178486.59696459002,1.4571660163501907,default,,0.1,True,readout_retained,128,0.00,0.00,0.00,1.00,128,2000,16,200,200,0.0,0.0,0.001,1e-05,False,5,5.0,0.0,200,1.0,0.027107,1.2905,0.0110,3,0.016324,nan,models/chua_orig_nint128_bs16_sig0.0_lr1e-03-1e-05_tfp0_ramp200_hLR1_m20_p10_seed25_minsym5_cand3_reducedp3_retained_sync_readout_retained_ga0p1_v1_rseed0.pth
chua_orig_nint128_bs16_sig0.0_lr1e-03-1e-05_tfp0_ramp200_hLR1_m20_p10_seed17_minsym5_cand4_reducedp3_retained_sync_readout_retained_ga0p1_v1_rseed0,20,10,17,17,0,4,10,3,7,5,5,1;2;3;5;7;8;9,retained_preactivation,1.0,,True,0.1,3118.8202998088877,96.72291520968625,3.224489556634583,default,,0.1,True,readout_retained,128,0.00,0.00,0.00,1.00,128,2000,16,200,200,0.0,0.0,0.001,1e-05,False,5,5.0,0.0,200,1.0,1.873451,3.7381,0.0316,1,0.415029,nan,models/chua_orig_nint128_bs16_sig0.0_lr1e-03-1e-05_tfp0_ramp200_hLR1_m20_p10_seed17_minsym5_cand4_reducedp3_retained_sync_readout_retained_ga0p1_v1_rseed0.pth
chua_orig_nint128_bs16_sig0.0_lr1e-03-1e-05_tfp0_ramp200_hLR1_m20_p10_seed11_minsym5_cand5_reducedp3_retained_sync_readout_retained_ga0p1_v1_rseed0,20,10,11,11,0,5,10,3,7,5,5,0;4;5;6;7;8;9,retained_preactivation,1.0,,True,0.1,3451.4387896571484,161.6306075844098,2.1353868807643077,default,,0.1,True,readout_retained,128,0.00,0.00,0.00,1.00,128,2000,16,200,200,0.0,0.0,0.001,1e-05,False,5,5.0,0.0,200,1.0,0.063415,1.3240,0.0036,4,0.035349,nan,models/chua_orig_nint128_bs16_sig0.0_lr1e-03-1e-05_tfp0_ramp200_hLR1_m20_p10_seed11_minsym5_cand5_reducedp3_retained_sync_readout_retained_ga0p1_v1_rseed0.pth
chua_orig_nint128_bs16_sig0.0_lr1e-03-1e-05_tfp0_ramp200_hLR1_m20_p10_seed17_minsym5_cand5_reducedp3_retained_sync_readout_retained_ga0p1_v1_rseed0,20,10,17,17,0,5,10,3,7,5,5,1;2;4;5;7;8;9,retained_preactivation,1.0,,True,0.1,1896.5388046385974,57.92003947895507,3.274408687735204,default,,0.1,True,readout_retained,128,0.00,0.00,0.00,1.00,128,2000,16,200,200,0.0,0.0,0.001,1e-05,False,5,5.0,0.0,200,1.0,0.397971,2.5232,0.0087,3,0.283307,nan,models/chua_orig_nint128_bs16_sig0.0_lr1e-03-1e-05_tfp0_ramp200_hLR1_m20_p10_seed17_minsym5_cand5_reducedp3_retained_sync_readout_retained_ga0p1_v1_rseed0.pth
chua_orig_nint128_bs16_sig0.0_lr1e-03-1e-05_tfp0_ramp200_hLR1_m20_p10_seed25_minsym5_cand4_reducedp3_retained_sync_readout_retained_ga0p1_v1_rseed0,20,10,25,25,0,4,10,3,7,5,5,0;2;3;4;5;8;9,retained_preactivation,1.0,,True,0.1,177310.19632271575,19220.379982911367,0.922511399256208,default,,0.1,True,readout_retained,128,0.00,0.00,0.00,1.00,128,2000,16,200,200,0.0,0.0,0.001,1e-05,False,5,5.0,0.0,200,1.0,0.028427,1.2436,0.0122,5,0.019627,nan,models/chua_orig_nint128_bs16_sig0.0_lr1e-03-1e-05_tfp0_ramp200_hLR1_m20_p10_seed25_minsym5_cand4_reducedp3_retained_sync_readout_retained_ga0p1_v1_rseed0.pth
chua_orig_nint128_bs16_sig0.0_lr1e-03-1e-05_tfp0_ramp200_hLR1_m20_p10_seed24_minsym5_cand4_reducedp3_retained_sync_readout_retained_ga0p1_v1_rseed0,20,10,24,24,0,4,10,3,7,5,5,0;1;2;5;6;7;9,retained_preactivation,1.0,,True,0.1,10457.635661324217,211.78985516077827,4.9377415426179665,default,,0.1,True,readout_retained,128,0.00,0.00,0.00,1.00,128,2000,16,200,200,0.0,0.0,0.001,1e-05,False,5,5.0,0.0,200,1.0,0.034972,1.2252,0.0119,5,0.016464,nan,models/chua_orig_nint128_bs16_sig0.0_lr1e-03-1e-05_tfp0_ramp200_hLR1_m20_p10_seed24_minsym5_cand4_reducedp3_retained_sync_readout_retained_ga0p1_v1_rseed0.pth
chua_orig_nint128_bs16_sig0.0_lr1e-03-1e-05_tfp0_ramp200_hLR1_m20_p10_seed22_minsym5_cand4_reducedp3_retained_sync_readout_retained_ga0p1_v1_rseed0,20,10,22,22,0,4,10,3,7,5,5,0;2;4;5;7;8;9,retained_preactivation,1.0,,True,0.1,2034.0045745708144,189.55408376341228,1.073047087241603,default,,0.1,True,readout_retained,128,0.00,0.00,0.00,1.00,128,2000,16,200,200,0.0,0.0,0.001,1e-05,False,5,5.0,0.0,200,1.0,0.020859,1.1216,0.0104,4,0.011325,nan,models/chua_orig_nint128_bs16_sig0.0_lr1e-03-1e-05_tfp0_ramp200_hLR1_m20_p10_seed22_minsym5_cand4_reducedp3_retained_sync_readout_retained_ga0p1_v1_rseed0.pth
chua_orig_nint128_bs16_sig0.0_lr1e-03-1e-05_tfp0_ramp200_hLR1_m20_p10_seed15_minsym5_cand5_reducedp3_retained_sync_readout_retained_ga0p1_v1_rseed0,20,10,15,15,0,5,10,3,7,5,5,0;3;5;6;7;8;9,retained_preactivation,1.0,,True,0.1,17582.104083413906,348.89040195058703,5.0394347293921795,default,,0.1,True,readout_retained,128,0.00,0.00,0.00,1.00,128,2000,16,200,200,0.0,0.0,0.001,1e-05,False,5,5.0,0.0,200,1.0,0.081963,1.4159,0.0062,5,0.039591,nan,models/chua_orig_nint128_bs16_sig0.0_lr1e-03-1e-05_tfp0_ramp200_hLR1_m20_p10_seed15_minsym5_cand5_reducedp3_retained_sync_readout_retained_ga0p1_v1_rseed0.pth
chua_orig_nint128_bs16_sig0.0_lr1e-03-1e-05_tfp0_ramp200_hLR1_m20_p10_seed26_minsym5_cand3_reducedp3_retained_sync_readout_retained_ga0p1_v1_rseed0,20,10,26,26,0,3,10,3,7,5,5,0;1;4;6;7;8;9,retained_preactivation,1.0,,True,0.1,118242690.98678349,3305604.7956596385,3.577036527235192,default,,0.1,True,readout_retained,128,0.00,0.00,0.00,1.00,128,2000,16,200,200,0.0,0.0,0.001,1e-05,False,5,5.0,0.0,200,1.0,0.030746,1.1782,0.0225,5,0.014829,nan,models/chua_orig_nint128_bs16_sig0.0_lr1e-03-1e-05_tfp0_ramp200_hLR1_m20_p10_seed26_minsym5_cand3_reducedp3_retained_sync_readout_retained_ga0p1_v1_rseed0.pth
chua_orig_nint128_bs16_sig0.0_lr1e-03-1e-05_tfp0_ramp200_hLR1_m20_p10_seed25_minsym5_cand5_reducedp3_retained_sync_readout_retained_ga0p1_v1_rseed0,20,10,25,25,0,5,10,3,7,5,5,0;2;4;5;7;8;9,retained_preactivation,1.0,,True,0.1,221291.1037344249,15841.560600206029,1.3969021696735286,default,,0.1,True,readout_retained,128,0.00,0.00,0.00,1.00,128,2000,16,200,200,0.0,0.0,0.001,1e-05,False,5,5.0,0.0,200,1.0,0.024692,1.1921,0.0130,5,0.012277,nan,models/chua_orig_nint128_bs16_sig0.0_lr1e-03-1e-05_tfp0_ramp200_hLR1_m20_p10_seed25_minsym5_cand5_reducedp3_retained_sync_readout_retained_ga0p1_v1_rseed0.pth
chua_orig_nint128_bs16_sig0.0_lr1e-03-1e-05_tfp0_ramp200_hLR1_m20_p10_seed26_minsym5_cand4_reducedp3_retained_sync_readout_retained_ga0p1_v1_rseed0,20,10,26,26,0,4,10,3,7,5,5,0;2;3;4;5;6;9,retained_preactivation,1.0,,True,0.1,139246408.67719927,15451177.480758157,0.901202570811236,default,,0.1,True,readout_retained,128,0.00,0.00,0.00,1.00,128,2000,16,200,200,0.0,0.0,0.001,1e-05,False,5,5.0,0.0,200,1.0,0.353762,2.7092,0.0097,2,0.309019,nan,models/chua_orig_nint128_bs16_sig0.0_lr1e-03-1e-05_tfp0_ramp200_hLR1_m20_p10_seed26_minsym5_cand4_reducedp3_retained_sync_readout_retained_ga0p1_v1_rseed0.pth
chua_orig_nint128_bs16_sig0.0_lr1e-03-1e-05_tfp0_ramp200_hLR1_m20_p10_seed14_minsym5_cand4_reducedp3_retained_sync_readout_retained_ga0p1_v1_rseed0,20,10,14,14,0,4,10,3,7,5,5,0;2;5;6;7;8;9,retained_preactivation,1.0,,True,0.1,5243.324041102171,146.18529822953138,3.586765635535649,default,,0.1,True,readout_retained,128,0.00,0.00,0.00,1.00,128,2000,16,200,200,0.0,0.0,0.001,1e-05,False,5,5.0,0.0,200,1.0,0.549303,3.0892,0.0094,3,0.393688,nan,models/chua_orig_nint128_bs16_sig0.0_lr1e-03-1e-05_tfp0_ramp200_hLR1_m20_p10_seed14_minsym5_cand4_reducedp3_retained_sync_readout_retained_ga0p1_v1_rseed0.pth
chua_orig_nint128_bs16_sig0.0_lr1e-03-1e-05_tfp0_ramp200_hLR1_m20_p10_seed22_minsym5_cand5_reducedp4_retained_sync_readout_retained_ga0p1_v1_rseed0,20,10,22,22,0,5,10,4,6,5,5,1;2;3;4;5;7,retained_preactivation,1.0,,True,0.1,3350.071202601521,113.9649888200662,2.9395617349559493,default,,0.1,True,readout_retained,128,0.00,0.00,0.00,1.00,128,2000,16,200,200,0.0,0.0,0.001,1e-05,False,5,5.0,0.0,200,1.0,0.033399,1.1012,0.0052,5,0.018588,nan,models/chua_orig_nint128_bs16_sig0.0_lr1e-03-1e-05_tfp0_ramp200_hLR1_m20_p10_seed22_minsym5_cand5_reducedp4_retained_sync_readout_retained_ga0p1_v1_rseed0.pth
chua_orig_nint128_bs16_sig0.0_lr1e-03-1e-05_tfp0_ramp200_hLR1_m20_p10_seed26_minsym5_cand5_reducedp3_retained_sync_readout_retained_ga0p1_v1_rseed0,20,10,26,26,0,5,10,3,7,5,5,0;2;3;4;6;8;9,retained_preactivation,1.0,,True,0.1,6685249054.910881,3041877096.5472875,0.21977380553931777,default,,0.1,True,readout_retained,128,0.00,0.00,0.00,1.00,128,2000,16,200,200,0.0,0.0,0.001,1e-05,False,5,5.0,0.0,200,1.0,0.178102,2.3698,0.0101,2,0.169058,nan,models/chua_orig_nint128_bs16_sig0.0_lr1e-03-1e-05_tfp0_ramp200_hLR1_m20_p10_seed26_minsym5_cand5_reducedp3_retained_sync_readout_retained_ga0p1_v1_rseed0.pth
chua_orig_nint128_bs16_sig0.0_lr1e-03-1e-05_tfp0_ramp200_hLR1_m20_p10_seed6_minsym5_cand6_reducedp4_retained_sync_readout_retained_ga0p1_v1_rseed0,20,10,6,6,0,6,10,4,6,5,5,0;2;4;5;7;9,retained_preactivation,1.0,,True,0.1,531585.2677567353,18263.65249272445,2.9106186069215827,default,,0.1,True,readout_retained,128,0.00,0.00,0.00,1.00,128,2000,16,200,200,0.0,0.0,0.001,1e-05,False,5,5.0,0.0,200,1.0,0.170962,2.3359,0.0076,6,0.133311,nan,models/chua_orig_nint128_bs16_sig0.0_lr1e-03-1e-05_tfp0_ramp200_hLR1_m20_p10_seed6_minsym5_cand6_reducedp4_retained_sync_readout_retained_ga0p1_v1_rseed0.pth
chua_orig_nint128_bs16_sig0.0_lr1e-03-1e-05_tfp0_ramp200_hLR1_m20_p10_seed24_minsym5_cand5_reducedp3_retained_sync_readout_retained_ga0p1_v1_rseed0,20,10,24,24,0,5,10,3,7,5,5,0;1;2;5;7;8;9,retained_preactivation,1.0,,True,0.1,3878.7450612279226,61.48390855624371,6.308553168313455,default,,0.1,True,readout_retained,128,0.00,0.00,0.00,1.00,128,2000,16,200,200,0.0,0.0,0.001,1e-05,False,5,5.0,0.0,200,1.0,0.046526,1.1735,0.0087,5,0.024308,nan,models/chua_orig_nint128_bs16_sig0.0_lr1e-03-1e-05_tfp0_ramp200_hLR1_m20_p10_seed24_minsym5_cand5_reducedp3_retained_sync_readout_retained_ga0p1_v1_rseed0.pth
chua_orig_nint128_bs16_sig0.0_lr1e-03-1e-05_tfp0_ramp200_hLR1_m20_p10_seed6_minsym5_cand7_reducedp4_retained_sync_readout_retained_ga0p1_v1_rseed0,20,10,6,6,0,7,10,4,6,5,5,0;4;5;7;8;9,retained_preactivation,1.0,,True,0.1,232910.58445678247,9544.417095218545,2.4402808692577294,default,,0.1,True,readout_retained,128,0.00,0.00,0.00,1.00,128,2000,16,200,200,0.0,0.0,0.001,1e-05,False,5,5.0,0.0,200,1.0,0.036354,1.2823,0.0068,5,0.015002,nan,models/chua_orig_nint128_bs16_sig0.0_lr1e-03-1e-05_tfp0_ramp200_hLR1_m20_p10_seed6_minsym5_cand7_reducedp4_retained_sync_readout_retained_ga0p1_v1_rseed0.pth
chua_orig_nint128_bs16_sig0.0_lr1e-03-1e-05_tfp0_ramp200_hLR1_m20_p10_seed6_minsym5_cand11_reducedp4_retained_sync_readout_retained_ga0p1_v1_rseed0,20,10,6,6,0,11,10,4,6,5,5,2;4;5;7;8;9,retained_preactivation,1.0,,True,0.1,63320.78505514599,2274.111607962272,2.784418532205851,default,,0.1,True,readout_retained,128,0.00,0.00,0.00,1.00,128,2000,16,200,200,0.0,0.0,0.001,1e-05,False,5,5.0,0.0,200,1.0,0.031964,1.3282,0.0105,4,0.021763,nan,models/chua_orig_nint128_bs16_sig0.0_lr1e-03-1e-05_tfp0_ramp200_hLR1_m20_p10_seed6_minsym5_cand11_reducedp4_retained_sync_readout_retained_ga0p1_v1_rseed0.pth
chua_orig_nint128_bs16_sig0.0_lr1e-03-1e-05_tfp0_ramp200_hLR1_m20_p10_seed10_minsym5_cand10_reducedp3_retained_sync_readout_retained_ga0p1_v1_rseed0,20,10,10,10,0,10,10,3,7,5,5,1;2;4;5;6;7;8,retained_preactivation,1.0,,True,0.1,6106.594319872575,185.79119555879922,3.2868050079046545,default,,0.1,True,readout_retained,128,0.00,0.00,0.00,1.00,128,2000,16,200,200,0.0,0.0,0.001,1e-05,False,5,5.0,0.0,200,1.0,0.046797,1.3749,0.0081,5,0.021892,nan,models/chua_orig_nint128_bs16_sig0.0_lr1e-03-1e-05_tfp0_ramp200_hLR1_m20_p10_seed10_minsym5_cand10_reducedp3_retained_sync_readout_retained_ga0p1_v1_rseed0.pth
chua_orig_nint128_bs16_sig0.0_lr1e-03-1e-05_tfp0_ramp200_hLR1_m20_p10_seed6_minsym5_cand9_reducedp4_retained_sync_readout_retained_ga0p1_v1_rseed0,20,10,6,6,0,9,10,4,6,5,5,1;2;4;7;8;9,retained_preactivation,1.0,,True,0.1,7785.678815941485,46.24542621988195,16.835565054418456,default,,0.1,True,readout_retained,128,0.00,0.00,0.00,1.00,128,2000,16,200,200,0.0,0.0,0.001,1e-05,False,5,5.0,0.0,200,1.0,0.153615,1.6722,0.0083,5,0.052405,nan,models/chua_orig_nint128_bs16_sig0.0_lr1e-03-1e-05_tfp0_ramp200_hLR1_m20_p10_seed6_minsym5_cand9_reducedp4_retained_sync_readout_retained_ga0p1_v1_rseed0.pth
chua_orig_nint128_bs16_sig0.0_lr1e-03-1e-05_tfp0_ramp200_hLR1_m20_p10_seed10_minsym5_cand11_reducedp3_retained_sync_readout_retained_ga0p1_v1_rseed0,20,10,10,10,0,11,10,3,7,5,5,1;3;4;5;6;7;8,retained_preactivation,1.0,,True,0.1,5591.002464898402,201.63099505409357,2.77288839615081,default,,0.1,True,readout_retained,128,0.00,0.00,0.00,1.00,128,2000,16,200,200,0.0,0.0,0.001,1e-05,False,5,5.0,0.0,200,1.0,0.042187,1.3218,0.0073,5,0.022539,nan,models/chua_orig_nint128_bs16_sig0.0_lr1e-03-1e-05_tfp0_ramp200_hLR1_m20_p10_seed10_minsym5_cand11_reducedp3_retained_sync_readout_retained_ga0p1_v1_rseed0.pth
chua_orig_nint128_bs16_sig0.0_lr1e-03-1e-05_tfp0_ramp200_hLR1_m20_p10_seed10_minsym5_cand7_reducedp3_retained_sync_readout_retained_ga0p1_v1_rseed0,20,10,10,10,0,7,10,3,7,5,5,0;1;3;4;5;7;8,retained_preactivation,1.0,,True,0.1,3613.790504788566,265.4457713348081,1.3614044354959642,default,,0.1,True,readout_retained,128,0.00,0.00,0.00,1.00,128,2000,16,200,200,0.0,0.0,0.001,1e-05,False,5,5.0,0.0,200,1.0,0.040658,1.1868,0.0085,5,0.021771,nan,models/chua_orig_nint128_bs16_sig0.0_lr1e-03-1e-05_tfp0_ramp200_hLR1_m20_p10_seed10_minsym5_cand7_reducedp3_retained_sync_readout_retained_ga0p1_v1_rseed0.pth
chua_orig_nint128_bs16_sig0.0_lr1e-03-1e-05_tfp0_ramp200_hLR1_m20_p10_seed6_minsym5_cand8_reducedp4_retained_sync_readout_retained_ga0p1_v1_rseed0,20,10,6,6,0,8,10,4,6,5,5,1;2;4;5;8;9,retained_preactivation,1.0,,True,0.1,46557.9822801633,831.8135897811067,5.597165380817481,default,,0.1,True,readout_retained,128,0.00,0.00,0.00,1.00,128,2000,16,200,200,0.0,0.0,0.001,1e-05,False,5,5.0,0.0,200,1.0,0.041340,1.2441,0.0106,5,0.021979,nan,models/chua_orig_nint128_bs16_sig0.0_lr1e-03-1e-05_tfp0_ramp200_hLR1_m20_p10_seed6_minsym5_cand8_reducedp4_retained_sync_readout_retained_ga0p1_v1_rseed0.pth
chua_orig_nint128_bs16_sig0.0_lr1e-03-1e-05_tfp0_ramp200_hLR1_m20_p10_seed13_minsym5_cand7_reducedp3_retained_sync_readout_retained_ga0p1_v1_rseed0,20,10,13,13,0,7,10,3,7,5,5,2;3;5;6;7;8;9,retained_preactivation,1.0,,True,0.1,270.8090926025758,9.618518281739513,2.815496988935095,default,,0.1,True,readout_retained,128,0.00,0.00,0.00,1.00,128,2000,16,200,200,0.0,0.0,0.001,1e-05,False,5,5.0,0.0,200,1.0,0.029491,1.2763,0.0082,4,0.016962,nan,models/chua_orig_nint128_bs16_sig0.0_lr1e-03-1e-05_tfp0_ramp200_hLR1_m20_p10_seed13_minsym5_cand7_reducedp3_retained_sync_readout_retained_ga0p1_v1_rseed0.pth
chua_orig_nint128_bs16_sig0.0_lr1e-03-1e-05_tfp0_ramp200_hLR1_m20_p10_seed18_minsym5_cand7_reducedp3_retained_sync_readout_retained_ga0p1_v1_rseed0,20,10,18,18,0,7,10,3,7,5,5,1;2;3;4;6;7;9,retained_preactivation,1.0,,True,0.1,168836.64538837533,8859.858673745874,1.9056358753067173,default,,0.1,True,readout_retained,128,0.00,0.00,0.00,1.00,128,2000,16,200,200,0.0,0.0,0.001,1e-05,False,5,5.0,0.0,200,1.0,0.027849,1.1831,0.0187,5,0.017374,nan,models/chua_orig_nint128_bs16_sig0.0_lr1e-03-1e-05_tfp0_ramp200_hLR1_m20_p10_seed18_minsym5_cand7_reducedp3_retained_sync_readout_retained_ga0p1_v1_rseed0.pth
chua_orig_nint128_bs16_sig0.0_lr1e-03-1e-05_tfp0_ramp200_hLR1_m20_p10_seed18_minsym5_cand6_reducedp3_retained_sync_readout_retained_ga0p1_v1_rseed0,20,10,18,18,0,6,10,3,7,5,5,1;2;3;4;5;7;9,retained_preactivation,1.0,,True,0.1,133983.86573016917,11469.028188724187,1.1682233535871491,default,,0.1,True,readout_retained,128,0.00,0.00,0.00,1.00,128,2000,16,200,200,0.0,0.0,0.001,1e-05,False,5,5.0,0.0,200,1.0,0.032335,1.1302,0.0083,5,0.026269,nan,models/chua_orig_nint128_bs16_sig0.0_lr1e-03-1e-05_tfp0_ramp200_hLR1_m20_p10_seed18_minsym5_cand6_reducedp3_retained_sync_readout_retained_ga0p1_v1_rseed0.pth
chua_orig_nint128_bs16_sig0.0_lr1e-03-1e-05_tfp0_ramp200_hLR1_m20_p10_seed13_minsym5_cand6_reducedp3_retained_sync_readout_retained_ga0p1_v1_rseed0,20,10,13,13,0,6,10,3,7,5,5,1;2;3;5;7;8;9,retained_preactivation,1.0,,True,0.1,308.05402498666666,11.174848155562435,2.7566730276625813,default,,0.1,True,readout_retained,128,0.00,0.00,0.00,1.00,128,2000,16,200,200,0.0,0.0,0.001,1e-05,False,5,5.0,0.0,200,1.0,0.022064,1.3429,0.0115,5,0.011252,nan,models/chua_orig_nint128_bs16_sig0.0_lr1e-03-1e-05_tfp0_ramp200_hLR1_m20_p10_seed13_minsym5_cand6_reducedp3_retained_sync_readout_retained_ga0p1_v1_rseed0.pth
chua_orig_nint128_bs16_sig0.0_lr1e-03-1e-05_tfp0_ramp200_hLR1_m20_p10_seed6_minsym5_cand10_reducedp4_retained_sync_readout_retained_ga0p1_v1_rseed0,20,10,6,6,0,10,10,4,6,5,5,1;2;5;7;8;9,retained_preactivation,1.0,,True,0.1,40375.38725510878,866.6535704263916,4.658768928309398,default,,0.1,True,readout_retained,128,0.00,0.00,0.00,1.00,128,2000,16,200,200,0.0,0.0,0.001,1e-05,False,5,5.0,0.0,200,1.0,0.034256,1.4527,0.0108,5,0.011357,nan,models/chua_orig_nint128_bs16_sig0.0_lr1e-03-1e-05_tfp0_ramp200_hLR1_m20_p10_seed6_minsym5_cand10_reducedp4_retained_sync_readout_retained_ga0p1_v1_rseed0.pth
chua_orig_nint128_bs16_sig0.0_lr1e-03-1e-05_tfp0_ramp200_hLR1_m20_p10_seed10_minsym5_cand8_reducedp3_retained_sync_readout_retained_ga0p1_v1_rseed0,20,10,10,10,0,8,10,3,7,5,5,0;1;3;4;6;7;8,retained_preactivation,1.0,,True,0.1,5918.940451001345,239.18553984959988,2.4746230289352593,default,,0.1,True,readout_retained,128,0.00,0.00,0.00,1.00,128,2000,16,200,200,0.0,0.0,0.001,1e-05,False,5,5.0,0.0,200,1.0,0.027128,1.1896,0.0066,4,0.017109,nan,models/chua_orig_nint128_bs16_sig0.0_lr1e-03-1e-05_tfp0_ramp200_hLR1_m20_p10_seed10_minsym5_cand8_reducedp3_retained_sync_readout_retained_ga0p1_v1_rseed0.pth
chua_orig_nint128_bs16_sig0.0_lr1e-03-1e-05_tfp0_ramp200_hLR1_m20_p10_seed25_minsym5_cand7_reducedp3_retained_sync_readout_retained_ga0p1_v1_rseed0,20,10,25,25,0,7,10,3,7,5,5,1;2;3;4;7;8;9,retained_preactivation,1.0,,True,0.1,34366.67179114091,1741.8892625896171,1.9729538799756385,default,,0.1,True,readout_retained,128,0.00,0.00,0.00,1.00,128,2000,16,200,200,0.0,0.0,0.001,1e-05,False,5,5.0,0.0,200,1.0,0.030687,1.2410,0.0093,5,0.021271,nan,models/chua_orig_nint128_bs16_sig0.0_lr1e-03-1e-05_tfp0_ramp200_hLR1_m20_p10_seed25_minsym5_cand7_reducedp3_retained_sync_readout_retained_ga0p1_v1_rseed0.pth
chua_orig_nint128_bs16_sig0.0_lr1e-03-1e-05_tfp0_ramp200_hLR1_m20_p10_seed15_minsym5_cand6_reducedp3_retained_sync_readout_retained_ga0p1_v1_rseed0,20,10,15,15,0,6,10,3,7,5,5,2;3;5;6;7;8;9,retained_preactivation,1.0,,True,0.1,19586.656631492777,297.03593725753274,6.5940359985838715,default,,0.1,True,readout_retained,128,0.00,0.00,0.00,1.00,128,2000,16,200,200,0.0,0.0,0.001,1e-05,False,5,5.0,0.0,200,1.0,0.075513,1.3684,0.0099,4,0.042817,nan,models/chua_orig_nint128_bs16_sig0.0_lr1e-03-1e-05_tfp0_ramp200_hLR1_m20_p10_seed15_minsym5_cand6_reducedp3_retained_sync_readout_retained_ga0p1_v1_rseed0.pth
chua_orig_nint128_bs16_sig0.0_lr1e-03-1e-05_tfp0_ramp200_hLR1_m20_p10_seed25_minsym5_cand6_reducedp3_retained_sync_readout_retained_ga0p1_v1_rseed0,20,10,25,25,0,6,10,3,7,5,5,1;2;3;4;5;7;8,retained_preactivation,1.0,,True,0.1,16673.221659295483,853.6736416942001,1.953114263456208,default,,0.1,True,readout_retained,128,0.00,0.00,0.00,1.00,128,2000,16,200,200,0.0,0.0,0.001,1e-05,False,5,5.0,0.0,200,1.0,0.024072,1.1195,0.0079,5,0.014144,nan,models/chua_orig_nint128_bs16_sig0.0_lr1e-03-1e-05_tfp0_ramp200_hLR1_m20_p10_seed25_minsym5_cand6_reducedp3_retained_sync_readout_retained_ga0p1_v1_rseed0.pth
chua_orig_nint128_bs16_sig0.0_lr1e-03-1e-05_tfp0_ramp200_hLR1_m20_p10_seed10_minsym5_cand9_reducedp3_retained_sync_readout_retained_ga0p1_v1_rseed0,20,10,10,10,0,9,10,3,7,5,5,0;1;3;5;6;7;8,retained_preactivation,1.0,,True,0.1,5801.384058998336,225.0638537865421,2.577661388709949,default,,0.1,True,readout_retained,128,0.00,0.00,0.00,1.00,128,2000,16,200,200,0.0,0.0,0.001,1e-05,False,5,5.0,0.0,200,1.0,0.026738,1.1383,0.0099,5,0.017800,nan,models/chua_orig_nint128_bs16_sig0.0_lr1e-03-1e-05_tfp0_ramp200_hLR1_m20_p10_seed10_minsym5_cand9_reducedp3_retained_sync_readout_retained_ga0p1_v1_rseed0.pth
chua_orig_nint128_bs16_sig0.0_lr1e-03-1e-05_tfp0_ramp200_hLR1_m20_p10_seed11_minsym5_cand7_reducedp3_retained_sync_readout_retained_ga0p1_v1_rseed0,20,10,11,11,0,7,10,3,7,5,5,3;4;5;6;7;8;9,retained_preactivation,1.0,,True,0.1,4123.4463665118765,18.665259366403628,22.091556755614217,default,,0.1,True,readout_retained,128,0.00,0.00,0.00,1.00,128,2000,16,200,200,0.0,0.0,0.001,1e-05,False,5,5.0,0.0,200,1.0,0.149970,1.6972,0.0093,4,0.036390,nan,models/chua_orig_nint128_bs16_sig0.0_lr1e-03-1e-05_tfp0_ramp200_hLR1_m20_p10_seed11_minsym5_cand7_reducedp3_retained_sync_readout_retained_ga0p1_v1_rseed0.pth
chua_orig_nint128_bs16_sig0.0_lr1e-03-1e-05_tfp0_ramp200_hLR1_m20_p10_seed10_minsym5_cand6_reducedp3_retained_sync_readout_retained_ga0p1_v1_rseed0,20,10,10,10,0,6,10,3,7,5,5,0;1;3;4;5;6;8,retained_preactivation,1.0,,True,0.1,4212.114043891736,233.59247726450934,1.8031890809232332,default,,0.1,True,readout_retained,128,0.00,0.00,0.00,1.00,128,2000,16,200,200,0.0,0.0,0.001,1e-05,False,5,5.0,0.0,200,1.0,0.048270,1.1663,0.0081,5,0.019934,nan,models/chua_orig_nint128_bs16_sig0.0_lr1e-03-1e-05_tfp0_ramp200_hLR1_m20_p10_seed10_minsym5_cand6_reducedp3_retained_sync_readout_retained_ga0p1_v1_rseed0.pth
chua_orig_nint128_bs16_sig0.0_lr1e-03-1e-05_tfp0_ramp200_hLR1_m20_p10_seed11_minsym5_cand6_reducedp3_retained_sync_readout_retained_ga0p1_v1_rseed0,20,10,11,11,0,6,10,3,7,5,5,1;3;4;5;6;7;9,retained_preactivation,1.0,,True,0.1,60667.92140826979,5732.012218944146,1.058405304995058,default,,0.1,True,readout_retained,128,0.00,0.00,0.00,1.00,128,2000,16,200,200,0.0,0.0,0.001,1e-05,False,5,5.0,0.0,200,1.0,0.029845,1.1238,0.0129,5,0.020692,nan,models/chua_orig_nint128_bs16_sig0.0_lr1e-03-1e-05_tfp0_ramp200_hLR1_m20_p10_seed11_minsym5_cand6_reducedp3_retained_sync_readout_retained_ga0p1_v1_rseed0.pth
chua_orig_nint128_bs16_sig0.0_lr1e-03-1e-05_tfp0_ramp200_hLR1_m20_p10_seed25_minsym5_cand8_reducedp3_retained_sync_readout_retained_ga0p1_v1_rseed0,20,10,25,25,0,8,10,3,7,5,5,2;3;4;5;7;8;9,retained_preactivation,1.0,,True,0.1,16345.155689071915,726.1163468885342,2.251038109679279,default,,0.1,True,readout_retained,128,0.00,0.00,0.00,1.00,128,2000,16,200,200,0.0,0.0,0.001,1e-05,False,5,5.0,0.0,200,1.0,0.028971,1.1184,0.0095,5,0.014833,nan,models/chua_orig_nint128_bs16_sig0.0_lr1e-03-1e-05_tfp0_ramp200_hLR1_m20_p10_seed25_minsym5_cand8_reducedp3_retained_sync_readout_retained_ga0p1_v1_rseed0.pth
chua_orig_nint128_bs16_sig0.0_lr1e-03-1e-05_tfp0_ramp200_hLR1_m20_p10_seed26_minsym5_cand6_reducedp3_retained_sync_readout_retained_ga0p1_v1_rseed0,20,10,26,26,0,6,10,3,7,5,5,1;2;4;5;7;8;9,retained_preactivation,1.0,,True,0.1,401725039.0081759,18062431.458220456,2.2240917007070244,default,,0.1,True,readout_retained,128,0.00,0.00,0.00,1.00,128,2000,16,200,200,0.0,0.0,0.001,1e-05,False,5,5.0,0.0,200,1.0,0.018461,1.0461,0.0108,3,0.011160,nan,models/chua_orig_nint128_bs16_sig0.0_lr1e-03-1e-05_tfp0_ramp200_hLR1_m20_p10_seed26_minsym5_cand6_reducedp3_retained_sync_readout_retained_ga0p1_v1_rseed0.pth
chua_orig_nint128_bs16_sig0.0_lr1e-03-1e-05_tfp0_ramp200_hLR1_m20_p10_seed26_minsym5_cand7_reducedp3_retained_sync_readout_retained_ga0p1_v1_rseed0,20,10,26,26,0,7,10,3,7,5,5,1;4;5;6;7;8;9,retained_preactivation,1.0,,True,0.1,107816233.7054462,4297696.662859304,2.508698080932378,default,,0.1,True,readout_retained,128,0.00,0.00,0.00,1.00,128,2000,16,200,200,0.0,0.0,0.001,1e-05,False,5,5.0,0.0,200,1.0,0.018336,1.1753,0.0089,3,0.011365,nan,models/chua_orig_nint128_bs16_sig0.0_lr1e-03-1e-05_tfp0_ramp200_hLR1_m20_p10_seed26_minsym5_cand7_reducedp3_retained_sync_readout_retained_ga0p1_v1_rseed0.pth
chua_orig_nint128_bs16_sig0.0_lr1e-03-1e-05_tfp0_ramp200_hLR1_m20_p10_seed22_minsym5_cand6_reducedp4_retained_sync_readout_retained_ga0p1_v1_rseed0,20,10,22,22,0,6,10,4,6,5,5,1;2;3;4;7;9,retained_preactivation,1.0,,True,0.1,3341.722132748323,114.47593549357396,2.9191481321730537,default,,0.1,True,readout_retained,128,0.00,0.00,0.00,1.00,128,2000,16,200,200,0.0,0.0,0.001,1e-05,False,5,5.0,0.0,200,1.0,0.037255,1.1599,0.0104,5,0.019725,nan,models/chua_orig_nint128_bs16_sig0.0_lr1e-03-1e-05_tfp0_ramp200_hLR1_m20_p10_seed22_minsym5_cand6_reducedp4_retained_sync_readout_retained_ga0p1_v1_rseed0.pth
chua_orig_nint128_bs16_sig0.0_lr1e-03-1e-05_tfp0_ramp200_hLR1_m20_p10_seed22_minsym5_cand7_reducedp4_retained_sync_readout_retained_ga0p1_v1_rseed0,20,10,22,22,0,7,10,4,6,5,5,1;2;3;5;7;9,retained_preactivation,1.0,,True,0.1,3049.5263105521813,115.41731598782734,2.642173996555056,default,,0.1,True,readout_retained,128,0.00,0.00,0.00,1.00,128,2000,16,200,200,0.0,0.0,0.001,1e-05,False,5,5.0,0.0,200,1.0,0.033605,1.0397,0.0081,4,0.017370,nan,models/chua_orig_nint128_bs16_sig0.0_lr1e-03-1e-05_tfp0_ramp200_hLR1_m20_p10_seed22_minsym5_cand7_reducedp4_retained_sync_readout_retained_ga0p1_v1_rseed0.pth
chua_orig_nint128_bs16_sig0.0_lr1e-03-1e-05_tfp0_ramp200_hLR1_m20_p10_seed26_minsym5_cand8_reducedp3_retained_sync_readout_retained_ga0p1_v1_rseed0,20,10,26,26,0,8,10,3,7,5,5,2;3;4;5;6;8;9,retained_preactivation,1.0,,True,0.1,2991083597.9184837,1012320066.9824808,0.2954681721201371,default,,0.1,True,readout_retained,128,0.00,0.00,0.00,1.00,128,2000,16,200,200,0.0,0.0,0.001,1e-05,False,5,5.0,0.0,200,1.0,0.028532,1.6503,0.0115,5,0.024181,nan,models/chua_orig_nint128_bs16_sig0.0_lr1e-03-1e-05_tfp0_ramp200_hLR1_m20_p10_seed26_minsym5_cand8_reducedp3_retained_sync_readout_retained_ga0p1_v1_rseed0.pth
chua_orig_nint128_bs16_sig0.0_lr1e-03-1e-05_tfp0_ramp200_hLR1_m20_p10_seed24_minsym5_cand7_reducedp3_retained_sync_readout_retained_ga0p1_v1_rseed0,20,10,24,24,0,7,10,3,7,5,5,0;2;3;5;7;8;9,retained_preactivation,1.0,,True,0.1,4092.1345514902123,41.43102396766555,9.8769814491763,default,,0.1,True,readout_retained,128,0.00,0.00,0.00,1.00,128,2000,16,200,200,0.0,0.0,0.001,1e-05,False,5,5.0,0.0,200,1.0,0.144370,1.9420,0.0132,5,0.050009,nan,models/chua_orig_nint128_bs16_sig0.0_lr1e-03-1e-05_tfp0_ramp200_hLR1_m20_p10_seed24_minsym5_cand7_reducedp3_retained_sync_readout_retained_ga0p1_v1_rseed0.pth
chua_orig_nint128_bs16_sig0.0_lr1e-03-1e-05_tfp0_ramp200_hLR1_m20_p10_seed24_minsym5_cand6_reducedp3_retained_sync_readout_retained_ga0p1_v1_rseed0,20,10,24,24,0,6,10,3,7,5,5,0;2;3;5;6;7;9,retained_preactivation,1.0,,True,0.1,11785.848760271787,156.2570447630632,7.54260313712122,default,,0.1,True,readout_retained,128,0.00,0.00,0.00,1.00,128,2000,16,200,200,0.0,0.0,0.001,1e-05,False,5,5.0,0.0,200,1.0,0.162636,1.8832,0.0096,5,0.070427,nan,models/chua_orig_nint128_bs16_sig0.0_lr1e-03-1e-05_tfp0_ramp200_hLR1_m20_p10_seed24_minsym5_cand6_reducedp3_retained_sync_readout_retained_ga0p1_v1_rseed0.pth
chua_orig_nint128_bs16_sig0.0_lr1e-03-1e-05_tfp0_ramp200_hLR1_m20_p10_seed4_minsym5_cand2_reducedp3_retained_sync_readout_ga0p1_v1_rseed0,20,10,4,4,0,2,10,3,7,5,5,1;2;3;4;5;6;8,retained_preactivation,1.0,,True,0.1,2368.3348349895546,60.700386729885956,3.9016799769802146,default,,0.1,True,readout,128,0.00,0.00,0.00,1.00,128,2000,16,200,200,0.0,0.0,0.001,1e-05,False,5,5.0,0.0,200,1.0,0.085594,1.3000,0.0077,5,0.039511,nan,models/chua_orig_nint128_bs16_sig0.0_lr1e-03-1e-05_tfp0_ramp200_hLR1_m20_p10_seed4_minsym5_cand2_reducedp3_retained_sync_readout_ga0p1_v1_rseed0.pth
chua_orig_nint128_bs16_sig0.0_lr1e-03-1e-05_tfp0_ramp200_hLR1_m20_p10_seed14_minsym5_cand0_reducedp3_retained_sync_readout_ga0p1_v1_rseed0,20,10,14,14,0,0,10,3,7,5,5,0;1;2;5;6;7;8,retained_preactivation,1.0,,True,0.1,5656.437079779108,141.30387577429676,4.00303038312554,default,,0.1,True,readout,128,0.00,0.00,0.00,1.00,128,2000,16,200,200,0.0,0.0,0.001,1e-05,False,5,5.0,0.0,200,1.0,0.500278,2.4342,0.0093,1,0.356720,nan,models/chua_orig_nint128_bs16_sig0.0_lr1e-03-1e-05_tfp0_ramp200_hLR1_m20_p10_seed14_minsym5_cand0_reducedp3_retained_sync_readout_ga0p1_v1_rseed0.pth
chua_orig_nint128_bs16_sig0.0_lr1e-03-1e-05_tfp0_ramp200_hLR1_m20_p10_seed3_minsym5_cand1_reducedp3_retained_sync_readout_ga0p1_v1_rseed0,20,10,3,3,0,1,10,3,7,5,5,0;1;2;3;4;6;8,retained_preactivation,1.0,,True,0.1,236915.88130811322,6273.889250546666,3.7762203291597776,default,,0.1,True,readout,128,0.00,0.00,0.00,1.00,128,2000,16,200,200,0.0,0.0,0.001,1e-05,False,5,5.0,0.0,200,1.0,3211278977878260344792210642829312.000000,1.3459,0.0108,5,236042199595778402003955220480.000000,nan,models/chua_orig_nint128_bs16_sig0.0_lr1e-03-1e-05_tfp0_ramp200_hLR1_m20_p10_seed3_minsym5_cand1_reducedp3_retained_sync_readout_ga0p1_v1_rseed0.pth
chua_orig_nint128_bs16_sig0.0_lr1e-03-1e-05_tfp0_ramp200_hLR1_m20_p10_seed10_minsym5_cand0_reducedp3_retained_sync_readout_ga0p1_v1_rseed0,20,10,10,10,0,0,10,3,7,5,5,0;1;2;4;5;6;7,retained_preactivation,1.0,,True,0.1,5459.1443640464395,175.07138288488102,3.1182391285708264,default,,0.1,True,readout,128,0.00,0.00,0.00,1.00,128,2000,16,200,200,0.0,0.0,0.001,1e-05,False,5,5.0,0.0,200,1.0,0.048356,1.2222,0.0058,3,0.028036,nan,models/chua_orig_nint128_bs16_sig0.0_lr1e-03-1e-05_tfp0_ramp200_hLR1_m20_p10_seed10_minsym5_cand0_reducedp3_retained_sync_readout_ga0p1_v1_rseed0.pth
chua_orig_nint128_bs16_sig0.0_lr1e-03-1e-05_tfp0_ramp200_hLR1_m20_p10_seed9_minsym5_cand2_reducedp3_retained_sync_readout_ga0p1_v1_rseed0,20,10,9,9,0,2,10,3,7,5,5,0;2;3;5;6;7;8,retained_preactivation,1.0,,True,0.1,8044177593.627487,273500204.5884123,2.9411961887681546,default,,0.1,True,readout,128,0.00,0.00,0.00,1.00,128,2000,16,200,200,0.0,0.0,0.001,1e-05,False,5,5.0,0.0,200,1.0,0.037025,1.0947,0.0080,4,0.014957,nan,models/chua_orig_nint128_bs16_sig0.0_lr1e-03-1e-05_tfp0_ramp200_hLR1_m20_p10_seed9_minsym5_cand2_reducedp3_retained_sync_readout_ga0p1_v1_rseed0.pth
chua_orig_nint128_bs16_sig0.0_lr1e-03-1e-05_tfp0_ramp200_hLR1_m20_p10_seed11_minsym5_cand0_reducedp3_retained_sync_readout_ga0p1_v1_rseed0,20,10,11,11,0,0,10,3,7,5,5,0;1;3;4;5;6;9,retained_preactivation,1.0,,True,0.1,190349.53507692105,6396.8294172777505,2.975685650813034,default,,0.1,True,readout,128,0.00,0.00,0.00,1.00,128,2000,16,200,200,0.0,0.0,0.001,1e-05,False,5,5.0,0.0,200,1.0,0.043151,1.3380,0.0113,5,0.023897,nan,models/chua_orig_nint128_bs16_sig0.0_lr1e-03-1e-05_tfp0_ramp200_hLR1_m20_p10_seed11_minsym5_cand0_reducedp3_retained_sync_readout_ga0p1_v1_rseed0.pth
chua_orig_nint128_bs16_sig0.0_lr1e-03-1e-05_tfp0_ramp200_hLR1_m20_p10_seed16_minsym5_cand0_reducedp3_retained_sync_readout_ga0p1_v1_rseed0,20,10,16,16,0,0,10,3,7,5,5,0;1;2;3;4;5;8,retained_preactivation,1.0,,True,0.1,3776.5462975448877,192.02797844802703,1.966664612139841,default,,0.1,True,readout,128,0.00,0.00,0.00,1.00,128,2000,16,200,200,0.0,0.0,0.001,1e-05,False,5,5.0,0.0,200,1.0,0.050681,1.2216,0.0138,5,0.021863,nan,models/chua_orig_nint128_bs16_sig0.0_lr1e-03-1e-05_tfp0_ramp200_hLR1_m20_p10_seed16_minsym5_cand0_reducedp3_retained_sync_readout_ga0p1_v1_rseed0.pth
chua_orig_nint128_bs16_sig0.0_lr1e-03-1e-05_tfp0_ramp200_hLR1_m20_p10_seed3_minsym5_cand2_reducedp3_retained_sync_readout_ga0p1_v1_rseed0,20,10,3,3,0,2,10,3,7,5,5,0;1;3;4;5;7;8,retained_preactivation,1.0,,True,0.1,139570.40359617793,4622.860991008436,3.019134771035628,default,,0.1,True,readout,128,0.00,0.00,0.00,1.00,128,2000,16,200,200,0.0,0.0,0.001,1e-05,False,5,5.0,0.0,200,1.0,0.022750,1.1593,0.0159,3,0.011114,nan,models/chua_orig_nint128_bs16_sig0.0_lr1e-03-1e-05_tfp0_ramp200_hLR1_m20_p10_seed3_minsym5_cand2_reducedp3_retained_sync_readout_ga0p1_v1_rseed0.pth
chua_orig_nint128_bs16_sig0.0_lr1e-03-1e-05_tfp0_ramp200_hLR1_m20_p10_seed11_minsym5_cand1_reducedp3_retained_sync_readout_ga0p1_v1_rseed0,20,10,11,11,0,1,10,3,7,5,5,0;1;3;5;6;7;9,retained_preactivation,1.0,,True,0.1,82788.89324057908,3508.6272611681766,2.359580744208634,default,,0.1,True,readout,128,0.00,0.00,0.00,1.00,128,2000,16,200,200,0.0,0.0,0.001,1e-05,False,5,5.0,0.0,200,1.0,0.051674,1.0547,0.0058,5,0.036041,nan,models/chua_orig_nint128_bs16_sig0.0_lr1e-03-1e-05_tfp0_ramp200_hLR1_m20_p10_seed11_minsym5_cand1_reducedp3_retained_sync_readout_ga0p1_v1_rseed0.pth
chua_orig_nint128_bs16_sig0.0_lr1e-03-1e-05_tfp0_ramp200_hLR1_m20_p10_seed4_minsym5_cand0_reducedp3_retained_sync_readout_ga0p1_v1_rseed0,20,10,4,4,0,0,10,3,7,5,5,0;1;2;3;4;5;8,retained_preactivation,1.0,,True,0.1,590.6241005284156,21.566311573994664,2.7386421572457547,default,,0.1,True,readout,128,0.00,0.00,0.00,1.00,128,2000,16,200,200,0.0,0.0,0.001,1e-05,False,5,5.0,0.0,200,1.0,0.543257,2.4551,0.0155,2,0.269001,nan,models/chua_orig_nint128_bs16_sig0.0_lr1e-03-1e-05_tfp0_ramp200_hLR1_m20_p10_seed4_minsym5_cand0_reducedp3_retained_sync_readout_ga0p1_v1_rseed0.pth
chua_orig_nint128_bs16_sig0.0_lr1e-03-1e-05_tfp0_ramp200_hLR1_m20_p10_seed2_minsym5_cand0_reducedp3_retained_sync_readout_ga0p1_v1_rseed0,20,10,2,2,0,0,10,3,7,5,5,2;4;5;6;7;8;9,retained_preactivation,1.0,,True,0.1,55135434406.33514,38082721327.93602,0.1447780843484258,default,,0.1,True,readout,128,0.00,0.00,0.00,1.00,128,2000,16,200,200,0.0,0.0,0.001,1e-05,False,5,5.0,0.0,200,1.0,0.024165,1.0221,0.0172,2,0.017652,nan,models/chua_orig_nint128_bs16_sig0.0_lr1e-03-1e-05_tfp0_ramp200_hLR1_m20_p10_seed2_minsym5_cand0_reducedp3_retained_sync_readout_ga0p1_v1_rseed0.pth
chua_orig_nint128_bs16_sig0.0_lr1e-03-1e-05_tfp0_ramp200_hLR1_m20_p10_seed9_minsym5_cand0_reducedp3_retained_sync_readout_ga0p1_v1_rseed0,20,10,9,9,0,0,10,3,7,5,5,0;1;2;3;5;6;8,retained_preactivation,1.0,,True,0.1,2593472051.5095015,217013113.25650406,1.1950761926741647,default,,0.1,True,readout,128,0.00,0.00,0.00,1.00,128,2000,16,200,200,0.0,0.0,0.001,1e-05,False,5,5.0,0.0,200,1.0,0.017261,1.0772,0.0093,5,0.008154,nan,models/chua_orig_nint128_bs16_sig0.0_lr1e-03-1e-05_tfp0_ramp200_hLR1_m20_p10_seed9_minsym5_cand0_reducedp3_retained_sync_readout_ga0p1_v1_rseed0.pth
chua_orig_nint128_bs16_sig0.0_lr1e-03-1e-05_tfp0_ramp200_hLR1_m20_p10_seed13_minsym5_cand0_reducedp3_retained_sync_readout_ga0p1_v1_rseed0,20,10,13,13,0,0,10,3,7,5,5,0;1;2;3;5;7;8,retained_preactivation,1.0,,True,0.1,4084291.9407035536,179270.87032616313,2.2782797524620957,default,,0.1,True,readout,128,0.00,0.00,0.00,1.00,128,2000,16,200,200,0.0,0.0,0.001,1e-05,False,5,5.0,0.0,200,1.0,0.025812,1.2092,0.0116,5,0.013783,nan,models/chua_orig_nint128_bs16_sig0.0_lr1e-03-1e-05_tfp0_ramp200_hLR1_m20_p10_seed13_minsym5_cand0_reducedp3_retained_sync_readout_ga0p1_v1_rseed0.pth
chua_orig_nint128_bs16_sig0.0_lr1e-03-1e-05_tfp0_ramp200_hLR1_m20_p10_seed3_minsym5_cand0_reducedp3_retained_sync_readout_ga0p1_v1_rseed0,20,10,3,3,0,0,10,3,7,5,5,0;1;2;3;4;5;8,retained_preactivation,1.0,,True,0.1,93191.13979343744,2276.2384421041,4.094085139309648,default,,0.1,True,readout,128,0.00,0.00,0.00,1.00,128,2000,16,200,200,0.0,0.0,0.001,1e-05,False,5,5.0,0.0,200,1.0,315870826799933133702514211815424.000000,1.3833,0.0128,5,47852905995439383752749350912.000000,nan,models/chua_orig_nint128_bs16_sig0.0_lr1e-03-1e-05_tfp0_ramp200_hLR1_m20_p10_seed3_minsym5_cand0_reducedp3_retained_sync_readout_ga0p1_v1_rseed0.pth
chua_orig_nint128_bs16_sig0.0_lr1e-03-1e-05_tfp0_ramp200_hLR1_m20_p10_seed0_minsym5_cand0_reducedp3_retained_sync_readout_ga0p1_v1_rseed0,20,10,0,0,0,0,10,3,7,5,5,0;1;3;4;5;7;9,retained_preactivation,1.0,,True,0.1,4105.514896148838,28.78553612487247,14.262422899955228,default,,0.1,True,readout,128,0.00,0.00,0.00,1.00,128,2000,16,200,200,0.0,0.0,0.001,1e-05,False,5,5.0,0.0,200,1.0,0.086474,1.4556,0.0117,5,0.016633,nan,models/chua_orig_nint128_bs16_sig0.0_lr1e-03-1e-05_tfp0_ramp200_hLR1_m20_p10_seed0_minsym5_cand0_reducedp3_retained_sync_readout_ga0p1_v1_rseed0.pth
chua_orig_nint128_bs16_sig0.0_lr1e-03-1e-05_tfp0_ramp200_hLR1_m20_p10_seed7_minsym5_cand2_reducedp3_retained_sync_readout_ga0p1_v1_rseed0,20,10,7,7,0,2,10,3,7,5,5,1;2;4;5;7;8;9,retained_preactivation,1.0,,True,0.1,2746.14715826442,3571.874989063867,0.07688251035303288,default,,0.1,True,readout,128,0.00,0.00,0.00,1.00,128,2000,16,200,200,0.0,0.0,0.001,1e-05,False,5,5.0,0.0,200,1.0,0.211241,3.1943,0.0102,2,0.188632,nan,models/chua_orig_nint128_bs16_sig0.0_lr1e-03-1e-05_tfp0_ramp200_hLR1_m20_p10_seed7_minsym5_cand2_reducedp3_retained_sync_readout_ga0p1_v1_rseed0.pth
chua_orig_nint128_bs16_sig0.0_lr1e-03-1e-05_tfp0_ramp200_hLR1_m20_p10_seed6_minsym5_cand0_reducedp4_retained_sync_readout_ga0p1_v1_rseed0,20,10,6,6,0,0,10,4,6,5,5,0;1;2;4;5;9,retained_preactivation,1.0,,True,0.1,16551700.58728903,905991.9006437089,1.8269148516150109,default,,0.1,True,readout,128,0.00,0.00,0.00,1.00,128,2000,16,200,200,0.0,0.0,0.001,1e-05,False,5,5.0,0.0,200,1.0,0.021030,1.1912,0.0090,5,0.012878,nan,models/chua_orig_nint128_bs16_sig0.0_lr1e-03-1e-05_tfp0_ramp200_hLR1_m20_p10_seed6_minsym5_cand0_reducedp4_retained_sync_readout_ga0p1_v1_rseed0.pth
chua_orig_nint128_bs16_sig0.0_lr1e-03-1e-05_tfp0_ramp200_hLR1_m20_p10_seed15_minsym5_cand0_reducedp3_retained_sync_readout_ga0p1_v1_rseed0,20,10,15,15,0,0,10,3,7,5,5,0;2;3;5;6;7;8,retained_preactivation,1.0,,True,0.1,4224.024621140365,126.23685983695151,3.346110340986075,default,,0.1,True,readout,128,0.00,0.00,0.00,1.00,128,2000,16,200,200,0.0,0.0,0.001,1e-05,False,5,5.0,0.0,200,1.0,0.044023,1.2848,0.0053,5,0.029354,nan,models/chua_orig_nint128_bs16_sig0.0_lr1e-03-1e-05_tfp0_ramp200_hLR1_m20_p10_seed15_minsym5_cand0_reducedp3_retained_sync_readout_ga0p1_v1_rseed0.pth
chua_orig_nint128_bs16_sig0.0_lr1e-03-1e-05_tfp0_ramp200_hLR1_m20_p10_seed7_minsym5_cand0_reducedp3_retained_sync_readout_ga0p1_v1_rseed0,20,10,7,7,0,0,10,3,7,5,5,0;1;2;4;5;7;9,retained_preactivation,1.0,,True,0.1,15113.438300069247,12917.80069322948,0.11699699243688247,default,,0.1,True,readout,128,0.00,0.00,0.00,1.00,128,2000,16,200,200,0.0,0.0,0.001,1e-05,False,5,5.0,0.0,200,1.0,0.257621,6.4469,0.0256,1,0.229834,nan,models/chua_orig_nint128_bs16_sig0.0_lr1e-03-1e-05_tfp0_ramp200_hLR1_m20_p10_seed7_minsym5_cand0_reducedp3_retained_sync_readout_ga0p1_v1_rseed0.pth
chua_orig_nint128_bs16_sig0.0_lr1e-03-1e-05_tfp0_ramp200_hLR1_m20_p10_seed6_minsym5_cand2_reducedp4_retained_sync_readout_ga0p1_v1_rseed0,20,10,6,6,0,2,10,4,6,5,5,0;1;2;5;7;9,retained_preactivation,1.0,,True,0.1,1360028.1784845488,78375.89866151455,1.7352632655073756,default,,0.1,True,readout,128,0.00,0.00,0.00,1.00,128,2000,16,200,200,0.0,0.0,0.001,1e-05,False,5,5.0,0.0,200,1.0,0.050991,1.3398,0.0056,5,0.016332,nan,models/chua_orig_nint128_bs16_sig0.0_lr1e-03-1e-05_tfp0_ramp200_hLR1_m20_p10_seed6_minsym5_cand2_reducedp4_retained_sync_readout_ga0p1_v1_rseed0.pth
chua_orig_nint128_bs16_sig0.0_lr1e-03-1e-05_tfp0_ramp200_hLR1_m20_p10_seed4_minsym5_cand3_reducedp3_retained_sync_readout_ga0p1_v1_rseed0,20,10,4,4,0,3,10,3,7,5,5,1;2;3;4;5;7;8,retained_preactivation,1.0,,True,0.1,888274.4112221178,147437.37512584793,0.602475736199125,default,,0.1,True,readout,128,0.00,0.00,0.00,1.00,128,2000,16,200,200,0.0,0.0,0.001,1e-05,False,5,5.0,0.0,200,1.0,0.115482,2.0348,0.0197,1,0.054736,nan,models/chua_orig_nint128_bs16_sig0.0_lr1e-03-1e-05_tfp0_ramp200_hLR1_m20_p10_seed4_minsym5_cand3_reducedp3_retained_sync_readout_ga0p1_v1_rseed0.pth
chua_orig_nint128_bs16_sig0.0_lr1e-03-1e-05_tfp0_ramp200_hLR1_m20_p10_seed8_minsym5_cand0_reducedp3_retained_sync_readout_ga0p1_v1_rseed0,20,10,8,8,0,0,10,3,7,5,5,0;3;4;5;6;7;8,retained_preactivation,1.0,,True,0.1,237801.5421312486,11501.168179798085,2.067629465230752,default,,0.1,True,readout,128,0.00,0.00,0.00,1.00,128,2000,16,200,200,0.0,0.0,0.001,1e-05,False,5,5.0,0.0,200,1.0,0.028325,1.3229,0.0183,5,0.012802,nan,models/chua_orig_nint128_bs16_sig0.0_lr1e-03-1e-05_tfp0_ramp200_hLR1_m20_p10_seed8_minsym5_cand0_reducedp3_retained_sync_readout_ga0p1_v1_rseed0.pth
chua_orig_nint128_bs16_sig0.0_lr1e-03-1e-05_tfp0_ramp200_hLR1_m20_p10_seed7_minsym5_cand1_reducedp3_retained_sync_readout_ga0p1_v1_rseed0,20,10,7,7,0,1,10,3,7,5,5,0;1;4;5;6;7;9,retained_preactivation,1.0,,True,0.1,1057699.335909785,10396.119844832734,10.173981751811965,default,,0.1,True,readout,128,0.00,0.00,0.00,1.00,128,2000,16,200,200,0.0,0.0,0.001,1e-05,False,5,5.0,0.0,200,1.0,0.049537,1.4701,0.0130,5,0.019218,nan,models/chua_orig_nint128_bs16_sig0.0_lr1e-03-1e-05_tfp0_ramp200_hLR1_m20_p10_seed7_minsym5_cand1_reducedp3_retained_sync_readout_ga0p1_v1_rseed0.pth
chua_orig_nint128_bs16_sig0.0_lr1e-03-1e-05_tfp0_ramp200_hLR1_m20_p10_seed9_minsym5_cand1_reducedp3_retained_sync_readout_ga0p1_v1_rseed0,20,10,9,9,0,1,10,3,7,5,5,0;1;2;3;5;7;8,retained_preactivation,1.0,,True,0.1,2823510776.1971607,251291092.2731893,1.1236016170153782,default,,0.1,True,readout,128,0.00,0.00,0.00,1.00,128,2000,16,200,200,0.0,0.0,0.001,1e-05,False,5,5.0,0.0,200,1.0,0.026218,1.1894,0.0110,5,0.009739,nan,models/chua_orig_nint128_bs16_sig0.0_lr1e-03-1e-05_tfp0_ramp200_hLR1_m20_p10_seed9_minsym5_cand1_reducedp3_retained_sync_readout_ga0p1_v1_rseed0.pth
chua_orig_nint128_bs16_sig0.0_lr1e-03-1e-05_tfp0_ramp200_hLR1_m20_p10_seed4_minsym5_cand1_reducedp3_retained_sync_readout_ga0p1_v1_rseed0,20,10,4,4,0,1,10,3,7,5,5,0;1;4;6;7;8;9,retained_preactivation,1.0,,True,0.1,4784807.867360193,662049.8578445584,0.7227262132399114,default,,0.1,True,readout,128,0.00,0.00,0.00,1.00,128,2000,16,200,200,0.0,0.0,0.001,1e-05,False,5,5.0,0.0,200,1.0,19.097803,2.4182,0.0136,3,17.301418,nan,models/chua_orig_nint128_bs16_sig0.0_lr1e-03-1e-05_tfp0_ramp200_hLR1_m20_p10_seed4_minsym5_cand1_reducedp3_retained_sync_readout_ga0p1_v1_rseed0.pth
chua_orig_nint128_bs16_sig0.0_lr1e-03-1e-05_tfp0_ramp200_hLR1_m20_p10_seed8_minsym5_cand1_reducedp3_retained_sync_readout_ga0p1_v1_rseed0,20,10,8,8,0,1,10,3,7,5,5,0;3;4;6;7;8;9,retained_preactivation,1.0,,True,0.1,383442.7019999207,19991.221919921816,1.918055352173392,default,,0.1,True,readout,128,0.00,0.00,0.00,1.00,128,2000,16,200,200,0.0,0.0,0.001,1e-05,False,5,5.0,0.0,200,1.0,0.040518,1.3547,0.0183,3,0.013247,nan,models/chua_orig_nint128_bs16_sig0.0_lr1e-03-1e-05_tfp0_ramp200_hLR1_m20_p10_seed8_minsym5_cand1_reducedp3_retained_sync_readout_ga0p1_v1_rseed0.pth
chua_orig_nint128_bs16_sig0.0_lr1e-03-1e-05_tfp0_ramp200_hLR1_m20_p10_seed6_minsym5_cand1_reducedp4_retained_sync_readout_ga0p1_v1_rseed0,20,10,6,6,0,1,10,4,6,5,5,0;1;2;4;7;9,retained_preactivation,1.0,,True,0.1,1175792.0503218246,89743.21062760123,1.3101738193888512,default,,0.1,True,readout,128,0.00,0.00,0.00,1.00,128,2000,16,200,200,0.0,0.0,0.001,1e-05,False,5,5.0,0.0,200,1.0,0.046286,1.2434,0.0057,5,0.013936,nan,models/chua_orig_nint128_bs16_sig0.0_lr1e-03-1e-05_tfp0_ramp200_hLR1_m20_p10_seed6_minsym5_cand1_reducedp4_retained_sync_readout_ga0p1_v1_rseed0.pth
chua_orig_nint128_bs16_sig0.0_lr1e-03-1e-05_tfp0_ramp200_hLR1_m20_p10_seed3_minsym5_cand3_reducedp3_retained_sync_readout_ga0p1_v1_rseed0,20,10,3,3,0,3,10,3,7,5,5,0;1;3;4;6;7;8,retained_preactivation,1.0,,True,0.1,120435.60046763581,3674.4092334474326,3.277686093626533,default,,0.1,True,readout,128,0.00,0.00,0.00,1.00,128,2000,16,200,200,0.0,0.0,0.001,1e-05,False,5,5.0,0.0,200,1.0,0.024136,1.1571,0.0098,3,0.011649,nan,models/chua_orig_nint128_bs16_sig0.0_lr1e-03-1e-05_tfp0_ramp200_hLR1_m20_p10_seed3_minsym5_cand3_reducedp3_retained_sync_readout_ga0p1_v1_rseed0.pth
chua_orig_nint128_bs16_sig0.0_lr1e-03-1e-05_tfp0_ramp200_hLR1_m20_p10_seed17_minsym5_cand0_reducedp3_retained_sync_readout_ga0p1_v1_rseed0,20,10,17,17,0,0,10,3,7,5,5,0;1;2;3;4;6;8,retained_preactivation,1.0,,True,0.1,2821.8071808018703,15.558615724479601,18.136621090023556,default,,0.1,True,readout,128,0.00,0.00,0.00,1.00,128,2000,16,200,200,0.0,0.0,0.001,1e-05,False,5,5.0,0.0,200,1.0,0.217151,1.9085,0.0152,4,0.046842,nan,models/chua_orig_nint128_bs16_sig0.0_lr1e-03-1e-05_tfp0_ramp200_hLR1_m20_p10_seed17_minsym5_cand0_reducedp3_retained_sync_readout_ga0p1_v1_rseed0.pth
chua_orig_nint128_bs16_sig0.0_lr1e-03-1e-05_tfp0_ramp200_hLR1_m20_p10_seed9_minsym5_cand3_reducedp3_retained_sync_readout_ga0p1_v1_rseed0,20,10,9,9,0,3,10,3,7,5,5,1;2;3;5;6;7;8,retained_preactivation,1.0,,True,0.1,2049661886.9384284,225496370.78221363,0.908955598632676,default,,0.1,True,readout,128,0.00,0.00,0.00,1.00,128,2000,16,200,200,0.0,0.0,0.001,1e-05,False,5,5.0,0.0,200,1.0,0.105272,1.1878,0.0049,6,0.030250,nan,models/chua_orig_nint128_bs16_sig0.0_lr1e-03-1e-05_tfp0_ramp200_hLR1_m20_p10_seed9_minsym5_cand3_reducedp3_retained_sync_readout_ga0p1_v1_rseed0.pth
chua_orig_nint128_bs16_sig0.0_lr1e-03-1e-05_tfp0_ramp200_hLR1_m20_p10_seed16_minsym5_cand1_reducedp3_retained_sync_readout_ga0p1_v1_rseed0,20,10,16,16,0,1,10,3,7,5,5,0;1;2;3;4;7;8,retained_preactivation,1.0,,True,0.1,2108.4203228513284,146.30828707959117,1.4410805873930719,default,,0.1,True,readout,128,0.00,0.00,0.00,1.00,128,2000,16,200,200,0.0,0.0,0.001,1e-05,False,5,5.0,0.0,200,1.0,0.029117,1.2555,0.0166,5,0.012884,nan,models/chua_orig_nint128_bs16_sig0.0_lr1e-03-1e-05_tfp0_ramp200_hLR1_m20_p10_seed16_minsym5_cand1_reducedp3_retained_sync_readout_ga0p1_v1_rseed0.pth
chua_orig_nint128_bs16_sig0.0_lr1e-03-1e-05_tfp0_ramp200_hLR1_m20_p10_seed7_minsym5_cand3_reducedp3_retained_sync_readout_ga0p1_v1_rseed0,20,10,7,7,0,3,10,3,7,5,5,1;4;5;6;7;8;9,retained_preactivation,1.0,,True,0.1,1112990.9722832437,15602.947475457162,7.133209760745114,default,,0.1,True,readout,128,0.00,0.00,0.00,1.00,128,2000,16,200,200,0.0,0.0,0.001,1e-05,False,5,5.0,0.0,200,1.0,0.067116,1.7753,0.0085,3,0.033065,nan,models/chua_orig_nint128_bs16_sig0.0_lr1e-03-1e-05_tfp0_ramp200_hLR1_m20_p10_seed7_minsym5_cand3_reducedp3_retained_sync_readout_ga0p1_v1_rseed0.pth
chua_orig_nint128_bs16_sig0.0_lr1e-03-1e-05_tfp0_ramp200_hLR1_m20_p10_seed17_minsym5_cand1_reducedp3_retained_sync_readout_ga0p1_v1_rseed0,20,10,17,17,0,1,10,3,7,5,5,0;1;2;3;4;8;9,retained_preactivation,1.0,,True,0.1,3114.942181947363,100.2758461984268,3.106373369099728,default,,0.1,True,readout,128,0.00,0.00,0.00,1.00,128,2000,16,200,200,0.0,0.0,0.001,1e-05,False,5,5.0,0.0,200,1.0,0.052317,1.2970,0.0170,3,0.023436,nan,models/chua_orig_nint128_bs16_sig0.0_lr1e-03-1e-05_tfp0_ramp200_hLR1_m20_p10_seed17_minsym5_cand1_reducedp3_retained_sync_readout_ga0p1_v1_rseed0.pth
chua_orig_nint128_bs16_sig0.0_lr1e-03-1e-05_tfp0_ramp200_hLR1_m20_p10_seed26_minsym5_cand0_reducedp3_retained_sync_readout_ga0p1_v1_rseed0,20,10,26,26,0,0,10,3,7,5,5,0;1;2;4;5;7;9,retained_preactivation,1.0,,True,0.1,36151624.100029364,2135786.0144499494,1.6926613366433088,default,,0.1,True,readout,128,0.00,0.00,0.00,1.00,128,2000,16,200,200,0.0,0.0,0.001,1e-05,False,5,5.0,0.0,200,1.0,0.021421,1.0756,0.0089,5,0.012724,nan,models/chua_orig_nint128_bs16_sig0.0_lr1e-03-1e-05_tfp0_ramp200_hLR1_m20_p10_seed26_minsym5_cand0_reducedp3_retained_sync_readout_ga0p1_v1_rseed0.pth
chua_orig_nint128_bs16_sig0.0_lr1e-03-1e-05_tfp0_ramp200_hLR1_m20_p10_seed15_minsym5_cand1_reducedp3_retained_sync_readout_ga0p1_v1_rseed0,20,10,15,15,0,1,10,3,7,5,5,0;2;3;5;6;7;9,retained_preactivation,1.0,,True,0.1,19256.480402711186,459.46273835270944,4.191086413612236,default,,0.1,True,readout,128,0.00,0.00,0.00,1.00,128,2000,16,200,200,0.0,0.0,0.001,1e-05,False,5,5.0,0.0,200,1.0,0.044769,1.2307,0.0076,5,0.015864,nan,models/chua_orig_nint128_bs16_sig0.0_lr1e-03-1e-05_tfp0_ramp200_hLR1_m20_p10_seed15_minsym5_cand1_reducedp3_retained_sync_readout_ga0p1_v1_rseed0.pth
chua_orig_nint128_bs16_sig0.0_lr1e-03-1e-05_tfp0_ramp200_hLR1_m20_p10_seed13_minsym5_cand1_reducedp3_retained_sync_readout_ga0p1_v1_rseed0,20,10,13,13,0,1,10,3,7,5,5,0;1;2;5;7;8;9,retained_preactivation,1.0,,True,0.1,5487330.034721076,24789.171098485727,22.13599645151618,default,,0.1,True,readout,128,0.00,0.00,0.00,1.00,128,2000,16,200,200,0.0,0.0,0.001,1e-05,False,5,5.0,0.0,200,1.0,0.232401,2.0771,0.0185,5,0.066442,nan,models/chua_orig_nint128_bs16_sig0.0_lr1e-03-1e-05_tfp0_ramp200_hLR1_m20_p10_seed13_minsym5_cand1_reducedp3_retained_sync_readout_ga0p1_v1_rseed0.pth
chua_orig_nint128_bs16_sig0.0_lr1e-03-1e-05_tfp0_ramp200_hLR1_m20_p10_seed18_minsym5_cand0_reducedp3_retained_sync_readout_ga0p1_v1_rseed0,20,10,18,18,0,0,10,3,7,5,5,0;1;2;3;4;5;7,retained_preactivation,1.0,,True,0.1,620834949.3751564,111588739.82970604,0.5563598534427431,default,,0.1,True,readout,128,0.00,0.00,0.00,1.00,128,2000,16,200,200,0.0,0.0,0.001,1e-05,False,5,5.0,0.0,200,1.0,0.032797,1.3180,0.0103,4,0.027098,nan,models/chua_orig_nint128_bs16_sig0.0_lr1e-03-1e-05_tfp0_ramp200_hLR1_m20_p10_seed18_minsym5_cand0_reducedp3_retained_sync_readout_ga0p1_v1_rseed0.pth
chua_orig_nint128_bs16_sig0.0_lr1e-03-1e-05_tfp0_ramp200_hLR1_m20_p10_seed6_minsym5_cand3_reducedp4_retained_sync_readout_ga0p1_v1_rseed0,20,10,6,6,0,3,10,4,6,5,5,0;1;4;5;8;9,retained_preactivation,1.0,,True,0.1,181013.13861706282,3900.6207268443186,4.6406239235544975,default,,0.1,True,readout,128,0.00,0.00,0.00,1.00,128,2000,16,200,200,0.0,0.0,0.001,1e-05,False,5,5.0,0.0,200,1.0,0.038956,1.2702,0.0069,4,0.015527,nan,models/chua_orig_nint128_bs16_sig0.0_lr1e-03-1e-05_tfp0_ramp200_hLR1_m20_p10_seed6_minsym5_cand3_reducedp4_retained_sync_readout_ga0p1_v1_rseed0.pth
chua_orig_nint128_bs16_sig0.0_lr1e-03-1e-05_tfp0_ramp200_hLR1_m20_p10_seed21_minsym5_cand0_reducedp3_retained_sync_readout_ga0p1_v1_rseed0,20,10,21,21,0,0,10,3,7,5,5,0;1;3;4;5;6;8,retained_preactivation,1.0,,True,0.1,541798.0365855898,45626.439221135806,1.1874650878620603,default,,0.1,True,readout,128,0.00,0.00,0.00,1.00,128,2000,16,200,200,0.0,0.0,0.001,1e-05,False,5,5.0,0.0,200,1.0,0.051223,1.2174,0.0112,5,0.024448,nan,models/chua_orig_nint128_bs16_sig0.0_lr1e-03-1e-05_tfp0_ramp200_hLR1_m20_p10_seed21_minsym5_cand0_reducedp3_retained_sync_readout_ga0p1_v1_rseed0.pth
chua_orig_nint128_bs16_sig0.0_lr1e-03-1e-05_tfp0_ramp200_hLR1_m20_p10_seed22_minsym5_cand0_reducedp3_retained_sync_readout_ga0p1_v1_rseed0,20,10,22,22,0,0,10,3,7,5,5,0;2;3;4;5;7;8,retained_preactivation,1.0,,True,0.1,2730.2977315899084,229.2457662376573,1.1909915617632032,default,,0.1,True,readout,128,0.00,0.00,0.00,1.00,128,2000,16,200,200,0.0,0.0,0.001,1e-05,False,5,5.0,0.0,200,1.0,0.303928,5.5511,0.0147,2,0.200063,nan,models/chua_orig_nint128_bs16_sig0.0_lr1e-03-1e-05_tfp0_ramp200_hLR1_m20_p10_seed22_minsym5_cand0_reducedp3_retained_sync_readout_ga0p1_v1_rseed0.pth
chua_orig_nint128_bs16_sig0.0_lr1e-03-1e-05_tfp0_ramp200_hLR1_m20_p10_seed14_minsym5_cand1_reducedp3_retained_sync_readout_ga0p1_v1_rseed0,20,10,14,14,0,1,10,3,7,5,5,0;1;2;5;6;7;9,retained_preactivation,1.0,,True,0.1,5957.372244748518,108.17260865366728,5.507283515572771,default,,0.1,True,readout,128,0.00,0.00,0.00,1.00,128,2000,16,200,200,0.0,0.0,0.001,1e-05,False,5,5.0,0.0,200,1.0,0.032204,1.2382,0.0069,4,0.010122,nan,models/chua_orig_nint128_bs16_sig0.0_lr1e-03-1e-05_tfp0_ramp200_hLR1_m20_p10_seed14_minsym5_cand1_reducedp3_retained_sync_readout_ga0p1_v1_rseed0.pth
chua_orig_nint128_bs16_sig0.0_lr1e-03-1e-05_tfp0_ramp200_hLR1_m20_p10_seed24_minsym5_cand0_reducedp3_retained_sync_readout_ga0p1_v1_rseed0,20,10,24,24,0,0,10,3,7,5,5,0;1;2;3;5;6;9,retained_preactivation,1.0,,True,0.1,3719.640914288636,59.95309305873693,6.204251898470671,default,,0.1,True,readout,128,0.00,0.00,0.00,1.00,128,2000,16,200,200,0.0,0.0,0.001,1e-05,False,5,5.0,0.0,200,1.0,295867068522168320.000000,1.2809,0.0122,5,2202231596122112.000000,nan,models/chua_orig_nint128_bs16_sig0.0_lr1e-03-1e-05_tfp0_ramp200_hLR1_m20_p10_seed24_minsym5_cand0_reducedp3_retained_sync_readout_ga0p1_v1_rseed0.pth
chua_orig_nint128_bs16_sig0.0_lr1e-03-1e-05_tfp0_ramp200_hLR1_m20_p10_seed10_minsym5_cand1_reducedp3_retained_sync_readout_ga0p1_v1_rseed0,20,10,10,10,0,1,10,3,7,5,5,0;1;2;4;5;6;8,retained_preactivation,1.0,,True,0.1,4704.670193010345,207.99420862204914,2.2619236488258587,default,,0.1,True,readout,128,0.00,0.00,0.00,1.00,128,2000,16,200,200,0.0,0.0,0.001,1e-05,False,5,5.0,0.0,200,1.0,0.062659,1.2071,0.0113,3,0.025524,nan,models/chua_orig_nint128_bs16_sig0.0_lr1e-03-1e-05_tfp0_ramp200_hLR1_m20_p10_seed10_minsym5_cand1_reducedp3_retained_sync_readout_ga0p1_v1_rseed0.pth
chua_orig_nint128_bs16_sig0.0_lr1e-03-1e-05_tfp0_ramp200_hLR1_m20_p10_seed11_minsym5_cand2_reducedp3_retained_sync_readout_ga0p1_v1_rseed0,20,10,11,11,0,2,10,3,7,5,5,0;1;4;5;6;7;9,retained_preactivation,1.0,,True,0.1,861.1046026579755,32.533530324850226,2.6468218913217907,default,,0.1,True,readout,128,0.00,0.00,0.00,1.00,128,2000,16,200,200,0.0,0.0,0.001,1e-05,False,5,5.0,0.0,200,1.0,0.072605,1.2101,0.0113,4,0.038601,nan,models/chua_orig_nint128_bs16_sig0.0_lr1e-03-1e-05_tfp0_ramp200_hLR1_m20_p10_seed11_minsym5_cand2_reducedp3_retained_sync_readout_ga0p1_v1_rseed0.pth
chua_orig_nint128_bs16_sig0.0_lr1e-03-1e-05_tfp0_ramp200_hLR1_m20_p10_seed25_minsym5_cand0_reducedp3_retained_sync_readout_ga0p1_v1_rseed0,20,10,25,25,0,0,10,3,7,5,5,0;1;2;3;4;5;8,retained_preactivation,1.0,,True,0.1,31522.411725627848,1526.5455396639725,2.064950629154937,default,,0.1,True,readout,128,0.00,0.00,0.00,1.00,128,2000,16,200,200,0.0,0.0,0.001,1e-05,False,5,5.0,0.0,200,1.0,0.127548,1.7712,0.0079,5,0.089095,nan,models/chua_orig_nint128_bs16_sig0.0_lr1e-03-1e-05_tfp0_ramp200_hLR1_m20_p10_seed25_minsym5_cand0_reducedp3_retained_sync_readout_ga0p1_v1_rseed0.pth
chua_orig_nint128_bs16_sig0.0_lr1e-03-1e-05_tfp0_ramp200_hLR1_m20_p10_seed13_minsym5_cand2_reducedp3_retained_sync_readout_ga0p1_v1_rseed0,20,10,13,13,0,2,10,3,7,5,5,0;1;3;5;7;8;9,retained_preactivation,1.0,,True,0.1,3656171.961575112,72431.04181564697,5.047797007919448,default,,0.1,True,readout,128,0.00,0.00,0.00,1.00,128,2000,16,200,200,0.0,0.0,0.001,1e-05,False,5,5.0,0.0,200,1.0,0.032145,1.2596,0.0087,5,0.013267,nan,models/chua_orig_nint128_bs16_sig0.0_lr1e-03-1e-05_tfp0_ramp200_hLR1_m20_p10_seed13_minsym5_cand2_reducedp3_retained_sync_readout_ga0p1_v1_rseed0.pth
chua_orig_nint128_bs16_sig0.0_lr1e-03-1e-05_tfp0_ramp200_hLR1_m20_p10_seed28_minsym5_cand0_reducedp3_retained_sync_readout_ga0p1_v1_rseed0,20,10,28,28,0,0,10,3,7,5,5,0;1;2;3;5;6;9,retained_preactivation,1.0,,True,0.1,529.8508634512168,12.360960269155255,4.286486259270081,default,,0.1,True,readout,128,0.00,0.00,0.00,1.00,128,2000,16,200,200,0.0,0.0,0.001,1e-05,False,5,5.0,0.0,200,1.0,0.050750,1.0822,0.0100,5,0.027747,nan,models/chua_orig_nint128_bs16_sig0.0_lr1e-03-1e-05_tfp0_ramp200_hLR1_m20_p10_seed28_minsym5_cand0_reducedp3_retained_sync_readout_ga0p1_v1_rseed0.pth
chua_orig_nint128_bs16_sig0.0_lr1e-03-1e-05_tfp0_ramp200_hLR1_m20_p10_seed10_minsym5_cand2_reducedp3_retained_sync_readout_ga0p1_v1_rseed0,20,10,10,10,0,2,10,3,7,5,5,0;1;2;4;5;7;8,retained_preactivation,1.0,,True,0.1,3942.8926683020422,231.63007221957454,1.7022369464032057,default,,0.1,True,readout,128,0.00,0.00,0.00,1.00,128,2000,16,200,200,0.0,0.0,0.001,1e-05,False,5,5.0,0.0,200,1.0,0.045256,1.0693,0.0090,5,0.020915,nan,models/chua_orig_nint128_bs16_sig0.0_lr1e-03-1e-05_tfp0_ramp200_hLR1_m20_p10_seed10_minsym5_cand2_reducedp3_retained_sync_readout_ga0p1_v1_rseed0.pth
chua_orig_nint128_bs16_sig0.0_lr1e-03-1e-05_tfp0_ramp200_hLR1_m20_p10_seed20_minsym5_cand0_reducedp3_retained_sync_readout_ga0p1_v1_rseed0,20,10,20,20,0,0,10,3,7,5,5,0;1;2;3;5;7;8,retained_preactivation,1.0,,True,0.1,242674137.73769933,1309874.7294974432,18.526514961534193,default,,0.1,True,readout,128,0.00,0.00,0.00,1.00,128,2000,16,200,200,0.0,0.0,0.001,1e-05,False,5,5.0,0.0,200,1.0,0.023300,1.1909,0.0102,5,0.008104,nan,models/chua_orig_nint128_bs16_sig0.0_lr1e-03-1e-05_tfp0_ramp200_hLR1_m20_p10_seed20_minsym5_cand0_reducedp3_retained_sync_readout_ga0p1_v1_rseed0.pth
chua_orig_nint128_bs16_sig0.0_lr1e-03-1e-05_tfp0_ramp200_hLR1_m20_p10_seed11_minsym5_cand3_reducedp3_retained_sync_readout_ga0p1_v1_rseed0,20,10,11,11,0,3,10,3,7,5,5,0;3;4;5;6;8;9,retained_preactivation,1.0,,True,0.1,3985.448861169843,9.052888587864455,44.024057321460496,default,,0.1,True,readout,128,0.00,0.00,0.00,1.00,128,2000,16,200,200,0.0,0.0,0.001,1e-05,False,5,5.0,0.0,200,1.0,0.265631,2.2732,0.0083,4,0.058245,nan,models/chua_orig_nint128_bs16_sig0.0_lr1e-03-1e-05_tfp0_ramp200_hLR1_m20_p10_seed11_minsym5_cand3_reducedp3_retained_sync_readout_ga0p1_v1_rseed0.pth
chua_orig_nint128_bs16_sig0.0_lr1e-03-1e-05_tfp0_ramp200_hLR1_m20_p10_seed18_minsym5_cand1_reducedp3_retained_sync_readout_ga0p1_v1_rseed0,20,10,18,18,0,1,10,3,7,5,5,0;1;2;3;4;5;9,retained_preactivation,1.0,,True,0.1,1151239905.795709,83876771.07255171,1.3725372246386425,default,,0.1,True,readout,128,0.00,0.00,0.00,1.00,128,2000,16,200,200,0.0,0.0,0.001,1e-05,False,5,5.0,0.0,200,1.0,0.034185,1.1365,0.0073,5,0.021294,nan,models/chua_orig_nint128_bs16_sig0.0_lr1e-03-1e-05_tfp0_ramp200_hLR1_m20_p10_seed18_minsym5_cand1_reducedp3_retained_sync_readout_ga0p1_v1_rseed0.pth
chua_orig_nint128_bs16_sig0.0_lr1e-03-1e-05_tfp0_ramp200_hLR1_m20_p10_seed29_minsym5_cand0_reducedp3_retained_sync_readout_ga0p1_v1_rseed0,20,10,29,29,0,0,10,3,7,5,5,0;1;2;3;5;8;9,retained_preactivation,1.0,,True,0.1,1016.1828621734378,29.76732035136651,3.4137532373711106,default,,0.1,True,readout,128,0.00,0.00,0.00,1.00,128,2000,16,200,200,0.0,0.0,0.001,1e-05,False,5,5.0,0.0,200,1.0,0.036593,1.1616,0.0078,5,0.012278,nan,models/chua_orig_nint128_bs16_sig0.0_lr1e-03-1e-05_tfp0_ramp200_hLR1_m20_p10_seed29_minsym5_cand0_reducedp3_retained_sync_readout_ga0p1_v1_rseed0.pth
chua_orig_nint128_bs16_sig0.0_lr1e-03-1e-05_tfp0_ramp200_hLR1_m20_p10_seed14_minsym5_cand2_reducedp3_retained_sync_readout_ga0p1_v1_rseed0,20,10,14,14,0,2,10,3,7,5,5,0;1;2;5;6;8;9,retained_preactivation,1.0,,True,0.1,5683.431132467429,91.67399163774779,6.199611286618343,default,,0.1,True,readout,128,0.00,0.00,0.00,1.00,128,2000,16,200,200,0.0,0.0,0.001,1e-05,False,5,5.0,0.0,200,1.0,0.029921,1.2784,0.0111,5,0.009369,nan,models/chua_orig_nint128_bs16_sig0.0_lr1e-03-1e-05_tfp0_ramp200_hLR1_m20_p10_seed14_minsym5_cand2_reducedp3_retained_sync_readout_ga0p1_v1_rseed0.pth
chua_orig_nint128_bs16_sig0.0_lr1e-03-1e-05_tfp0_ramp200_hLR1_m20_p10_seed27_minsym5_cand0_reducedp3_retained_sync_readout_ga0p1_v1_rseed0,20,10,27,27,0,0,10,3,7,5,5,1;2;3;4;5;6;7,retained_preactivation,1.0,,True,0.1,1832.2311109000414,86.92179916408699,2.1079074852572006,default,,0.1,True,readout,128,0.00,0.00,0.00,1.00,128,2000,16,200,200,0.0,0.0,0.001,1e-05,False,5,5.0,0.0,200,1.0,0.047681,1.1360,0.0071,5,0.015224,nan,models/chua_orig_nint128_bs16_sig0.0_lr1e-03-1e-05_tfp0_ramp200_hLR1_m20_p10_seed27_minsym5_cand0_reducedp3_retained_sync_readout_ga0p1_v1_rseed0.pth
chua_orig_nint128_bs16_sig0.0_lr1e-03-1e-05_tfp0_ramp200_hLR1_m20_p10_seed20_minsym5_cand1_reducedp3_retained_sync_readout_ga0p1_v1_rseed0,20,10,20,20,0,1,10,3,7,5,5,0;1;3;4;5;7;8,retained_preactivation,1.0,,True,0.1,99369.53410376844,3089.6887548040336,3.216166481146773,default,,0.1,True,readout,128,0.00,0.00,0.00,1.00,128,2000,16,200,200,0.0,0.0,0.001,1e-05,False,5,5.0,0.0,200,1.0,0.018013,1.2153,0.0089,3,0.008136,nan,models/chua_orig_nint128_bs16_sig0.0_lr1e-03-1e-05_tfp0_ramp200_hLR1_m20_p10_seed20_minsym5_cand1_reducedp3_retained_sync_readout_ga0p1_v1_rseed0.pth
chua_orig_nint128_bs16_sig0.0_lr1e-03-1e-05_tfp0_ramp200_hLR1_m20_p10_seed22_minsym5_cand1_reducedp3_retained_sync_readout_ga0p1_v1_rseed0,20,10,22,22,0,1,10,3,7,5,5,0;2;3;4;5;8;9,retained_preactivation,1.0,,True,0.1,4957.3365297052405,391.9015865183822,1.2649442360633831,default,,0.1,True,readout,128,0.00,0.00,0.00,1.00,128,2000,16,200,200,0.0,0.0,0.001,1e-05,False,5,5.0,0.0,200,1.0,0.028594,1.3072,0.0110,4,0.017046,nan,models/chua_orig_nint128_bs16_sig0.0_lr1e-03-1e-05_tfp0_ramp200_hLR1_m20_p10_seed22_minsym5_cand1_reducedp3_retained_sync_readout_ga0p1_v1_rseed0.pth
chua_orig_nint128_bs16_sig0.0_lr1e-03-1e-05_tfp0_ramp200_hLR1_m20_p10_seed6_minsym5_cand4_reducedp4_retained_sync_readout_ga0p1_v1_rseed0,20,10,6,6,0,4,10,4,6,5,5,0;1;4;7;8;9,retained_preactivation,1.0,,True,0.1,14895.30288379528,127.1378202172345,11.715870901628053,default,,0.1,True,readout,128,0.00,0.00,0.00,1.00,128,2000,16,200,200,0.0,0.0,0.001,1e-05,False,5,5.0,0.0,200,1.0,0.073558,1.3973,0.0090,4,0.021283,nan,models/chua_orig_nint128_bs16_sig0.0_lr1e-03-1e-05_tfp0_ramp200_hLR1_m20_p10_seed6_minsym5_cand4_reducedp4_retained_sync_readout_ga0p1_v1_rseed0.pth
chua_orig_nint128_bs16_sig0.0_lr1e-03-1e-05_tfp0_ramp200_hLR1_m20_p10_seed10_minsym5_cand3_reducedp3_retained_sync_readout_ga0p1_v1_rseed0,20,10,10,10,0,3,10,3,7,5,5,0;1;2;4;6;7;8,retained_preactivation,1.0,,True,0.1,6292.875793307858,212.19497121879886,2.965610239094265,default,,0.1,True,readout,128,0.00,0.00,0.00,1.00,128,2000,16,200,200,0.0,0.0,0.001,1e-05,False,5,5.0,0.0,200,1.0,0.032127,1.1426,0.0089,4,0.018142,nan,models/chua_orig_nint128_bs16_sig0.0_lr1e-03-1e-05_tfp0_ramp200_hLR1_m20_p10_seed10_minsym5_cand3_reducedp3_retained_sync_readout_ga0p1_v1_rseed0.pth
chua_orig_nint128_bs16_sig0.0_lr1e-03-1e-05_tfp0_ramp200_hLR1_m20_p10_seed15_minsym5_cand2_reducedp3_retained_sync_readout_ga0p1_v1_rseed0,20,10,15,15,0,2,10,3,7,5,5,0;2;3;5;6;8;9,retained_preactivation,1.0,,True,0.1,45637.8829434769,2572.922290184475,1.7737761889499082,default,,0.1,True,readout,128,0.00,0.00,0.00,1.00,128,2000,16,200,200,0.0,0.0,0.001,1e-05,False,5,5.0,0.0,200,1.0,0.068527,1.2208,0.0075,5,0.041197,nan,models/chua_orig_nint128_bs16_sig0.0_lr1e-03-1e-05_tfp0_ramp200_hLR1_m20_p10_seed15_minsym5_cand2_reducedp3_retained_sync_readout_ga0p1_v1_rseed0.pth
chua_orig_nint128_bs16_sig0.0_lr1e-03-1e-05_tfp0_ramp200_hLR1_m20_p10_seed25_minsym5_cand1_reducedp3_retained_sync_readout_ga0p1_v1_rseed0,20,10,25,25,0,1,10,3,7,5,5,0;1;2;3;4;8;9,retained_preactivation,1.0,,True,0.1,27440571.554126784,3289414.4645343795,0.8342083933169252,default,,0.1,True,readout,128,0.00,0.00,0.00,1.00,128,2000,16,200,200,0.0,0.0,0.001,1e-05,False,5,5.0,0.0,200,1.0,0.022952,1.2098,0.0080,5,0.017624,nan,models/chua_orig_nint128_bs16_sig0.0_lr1e-03-1e-05_tfp0_ramp200_hLR1_m20_p10_seed25_minsym5_cand1_reducedp3_retained_sync_readout_ga0p1_v1_rseed0.pth
chua_orig_nint128_bs16_sig0.0_lr1e-03-1e-05_tfp0_ramp200_hLR1_m20_p10_seed23_minsym5_cand1_reducedp3_retained_sync_readout_ga0p1_v1_rseed0,20,10,23,23,0,1,10,3,7,5,5,0;1;3;5;6;7;9,retained_preactivation,1.0,,True,0.1,510.4098364764094,101.88574836057367,0.5009629361214132,default,,0.1,True,readout,128,0.00,0.00,0.00,1.00,128,2000,16,200,200,0.0,0.0,0.001,1e-05,False,5,5.0,0.0,200,1.0,0.014117,1.1765,0.0092,4,0.009479,nan,models/chua_orig_nint128_bs16_sig0.0_lr1e-03-1e-05_tfp0_ramp200_hLR1_m20_p10_seed23_minsym5_cand1_reducedp3_retained_sync_readout_ga0p1_v1_rseed0.pth
chua_orig_nint128_bs16_sig0.0_lr1e-03-1e-05_tfp0_ramp200_hLR1_m20_p10_seed21_minsym5_cand1_reducedp3_retained_sync_readout_ga0p1_v1_rseed0,20,10,21,21,0,1,10,3,7,5,5,0;1;3;4;5;8;9,retained_preactivation,1.0,,True,0.1,187184.42373231807,24096.21461194683,0.7768208689489037,default,,0.1,True,readout,128,0.00,0.00,0.00,1.00,128,2000,16,200,200,0.0,0.0,0.001,1e-05,False,5,5.0,0.0,200,1.0,0.040046,1.2107,0.0075,3,0.026840,nan,models/chua_orig_nint128_bs16_sig0.0_lr1e-03-1e-05_tfp0_ramp200_hLR1_m20_p10_seed21_minsym5_cand1_reducedp3_retained_sync_readout_ga0p1_v1_rseed0.pth
chua_orig_nint128_bs16_sig0.0_lr1e-03-1e-05_tfp0_ramp200_hLR1_m20_p10_seed20_minsym5_cand2_reducedp3_retained_sync_readout_ga0p1_v1_rseed0,20,10,20,20,0,2,10,3,7,5,5,1;2;3;4;5;7;8,retained_preactivation,1.0,,True,0.1,68255831.51026556,1632500.8789804678,4.181059403342729,default,,0.1,True,readout,128,0.00,0.00,0.00,1.00,128,2000,16,200,200,0.0,0.0,0.001,1e-05,False,5,5.0,0.0,200,1.0,0.014791,1.1371,0.0065,5,0.006971,nan,models/chua_orig_nint128_bs16_sig0.0_lr1e-03-1e-05_tfp0_ramp200_hLR1_m20_p10_seed20_minsym5_cand2_reducedp3_retained_sync_readout_ga0p1_v1_rseed0.pth
chua_orig_nint128_bs16_sig0.0_lr1e-03-1e-05_tfp0_ramp200_hLR1_m20_p10_seed17_minsym5_cand2_reducedp3_retained_sync_readout_ga0p1_v1_rseed0,20,10,17,17,0,2,10,3,7,5,5,0;2;3;4;6;7;8,retained_preactivation,1.0,,True,0.1,2830.5406120121293,53.20899537983267,5.319665578735791,default,,0.1,True,readout,128,0.00,0.00,0.00,1.00,128,2000,16,200,200,0.0,0.0,0.001,1e-05,False,5,5.0,0.0,200,1.0,0.051050,1.0687,0.0075,5,0.017582,nan,models/chua_orig_nint128_bs16_sig0.0_lr1e-03-1e-05_tfp0_ramp200_hLR1_m20_p10_seed17_minsym5_cand2_reducedp3_retained_sync_readout_ga0p1_v1_rseed0.pth
chua_orig_nint128_bs16_sig0.0_lr1e-03-1e-05_tfp0_ramp200_hLR1_m20_p10_seed14_minsym5_cand4_reducedp3_retained_sync_readout_ga0p1_v1_rseed0,20,10,14,14,0,4,10,3,7,5,5,0;2;5;6;7;8;9,retained_preactivation,1.0,,True,0.1,5136.719405418209,156.90477688327104,3.27378140261442,default,,0.1,True,readout,128,0.00,0.00,0.00,1.00,128,2000,16,200,200,0.0,0.0,0.001,1e-05,False,5,5.0,0.0,200,1.0,0.538899,2.7687,0.0092,3,0.391315,nan,models/chua_orig_nint128_bs16_sig0.0_lr1e-03-1e-05_tfp0_ramp200_hLR1_m20_p10_seed14_minsym5_cand4_reducedp3_retained_sync_readout_ga0p1_v1_rseed0.pth
chua_orig_nint128_bs16_sig0.0_lr1e-03-1e-05_tfp0_ramp200_hLR1_m20_p10_seed6_minsym5_cand5_reducedp4_retained_sync_readout_ga0p1_v1_rseed0,20,10,6,6,0,5,10,4,6,5,5,0;1;5;7;8;9,retained_preactivation,1.0,,True,0.1,99691.5545068889,2557.160433835742,3.898525614106718,default,,0.1,True,readout,128,0.00,0.00,0.00,1.00,128,2000,16,200,200,0.0,0.0,0.001,1e-05,False,5,5.0,0.0,200,1.0,0.038629,1.3020,0.0123,5,0.013089,nan,models/chua_orig_nint128_bs16_sig0.0_lr1e-03-1e-05_tfp0_ramp200_hLR1_m20_p10_seed6_minsym5_cand5_reducedp4_retained_sync_readout_ga0p1_v1_rseed0.pth
chua_orig_nint128_bs16_sig0.0_lr1e-03-1e-05_tfp0_ramp200_hLR1_m20_p10_seed26_minsym5_cand1_reducedp3_retained_sync_readout_ga0p1_v1_rseed0,20,10,26,26,0,1,10,3,7,5,5,0;1;2;4;7;8;9,retained_preactivation,1.0,,True,0.1,328395559.1536021,10076208.418582855,3.2591183658722747,default,,0.1,True,readout,128,0.00,0.00,0.00,1.00,128,2000,16,200,200,0.0,0.0,0.001,1e-05,False,5,5.0,0.0,200,1.0,373420260851712.000000,1.0868,0.0093,5,24512949125120.000000,nan,models/chua_orig_nint128_bs16_sig0.0_lr1e-03-1e-05_tfp0_ramp200_hLR1_m20_p10_seed26_minsym5_cand1_reducedp3_retained_sync_readout_ga0p1_v1_rseed0.pth
chua_orig_nint128_bs16_sig0.0_lr1e-03-1e-05_tfp0_ramp200_hLR1_m20_p10_seed24_minsym5_cand1_reducedp3_retained_sync_readout_ga0p1_v1_rseed0,20,10,24,24,0,1,10,3,7,5,5,0;1;2;3;5;8;9,retained_preactivation,1.0,,True,0.1,2327.3680615128324,49.20911193455634,4.729546968065536,default,,0.1,True,readout,128,0.00,0.00,0.00,1.00,128,2000,16,200,200,0.0,0.0,0.001,1e-05,False,5,5.0,0.0,200,1.0,79.615005,1.1696,0.0088,5,0.693676,nan,models/chua_orig_nint128_bs16_sig0.0_lr1e-03-1e-05_tfp0_ramp200_hLR1_m20_p10_seed24_minsym5_cand1_reducedp3_retained_sync_readout_ga0p1_v1_rseed0.pth
chua_orig_nint128_bs16_sig0.0_lr1e-03-1e-05_tfp0_ramp200_hLR1_m20_p10_seed14_minsym5_cand3_reducedp3_retained_sync_readout_ga0p1_v1_rseed0,20,10,14,14,0,3,10,3,7,5,5,0;1;5;6;7;8;9,retained_preactivation,1.0,,True,0.1,5021.553102626716,160.70969807595327,3.124611123501359,default,,0.1,True,readout,128,0.00,0.00,0.00,1.00,128,2000,16,200,200,0.0,0.0,0.001,1e-05,False,5,5.0,0.0,200,1.0,0.485501,2.3374,0.0072,3,0.367336,nan,models/chua_orig_nint128_bs16_sig0.0_lr1e-03-1e-05_tfp0_ramp200_hLR1_m20_p10_seed14_minsym5_cand3_reducedp3_retained_sync_readout_ga0p1_v1_rseed0.pth
chua_orig_nint128_bs16_sig0.0_lr1e-03-1e-05_tfp0_ramp200_hLR1_m20_p10_seed13_minsym5_cand3_reducedp3_retained_sync_readout_ga0p1_v1_rseed0,20,10,13,13,0,3,10,3,7,5,5,0;2;3;5;6;7;8,retained_preactivation,1.0,,True,0.1,28375062.47736389,3123373.2666692273,0.9084749101289172,default,,0.1,True,readout,128,0.00,0.00,0.00,1.00,128,2000,16,200,200,0.0,0.0,0.001,1e-05,False,5,5.0,0.0,200,1.0,0.022767,1.1811,0.0034,5,0.017346,nan,models/chua_orig_nint128_bs16_sig0.0_lr1e-03-1e-05_tfp0_ramp200_hLR1_m20_p10_seed13_minsym5_cand3_reducedp3_retained_sync_readout_ga0p1_v1_rseed0.pth
chua_orig_nint128_bs16_sig0.0_lr1e-03-1e-05_tfp0_ramp200_hLR1_m20_p10_seed22_minsym5_cand2_reducedp3_retained_sync_readout_ga0p1_v1_rseed0,20,10,22,22,0,2,10,3,7,5,5,0;2;3;4;7;8;9,retained_preactivation,1.0,,True,0.1,2627.3131155291044,207.50816310773814,1.2661251857185936,default,,0.1,True,readout,128,0.00,0.00,0.00,1.00,128,2000,16,200,200,0.0,0.0,0.001,1e-05,False,5,5.0,0.0,200,1.0,0.018827,1.0849,0.0131,5,0.013942,nan,models/chua_orig_nint128_bs16_sig0.0_lr1e-03-1e-05_tfp0_ramp200_hLR1_m20_p10_seed22_minsym5_cand2_reducedp3_retained_sync_readout_ga0p1_v1_rseed0.pth
chua_orig_nint128_bs16_sig0.0_lr1e-03-1e-05_tfp0_ramp200_hLR1_m20_p10_seed28_minsym5_cand1_reducedp3_retained_sync_readout_ga0p1_v1_rseed0,20,10,28,28,0,1,10,3,7,5,5,0;1;2;3;6;7;9,retained_preactivation,1.0,,True,0.1,2710.2788947818635,11.147624402512337,24.312614032553928,default,,0.1,True,readout,128,0.00,0.00,0.00,1.00,128,2000,16,200,200,0.0,0.0,0.001,1e-05,False,5,5.0,0.0,200,1.0,0.296338,2.0715,0.0136,5,0.041400,nan,models/chua_orig_nint128_bs16_sig0.0_lr1e-03-1e-05_tfp0_ramp200_hLR1_m20_p10_seed28_minsym5_cand1_reducedp3_retained_sync_readout_ga0p1_v1_rseed0.pth
chua_orig_nint128_bs16_sig0.0_lr1e-03-1e-05_tfp0_ramp200_hLR1_m20_p10_seed11_minsym5_cand4_reducedp3_retained_sync_readout_ga0p1_v1_rseed0,20,10,11,11,0,4,10,3,7,5,5,0;3;5;6;7;8;9,retained_preactivation,1.0,,True,0.1,3189.6382435944047,37.86746528638504,8.423162784917453,default,,0.1,True,readout,128,0.00,0.00,0.00,1.00,128,2000,16,200,200,0.0,0.0,0.001,1e-05,False,5,5.0,0.0,200,1.0,0.092769,1.0785,0.0053,5,0.038930,nan,models/chua_orig_nint128_bs16_sig0.0_lr1e-03-1e-05_tfp0_ramp200_hLR1_m20_p10_seed11_minsym5_cand4_reducedp3_retained_sync_readout_ga0p1_v1_rseed0.pth
chua_orig_nint128_bs16_sig0.0_lr1e-03-1e-05_tfp0_ramp200_hLR1_m20_p10_seed25_minsym5_cand2_reducedp3_retained_sync_readout_ga0p1_v1_rseed0,20,10,25,25,0,2,10,3,7,5,5,0;1;2;4;5;7;8,retained_preactivation,1.0,,True,0.1,110131.61170163633,7528.36633174821,1.4628885849669055,default,,0.1,True,readout,128,0.00,0.00,0.00,1.00,128,2000,16,200,200,0.0,0.0,0.001,1e-05,False,5,5.0,0.0,200,1.0,0.025355,1.2000,0.0085,3,0.014107,nan,models/chua_orig_nint128_bs16_sig0.0_lr1e-03-1e-05_tfp0_ramp200_hLR1_m20_p10_seed25_minsym5_cand2_reducedp3_retained_sync_readout_ga0p1_v1_rseed0.pth
chua_orig_nint128_bs16_sig0.0_lr1e-03-1e-05_tfp0_ramp200_hLR1_m20_p10_seed18_minsym5_cand2_reducedp3_retained_sync_readout_ga0p1_v1_rseed0,20,10,18,18,0,2,10,3,7,5,5,0;1;2;3;4;6;7,retained_preactivation,1.0,,True,0.1,3316236.165573254,176701.42436890543,1.8767455765663996,default,,0.1,True,readout,128,0.00,0.00,0.00,1.00,128,2000,16,200,200,0.0,0.0,0.001,1e-05,False,5,5.0,0.0,200,1.0,0.040456,1.3545,0.0112,3,0.023864,nan,models/chua_orig_nint128_bs16_sig0.0_lr1e-03-1e-05_tfp0_ramp200_hLR1_m20_p10_seed18_minsym5_cand2_reducedp3_retained_sync_readout_ga0p1_v1_rseed0.pth
chua_orig_nint128_bs16_sig0.0_lr1e-03-1e-05_tfp0_ramp200_hLR1_m20_p10_seed29_minsym5_cand1_reducedp3_retained_sync_readout_ga0p1_v1_rseed0,20,10,29,29,0,1,10,3,7,5,5,0;1;2;3;6;8;9,retained_preactivation,1.0,,True,0.1,8572.922029564948,2173.7476679293127,0.3943844152680064,default,,0.1,True,readout,128,0.00,0.00,0.00,1.00,128,2000,16,200,200,0.0,0.0,0.001,1e-05,False,5,5.0,0.0,200,1.0,0.013448,1.0908,0.0095,5,0.010348,nan,models/chua_orig_nint128_bs16_sig0.0_lr1e-03-1e-05_tfp0_ramp200_hLR1_m20_p10_seed29_minsym5_cand1_reducedp3_retained_sync_readout_ga0p1_v1_rseed0.pth
chua_orig_nint128_bs16_sig0.0_lr1e-03-1e-05_tfp0_ramp200_hLR1_m20_p10_seed24_minsym5_cand2_reducedp3_retained_sync_readout_ga0p1_v1_rseed0,20,10,24,24,0,2,10,3,7,5,5,0;1;2;3;6;7;9,retained_preactivation,1.0,,True,0.1,8193.752246376504,451.36124272642957,1.8153424509562346,default,,0.1,True,readout,128,0.00,0.00,0.00,1.00,128,2000,16,200,200,0.0,0.0,0.001,1e-05,False,5,5.0,0.0,200,1.0,229572908553489874944.000000,1.1951,0.0097,3,8129175448287444992.000000,nan,models/chua_orig_nint128_bs16_sig0.0_lr1e-03-1e-05_tfp0_ramp200_hLR1_m20_p10_seed24_minsym5_cand2_reducedp3_retained_sync_readout_ga0p1_v1_rseed0.pth
chua_orig_nint128_bs16_sig0.0_lr1e-03-1e-05_tfp0_ramp200_hLR1_m20_p10_seed10_minsym5_cand4_reducedp3_retained_sync_readout_ga0p1_v1_rseed0,20,10,10,10,0,4,10,3,7,5,5,0;1;2;5;6;7;8,retained_preactivation,1.0,,True,0.1,6217.3699096764385,199.61783250184433,3.1146365190689886,default,,0.1,True,readout,128,0.00,0.00,0.00,1.00,128,2000,16,200,200,0.0,0.0,0.001,1e-05,False,5,5.0,0.0,200,1.0,0.030846,1.1229,0.0105,5,0.017885,nan,models/chua_orig_nint128_bs16_sig0.0_lr1e-03-1e-05_tfp0_ramp200_hLR1_m20_p10_seed10_minsym5_cand4_reducedp3_retained_sync_readout_ga0p1_v1_rseed0.pth
chua_orig_nint128_bs16_sig0.0_lr1e-03-1e-05_tfp0_ramp200_hLR1_m20_p10_seed26_minsym5_cand2_reducedp3_retained_sync_readout_ga0p1_v1_rseed0,20,10,26,26,0,2,10,3,7,5,5,0;1;4;5;6;7;9,retained_preactivation,1.0,,True,0.1,34467422.264372945,2062759.7389904622,1.670937318237639,default,,0.1,True,readout,128,0.00,0.00,0.00,1.00,128,2000,16,200,200,0.0,0.0,0.001,1e-05,False,5,5.0,0.0,200,1.0,0.020477,1.2190,0.0105,5,0.012484,nan,models/chua_orig_nint128_bs16_sig0.0_lr1e-03-1e-05_tfp0_ramp200_hLR1_m20_p10_seed26_minsym5_cand2_reducedp3_retained_sync_readout_ga0p1_v1_rseed0.pth
chua_orig_nint128_bs16_sig0.0_lr1e-03-1e-05_tfp0_ramp200_hLR1_m20_p10_seed17_minsym5_cand3_reducedp3_retained_sync_readout_ga0p1_v1_rseed0,20,10,17,17,0,3,10,3,7,5,5,0;2;3;4;7;8;9,retained_preactivation,1.0,,True,0.1,3898.667865438142,376.05922800637404,1.0367164465306116,default,,0.1,True,readout,128,0.00,0.00,0.00,1.00,128,2000,16,200,200,0.0,0.0,0.001,1e-05,False,5,5.0,0.0,200,1.0,0.013778,1.1141,0.0092,5,0.009428,nan,models/chua_orig_nint128_bs16_sig0.0_lr1e-03-1e-05_tfp0_ramp200_hLR1_m20_p10_seed17_minsym5_cand3_reducedp3_retained_sync_readout_ga0p1_v1_rseed0.pth
chua_orig_nint128_bs16_sig0.0_lr1e-03-1e-05_tfp0_ramp200_hLR1_m20_p10_seed15_minsym5_cand3_reducedp3_retained_sync_readout_ga0p1_v1_rseed0,20,10,15,15,0,3,10,3,7,5,5,0;2;3;5;7;8;9,retained_preactivation,1.0,,True,0.1,19298.228079282304,431.76276354541625,4.469636964710673,default,,0.1,True,readout,128,0.00,0.00,0.00,1.00,128,2000,16,200,200,0.0,0.0,0.001,1e-05,False,5,5.0,0.0,200,1.0,1389487711733271232512.000000,1.2509,0.0055,5,16091769387408687104.000000,nan,models/chua_orig_nint128_bs16_sig0.0_lr1e-03-1e-05_tfp0_ramp200_hLR1_m20_p10_seed15_minsym5_cand3_reducedp3_retained_sync_readout_ga0p1_v1_rseed0.pth
chua_orig_nint128_bs16_sig0.0_lr1e-03-1e-05_tfp0_ramp200_hLR1_m20_p10_seed13_minsym5_cand4_reducedp3_retained_sync_readout_ga0p1_v1_rseed0,20,10,13,13,0,4,10,3,7,5,5,0;2;5;6;7;8;9,retained_preactivation,1.0,,True,0.1,4397347.83940684,19768.482491076546,22.24423569887974,default,,0.1,True,readout,128,0.00,0.00,0.00,1.00,128,2000,16,200,200,0.0,0.0,0.001,1e-05,False,5,5.0,0.0,200,1.0,0.211187,1.5664,0.0087,5,0.024029,nan,models/chua_orig_nint128_bs16_sig0.0_lr1e-03-1e-05_tfp0_ramp200_hLR1_m20_p10_seed13_minsym5_cand4_reducedp3_retained_sync_readout_ga0p1_v1_rseed0.pth
chua_orig_nint128_bs16_sig0.0_lr1e-03-1e-05_tfp0_ramp200_hLR1_m20_p10_seed18_minsym5_cand3_reducedp3_retained_sync_readout_ga0p1_v1_rseed0,20,10,18,18,0,3,10,3,7,5,5,0;1;2;3;4;6;9,retained_preactivation,1.0,,True,0.1,1182103.7606707797,8628.093767600118,13.700636461668621,default,,0.1,True,readout,128,0.00,0.00,0.00,1.00,128,2000,16,200,200,0.0,0.0,0.001,1e-05,False,5,5.0,0.0,200,1.0,0.111239,1.4108,0.0103,5,0.022162,nan,models/chua_orig_nint128_bs16_sig0.0_lr1e-03-1e-05_tfp0_ramp200_hLR1_m20_p10_seed18_minsym5_cand3_reducedp3_retained_sync_readout_ga0p1_v1_rseed0.pth
chua_orig_nint128_bs16_sig0.0_lr1e-03-1e-05_tfp0_ramp200_hLR1_m20_p10_seed28_minsym5_cand2_reducedp3_retained_sync_readout_ga0p1_v1_rseed0,20,10,28,28,0,2,10,3,7,5,5,0;1;2;5;6;7;9,retained_preactivation,1.0,,True,0.1,55802.51704000457,985.3682711975317,5.663112835182621,default,,0.1,True,readout,128,0.00,0.00,0.00,1.00,128,2000,16,200,200,0.0,0.0,0.001,1e-05,False,5,5.0,0.0,200,1.0,0.063008,1.0937,0.0070,5,0.030667,nan,models/chua_orig_nint128_bs16_sig0.0_lr1e-03-1e-05_tfp0_ramp200_hLR1_m20_p10_seed28_minsym5_cand2_reducedp3_retained_sync_readout_ga0p1_v1_rseed0.pth
chua_orig_nint128_bs16_sig0.0_lr1e-03-1e-05_tfp0_ramp200_hLR1_m20_p10_seed23_minsym5_cand2_reducedp3_retained_sync_readout_ga0p1_v1_rseed0,20,10,23,23,0,2,10,3,7,5,5,0;1;4;5;6;7;9,retained_preactivation,1.0,,True,0.1,24897.14658349426,1557.8834267955915,1.5981392545336437,default,,0.1,True,readout,128,0.00,0.00,0.00,1.00,128,2000,16,200,200,0.0,0.0,0.001,1e-05,False,5,5.0,0.0,200,1.0,0.044911,1.2802,0.0135,3,0.017742,nan,models/chua_orig_nint128_bs16_sig0.0_lr1e-03-1e-05_tfp0_ramp200_hLR1_m20_p10_seed23_minsym5_cand2_reducedp3_retained_sync_readout_ga0p1_v1_rseed0.pth
chua_orig_nint128_bs16_sig0.0_lr1e-03-1e-05_tfp0_ramp200_hLR1_m20_p10_seed18_minsym5_cand4_reducedp3_retained_sync_readout_ga0p1_v1_rseed0,20,10,18,18,0,4,10,3,7,5,5,0;1;3;4;5;7;9,retained_preactivation,1.0,,True,0.1,11589732.549484307,44561.649962439675,26.008311090933827,default,,0.1,True,readout,128,0.00,0.00,0.00,1.00,128,2000,16,200,200,0.0,0.0,0.001,1e-05,False,5,5.0,0.0,200,1.0,0.188347,1.6860,0.0085,5,0.046586,nan,models/chua_orig_nint128_bs16_sig0.0_lr1e-03-1e-05_tfp0_ramp200_hLR1_m20_p10_seed18_minsym5_cand4_reducedp3_retained_sync_readout_ga0p1_v1_rseed0.pth
chua_orig_nint128_bs16_sig0.0_lr1e-03-1e-05_tfp0_ramp200_hLR1_m20_p10_seed21_minsym5_cand2_reducedp3_retained_sync_readout_ga0p1_v1_rseed0,20,10,21,21,0,2,10,3,7,5,5,0;1;3;4;6;8;9,retained_preactivation,1.0,,True,0.1,41818.10660467544,2614.433582447879,1.5995092354008618,default,,0.1,True,readout,128,0.00,0.00,0.00,1.00,128,2000,16,200,200,0.0,0.0,0.001,1e-05,False,5,5.0,0.0,200,1.0,0.050554,1.2949,0.0058,5,0.027793,nan,models/chua_orig_nint128_bs16_sig0.0_lr1e-03-1e-05_tfp0_ramp200_hLR1_m20_p10_seed21_minsym5_cand2_reducedp3_retained_sync_readout_ga0p1_v1_rseed0.pth
chua_orig_nint128_bs16_sig0.0_lr1e-03-1e-05_tfp0_ramp200_hLR1_m20_p10_seed22_minsym5_cand3_reducedp3_retained_sync_readout_ga0p1_v1_rseed0,20,10,22,22,0,3,10,3,7,5,5,0;2;3;5;7;8;9,retained_preactivation,1.0,,True,0.1,5679.1228278449835,436.90182376969,1.299862467692212,default,,0.1,True,readout,128,0.00,0.00,0.00,1.00,128,2000,16,200,200,0.0,0.0,0.001,1e-05,False,5,5.0,0.0,200,1.0,0.025492,1.1328,0.0082,5,0.016313,nan,models/chua_orig_nint128_bs16_sig0.0_lr1e-03-1e-05_tfp0_ramp200_hLR1_m20_p10_seed22_minsym5_cand3_reducedp3_retained_sync_readout_ga0p1_v1_rseed0.pth
chua_orig_nint128_bs16_sig0.0_lr1e-03-1e-05_tfp0_ramp200_hLR1_m20_p10_seed25_minsym5_cand4_reducedp3_retained_sync_readout_ga0p1_v1_rseed0,20,10,25,25,0,4,10,3,7,5,5,0;2;3;4;5;8;9,retained_preactivation,1.0,,True,0.1,180744.0382419293,20774.690599380778,0.8700203614455595,default,,0.1,True,readout,128,0.00,0.00,0.00,1.00,128,2000,16,200,200,0.0,0.0,0.001,1e-05,False,5,5.0,0.0,200,1.0,0.321685,2.7397,0.0155,2,0.286537,nan,models/chua_orig_nint128_bs16_sig0.0_lr1e-03-1e-05_tfp0_ramp200_hLR1_m20_p10_seed25_minsym5_cand4_reducedp3_retained_sync_readout_ga0p1_v1_rseed0.pth
chua_orig_nint128_bs16_sig0.0_lr1e-03-1e-05_tfp0_ramp200_hLR1_m20_p10_seed25_minsym5_cand3_reducedp3_retained_sync_readout_ga0p1_v1_rseed0,20,10,25,25,0,3,10,3,7,5,5,0;1;2;4;7;8;9,retained_preactivation,1.0,,True,0.1,2497103.528977523,171050.48455938383,1.4598634639416064,default,,0.1,True,readout,128,0.00,0.00,0.00,1.00,128,2000,16,200,200,0.0,0.0,0.001,1e-05,False,5,5.0,0.0,200,1.0,0.022119,1.0889,0.0083,5,0.011885,nan,models/chua_orig_nint128_bs16_sig0.0_lr1e-03-1e-05_tfp0_ramp200_hLR1_m20_p10_seed25_minsym5_cand3_reducedp3_retained_sync_readout_ga0p1_v1_rseed0.pth
chua_orig_nint128_bs16_sig0.0_lr1e-03-1e-05_tfp0_ramp200_hLR1_m20_p10_seed10_minsym5_cand5_reducedp3_retained_sync_readout_ga0p1_v1_rseed0,20,10,10,10,0,5,10,3,7,5,5,0;1;3;4;5;6;7,retained_preactivation,1.0,,True,0.1,4990.264512653613,192.79448292543117,2.5883855372478246,default,,0.1,True,readout,128,0.00,0.00,0.00,1.00,128,2000,16,200,200,0.0,0.0,0.001,1e-05,False,5,5.0,0.0,200,1.0,0.041017,1.2616,0.0094,5,0.025529,nan,models/chua_orig_nint128_bs16_sig0.0_lr1e-03-1e-05_tfp0_ramp200_hLR1_m20_p10_seed10_minsym5_cand5_reducedp3_retained_sync_readout_ga0p1_v1_rseed0.pth
chua_orig_nint128_bs16_sig0.0_lr1e-03-1e-05_tfp0_ramp200_hLR1_m20_p10_seed11_minsym5_cand5_reducedp3_retained_sync_readout_ga0p1_v1_rseed0,20,10,11,11,0,5,10,3,7,5,5,0;4;5;6;7;8;9,retained_preactivation,1.0,,True,0.1,3318.9615610533965,154.52539130387984,2.1478421980026026,default,,0.1,True,readout,128,0.00,0.00,0.00,1.00,128,2000,16,200,200,0.0,0.0,0.001,1e-05,False,5,5.0,0.0,200,1.0,0.060186,1.3256,0.0081,5,0.033431,nan,models/chua_orig_nint128_bs16_sig0.0_lr1e-03-1e-05_tfp0_ramp200_hLR1_m20_p10_seed11_minsym5_cand5_reducedp3_retained_sync_readout_ga0p1_v1_rseed0.pth
chua_orig_nint128_bs16_sig0.0_lr1e-03-1e-05_tfp0_ramp200_hLR1_m20_p10_seed18_minsym5_cand5_reducedp3_retained_sync_readout_ga0p1_v1_rseed0,20,10,18,18,0,5,10,3,7,5,5,0;1;3;4;6;7;9,retained_preactivation,1.0,,True,0.1,960606.263498214,3691.5109436211887,26.02203482988748,default,,0.1,True,readout,128,0.00,0.00,0.00,1.00,128,2000,16,200,200,0.0,0.0,0.001,1e-05,False,5,5.0,0.0,200,1.0,0.206839,1.7671,0.0140,5,0.035333,nan,models/chua_orig_nint128_bs16_sig0.0_lr1e-03-1e-05_tfp0_ramp200_hLR1_m20_p10_seed18_minsym5_cand5_reducedp3_retained_sync_readout_ga0p1_v1_rseed0.pth
chua_orig_nint128_bs16_sig0.0_lr1e-03-1e-05_tfp0_ramp200_hLR1_m20_p10_seed17_minsym5_cand4_reducedp3_retained_sync_readout_ga0p1_v1_rseed0,20,10,17,17,0,4,10,3,7,5,5,1;2;3;5;7;8;9,retained_preactivation,1.0,,True,0.1,3015.533674782956,102.78004766162867,2.933967966925481,default,,0.1,True,readout,128,0.00,0.00,0.00,1.00,128,2000,16,200,200,0.0,0.0,0.001,1e-05,False,5,5.0,0.0,200,1.0,0.376806,3.1777,0.0184,3,0.216338,nan,models/chua_orig_nint128_bs16_sig0.0_lr1e-03-1e-05_tfp0_ramp200_hLR1_m20_p10_seed17_minsym5_cand4_reducedp3_retained_sync_readout_ga0p1_v1_rseed0.pth
chua_orig_nint128_bs16_sig0.0_lr1e-03-1e-05_tfp0_ramp200_hLR1_m20_p10_seed26_minsym5_cand3_reducedp3_retained_sync_readout_ga0p1_v1_rseed0,20,10,26,26,0,3,10,3,7,5,5,0;1;4;6;7;8;9,retained_preactivation,1.0,,True,0.1,140212815.59982112,3513679.109783362,3.990484367494391,default,,0.1,True,readout,128,0.00,0.00,0.00,1.00,128,2000,16,200,200,0.0,0.0,0.001,1e-05,False,5,5.0,0.0,200,1.0,56598390182653198336.000000,1.2229,0.0190,5,3443989001688580096.000000,nan,models/chua_orig_nint128_bs16_sig0.0_lr1e-03-1e-05_tfp0_ramp200_hLR1_m20_p10_seed26_minsym5_cand3_reducedp3_retained_sync_readout_ga0p1_v1_rseed0.pth
chua_orig_nint128_bs16_sig0.0_lr1e-03-1e-05_tfp0_ramp200_hLR1_m20_p10_seed15_minsym5_cand5_reducedp3_retained_sync_readout_ga0p1_v1_rseed0,20,10,15,15,0,5,10,3,7,5,5,0;3;5;6;7;8;9,retained_preactivation,1.0,,True,0.1,16376.024044315518,317.73448449408,5.153996447817291,default,,0.1,True,readout,128,0.00,0.00,0.00,1.00,128,2000,16,200,200,0.0,0.0,0.001,1e-05,False,5,5.0,0.0,200,1.0,0.081021,1.4093,0.0117,4,0.039031,nan,models/chua_orig_nint128_bs16_sig0.0_lr1e-03-1e-05_tfp0_ramp200_hLR1_m20_p10_seed15_minsym5_cand5_reducedp3_retained_sync_readout_ga0p1_v1_rseed0.pth
chua_orig_nint128_bs16_sig0.0_lr1e-03-1e-05_tfp0_ramp200_hLR1_m20_p10_seed15_minsym5_cand4_reducedp3_retained_sync_readout_ga0p1_v1_rseed0,20,10,15,15,0,4,10,3,7,5,5,0;2;5;6;7;8;9,retained_preactivation,1.0,,True,0.1,2268.022128419386,68.41508265840399,3.3150908254303673,default,,0.1,True,readout,128,0.00,0.00,0.00,1.00,128,2000,16,200,200,0.0,0.0,0.001,1e-05,False,5,5.0,0.0,200,1.0,0.043109,1.2265,0.0115,5,0.028341,nan,models/chua_orig_nint128_bs16_sig0.0_lr1e-03-1e-05_tfp0_ramp200_hLR1_m20_p10_seed15_minsym5_cand4_reducedp3_retained_sync_readout_ga0p1_v1_rseed0.pth
chua_orig_nint128_bs16_sig0.0_lr1e-03-1e-05_tfp0_ramp200_hLR1_m20_p10_seed29_minsym5_cand2_reducedp3_retained_sync_readout_ga0p1_v1_rseed0,20,10,29,29,0,2,10,3,7,5,5,1;2;3;5;6;8;9,retained_preactivation,1.0,,True,0.1,887.8768005138015,9.541045211699265,9.30586514174559,default,,0.1,True,readout,128,0.00,0.00,0.00,1.00,128,2000,16,200,200,0.0,0.0,0.001,1e-05,False,5,5.0,0.0,200,1.0,0.120891,1.9472,0.0120,4,0.035401,nan,models/chua_orig_nint128_bs16_sig0.0_lr1e-03-1e-05_tfp0_ramp200_hLR1_m20_p10_seed29_minsym5_cand2_reducedp3_retained_sync_readout_ga0p1_v1_rseed0.pth
chua_orig_nint128_bs16_sig0.0_lr1e-03-1e-05_tfp0_ramp200_hLR1_m20_p10_seed22_minsym5_cand4_reducedp3_retained_sync_readout_ga0p1_v1_rseed0,20,10,22,22,0,4,10,3,7,5,5,0;2;4;5;7;8;9,retained_preactivation,1.0,,True,0.1,2031.7578326722405,192.9167822862887,1.0531783749415327,default,,0.1,True,readout,128,0.00,0.00,0.00,1.00,128,2000,16,200,200,0.0,0.0,0.001,1e-05,False,5,5.0,0.0,200,1.0,0.020820,1.1207,0.0127,5,0.011582,nan,models/chua_orig_nint128_bs16_sig0.0_lr1e-03-1e-05_tfp0_ramp200_hLR1_m20_p10_seed22_minsym5_cand4_reducedp3_retained_sync_readout_ga0p1_v1_rseed0.pth
chua_orig_nint128_bs16_sig0.0_lr1e-03-1e-05_tfp0_ramp200_hLR1_m20_p10_seed24_minsym5_cand3_reducedp3_retained_sync_readout_ga0p1_v1_rseed0,20,10,24,24,0,3,10,3,7,5,5,0;1;2;3;7;8;9,retained_preactivation,1.0,,True,0.1,3563.919436519294,163.50025253976338,2.1797638726292026,default,,0.1,True,readout,128,0.00,0.00,0.00,1.00,128,2000,16,200,200,0.0,0.0,0.001,1e-05,False,5,5.0,0.0,200,1.0,0.061559,1.2183,0.0151,3,0.038840,nan,models/chua_orig_nint128_bs16_sig0.0_lr1e-03-1e-05_tfp0_ramp200_hLR1_m20_p10_seed24_minsym5_cand3_reducedp3_retained_sync_readout_ga0p1_v1_rseed0.pth
chua_orig_nint128_bs16_sig0.0_lr1e-03-1e-05_tfp0_ramp200_hLR1_m20_p10_seed17_minsym5_cand5_reducedp3_retained_sync_readout_ga0p1_v1_rseed0,20,10,17,17,0,5,10,3,7,5,5,1;2;4;5;7;8;9,retained_preactivation,1.0,,True,0.1,1846.1724763683376,61.52896075157969,3.0004935136514708,default,,0.1,True,readout,128,0.00,0.00,0.00,1.00,128,2000,16,200,200,0.0,0.0,0.001,1e-05,False,5,5.0,0.0,200,1.0,0.393433,2.8828,0.0141,1,0.274354,nan,models/chua_orig_nint128_bs16_sig0.0_lr1e-03-1e-05_tfp0_ramp200_hLR1_m20_p10_seed17_minsym5_cand5_reducedp3_retained_sync_readout_ga0p1_v1_rseed0.pth
chua_orig_nint128_bs16_sig0.0_lr1e-03-1e-05_tfp0_ramp200_hLR1_m20_p10_seed13_minsym5_cand5_reducedp3_retained_sync_readout_ga0p1_v1_rseed0,20,10,13,13,0,5,10,3,7,5,5,0;3;5;6;7;8;9,retained_preactivation,1.0,,True,0.1,2095387.8314584151,41316.5155567359,5.071550209942137,default,,0.1,True,readout,128,0.00,0.00,0.00,1.00,128,2000,16,200,200,0.0,0.0,0.001,1e-05,False,5,5.0,0.0,200,1.0,0.029422,1.1996,0.0150,5,0.017027,nan,models/chua_orig_nint128_bs16_sig0.0_lr1e-03-1e-05_tfp0_ramp200_hLR1_m20_p10_seed13_minsym5_cand5_reducedp3_retained_sync_readout_ga0p1_v1_rseed0.pth
chua_orig_nint128_bs16_sig0.0_lr1e-03-1e-05_tfp0_ramp200_hLR1_m20_p10_seed26_minsym5_cand5_reducedp3_retained_sync_readout_ga0p1_v1_rseed0,20,10,26,26,0,5,10,3,7,5,5,0;2;3;4;6;8;9,retained_preactivation,1.0,,True,0.1,7171979084.245305,3121669543.5619206,0.2297481839176948,default,,0.1,True,readout,128,0.00,0.00,0.00,1.00,128,2000,16,200,200,0.0,0.0,0.001,1e-05,False,5,5.0,0.0,200,1.0,0.364960,3.1696,0.0245,2,0.354736,nan,models/chua_orig_nint128_bs16_sig0.0_lr1e-03-1e-05_tfp0_ramp200_hLR1_m20_p10_seed26_minsym5_cand5_reducedp3_retained_sync_readout_ga0p1_v1_rseed0.pth
chua_orig_nint128_bs16_sig0.0_lr1e-03-1e-05_tfp0_ramp200_hLR1_m20_p10_seed21_minsym5_cand3_reducedp3_retained_sync_readout_ga0p1_v1_rseed0,20,10,21,21,0,3,10,3,7,5,5,0;3;4;5;6;8;9,retained_preactivation,1.0,,True,0.1,196973.52057573627,23768.088758880047,0.8287310038849657,default,,0.1,True,readout,128,0.00,0.00,0.00,1.00,128,2000,16,200,200,0.0,0.0,0.001,1e-05,False,5,5.0,0.0,200,1.0,0.041454,1.1302,0.0100,5,0.024896,nan,models/chua_orig_nint128_bs16_sig0.0_lr1e-03-1e-05_tfp0_ramp200_hLR1_m20_p10_seed21_minsym5_cand3_reducedp3_retained_sync_readout_ga0p1_v1_rseed0.pth
chua_orig_nint128_bs16_sig0.0_lr1e-03-1e-05_tfp0_ramp200_hLR1_m20_p10_seed26_minsym5_cand4_reducedp3_retained_sync_readout_ga0p1_v1_rseed0,20,10,26,26,0,4,10,3,7,5,5,0;2;3;4;5;6;9,retained_preactivation,1.0,,True,0.1,311213955.470362,34228754.81716085,0.9092178699832004,default,,0.1,True,readout,128,0.00,0.00,0.00,1.00,128,2000,16,200,200,0.0,0.0,0.001,1e-05,False,5,5.0,0.0,200,1.0,0.338822,2.5892,0.0100,4,0.296309,nan,models/chua_orig_nint128_bs16_sig0.0_lr1e-03-1e-05_tfp0_ramp200_hLR1_m20_p10_seed26_minsym5_cand4_reducedp3_retained_sync_readout_ga0p1_v1_rseed0.pth
chua_orig_nint128_bs16_sig0.0_lr1e-03-1e-05_tfp0_ramp200_hLR1_m20_p10_seed6_minsym5_cand6_reducedp4_retained_sync_readout_ga0p1_v1_rseed0,20,10,6,6,0,6,10,4,6,5,5,0;2;4;5;7;9,retained_preactivation,1.0,,True,0.1,491229.89785231923,16832.89738874446,2.918272989537658,default,,0.1,True,readout,128,0.00,0.00,0.00,1.00,128,2000,16,200,200,0.0,0.0,0.001,1e-05,False,5,5.0,0.0,200,1.0,0.152296,1.9153,0.0088,3,0.115992,nan,models/chua_orig_nint128_bs16_sig0.0_lr1e-03-1e-05_tfp0_ramp200_hLR1_m20_p10_seed6_minsym5_cand6_reducedp4_retained_sync_readout_ga0p1_v1_rseed0.pth
chua_orig_nint128_bs16_sig0.0_lr1e-03-1e-05_tfp0_ramp200_hLR1_m20_p10_seed24_minsym5_cand5_reducedp3_retained_sync_readout_ga0p1_v1_rseed0,20,10,24,24,0,5,10,3,7,5,5,0;1;2;5;7;8;9,retained_preactivation,1.0,,True,0.1,3820.7882694543546,64.58089123774558,5.916282968887182,default,,0.1,True,readout,128,0.00,0.00,0.00,1.00,128,2000,16,200,200,0.0,0.0,0.001,1e-05,False,5,5.0,0.0,200,1.0,0.042650,1.1792,0.0130,5,0.022069,nan,models/chua_orig_nint128_bs16_sig0.0_lr1e-03-1e-05_tfp0_ramp200_hLR1_m20_p10_seed24_minsym5_cand5_reducedp3_retained_sync_readout_ga0p1_v1_rseed0.pth
chua_orig_nint128_bs16_sig0.0_lr1e-03-1e-05_tfp0_ramp200_hLR1_m20_p10_seed25_minsym5_cand5_reducedp3_retained_sync_readout_ga0p1_v1_rseed0,20,10,25,25,0,5,10,3,7,5,5,0;2;4;5;7;8;9,retained_preactivation,1.0,,True,0.1,217963.76392418993,15908.62653169657,1.3700979370526796,default,,0.1,True,readout,128,0.00,0.00,0.00,1.00,128,2000,16,200,200,0.0,0.0,0.001,1e-05,False,5,5.0,0.0,200,1.0,0.023680,1.1948,0.0174,5,0.011720,nan,models/chua_orig_nint128_bs16_sig0.0_lr1e-03-1e-05_tfp0_ramp200_hLR1_m20_p10_seed25_minsym5_cand5_reducedp3_retained_sync_readout_ga0p1_v1_rseed0.pth
chua_orig_nint128_bs16_sig0.0_lr1e-03-1e-05_tfp0_ramp200_hLR1_m20_p10_seed24_minsym5_cand4_reducedp3_retained_sync_readout_ga0p1_v1_rseed0,20,10,24,24,0,4,10,3,7,5,5,0;1;2;5;6;7;9,retained_preactivation,1.0,,True,0.1,10478.580861691147,236.34290514215814,4.433634618897627,default,,0.1,True,readout,128,0.00,0.00,0.00,1.00,128,2000,16,200,200,0.0,0.0,0.001,1e-05,False,5,5.0,0.0,200,1.0,0.036316,1.2304,0.0112,4,0.018871,nan,models/chua_orig_nint128_bs16_sig0.0_lr1e-03-1e-05_tfp0_ramp200_hLR1_m20_p10_seed24_minsym5_cand4_reducedp3_retained_sync_readout_ga0p1_v1_rseed0.pth
chua_orig_nint128_bs16_sig0.0_lr1e-03-1e-05_tfp0_ramp200_hLR1_m20_p10_seed22_minsym5_cand5_reducedp4_retained_sync_readout_ga0p1_v1_rseed0,20,10,22,22,0,5,10,4,6,5,5,1;2;3;4;5;7,retained_preactivation,1.0,,True,0.1,3329.1850682637037,113.50947027146499,2.932957981657143,default,,0.1,True,readout,128,0.00,0.00,0.00,1.00,128,2000,16,200,200,0.0,0.0,0.001,1e-05,False,5,5.0,0.0,200,1.0,0.028208,1.1190,0.0099,5,0.014480,nan,models/chua_orig_nint128_bs16_sig0.0_lr1e-03-1e-05_tfp0_ramp200_hLR1_m20_p10_seed22_minsym5_cand5_reducedp4_retained_sync_readout_ga0p1_v1_rseed0.pth
chua_orig_nint128_bs16_sig0.0_lr1e-03-1e-05_tfp0_ramp200_hLR1_m20_p10_seed6_minsym5_cand7_reducedp4_retained_sync_readout_ga0p1_v1_rseed0,20,10,6,6,0,7,10,4,6,5,5,0;4;5;7;8;9,retained_preactivation,1.0,,True,0.1,212115.87572833864,9025.726753979427,2.3501251645449726,default,,0.1,True,readout,128,0.00,0.00,0.00,1.00,128,2000,16,200,200,0.0,0.0,0.001,1e-05,False,5,5.0,0.0,200,1.0,0.044061,1.2328,0.0126,5,0.022572,nan,models/chua_orig_nint128_bs16_sig0.0_lr1e-03-1e-05_tfp0_ramp200_hLR1_m20_p10_seed6_minsym5_cand7_reducedp4_retained_sync_readout_ga0p1_v1_rseed0.pth
chua_orig_nint128_bs16_sig0.0_lr1e-03-1e-05_tfp0_ramp200_hLR1_m20_p10_seed6_minsym5_cand8_reducedp4_retained_sync_readout_ga0p1_v1_rseed0,20,10,6,6,0,8,10,4,6,5,5,1;2;4;5;8;9,retained_preactivation,1.0,,True,0.1,55870.855049837926,1086.8614931413467,5.140568085483903,default,,0.1,True,readout,128,0.00,0.00,0.00,1.00,128,2000,16,200,200,0.0,0.0,0.001,1e-05,False,5,5.0,0.0,200,1.0,0.037875,1.1845,0.0039,5,0.019091,nan,models/chua_orig_nint128_bs16_sig0.0_lr1e-03-1e-05_tfp0_ramp200_hLR1_m20_p10_seed6_minsym5_cand8_reducedp4_retained_sync_readout_ga0p1_v1_rseed0.pth
chua_orig_nint128_bs16_sig0.0_lr1e-03-1e-05_tfp0_ramp200_hLR1_m20_p10_seed18_minsym5_cand6_reducedp3_retained_sync_readout_ga0p1_v1_rseed0,20,10,18,18,0,6,10,3,7,5,5,1;2;3;4;5;7;9,retained_preactivation,1.0,,True,0.1,137016.9104745834,12072.603856459467,1.1349408305257382,default,,0.1,True,readout,128,0.00,0.00,0.00,1.00,128,2000,16,200,200,0.0,0.0,0.001,1e-05,False,5,5.0,0.0,200,1.0,0.028859,1.0525,0.0091,4,0.022492,nan,models/chua_orig_nint128_bs16_sig0.0_lr1e-03-1e-05_tfp0_ramp200_hLR1_m20_p10_seed18_minsym5_cand6_reducedp3_retained_sync_readout_ga0p1_v1_rseed0.pth
chua_orig_nint128_bs16_sig0.0_lr1e-03-1e-05_tfp0_ramp200_hLR1_m20_p10_seed6_minsym5_cand11_reducedp4_retained_sync_readout_ga0p1_v1_rseed0,20,10,6,6,0,11,10,4,6,5,5,2;4;5;7;8;9,retained_preactivation,1.0,,True,0.1,69208.17781158525,2634.9187783971634,2.626577273614672,default,,0.1,True,readout,128,0.00,0.00,0.00,1.00,128,2000,16,200,200,0.0,0.0,0.001,1e-05,False,5,5.0,0.0,200,1.0,0.031641,1.2756,0.0088,5,0.021693,nan,models/chua_orig_nint128_bs16_sig0.0_lr1e-03-1e-05_tfp0_ramp200_hLR1_m20_p10_seed6_minsym5_cand11_reducedp4_retained_sync_readout_ga0p1_v1_rseed0.pth
chua_orig_nint128_bs16_sig0.0_lr1e-03-1e-05_tfp0_ramp200_hLR1_m20_p10_seed11_minsym5_cand7_reducedp3_retained_sync_readout_ga0p1_v1_rseed0,20,10,11,11,0,7,10,3,7,5,5,3;4;5;6;7;8;9,retained_preactivation,1.0,,True,0.1,4107.2095073784585,19.180125928789572,21.413881862023025,default,,0.1,True,readout,128,0.00,0.00,0.00,1.00,128,2000,16,200,200,0.0,0.0,0.001,1e-05,False,5,5.0,0.0,200,1.0,0.149355,1.7811,0.0084,3,0.037155,nan,models/chua_orig_nint128_bs16_sig0.0_lr1e-03-1e-05_tfp0_ramp200_hLR1_m20_p10_seed11_minsym5_cand7_reducedp3_retained_sync_readout_ga0p1_v1_rseed0.pth
chua_orig_nint128_bs16_sig0.0_lr1e-03-1e-05_tfp0_ramp200_hLR1_m20_p10_seed10_minsym5_cand7_reducedp3_retained_sync_readout_ga0p1_v1_rseed0,20,10,10,10,0,7,10,3,7,5,5,0;1;3;4;5;7;8,retained_preactivation,1.0,,True,0.1,3477.8546368415114,242.76765768964611,1.4325856540938344,default,,0.1,True,readout,128,0.00,0.00,0.00,1.00,128,2000,16,200,200,0.0,0.0,0.001,1e-05,False,5,5.0,0.0,200,1.0,0.040630,1.1326,0.0062,5,0.020891,nan,models/chua_orig_nint128_bs16_sig0.0_lr1e-03-1e-05_tfp0_ramp200_hLR1_m20_p10_seed10_minsym5_cand7_reducedp3_retained_sync_readout_ga0p1_v1_rseed0.pth
chua_orig_nint128_bs16_sig0.0_lr1e-03-1e-05_tfp0_ramp200_hLR1_m20_p10_seed10_minsym5_cand8_reducedp3_retained_sync_readout_ga0p1_v1_rseed0,20,10,10,10,0,8,10,3,7,5,5,0;1;3;4;6;7;8,retained_preactivation,1.0,,True,0.1,5871.385366759705,239.79601990973657,2.448491584209685,default,,0.1,True,readout,128,0.00,0.00,0.00,1.00,128,2000,16,200,200,0.0,0.0,0.001,1e-05,False,5,5.0,0.0,200,1.0,0.027319,1.1655,0.0111,5,0.017337,nan,models/chua_orig_nint128_bs16_sig0.0_lr1e-03-1e-05_tfp0_ramp200_hLR1_m20_p10_seed10_minsym5_cand8_reducedp3_retained_sync_readout_ga0p1_v1_rseed0.pth
chua_orig_nint128_bs16_sig0.0_lr1e-03-1e-05_tfp0_ramp200_hLR1_m20_p10_seed6_minsym5_cand9_reducedp4_retained_sync_readout_ga0p1_v1_rseed0,20,10,6,6,0,9,10,4,6,5,5,1;2;4;7;8;9,retained_preactivation,1.0,,True,0.1,7778.20406649247,46.56220715321867,16.704972856843245,default,,0.1,True,readout,128,0.00,0.00,0.00,1.00,128,2000,16,200,200,0.0,0.0,0.001,1e-05,False,5,5.0,0.0,200,1.0,0.138873,1.1779,0.0064,5,0.039952,nan,models/chua_orig_nint128_bs16_sig0.0_lr1e-03-1e-05_tfp0_ramp200_hLR1_m20_p10_seed6_minsym5_cand9_reducedp4_retained_sync_readout_ga0p1_v1_rseed0.pth
chua_orig_nint128_bs16_sig0.0_lr1e-03-1e-05_tfp0_ramp200_hLR1_m20_p10_seed6_minsym5_cand10_reducedp4_retained_sync_readout_ga0p1_v1_rseed0,20,10,6,6,0,10,10,4,6,5,5,1;2;5;7;8;9,retained_preactivation,1.0,,True,0.1,48098.07572034457,1167.3746022224668,4.12019206420755,default,,0.1,True,readout,128,0.00,0.00,0.00,1.00,128,2000,16,200,200,0.0,0.0,0.001,1e-05,False,5,5.0,0.0,200,1.0,0.034343,1.3850,0.0087,3,0.013025,nan,models/chua_orig_nint128_bs16_sig0.0_lr1e-03-1e-05_tfp0_ramp200_hLR1_m20_p10_seed6_minsym5_cand10_reducedp4_retained_sync_readout_ga0p1_v1_rseed0.pth
chua_orig_nint128_bs16_sig0.0_lr1e-03-1e-05_tfp0_ramp200_hLR1_m20_p10_seed10_minsym5_cand10_reducedp3_retained_sync_readout_ga0p1_v1_rseed0,20,10,10,10,0,10,10,3,7,5,5,1;2;4;5;6;7;8,retained_preactivation,1.0,,True,0.1,6048.896970729457,183.16041321473955,3.3025132803329194,default,,0.1,True,readout,128,0.00,0.00,0.00,1.00,128,2000,16,200,200,0.0,0.0,0.001,1e-05,False,5,5.0,0.0,200,1.0,0.049286,1.4704,0.0084,5,0.023590,nan,models/chua_orig_nint128_bs16_sig0.0_lr1e-03-1e-05_tfp0_ramp200_hLR1_m20_p10_seed10_minsym5_cand10_reducedp3_retained_sync_readout_ga0p1_v1_rseed0.pth
chua_orig_nint128_bs16_sig0.0_lr1e-03-1e-05_tfp0_ramp200_hLR1_m20_p10_seed10_minsym5_cand6_reducedp3_retained_sync_readout_ga0p1_v1_rseed0,20,10,10,10,0,6,10,3,7,5,5,0;1;3;4;5;6;8,retained_preactivation,1.0,,True,0.1,4129.1431692906945,220.42636020548338,1.873252892912378,default,,0.1,True,readout,128,0.00,0.00,0.00,1.00,128,2000,16,200,200,0.0,0.0,0.001,1e-05,False,5,5.0,0.0,200,1.0,0.047322,1.2454,0.0090,5,0.019466,nan,models/chua_orig_nint128_bs16_sig0.0_lr1e-03-1e-05_tfp0_ramp200_hLR1_m20_p10_seed10_minsym5_cand6_reducedp3_retained_sync_readout_ga0p1_v1_rseed0.pth
chua_orig_nint128_bs16_sig0.0_lr1e-03-1e-05_tfp0_ramp200_hLR1_m20_p10_seed13_minsym5_cand6_reducedp3_retained_sync_readout_ga0p1_v1_rseed0,20,10,13,13,0,6,10,3,7,5,5,1;2;3;5;7;8;9,retained_preactivation,1.0,,True,0.1,333.16892102617277,12.302087263235336,2.7082308383701497,default,,0.1,True,readout,128,0.00,0.00,0.00,1.00,128,2000,16,200,200,0.0,0.0,0.001,1e-05,False,5,5.0,0.0,200,1.0,0.020830,1.4193,0.0103,5,0.010076,nan,models/chua_orig_nint128_bs16_sig0.0_lr1e-03-1e-05_tfp0_ramp200_hLR1_m20_p10_seed13_minsym5_cand6_reducedp3_retained_sync_readout_ga0p1_v1_rseed0.pth
chua_orig_nint128_bs16_sig0.0_lr1e-03-1e-05_tfp0_ramp200_hLR1_m20_p10_seed10_minsym5_cand9_reducedp3_retained_sync_readout_ga0p1_v1_rseed0,20,10,10,10,0,9,10,3,7,5,5,0;1;3;5;6;7;8,retained_preactivation,1.0,,True,0.1,5707.943434372839,221.29129356774686,2.5793800299808742,default,,0.1,True,readout,128,0.00,0.00,0.00,1.00,128,2000,16,200,200,0.0,0.0,0.001,1e-05,False,5,5.0,0.0,200,1.0,0.026343,1.1376,0.0086,4,0.017328,nan,models/chua_orig_nint128_bs16_sig0.0_lr1e-03-1e-05_tfp0_ramp200_hLR1_m20_p10_seed10_minsym5_cand9_reducedp3_retained_sync_readout_ga0p1_v1_rseed0.pth
chua_orig_nint128_bs16_sig0.0_lr1e-03-1e-05_tfp0_ramp200_hLR1_m20_p10_seed18_minsym5_cand7_reducedp3_retained_sync_readout_ga0p1_v1_rseed0,20,10,18,18,0,7,10,3,7,5,5,1;2;3;4;6;7;9,retained_preactivation,1.0,,True,0.1,199810.10206443517,10059.675556243104,1.986247975367671,default,,0.1,True,readout,128,0.00,0.00,0.00,1.00,128,2000,16,200,200,0.0,0.0,0.001,1e-05,False,5,5.0,0.0,200,1.0,0.032450,1.0670,0.0177,5,0.020674,nan,models/chua_orig_nint128_bs16_sig0.0_lr1e-03-1e-05_tfp0_ramp200_hLR1_m20_p10_seed18_minsym5_cand7_reducedp3_retained_sync_readout_ga0p1_v1_rseed0.pth
chua_orig_nint128_bs16_sig0.0_lr1e-03-1e-05_tfp0_ramp200_hLR1_m20_p10_seed25_minsym5_cand7_reducedp3_retained_sync_readout_ga0p1_v1_rseed0,20,10,25,25,0,7,10,3,7,5,5,1;2;3;4;7;8;9,retained_preactivation,1.0,,True,0.1,34267.1767877075,1771.7122042717956,1.9341277158381311,default,,0.1,True,readout,128,0.00,0.00,0.00,1.00,128,2000,16,200,200,0.0,0.0,0.001,1e-05,False,5,5.0,0.0,200,1.0,0.025120,1.1568,0.0049,5,0.016488,nan,models/chua_orig_nint128_bs16_sig0.0_lr1e-03-1e-05_tfp0_ramp200_hLR1_m20_p10_seed25_minsym5_cand7_reducedp3_retained_sync_readout_ga0p1_v1_rseed0.pth
chua_orig_nint128_bs16_sig0.0_lr1e-03-1e-05_tfp0_ramp200_hLR1_m20_p10_seed10_minsym5_cand11_reducedp3_retained_sync_readout_ga0p1_v1_rseed0,20,10,10,10,0,11,10,3,7,5,5,1;3;4;5;6;7;8,retained_preactivation,1.0,,True,0.1,5453.62040299836,195.82791196853688,2.7849045359144466,default,,0.1,True,readout,128,0.00,0.00,0.00,1.00,128,2000,16,200,200,0.0,0.0,0.001,1e-05,False,5,5.0,0.0,200,1.0,0.042342,1.4481,0.0091,5,0.021997,nan,models/chua_orig_nint128_bs16_sig0.0_lr1e-03-1e-05_tfp0_ramp200_hLR1_m20_p10_seed10_minsym5_cand11_reducedp3_retained_sync_readout_ga0p1_v1_rseed0.pth
chua_orig_nint128_bs16_sig0.0_lr1e-03-1e-05_tfp0_ramp200_hLR1_m20_p10_seed13_minsym5_cand7_reducedp3_retained_sync_readout_ga0p1_v1_rseed0,20,10,13,13,0,7,10,3,7,5,5,2;3;5;6;7;8;9,retained_preactivation,1.0,,True,0.1,312.75422354574704,12.092310837075875,2.5863892167475115,default,,0.1,True,readout,128,0.00,0.00,0.00,1.00,128,2000,16,200,200,0.0,0.0,0.001,1e-05,False,5,5.0,0.0,200,1.0,0.028193,1.2486,0.0114,3,0.016495,nan,models/chua_orig_nint128_bs16_sig0.0_lr1e-03-1e-05_tfp0_ramp200_hLR1_m20_p10_seed13_minsym5_cand7_reducedp3_retained_sync_readout_ga0p1_v1_rseed0.pth
chua_orig_nint128_bs16_sig0.0_lr1e-03-1e-05_tfp0_ramp200_hLR1_m20_p10_seed22_minsym5_cand6_reducedp4_retained_sync_readout_ga0p1_v1_rseed0,20,10,22,22,0,6,10,4,6,5,5,1;2;3;4;7;9,retained_preactivation,1.0,,True,0.1,3324.7964270388043,114.184896605431,2.9117655012884054,default,,0.1,True,readout,128,0.00,0.00,0.00,1.00,128,2000,16,200,200,0.0,0.0,0.001,1e-05,False,5,5.0,0.0,200,1.0,0.031669,1.0657,0.0121,4,0.015615,nan,models/chua_orig_nint128_bs16_sig0.0_lr1e-03-1e-05_tfp0_ramp200_hLR1_m20_p10_seed22_minsym5_cand6_reducedp4_retained_sync_readout_ga0p1_v1_rseed0.pth
chua_orig_nint128_bs16_sig0.0_lr1e-03-1e-05_tfp0_ramp200_hLR1_m20_p10_seed15_minsym5_cand6_reducedp3_retained_sync_readout_ga0p1_v1_rseed0,20,10,15,15,0,6,10,3,7,5,5,2;3;5;6;7;8;9,retained_preactivation,1.0,,True,0.1,18023.90923190638,288.34927476977276,6.250721194390788,default,,0.1,True,readout,128,0.00,0.00,0.00,1.00,128,2000,16,200,200,0.0,0.0,0.001,1e-05,False,5,5.0,0.0,200,1.0,0.072313,1.2651,0.0082,5,0.040829,nan,models/chua_orig_nint128_bs16_sig0.0_lr1e-03-1e-05_tfp0_ramp200_hLR1_m20_p10_seed15_minsym5_cand6_reducedp3_retained_sync_readout_ga0p1_v1_rseed0.pth
chua_orig_nint128_bs16_sig0.0_lr1e-03-1e-05_tfp0_ramp200_hLR1_m20_p10_seed24_minsym5_cand6_reducedp3_retained_sync_readout_ga0p1_v1_rseed0,20,10,24,24,0,6,10,3,7,5,5,0;2;3;5;6;7;9,retained_preactivation,1.0,,True,0.1,11862.136011275541,185.30865241908418,6.401285561371792,default,,0.1,True,readout,128,0.00,0.00,0.00,1.00,128,2000,16,200,200,0.0,0.0,0.001,1e-05,False,5,5.0,0.0,200,1.0,0.132908,2.0817,0.0066,5,0.058438,nan,models/chua_orig_nint128_bs16_sig0.0_lr1e-03-1e-05_tfp0_ramp200_hLR1_m20_p10_seed24_minsym5_cand6_reducedp3_retained_sync_readout_ga0p1_v1_rseed0.pth
chua_orig_nint128_bs16_sig0.0_lr1e-03-1e-05_tfp0_ramp200_hLR1_m20_p10_seed11_minsym5_cand6_reducedp3_retained_sync_readout_ga0p1_v1_rseed0,20,10,11,11,0,6,10,3,7,5,5,1;3;4;5;6;7;9,retained_preactivation,1.0,,True,0.1,61151.69556112079,6060.697840389339,1.0089876969875866,default,,0.1,True,readout,128,0.00,0.00,0.00,1.00,128,2000,16,200,200,0.0,0.0,0.001,1e-05,False,5,5.0,0.0,200,1.0,0.029195,1.2050,0.0079,5,0.020583,nan,models/chua_orig_nint128_bs16_sig0.0_lr1e-03-1e-05_tfp0_ramp200_hLR1_m20_p10_seed11_minsym5_cand6_reducedp3_retained_sync_readout_ga0p1_v1_rseed0.pth
chua_orig_nint128_bs16_sig0.0_lr1e-03-1e-05_tfp0_ramp200_hLR1_m20_p10_seed26_minsym5_cand6_reducedp3_retained_sync_readout_ga0p1_v1_rseed0,20,10,26,26,0,6,10,3,7,5,5,1;2;4;5;7;8;9,retained_preactivation,1.0,,True,0.1,539023306.1028032,23909753.12392631,2.254407660794317,default,,0.1,True,readout,128,0.00,0.00,0.00,1.00,128,2000,16,200,200,0.0,0.0,0.001,1e-05,False,5,5.0,0.0,200,1.0,0.016748,1.0016,0.0123,5,0.009633,nan,models/chua_orig_nint128_bs16_sig0.0_lr1e-03-1e-05_tfp0_ramp200_hLR1_m20_p10_seed26_minsym5_cand6_reducedp3_retained_sync_readout_ga0p1_v1_rseed0.pth
chua_orig_nint128_bs16_sig0.0_lr1e-03-1e-05_tfp0_ramp200_hLR1_m20_p10_seed26_minsym5_cand7_reducedp3_retained_sync_readout_ga0p1_v1_rseed0,20,10,26,26,0,7,10,3,7,5,5,1;4;5;6;7;8;9,retained_preactivation,1.0,,True,0.1,156493174.93464655,6033837.335878388,2.593592870064747,default,,0.1,True,readout,128,0.00,0.00,0.00,1.00,128,2000,16,200,200,0.0,0.0,0.001,1e-05,False,5,5.0,0.0,200,1.0,0.016228,1.1675,0.0113,4,0.009524,nan,models/chua_orig_nint128_bs16_sig0.0_lr1e-03-1e-05_tfp0_ramp200_hLR1_m20_p10_seed26_minsym5_cand7_reducedp3_retained_sync_readout_ga0p1_v1_rseed0.pth
chua_orig_nint128_bs16_sig0.0_lr1e-03-1e-05_tfp0_ramp200_hLR1_m20_p10_seed24_minsym5_cand7_reducedp3_retained_sync_readout_ga0p1_v1_rseed0,20,10,24,24,0,7,10,3,7,5,5,0;2;3;5;7;8;9,retained_preactivation,1.0,,True,0.1,4047.4777871533774,45.17906500677581,8.958746239096051,default,,0.1,True,readout,128,0.00,0.00,0.00,1.00,128,2000,16,200,200,0.0,0.0,0.001,1e-05,False,5,5.0,0.0,200,1.0,0.127573,2.0338,0.0114,5,0.046364,nan,models/chua_orig_nint128_bs16_sig0.0_lr1e-03-1e-05_tfp0_ramp200_hLR1_m20_p10_seed24_minsym5_cand7_reducedp3_retained_sync_readout_ga0p1_v1_rseed0.pth
chua_orig_nint128_bs16_sig0.0_lr1e-03-1e-05_tfp0_ramp200_hLR1_m20_p10_seed22_minsym5_cand7_reducedp4_retained_sync_readout_ga0p1_v1_rseed0,20,10,22,22,0,7,10,4,6,5,5,1;2;3;5;7;9,retained_preactivation,1.0,,True,0.1,3012.263922285031,112.7907251535518,2.670666331991525,default,,0.1,True,readout,128,0.00,0.00,0.00,1.00,128,2000,16,200,200,0.0,0.0,0.001,1e-05,False,5,5.0,0.0,200,1.0,0.033951,1.0771,0.0077,4,0.017810,nan,models/chua_orig_nint128_bs16_sig0.0_lr1e-03-1e-05_tfp0_ramp200_hLR1_m20_p10_seed22_minsym5_cand7_reducedp4_retained_sync_readout_ga0p1_v1_rseed0.pth
chua_orig_nint128_bs16_sig0.0_lr1e-03-1e-05_tfp0_ramp200_hLR1_m20_p10_seed25_minsym5_cand8_reducedp3_retained_sync_readout_ga0p1_v1_rseed0,20,10,25,25,0,8,10,3,7,5,5,2;3;4;5;7;8;9,retained_preactivation,1.0,,True,0.1,16648.966244184652,767.9929694807596,2.1678539916115382,default,,0.1,True,readout,128,0.00,0.00,0.00,1.00,128,2000,16,200,200,0.0,0.0,0.001,1e-05,False,5,5.0,0.0,200,1.0,0.026884,1.1767,0.0207,5,0.013541,nan,models/chua_orig_nint128_bs16_sig0.0_lr1e-03-1e-05_tfp0_ramp200_hLR1_m20_p10_seed25_minsym5_cand8_reducedp3_retained_sync_readout_ga0p1_v1_rseed0.pth
chua_orig_nint128_bs16_sig0.0_lr1e-03-1e-05_tfp0_ramp200_hLR1_m20_p10_seed26_minsym5_cand8_reducedp3_retained_sync_readout_ga0p1_v1_rseed0,20,10,26,26,0,8,10,3,7,5,5,2;3;4;5;6;8;9,retained_preactivation,1.0,,True,0.1,3495055141.9308414,1034186313.7864546,0.33795217509062137,default,,0.1,True,readout,128,0.00,0.00,0.00,1.00,128,2000,16,200,200,0.0,0.0,0.001,1e-05,False,5,5.0,0.0,200,1.0,0.363254,2.7632,0.0181,2,0.346024,nan,models/chua_orig_nint128_bs16_sig0.0_lr1e-03-1e-05_tfp0_ramp200_hLR1_m20_p10_seed26_minsym5_cand8_reducedp3_retained_sync_readout_ga0p1_v1_rseed0.pth
chua_orig_nint128_bs16_sig0.0_lr1e-03-1e-05_tfp0_ramp200_hLR1_m20_p10_seed25_minsym5_cand6_reducedp3_retained_sync_readout_ga0p1_v1_rseed0,20,10,25,25,0,6,10,3,7,5,5,1;2;3;4;5;7;8,retained_preactivation,1.0,,True,0.1,18020.38488767651,965.5240385124093,1.8663838670905226,default,,0.1,True,readout,128,0.00,0.00,0.00,1.00,128,2000,16,200,200,0.0,0.0,0.001,1e-05,False,5,5.0,0.0,200,1.0,0.022933,1.0820,0.0186,4,0.013432,nan,models/chua_orig_nint128_bs16_sig0.0_lr1e-03-1e-05_tfp0_ramp200_hLR1_m20_p10_seed25_minsym5_cand6_reducedp3_retained_sync_readout_ga0p1_v1_rseed0.pth
chua_orig_nint128_bs16_sig0.0_lr1e-03-1e-05_tfp0_ramp200_hLR1_m20_p10_seed10_minsym5_cand0_reducedp3_noguide_sync_readout_v1_rseed0,20,10,10,10,0,0,10,3,7,5,5,0;1;2;4;5;6;7,retained_preactivation,0.0,,False,0.1,,,0.0,default,,0.1,False,readout,128,0.00,0.00,0.00,1.00,128,2000,16,200,200,0.0,0.0,0.001,1e-05,False,5,5.0,0.0,200,1.0,0.227514,4.6126,0.0146,2,0.227514,nan,models/chua_orig_nint128_bs16_sig0.0_lr1e-03-1e-05_tfp0_ramp200_hLR1_m20_p10_seed10_minsym5_cand0_reducedp3_noguide_sync_readout_v1_rseed0.pth
chua_orig_nint128_bs16_sig0.0_lr1e-03-1e-05_tfp0_ramp200_hLR1_m20_p10_seed8_minsym5_cand0_reducedp3_noguide_sync_readout_v1_rseed0,20,10,8,8,0,0,10,3,7,5,5,0;3;4;5;6;7;8,retained_preactivation,0.0,,False,0.1,,,0.0,default,,0.1,False,readout,128,0.00,0.00,0.00,1.00,128,2000,16,200,200,0.0,0.0,0.001,1e-05,False,5,5.0,0.0,200,1.0,0.309952,3.1904,0.0214,3,0.309952,nan,models/chua_orig_nint128_bs16_sig0.0_lr1e-03-1e-05_tfp0_ramp200_hLR1_m20_p10_seed8_minsym5_cand0_reducedp3_noguide_sync_readout_v1_rseed0.pth
chua_orig_nint128_bs16_sig0.0_lr1e-03-1e-05_tfp0_ramp200_hLR1_m20_p10_seed4_minsym5_cand0_reducedp3_noguide_sync_readout_v1_rseed0,20,10,4,4,0,0,10,3,7,5,5,0;1;2;3;4;5;8,retained_preactivation,0.0,,False,0.1,,,0.0,default,,0.1,False,readout,128,0.00,0.00,0.00,1.00,128,2000,16,200,200,0.0,0.0,0.001,1e-05,False,5,5.0,0.0,200,1.0,0.337696,2.5938,0.0147,3,0.337696,nan,models/chua_orig_nint128_bs16_sig0.0_lr1e-03-1e-05_tfp0_ramp200_hLR1_m20_p10_seed4_minsym5_cand0_reducedp3_noguide_sync_readout_v1_rseed0.pth
chua_orig_nint128_bs16_sig0.0_lr1e-03-1e-05_tfp0_ramp200_hLR1_m20_p10_seed15_minsym5_cand0_reducedp3_noguide_sync_readout_v1_rseed0,20,10,15,15,0,0,10,3,7,5,5,0;2;3;5;6;7;8,retained_preactivation,0.0,,False,0.1,,,0.0,default,,0.1,False,readout,128,0.00,0.00,0.00,1.00,128,2000,16,200,200,0.0,0.0,0.001,1e-05,False,5,5.0,0.0,200,1.0,0.260724,7.9011,0.0154,1,0.260724,nan,models/chua_orig_nint128_bs16_sig0.0_lr1e-03-1e-05_tfp0_ramp200_hLR1_m20_p10_seed15_minsym5_cand0_reducedp3_noguide_sync_readout_v1_rseed0.pth
chua_orig_nint128_bs16_sig0.0_lr1e-03-1e-05_tfp0_ramp200_hLR1_m20_p10_seed2_minsym5_cand0_reducedp3_noguide_sync_readout_v1_rseed0,20,10,2,2,0,0,10,3,7,5,5,2;4;5;6;7;8;9,retained_preactivation,0.0,,False,0.1,,,0.0,default,,0.1,False,readout,128,0.00,0.00,0.00,1.00,128,2000,16,200,200,0.0,0.0,0.001,1e-05,False,5,5.0,0.0,200,1.0,0.012792,0.9926,0.0159,5,0.012792,nan,models/chua_orig_nint128_bs16_sig0.0_lr1e-03-1e-05_tfp0_ramp200_hLR1_m20_p10_seed2_minsym5_cand0_reducedp3_noguide_sync_readout_v1_rseed0.pth
chua_orig_nint128_bs16_sig0.0_lr1e-03-1e-05_tfp0_ramp200_hLR1_m20_p10_seed6_minsym5_cand1_reducedp4_noguide_sync_readout_v1_rseed0,20,10,6,6,0,1,10,4,6,5,5,0;1;2;4;7;9,retained_preactivation,0.0,,False,0.1,,,0.0,default,,0.1,False,readout,128,0.00,0.00,0.00,1.00,128,2000,16,200,200,0.0,0.0,0.001,1e-05,False,5,5.0,0.0,200,1.0,0.005568,1.0458,0.0142,5,0.005568,nan,models/chua_orig_nint128_bs16_sig0.0_lr1e-03-1e-05_tfp0_ramp200_hLR1_m20_p10_seed6_minsym5_cand1_reducedp4_noguide_sync_readout_v1_rseed0.pth
chua_orig_nint128_bs16_sig0.0_lr1e-03-1e-05_tfp0_ramp200_hLR1_m20_p10_seed9_minsym5_cand1_reducedp3_noguide_sync_readout_v1_rseed0,20,10,9,9,0,1,10,3,7,5,5,0;1;2;3;5;7;8,retained_preactivation,0.0,,False,0.1,,,0.0,default,,0.1,False,readout,128,0.00,0.00,0.00,1.00,128,2000,16,200,200,0.0,0.0,0.001,1e-05,False,5,5.0,0.0,200,1.0,0.225377,3.4371,0.0264,3,0.225377,nan,models/chua_orig_nint128_bs16_sig0.0_lr1e-03-1e-05_tfp0_ramp200_hLR1_m20_p10_seed9_minsym5_cand1_reducedp3_noguide_sync_readout_v1_rseed0.pth
chua_orig_nint128_bs16_sig0.0_lr1e-03-1e-05_tfp0_ramp200_hLR1_m20_p10_seed3_minsym5_cand1_reducedp3_noguide_sync_readout_v1_rseed0,20,10,3,3,0,1,10,3,7,5,5,0;1;2;3;4;6;8,retained_preactivation,0.0,,False,0.1,,,0.0,default,,0.1,False,readout,128,0.00,0.00,0.00,1.00,128,2000,16,200,200,0.0,0.0,0.001,1e-05,False,5,5.0,0.0,200,1.0,0.038434,1.2937,0.0163,2,0.038434,nan,models/chua_orig_nint128_bs16_sig0.0_lr1e-03-1e-05_tfp0_ramp200_hLR1_m20_p10_seed3_minsym5_cand1_reducedp3_noguide_sync_readout_v1_rseed0.pth
chua_orig_nint128_bs16_sig0.0_lr1e-03-1e-05_tfp0_ramp200_hLR1_m20_p10_seed8_minsym5_cand1_reducedp3_noguide_sync_readout_v1_rseed0,20,10,8,8,0,1,10,3,7,5,5,0;3;4;6;7;8;9,retained_preactivation,0.0,,False,0.1,,,0.0,default,,0.1,False,readout,128,0.00,0.00,0.00,1.00,128,2000,16,200,200,0.0,0.0,0.001,1e-05,False,5,5.0,0.0,200,1.0,0.010398,1.0323,0.0094,4,0.010398,nan,models/chua_orig_nint128_bs16_sig0.0_lr1e-03-1e-05_tfp0_ramp200_hLR1_m20_p10_seed8_minsym5_cand1_reducedp3_noguide_sync_readout_v1_rseed0.pth
chua_orig_nint128_bs16_sig0.0_lr1e-03-1e-05_tfp0_ramp200_hLR1_m20_p10_seed14_minsym5_cand0_reducedp3_noguide_sync_readout_v1_rseed0,20,10,14,14,0,0,10,3,7,5,5,0;1;2;5;6;7;8,retained_preactivation,0.0,,False,0.1,,,0.0,default,,0.1,False,readout,128,0.00,0.00,0.00,1.00,128,2000,16,200,200,0.0,0.0,0.001,1e-05,False,5,5.0,0.0,200,1.0,0.237858,2.3407,0.0166,4,0.237858,nan,models/chua_orig_nint128_bs16_sig0.0_lr1e-03-1e-05_tfp0_ramp200_hLR1_m20_p10_seed14_minsym5_cand0_reducedp3_noguide_sync_readout_v1_rseed0.pth
chua_orig_nint128_bs16_sig0.0_lr1e-03-1e-05_tfp0_ramp200_hLR1_m20_p10_seed7_minsym5_cand2_reducedp3_noguide_sync_readout_v1_rseed0,20,10,7,7,0,2,10,3,7,5,5,1;2;4;5;7;8;9,retained_preactivation,0.0,,False,0.1,,,0.0,default,,0.1,False,readout,128,0.00,0.00,0.00,1.00,128,2000,16,200,200,0.0,0.0,0.001,1e-05,False,5,5.0,0.0,200,1.0,0.006692,1.0668,0.0079,5,0.006692,nan,models/chua_orig_nint128_bs16_sig0.0_lr1e-03-1e-05_tfp0_ramp200_hLR1_m20_p10_seed7_minsym5_cand2_reducedp3_noguide_sync_readout_v1_rseed0.pth
chua_orig_nint128_bs16_sig0.0_lr1e-03-1e-05_tfp0_ramp200_hLR1_m20_p10_seed11_minsym5_cand0_reducedp3_noguide_sync_readout_v1_rseed0,20,10,11,11,0,0,10,3,7,5,5,0;1;3;4;5;6;9,retained_preactivation,0.0,,False,0.1,,,0.0,default,,0.1,False,readout,128,0.00,0.00,0.00,1.00,128,2000,16,200,200,0.0,0.0,0.001,1e-05,False,5,5.0,0.0,200,1.0,0.025177,1.0332,0.0128,5,0.025177,nan,models/chua_orig_nint128_bs16_sig0.0_lr1e-03-1e-05_tfp0_ramp200_hLR1_m20_p10_seed11_minsym5_cand0_reducedp3_noguide_sync_readout_v1_rseed0.pth
chua_orig_nint128_bs16_sig0.0_lr1e-03-1e-05_tfp0_ramp200_hLR1_m20_p10_seed9_minsym5_cand0_reducedp3_noguide_sync_readout_v1_rseed0,20,10,9,9,0,0,10,3,7,5,5,0;1;2;3;5;6;8,retained_preactivation,0.0,,False,0.1,,,0.0,default,,0.1,False,readout,128,0.00,0.00,0.00,1.00,128,2000,16,200,200,0.0,0.0,0.001,1e-05,False,5,5.0,0.0,200,1.0,0.013854,1.1362,0.0111,5,0.013854,nan,models/chua_orig_nint128_bs16_sig0.0_lr1e-03-1e-05_tfp0_ramp200_hLR1_m20_p10_seed9_minsym5_cand0_reducedp3_noguide_sync_readout_v1_rseed0.pth
chua_orig_nint128_bs16_sig0.0_lr1e-03-1e-05_tfp0_ramp200_hLR1_m20_p10_seed6_minsym5_cand2_reducedp4_noguide_sync_readout_v1_rseed0,20,10,6,6,0,2,10,4,6,5,5,0;1;2;5;7;9,retained_preactivation,0.0,,False,0.1,,,0.0,default,,0.1,False,readout,128,0.00,0.00,0.00,1.00,128,2000,16,200,200,0.0,0.0,0.001,1e-05,False,5,5.0,0.0,200,1.0,0.020864,1.1687,0.0139,4,0.020864,nan,models/chua_orig_nint128_bs16_sig0.0_lr1e-03-1e-05_tfp0_ramp200_hLR1_m20_p10_seed6_minsym5_cand2_reducedp4_noguide_sync_readout_v1_rseed0.pth
chua_orig_nint128_bs16_sig0.0_lr1e-03-1e-05_tfp0_ramp200_hLR1_m20_p10_seed4_minsym5_cand1_reducedp3_noguide_sync_readout_v1_rseed0,20,10,4,4,0,1,10,3,7,5,5,0;1;4;6;7;8;9,retained_preactivation,0.0,,False,0.1,,,0.0,default,,0.1,False,readout,128,0.00,0.00,0.00,1.00,128,2000,16,200,200,0.0,0.0,0.001,1e-05,False,5,5.0,0.0,200,1.0,0.294692,6.9525,0.0210,1,0.294692,nan,models/chua_orig_nint128_bs16_sig0.0_lr1e-03-1e-05_tfp0_ramp200_hLR1_m20_p10_seed4_minsym5_cand1_reducedp3_noguide_sync_readout_v1_rseed0.pth
chua_orig_nint128_bs16_sig0.0_lr1e-03-1e-05_tfp0_ramp200_hLR1_m20_p10_seed6_minsym5_cand0_reducedp4_noguide_sync_readout_v1_rseed0,20,10,6,6,0,0,10,4,6,5,5,0;1;2;4;5;9,retained_preactivation,0.0,,False,0.1,,,0.0,default,,0.1,False,readout,128,0.00,0.00,0.00,1.00,128,2000,16,200,200,0.0,0.0,0.001,1e-05,False,5,5.0,0.0,200,1.0,0.124416,2.3391,0.0133,3,0.124416,nan,models/chua_orig_nint128_bs16_sig0.0_lr1e-03-1e-05_tfp0_ramp200_hLR1_m20_p10_seed6_minsym5_cand0_reducedp4_noguide_sync_readout_v1_rseed0.pth
chua_orig_nint128_bs16_sig0.0_lr1e-03-1e-05_tfp0_ramp200_hLR1_m20_p10_seed3_minsym5_cand2_reducedp3_noguide_sync_readout_v1_rseed0,20,10,3,3,0,2,10,3,7,5,5,0;1;3;4;5;7;8,retained_preactivation,0.0,,False,0.1,,,0.0,default,,0.1,False,readout,128,0.00,0.00,0.00,1.00,128,2000,16,200,200,0.0,0.0,0.001,1e-05,False,5,5.0,0.0,200,1.0,0.019873,1.0914,0.0156,2,0.019873,nan,models/chua_orig_nint128_bs16_sig0.0_lr1e-03-1e-05_tfp0_ramp200_hLR1_m20_p10_seed3_minsym5_cand2_reducedp3_noguide_sync_readout_v1_rseed0.pth
chua_orig_nint128_bs16_sig0.0_lr1e-03-1e-05_tfp0_ramp200_hLR1_m20_p10_seed7_minsym5_cand0_reducedp3_noguide_sync_readout_v1_rseed0,20,10,7,7,0,0,10,3,7,5,5,0;1;2;4;5;7;9,retained_preactivation,0.0,,False,0.1,,,0.0,default,,0.1,False,readout,128,0.00,0.00,0.00,1.00,128,2000,16,200,200,0.0,0.0,0.001,1e-05,False,5,5.0,0.0,200,1.0,0.236318,2.8700,0.0238,3,0.236318,nan,models/chua_orig_nint128_bs16_sig0.0_lr1e-03-1e-05_tfp0_ramp200_hLR1_m20_p10_seed7_minsym5_cand0_reducedp3_noguide_sync_readout_v1_rseed0.pth
chua_orig_nint128_bs16_sig0.0_lr1e-03-1e-05_tfp0_ramp200_hLR1_m20_p10_seed3_minsym5_cand3_reducedp3_noguide_sync_readout_v1_rseed0,20,10,3,3,0,3,10,3,7,5,5,0;1;3;4;6;7;8,retained_preactivation,0.0,,False,0.1,,,0.0,default,,0.1,False,readout,128,0.00,0.00,0.00,1.00,128,2000,16,200,200,0.0,0.0,0.001,1e-05,False,5,5.0,0.0,200,1.0,0.034169,1.3920,0.0193,2,0.034169,nan,models/chua_orig_nint128_bs16_sig0.0_lr1e-03-1e-05_tfp0_ramp200_hLR1_m20_p10_seed3_minsym5_cand3_reducedp3_noguide_sync_readout_v1_rseed0.pth
chua_orig_nint128_bs16_sig0.0_lr1e-03-1e-05_tfp0_ramp200_hLR1_m20_p10_seed10_minsym5_cand1_reducedp3_noguide_sync_readout_v1_rseed0,20,10,10,10,0,1,10,3,7,5,5,0;1;2;4;5;6;8,retained_preactivation,0.0,,False,0.1,,,0.0,default,,0.1,False,readout,128,0.00,0.00,0.00,1.00,128,2000,16,200,200,0.0,0.0,0.001,1e-05,False,5,5.0,0.0,200,1.0,0.307500,2.4590,0.0116,3,0.307500,nan,models/chua_orig_nint128_bs16_sig0.0_lr1e-03-1e-05_tfp0_ramp200_hLR1_m20_p10_seed10_minsym5_cand1_reducedp3_noguide_sync_readout_v1_rseed0.pth
chua_orig_nint128_bs16_sig0.0_lr1e-03-1e-05_tfp0_ramp200_hLR1_m20_p10_seed3_minsym5_cand0_reducedp3_noguide_sync_readout_v1_rseed0,20,10,3,3,0,0,10,3,7,5,5,0;1;2;3;4;5;8,retained_preactivation,0.0,,False,0.1,,,0.0,default,,0.1,False,readout,128,0.00,0.00,0.00,1.00,128,2000,16,200,200,0.0,0.0,0.001,1e-05,False,5,5.0,0.0,200,1.0,0.030610,1.1844,0.0224,2,0.030610,nan,models/chua_orig_nint128_bs16_sig0.0_lr1e-03-1e-05_tfp0_ramp200_hLR1_m20_p10_seed3_minsym5_cand0_reducedp3_noguide_sync_readout_v1_rseed0.pth
chua_orig_nint128_bs16_sig0.0_lr1e-03-1e-05_tfp0_ramp200_hLR1_m20_p10_seed0_minsym5_cand0_reducedp3_noguide_sync_readout_v1_rseed0,20,10,0,0,0,0,10,3,7,5,5,0;1;3;4;5;7;9,retained_preactivation,0.0,,False,0.1,,,0.0,default,,0.1,False,readout,128,0.00,0.00,0.00,1.00,128,2000,16,200,200,0.0,0.0,0.001,1e-05,False,5,5.0,0.0,200,1.0,0.133520,2.0613,0.0113,4,0.133520,nan,models/chua_orig_nint128_bs16_sig0.0_lr1e-03-1e-05_tfp0_ramp200_hLR1_m20_p10_seed0_minsym5_cand0_reducedp3_noguide_sync_readout_v1_rseed0.pth
chua_orig_nint128_bs16_sig0.0_lr1e-03-1e-05_tfp0_ramp200_hLR1_m20_p10_seed16_minsym5_cand0_reducedp3_noguide_sync_readout_v1_rseed0,20,10,16,16,0,0,10,3,7,5,5,0;1;2;3;4;5;8,retained_preactivation,0.0,,False,0.1,,,0.0,default,,0.1,False,readout,128,0.00,0.00,0.00,1.00,128,2000,16,200,200,0.0,0.0,0.001,1e-05,False,5,5.0,0.0,200,1.0,0.177551,2.8917,0.0231,3,0.177551,nan,models/chua_orig_nint128_bs16_sig0.0_lr1e-03-1e-05_tfp0_ramp200_hLR1_m20_p10_seed16_minsym5_cand0_reducedp3_noguide_sync_readout_v1_rseed0.pth
chua_orig_nint128_bs16_sig0.0_lr1e-03-1e-05_tfp0_ramp200_hLR1_m20_p10_seed17_minsym5_cand0_reducedp3_noguide_sync_readout_v1_rseed0,20,10,17,17,0,0,10,3,7,5,5,0;1;2;3;4;6;8,retained_preactivation,0.0,,False,0.1,,,0.0,default,,0.1,False,readout,128,0.00,0.00,0.00,1.00,128,2000,16,200,200,0.0,0.0,0.001,1e-05,False,5,5.0,0.0,200,1.0,0.271001,6.0502,0.0199,1,0.271001,nan,models/chua_orig_nint128_bs16_sig0.0_lr1e-03-1e-05_tfp0_ramp200_hLR1_m20_p10_seed17_minsym5_cand0_reducedp3_noguide_sync_readout_v1_rseed0.pth
chua_orig_nint128_bs16_sig0.0_lr1e-03-1e-05_tfp0_ramp200_hLR1_m20_p10_seed25_minsym5_cand0_reducedp3_noguide_sync_readout_v1_rseed0,20,10,25,25,0,0,10,3,7,5,5,0;1;2;3;4;5;8,retained_preactivation,0.0,,False,0.1,,,0.0,default,,0.1,False,readout,128,0.00,0.00,0.00,1.00,128,2000,16,200,200,0.0,0.0,0.001,1e-05,False,5,5.0,0.0,200,1.0,0.317245,2.8149,0.0152,1,0.317245,nan,models/chua_orig_nint128_bs16_sig0.0_lr1e-03-1e-05_tfp0_ramp200_hLR1_m20_p10_seed25_minsym5_cand0_reducedp3_noguide_sync_readout_v1_rseed0.pth
chua_orig_nint128_bs16_sig0.0_lr1e-03-1e-05_tfp0_ramp200_hLR1_m20_p10_seed13_minsym5_cand0_reducedp3_noguide_sync_readout_v1_rseed0,20,10,13,13,0,0,10,3,7,5,5,0;1;2;3;5;7;8,retained_preactivation,0.0,,False,0.1,,,0.0,default,,0.1,False,readout,128,0.00,0.00,0.00,1.00,128,2000,16,200,200,0.0,0.0,0.001,1e-05,False,5,5.0,0.0,200,1.0,0.011450,1.0790,0.0062,5,0.011450,nan,models/chua_orig_nint128_bs16_sig0.0_lr1e-03-1e-05_tfp0_ramp200_hLR1_m20_p10_seed13_minsym5_cand0_reducedp3_noguide_sync_readout_v1_rseed0.pth
chua_orig_nint128_bs16_sig0.0_lr1e-03-1e-05_tfp0_ramp200_hLR1_m20_p10_seed7_minsym5_cand1_reducedp3_noguide_sync_readout_v1_rseed0,20,10,7,7,0,1,10,3,7,5,5,0;1;4;5;6;7;9,retained_preactivation,0.0,,False,0.1,,,0.0,default,,0.1,False,readout,128,0.00,0.00,0.00,1.00,128,2000,16,200,200,0.0,0.0,0.001,1e-05,False,5,5.0,0.0,200,1.0,0.003182,0.8761,0.0103,5,0.003182,nan,models/chua_orig_nint128_bs16_sig0.0_lr1e-03-1e-05_tfp0_ramp200_hLR1_m20_p10_seed7_minsym5_cand1_reducedp3_noguide_sync_readout_v1_rseed0.pth
chua_orig_nint128_bs16_sig0.0_lr1e-03-1e-05_tfp0_ramp200_hLR1_m20_p10_seed4_minsym5_cand2_reducedp3_noguide_sync_readout_v1_rseed0,20,10,4,4,0,2,10,3,7,5,5,1;2;3;4;5;6;8,retained_preactivation,0.0,,False,0.1,,,0.0,default,,0.1,False,readout,128,0.00,0.00,0.00,1.00,128,2000,16,200,200,0.0,0.0,0.001,1e-05,False,5,5.0,0.0,200,1.0,0.024943,1.0400,0.0121,5,0.024943,nan,models/chua_orig_nint128_bs16_sig0.0_lr1e-03-1e-05_tfp0_ramp200_hLR1_m20_p10_seed4_minsym5_cand2_reducedp3_noguide_sync_readout_v1_rseed0.pth
chua_orig_nint128_bs16_sig0.0_lr1e-03-1e-05_tfp0_ramp200_hLR1_m20_p10_seed13_minsym5_cand1_reducedp3_noguide_sync_readout_v1_rseed0,20,10,13,13,0,1,10,3,7,5,5,0;1;2;5;7;8;9,retained_preactivation,0.0,,False,0.1,,,0.0,default,,0.1,False,readout,128,0.00,0.00,0.00,1.00,128,2000,16,200,200,0.0,0.0,0.001,1e-05,False,5,5.0,0.0,200,1.0,0.274033,4.7611,0.0320,0,0.274033,nan,models/chua_orig_nint128_bs16_sig0.0_lr1e-03-1e-05_tfp0_ramp200_hLR1_m20_p10_seed13_minsym5_cand1_reducedp3_noguide_sync_readout_v1_rseed0.pth
chua_orig_nint128_bs16_sig0.0_lr1e-03-1e-05_tfp0_ramp200_hLR1_m20_p10_seed16_minsym5_cand1_reducedp3_noguide_sync_readout_v1_rseed0,20,10,16,16,0,1,10,3,7,5,5,0;1;2;3;4;7;8,retained_preactivation,0.0,,False,0.1,,,0.0,default,,0.1,False,readout,128,0.00,0.00,0.00,1.00,128,2000,16,200,200,0.0,0.0,0.001,1e-05,False,5,5.0,0.0,200,1.0,0.173933,2.4054,0.0132,2,0.173933,nan,models/chua_orig_nint128_bs16_sig0.0_lr1e-03-1e-05_tfp0_ramp200_hLR1_m20_p10_seed16_minsym5_cand1_reducedp3_noguide_sync_readout_v1_rseed0.pth
chua_orig_nint128_bs16_sig0.0_lr1e-03-1e-05_tfp0_ramp200_hLR1_m20_p10_seed21_minsym5_cand0_reducedp3_noguide_sync_readout_v1_rseed0,20,10,21,21,0,0,10,3,7,5,5,0;1;3;4;5;6;8,retained_preactivation,0.0,,False,0.1,,,0.0,default,,0.1,False,readout,128,0.00,0.00,0.00,1.00,128,2000,16,200,200,0.0,0.0,0.001,1e-05,False,5,5.0,0.0,200,1.0,0.013115,1.0690,0.0063,5,0.013115,nan,models/chua_orig_nint128_bs16_sig0.0_lr1e-03-1e-05_tfp0_ramp200_hLR1_m20_p10_seed21_minsym5_cand0_reducedp3_noguide_sync_readout_v1_rseed0.pth
chua_orig_nint128_bs16_sig0.0_lr1e-03-1e-05_tfp0_ramp200_hLR1_m20_p10_seed17_minsym5_cand1_reducedp3_noguide_sync_readout_v1_rseed0,20,10,17,17,0,1,10,3,7,5,5,0;1;2;3;4;8;9,retained_preactivation,0.0,,False,0.1,,,0.0,default,,0.1,False,readout,128,0.00,0.00,0.00,1.00,128,2000,16,200,200,0.0,0.0,0.001,1e-05,False,5,5.0,0.0,200,1.0,0.138102,3.6258,0.0259,1,0.138102,nan,models/chua_orig_nint128_bs16_sig0.0_lr1e-03-1e-05_tfp0_ramp200_hLR1_m20_p10_seed17_minsym5_cand1_reducedp3_noguide_sync_readout_v1_rseed0.pth
chua_orig_nint128_bs16_sig0.0_lr1e-03-1e-05_tfp0_ramp200_hLR1_m20_p10_seed18_minsym5_cand0_reducedp3_noguide_sync_readout_v1_rseed0,20,10,18,18,0,0,10,3,7,5,5,0;1;2;3;4;5;7,retained_preactivation,0.0,,False,0.1,,,0.0,default,,0.1,False,readout,128,0.00,0.00,0.00,1.00,128,2000,16,200,200,0.0,0.0,0.001,1e-05,False,5,5.0,0.0,200,1.0,0.040762,1.2856,0.0119,3,0.040762,nan,models/chua_orig_nint128_bs16_sig0.0_lr1e-03-1e-05_tfp0_ramp200_hLR1_m20_p10_seed18_minsym5_cand0_reducedp3_noguide_sync_readout_v1_rseed0.pth
chua_orig_nint128_bs16_sig0.0_lr1e-03-1e-05_tfp0_ramp200_hLR1_m20_p10_seed22_minsym5_cand0_reducedp3_noguide_sync_readout_v1_rseed0,20,10,22,22,0,0,10,3,7,5,5,0;2;3;4;5;7;8,retained_preactivation,0.0,,False,0.1,,,0.0,default,,0.1,False,readout,128,0.00,0.00,0.00,1.00,128,2000,16,200,200,0.0,0.0,0.001,1e-05,False,5,5.0,0.0,200,1.0,0.177026,4.0124,0.0204,1,0.177026,nan,models/chua_orig_nint128_bs16_sig0.0_lr1e-03-1e-05_tfp0_ramp200_hLR1_m20_p10_seed22_minsym5_cand0_reducedp3_noguide_sync_readout_v1_rseed0.pth
chua_orig_nint128_bs16_sig0.0_lr1e-03-1e-05_tfp0_ramp200_hLR1_m20_p10_seed14_minsym5_cand1_reducedp3_noguide_sync_readout_v1_rseed0,20,10,14,14,0,1,10,3,7,5,5,0;1;2;5;6;7;9,retained_preactivation,0.0,,False,0.1,,,0.0,default,,0.1,False,readout,128,0.00,0.00,0.00,1.00,128,2000,16,200,200,0.0,0.0,0.001,1e-05,False,5,5.0,0.0,200,1.0,0.325828,2.7274,0.0144,2,0.325828,nan,models/chua_orig_nint128_bs16_sig0.0_lr1e-03-1e-05_tfp0_ramp200_hLR1_m20_p10_seed14_minsym5_cand1_reducedp3_noguide_sync_readout_v1_rseed0.pth
chua_orig_nint128_bs16_sig0.0_lr1e-03-1e-05_tfp0_ramp200_hLR1_m20_p10_seed15_minsym5_cand1_reducedp3_noguide_sync_readout_v1_rseed0,20,10,15,15,0,1,10,3,7,5,5,0;2;3;5;6;7;9,retained_preactivation,0.0,,False,0.1,,,0.0,default,,0.1,False,readout,128,0.00,0.00,0.00,1.00,128,2000,16,200,200,0.0,0.0,0.001,1e-05,False,5,5.0,0.0,200,1.0,0.197955,4.4486,0.0151,2,0.197955,nan,models/chua_orig_nint128_bs16_sig0.0_lr1e-03-1e-05_tfp0_ramp200_hLR1_m20_p10_seed15_minsym5_cand1_reducedp3_noguide_sync_readout_v1_rseed0.pth
chua_orig_nint128_bs16_sig0.0_lr1e-03-1e-05_tfp0_ramp200_hLR1_m20_p10_seed18_minsym5_cand1_reducedp3_noguide_sync_readout_v1_rseed0,20,10,18,18,0,1,10,3,7,5,5,0;1;2;3;4;5;9,retained_preactivation,0.0,,False,0.1,,,0.0,default,,0.1,False,readout,128,0.00,0.00,0.00,1.00,128,2000,16,200,200,0.0,0.0,0.001,1e-05,False,5,5.0,0.0,200,1.0,0.112252,2.4140,0.0136,3,0.112252,nan,models/chua_orig_nint128_bs16_sig0.0_lr1e-03-1e-05_tfp0_ramp200_hLR1_m20_p10_seed18_minsym5_cand1_reducedp3_noguide_sync_readout_v1_rseed0.pth
chua_orig_nint128_bs16_sig0.0_lr1e-03-1e-05_tfp0_ramp200_hLR1_m20_p10_seed6_minsym5_cand3_reducedp4_noguide_sync_readout_v1_rseed0,20,10,6,6,0,3,10,4,6,5,5,0;1;4;5;8;9,retained_preactivation,0.0,,False,0.1,,,0.0,default,,0.1,False,readout,128,0.00,0.00,0.00,1.00,128,2000,16,200,200,0.0,0.0,0.001,1e-05,False,5,5.0,0.0,200,1.0,0.009271,1.2866,0.0070,5,0.009271,nan,models/chua_orig_nint128_bs16_sig0.0_lr1e-03-1e-05_tfp0_ramp200_hLR1_m20_p10_seed6_minsym5_cand3_reducedp4_noguide_sync_readout_v1_rseed0.pth
chua_orig_nint128_bs16_sig0.0_lr1e-03-1e-05_tfp0_ramp200_hLR1_m20_p10_seed4_minsym5_cand3_reducedp3_noguide_sync_readout_v1_rseed0,20,10,4,4,0,3,10,3,7,5,5,1;2;3;4;5;7;8,retained_preactivation,0.0,,False,0.1,,,0.0,default,,0.1,False,readout,128,0.00,0.00,0.00,1.00,128,2000,16,200,200,0.0,0.0,0.001,1e-05,False,5,5.0,0.0,200,1.0,0.238138,2.3060,0.0107,4,0.238138,nan,models/chua_orig_nint128_bs16_sig0.0_lr1e-03-1e-05_tfp0_ramp200_hLR1_m20_p10_seed4_minsym5_cand3_reducedp3_noguide_sync_readout_v1_rseed0.pth
chua_orig_nint128_bs16_sig0.0_lr1e-03-1e-05_tfp0_ramp200_hLR1_m20_p10_seed28_minsym5_cand0_reducedp3_noguide_sync_readout_v1_rseed0,20,10,28,28,0,0,10,3,7,5,5,0;1;2;3;5;6;9,retained_preactivation,0.0,,False,0.1,,,0.0,default,,0.1,False,readout,128,0.00,0.00,0.00,1.00,128,2000,16,200,200,0.0,0.0,0.001,1e-05,False,5,5.0,0.0,200,1.0,0.023361,1.0965,0.0049,5,0.023361,nan,models/chua_orig_nint128_bs16_sig0.0_lr1e-03-1e-05_tfp0_ramp200_hLR1_m20_p10_seed28_minsym5_cand0_reducedp3_noguide_sync_readout_v1_rseed0.pth
chua_orig_nint128_bs16_sig0.0_lr1e-03-1e-05_tfp0_ramp200_hLR1_m20_p10_seed9_minsym5_cand2_reducedp3_noguide_sync_readout_v1_rseed0,20,10,9,9,0,2,10,3,7,5,5,0;2;3;5;6;7;8,retained_preactivation,0.0,,False,0.1,,,0.0,default,,0.1,False,readout,128,0.00,0.00,0.00,1.00,128,2000,16,200,200,0.0,0.0,0.001,1e-05,False,5,5.0,0.0,200,1.0,0.206063,2.8116,0.0109,3,0.206063,nan,models/chua_orig_nint128_bs16_sig0.0_lr1e-03-1e-05_tfp0_ramp200_hLR1_m20_p10_seed9_minsym5_cand2_reducedp3_noguide_sync_readout_v1_rseed0.pth
chua_orig_nint128_bs16_sig0.0_lr1e-03-1e-05_tfp0_ramp200_hLR1_m20_p10_seed27_minsym5_cand0_reducedp3_noguide_sync_readout_v1_rseed0,20,10,27,27,0,0,10,3,7,5,5,1;2;3;4;5;6;7,retained_preactivation,0.0,,False,0.1,,,0.0,default,,0.1,False,readout,128,0.00,0.00,0.00,1.00,128,2000,16,200,200,0.0,0.0,0.001,1e-05,False,5,5.0,0.0,200,1.0,0.016742,1.1119,0.0138,3,0.016742,nan,models/chua_orig_nint128_bs16_sig0.0_lr1e-03-1e-05_tfp0_ramp200_hLR1_m20_p10_seed27_minsym5_cand0_reducedp3_noguide_sync_readout_v1_rseed0.pth
chua_orig_nint128_bs16_sig0.0_lr1e-03-1e-05_tfp0_ramp200_hLR1_m20_p10_seed24_minsym5_cand0_reducedp3_noguide_sync_readout_v1_rseed0,20,10,24,24,0,0,10,3,7,5,5,0;1;2;3;5;6;9,retained_preactivation,0.0,,False,0.1,,,0.0,default,,0.1,False,readout,128,0.00,0.00,0.00,1.00,128,2000,16,200,200,0.0,0.0,0.001,1e-05,False,5,5.0,0.0,200,1.0,0.027631,1.0851,0.0173,4,0.027631,nan,models/chua_orig_nint128_bs16_sig0.0_lr1e-03-1e-05_tfp0_ramp200_hLR1_m20_p10_seed24_minsym5_cand0_reducedp3_noguide_sync_readout_v1_rseed0.pth
chua_orig_nint128_bs16_sig0.0_lr1e-03-1e-05_tfp0_ramp200_hLR1_m20_p10_seed22_minsym5_cand1_reducedp3_noguide_sync_readout_v1_rseed0,20,10,22,22,0,1,10,3,7,5,5,0;2;3;4;5;8;9,retained_preactivation,0.0,,False,0.1,,,0.0,default,,0.1,False,readout,128,0.00,0.00,0.00,1.00,128,2000,16,200,200,0.0,0.0,0.001,1e-05,False,5,5.0,0.0,200,1.0,0.172028,2.4252,0.0274,3,0.172028,nan,models/chua_orig_nint128_bs16_sig0.0_lr1e-03-1e-05_tfp0_ramp200_hLR1_m20_p10_seed22_minsym5_cand1_reducedp3_noguide_sync_readout_v1_rseed0.pth
chua_orig_nint128_bs16_sig0.0_lr1e-03-1e-05_tfp0_ramp200_hLR1_m20_p10_seed25_minsym5_cand1_reducedp3_noguide_sync_readout_v1_rseed0,20,10,25,25,0,1,10,3,7,5,5,0;1;2;3;4;8;9,retained_preactivation,0.0,,False,0.1,,,0.0,default,,0.1,False,readout,128,0.00,0.00,0.00,1.00,128,2000,16,200,200,0.0,0.0,0.001,1e-05,False,5,5.0,0.0,200,1.0,0.314714,2.6196,0.0175,1,0.314714,nan,models/chua_orig_nint128_bs16_sig0.0_lr1e-03-1e-05_tfp0_ramp200_hLR1_m20_p10_seed25_minsym5_cand1_reducedp3_noguide_sync_readout_v1_rseed0.pth
chua_orig_nint128_bs16_sig0.0_lr1e-03-1e-05_tfp0_ramp200_hLR1_m20_p10_seed11_minsym5_cand1_reducedp3_noguide_sync_readout_v1_rseed0,20,10,11,11,0,1,10,3,7,5,5,0;1;3;5;6;7;9,retained_preactivation,0.0,,False,0.1,,,0.0,default,,0.1,False,readout,128,0.00,0.00,0.00,1.00,128,2000,16,200,200,0.0,0.0,0.001,1e-05,False,5,5.0,0.0,200,1.0,0.281477,3.6328,0.0210,3,0.281477,nan,models/chua_orig_nint128_bs16_sig0.0_lr1e-03-1e-05_tfp0_ramp200_hLR1_m20_p10_seed11_minsym5_cand1_reducedp3_noguide_sync_readout_v1_rseed0.pth
chua_orig_nint128_bs16_sig0.0_lr1e-03-1e-05_tfp0_ramp200_hLR1_m20_p10_seed20_minsym5_cand0_reducedp3_noguide_sync_readout_v1_rseed0,20,10,20,20,0,0,10,3,7,5,5,0;1;2;3;5;7;8,retained_preactivation,0.0,,False,0.1,,,0.0,default,,0.1,False,readout,128,0.00,0.00,0.00,1.00,128,2000,16,200,200,0.0,0.0,0.001,1e-05,False,5,5.0,0.0,200,1.0,0.181255,6.4947,0.0136,3,0.181255,nan,models/chua_orig_nint128_bs16_sig0.0_lr1e-03-1e-05_tfp0_ramp200_hLR1_m20_p10_seed20_minsym5_cand0_reducedp3_noguide_sync_readout_v1_rseed0.pth
chua_orig_nint128_bs16_sig0.0_lr1e-03-1e-05_tfp0_ramp200_hLR1_m20_p10_seed10_minsym5_cand2_reducedp3_noguide_sync_readout_v1_rseed0,20,10,10,10,0,2,10,3,7,5,5,0;1;2;4;5;7;8,retained_preactivation,0.0,,False,0.1,,,0.0,default,,0.1,False,readout,128,0.00,0.00,0.00,1.00,128,2000,16,200,200,0.0,0.0,0.001,1e-05,False,5,5.0,0.0,200,1.0,0.283415,2.4353,0.0102,3,0.283415,nan,models/chua_orig_nint128_bs16_sig0.0_lr1e-03-1e-05_tfp0_ramp200_hLR1_m20_p10_seed10_minsym5_cand2_reducedp3_noguide_sync_readout_v1_rseed0.pth
chua_orig_nint128_bs16_sig0.0_lr1e-03-1e-05_tfp0_ramp200_hLR1_m20_p10_seed26_minsym5_cand0_reducedp3_noguide_sync_readout_v1_rseed0,20,10,26,26,0,0,10,3,7,5,5,0;1;2;4;5;7;9,retained_preactivation,0.0,,False,0.1,,,0.0,default,,0.1,False,readout,128,0.00,0.00,0.00,1.00,128,2000,16,200,200,0.0,0.0,0.001,1e-05,False,5,5.0,0.0,200,1.0,0.017072,1.0938,0.0153,3,0.017072,nan,models/chua_orig_nint128_bs16_sig0.0_lr1e-03-1e-05_tfp0_ramp200_hLR1_m20_p10_seed26_minsym5_cand0_reducedp3_noguide_sync_readout_v1_rseed0.pth
chua_orig_nint128_bs16_sig0.0_lr1e-03-1e-05_tfp0_ramp200_hLR1_m20_p10_seed7_minsym5_cand3_reducedp3_noguide_sync_readout_v1_rseed0,20,10,7,7,0,3,10,3,7,5,5,1;4;5;6;7;8;9,retained_preactivation,0.0,,False,0.1,,,0.0,default,,0.1,False,readout,128,0.00,0.00,0.00,1.00,128,2000,16,200,200,0.0,0.0,0.001,1e-05,False,5,5.0,0.0,200,1.0,0.042732,1.6377,0.0129,4,0.042732,nan,models/chua_orig_nint128_bs16_sig0.0_lr1e-03-1e-05_tfp0_ramp200_hLR1_m20_p10_seed7_minsym5_cand3_reducedp3_noguide_sync_readout_v1_rseed0.pth
chua_orig_nint128_bs16_sig0.0_lr1e-03-1e-05_tfp0_ramp200_hLR1_m20_p10_seed20_minsym5_cand1_reducedp3_noguide_sync_readout_v1_rseed0,20,10,20,20,0,1,10,3,7,5,5,0;1;3;4;5;7;8,retained_preactivation,0.0,,False,0.1,,,0.0,default,,0.1,False,readout,128,0.00,0.00,0.00,1.00,128,2000,16,200,200,0.0,0.0,0.001,1e-05,False,5,5.0,0.0,200,1.0,0.194495,3.4296,0.0188,2,0.194495,nan,models/chua_orig_nint128_bs16_sig0.0_lr1e-03-1e-05_tfp0_ramp200_hLR1_m20_p10_seed20_minsym5_cand1_reducedp3_noguide_sync_readout_v1_rseed0.pth
chua_orig_nint128_bs16_sig0.0_lr1e-03-1e-05_tfp0_ramp200_hLR1_m20_p10_seed13_minsym5_cand2_reducedp3_noguide_sync_readout_v1_rseed0,20,10,13,13,0,2,10,3,7,5,5,0;1;3;5;7;8;9,retained_preactivation,0.0,,False,0.1,,,0.0,default,,0.1,False,readout,128,0.00,0.00,0.00,1.00,128,2000,16,200,200,0.0,0.0,0.001,1e-05,False,5,5.0,0.0,200,1.0,0.340758,2.6833,0.0132,1,0.340758,nan,models/chua_orig_nint128_bs16_sig0.0_lr1e-03-1e-05_tfp0_ramp200_hLR1_m20_p10_seed13_minsym5_cand2_reducedp3_noguide_sync_readout_v1_rseed0.pth
chua_orig_nint128_bs16_sig0.0_lr1e-03-1e-05_tfp0_ramp200_hLR1_m20_p10_seed14_minsym5_cand2_reducedp3_noguide_sync_readout_v1_rseed0,20,10,14,14,0,2,10,3,7,5,5,0;1;2;5;6;8;9,retained_preactivation,0.0,,False,0.1,,,0.0,default,,0.1,False,readout,128,0.00,0.00,0.00,1.00,128,2000,16,200,200,0.0,0.0,0.001,1e-05,False,5,5.0,0.0,200,1.0,0.344015,3.0798,0.0200,1,0.344015,nan,models/chua_orig_nint128_bs16_sig0.0_lr1e-03-1e-05_tfp0_ramp200_hLR1_m20_p10_seed14_minsym5_cand2_reducedp3_noguide_sync_readout_v1_rseed0.pth
chua_orig_nint128_bs16_sig0.0_lr1e-03-1e-05_tfp0_ramp200_hLR1_m20_p10_seed21_minsym5_cand1_reducedp3_noguide_sync_readout_v1_rseed0,20,10,21,21,0,1,10,3,7,5,5,0;1;3;4;5;8;9,retained_preactivation,0.0,,False,0.1,,,0.0,default,,0.1,False,readout,128,0.00,0.00,0.00,1.00,128,2000,16,200,200,0.0,0.0,0.001,1e-05,False,5,5.0,0.0,200,1.0,0.393776,3.7738,0.0230,0,0.393776,nan,models/chua_orig_nint128_bs16_sig0.0_lr1e-03-1e-05_tfp0_ramp200_hLR1_m20_p10_seed21_minsym5_cand1_reducedp3_noguide_sync_readout_v1_rseed0.pth
chua_orig_nint128_bs16_sig0.0_lr1e-03-1e-05_tfp0_ramp200_hLR1_m20_p10_seed29_minsym5_cand0_reducedp3_noguide_sync_readout_v1_rseed0,20,10,29,29,0,0,10,3,7,5,5,0;1;2;3;5;8;9,retained_preactivation,0.0,,False,0.1,,,0.0,default,,0.1,False,readout,128,0.00,0.00,0.00,1.00,128,2000,16,200,200,0.0,0.0,0.001,1e-05,False,5,5.0,0.0,200,1.0,0.013347,1.1931,0.0130,4,0.013347,nan,models/chua_orig_nint128_bs16_sig0.0_lr1e-03-1e-05_tfp0_ramp200_hLR1_m20_p10_seed29_minsym5_cand0_reducedp3_noguide_sync_readout_v1_rseed0.pth
chua_orig_nint128_bs16_sig0.0_lr1e-03-1e-05_tfp0_ramp200_hLR1_m20_p10_seed23_minsym5_cand0_reducedp3_noguide_sync_readout_v1_rseed0,20,10,23,23,0,0,10,3,7,5,5,0;1;3;4;6;7;9,retained_preactivation,0.0,,False,0.1,,,0.0,default,,0.1,False,readout,128,0.00,0.00,0.00,1.00,128,2000,16,200,200,0.0,0.0,0.001,1e-05,False,5,5.0,0.0,200,1.0,0.181973,2.7989,0.0162,2,0.181973,nan,models/chua_orig_nint128_bs16_sig0.0_lr1e-03-1e-05_tfp0_ramp200_hLR1_m20_p10_seed23_minsym5_cand0_reducedp3_noguide_sync_readout_v1_rseed0.pth
chua_orig_nint128_bs16_sig0.0_lr1e-03-1e-05_tfp0_ramp200_hLR1_m20_p10_seed13_minsym5_cand0_reducedp3_full_sync_fullstate_ga0p1_v1_rseed0,20,10,13,13,0,0,10,3,7,5,5,0;1;2;3;5;7;8,full_preactivation,1.0,,True,0.1,594423.0324474314,45506.262173463554,1.3062444684680392,default,,0.1,True,full,128,0.00,0.00,0.00,1.00,128,2000,16,200,200,0.0,0.0,0.001,1e-05,False,5,5.0,0.0,200,1.0,0.020119,1.2259,0.0082,6,0.012730,nan,models/chua_orig_nint128_bs16_sig0.0_lr1e-03-1e-05_tfp0_ramp200_hLR1_m20_p10_seed13_minsym5_cand0_reducedp3_full_sync_fullstate_ga0p1_v1_rseed0.pth
chua_orig_nint128_bs16_sig0.0_lr1e-03-1e-05_tfp0_ramp200_hLR1_m20_p10_seed14_minsym5_cand0_reducedp3_full_sync_fullstate_ga0p1_v1_rseed0,20,10,14,14,0,0,10,3,7,5,5,0;1;2;5;6;7;8,full_preactivation,1.0,,True,0.1,6204.116471142365,132.32415270408868,4.688574492531489,default,,0.1,True,full,128,0.00,0.00,0.00,1.00,128,2000,16,200,200,0.0,0.0,0.001,1e-05,False,5,5.0,0.0,200,1.0,0.445528,2.8389,0.0117,2,0.356536,nan,models/chua_orig_nint128_bs16_sig0.0_lr1e-03-1e-05_tfp0_ramp200_hLR1_m20_p10_seed14_minsym5_cand0_reducedp3_full_sync_fullstate_ga0p1_v1_rseed0.pth
chua_orig_nint128_bs16_sig0.0_lr1e-03-1e-05_tfp0_ramp200_hLR1_m20_p10_seed20_minsym5_cand0_reducedp3_full_sync_fullstate_ga0p1_v1_rseed0,20,10,20,20,0,0,10,3,7,5,5,0;1;2;3;5;7;8,full_preactivation,1.0,,True,0.1,3994996.5814453457,234719.52286931736,1.7020299515816601,default,,0.1,True,full,128,0.00,0.00,0.00,1.00,128,2000,16,200,200,0.0,0.0,0.001,1e-05,False,5,5.0,0.0,200,1.0,0.008552,1.0990,0.0080,5,0.005718,nan,models/chua_orig_nint128_bs16_sig0.0_lr1e-03-1e-05_tfp0_ramp200_hLR1_m20_p10_seed20_minsym5_cand0_reducedp3_full_sync_fullstate_ga0p1_v1_rseed0.pth
chua_orig_nint128_bs16_sig0.0_lr1e-03-1e-05_tfp0_ramp200_hLR1_m20_p10_seed21_minsym5_cand0_reducedp3_full_sync_fullstate_ga0p1_v1_rseed0,20,10,21,21,0,0,10,3,7,5,5,0;1;3;4;5;6;8,full_preactivation,1.0,,True,0.1,390861.38265119004,19029.359906142403,2.0539912250281507,default,,0.1,True,full,128,0.00,0.00,0.00,1.00,128,2000,16,200,200,0.0,0.0,0.001,1e-05,False,5,5.0,0.0,200,1.0,0.046142,1.3545,0.0061,5,0.025681,nan,models/chua_orig_nint128_bs16_sig0.0_lr1e-03-1e-05_tfp0_ramp200_hLR1_m20_p10_seed21_minsym5_cand0_reducedp3_full_sync_fullstate_ga0p1_v1_rseed0.pth
chua_orig_nint128_bs16_sig0.0_lr1e-03-1e-05_tfp0_ramp200_hLR1_m20_p10_seed18_minsym5_cand0_reducedp3_full_sync_fullstate_ga0p1_v1_rseed0,20,10,18,18,0,0,10,3,7,5,5,0;1;2;3;4;5;7,full_preactivation,1.0,,True,0.1,8556342.727168424,393518.95946192986,2.1743152449040233,default,,0.1,True,full,128,0.00,0.00,0.00,1.00,128,2000,16,200,200,0.0,0.0,0.001,1e-05,False,5,5.0,0.0,200,1.0,11867.095703,1.9333,0.0187,4,2019.347412,nan,models/chua_orig_nint128_bs16_sig0.0_lr1e-03-1e-05_tfp0_ramp200_hLR1_m20_p10_seed18_minsym5_cand0_reducedp3_full_sync_fullstate_ga0p1_v1_rseed0.pth
chua_orig_nint128_bs16_sig0.0_lr1e-03-1e-05_tfp0_ramp200_hLR1_m20_p10_seed3_minsym5_cand0_reducedp3_full_sync_fullstate_ga0p1_v1_rseed0,20,10,3,3,0,0,10,3,7,5,5,0;1;2;3;4;5;8,full_preactivation,1.0,,True,0.1,77291.67246217409,1606.1504133768497,4.812231271644866,default,,0.1,True,full,128,0.00,0.00,0.00,1.00,128,2000,16,200,200,0.0,0.0,0.001,1e-05,False,5,5.0,0.0,200,1.0,0.029679,1.0410,0.0060,5,0.013115,nan,models/chua_orig_nint128_bs16_sig0.0_lr1e-03-1e-05_tfp0_ramp200_hLR1_m20_p10_seed3_minsym5_cand0_reducedp3_full_sync_fullstate_ga0p1_v1_rseed0.pth
chua_orig_nint128_bs16_sig0.0_lr1e-03-1e-05_tfp0_ramp200_hLR1_m20_p10_seed8_minsym5_cand1_reducedp3_full_sync_fullstate_ga0p1_v1_rseed0,20,10,8,8,0,1,10,3,7,5,5,0;3;4;6;7;8;9,full_preactivation,1.0,,True,0.1,390772.1691318357,7523.740306081768,5.193855093801648,default,,0.1,True,full,128,0.00,0.00,0.00,1.00,128,2000,16,200,200,0.0,0.0,0.001,1e-05,False,5,5.0,0.0,200,1.0,0.039520,1.0954,0.0101,5,0.016292,nan,models/chua_orig_nint128_bs16_sig0.0_lr1e-03-1e-05_tfp0_ramp200_hLR1_m20_p10_seed8_minsym5_cand1_reducedp3_full_sync_fullstate_ga0p1_v1_rseed0.pth
chua_orig_nint128_bs16_sig0.0_lr1e-03-1e-05_tfp0_ramp200_hLR1_m20_p10_seed4_minsym5_cand1_reducedp3_full_sync_fullstate_ga0p1_v1_rseed0,20,10,4,4,0,1,10,3,7,5,5,0;1;4;6;7;8;9,full_preactivation,1.0,,True,0.1,381442.4952938516,26952.111559208122,1.4152601530158506,default,,0.1,True,full,128,0.00,0.00,0.00,1.00,128,2000,16,200,200,0.0,0.0,0.001,1e-05,False,5,5.0,0.0,200,1.0,0.267807,2.2490,0.0086,4,0.178500,nan,models/chua_orig_nint128_bs16_sig0.0_lr1e-03-1e-05_tfp0_ramp200_hLR1_m20_p10_seed4_minsym5_cand1_reducedp3_full_sync_fullstate_ga0p1_v1_rseed0.pth
chua_orig_nint128_bs16_sig0.0_lr1e-03-1e-05_tfp0_ramp200_hLR1_m20_p10_seed4_minsym5_cand2_reducedp3_full_sync_fullstate_ga0p1_v1_rseed0,20,10,4,4,0,2,10,3,7,5,5,1;2;3;4;5;6;8,full_preactivation,1.0,,True,0.1,2405.025123309526,43.82912139575945,5.487276602223109,default,,0.1,True,full,128,0.00,0.00,0.00,1.00,128,2000,16,200,200,0.0,0.0,0.001,1e-05,False,5,5.0,0.0,200,1.0,0.107997,1.1439,0.0061,5,0.051668,nan,models/chua_orig_nint128_bs16_sig0.0_lr1e-03-1e-05_tfp0_ramp200_hLR1_m20_p10_seed4_minsym5_cand2_reducedp3_full_sync_fullstate_ga0p1_v1_rseed0.pth
chua_orig_nint128_bs16_sig0.0_lr1e-03-1e-05_tfp0_ramp200_hLR1_m20_p10_seed7_minsym5_cand1_reducedp3_full_sync_fullstate_ga0p1_v1_rseed0,20,10,7,7,0,1,10,3,7,5,5,0;1;4;5;6;7;9,full_preactivation,1.0,,True,0.1,959065.1223936777,9406.637986807176,10.195620621722318,default,,0.1,True,full,128,0.00,0.00,0.00,1.00,128,2000,16,200,200,0.0,0.0,0.001,1e-05,False,5,5.0,0.0,200,1.0,0.025855,1.1429,0.0115,4,0.009613,nan,models/chua_orig_nint128_bs16_sig0.0_lr1e-03-1e-05_tfp0_ramp200_hLR1_m20_p10_seed7_minsym5_cand1_reducedp3_full_sync_fullstate_ga0p1_v1_rseed0.pth
chua_orig_nint128_bs16_sig0.0_lr1e-03-1e-05_tfp0_ramp200_hLR1_m20_p10_seed8_minsym5_cand0_reducedp3_full_sync_fullstate_ga0p1_v1_rseed0,20,10,8,8,0,0,10,3,7,5,5,0;3;4;5;6;7;8,full_preactivation,1.0,,True,0.1,175844.08839651107,3719.162199844207,4.72805645324845,default,,0.1,True,full,128,0.00,0.00,0.00,1.00,128,2000,16,200,200,0.0,0.0,0.001,1e-05,False,5,5.0,0.0,200,1.0,0.031358,1.1940,0.0079,5,0.017065,nan,models/chua_orig_nint128_bs16_sig0.0_lr1e-03-1e-05_tfp0_ramp200_hLR1_m20_p10_seed8_minsym5_cand0_reducedp3_full_sync_fullstate_ga0p1_v1_rseed0.pth
chua_orig_nint128_bs16_sig0.0_lr1e-03-1e-05_tfp0_ramp200_hLR1_m20_p10_seed7_minsym5_cand0_reducedp3_full_sync_fullstate_ga0p1_v1_rseed0,20,10,7,7,0,0,10,3,7,5,5,0;1;2;4;5;7;9,full_preactivation,1.0,,True,0.1,721.9065878505551,1255.0554021635858,0.05751989805438566,default,,0.1,True,full,128,0.00,0.00,0.00,1.00,128,2000,16,200,200,0.0,0.0,0.001,1e-05,False,5,5.0,0.0,200,1.0,0.139226,6.7410,0.0158,0,0.128466,nan,models/chua_orig_nint128_bs16_sig0.0_lr1e-03-1e-05_tfp0_ramp200_hLR1_m20_p10_seed7_minsym5_cand0_reducedp3_full_sync_fullstate_ga0p1_v1_rseed0.pth
chua_orig_nint128_bs16_sig0.0_lr1e-03-1e-05_tfp0_ramp200_hLR1_m20_p10_seed4_minsym5_cand0_reducedp3_full_sync_fullstate_ga0p1_v1_rseed0,20,10,4,4,0,0,10,3,7,5,5,0;1;2;3;4;5;8,full_preactivation,1.0,,True,0.1,573.8987960651251,24.3296620024923,2.3588440974079794,default,,0.1,True,full,128,0.00,0.00,0.00,1.00,128,2000,16,200,200,0.0,0.0,0.001,1e-05,False,5,5.0,0.0,200,1.0,0.415030,2.3689,0.0074,3,0.285352,nan,models/chua_orig_nint128_bs16_sig0.0_lr1e-03-1e-05_tfp0_ramp200_hLR1_m20_p10_seed4_minsym5_cand0_reducedp3_full_sync_fullstate_ga0p1_v1_rseed0.pth
chua_orig_nint128_bs16_sig0.0_lr1e-03-1e-05_tfp0_ramp200_hLR1_m20_p10_seed9_minsym5_cand0_reducedp3_full_sync_fullstate_ga0p1_v1_rseed0,20,10,9,9,0,0,10,3,7,5,5,0;1;2;3;5;6;8,full_preactivation,1.0,,True,0.1,38809810.48343977,3056562.5614981283,1.2697207959132277,default,,0.1,True,full,128,0.00,0.00,0.00,1.00,128,2000,16,200,200,0.0,0.0,0.001,1e-05,False,5,5.0,0.0,200,1.0,0.012517,1.1465,0.0150,5,0.008084,nan,models/chua_orig_nint128_bs16_sig0.0_lr1e-03-1e-05_tfp0_ramp200_hLR1_m20_p10_seed9_minsym5_cand0_reducedp3_full_sync_fullstate_ga0p1_v1_rseed0.pth
chua_orig_nint128_bs16_sig0.0_lr1e-03-1e-05_tfp0_ramp200_hLR1_m20_p10_seed16_minsym5_cand0_reducedp3_full_sync_fullstate_ga0p1_v1_rseed0,20,10,16,16,0,0,10,3,7,5,5,0;1;2;3;4;5;8,full_preactivation,1.0,,True,0.1,3763.286105586446,71.56156309089202,5.258809258828732,default,,0.1,True,full,128,0.00,0.00,0.00,1.00,128,2000,16,200,200,0.0,0.0,0.001,1e-05,False,5,5.0,0.0,200,1.0,0.041331,1.2411,0.0094,5,0.015948,nan,models/chua_orig_nint128_bs16_sig0.0_lr1e-03-1e-05_tfp0_ramp200_hLR1_m20_p10_seed16_minsym5_cand0_reducedp3_full_sync_fullstate_ga0p1_v1_rseed0.pth
chua_orig_nint128_bs16_sig0.0_lr1e-03-1e-05_tfp0_ramp200_hLR1_m20_p10_seed2_minsym5_cand0_reducedp3_full_sync_fullstate_ga0p1_v1_rseed0,20,10,2,2,0,0,10,3,7,5,5,2;4;5;6;7;8;9,full_preactivation,1.0,,True,0.1,24358531.397732828,11160163.322584128,0.21826321617032238,default,,0.1,True,full,128,0.00,0.00,0.00,1.00,128,2000,16,200,200,0.0,0.0,0.001,1e-05,False,5,5.0,0.0,200,1.0,0.019967,1.0653,0.0127,4,0.011394,nan,models/chua_orig_nint128_bs16_sig0.0_lr1e-03-1e-05_tfp0_ramp200_hLR1_m20_p10_seed2_minsym5_cand0_reducedp3_full_sync_fullstate_ga0p1_v1_rseed0.pth
chua_orig_nint128_bs16_sig0.0_lr1e-03-1e-05_tfp0_ramp200_hLR1_m20_p10_seed10_minsym5_cand0_reducedp3_full_sync_fullstate_ga0p1_v1_rseed0,20,10,10,10,0,0,10,3,7,5,5,0;1;2;4;5;6;7,full_preactivation,1.0,,True,0.1,6096.919265600456,132.99288015023322,4.584395238837693,default,,0.1,True,full,128,0.00,0.00,0.00,1.00,128,2000,16,200,200,0.0,0.0,0.001,1e-05,False,5,5.0,0.0,200,1.0,0.038885,1.1004,0.0105,5,0.021352,nan,models/chua_orig_nint128_bs16_sig0.0_lr1e-03-1e-05_tfp0_ramp200_hLR1_m20_p10_seed10_minsym5_cand0_reducedp3_full_sync_fullstate_ga0p1_v1_rseed0.pth
chua_orig_nint128_bs16_sig0.0_lr1e-03-1e-05_tfp0_ramp200_hLR1_m20_p10_seed15_minsym5_cand0_reducedp3_full_sync_fullstate_ga0p1_v1_rseed0,20,10,15,15,0,0,10,3,7,5,5,0;2;3;5;6;7;8,full_preactivation,1.0,,True,0.1,3630.534826303144,131.8157632712315,2.7542493676061524,default,,0.1,True,full,128,0.00,0.00,0.00,1.00,128,2000,16,200,200,0.0,0.0,0.001,1e-05,False,5,5.0,0.0,200,1.0,0.032314,1.0483,0.0123,5,0.021687,nan,models/chua_orig_nint128_bs16_sig0.0_lr1e-03-1e-05_tfp0_ramp200_hLR1_m20_p10_seed15_minsym5_cand0_reducedp3_full_sync_fullstate_ga0p1_v1_rseed0.pth
chua_orig_nint128_bs16_sig0.0_lr1e-03-1e-05_tfp0_ramp200_hLR1_m20_p10_seed6_minsym5_cand0_reducedp4_full_sync_fullstate_ga0p1_v1_rseed0,20,10,6,6,0,0,10,4,6,5,5,0;1;2;4;5;9,full_preactivation,1.0,,True,0.1,481744.15829151473,7711.559150979943,6.247039656439609,default,,0.1,True,full,128,0.00,0.00,0.00,1.00,128,2000,16,200,200,0.0,0.0,0.001,1e-05,False,5,5.0,0.0,200,1.0,0.043937,1.3595,0.0061,5,0.023592,nan,models/chua_orig_nint128_bs16_sig0.0_lr1e-03-1e-05_tfp0_ramp200_hLR1_m20_p10_seed6_minsym5_cand0_reducedp4_full_sync_fullstate_ga0p1_v1_rseed0.pth
chua_orig_nint128_bs16_sig0.0_lr1e-03-1e-05_tfp0_ramp200_hLR1_m20_p10_seed6_minsym5_cand1_reducedp4_full_sync_fullstate_ga0p1_v1_rseed0,20,10,6,6,0,1,10,4,6,5,5,0;1;2;4;7;9,full_preactivation,1.0,,True,0.1,78891.36477143744,1264.1069205730284,6.2408775308085,default,,0.1,True,full,128,0.00,0.00,0.00,1.00,128,2000,16,200,200,0.0,0.0,0.001,1e-05,False,5,5.0,0.0,200,1.0,0.045173,1.4355,0.0058,5,0.011362,nan,models/chua_orig_nint128_bs16_sig0.0_lr1e-03-1e-05_tfp0_ramp200_hLR1_m20_p10_seed6_minsym5_cand1_reducedp4_full_sync_fullstate_ga0p1_v1_rseed0.pth
chua_orig_nint128_bs16_sig0.0_lr1e-03-1e-05_tfp0_ramp200_hLR1_m20_p10_seed0_minsym5_cand0_reducedp3_full_sync_fullstate_ga0p1_v1_rseed0,20,10,0,0,0,0,10,3,7,5,5,0;1;3;4;5;7;9,full_preactivation,1.0,,True,0.1,4174.650194926517,89.10167107347615,4.6852658818081165,default,,0.1,True,full,128,0.00,0.00,0.00,1.00,128,2000,16,200,200,0.0,0.0,0.001,1e-05,False,5,5.0,0.0,200,1.0,0.023212,1.1407,0.0089,5,0.010884,nan,models/chua_orig_nint128_bs16_sig0.0_lr1e-03-1e-05_tfp0_ramp200_hLR1_m20_p10_seed0_minsym5_cand0_reducedp3_full_sync_fullstate_ga0p1_v1_rseed0.pth
chua_orig_nint128_bs16_sig0.0_lr1e-03-1e-05_tfp0_ramp200_hLR1_m20_p10_seed3_minsym5_cand1_reducedp3_full_sync_fullstate_ga0p1_v1_rseed0,20,10,3,3,0,1,10,3,7,5,5,0;1;2;3;4;6;8,full_preactivation,1.0,,True,0.1,143567.71316699308,3146.0524607732623,4.563424003797629,default,,0.1,True,full,128,0.00,0.00,0.00,1.00,128,2000,16,200,200,0.0,0.0,0.001,1e-05,False,5,5.0,0.0,200,1.0,0.030229,1.2012,0.0087,5,0.014607,nan,models/chua_orig_nint128_bs16_sig0.0_lr1e-03-1e-05_tfp0_ramp200_hLR1_m20_p10_seed3_minsym5_cand1_reducedp3_full_sync_fullstate_ga0p1_v1_rseed0.pth
chua_orig_nint128_bs16_sig0.0_lr1e-03-1e-05_tfp0_ramp200_hLR1_m20_p10_seed9_minsym5_cand1_reducedp3_full_sync_fullstate_ga0p1_v1_rseed0,20,10,9,9,0,1,10,3,7,5,5,0;1;2;3;5;7;8,full_preactivation,1.0,,True,0.1,39321231.75994241,3097184.116379264,1.2695800534425625,default,,0.1,True,full,128,0.00,0.00,0.00,1.00,128,2000,16,200,200,0.0,0.0,0.001,1e-05,False,5,5.0,0.0,200,1.0,0.017125,1.1278,0.0143,5,0.011290,nan,models/chua_orig_nint128_bs16_sig0.0_lr1e-03-1e-05_tfp0_ramp200_hLR1_m20_p10_seed9_minsym5_cand1_reducedp3_full_sync_fullstate_ga0p1_v1_rseed0.pth
chua_orig_nint128_bs16_sig0.0_lr1e-03-1e-05_tfp0_ramp200_hLR1_m20_p10_seed7_minsym5_cand2_reducedp3_full_sync_fullstate_ga0p1_v1_rseed0,20,10,7,7,0,2,10,3,7,5,5,1;2;4;5;7;8;9,full_preactivation,1.0,,True,0.1,1072.721049117034,185.9059794711429,0.5770234245120344,default,,0.1,True,full,128,0.00,0.00,0.00,1.00,128,2000,16,200,200,0.0,0.0,0.001,1e-05,False,5,5.0,0.0,200,1.0,0.009749,1.0549,0.0054,5,0.005178,nan,models/chua_orig_nint128_bs16_sig0.0_lr1e-03-1e-05_tfp0_ramp200_hLR1_m20_p10_seed7_minsym5_cand2_reducedp3_full_sync_fullstate_ga0p1_v1_rseed0.pth
chua_orig_nint128_bs16_sig0.0_lr1e-03-1e-05_tfp0_ramp200_hLR1_m20_p10_seed6_minsym5_cand2_reducedp4_full_sync_fullstate_ga0p1_v1_rseed0,20,10,6,6,0,2,10,4,6,5,5,0;1;2;5;7;9,full_preactivation,1.0,,True,0.1,250585.81193674952,3109.22140198515,8.059439310972113,default,,0.1,True,full,128,0.00,0.00,0.00,1.00,128,2000,16,200,200,0.0,0.0,0.001,1e-05,False,5,5.0,0.0,200,1.0,0.032876,1.3630,0.0072,5,0.012461,nan,models/chua_orig_nint128_bs16_sig0.0_lr1e-03-1e-05_tfp0_ramp200_hLR1_m20_p10_seed6_minsym5_cand2_reducedp4_full_sync_fullstate_ga0p1_v1_rseed0.pth
chua_orig_nint128_bs16_sig0.0_lr1e-03-1e-05_tfp0_ramp200_hLR1_m20_p10_seed11_minsym5_cand0_reducedp3_full_sync_fullstate_ga0p1_v1_rseed0,20,10,11,11,0,0,10,3,7,5,5,0;1;3;4;5;6;9,full_preactivation,1.0,,True,0.1,163374.03370180953,4478.723623631514,3.647781096377182,default,,0.1,True,full,128,0.00,0.00,0.00,1.00,128,2000,16,200,200,0.0,0.0,0.001,1e-05,False,5,5.0,0.0,200,1.0,0.037640,1.1307,0.0056,5,0.024580,nan,models/chua_orig_nint128_bs16_sig0.0_lr1e-03-1e-05_tfp0_ramp200_hLR1_m20_p10_seed11_minsym5_cand0_reducedp3_full_sync_fullstate_ga0p1_v1_rseed0.pth
chua_orig_nint128_bs16_sig0.0_lr1e-03-1e-05_tfp0_ramp200_hLR1_m20_p10_seed17_minsym5_cand0_reducedp3_full_sync_fullstate_ga0p1_v1_rseed0,20,10,17,17,0,0,10,3,7,5,5,0;1;2;3;4;6;8,full_preactivation,1.0,,True,0.1,2862.1817454085617,48.41062916303292,5.912300242513905,default,,0.1,True,full,128,0.00,0.00,0.00,1.00,128,2000,16,200,200,0.0,0.0,0.001,1e-05,False,5,5.0,0.0,200,1.0,0.034935,1.1634,0.0060,5,0.013321,nan,models/chua_orig_nint128_bs16_sig0.0_lr1e-03-1e-05_tfp0_ramp200_hLR1_m20_p10_seed17_minsym5_cand0_reducedp3_full_sync_fullstate_ga0p1_v1_rseed0.pth
chua_orig_nint128_bs16_sig0.0_lr1e-03-1e-05_tfp0_ramp200_hLR1_m20_p10_seed10_minsym5_cand1_reducedp3_full_sync_fullstate_ga0p1_v1_rseed0,20,10,10,10,0,1,10,3,7,5,5,0;1;2;4;5;6;8,full_preactivation,1.0,,True,0.1,5636.1238287053275,116.05904930954648,4.856255382269168,default,,0.1,True,full,128,0.00,0.00,0.00,1.00,128,2000,16,200,200,0.0,0.0,0.001,1e-05,False,5,5.0,0.0,200,1.0,0.045873,1.1972,0.0081,5,0.023059,nan,models/chua_orig_nint128_bs16_sig0.0_lr1e-03-1e-05_tfp0_ramp200_hLR1_m20_p10_seed10_minsym5_cand1_reducedp3_full_sync_fullstate_ga0p1_v1_rseed0.pth
chua_orig_nint128_bs16_sig0.0_lr1e-03-1e-05_tfp0_ramp200_hLR1_m20_p10_seed22_minsym5_cand0_reducedp3_full_sync_fullstate_ga0p1_v1_rseed0,20,10,22,22,0,0,10,3,7,5,5,0;2;3;4;5;7;8,full_preactivation,1.0,,True,0.1,2579.093817966884,101.4263473650675,2.5428243104169312,default,,0.1,True,full,128,0.00,0.00,0.00,1.00,128,2000,16,200,200,0.0,0.0,0.001,1e-05,False,5,5.0,0.0,200,1.0,0.158895,4.4384,0.0177,3,0.086725,nan,models/chua_orig_nint128_bs16_sig0.0_lr1e-03-1e-05_tfp0_ramp200_hLR1_m20_p10_seed22_minsym5_cand0_reducedp3_full_sync_fullstate_ga0p1_v1_rseed0.pth
chua_orig_nint128_bs16_sig0.0_lr1e-03-1e-05_tfp0_ramp200_hLR1_m20_p10_seed6_minsym5_cand3_reducedp4_full_sync_fullstate_ga0p1_v1_rseed0,20,10,6,6,0,3,10,4,6,5,5,0;1;4;5;8;9,full_preactivation,1.0,,True,0.1,72457.67476258123,748.5681644813651,9.679502575798479,default,,0.1,True,full,128,0.00,0.00,0.00,1.00,128,2000,16,200,200,0.0,0.0,0.001,1e-05,False,5,5.0,0.0,200,1.0,0.056583,1.2987,0.0080,5,0.029368,nan,models/chua_orig_nint128_bs16_sig0.0_lr1e-03-1e-05_tfp0_ramp200_hLR1_m20_p10_seed6_minsym5_cand3_reducedp4_full_sync_fullstate_ga0p1_v1_rseed0.pth
chua_orig_nint128_bs16_sig0.0_lr1e-03-1e-05_tfp0_ramp200_hLR1_m20_p10_seed13_minsym5_cand1_reducedp3_full_sync_fullstate_ga0p1_v1_rseed0,20,10,13,13,0,1,10,3,7,5,5,0;1;2;5;7;8;9,full_preactivation,1.0,,True,0.1,790646.1839280577,53811.35530722117,1.4692924558656444,default,,0.1,True,full,128,0.00,0.00,0.00,1.00,128,2000,16,200,200,0.0,0.0,0.001,1e-05,False,5,5.0,0.0,200,1.0,0.259332,7.1912,0.0186,3,0.160146,nan,models/chua_orig_nint128_bs16_sig0.0_lr1e-03-1e-05_tfp0_ramp200_hLR1_m20_p10_seed13_minsym5_cand1_reducedp3_full_sync_fullstate_ga0p1_v1_rseed0.pth
chua_orig_nint128_bs16_sig0.0_lr1e-03-1e-05_tfp0_ramp200_hLR1_m20_p10_seed27_minsym5_cand0_reducedp3_full_sync_fullstate_ga0p1_v1_rseed0,20,10,27,27,0,0,10,3,7,5,5,1;2;3;4;5;6;7,full_preactivation,1.0,,True,0.1,1685.4347315677935,24.529482171572003,6.871057121299645,default,,0.1,True,full,128,0.00,0.00,0.00,1.00,128,2000,16,200,200,0.0,0.0,0.001,1e-05,False,5,5.0,0.0,200,1.0,0.099685,1.2303,0.0109,5,0.040695,nan,models/chua_orig_nint128_bs16_sig0.0_lr1e-03-1e-05_tfp0_ramp200_hLR1_m20_p10_seed27_minsym5_cand0_reducedp3_full_sync_fullstate_ga0p1_v1_rseed0.pth
chua_orig_nint128_bs16_sig0.0_lr1e-03-1e-05_tfp0_ramp200_hLR1_m20_p10_seed24_minsym5_cand0_reducedp3_full_sync_fullstate_ga0p1_v1_rseed0,20,10,24,24,0,0,10,3,7,5,5,0;1;2;3;5;6;9,full_preactivation,1.0,,True,0.1,4089.829431803972,67.85708882035706,6.027121856982711,default,,0.1,True,full,128,0.00,0.00,0.00,1.00,128,2000,16,200,200,0.0,0.0,0.001,1e-05,False,5,5.0,0.0,200,1.0,0.050198,1.1425,0.0109,5,0.026551,nan,models/chua_orig_nint128_bs16_sig0.0_lr1e-03-1e-05_tfp0_ramp200_hLR1_m20_p10_seed24_minsym5_cand0_reducedp3_full_sync_fullstate_ga0p1_v1_rseed0.pth
chua_orig_nint128_bs16_sig0.0_lr1e-03-1e-05_tfp0_ramp200_hLR1_m20_p10_seed23_minsym5_cand0_reducedp3_full_sync_fullstate_ga0p1_v1_rseed0,20,10,23,23,0,0,10,3,7,5,5,0;1;3;4;6;7;9,full_preactivation,1.0,,True,0.1,6597.158860543681,210.8694865032273,3.128550730568921,default,,0.1,True,full,128,0.00,0.00,0.00,1.00,128,2000,16,200,200,0.0,0.0,0.001,1e-05,False,5,5.0,0.0,200,1.0,0.076165,1.5079,0.0077,6,0.014613,nan,models/chua_orig_nint128_bs16_sig0.0_lr1e-03-1e-05_tfp0_ramp200_hLR1_m20_p10_seed23_minsym5_cand0_reducedp3_full_sync_fullstate_ga0p1_v1_rseed0.pth
chua_orig_nint128_bs16_sig0.0_lr1e-03-1e-05_tfp0_ramp200_hLR1_m20_p10_seed26_minsym5_cand0_reducedp3_full_sync_fullstate_ga0p1_v1_rseed0,20,10,26,26,0,0,10,3,7,5,5,0;1;2;4;5;7;9,full_preactivation,1.0,,True,0.1,8272171.2122165365,274852.62296729133,3.009675193531248,default,,0.1,True,full,128,0.00,0.00,0.00,1.00,128,2000,16,200,200,0.0,0.0,0.001,1e-05,False,5,5.0,0.0,200,1.0,0.020034,1.1193,0.0074,5,0.010769,nan,models/chua_orig_nint128_bs16_sig0.0_lr1e-03-1e-05_tfp0_ramp200_hLR1_m20_p10_seed26_minsym5_cand0_reducedp3_full_sync_fullstate_ga0p1_v1_rseed0.pth
chua_orig_nint128_bs16_sig0.0_lr1e-03-1e-05_tfp0_ramp200_hLR1_m20_p10_seed11_minsym5_cand1_reducedp3_full_sync_fullstate_ga0p1_v1_rseed0,20,10,11,11,0,1,10,3,7,5,5,0;1;3;5;6;7;9,full_preactivation,1.0,,True,0.1,73767.44864776063,1599.8961971943288,4.610764671928309,default,,0.1,True,full,128,0.00,0.00,0.00,1.00,128,2000,16,200,200,0.0,0.0,0.001,1e-05,False,5,5.0,0.0,200,1.0,0.039027,1.1882,0.0072,5,0.027696,nan,models/chua_orig_nint128_bs16_sig0.0_lr1e-03-1e-05_tfp0_ramp200_hLR1_m20_p10_seed11_minsym5_cand1_reducedp3_full_sync_fullstate_ga0p1_v1_rseed0.pth
chua_orig_nint128_bs16_sig0.0_lr1e-03-1e-05_tfp0_ramp200_hLR1_m20_p10_seed4_minsym5_cand3_reducedp3_full_sync_fullstate_ga0p1_v1_rseed0,20,10,4,4,0,3,10,3,7,5,5,1;2;3;4;5;7;8,full_preactivation,1.0,,True,0.1,430398.7574703254,22437.406696184833,1.9182197091587627,default,,0.1,True,full,128,0.00,0.00,0.00,1.00,128,2000,16,200,200,0.0,0.0,0.001,1e-05,False,5,5.0,0.0,200,1.0,0.178427,2.4302,0.0127,5,0.080257,nan,models/chua_orig_nint128_bs16_sig0.0_lr1e-03-1e-05_tfp0_ramp200_hLR1_m20_p10_seed4_minsym5_cand3_reducedp3_full_sync_fullstate_ga0p1_v1_rseed0.pth
chua_orig_nint128_bs16_sig0.0_lr1e-03-1e-05_tfp0_ramp200_hLR1_m20_p10_seed17_minsym5_cand1_reducedp3_full_sync_fullstate_ga0p1_v1_rseed0,20,10,17,17,0,1,10,3,7,5,5,0;1;2;3;4;8;9,full_preactivation,1.0,,True,0.1,3394.252352322968,104.97568324848535,3.2333700979954423,default,,0.1,True,full,128,0.00,0.00,0.00,1.00,128,2000,16,200,200,0.0,0.0,0.001,1e-05,False,5,5.0,0.0,200,1.0,0.026798,1.1489,0.0075,5,0.014439,nan,models/chua_orig_nint128_bs16_sig0.0_lr1e-03-1e-05_tfp0_ramp200_hLR1_m20_p10_seed17_minsym5_cand1_reducedp3_full_sync_fullstate_ga0p1_v1_rseed0.pth
chua_orig_nint128_bs16_sig0.0_lr1e-03-1e-05_tfp0_ramp200_hLR1_m20_p10_seed3_minsym5_cand2_reducedp3_full_sync_fullstate_ga0p1_v1_rseed0,20,10,3,3,0,2,10,3,7,5,5,0;1;3;4;5;7;8,full_preactivation,1.0,,True,0.1,128541.97104448025,1639.194013730052,7.841778945493935,default,,0.1,True,full,128,0.00,0.00,0.00,1.00,128,2000,16,200,200,0.0,0.0,0.001,1e-05,False,5,5.0,0.0,200,1.0,0.026932,1.0761,0.0079,5,0.011265,nan,models/chua_orig_nint128_bs16_sig0.0_lr1e-03-1e-05_tfp0_ramp200_hLR1_m20_p10_seed3_minsym5_cand2_reducedp3_full_sync_fullstate_ga0p1_v1_rseed0.pth
chua_orig_nint128_bs16_sig0.0_lr1e-03-1e-05_tfp0_ramp200_hLR1_m20_p10_seed20_minsym5_cand1_reducedp3_full_sync_fullstate_ga0p1_v1_rseed0,20,10,20,20,0,1,10,3,7,5,5,0;1;3;4;5;7;8,full_preactivation,1.0,,True,0.1,54395.86948473202,1569.0148555132578,3.4668804628327092,default,,0.1,True,full,128,0.00,0.00,0.00,1.00,128,2000,16,200,200,0.0,0.0,0.001,1e-05,False,5,5.0,0.0,200,1.0,0.011956,1.1831,0.0122,5,0.007194,nan,models/chua_orig_nint128_bs16_sig0.0_lr1e-03-1e-05_tfp0_ramp200_hLR1_m20_p10_seed20_minsym5_cand1_reducedp3_full_sync_fullstate_ga0p1_v1_rseed0.pth
chua_orig_nint128_bs16_sig0.0_lr1e-03-1e-05_tfp0_ramp200_hLR1_m20_p10_seed25_minsym5_cand0_reducedp3_full_sync_fullstate_ga0p1_v1_rseed0,20,10,25,25,0,0,10,3,7,5,5,0;1;2;3;4;5;8,full_preactivation,1.0,,True,0.1,24218.683500553863,302.52218390215563,8.005589272219058,default,,0.1,True,full,128,0.00,0.00,0.00,1.00,128,2000,16,200,200,0.0,0.0,0.001,1e-05,False,5,5.0,0.0,200,1.0,0.040659,1.1649,0.0070,5,0.023778,nan,models/chua_orig_nint128_bs16_sig0.0_lr1e-03-1e-05_tfp0_ramp200_hLR1_m20_p10_seed25_minsym5_cand0_reducedp3_full_sync_fullstate_ga0p1_v1_rseed0.pth
chua_orig_nint128_bs16_sig0.0_lr1e-03-1e-05_tfp0_ramp200_hLR1_m20_p10_seed28_minsym5_cand0_reducedp3_full_sync_fullstate_ga0p1_v1_rseed0,20,10,28,28,0,0,10,3,7,5,5,0;1;2;3;5;6;9,full_preactivation,1.0,,True,0.1,518.2952402392747,9.853052932567651,5.26025023702128,default,,0.1,True,full,128,0.00,0.00,0.00,1.00,128,2000,16,200,200,0.0,0.0,0.001,1e-05,False,5,5.0,0.0,200,1.0,0.052224,1.3483,0.0103,5,0.032201,nan,models/chua_orig_nint128_bs16_sig0.0_lr1e-03-1e-05_tfp0_ramp200_hLR1_m20_p10_seed28_minsym5_cand0_reducedp3_full_sync_fullstate_ga0p1_v1_rseed0.pth
chua_orig_nint128_bs16_sig0.0_lr1e-03-1e-05_tfp0_ramp200_hLR1_m20_p10_seed10_minsym5_cand2_reducedp3_full_sync_fullstate_ga0p1_v1_rseed0,20,10,10,10,0,2,10,3,7,5,5,0;1;2;4;5;7;8,full_preactivation,1.0,,True,0.1,4575.742518296894,93.87119920454887,4.874490319790344,default,,0.1,True,full,128,0.00,0.00,0.00,1.00,128,2000,16,200,200,0.0,0.0,0.001,1e-05,False,5,5.0,0.0,200,1.0,0.049586,1.1846,0.0076,5,0.028892,nan,models/chua_orig_nint128_bs16_sig0.0_lr1e-03-1e-05_tfp0_ramp200_hLR1_m20_p10_seed10_minsym5_cand2_reducedp3_full_sync_fullstate_ga0p1_v1_rseed0.pth
chua_orig_nint128_bs16_sig0.0_lr1e-03-1e-05_tfp0_ramp200_hLR1_m20_p10_seed9_minsym5_cand2_reducedp3_full_sync_fullstate_ga0p1_v1_rseed0,20,10,9,9,0,2,10,3,7,5,5,0;2;3;5;6;7;8,full_preactivation,1.0,,True,0.1,87739064.21254551,6366555.123397896,1.378124629599033,default,,0.1,True,full,128,0.00,0.00,0.00,1.00,128,2000,16,200,200,0.0,0.0,0.001,1e-05,False,5,5.0,0.0,200,1.0,0.013802,1.1873,0.0089,5,0.008482,nan,models/chua_orig_nint128_bs16_sig0.0_lr1e-03-1e-05_tfp0_ramp200_hLR1_m20_p10_seed9_minsym5_cand2_reducedp3_full_sync_fullstate_ga0p1_v1_rseed0.pth
chua_orig_nint128_bs16_sig0.0_lr1e-03-1e-05_tfp0_ramp200_hLR1_m20_p10_seed15_minsym5_cand1_reducedp3_full_sync_fullstate_ga0p1_v1_rseed0,20,10,15,15,0,1,10,3,7,5,5,0;2;3;5;6;7;9,full_preactivation,1.0,,True,0.1,16877.58863108116,699.2511654497349,2.41366614244054,default,,0.1,True,full,128,0.00,0.00,0.00,1.00,128,2000,16,200,200,0.0,0.0,0.001,1e-05,False,5,5.0,0.0,200,1.0,0.033468,1.2694,0.0060,5,0.023028,nan,models/chua_orig_nint128_bs16_sig0.0_lr1e-03-1e-05_tfp0_ramp200_hLR1_m20_p10_seed15_minsym5_cand1_reducedp3_full_sync_fullstate_ga0p1_v1_rseed0.pth
chua_orig_nint128_bs16_sig0.0_lr1e-03-1e-05_tfp0_ramp200_hLR1_m20_p10_seed11_minsym5_cand2_reducedp3_full_sync_fullstate_ga0p1_v1_rseed0,20,10,11,11,0,2,10,3,7,5,5,0;1;4;5;6;7;9,full_preactivation,1.0,,True,0.1,808.5787613345097,13.136415512664112,6.1552465400850105,default,,0.1,True,full,128,0.00,0.00,0.00,1.00,128,2000,16,200,200,0.0,0.0,0.001,1e-05,False,5,5.0,0.0,200,1.0,0.063850,1.2203,0.0107,5,0.038432,nan,models/chua_orig_nint128_bs16_sig0.0_lr1e-03-1e-05_tfp0_ramp200_hLR1_m20_p10_seed11_minsym5_cand2_reducedp3_full_sync_fullstate_ga0p1_v1_rseed0.pth
chua_orig_nint128_bs16_sig0.0_lr1e-03-1e-05_tfp0_ramp200_hLR1_m20_p10_seed7_minsym5_cand3_reducedp3_full_sync_fullstate_ga0p1_v1_rseed0,20,10,7,7,0,3,10,3,7,5,5,1;4;5;6;7;8;9,full_preactivation,1.0,,True,0.1,1004709.5944042737,9798.851595061089,10.253340247653886,default,,0.1,True,full,128,0.00,0.00,0.00,1.00,128,2000,16,200,200,0.0,0.0,0.001,1e-05,False,5,5.0,0.0,200,1.0,0.034546,1.2679,0.0107,5,0.013266,nan,models/chua_orig_nint128_bs16_sig0.0_lr1e-03-1e-05_tfp0_ramp200_hLR1_m20_p10_seed7_minsym5_cand3_reducedp3_full_sync_fullstate_ga0p1_v1_rseed0.pth
chua_orig_nint128_bs16_sig0.0_lr1e-03-1e-05_tfp0_ramp200_hLR1_m20_p10_seed14_minsym5_cand1_reducedp3_full_sync_fullstate_ga0p1_v1_rseed0,20,10,14,14,0,1,10,3,7,5,5,0;1;2;5;6;7;9,full_preactivation,1.0,,True,0.1,6360.239613214269,118.30804873484634,5.37599908140559,default,,0.1,True,full,128,0.00,0.00,0.00,1.00,128,2000,16,200,200,0.0,0.0,0.001,1e-05,False,5,5.0,0.0,200,1.0,0.042554,1.1811,0.0055,5,0.020171,nan,models/chua_orig_nint128_bs16_sig0.0_lr1e-03-1e-05_tfp0_ramp200_hLR1_m20_p10_seed14_minsym5_cand1_reducedp3_full_sync_fullstate_ga0p1_v1_rseed0.pth
chua_orig_nint128_bs16_sig0.0_lr1e-03-1e-05_tfp0_ramp200_hLR1_m20_p10_seed16_minsym5_cand1_reducedp3_full_sync_fullstate_ga0p1_v1_rseed0,20,10,16,16,0,1,10,3,7,5,5,0;1;2;3;4;7;8,full_preactivation,1.0,,True,0.1,2121.552201146015,60.85719512051974,3.486115646546842,default,,0.1,True,full,128,0.00,0.00,0.00,1.00,128,2000,16,200,200,0.0,0.0,0.001,1e-05,False,5,5.0,0.0,200,1.0,0.037307,1.1149,0.0112,5,0.021615,nan,models/chua_orig_nint128_bs16_sig0.0_lr1e-03-1e-05_tfp0_ramp200_hLR1_m20_p10_seed16_minsym5_cand1_reducedp3_full_sync_fullstate_ga0p1_v1_rseed0.pth
chua_orig_nint128_bs16_sig0.0_lr1e-03-1e-05_tfp0_ramp200_hLR1_m20_p10_seed29_minsym5_cand0_reducedp3_full_sync_fullstate_ga0p1_v1_rseed0,20,10,29,29,0,0,10,3,7,5,5,0;1;2;3;5;8;9,full_preactivation,1.0,,True,0.1,1031.6003420050808,14.450590664100268,7.138810903887988,default,,0.1,True,full,128,0.00,0.00,0.00,1.00,128,2000,16,200,200,0.0,0.0,0.001,1e-05,False,5,5.0,0.0,200,1.0,0.039411,1.3455,0.0069,5,0.018325,nan,models/chua_orig_nint128_bs16_sig0.0_lr1e-03-1e-05_tfp0_ramp200_hLR1_m20_p10_seed29_minsym5_cand0_reducedp3_full_sync_fullstate_ga0p1_v1_rseed0.pth
chua_orig_nint128_bs16_sig0.0_lr1e-03-1e-05_tfp0_ramp200_hLR1_m20_p10_seed21_minsym5_cand1_reducedp3_full_sync_fullstate_ga0p1_v1_rseed0,20,10,21,21,0,1,10,3,7,5,5,0;1;3;4;5;8;9,full_preactivation,1.0,,True,0.1,178029.20230119553,16298.502929717195,1.0923040175462582,default,,0.1,True,full,128,0.00,0.00,0.00,1.00,128,2000,16,200,200,0.0,0.0,0.001,1e-05,False,5,5.0,0.0,200,1.0,0.020422,0.9717,0.0093,4,0.012560,nan,models/chua_orig_nint128_bs16_sig0.0_lr1e-03-1e-05_tfp0_ramp200_hLR1_m20_p10_seed21_minsym5_cand1_reducedp3_full_sync_fullstate_ga0p1_v1_rseed0.pth
chua_orig_nint128_bs16_sig0.0_lr1e-03-1e-05_tfp0_ramp200_hLR1_m20_p10_seed18_minsym5_cand1_reducedp3_full_sync_fullstate_ga0p1_v1_rseed0,20,10,18,18,0,1,10,3,7,5,5,0;1;2;3;4;5;9,full_preactivation,1.0,,True,0.1,16603894.307587482,326603.62756099325,5.0838058448957995,default,,0.1,True,full,128,0.00,0.00,0.00,1.00,128,2000,16,200,200,0.0,0.0,0.001,1e-05,False,5,5.0,0.0,200,1.0,0.058082,1.1489,0.0054,5,0.035921,nan,models/chua_orig_nint128_bs16_sig0.0_lr1e-03-1e-05_tfp0_ramp200_hLR1_m20_p10_seed18_minsym5_cand1_reducedp3_full_sync_fullstate_ga0p1_v1_rseed0.pth
chua_orig_nint128_bs16_sig0.0_lr1e-03-1e-05_tfp0_ramp200_hLR1_m20_p10_seed3_minsym5_cand3_reducedp3_full_sync_fullstate_ga0p1_v1_rseed0,20,10,3,3,0,3,10,3,7,5,5,0;1;3;4;6;7;8,full_preactivation,1.0,,True,0.1,110970.26513440436,1309.3391908513313,8.475287832960342,default,,0.1,True,full,128,0.00,0.00,0.00,1.00,128,2000,16,200,200,0.0,0.0,0.001,1e-05,False,5,5.0,0.0,200,1.0,0.024995,1.2075,0.0096,4,0.010585,nan,models/chua_orig_nint128_bs16_sig0.0_lr1e-03-1e-05_tfp0_ramp200_hLR1_m20_p10_seed3_minsym5_cand3_reducedp3_full_sync_fullstate_ga0p1_v1_rseed0.pth
chua_orig_nint128_bs16_sig0.0_lr1e-03-1e-05_tfp0_ramp200_hLR1_m20_p10_seed13_minsym5_cand2_reducedp3_full_sync_fullstate_ga0p1_v1_rseed0,20,10,13,13,0,2,10,3,7,5,5,0;1;3;5;7;8;9,full_preactivation,1.0,,True,0.1,566976.8428145897,44117.94573073411,1.2851388101228245,default,,0.1,True,full,128,0.00,0.00,0.00,1.00,128,2000,16,200,200,0.0,0.0,0.001,1e-05,False,5,5.0,0.0,200,1.0,0.022445,1.1972,0.0060,6,0.014498,nan,models/chua_orig_nint128_bs16_sig0.0_lr1e-03-1e-05_tfp0_ramp200_hLR1_m20_p10_seed13_minsym5_cand2_reducedp3_full_sync_fullstate_ga0p1_v1_rseed0.pth
chua_orig_nint128_bs16_sig0.0_lr1e-03-1e-05_tfp0_ramp200_hLR1_m20_p10_seed23_minsym5_cand1_reducedp3_full_sync_fullstate_ga0p1_v1_rseed0,20,10,23,23,0,1,10,3,7,5,5,0;1;3;5;6;7;9,full_preactivation,1.0,,True,0.1,624.656906610791,63.44200549733148,0.9846109083626867,default,,0.1,True,full,128,0.00,0.00,0.00,1.00,128,2000,16,200,200,0.0,0.0,0.001,1e-05,False,5,5.0,0.0,200,1.0,0.226209,6.0469,0.0177,2,0.178360,nan,models/chua_orig_nint128_bs16_sig0.0_lr1e-03-1e-05_tfp0_ramp200_hLR1_m20_p10_seed23_minsym5_cand1_reducedp3_full_sync_fullstate_ga0p1_v1_rseed0.pth
chua_orig_nint128_bs16_sig0.0_lr1e-03-1e-05_tfp0_ramp200_hLR1_m20_p10_seed22_minsym5_cand1_reducedp3_full_sync_fullstate_ga0p1_v1_rseed0,20,10,22,22,0,1,10,3,7,5,5,0;2;3;4;5;8;9,full_preactivation,1.0,,True,0.1,4961.570133284422,252.44180781520285,1.9654312319441412,default,,0.1,True,full,128,0.00,0.00,0.00,1.00,128,2000,16,200,200,0.0,0.0,0.001,1e-05,False,5,5.0,0.0,200,1.0,0.213458,5.4748,0.0207,2,0.137946,nan,models/chua_orig_nint128_bs16_sig0.0_lr1e-03-1e-05_tfp0_ramp200_hLR1_m20_p10_seed22_minsym5_cand1_reducedp3_full_sync_fullstate_ga0p1_v1_rseed0.pth
chua_orig_nint128_bs16_sig0.0_lr1e-03-1e-05_tfp0_ramp200_hLR1_m20_p10_seed26_minsym5_cand1_reducedp3_full_sync_fullstate_ga0p1_v1_rseed0,20,10,26,26,0,1,10,3,7,5,5,0;1;2;4;7;8;9,full_preactivation,1.0,,True,0.1,10225363.971564826,295936.17463230144,3.455259899966527,default,,0.1,True,full,128,0.00,0.00,0.00,1.00,128,2000,16,200,200,0.0,0.0,0.001,1e-05,False,5,5.0,0.0,200,1.0,0.431385,2.7894,0.0188,2,0.300969,nan,models/chua_orig_nint128_bs16_sig0.0_lr1e-03-1e-05_tfp0_ramp200_hLR1_m20_p10_seed26_minsym5_cand1_reducedp3_full_sync_fullstate_ga0p1_v1_rseed0.pth
chua_orig_nint128_bs16_sig0.0_lr1e-03-1e-05_tfp0_ramp200_hLR1_m20_p10_seed24_minsym5_cand1_reducedp3_full_sync_fullstate_ga0p1_v1_rseed0,20,10,24,24,0,1,10,3,7,5,5,0;1;2;3;5;8;9,full_preactivation,1.0,,True,0.1,2565.325929584777,46.783256207438676,5.483427485701236,default,,0.1,True,full,128,0.00,0.00,0.00,1.00,128,2000,16,200,200,0.0,0.0,0.001,1e-05,False,5,5.0,0.0,200,1.0,0.054271,1.1715,0.0092,5,0.031390,nan,models/chua_orig_nint128_bs16_sig0.0_lr1e-03-1e-05_tfp0_ramp200_hLR1_m20_p10_seed24_minsym5_cand1_reducedp3_full_sync_fullstate_ga0p1_v1_rseed0.pth
chua_orig_nint128_bs16_sig0.0_lr1e-03-1e-05_tfp0_ramp200_hLR1_m20_p10_seed27_minsym5_cand2_reducedp3_full_sync_fullstate_ga0p1_v1_rseed0,20,10,27,27,0,2,10,3,7,5,5,2;3;4;5;6;7;8,full_preactivation,1.0,,True,0.1,4806246580145864.0,2.138001564700484e+16,0.02248008916129666,default,,0.1,True,full,128,0.00,0.00,0.00,1.00,128,2000,16,200,200,0.0,0.0,0.001,1e-05,False,5,5.0,0.0,200,1.0,0.224730,2.1913,0.0126,3,0.216975,nan,models/chua_orig_nint128_bs16_sig0.0_lr1e-03-1e-05_tfp0_ramp200_hLR1_m20_p10_seed27_minsym5_cand2_reducedp3_full_sync_fullstate_ga0p1_v1_rseed0.pth
chua_orig_nint128_bs16_sig0.0_lr1e-03-1e-05_tfp0_ramp200_hLR1_m20_p10_seed28_minsym5_cand1_reducedp3_full_sync_fullstate_ga0p1_v1_rseed0,20,10,28,28,0,1,10,3,7,5,5,0;1;2;3;6;7;9,full_preactivation,1.0,,True,0.1,2685.7695184527656,57.5326222303227,4.668255007916497,default,,0.1,True,full,128,0.00,0.00,0.00,1.00,128,2000,16,200,200,0.0,0.0,0.001,1e-05,False,5,5.0,0.0,200,1.0,0.044754,1.1987,0.0064,4,0.023219,nan,models/chua_orig_nint128_bs16_sig0.0_lr1e-03-1e-05_tfp0_ramp200_hLR1_m20_p10_seed28_minsym5_cand1_reducedp3_full_sync_fullstate_ga0p1_v1_rseed0.pth
chua_orig_nint128_bs16_sig0.0_lr1e-03-1e-05_tfp0_ramp200_hLR1_m20_p10_seed15_minsym5_cand2_reducedp3_full_sync_fullstate_ga0p1_v1_rseed0,20,10,15,15,0,2,10,3,7,5,5,0;2;3;5;6;8;9,full_preactivation,1.0,,True,0.1,40094.681065572775,1885.4100279624217,2.126576207346442,default,,0.1,True,full,128,0.00,0.00,0.00,1.00,128,2000,16,200,200,0.0,0.0,0.001,1e-05,False,5,5.0,0.0,200,1.0,0.066324,1.3069,0.0073,5,0.045420,nan,models/chua_orig_nint128_bs16_sig0.0_lr1e-03-1e-05_tfp0_ramp200_hLR1_m20_p10_seed15_minsym5_cand2_reducedp3_full_sync_fullstate_ga0p1_v1_rseed0.pth
chua_orig_nint128_bs16_sig0.0_lr1e-03-1e-05_tfp0_ramp200_hLR1_m20_p10_seed14_minsym5_cand2_reducedp3_full_sync_fullstate_ga0p1_v1_rseed0,20,10,14,14,0,2,10,3,7,5,5,0;1;2;5;6;8;9,full_preactivation,1.0,,True,0.1,6184.345468600537,121.9344832429914,5.071859333078326,default,,0.1,True,full,128,0.00,0.00,0.00,1.00,128,2000,16,200,200,0.0,0.0,0.001,1e-05,False,5,5.0,0.0,200,1.0,0.031119,1.1988,0.0085,5,0.013274,nan,models/chua_orig_nint128_bs16_sig0.0_lr1e-03-1e-05_tfp0_ramp200_hLR1_m20_p10_seed14_minsym5_cand2_reducedp3_full_sync_fullstate_ga0p1_v1_rseed0.pth
chua_orig_nint128_bs16_sig0.0_lr1e-03-1e-05_tfp0_ramp200_hLR1_m20_p10_seed17_minsym5_cand2_reducedp3_full_sync_fullstate_ga0p1_v1_rseed0,20,10,17,17,0,2,10,3,7,5,5,0;2;3;4;6;7;8,full_preactivation,1.0,,True,0.1,2868.0075073995185,46.763532118227396,6.133000176608924,default,,0.1,True,full,128,0.00,0.00,0.00,1.00,128,2000,16,200,200,0.0,0.0,0.001,1e-05,False,5,5.0,0.0,200,1.0,0.030927,1.0822,0.0078,5,0.015373,nan,models/chua_orig_nint128_bs16_sig0.0_lr1e-03-1e-05_tfp0_ramp200_hLR1_m20_p10_seed17_minsym5_cand2_reducedp3_full_sync_fullstate_ga0p1_v1_rseed0.pth
chua_orig_nint128_bs16_sig0.0_lr1e-03-1e-05_tfp0_ramp200_hLR1_m20_p10_seed10_minsym5_cand3_reducedp3_full_sync_fullstate_ga0p1_v1_rseed0,20,10,10,10,0,3,10,3,7,5,5,0;1;2;4;6;7;8,full_preactivation,1.0,,True,0.1,6994.968924162566,144.62640163893101,4.836578138496387,default,,0.1,True,full,128,0.00,0.00,0.00,1.00,128,2000,16,200,200,0.0,0.0,0.001,1e-05,False,5,5.0,0.0,200,1.0,0.031305,1.1542,0.0080,5,0.019504,nan,models/chua_orig_nint128_bs16_sig0.0_lr1e-03-1e-05_tfp0_ramp200_hLR1_m20_p10_seed10_minsym5_cand3_reducedp3_full_sync_fullstate_ga0p1_v1_rseed0.pth
chua_orig_nint128_bs16_sig0.0_lr1e-03-1e-05_tfp0_ramp200_hLR1_m20_p10_seed9_minsym5_cand3_reducedp3_full_sync_fullstate_ga0p1_v1_rseed0,20,10,9,9,0,3,10,3,7,5,5,1;2;3;5;6;7;8,full_preactivation,1.0,,True,0.1,39999649.910071164,3143540.242658904,1.272439568842237,default,,0.1,True,full,128,0.00,0.00,0.00,1.00,128,2000,16,200,200,0.0,0.0,0.001,1e-05,False,5,5.0,0.0,200,1.0,0.499637,4.4298,0.0153,3,0.435772,nan,models/chua_orig_nint128_bs16_sig0.0_lr1e-03-1e-05_tfp0_ramp200_hLR1_m20_p10_seed9_minsym5_cand3_reducedp3_full_sync_fullstate_ga0p1_v1_rseed0.pth
chua_orig_nint128_bs16_sig0.0_lr1e-03-1e-05_tfp0_ramp200_hLR1_m20_p10_seed21_minsym5_cand2_reducedp3_full_sync_fullstate_ga0p1_v1_rseed0,20,10,21,21,0,2,10,3,7,5,5,0;1;3;4;6;8;9,full_preactivation,1.0,,True,0.1,42397.008903930946,1798.7757864942826,2.3569924179689132,default,,0.1,True,full,128,0.00,0.00,0.00,1.00,128,2000,16,200,200,0.0,0.0,0.001,1e-05,False,5,5.0,0.0,200,1.0,0.029004,1.1845,0.0078,5,0.015925,nan,models/chua_orig_nint128_bs16_sig0.0_lr1e-03-1e-05_tfp0_ramp200_hLR1_m20_p10_seed21_minsym5_cand2_reducedp3_full_sync_fullstate_ga0p1_v1_rseed0.pth
chua_orig_nint128_bs16_sig0.0_lr1e-03-1e-05_tfp0_ramp200_hLR1_m20_p10_seed27_minsym5_cand1_reducedp3_full_sync_fullstate_ga0p1_v1_rseed0,20,10,27,27,0,1,10,3,7,5,5,1;2;3;4;5;7;8,full_preactivation,1.0,,True,0.1,1.2029190995694648e+18,4.870240678713511e+18,0.0246993768670837,default,,0.1,True,full,128,0.00,0.00,0.00,1.00,128,2000,16,200,200,0.0,0.0,0.001,1e-05,False,5,5.0,0.0,200,1.0,0.170266,2.2685,0.0085,4,0.165860,nan,models/chua_orig_nint128_bs16_sig0.0_lr1e-03-1e-05_tfp0_ramp200_hLR1_m20_p10_seed27_minsym5_cand1_reducedp3_full_sync_fullstate_ga0p1_v1_rseed0.pth
chua_orig_nint128_bs16_sig0.0_lr1e-03-1e-05_tfp0_ramp200_hLR1_m20_p10_seed15_minsym5_cand3_reducedp3_full_sync_fullstate_ga0p1_v1_rseed0,20,10,15,15,0,3,10,3,7,5,5,0;2;3;5;7;8;9,full_preactivation,1.0,,True,0.1,20098.528105311594,725.5444510767629,2.770130496551084,default,,0.1,True,full,128,0.00,0.00,0.00,1.00,128,2000,16,200,200,0.0,0.0,0.001,1e-05,False,5,5.0,0.0,200,1.0,0.422511,2.8424,0.0107,2,0.337375,nan,models/chua_orig_nint128_bs16_sig0.0_lr1e-03-1e-05_tfp0_ramp200_hLR1_m20_p10_seed15_minsym5_cand3_reducedp3_full_sync_fullstate_ga0p1_v1_rseed0.pth
chua_orig_nint128_bs16_sig0.0_lr1e-03-1e-05_tfp0_ramp200_hLR1_m20_p10_seed11_minsym5_cand3_reducedp3_full_sync_fullstate_ga0p1_v1_rseed0,20,10,11,11,0,3,10,3,7,5,5,0;3;4;5;6;8;9,full_preactivation,1.0,,True,0.1,4172.054675906105,56.622404666395774,7.368204689445236,default,,0.1,True,full,128,0.00,0.00,0.00,1.00,128,2000,16,200,200,0.0,0.0,0.001,1e-05,False,5,5.0,0.0,200,1.0,0.050576,1.2165,0.0096,4,0.023572,nan,models/chua_orig_nint128_bs16_sig0.0_lr1e-03-1e-05_tfp0_ramp200_hLR1_m20_p10_seed11_minsym5_cand3_reducedp3_full_sync_fullstate_ga0p1_v1_rseed0.pth
chua_orig_nint128_bs16_sig0.0_lr1e-03-1e-05_tfp0_ramp200_hLR1_m20_p10_seed20_minsym5_cand2_reducedp3_full_sync_fullstate_ga0p1_v1_rseed0,20,10,20,20,0,2,10,3,7,5,5,1;2;3;4;5;7;8,full_preactivation,1.0,,True,0.1,1938799.7400783815,148556.6323123946,1.305091337828221,default,,0.1,True,full,128,0.00,0.00,0.00,1.00,128,2000,16,200,200,0.0,0.0,0.001,1e-05,False,5,5.0,0.0,200,1.0,0.007658,1.1173,0.0100,5,0.005446,nan,models/chua_orig_nint128_bs16_sig0.0_lr1e-03-1e-05_tfp0_ramp200_hLR1_m20_p10_seed20_minsym5_cand2_reducedp3_full_sync_fullstate_ga0p1_v1_rseed0.pth
chua_orig_nint128_bs16_sig0.0_lr1e-03-1e-05_tfp0_ramp200_hLR1_m20_p10_seed29_minsym5_cand1_reducedp3_full_sync_fullstate_ga0p1_v1_rseed0,20,10,29,29,0,1,10,3,7,5,5,0;1;2;3;6;8;9,full_preactivation,1.0,,True,0.1,5235.662183525595,445.16480335763015,1.176117730790013,default,,0.1,True,full,128,0.00,0.00,0.00,1.00,128,2000,16,200,200,0.0,0.0,0.001,1e-05,False,5,5.0,0.0,200,1.0,0.014402,1.1759,0.0096,5,0.009992,nan,models/chua_orig_nint128_bs16_sig0.0_lr1e-03-1e-05_tfp0_ramp200_hLR1_m20_p10_seed29_minsym5_cand1_reducedp3_full_sync_fullstate_ga0p1_v1_rseed0.pth
chua_orig_nint128_bs16_sig0.0_lr1e-03-1e-05_tfp0_ramp200_hLR1_m20_p10_seed6_minsym5_cand4_reducedp4_full_sync_fullstate_ga0p1_v1_rseed0,20,10,6,6,0,4,10,4,6,5,5,0;1;4;7;8;9,full_preactivation,1.0,,True,0.1,14594.948518237397,137.9689874493639,10.578426926263987,default,,0.1,True,full,128,0.00,0.00,0.00,1.00,128,2000,16,200,200,0.0,0.0,0.001,1e-05,False,5,5.0,0.0,200,1.0,0.077972,1.4594,0.0064,5,0.028867,nan,models/chua_orig_nint128_bs16_sig0.0_lr1e-03-1e-05_tfp0_ramp200_hLR1_m20_p10_seed6_minsym5_cand4_reducedp4_full_sync_fullstate_ga0p1_v1_rseed0.pth
chua_orig_nint128_bs16_sig0.0_lr1e-03-1e-05_tfp0_ramp200_hLR1_m20_p10_seed25_minsym5_cand1_reducedp3_full_sync_fullstate_ga0p1_v1_rseed0,20,10,25,25,0,1,10,3,7,5,5,0;1;2;3;4;8;9,full_preactivation,1.0,,True,0.1,569522.550549142,21841.534362596874,2.6075207954457458,default,,0.1,True,full,128,0.00,0.00,0.00,1.00,128,2000,16,200,200,0.0,0.0,0.001,1e-05,False,5,5.0,0.0,200,1.0,0.031943,1.2949,0.0078,5,0.021369,nan,models/chua_orig_nint128_bs16_sig0.0_lr1e-03-1e-05_tfp0_ramp200_hLR1_m20_p10_seed25_minsym5_cand1_reducedp3_full_sync_fullstate_ga0p1_v1_rseed0.pth
chua_orig_nint128_bs16_sig0.0_lr1e-03-1e-05_tfp0_ramp200_hLR1_m20_p10_seed26_minsym5_cand2_reducedp3_full_sync_fullstate_ga0p1_v1_rseed0,20,10,26,26,0,2,10,3,7,5,5,0;1;4;5;6;7;9,full_preactivation,1.0,,True,0.1,8276731.60644466,274729.5833506104,3.012683055643804,default,,0.1,True,full,128,0.00,0.00,0.00,1.00,128,2000,16,200,200,0.0,0.0,0.001,1e-05,False,5,5.0,0.0,200,1.0,0.033983,1.1112,0.0099,4,0.019422,nan,models/chua_orig_nint128_bs16_sig0.0_lr1e-03-1e-05_tfp0_ramp200_hLR1_m20_p10_seed26_minsym5_cand2_reducedp3_full_sync_fullstate_ga0p1_v1_rseed0.pth
chua_orig_nint128_bs16_sig0.0_lr1e-03-1e-05_tfp0_ramp200_hLR1_m20_p10_seed24_minsym5_cand2_reducedp3_full_sync_fullstate_ga0p1_v1_rseed0,20,10,24,24,0,2,10,3,7,5,5,0;1;2;3;6;7;9,full_preactivation,1.0,,True,0.1,8469.336153146833,101.28873559771775,8.361577527025208,default,,0.1,True,full,128,0.00,0.00,0.00,1.00,128,2000,16,200,200,0.0,0.0,0.001,1e-05,False,5,5.0,0.0,200,1.0,0.066953,1.2225,0.0090,5,0.031097,nan,models/chua_orig_nint128_bs16_sig0.0_lr1e-03-1e-05_tfp0_ramp200_hLR1_m20_p10_seed24_minsym5_cand2_reducedp3_full_sync_fullstate_ga0p1_v1_rseed0.pth
chua_orig_nint128_bs16_sig0.0_lr1e-03-1e-05_tfp0_ramp200_hLR1_m20_p10_seed14_minsym5_cand3_reducedp3_full_sync_fullstate_ga0p1_v1_rseed0,20,10,14,14,0,3,10,3,7,5,5,0;1;5;6;7;8;9,full_preactivation,1.0,,True,0.1,5509.059646391569,100.9770815690237,5.455752494317983,default,,0.1,True,full,128,0.00,0.00,0.00,1.00,128,2000,16,200,200,0.0,0.0,0.001,1e-05,False,5,5.0,0.0,200,1.0,0.473933,2.7358,0.0070,2,0.361945,nan,models/chua_orig_nint128_bs16_sig0.0_lr1e-03-1e-05_tfp0_ramp200_hLR1_m20_p10_seed14_minsym5_cand3_reducedp3_full_sync_fullstate_ga0p1_v1_rseed0.pth
chua_orig_nint128_bs16_sig0.0_lr1e-03-1e-05_tfp0_ramp200_hLR1_m20_p10_seed22_minsym5_cand2_reducedp3_full_sync_fullstate_ga0p1_v1_rseed0,20,10,22,22,0,2,10,3,7,5,5,0;2;3;4;7;8;9,full_preactivation,1.0,,True,0.1,1895.791700550195,94.02212069341714,2.0163251866354757,default,,0.1,True,full,128,0.00,0.00,0.00,1.00,128,2000,16,200,200,0.0,0.0,0.001,1e-05,False,5,5.0,0.0,200,1.0,0.018942,1.2259,0.0061,5,0.013154,nan,models/chua_orig_nint128_bs16_sig0.0_lr1e-03-1e-05_tfp0_ramp200_hLR1_m20_p10_seed22_minsym5_cand2_reducedp3_full_sync_fullstate_ga0p1_v1_rseed0.pth
chua_orig_nint128_bs16_sig0.0_lr1e-03-1e-05_tfp0_ramp200_hLR1_m20_p10_seed18_minsym5_cand2_reducedp3_full_sync_fullstate_ga0p1_v1_rseed0,20,10,18,18,0,2,10,3,7,5,5,0;1;2;3;4;6;7,full_preactivation,1.0,,True,0.1,1496800.195782991,29129.226311286413,5.138482497913241,default,,0.1,True,full,128,0.00,0.00,0.00,1.00,128,2000,16,200,200,0.0,0.0,0.001,1e-05,False,5,5.0,0.0,200,1.0,0.048770,1.2870,0.0094,5,0.031488,nan,models/chua_orig_nint128_bs16_sig0.0_lr1e-03-1e-05_tfp0_ramp200_hLR1_m20_p10_seed18_minsym5_cand2_reducedp3_full_sync_fullstate_ga0p1_v1_rseed0.pth
chua_orig_nint128_bs16_sig0.0_lr1e-03-1e-05_tfp0_ramp200_hLR1_m20_p10_seed13_minsym5_cand3_reducedp3_full_sync_fullstate_ga0p1_v1_rseed0,20,10,13,13,0,3,10,3,7,5,5,0;2;3;5;6;7;8,full_preactivation,1.0,,True,0.1,1077878.5464346157,78858.94328146143,1.366843761255433,default,,0.1,True,full,128,0.00,0.00,0.00,1.00,128,2000,16,200,200,0.0,0.0,0.001,1e-05,False,5,5.0,0.0,200,1.0,0.024238,1.2638,0.0073,5,0.015914,nan,models/chua_orig_nint128_bs16_sig0.0_lr1e-03-1e-05_tfp0_ramp200_hLR1_m20_p10_seed13_minsym5_cand3_reducedp3_full_sync_fullstate_ga0p1_v1_rseed0.pth
chua_orig_nint128_bs16_sig0.0_lr1e-03-1e-05_tfp0_ramp200_hLR1_m20_p10_seed6_minsym5_cand5_reducedp4_full_sync_fullstate_ga0p1_v1_rseed0,20,10,6,6,0,5,10,4,6,5,5,0;1;5;7;8;9,full_preactivation,1.0,,True,0.1,64588.3331570029,661.349989117312,9.766135060077236,default,,0.1,True,full,128,0.00,0.00,0.00,1.00,128,2000,16,200,200,0.0,0.0,0.001,1e-05,False,5,5.0,0.0,200,1.0,0.030357,1.2166,0.0107,5,0.009160,nan,models/chua_orig_nint128_bs16_sig0.0_lr1e-03-1e-05_tfp0_ramp200_hLR1_m20_p10_seed6_minsym5_cand5_reducedp4_full_sync_fullstate_ga0p1_v1_rseed0.pth
chua_orig_nint128_bs16_sig0.0_lr1e-03-1e-05_tfp0_ramp200_hLR1_m20_p10_seed25_minsym5_cand2_reducedp3_full_sync_fullstate_ga0p1_v1_rseed0,20,10,25,25,0,2,10,3,7,5,5,0;1;2;4;5;7;8,full_preactivation,1.0,,True,0.1,81303.91318995661,1523.867798845876,5.335365262756605,default,,0.1,True,full,128,0.00,0.00,0.00,1.00,128,2000,16,200,200,0.0,0.0,0.001,1e-05,False,5,5.0,0.0,200,1.0,0.027384,1.1008,0.0083,5,0.016508,nan,models/chua_orig_nint128_bs16_sig0.0_lr1e-03-1e-05_tfp0_ramp200_hLR1_m20_p10_seed25_minsym5_cand2_reducedp3_full_sync_fullstate_ga0p1_v1_rseed0.pth
chua_orig_nint128_bs16_sig0.0_lr1e-03-1e-05_tfp0_ramp200_hLR1_m20_p10_seed17_minsym5_cand3_reducedp3_full_sync_fullstate_ga0p1_v1_rseed0,20,10,17,17,0,3,10,3,7,5,5,0;2;3;4;7;8;9,full_preactivation,1.0,,True,0.1,4194.802163094227,337.21382380303925,1.24395913423298,default,,0.1,True,full,128,0.00,0.00,0.00,1.00,128,2000,16,200,200,0.0,0.0,0.001,1e-05,False,5,5.0,0.0,200,1.0,0.015685,1.0713,0.0165,5,0.011687,nan,models/chua_orig_nint128_bs16_sig0.0_lr1e-03-1e-05_tfp0_ramp200_hLR1_m20_p10_seed17_minsym5_cand3_reducedp3_full_sync_fullstate_ga0p1_v1_rseed0.pth
chua_orig_nint128_bs16_sig0.0_lr1e-03-1e-05_tfp0_ramp200_hLR1_m20_p10_seed23_minsym5_cand2_reducedp3_full_sync_fullstate_ga0p1_v1_rseed0,20,10,23,23,0,2,10,3,7,5,5,0;1;4;5;6;7;9,full_preactivation,1.0,,True,0.1,22745.745701119584,625.819167078488,3.634555618886447,default,,0.1,True,full,128,0.00,0.00,0.00,1.00,128,2000,16,200,200,0.0,0.0,0.001,1e-05,False,5,5.0,0.0,200,1.0,0.048716,1.2139,0.0102,5,0.022102,nan,models/chua_orig_nint128_bs16_sig0.0_lr1e-03-1e-05_tfp0_ramp200_hLR1_m20_p10_seed23_minsym5_cand2_reducedp3_full_sync_fullstate_ga0p1_v1_rseed0.pth
chua_orig_nint128_bs16_sig0.0_lr1e-03-1e-05_tfp0_ramp200_hLR1_m20_p10_seed28_minsym5_cand2_reducedp3_full_sync_fullstate_ga0p1_v1_rseed0,20,10,28,28,0,2,10,3,7,5,5,0;1;2;5;6;7;9,full_preactivation,1.0,,True,0.1,56209.26048259308,936.3575831046064,6.0029695382211194,default,,0.1,True,full,128,0.00,0.00,0.00,1.00,128,2000,16,200,200,0.0,0.0,0.001,1e-05,False,5,5.0,0.0,200,1.0,0.065624,1.2916,0.0103,5,0.041040,nan,models/chua_orig_nint128_bs16_sig0.0_lr1e-03-1e-05_tfp0_ramp200_hLR1_m20_p10_seed28_minsym5_cand2_reducedp3_full_sync_fullstate_ga0p1_v1_rseed0.pth
chua_orig_nint128_bs16_sig0.0_lr1e-03-1e-05_tfp0_ramp200_hLR1_m20_p10_seed18_minsym5_cand3_reducedp3_full_sync_fullstate_ga0p1_v1_rseed0,20,10,18,18,0,3,10,3,7,5,5,0;1;2;3;4;6;9,full_preactivation,1.0,,True,0.1,695655.7697712282,9493.948747096752,7.327359650892991,default,,0.1,True,full,128,0.00,0.00,0.00,1.00,128,2000,16,200,200,0.0,0.0,0.001,1e-05,False,5,5.0,0.0,200,1.0,0.051927,1.1080,0.0112,5,0.026371,nan,models/chua_orig_nint128_bs16_sig0.0_lr1e-03-1e-05_tfp0_ramp200_hLR1_m20_p10_seed18_minsym5_cand3_reducedp3_full_sync_fullstate_ga0p1_v1_rseed0.pth
chua_orig_nint128_bs16_sig0.0_lr1e-03-1e-05_tfp0_ramp200_hLR1_m20_p10_seed10_minsym5_cand4_reducedp3_full_sync_fullstate_ga0p1_v1_rseed0,20,10,10,10,0,4,10,3,7,5,5,0;1;2;5;6;7;8,full_preactivation,1.0,,True,0.1,6924.777144428548,143.41854338200284,4.82836945706804,default,,0.1,True,full,128,0.00,0.00,0.00,1.00,128,2000,16,200,200,0.0,0.0,0.001,1e-05,False,5,5.0,0.0,200,1.0,0.376520,2.4085,0.0105,2,0.218975,nan,models/chua_orig_nint128_bs16_sig0.0_lr1e-03-1e-05_tfp0_ramp200_hLR1_m20_p10_seed10_minsym5_cand4_reducedp3_full_sync_fullstate_ga0p1_v1_rseed0.pth
chua_orig_nint128_bs16_sig0.0_lr1e-03-1e-05_tfp0_ramp200_hLR1_m20_p10_seed14_minsym5_cand4_reducedp3_full_sync_fullstate_ga0p1_v1_rseed0,20,10,14,14,0,4,10,3,7,5,5,0;2;5;6;7;8;9,full_preactivation,1.0,,True,0.1,5441.872075628019,116.9837746414344,4.651817820298406,default,,0.1,True,full,128,0.00,0.00,0.00,1.00,128,2000,16,200,200,0.0,0.0,0.001,1e-05,False,5,5.0,0.0,200,1.0,0.464528,2.7701,0.0080,2,0.363605,nan,models/chua_orig_nint128_bs16_sig0.0_lr1e-03-1e-05_tfp0_ramp200_hLR1_m20_p10_seed14_minsym5_cand4_reducedp3_full_sync_fullstate_ga0p1_v1_rseed0.pth
chua_orig_nint128_bs16_sig0.0_lr1e-03-1e-05_tfp0_ramp200_hLR1_m20_p10_seed22_minsym5_cand3_reducedp3_full_sync_fullstate_ga0p1_v1_rseed0,20,10,22,22,0,3,10,3,7,5,5,0;2;3;5;7;8;9,full_preactivation,1.0,,True,0.1,5917.589754283411,195.6976413590519,3.02384316601252,default,,0.1,True,full,128,0.00,0.00,0.00,1.00,128,2000,16,200,200,0.0,0.0,0.001,1e-05,False,5,5.0,0.0,200,1.0,0.250554,3.9991,0.0231,3,0.139415,nan,models/chua_orig_nint128_bs16_sig0.0_lr1e-03-1e-05_tfp0_ramp200_hLR1_m20_p10_seed22_minsym5_cand3_reducedp3_full_sync_fullstate_ga0p1_v1_rseed0.pth
chua_orig_nint128_bs16_sig0.0_lr1e-03-1e-05_tfp0_ramp200_hLR1_m20_p10_seed17_minsym5_cand4_reducedp3_full_sync_fullstate_ga0p1_v1_rseed0,20,10,17,17,0,4,10,3,7,5,5,1;2;3;5;7;8;9,full_preactivation,1.0,,True,0.1,3004.52501445736,62.308338573469705,4.822027168826822,default,,0.1,True,full,128,0.00,0.00,0.00,1.00,128,2000,16,200,200,0.0,0.0,0.001,1e-05,False,5,5.0,0.0,200,1.0,0.502895,3.2002,0.0107,2,0.334457,nan,models/chua_orig_nint128_bs16_sig0.0_lr1e-03-1e-05_tfp0_ramp200_hLR1_m20_p10_seed17_minsym5_cand4_reducedp3_full_sync_fullstate_ga0p1_v1_rseed0.pth
chua_orig_nint128_bs16_sig0.0_lr1e-03-1e-05_tfp0_ramp200_hLR1_m20_p10_seed13_minsym5_cand4_reducedp3_full_sync_fullstate_ga0p1_v1_rseed0,20,10,13,13,0,4,10,3,7,5,5,0;2;5;6;7;8;9,full_preactivation,1.0,,True,0.1,788469.3612918641,53676.14712328,1.468938073146266,default,,0.1,True,full,128,0.00,0.00,0.00,1.00,128,2000,16,200,200,0.0,0.0,0.001,1e-05,False,5,5.0,0.0,200,1.0,0.234109,7.3526,0.0196,1,0.140410,nan,models/chua_orig_nint128_bs16_sig0.0_lr1e-03-1e-05_tfp0_ramp200_hLR1_m20_p10_seed13_minsym5_cand4_reducedp3_full_sync_fullstate_ga0p1_v1_rseed0.pth
chua_orig_nint128_bs16_sig0.0_lr1e-03-1e-05_tfp0_ramp200_hLR1_m20_p10_seed24_minsym5_cand3_reducedp3_full_sync_fullstate_ga0p1_v1_rseed0,20,10,24,24,0,3,10,3,7,5,5,0;1;2;3;7;8;9,full_preactivation,1.0,,True,0.1,3860.8556936901955,46.60731854251683,8.28379708257214,default,,0.1,True,full,128,0.00,0.00,0.00,1.00,128,2000,16,200,200,0.0,0.0,0.001,1e-05,False,5,5.0,0.0,200,1.0,0.074644,1.2617,0.0080,5,0.036803,nan,models/chua_orig_nint128_bs16_sig0.0_lr1e-03-1e-05_tfp0_ramp200_hLR1_m20_p10_seed24_minsym5_cand3_reducedp3_full_sync_fullstate_ga0p1_v1_rseed0.pth
chua_orig_nint128_bs16_sig0.0_lr1e-03-1e-05_tfp0_ramp200_hLR1_m20_p10_seed11_minsym5_cand4_reducedp3_full_sync_fullstate_ga0p1_v1_rseed0,20,10,11,11,0,4,10,3,7,5,5,0;3;5;6;7;8;9,full_preactivation,1.0,,True,0.1,3386.876995293747,52.35294385646554,6.469315277817765,default,,0.1,True,full,128,0.00,0.00,0.00,1.00,128,2000,16,200,200,0.0,0.0,0.001,1e-05,False,5,5.0,0.0,200,1.0,0.043970,1.1570,0.0110,4,0.026041,nan,models/chua_orig_nint128_bs16_sig0.0_lr1e-03-1e-05_tfp0_ramp200_hLR1_m20_p10_seed11_minsym5_cand4_reducedp3_full_sync_fullstate_ga0p1_v1_rseed0.pth
chua_orig_nint128_bs16_sig0.0_lr1e-03-1e-05_tfp0_ramp200_hLR1_m20_p10_seed25_minsym5_cand3_reducedp3_full_sync_fullstate_ga0p1_v1_rseed0,20,10,25,25,0,3,10,3,7,5,5,0;1;2;4;7;8;9,full_preactivation,1.0,,True,0.1,447357.84441540757,9190.812804099538,4.86744593705428,default,,0.1,True,full,128,0.00,0.00,0.00,1.00,128,2000,16,200,200,0.0,0.0,0.001,1e-05,False,5,5.0,0.0,200,1.0,0.034459,1.2899,0.0095,5,0.020147,nan,models/chua_orig_nint128_bs16_sig0.0_lr1e-03-1e-05_tfp0_ramp200_hLR1_m20_p10_seed25_minsym5_cand3_reducedp3_full_sync_fullstate_ga0p1_v1_rseed0.pth
chua_orig_nint128_bs16_sig0.0_lr1e-03-1e-05_tfp0_ramp200_hLR1_m20_p10_seed15_minsym5_cand4_reducedp3_full_sync_fullstate_ga0p1_v1_rseed0,20,10,15,15,0,4,10,3,7,5,5,0;2;5;6;7;8;9,full_preactivation,1.0,,True,0.1,2448.169979801239,128.18101148025616,1.9099318623946995,default,,0.1,True,full,128,0.00,0.00,0.00,1.00,128,2000,16,200,200,0.0,0.0,0.001,1e-05,False,5,5.0,0.0,200,1.0,0.089943,1.4067,0.0058,5,0.052670,nan,models/chua_orig_nint128_bs16_sig0.0_lr1e-03-1e-05_tfp0_ramp200_hLR1_m20_p10_seed15_minsym5_cand4_reducedp3_full_sync_fullstate_ga0p1_v1_rseed0.pth
chua_orig_nint128_bs16_sig0.0_lr1e-03-1e-05_tfp0_ramp200_hLR1_m20_p10_seed26_minsym5_cand3_reducedp3_full_sync_fullstate_ga0p1_v1_rseed0,20,10,26,26,0,3,10,3,7,5,5,0;1;4;6;7;8;9,full_preactivation,1.0,,True,0.1,8863263.895500347,233419.88672775932,3.797133149086688,default,,0.1,True,full,128,0.00,0.00,0.00,1.00,128,2000,16,200,200,0.0,0.0,0.001,1e-05,False,5,5.0,0.0,200,1.0,0.388137,2.9315,0.0182,4,0.307173,nan,models/chua_orig_nint128_bs16_sig0.0_lr1e-03-1e-05_tfp0_ramp200_hLR1_m20_p10_seed26_minsym5_cand3_reducedp3_full_sync_fullstate_ga0p1_v1_rseed0.pth
chua_orig_nint128_bs16_sig0.0_lr1e-03-1e-05_tfp0_ramp200_hLR1_m20_p10_seed18_minsym5_cand4_reducedp3_full_sync_fullstate_ga0p1_v1_rseed0,20,10,18,18,0,4,10,3,7,5,5,0;1;3;4;5;7;9,full_preactivation,1.0,,True,0.1,4191646.808449395,54924.42045666026,7.631663244871084,default,,0.1,True,full,128,0.00,0.00,0.00,1.00,128,2000,16,200,200,0.0,0.0,0.001,1e-05,False,5,5.0,0.0,200,1.0,0.062981,1.2287,0.0096,5,0.035777,nan,models/chua_orig_nint128_bs16_sig0.0_lr1e-03-1e-05_tfp0_ramp200_hLR1_m20_p10_seed18_minsym5_cand4_reducedp3_full_sync_fullstate_ga0p1_v1_rseed0.pth
chua_orig_nint128_bs16_sig0.0_lr1e-03-1e-05_tfp0_ramp200_hLR1_m20_p10_seed21_minsym5_cand3_reducedp3_full_sync_fullstate_ga0p1_v1_rseed0,20,10,21,21,0,3,10,3,7,5,5,0;3;4;5;6;8;9,full_preactivation,1.0,,True,0.1,158040.3314347322,7744.338329144072,2.040720907556208,default,,0.1,True,full,128,0.00,0.00,0.00,1.00,128,2000,16,200,200,0.0,0.0,0.001,1e-05,False,5,5.0,0.0,200,1.0,0.025700,1.2075,0.0050,5,0.013082,nan,models/chua_orig_nint128_bs16_sig0.0_lr1e-03-1e-05_tfp0_ramp200_hLR1_m20_p10_seed21_minsym5_cand3_reducedp3_full_sync_fullstate_ga0p1_v1_rseed0.pth
chua_orig_nint128_bs16_sig0.0_lr1e-03-1e-05_tfp0_ramp200_hLR1_m20_p10_seed29_minsym5_cand2_reducedp3_full_sync_fullstate_ga0p1_v1_rseed0,20,10,29,29,0,2,10,3,7,5,5,1;2;3;5;6;8;9,full_preactivation,1.0,,True,0.1,919.962990721298,11.538548793218279,7.972952294156104,default,,0.1,True,full,128,0.00,0.00,0.00,1.00,128,2000,16,200,200,0.0,0.0,0.001,1e-05,False,5,5.0,0.0,200,1.0,0.048278,1.3333,0.0095,5,0.015084,nan,models/chua_orig_nint128_bs16_sig0.0_lr1e-03-1e-05_tfp0_ramp200_hLR1_m20_p10_seed29_minsym5_cand2_reducedp3_full_sync_fullstate_ga0p1_v1_rseed0.pth
chua_orig_nint128_bs16_sig0.0_lr1e-03-1e-05_tfp0_ramp200_hLR1_m20_p10_seed22_minsym5_cand4_reducedp3_full_sync_fullstate_ga0p1_v1_rseed0,20,10,22,22,0,4,10,3,7,5,5,0;2;4;5;7;8;9,full_preactivation,1.0,,True,0.1,1775.9980952622107,59.72397650140708,2.9736769038149005,default,,0.1,True,full,128,0.00,0.00,0.00,1.00,128,2000,16,200,200,0.0,0.0,0.001,1e-05,False,5,5.0,0.0,200,1.0,0.291651,3.3044,0.0175,3,0.160938,nan,models/chua_orig_nint128_bs16_sig0.0_lr1e-03-1e-05_tfp0_ramp200_hLR1_m20_p10_seed22_minsym5_cand4_reducedp3_full_sync_fullstate_ga0p1_v1_rseed0.pth
chua_orig_nint128_bs16_sig0.0_lr1e-03-1e-05_tfp0_ramp200_hLR1_m20_p10_seed15_minsym5_cand5_reducedp3_full_sync_fullstate_ga0p1_v1_rseed0,20,10,15,15,0,5,10,3,7,5,5,0;3;5;6;7;8;9,full_preactivation,1.0,,True,0.1,15655.656805129576,586.6723525263058,2.668552001421878,default,,0.1,True,full,128,0.00,0.00,0.00,1.00,128,2000,16,200,200,0.0,0.0,0.001,1e-05,False,5,5.0,0.0,200,1.0,0.502354,5.9299,0.0157,3,0.196486,nan,models/chua_orig_nint128_bs16_sig0.0_lr1e-03-1e-05_tfp0_ramp200_hLR1_m20_p10_seed15_minsym5_cand5_reducedp3_full_sync_fullstate_ga0p1_v1_rseed0.pth
chua_orig_nint128_bs16_sig0.0_lr1e-03-1e-05_tfp0_ramp200_hLR1_m20_p10_seed13_minsym5_cand5_reducedp3_full_sync_fullstate_ga0p1_v1_rseed0,20,10,13,13,0,5,10,3,7,5,5,0;3;5;6;7;8;9,full_preactivation,1.0,,True,0.1,569108.7698638986,44299.09795357012,1.2846960686657356,default,,0.1,True,full,128,0.00,0.00,0.00,1.00,128,2000,16,200,200,0.0,0.0,0.001,1e-05,False,5,5.0,0.0,200,1.0,0.021566,1.2204,0.0088,5,0.015988,nan,models/chua_orig_nint128_bs16_sig0.0_lr1e-03-1e-05_tfp0_ramp200_hLR1_m20_p10_seed13_minsym5_cand5_reducedp3_full_sync_fullstate_ga0p1_v1_rseed0.pth
chua_orig_nint128_bs16_sig0.0_lr1e-03-1e-05_tfp0_ramp200_hLR1_m20_p10_seed24_minsym5_cand4_reducedp3_full_sync_fullstate_ga0p1_v1_rseed0,20,10,24,24,0,4,10,3,7,5,5,0;1;2;5;6;7;9,full_preactivation,1.0,,True,0.1,11027.116508861236,149.22613303888258,7.3895344496985125,default,,0.1,True,full,128,0.00,0.00,0.00,1.00,128,2000,16,200,200,0.0,0.0,0.001,1e-05,False,5,5.0,0.0,200,1.0,0.039830,1.0030,0.0123,5,0.022154,nan,models/chua_orig_nint128_bs16_sig0.0_lr1e-03-1e-05_tfp0_ramp200_hLR1_m20_p10_seed24_minsym5_cand4_reducedp3_full_sync_fullstate_ga0p1_v1_rseed0.pth
chua_orig_nint128_bs16_sig0.0_lr1e-03-1e-05_tfp0_ramp200_hLR1_m20_p10_seed10_minsym5_cand5_reducedp3_full_sync_fullstate_ga0p1_v1_rseed0,20,10,10,10,0,5,10,3,7,5,5,0;1;3;4;5;6;7,full_preactivation,1.0,,True,0.1,5495.869596797216,122.9872423704535,4.468650154983474,default,,0.1,True,full,128,0.00,0.00,0.00,1.00,128,2000,16,200,200,0.0,0.0,0.001,1e-05,False,5,5.0,0.0,200,1.0,0.034964,1.1528,0.0078,5,0.020151,nan,models/chua_orig_nint128_bs16_sig0.0_lr1e-03-1e-05_tfp0_ramp200_hLR1_m20_p10_seed10_minsym5_cand5_reducedp3_full_sync_fullstate_ga0p1_v1_rseed0.pth
chua_orig_nint128_bs16_sig0.0_lr1e-03-1e-05_tfp0_ramp200_hLR1_m20_p10_seed25_minsym5_cand4_reducedp3_full_sync_fullstate_ga0p1_v1_rseed0,20,10,25,25,0,4,10,3,7,5,5,0;2;3;4;5;8;9,full_preactivation,1.0,,True,0.1,80873.89606047183,1244.2708555270683,6.4997018696716085,default,,0.1,True,full,128,0.00,0.00,0.00,1.00,128,2000,16,200,200,0.0,0.0,0.001,1e-05,False,5,5.0,0.0,200,1.0,0.037921,1.1993,0.0097,5,0.021551,nan,models/chua_orig_nint128_bs16_sig0.0_lr1e-03-1e-05_tfp0_ramp200_hLR1_m20_p10_seed25_minsym5_cand4_reducedp3_full_sync_fullstate_ga0p1_v1_rseed0.pth
chua_orig_nint128_bs16_sig0.0_lr1e-03-1e-05_tfp0_ramp200_hLR1_m20_p10_seed18_minsym5_cand5_reducedp3_full_sync_fullstate_ga0p1_v1_rseed0,20,10,18,18,0,5,10,3,7,5,5,0;1;3;4;6;7;9,full_preactivation,1.0,,True,0.1,762517.6908111706,10338.111124620396,7.375793136864441,default,,0.1,True,full,128,0.00,0.00,0.00,1.00,128,2000,16,200,200,0.0,0.0,0.001,1e-05,False,5,5.0,0.0,200,1.0,0.050154,1.1594,0.0095,5,0.026696,nan,models/chua_orig_nint128_bs16_sig0.0_lr1e-03-1e-05_tfp0_ramp200_hLR1_m20_p10_seed18_minsym5_cand5_reducedp3_full_sync_fullstate_ga0p1_v1_rseed0.pth
chua_orig_nint128_bs16_sig0.0_lr1e-03-1e-05_tfp0_ramp200_hLR1_m20_p10_seed17_minsym5_cand5_reducedp3_full_sync_fullstate_ga0p1_v1_rseed0,20,10,17,17,0,5,10,3,7,5,5,1;2;4;5;7;8;9,full_preactivation,1.0,,True,0.1,1896.68226780344,36.34199347806497,5.218982467068498,default,,0.1,True,full,128,0.00,0.00,0.00,1.00,128,2000,16,200,200,0.0,0.0,0.001,1e-05,False,5,5.0,0.0,200,1.0,0.504348,3.7023,0.0115,1,0.323904,nan,models/chua_orig_nint128_bs16_sig0.0_lr1e-03-1e-05_tfp0_ramp200_hLR1_m20_p10_seed17_minsym5_cand5_reducedp3_full_sync_fullstate_ga0p1_v1_rseed0.pth
chua_orig_nint128_bs16_sig0.0_lr1e-03-1e-05_tfp0_ramp200_hLR1_m20_p10_seed11_minsym5_cand5_reducedp3_full_sync_fullstate_ga0p1_v1_rseed0,20,10,11,11,0,5,10,3,7,5,5,0;4;5;6;7;8;9,full_preactivation,1.0,,True,0.1,3470.6292206889516,48.39399086243061,7.171611927098186,default,,0.1,True,full,128,0.00,0.00,0.00,1.00,128,2000,16,200,200,0.0,0.0,0.001,1e-05,False,5,5.0,0.0,200,1.0,0.070227,1.1758,0.0059,5,0.038124,nan,models/chua_orig_nint128_bs16_sig0.0_lr1e-03-1e-05_tfp0_ramp200_hLR1_m20_p10_seed11_minsym5_cand5_reducedp3_full_sync_fullstate_ga0p1_v1_rseed0.pth
chua_orig_nint128_bs16_sig0.0_lr1e-03-1e-05_tfp0_ramp200_hLR1_m20_p10_seed26_minsym5_cand4_reducedp3_full_sync_fullstate_ga0p1_v1_rseed0,20,10,26,26,0,4,10,3,7,5,5,0;2;3;4;5;6;9,full_preactivation,1.0,,True,0.1,2298233.1963140727,101191.47669640956,2.271172702824701,default,,0.1,True,full,128,0.00,0.00,0.00,1.00,128,2000,16,200,200,0.0,0.0,0.001,1e-05,False,5,5.0,0.0,200,1.0,0.401967,3.0090,0.0204,2,0.350658,nan,models/chua_orig_nint128_bs16_sig0.0_lr1e-03-1e-05_tfp0_ramp200_hLR1_m20_p10_seed26_minsym5_cand4_reducedp3_full_sync_fullstate_ga0p1_v1_rseed0.pth
chua_orig_nint128_bs16_sig0.0_lr1e-03-1e-05_tfp0_ramp200_hLR1_m20_p10_seed22_minsym5_cand5_reducedp4_full_sync_fullstate_ga0p1_v1_rseed0,20,10,22,22,0,5,10,4,6,5,5,1;2;3;4;5;7,full_preactivation,1.0,,True,0.1,3809.3867780785927,102.03834007596842,3.7332896392105503,default,,0.1,True,full,128,0.00,0.00,0.00,1.00,128,2000,16,200,200,0.0,0.0,0.001,1e-05,False,5,5.0,0.0,200,1.0,0.049887,1.0764,0.0090,5,0.033628,nan,models/chua_orig_nint128_bs16_sig0.0_lr1e-03-1e-05_tfp0_ramp200_hLR1_m20_p10_seed22_minsym5_cand5_reducedp4_full_sync_fullstate_ga0p1_v1_rseed0.pth
chua_orig_nint128_bs16_sig0.0_lr1e-03-1e-05_tfp0_ramp200_hLR1_m20_p10_seed26_minsym5_cand5_reducedp3_full_sync_fullstate_ga0p1_v1_rseed0,20,10,26,26,0,5,10,3,7,5,5,0;2;3;4;6;8;9,full_preactivation,1.0,,True,0.1,3282041.9896204863,2002378.0506667567,0.16390720965641947,default,,0.1,True,full,128,0.00,0.00,0.00,1.00,128,2000,16,200,200,0.0,0.0,0.001,1e-05,False,5,5.0,0.0,200,1.0,0.358010,4.0187,0.0150,4,0.348130,nan,models/chua_orig_nint128_bs16_sig0.0_lr1e-03-1e-05_tfp0_ramp200_hLR1_m20_p10_seed26_minsym5_cand5_reducedp3_full_sync_fullstate_ga0p1_v1_rseed0.pth
chua_orig_nint128_bs16_sig0.0_lr1e-03-1e-05_tfp0_ramp200_hLR1_m20_p10_seed24_minsym5_cand5_reducedp3_full_sync_fullstate_ga0p1_v1_rseed0,20,10,24,24,0,5,10,3,7,5,5,0;1;2;5;7;8;9,full_preactivation,1.0,,True,0.1,4059.347584587947,51.01959757037168,7.9564476748151165,default,,0.1,True,full,128,0.00,0.00,0.00,1.00,128,2000,16,200,200,0.0,0.0,0.001,1e-05,False,5,5.0,0.0,200,1.0,0.044472,1.1468,0.0145,4,0.025010,nan,models/chua_orig_nint128_bs16_sig0.0_lr1e-03-1e-05_tfp0_ramp200_hLR1_m20_p10_seed24_minsym5_cand5_reducedp3_full_sync_fullstate_ga0p1_v1_rseed0.pth
chua_orig_nint128_bs16_sig0.0_lr1e-03-1e-05_tfp0_ramp200_hLR1_m20_p10_seed25_minsym5_cand5_reducedp3_full_sync_fullstate_ga0p1_v1_rseed0,20,10,25,25,0,5,10,3,7,5,5,0;2;4;5;7;8;9,full_preactivation,1.0,,True,0.1,156561.2192594322,3114.8403437716515,5.0262999698359385,default,,0.1,True,full,128,0.00,0.00,0.00,1.00,128,2000,16,200,200,0.0,0.0,0.001,1e-05,False,5,5.0,0.0,200,1.0,0.025796,1.0940,0.0102,5,0.014270,nan,models/chua_orig_nint128_bs16_sig0.0_lr1e-03-1e-05_tfp0_ramp200_hLR1_m20_p10_seed25_minsym5_cand5_reducedp3_full_sync_fullstate_ga0p1_v1_rseed0.pth
chua_orig_nint128_bs16_sig0.0_lr1e-03-1e-05_tfp0_ramp200_hLR1_m20_p10_seed6_minsym5_cand6_reducedp4_full_sync_fullstate_ga0p1_v1_rseed0,20,10,6,6,0,6,10,4,6,5,5,0;2;4;5;7;9,full_preactivation,1.0,,True,0.1,145860.37948668582,3035.3299527193085,4.80542088533115,default,,0.1,True,full,128,0.00,0.00,0.00,1.00,128,2000,16,200,200,0.0,0.0,0.001,1e-05,False,5,5.0,0.0,200,1.0,0.254428,2.3918,0.0089,4,0.188922,nan,models/chua_orig_nint128_bs16_sig0.0_lr1e-03-1e-05_tfp0_ramp200_hLR1_m20_p10_seed6_minsym5_cand6_reducedp4_full_sync_fullstate_ga0p1_v1_rseed0.pth
chua_orig_nint128_bs16_sig0.0_lr1e-03-1e-05_tfp0_ramp200_hLR1_m20_p10_seed6_minsym5_cand9_reducedp4_full_sync_fullstate_ga0p1_v1_rseed0,20,10,6,6,0,9,10,4,6,5,5,1;2;4;7;8;9,full_preactivation,1.0,,True,0.1,7747.604855695727,72.61166112267128,10.669918214109845,default,,0.1,True,full,128,0.00,0.00,0.00,1.00,128,2000,16,200,200,0.0,0.0,0.001,1e-05,False,5,5.0,0.0,200,1.0,0.514057,2.1774,0.0080,3,0.247640,nan,models/chua_orig_nint128_bs16_sig0.0_lr1e-03-1e-05_tfp0_ramp200_hLR1_m20_p10_seed6_minsym5_cand9_reducedp4_full_sync_fullstate_ga0p1_v1_rseed0.pth
chua_orig_nint128_bs16_sig0.0_lr1e-03-1e-05_tfp0_ramp200_hLR1_m20_p10_seed6_minsym5_cand8_reducedp4_full_sync_fullstate_ga0p1_v1_rseed0,20,10,6,6,0,8,10,4,6,5,5,1;2;4;5;8;9,full_preactivation,1.0,,True,0.1,34807.5682718572,354.8451176148788,9.809228461650843,default,,0.1,True,full,128,0.00,0.00,0.00,1.00,128,2000,16,200,200,0.0,0.0,0.001,1e-05,False,5,5.0,0.0,200,1.0,0.055605,1.3165,0.0056,5,0.032886,nan,models/chua_orig_nint128_bs16_sig0.0_lr1e-03-1e-05_tfp0_ramp200_hLR1_m20_p10_seed6_minsym5_cand8_reducedp4_full_sync_fullstate_ga0p1_v1_rseed0.pth
chua_orig_nint128_bs16_sig0.0_lr1e-03-1e-05_tfp0_ramp200_hLR1_m20_p10_seed6_minsym5_cand7_reducedp4_full_sync_fullstate_ga0p1_v1_rseed0,20,10,6,6,0,7,10,4,6,5,5,0;4;5;7;8;9,full_preactivation,1.0,,True,0.1,82379.97509103775,1806.9870987364575,4.558968636170243,default,,0.1,True,full,128,0.00,0.00,0.00,1.00,128,2000,16,200,200,0.0,0.0,0.001,1e-05,False,5,5.0,0.0,200,1.0,0.035375,1.1952,0.0053,5,0.015664,nan,models/chua_orig_nint128_bs16_sig0.0_lr1e-03-1e-05_tfp0_ramp200_hLR1_m20_p10_seed6_minsym5_cand7_reducedp4_full_sync_fullstate_ga0p1_v1_rseed0.pth
chua_orig_nint128_bs16_sig0.0_lr1e-03-1e-05_tfp0_ramp200_hLR1_m20_p10_seed6_minsym5_cand11_reducedp4_full_sync_fullstate_ga0p1_v1_rseed0,20,10,6,6,0,11,10,4,6,5,5,2;4;5;7;8;9,full_preactivation,1.0,,True,0.1,46498.37476729698,1006.1567988669808,4.621384541619965,default,,0.1,True,full,128,0.00,0.00,0.00,1.00,128,2000,16,200,200,0.0,0.0,0.001,1e-05,False,5,5.0,0.0,200,1.0,0.161677,2.4123,0.0114,4,0.111364,nan,models/chua_orig_nint128_bs16_sig0.0_lr1e-03-1e-05_tfp0_ramp200_hLR1_m20_p10_seed6_minsym5_cand11_reducedp4_full_sync_fullstate_ga0p1_v1_rseed0.pth
chua_orig_nint128_bs16_sig0.0_lr1e-03-1e-05_tfp0_ramp200_hLR1_m20_p10_seed6_minsym5_cand10_reducedp4_full_sync_fullstate_ga0p1_v1_rseed0,20,10,6,6,0,10,10,4,6,5,5,1;2;5;7;8;9,full_preactivation,1.0,,True,0.1,34535.05144052923,356.22415236549534,9.694752927672141,default,,0.1,True,full,128,0.00,0.00,0.00,1.00,128,2000,16,200,200,0.0,0.0,0.001,1e-05,False,5,5.0,0.0,200,1.0,0.029854,1.2677,0.0086,4,0.010660,nan,models/chua_orig_nint128_bs16_sig0.0_lr1e-03-1e-05_tfp0_ramp200_hLR1_m20_p10_seed6_minsym5_cand10_reducedp4_full_sync_fullstate_ga0p1_v1_rseed0.pth
chua_orig_nint128_bs16_sig0.0_lr1e-03-1e-05_tfp0_ramp200_hLR1_m20_p10_seed10_minsym5_cand8_reducedp3_full_sync_fullstate_ga0p1_v1_rseed0,20,10,10,10,0,8,10,3,7,5,5,0;1;3;4;6;7;8,full_preactivation,1.0,,True,0.1,6354.538284761529,134.83709698969855,4.712752222221874,default,,0.1,True,full,128,0.00,0.00,0.00,1.00,128,2000,16,200,200,0.0,0.0,0.001,1e-05,False,5,5.0,0.0,200,1.0,0.029353,1.1483,0.0106,5,0.019636,nan,models/chua_orig_nint128_bs16_sig0.0_lr1e-03-1e-05_tfp0_ramp200_hLR1_m20_p10_seed10_minsym5_cand8_reducedp3_full_sync_fullstate_ga0p1_v1_rseed0.pth
chua_orig_nint128_bs16_sig0.0_lr1e-03-1e-05_tfp0_ramp200_hLR1_m20_p10_seed13_minsym5_cand6_reducedp3_full_sync_fullstate_ga0p1_v1_rseed0,20,10,13,13,0,6,10,3,7,5,5,1;2;3;5;7;8;9,full_preactivation,1.0,,True,0.1,307.32358095193194,2.794327124140935,10.998124675410114,default,,0.1,True,full,128,0.00,0.00,0.00,1.00,128,2000,16,200,200,0.0,0.0,0.001,1e-05,False,5,5.0,0.0,200,1.0,0.043923,1.2588,0.0080,7,0.013806,nan,models/chua_orig_nint128_bs16_sig0.0_lr1e-03-1e-05_tfp0_ramp200_hLR1_m20_p10_seed13_minsym5_cand6_reducedp3_full_sync_fullstate_ga0p1_v1_rseed0.pth
chua_orig_nint128_bs16_sig0.0_lr1e-03-1e-05_tfp0_ramp200_hLR1_m20_p10_seed10_minsym5_cand10_reducedp3_full_sync_fullstate_ga0p1_v1_rseed0,20,10,10,10,0,10,10,3,7,5,5,1;2;4;5;6;7;8,full_preactivation,1.0,,True,0.1,6840.27200208442,143.26568922369458,4.774536065927129,default,,0.1,True,full,128,0.00,0.00,0.00,1.00,128,2000,16,200,200,0.0,0.0,0.001,1e-05,False,5,5.0,0.0,200,1.0,0.034138,1.2088,0.0069,5,0.018258,nan,models/chua_orig_nint128_bs16_sig0.0_lr1e-03-1e-05_tfp0_ramp200_hLR1_m20_p10_seed10_minsym5_cand10_reducedp3_full_sync_fullstate_ga0p1_v1_rseed0.pth
chua_orig_nint128_bs16_sig0.0_lr1e-03-1e-05_tfp0_ramp200_hLR1_m20_p10_seed13_minsym5_cand7_reducedp3_full_sync_fullstate_ga0p1_v1_rseed0,20,10,13,13,0,7,10,3,7,5,5,2;3;5;6;7;8;9,full_preactivation,1.0,,True,0.1,273.2644195521328,2.7015014321207844,10.115279462854415,default,,0.1,True,full,128,0.00,0.00,0.00,1.00,128,2000,16,200,200,0.0,0.0,0.001,1e-05,False,5,5.0,0.0,200,1.0,0.045827,1.2515,0.0076,5,0.019447,nan,models/chua_orig_nint128_bs16_sig0.0_lr1e-03-1e-05_tfp0_ramp200_hLR1_m20_p10_seed13_minsym5_cand7_reducedp3_full_sync_fullstate_ga0p1_v1_rseed0.pth
chua_orig_nint128_bs16_sig0.0_lr1e-03-1e-05_tfp0_ramp200_hLR1_m20_p10_seed10_minsym5_cand11_reducedp3_full_sync_fullstate_ga0p1_v1_rseed0,20,10,10,10,0,11,10,3,7,5,5,1;3;4;5;6;7;8,full_preactivation,1.0,,True,0.1,6087.870584202657,129.54747399856618,4.699335615196936,default,,0.1,True,full,128,0.00,0.00,0.00,1.00,128,2000,16,200,200,0.0,0.0,0.001,1e-05,False,5,5.0,0.0,200,1.0,0.030828,1.1288,0.0133,5,0.017576,nan,models/chua_orig_nint128_bs16_sig0.0_lr1e-03-1e-05_tfp0_ramp200_hLR1_m20_p10_seed10_minsym5_cand11_reducedp3_full_sync_fullstate_ga0p1_v1_rseed0.pth
chua_orig_nint128_bs16_sig0.0_lr1e-03-1e-05_tfp0_ramp200_hLR1_m20_p10_seed18_minsym5_cand6_reducedp3_full_sync_fullstate_ga0p1_v1_rseed0,20,10,18,18,0,6,10,3,7,5,5,1;2;3;4;5;7;9,full_preactivation,1.0,,True,0.1,143877.99399491222,4206.016533268147,3.4207662489409314,default,,0.1,True,full,128,0.00,0.00,0.00,1.00,128,2000,16,200,200,0.0,0.0,0.001,1e-05,False,5,5.0,0.0,200,1.0,0.179100,1.5055,0.0159,3,0.063839,nan,models/chua_orig_nint128_bs16_sig0.0_lr1e-03-1e-05_tfp0_ramp200_hLR1_m20_p10_seed18_minsym5_cand6_reducedp3_full_sync_fullstate_ga0p1_v1_rseed0.pth
chua_orig_nint128_bs16_sig0.0_lr1e-03-1e-05_tfp0_ramp200_hLR1_m20_p10_seed11_minsym5_cand6_reducedp3_full_sync_fullstate_ga0p1_v1_rseed0,20,10,11,11,0,6,10,3,7,5,5,1;3;4;5;6;7;9,full_preactivation,1.0,,True,0.1,40779.36102981507,2881.847656289711,1.415042219210061,default,,0.1,True,full,128,0.00,0.00,0.00,1.00,128,2000,16,200,200,0.0,0.0,0.001,1e-05,False,5,5.0,0.0,200,1.0,0.027170,1.1756,0.0118,4,0.021897,nan,models/chua_orig_nint128_bs16_sig0.0_lr1e-03-1e-05_tfp0_ramp200_hLR1_m20_p10_seed11_minsym5_cand6_reducedp3_full_sync_fullstate_ga0p1_v1_rseed0.pth
chua_orig_nint128_bs16_sig0.0_lr1e-03-1e-05_tfp0_ramp200_hLR1_m20_p10_seed10_minsym5_cand7_reducedp3_full_sync_fullstate_ga0p1_v1_rseed0,20,10,10,10,0,7,10,3,7,5,5,0;1;3;4;5;7;8,full_preactivation,1.0,,True,0.1,3936.447176706427,86.7054598135239,4.540022260619387,default,,0.1,True,full,128,0.00,0.00,0.00,1.00,128,2000,16,200,200,0.0,0.0,0.001,1e-05,False,5,5.0,0.0,200,1.0,0.050563,1.2084,0.0087,5,0.031718,nan,models/chua_orig_nint128_bs16_sig0.0_lr1e-03-1e-05_tfp0_ramp200_hLR1_m20_p10_seed10_minsym5_cand7_reducedp3_full_sync_fullstate_ga0p1_v1_rseed0.pth
chua_orig_nint128_bs16_sig0.0_lr1e-03-1e-05_tfp0_ramp200_hLR1_m20_p10_seed10_minsym5_cand6_reducedp3_full_sync_fullstate_ga0p1_v1_rseed0,20,10,10,10,0,6,10,3,7,5,5,0;1;3;4;5;6;8,full_preactivation,1.0,,True,0.1,4630.515640158232,104.87045281865454,4.415462616687113,default,,0.1,True,full,128,0.00,0.00,0.00,1.00,128,2000,16,200,200,0.0,0.0,0.001,1e-05,False,5,5.0,0.0,200,1.0,0.041158,1.1550,0.0144,5,0.021889,nan,models/chua_orig_nint128_bs16_sig0.0_lr1e-03-1e-05_tfp0_ramp200_hLR1_m20_p10_seed10_minsym5_cand6_reducedp3_full_sync_fullstate_ga0p1_v1_rseed0.pth
chua_orig_nint128_bs16_sig0.0_lr1e-03-1e-05_tfp0_ramp200_hLR1_m20_p10_seed11_minsym5_cand7_reducedp3_full_sync_fullstate_ga0p1_v1_rseed0,20,10,11,11,0,7,10,3,7,5,5,3;4;5;6;7;8;9,full_preactivation,1.0,,True,0.1,4231.378882822951,54.365344433324466,7.783228317466804,default,,0.1,True,full,128,0.00,0.00,0.00,1.00,128,2000,16,200,200,0.0,0.0,0.001,1e-05,False,5,5.0,0.0,200,1.0,0.044995,1.2424,0.0075,5,0.019735,nan,models/chua_orig_nint128_bs16_sig0.0_lr1e-03-1e-05_tfp0_ramp200_hLR1_m20_p10_seed11_minsym5_cand7_reducedp3_full_sync_fullstate_ga0p1_v1_rseed0.pth
chua_orig_nint128_bs16_sig0.0_lr1e-03-1e-05_tfp0_ramp200_hLR1_m20_p10_seed15_minsym5_cand6_reducedp3_full_sync_fullstate_ga0p1_v1_rseed0,20,10,15,15,0,6,10,3,7,5,5,2;3;5;6;7;8;9,full_preactivation,1.0,,True,0.1,19513.023497141596,723.9120851534736,2.6954963036712796,default,,0.1,True,full,128,0.00,0.00,0.00,1.00,128,2000,16,200,200,0.0,0.0,0.001,1e-05,False,5,5.0,0.0,200,1.0,0.369821,2.9067,0.0140,4,0.281646,nan,models/chua_orig_nint128_bs16_sig0.0_lr1e-03-1e-05_tfp0_ramp200_hLR1_m20_p10_seed15_minsym5_cand6_reducedp3_full_sync_fullstate_ga0p1_v1_rseed0.pth
chua_orig_nint128_bs16_sig0.0_lr1e-03-1e-05_tfp0_ramp200_hLR1_m20_p10_seed10_minsym5_cand9_reducedp3_full_sync_fullstate_ga0p1_v1_rseed0,20,10,10,10,0,9,10,3,7,5,5,0;1;3;5;6;7;8,full_preactivation,1.0,,True,0.1,6248.648613900449,132.57900712591405,4.713150859521737,default,,0.1,True,full,128,0.00,0.00,0.00,1.00,128,2000,16,200,200,0.0,0.0,0.001,1e-05,False,5,5.0,0.0,200,1.0,0.028082,1.0971,0.0082,5,0.018513,nan,models/chua_orig_nint128_bs16_sig0.0_lr1e-03-1e-05_tfp0_ramp200_hLR1_m20_p10_seed10_minsym5_cand9_reducedp3_full_sync_fullstate_ga0p1_v1_rseed0.pth
chua_orig_nint128_bs16_sig0.0_lr1e-03-1e-05_tfp0_ramp200_hLR1_m20_p10_seed26_minsym5_cand7_reducedp3_full_sync_fullstate_ga0p1_v1_rseed0,20,10,26,26,0,7,10,3,7,5,5,1;4;5;6;7;8;9,full_preactivation,1.0,,True,0.1,11784263.579900783,370183.40773189714,3.1833581229646732,default,,0.1,True,full,128,0.00,0.00,0.00,1.00,128,2000,16,200,200,0.0,0.0,0.001,1e-05,False,5,5.0,0.0,200,1.0,0.157799,1.8879,0.0238,2,0.066806,nan,models/chua_orig_nint128_bs16_sig0.0_lr1e-03-1e-05_tfp0_ramp200_hLR1_m20_p10_seed26_minsym5_cand7_reducedp3_full_sync_fullstate_ga0p1_v1_rseed0.pth
chua_orig_nint128_bs16_sig0.0_lr1e-03-1e-05_tfp0_ramp200_hLR1_m20_p10_seed22_minsym5_cand7_reducedp4_full_sync_fullstate_ga0p1_v1_rseed0,20,10,22,22,0,7,10,4,6,5,5,1;2;3;5;7;9,full_preactivation,1.0,,True,0.1,3485.982886862757,92.69128830023786,3.760852773532736,default,,0.1,True,full,128,0.00,0.00,0.00,1.00,128,2000,16,200,200,0.0,0.0,0.001,1e-05,False,5,5.0,0.0,200,1.0,0.054443,1.1330,0.0075,5,0.036028,nan,models/chua_orig_nint128_bs16_sig0.0_lr1e-03-1e-05_tfp0_ramp200_hLR1_m20_p10_seed22_minsym5_cand7_reducedp4_full_sync_fullstate_ga0p1_v1_rseed0.pth
chua_orig_nint128_bs16_sig0.0_lr1e-03-1e-05_tfp0_ramp200_hLR1_m20_p10_seed24_minsym5_cand6_reducedp3_full_sync_fullstate_ga0p1_v1_rseed0,20,10,24,24,0,6,10,3,7,5,5,0;2;3;5;6;7;9,full_preactivation,1.0,,True,0.1,12191.376850052664,165.147095188854,7.382132175023205,default,,0.1,True,full,128,0.00,0.00,0.00,1.00,128,2000,16,200,200,0.0,0.0,0.001,1e-05,False,5,5.0,0.0,200,1.0,0.062208,1.3318,0.0124,5,0.022631,nan,models/chua_orig_nint128_bs16_sig0.0_lr1e-03-1e-05_tfp0_ramp200_hLR1_m20_p10_seed24_minsym5_cand6_reducedp3_full_sync_fullstate_ga0p1_v1_rseed0.pth
chua_orig_nint128_bs16_sig0.0_lr1e-03-1e-05_tfp0_ramp200_hLR1_m20_p10_seed26_minsym5_cand8_reducedp3_full_sync_fullstate_ga0p1_v1_rseed0,20,10,26,26,0,8,10,3,7,5,5,2;3;4;5;6;8;9,full_preactivation,1.0,,True,0.1,2466489.381864029,1484162.061274981,0.16618733534700195,default,,0.1,True,full,128,0.00,0.00,0.00,1.00,128,2000,16,200,200,0.0,0.0,0.001,1e-05,False,5,5.0,0.0,200,1.0,0.067171,2.1134,0.0129,4,0.049997,nan,models/chua_orig_nint128_bs16_sig0.0_lr1e-03-1e-05_tfp0_ramp200_hLR1_m20_p10_seed26_minsym5_cand8_reducedp3_full_sync_fullstate_ga0p1_v1_rseed0.pth
chua_orig_nint128_bs16_sig0.0_lr1e-03-1e-05_tfp0_ramp200_hLR1_m20_p10_seed24_minsym5_cand7_reducedp3_full_sync_fullstate_ga0p1_v1_rseed0,20,10,24,24,0,7,10,3,7,5,5,0;2;3;5;7;8;9,full_preactivation,1.0,,True,0.1,4229.80334944782,53.36461272106395,7.9262326357671915,default,,0.1,True,full,128,0.00,0.00,0.00,1.00,128,2000,16,200,200,0.0,0.0,0.001,1e-05,False,5,5.0,0.0,200,1.0,0.070990,1.2810,0.0097,5,0.030194,nan,models/chua_orig_nint128_bs16_sig0.0_lr1e-03-1e-05_tfp0_ramp200_hLR1_m20_p10_seed24_minsym5_cand7_reducedp3_full_sync_fullstate_ga0p1_v1_rseed0.pth
chua_orig_nint128_bs16_sig0.0_lr1e-03-1e-05_tfp0_ramp200_hLR1_m20_p10_seed22_minsym5_cand6_reducedp4_full_sync_fullstate_ga0p1_v1_rseed0,20,10,22,22,0,6,10,4,6,5,5,1;2;3;4;7;9,full_preactivation,1.0,,True,0.1,3796.2032389283377,101.3015689589019,3.747427880873614,default,,0.1,True,full,128,0.00,0.00,0.00,1.00,128,2000,16,200,200,0.0,0.0,0.001,1e-05,False,5,5.0,0.0,200,1.0,0.046641,1.1710,0.0084,5,0.030555,nan,models/chua_orig_nint128_bs16_sig0.0_lr1e-03-1e-05_tfp0_ramp200_hLR1_m20_p10_seed22_minsym5_cand6_reducedp4_full_sync_fullstate_ga0p1_v1_rseed0.pth
chua_orig_nint128_bs16_sig0.0_lr1e-03-1e-05_tfp0_ramp200_hLR1_m20_p10_seed18_minsym5_cand7_reducedp3_full_sync_fullstate_ga0p1_v1_rseed0,20,10,18,18,0,7,10,3,7,5,5,1;2;3;4;6;7;9,full_preactivation,1.0,,True,0.1,157226.10065761983,3423.8450527604928,4.592091588106635,default,,0.1,True,full,128,0.00,0.00,0.00,1.00,128,2000,16,200,200,0.0,0.0,0.001,1e-05,False,5,5.0,0.0,200,1.0,0.041610,1.0892,0.0101,5,0.028497,nan,models/chua_orig_nint128_bs16_sig0.0_lr1e-03-1e-05_tfp0_ramp200_hLR1_m20_p10_seed18_minsym5_cand7_reducedp3_full_sync_fullstate_ga0p1_v1_rseed0.pth
chua_orig_nint128_bs16_sig0.0_lr1e-03-1e-05_tfp0_ramp200_hLR1_m20_p10_seed26_minsym5_cand6_reducedp3_full_sync_fullstate_ga0p1_v1_rseed0,20,10,26,26,0,6,10,3,7,5,5,1;2;4;5;7;8;9,full_preactivation,1.0,,True,0.1,16011915.3564108,561934.7418339606,2.8494261280506428,default,,0.1,True,full,128,0.00,0.00,0.00,1.00,128,2000,16,200,200,0.0,0.0,0.001,1e-05,False,5,5.0,0.0,200,1.0,0.017220,1.0557,0.0170,5,0.009945,nan,models/chua_orig_nint128_bs16_sig0.0_lr1e-03-1e-05_tfp0_ramp200_hLR1_m20_p10_seed26_minsym5_cand6_reducedp3_full_sync_fullstate_ga0p1_v1_rseed0.pth
chua_orig_nint128_bs16_sig0.0_lr1e-03-1e-05_tfp0_ramp200_hLR1_m20_p10_seed25_minsym5_cand7_reducedp3_full_sync_fullstate_ga0p1_v1_rseed0,20,10,25,25,0,7,10,3,7,5,5,1;2;3;4;7;8;9,full_preactivation,1.0,,True,0.1,18373.84131040649,208.82645997804707,8.798617432071566,default,,0.1,True,full,128,0.00,0.00,0.00,1.00,128,2000,16,200,200,0.0,0.0,0.001,1e-05,False,5,5.0,0.0,200,1.0,0.040598,1.2021,0.0109,4,0.023330,nan,models/chua_orig_nint128_bs16_sig0.0_lr1e-03-1e-05_tfp0_ramp200_hLR1_m20_p10_seed25_minsym5_cand7_reducedp3_full_sync_fullstate_ga0p1_v1_rseed0.pth
chua_orig_nint128_bs16_sig0.0_lr1e-03-1e-05_tfp0_ramp200_hLR1_m20_p10_seed25_minsym5_cand6_reducedp3_full_sync_fullstate_ga0p1_v1_rseed0,20,10,25,25,0,6,10,3,7,5,5,1;2;3;4;5;7;8,full_preactivation,1.0,,True,0.1,14552.972574357447,223.361466657966,6.515435626433447,default,,0.1,True,full,128,0.00,0.00,0.00,1.00,128,2000,16,200,200,0.0,0.0,0.001,1e-05,False,5,5.0,0.0,200,1.0,0.031013,1.1276,0.0090,5,0.020147,nan,models/chua_orig_nint128_bs16_sig0.0_lr1e-03-1e-05_tfp0_ramp200_hLR1_m20_p10_seed25_minsym5_cand6_reducedp3_full_sync_fullstate_ga0p1_v1_rseed0.pth
chua_orig_nint128_bs16_sig0.0_lr1e-03-1e-05_tfp0_ramp200_hLR1_m20_p10_seed25_minsym5_cand8_reducedp3_full_sync_fullstate_ga0p1_v1_rseed0,20,10,25,25,0,8,10,3,7,5,5,2;3;4;5;7;8;9,full_preactivation,1.0,,True,0.1,14046.363426168355,173.75756696511584,8.083885882787637,default,,0.1,True,full,128,0.00,0.00,0.00,1.00,128,2000,16,200,200,0.0,0.0,0.001,1e-05,False,5,5.0,0.0,200,1.0,0.031574,1.1619,0.0070,5,0.016897,nan,models/chua_orig_nint128_bs16_sig0.0_lr1e-03-1e-05_tfp0_ramp200_hLR1_m20_p10_seed25_minsym5_cand8_reducedp3_full_sync_fullstate_ga0p1_v1_rseed0.pth
chua_orig_nint128_bs16_sig0.0_lr1e-03-1e-05_tfp0_ramp200_hLR1_m20_p10_seed6_minsym5_cand4_reducedp4_noguide_sync_readout_v1_rseed0,20,10,6,6,0,4,10,4,6,5,5,0;1;4;7;8;9,retained_preactivation,0.0,,False,0.1,,,0.0,default,,0.1,False,readout,128,0.00,0.00,0.00,1.00,128,2000,16,200,200,0.0,0.0,0.001,1e-05,False,5,5.0,0.0,200,1.0,0.019404,1.1464,0.0107,5,0.019404,nan,models/chua_orig_nint128_bs16_sig0.0_lr1e-03-1e-05_tfp0_ramp200_hLR1_m20_p10_seed6_minsym5_cand4_reducedp4_noguide_sync_readout_v1_rseed0.pth
chua_orig_nint128_bs16_sig0.0_lr1e-03-1e-05_tfp0_ramp200_hLR1_m20_p10_seed9_minsym5_cand3_reducedp3_noguide_sync_readout_v1_rseed0,20,10,9,9,0,3,10,3,7,5,5,1;2;3;5;6;7;8,retained_preactivation,0.0,,False,0.1,,,0.0,default,,0.1,False,readout,128,0.00,0.00,0.00,1.00,128,2000,16,200,200,0.0,0.0,0.001,1e-05,False,5,5.0,0.0,200,1.0,0.154769,3.1993,0.0205,2,0.154769,nan,models/chua_orig_nint128_bs16_sig0.0_lr1e-03-1e-05_tfp0_ramp200_hLR1_m20_p10_seed9_minsym5_cand3_reducedp3_noguide_sync_readout_v1_rseed0.pth
chua_orig_nint128_bs16_sig0.0_lr1e-03-1e-05_tfp0_ramp200_hLR1_m20_p10_seed11_minsym5_cand2_reducedp3_noguide_sync_readout_v1_rseed0,20,10,11,11,0,2,10,3,7,5,5,0;1;4;5;6;7;9,retained_preactivation,0.0,,False,0.1,,,0.0,default,,0.1,False,readout,128,0.00,0.00,0.00,1.00,128,2000,16,200,200,0.0,0.0,0.001,1e-05,False,5,5.0,0.0,200,1.0,0.021694,1.0489,0.0142,5,0.021694,nan,models/chua_orig_nint128_bs16_sig0.0_lr1e-03-1e-05_tfp0_ramp200_hLR1_m20_p10_seed11_minsym5_cand2_reducedp3_noguide_sync_readout_v1_rseed0.pth
chua_orig_nint128_bs16_sig0.0_lr1e-03-1e-05_tfp0_ramp200_hLR1_m20_p10_seed10_minsym5_cand7_reducedp3_noguide_sync_readout_v1_rseed0,20,10,10,10,0,7,10,3,7,5,5,0;1;3;4;5;7;8,retained_preactivation,0.0,,False,0.1,,,0.0,default,,0.1,False,readout,128,0.00,0.00,0.00,1.00,128,2000,16,200,200,0.0,0.0,0.001,1e-05,False,5,5.0,0.0,200,1.0,0.295654,5.2463,0.0109,1,0.295654,nan,models/chua_orig_nint128_bs16_sig0.0_lr1e-03-1e-05_tfp0_ramp200_hLR1_m20_p10_seed10_minsym5_cand7_reducedp3_noguide_sync_readout_v1_rseed0.pth
chua_orig_nint128_bs16_sig0.0_lr1e-03-1e-05_tfp0_ramp200_hLR1_m20_p10_seed11_minsym5_cand6_reducedp3_noguide_sync_readout_v1_rseed0,20,10,11,11,0,6,10,3,7,5,5,1;3;4;5;6;7;9,retained_preactivation,0.0,,False,0.1,,,0.0,default,,0.1,False,readout,128,0.00,0.00,0.00,1.00,128,2000,16,200,200,0.0,0.0,0.001,1e-05,False,5,5.0,0.0,200,1.0,0.847428,7.4744,0.0436,1,0.847428,nan,models/chua_orig_nint128_bs16_sig0.0_lr1e-03-1e-05_tfp0_ramp200_hLR1_m20_p10_seed11_minsym5_cand6_reducedp3_noguide_sync_readout_v1_rseed0.pth
chua_orig_nint128_bs16_sig0.0_lr1e-03-1e-05_tfp0_ramp200_hLR1_m20_p10_seed10_minsym5_cand6_reducedp3_noguide_sync_readout_v1_rseed0,20,10,10,10,0,6,10,3,7,5,5,0;1;3;4;5;6;8,retained_preactivation,0.0,,False,0.1,,,0.0,default,,0.1,False,readout,128,0.00,0.00,0.00,1.00,128,2000,16,200,200,0.0,0.0,0.001,1e-05,False,5,5.0,0.0,200,1.0,0.448107,6.8903,0.0252,2,0.448107,nan,models/chua_orig_nint128_bs16_sig0.0_lr1e-03-1e-05_tfp0_ramp200_hLR1_m20_p10_seed10_minsym5_cand6_reducedp3_noguide_sync_readout_v1_rseed0.pth
chua_orig_nint128_bs16_sig0.0_lr1e-03-1e-05_tfp0_ramp200_hLR1_m20_p10_seed13_minsym5_cand6_reducedp3_noguide_sync_readout_v1_rseed0,20,10,13,13,0,6,10,3,7,5,5,1;2;3;5;7;8;9,retained_preactivation,0.0,,False,0.1,,,0.0,default,,0.1,False,readout,128,0.00,0.00,0.00,1.00,128,2000,16,200,200,0.0,0.0,0.001,1e-05,False,5,5.0,0.0,200,1.0,0.011934,1.1358,0.0123,5,0.011934,nan,models/chua_orig_nint128_bs16_sig0.0_lr1e-03-1e-05_tfp0_ramp200_hLR1_m20_p10_seed13_minsym5_cand6_reducedp3_noguide_sync_readout_v1_rseed0.pth
chua_orig_nint128_bs16_sig0.0_lr1e-03-1e-05_tfp0_ramp200_hLR1_m20_p10_seed13_minsym5_cand5_reducedp3_noguide_sync_readout_v1_rseed0,20,10,13,13,0,5,10,3,7,5,5,0;3;5;6;7;8;9,retained_preactivation,0.0,,False,0.1,,,0.0,default,,0.1,False,readout,128,0.00,0.00,0.00,1.00,128,2000,16,200,200,0.0,0.0,0.001,1e-05,False,5,5.0,0.0,200,1.0,1267238.625000,1.8592,0.0131,4,1267238.625000,nan,models/chua_orig_nint128_bs16_sig0.0_lr1e-03-1e-05_tfp0_ramp200_hLR1_m20_p10_seed13_minsym5_cand5_reducedp3_noguide_sync_readout_v1_rseed0.pth
chua_orig_nint128_bs16_sig0.0_lr1e-03-1e-05_tfp0_ramp200_hLR1_m20_p10_seed10_minsym5_cand3_reducedp3_noguide_sync_readout_v1_rseed0,20,10,10,10,0,3,10,3,7,5,5,0;1;2;4;6;7;8,retained_preactivation,0.0,,False,0.1,,,0.0,default,,0.1,False,readout,128,0.00,0.00,0.00,1.00,128,2000,16,200,200,0.0,0.0,0.001,1e-05,False,5,5.0,0.0,200,1.0,0.242985,7.5037,0.0283,3,0.242985,nan,models/chua_orig_nint128_bs16_sig0.0_lr1e-03-1e-05_tfp0_ramp200_hLR1_m20_p10_seed10_minsym5_cand3_reducedp3_noguide_sync_readout_v1_rseed0.pth
chua_orig_nint128_bs16_sig0.0_lr1e-03-1e-05_tfp0_ramp200_hLR1_m20_p10_seed13_minsym5_cand4_reducedp3_noguide_sync_readout_v1_rseed0,20,10,13,13,0,4,10,3,7,5,5,0;2;5;6;7;8;9,retained_preactivation,0.0,,False,0.1,,,0.0,default,,0.1,False,readout,128,0.00,0.00,0.00,1.00,128,2000,16,200,200,0.0,0.0,0.001,1e-05,False,5,5.0,0.0,200,1.0,0.192297,5.2468,0.0140,1,0.192297,nan,models/chua_orig_nint128_bs16_sig0.0_lr1e-03-1e-05_tfp0_ramp200_hLR1_m20_p10_seed13_minsym5_cand4_reducedp3_noguide_sync_readout_v1_rseed0.pth
chua_orig_nint128_bs16_sig0.0_lr1e-03-1e-05_tfp0_ramp200_hLR1_m20_p10_seed10_minsym5_cand8_reducedp3_noguide_sync_readout_v1_rseed0,20,10,10,10,0,8,10,3,7,5,5,0;1;3;4;6;7;8,retained_preactivation,0.0,,False,0.1,,,0.0,default,,0.1,False,readout,128,0.00,0.00,0.00,1.00,128,2000,16,200,200,0.0,0.0,0.001,1e-05,False,5,5.0,0.0,200,1.0,0.099220,1.9015,0.0084,2,0.099220,nan,models/chua_orig_nint128_bs16_sig0.0_lr1e-03-1e-05_tfp0_ramp200_hLR1_m20_p10_seed10_minsym5_cand8_reducedp3_noguide_sync_readout_v1_rseed0.pth
chua_orig_nint128_bs16_sig0.0_lr1e-03-1e-05_tfp0_ramp200_hLR1_m20_p10_seed11_minsym5_cand3_reducedp3_noguide_sync_readout_v1_rseed0,20,10,11,11,0,3,10,3,7,5,5,0;3;4;5;6;8;9,retained_preactivation,0.0,,False,0.1,,,0.0,default,,0.1,False,readout,128,0.00,0.00,0.00,1.00,128,2000,16,200,200,0.0,0.0,0.001,1e-05,False,5,5.0,0.0,200,1.0,0.253568,4.9237,0.0232,2,0.253568,nan,models/chua_orig_nint128_bs16_sig0.0_lr1e-03-1e-05_tfp0_ramp200_hLR1_m20_p10_seed11_minsym5_cand3_reducedp3_noguide_sync_readout_v1_rseed0.pth
chua_orig_nint128_bs16_sig0.0_lr1e-03-1e-05_tfp0_ramp200_hLR1_m20_p10_seed13_minsym5_cand3_reducedp3_noguide_sync_readout_v1_rseed0,20,10,13,13,0,3,10,3,7,5,5,0;2;3;5;6;7;8,retained_preactivation,0.0,,False,0.1,,,0.0,default,,0.1,False,readout,128,0.00,0.00,0.00,1.00,128,2000,16,200,200,0.0,0.0,0.001,1e-05,False,5,5.0,0.0,200,1.0,0.151317,2.3281,0.0164,4,0.151317,nan,models/chua_orig_nint128_bs16_sig0.0_lr1e-03-1e-05_tfp0_ramp200_hLR1_m20_p10_seed13_minsym5_cand3_reducedp3_noguide_sync_readout_v1_rseed0.pth
chua_orig_nint128_bs16_sig0.0_lr1e-03-1e-05_tfp0_ramp200_hLR1_m20_p10_seed6_minsym5_cand6_reducedp4_noguide_sync_readout_v1_rseed0,20,10,6,6,0,6,10,4,6,5,5,0;2;4;5;7;9,retained_preactivation,0.0,,False,0.1,,,0.0,default,,0.1,False,readout,128,0.00,0.00,0.00,1.00,128,2000,16,200,200,0.0,0.0,0.001,1e-05,False,5,5.0,0.0,200,1.0,0.004411,1.2803,0.0042,5,0.004411,nan,models/chua_orig_nint128_bs16_sig0.0_lr1e-03-1e-05_tfp0_ramp200_hLR1_m20_p10_seed6_minsym5_cand6_reducedp4_noguide_sync_readout_v1_rseed0.pth
chua_orig_nint128_bs16_sig0.0_lr1e-03-1e-05_tfp0_ramp200_hLR1_m20_p10_seed6_minsym5_cand7_reducedp4_noguide_sync_readout_v1_rseed0,20,10,6,6,0,7,10,4,6,5,5,0;4;5;7;8;9,retained_preactivation,0.0,,False,0.1,,,0.0,default,,0.1,False,readout,128,0.00,0.00,0.00,1.00,128,2000,16,200,200,0.0,0.0,0.001,1e-05,False,5,5.0,0.0,200,1.0,0.012142,1.0720,0.0138,5,0.012142,nan,models/chua_orig_nint128_bs16_sig0.0_lr1e-03-1e-05_tfp0_ramp200_hLR1_m20_p10_seed6_minsym5_cand7_reducedp4_noguide_sync_readout_v1_rseed0.pth
chua_orig_nint128_bs16_sig0.0_lr1e-03-1e-05_tfp0_ramp200_hLR1_m20_p10_seed15_minsym5_cand3_reducedp3_noguide_sync_readout_v1_rseed0,20,10,15,15,0,3,10,3,7,5,5,0;2;3;5;7;8;9,retained_preactivation,0.0,,False,0.1,,,0.0,default,,0.1,False,readout,128,0.00,0.00,0.00,1.00,128,2000,16,200,200,0.0,0.0,0.001,1e-05,False,5,5.0,0.0,200,1.0,0.016664,1.1568,0.0117,5,0.016664,nan,models/chua_orig_nint128_bs16_sig0.0_lr1e-03-1e-05_tfp0_ramp200_hLR1_m20_p10_seed15_minsym5_cand3_reducedp3_noguide_sync_readout_v1_rseed0.pth
chua_orig_nint128_bs16_sig0.0_lr1e-03-1e-05_tfp0_ramp200_hLR1_m20_p10_seed11_minsym5_cand7_reducedp3_noguide_sync_readout_v1_rseed0,20,10,11,11,0,7,10,3,7,5,5,3;4;5;6;7;8;9,retained_preactivation,0.0,,False,0.1,,,0.0,default,,0.1,False,readout,128,0.00,0.00,0.00,1.00,128,2000,16,200,200,0.0,0.0,0.001,1e-05,False,5,5.0,0.0,200,1.0,0.238227,7.7088,0.0774,1,0.238227,nan,models/chua_orig_nint128_bs16_sig0.0_lr1e-03-1e-05_tfp0_ramp200_hLR1_m20_p10_seed11_minsym5_cand7_reducedp3_noguide_sync_readout_v1_rseed0.pth
chua_orig_nint128_bs16_sig0.0_lr1e-03-1e-05_tfp0_ramp200_hLR1_m20_p10_seed10_minsym5_cand4_reducedp3_noguide_sync_readout_v1_rseed0,20,10,10,10,0,4,10,3,7,5,5,0;1;2;5;6;7;8,retained_preactivation,0.0,,False,0.1,,,0.0,default,,0.1,False,readout,128,0.00,0.00,0.00,1.00,128,2000,16,200,200,0.0,0.0,0.001,1e-05,False,5,5.0,0.0,200,1.0,0.386970,7.2776,0.0309,1,0.386970,nan,models/chua_orig_nint128_bs16_sig0.0_lr1e-03-1e-05_tfp0_ramp200_hLR1_m20_p10_seed10_minsym5_cand4_reducedp3_noguide_sync_readout_v1_rseed0.pth
chua_orig_nint128_bs16_sig0.0_lr1e-03-1e-05_tfp0_ramp200_hLR1_m20_p10_seed6_minsym5_cand8_reducedp4_noguide_sync_readout_v1_rseed0,20,10,6,6,0,8,10,4,6,5,5,1;2;4;5;8;9,retained_preactivation,0.0,,False,0.1,,,0.0,default,,0.1,False,readout,128,0.00,0.00,0.00,1.00,128,2000,16,200,200,0.0,0.0,0.001,1e-05,False,5,5.0,0.0,200,1.0,0.053180,1.5640,0.0087,6,0.053180,nan,models/chua_orig_nint128_bs16_sig0.0_lr1e-03-1e-05_tfp0_ramp200_hLR1_m20_p10_seed6_minsym5_cand8_reducedp4_noguide_sync_readout_v1_rseed0.pth
chua_orig_nint128_bs16_sig0.0_lr1e-03-1e-05_tfp0_ramp200_hLR1_m20_p10_seed6_minsym5_cand5_reducedp4_noguide_sync_readout_v1_rseed0,20,10,6,6,0,5,10,4,6,5,5,0;1;5;7;8;9,retained_preactivation,0.0,,False,0.1,,,0.0,default,,0.1,False,readout,128,0.00,0.00,0.00,1.00,128,2000,16,200,200,0.0,0.0,0.001,1e-05,False,5,5.0,0.0,200,1.0,0.008834,1.0990,0.0090,5,0.008834,nan,models/chua_orig_nint128_bs16_sig0.0_lr1e-03-1e-05_tfp0_ramp200_hLR1_m20_p10_seed6_minsym5_cand5_reducedp4_noguide_sync_readout_v1_rseed0.pth
chua_orig_nint128_bs16_sig0.0_lr1e-03-1e-05_tfp0_ramp200_hLR1_m20_p10_seed15_minsym5_cand2_reducedp3_noguide_sync_readout_v1_rseed0,20,10,15,15,0,2,10,3,7,5,5,0;2;3;5;6;8;9,retained_preactivation,0.0,,False,0.1,,,0.0,default,,0.1,False,readout,128,0.00,0.00,0.00,1.00,128,2000,16,200,200,0.0,0.0,0.001,1e-05,False,5,5.0,0.0,200,1.0,0.018799,1.0912,0.0089,5,0.018799,nan,models/chua_orig_nint128_bs16_sig0.0_lr1e-03-1e-05_tfp0_ramp200_hLR1_m20_p10_seed15_minsym5_cand2_reducedp3_noguide_sync_readout_v1_rseed0.pth
chua_orig_nint128_bs16_sig0.0_lr1e-03-1e-05_tfp0_ramp200_hLR1_m20_p10_seed14_minsym5_cand3_reducedp3_noguide_sync_readout_v1_rseed0,20,10,14,14,0,3,10,3,7,5,5,0;1;5;6;7;8;9,retained_preactivation,0.0,,False,0.1,,,0.0,default,,0.1,False,readout,128,0.00,0.00,0.00,1.00,128,2000,16,200,200,0.0,0.0,0.001,1e-05,False,5,5.0,0.0,200,1.0,0.012479,1.1187,0.0181,5,0.012479,nan,models/chua_orig_nint128_bs16_sig0.0_lr1e-03-1e-05_tfp0_ramp200_hLR1_m20_p10_seed14_minsym5_cand3_reducedp3_noguide_sync_readout_v1_rseed0.pth
chua_orig_nint128_bs16_sig0.0_lr1e-03-1e-05_tfp0_ramp200_hLR1_m20_p10_seed6_minsym5_cand9_reducedp4_noguide_sync_readout_v1_rseed0,20,10,6,6,0,9,10,4,6,5,5,1;2;4;7;8;9,retained_preactivation,0.0,,False,0.1,,,0.0,default,,0.1,False,readout,128,0.00,0.00,0.00,1.00,128,2000,16,200,200,0.0,0.0,0.001,1e-05,False,5,5.0,0.0,200,1.0,0.217632,2.2752,0.0068,4,0.217632,nan,models/chua_orig_nint128_bs16_sig0.0_lr1e-03-1e-05_tfp0_ramp200_hLR1_m20_p10_seed6_minsym5_cand9_reducedp4_noguide_sync_readout_v1_rseed0.pth
chua_orig_nint128_bs16_sig0.0_lr1e-03-1e-05_tfp0_ramp200_hLR1_m20_p10_seed14_minsym5_cand4_reducedp3_noguide_sync_readout_v1_rseed0,20,10,14,14,0,4,10,3,7,5,5,0;2;5;6;7;8;9,retained_preactivation,0.0,,False,0.1,,,0.0,default,,0.1,False,readout,128,0.00,0.00,0.00,1.00,128,2000,16,200,200,0.0,0.0,0.001,1e-05,False,5,5.0,0.0,200,1.0,0.236930,3.2956,0.0273,1,0.236930,nan,models/chua_orig_nint128_bs16_sig0.0_lr1e-03-1e-05_tfp0_ramp200_hLR1_m20_p10_seed14_minsym5_cand4_reducedp3_noguide_sync_readout_v1_rseed0.pth
chua_orig_nint128_bs16_sig0.0_lr1e-03-1e-05_tfp0_ramp200_hLR1_m20_p10_seed10_minsym5_cand5_reducedp3_noguide_sync_readout_v1_rseed0,20,10,10,10,0,5,10,3,7,5,5,0;1;3;4;5;6;7,retained_preactivation,0.0,,False,0.1,,,0.0,default,,0.1,False,readout,128,0.00,0.00,0.00,1.00,128,2000,16,200,200,0.0,0.0,0.001,1e-05,False,5,5.0,0.0,200,1.0,0.298571,2.3869,0.0092,2,0.298571,nan,models/chua_orig_nint128_bs16_sig0.0_lr1e-03-1e-05_tfp0_ramp200_hLR1_m20_p10_seed10_minsym5_cand5_reducedp3_noguide_sync_readout_v1_rseed0.pth
chua_orig_nint128_bs16_sig0.0_lr1e-03-1e-05_tfp0_ramp200_hLR1_m20_p10_seed11_minsym5_cand4_reducedp3_noguide_sync_readout_v1_rseed0,20,10,11,11,0,4,10,3,7,5,5,0;3;5;6;7;8;9,retained_preactivation,0.0,,False,0.1,,,0.0,default,,0.1,False,readout,128,0.00,0.00,0.00,1.00,128,2000,16,200,200,0.0,0.0,0.001,1e-05,False,5,5.0,0.0,200,1.0,0.020552,1.0862,0.0084,3,0.020552,nan,models/chua_orig_nint128_bs16_sig0.0_lr1e-03-1e-05_tfp0_ramp200_hLR1_m20_p10_seed11_minsym5_cand4_reducedp3_noguide_sync_readout_v1_rseed0.pth
chua_orig_nint128_bs16_sig0.0_lr1e-03-1e-05_tfp0_ramp200_hLR1_m20_p10_seed13_minsym5_cand7_reducedp3_noguide_sync_readout_v1_rseed0,20,10,13,13,0,7,10,3,7,5,5,2;3;5;6;7;8;9,retained_preactivation,0.0,,False,0.1,,,0.0,default,,0.1,False,readout,128,0.00,0.00,0.00,1.00,128,2000,16,200,200,0.0,0.0,0.001,1e-05,False,5,5.0,0.0,200,1.0,0.011596,1.0527,0.0110,4,0.011596,nan,models/chua_orig_nint128_bs16_sig0.0_lr1e-03-1e-05_tfp0_ramp200_hLR1_m20_p10_seed13_minsym5_cand7_reducedp3_noguide_sync_readout_v1_rseed0.pth
chua_orig_nint128_bs16_sig0.0_lr1e-03-1e-05_tfp0_ramp200_hLR1_m20_p10_seed11_minsym5_cand5_reducedp3_noguide_sync_readout_v1_rseed0,20,10,11,11,0,5,10,3,7,5,5,0;4;5;6;7;8;9,retained_preactivation,0.0,,False,0.1,,,0.0,default,,0.1,False,readout,128,0.00,0.00,0.00,1.00,128,2000,16,200,200,0.0,0.0,0.001,1e-05,False,5,5.0,0.0,200,1.0,0.313887,6.2007,0.0713,1,0.313887,nan,models/chua_orig_nint128_bs16_sig0.0_lr1e-03-1e-05_tfp0_ramp200_hLR1_m20_p10_seed11_minsym5_cand5_reducedp3_noguide_sync_readout_v1_rseed0.pth
