tag,M,P,seed,source_seed,retrain_seed,candidate_id,P_original,P_effective,num_deleted,num_clusters,minimal_num_clusters,deleted_set_str,distill_mode,distill_lambda,symbol_margin,distill_auto_lambda,distill_grad_ratio_alpha,grad_norm_out_initial,grad_norm_aux_initial,distill_lambda_effective,weighting_scheme,lambda_formula,alpha,auto_lambda_enabled,sync_scope,sync_interval,r_anchor,r_local,r_bridge,r_long,n_interleave,num_epochs,batch_episodes,segment_len,max_bridge_len,input_sigma,state_sigma,lr_start,lr_end,lr_fixed,target_fp_count,fp_count_weight,lambda_target_fp_residual,target_fp_residual_ramp_epochs,fp_hidden_lr_mult,final_loss,best_Dstsp,best_DH,final_vis_fps,final_traj_loss,final_target_fp_residual,ckpt,condition,is_baseline,run_status,Q_vis,n_posttransient_symbols,E_stsp
chua_orig_nint128_bs16_sig0.0_lr1e-03-1e-05_tfp0_ramp200_hLR1_m20_p10_seed0_minsym5_cand0_reducedp3_retained_coordeq_fixed_syncrr_v1_rseed0,20,10,0,0,0,0,10,3,7,5,5,0;1;3;4;5;7;9,retained_preactivation,1.0,,False,0.1,,,1.0,coord_equal_fixed,P_eff / N,0.1,False,readout_retained,128,0.00,0.00,0.00,1.00,128,2000,16,200,200,0.0,0.0,0.001,1e-05,False,5,5.0,0.0,200,1.0,0.015010,1.1611,0.0066,5,0.008602,nan,models/chua_orig_nint128_bs16_sig0.0_lr1e-03-1e-05_tfp0_ramp200_hLR1_m20_p10_seed0_minsym5_cand0_reducedp3_retained_coordeq_fixed_syncrr_v1_rseed0.pth,retained_coordeq_fixed_syncrr_v1,False,completed,5,5,1.161143
chua_orig_nint128_bs16_sig0.0_lr1e-03-1e-05_tfp0_ramp200_hLR1_m20_p10_seed2_minsym5_cand0_reducedp3_retained_coordeq_fixed_syncrr_v1_rseed0,20,10,2,2,0,0,10,3,7,5,5,2;4;5;6;7;8;9,retained_preactivation,1.0,,False,0.1,,,1.0,coord_equal_fixed,P_eff / N,0.1,False,readout_retained,128,0.00,0.00,0.00,1.00,128,2000,16,200,200,0.0,0.0,0.001,1e-05,False,5,5.0,0.0,200,1.0,0.020287,1.2320,0.0089,5,0.014025,nan,models/chua_orig_nint128_bs16_sig0.0_lr1e-03-1e-05_tfp0_ramp200_hLR1_m20_p10_seed2_minsym5_cand0_reducedp3_retained_coordeq_fixed_syncrr_v1_rseed0.pth,retained_coordeq_fixed_syncrr_v1,False,completed,5,5,1.232039
chua_orig_nint128_bs16_sig0.0_lr1e-03-1e-05_tfp0_ramp200_hLR1_m20_p10_seed3_minsym5_cand0_reducedp3_retained_coordeq_fixed_syncrr_v1_rseed0,20,10,3,3,0,0,10,3,7,5,5,0;1;2;3;4;5;8,retained_preactivation,1.0,,False,0.1,,,1.0,coord_equal_fixed,P_eff / N,0.1,False,readout_retained,128,0.00,0.00,0.00,1.00,128,2000,16,200,200,0.0,0.0,0.001,1e-05,False,5,5.0,0.0,200,1.0,250238015459821762778234880.000000,1.2254,0.0061,5,35352113160553041494016.000000,nan,models/chua_orig_nint128_bs16_sig0.0_lr1e-03-1e-05_tfp0_ramp200_hLR1_m20_p10_seed3_minsym5_cand0_reducedp3_retained_coordeq_fixed_syncrr_v1_rseed0.pth,retained_coordeq_fixed_syncrr_v1,False,completed,5,5,1.225414
chua_orig_nint128_bs16_sig0.0_lr1e-03-1e-05_tfp0_ramp200_hLR1_m20_p10_seed3_minsym5_cand1_reducedp3_retained_coordeq_fixed_syncrr_v1_rseed0,20,10,3,3,0,1,10,3,7,5,5,0;1;2;3;4;6;8,retained_preactivation,1.0,,False,0.1,,,1.0,coord_equal_fixed,P_eff / N,0.1,False,readout_retained,128,0.00,0.00,0.00,1.00,128,2000,16,200,200,0.0,0.0,0.001,1e-05,False,5,5.0,0.0,200,1.0,848784054283292450488320.000000,1.2037,0.0072,5,55393510156564168704.000000,nan,models/chua_orig_nint128_bs16_sig0.0_lr1e-03-1e-05_tfp0_ramp200_hLR1_m20_p10_seed3_minsym5_cand1_reducedp3_retained_coordeq_fixed_syncrr_v1_rseed0.pth,retained_coordeq_fixed_syncrr_v1,False,completed,5,5,1.203712
chua_orig_nint128_bs16_sig0.0_lr1e-03-1e-05_tfp0_ramp200_hLR1_m20_p10_seed3_minsym5_cand2_reducedp3_retained_coordeq_fixed_syncrr_v1_rseed0,20,10,3,3,0,2,10,3,7,5,5,0;1;3;4;5;7;8,retained_preactivation,1.0,,False,0.1,,,1.0,coord_equal_fixed,P_eff / N,0.1,False,readout_retained,128,0.00,0.00,0.00,1.00,128,2000,16,200,200,0.0,0.0,0.001,1e-05,False,5,5.0,0.0,200,1.0,0.015568,1.0045,0.0122,5,0.010293,nan,models/chua_orig_nint128_bs16_sig0.0_lr1e-03-1e-05_tfp0_ramp200_hLR1_m20_p10_seed3_minsym5_cand2_reducedp3_retained_coordeq_fixed_syncrr_v1_rseed0.pth,retained_coordeq_fixed_syncrr_v1,False,completed,5,5,1.004481
chua_orig_nint128_bs16_sig0.0_lr1e-03-1e-05_tfp0_ramp200_hLR1_m20_p10_seed3_minsym5_cand3_reducedp3_retained_coordeq_fixed_syncrr_v1_rseed0,20,10,3,3,0,3,10,3,7,5,5,0;1;3;4;6;7;8,retained_preactivation,1.0,,False,0.1,,,1.0,coord_equal_fixed,P_eff / N,0.1,False,readout_retained,128,0.00,0.00,0.00,1.00,128,2000,16,200,200,0.0,0.0,0.001,1e-05,False,5,5.0,0.0,200,1.0,0.019025,1.1359,0.0131,5,0.013929,nan,models/chua_orig_nint128_bs16_sig0.0_lr1e-03-1e-05_tfp0_ramp200_hLR1_m20_p10_seed3_minsym5_cand3_reducedp3_retained_coordeq_fixed_syncrr_v1_rseed0.pth,retained_coordeq_fixed_syncrr_v1,False,completed,5,6,1.135930
chua_orig_nint128_bs16_sig0.0_lr1e-03-1e-05_tfp0_ramp200_hLR1_m20_p10_seed4_minsym5_cand0_reducedp3_retained_coordeq_fixed_syncrr_v1_rseed0,20,10,4,4,0,0,10,3,7,5,5,0;1;2;3;4;5;8,retained_preactivation,1.0,,False,0.1,,,1.0,coord_equal_fixed,P_eff / N,0.1,False,readout_retained,128,0.00,0.00,0.00,1.00,128,2000,16,200,200,0.0,0.0,0.001,1e-05,False,5,5.0,0.0,200,1.0,0.337987,2.4875,0.0104,4,0.225014,nan,models/chua_orig_nint128_bs16_sig0.0_lr1e-03-1e-05_tfp0_ramp200_hLR1_m20_p10_seed4_minsym5_cand0_reducedp3_retained_coordeq_fixed_syncrr_v1_rseed0.pth,retained_coordeq_fixed_syncrr_v1,False,completed,4,5,2.487520
chua_orig_nint128_bs16_sig0.0_lr1e-03-1e-05_tfp0_ramp200_hLR1_m20_p10_seed4_minsym5_cand1_reducedp3_retained_coordeq_fixed_syncrr_v1_rseed0,20,10,4,4,0,1,10,3,7,5,5,0;1;4;6;7;8;9,retained_preactivation,1.0,,False,0.1,,,1.0,coord_equal_fixed,P_eff / N,0.1,False,readout_retained,128,0.00,0.00,0.00,1.00,128,2000,16,200,200,0.0,0.0,0.001,1e-05,False,5,5.0,0.0,200,1.0,0.070606,1.3665,0.0139,6,0.038051,nan,models/chua_orig_nint128_bs16_sig0.0_lr1e-03-1e-05_tfp0_ramp200_hLR1_m20_p10_seed4_minsym5_cand1_reducedp3_retained_coordeq_fixed_syncrr_v1_rseed0.pth,retained_coordeq_fixed_syncrr_v1,False,completed,5,7,1.408944
chua_orig_nint128_bs16_sig0.0_lr1e-03-1e-05_tfp0_ramp200_hLR1_m20_p10_seed4_minsym5_cand2_reducedp3_retained_coordeq_fixed_syncrr_v1_rseed0,20,10,4,4,0,2,10,3,7,5,5,1;2;3;4;5;6;8,retained_preactivation,1.0,,False,0.1,,,1.0,coord_equal_fixed,P_eff / N,0.1,False,readout_retained,128,0.00,0.00,0.00,1.00,128,2000,16,200,200,0.0,0.0,0.001,1e-05,False,5,5.0,0.0,200,1.0,0.050599,1.2967,0.0135,5,0.034279,nan,models/chua_orig_nint128_bs16_sig0.0_lr1e-03-1e-05_tfp0_ramp200_hLR1_m20_p10_seed4_minsym5_cand2_reducedp3_retained_coordeq_fixed_syncrr_v1_rseed0.pth,retained_coordeq_fixed_syncrr_v1,False,completed,5,5,1.296727
chua_orig_nint128_bs16_sig0.0_lr1e-03-1e-05_tfp0_ramp200_hLR1_m20_p10_seed4_minsym5_cand3_reducedp3_retained_coordeq_fixed_syncrr_v1_rseed0,20,10,4,4,0,3,10,3,7,5,5,1;2;3;4;5;7;8,retained_preactivation,1.0,,False,0.1,,,1.0,coord_equal_fixed,P_eff / N,0.1,False,readout_retained,128,0.00,0.00,0.00,1.00,128,2000,16,200,200,0.0,0.0,0.001,1e-05,False,5,5.0,0.0,200,1.0,0.193524,2.4076,0.0131,4,0.095228,nan,models/chua_orig_nint128_bs16_sig0.0_lr1e-03-1e-05_tfp0_ramp200_hLR1_m20_p10_seed4_minsym5_cand3_reducedp3_retained_coordeq_fixed_syncrr_v1_rseed0.pth,retained_coordeq_fixed_syncrr_v1,False,completed,4,7,2.407624
chua_orig_nint128_bs16_sig0.0_lr1e-03-1e-05_tfp0_ramp200_hLR1_m20_p10_seed6_minsym5_cand0_reducedp4_retained_coordeq_fixed_syncrr_v1_rseed0,20,10,6,6,0,0,10,4,6,5,5,0;1;2;4;5;9,retained_preactivation,1.3333333333333333,,False,0.1,,,1.3333333333333333,coord_equal_fixed,P_eff / N,0.1,False,readout_retained,128,0.00,0.00,0.00,1.00,128,2000,16,200,200,0.0,0.0,0.001,1e-05,False,5,5.0,0.0,200,1.0,0.016433,1.3010,0.0053,5,0.009379,nan,models/chua_orig_nint128_bs16_sig0.0_lr1e-03-1e-05_tfp0_ramp200_hLR1_m20_p10_seed6_minsym5_cand0_reducedp4_retained_coordeq_fixed_syncrr_v1_rseed0.pth,retained_coordeq_fixed_syncrr_v1,False,completed,5,7,1.357920
chua_orig_nint128_bs16_sig0.0_lr1e-03-1e-05_tfp0_ramp200_hLR1_m20_p10_seed6_minsym5_cand1_reducedp4_retained_coordeq_fixed_syncrr_v1_rseed0,20,10,6,6,0,1,10,4,6,5,5,0;1;2;4;7;9,retained_preactivation,1.3333333333333333,,False,0.1,,,1.3333333333333333,coord_equal_fixed,P_eff / N,0.1,False,readout_retained,128,0.00,0.00,0.00,1.00,128,2000,16,200,200,0.0,0.0,0.001,1e-05,False,5,5.0,0.0,200,1.0,0.110950,1.7002,0.0163,1,0.050959,nan,models/chua_orig_nint128_bs16_sig0.0_lr1e-03-1e-05_tfp0_ramp200_hLR1_m20_p10_seed6_minsym5_cand1_reducedp4_retained_coordeq_fixed_syncrr_v1_rseed0.pth,retained_coordeq_fixed_syncrr_v1,False,completed,3,14,2.892175
chua_orig_nint128_bs16_sig0.0_lr1e-03-1e-05_tfp0_ramp200_hLR1_m20_p10_seed6_minsym5_cand2_reducedp4_retained_coordeq_fixed_syncrr_v1_rseed0,20,10,6,6,0,2,10,4,6,5,5,0;1;2;5;7;9,retained_preactivation,1.3333333333333333,,False,0.1,,,1.3333333333333333,coord_equal_fixed,P_eff / N,0.1,False,readout_retained,128,0.00,0.00,0.00,1.00,128,2000,16,200,200,0.0,0.0,0.001,1e-05,False,5,5.0,0.0,200,1.0,0.049460,1.5984,0.0085,5,0.016520,nan,models/chua_orig_nint128_bs16_sig0.0_lr1e-03-1e-05_tfp0_ramp200_hLR1_m20_p10_seed6_minsym5_cand2_reducedp4_retained_coordeq_fixed_syncrr_v1_rseed0.pth,retained_coordeq_fixed_syncrr_v1,False,completed,5,7,1.598431
chua_orig_nint128_bs16_sig0.0_lr1e-03-1e-05_tfp0_ramp200_hLR1_m20_p10_seed6_minsym5_cand3_reducedp4_retained_coordeq_fixed_syncrr_v1_rseed0,20,10,6,6,0,3,10,4,6,5,5,0;1;4;5;8;9,retained_preactivation,1.3333333333333333,,False,0.1,,,1.3333333333333333,coord_equal_fixed,P_eff / N,0.1,False,readout_retained,128,0.00,0.00,0.00,1.00,128,2000,16,200,200,0.0,0.0,0.001,1e-05,False,5,5.0,0.0,200,1.0,0.025474,1.2212,0.0071,5,0.017177,nan,models/chua_orig_nint128_bs16_sig0.0_lr1e-03-1e-05_tfp0_ramp200_hLR1_m20_p10_seed6_minsym5_cand3_reducedp4_retained_coordeq_fixed_syncrr_v1_rseed0.pth,retained_coordeq_fixed_syncrr_v1,False,completed,5,5,1.221214
chua_orig_nint128_bs16_sig0.0_lr1e-03-1e-05_tfp0_ramp200_hLR1_m20_p10_seed6_minsym5_cand4_reducedp4_retained_coordeq_fixed_syncrr_v1_rseed0,20,10,6,6,0,4,10,4,6,5,5,0;1;4;7;8;9,retained_preactivation,1.3333333333333333,,False,0.1,,,1.3333333333333333,coord_equal_fixed,P_eff / N,0.1,False,readout_retained,128,0.00,0.00,0.00,1.00,128,2000,16,200,200,0.0,0.0,0.001,1e-05,False,5,5.0,0.0,200,1.0,0.026571,1.2960,0.0119,5,0.010294,nan,models/chua_orig_nint128_bs16_sig0.0_lr1e-03-1e-05_tfp0_ramp200_hLR1_m20_p10_seed6_minsym5_cand4_reducedp4_retained_coordeq_fixed_syncrr_v1_rseed0.pth,retained_coordeq_fixed_syncrr_v1,False,completed,5,7,1.296010
chua_orig_nint128_bs16_sig0.0_lr1e-03-1e-05_tfp0_ramp200_hLR1_m20_p10_seed6_minsym5_cand5_reducedp4_retained_coordeq_fixed_syncrr_v1_rseed0,20,10,6,6,0,5,10,4,6,5,5,0;1;5;7;8;9,retained_preactivation,1.3333333333333333,,False,0.1,,,1.3333333333333333,coord_equal_fixed,P_eff / N,0.1,False,readout_retained,128,0.00,0.00,0.00,1.00,128,2000,16,200,200,0.0,0.0,0.001,1e-05,False,5,5.0,0.0,200,1.0,0.015819,1.2696,0.0134,5,0.006983,nan,models/chua_orig_nint128_bs16_sig0.0_lr1e-03-1e-05_tfp0_ramp200_hLR1_m20_p10_seed6_minsym5_cand5_reducedp4_retained_coordeq_fixed_syncrr_v1_rseed0.pth,retained_coordeq_fixed_syncrr_v1,False,completed,5,5,1.269648
chua_orig_nint128_bs16_sig0.0_lr1e-03-1e-05_tfp0_ramp200_hLR1_m20_p10_seed6_minsym5_cand6_reducedp4_retained_coordeq_fixed_syncrr_v1_rseed0,20,10,6,6,0,6,10,4,6,5,5,0;2;4;5;7;9,retained_preactivation,1.3333333333333333,,False,0.1,,,1.3333333333333333,coord_equal_fixed,P_eff / N,0.1,False,readout_retained,128,0.00,0.00,0.00,1.00,128,2000,16,200,200,0.0,0.0,0.001,1e-05,False,5,5.0,0.0,200,1.0,0.235636,2.3262,0.0111,4,0.215496,nan,models/chua_orig_nint128_bs16_sig0.0_lr1e-03-1e-05_tfp0_ramp200_hLR1_m20_p10_seed6_minsym5_cand6_reducedp4_retained_coordeq_fixed_syncrr_v1_rseed0.pth,retained_coordeq_fixed_syncrr_v1,False,completed,5,7,3.093047
chua_orig_nint128_bs16_sig0.0_lr1e-03-1e-05_tfp0_ramp200_hLR1_m20_p10_seed6_minsym5_cand7_reducedp4_retained_coordeq_fixed_syncrr_v1_rseed0,20,10,6,6,0,7,10,4,6,5,5,0;4;5;7;8;9,retained_preactivation,1.3333333333333333,,False,0.1,,,1.3333333333333333,coord_equal_fixed,P_eff / N,0.1,False,readout_retained,128,0.00,0.00,0.00,1.00,128,2000,16,200,200,0.0,0.0,0.001,1e-05,False,5,5.0,0.0,200,1.0,0.023355,1.2980,0.0074,5,0.010501,nan,models/chua_orig_nint128_bs16_sig0.0_lr1e-03-1e-05_tfp0_ramp200_hLR1_m20_p10_seed6_minsym5_cand7_reducedp4_retained_coordeq_fixed_syncrr_v1_rseed0.pth,retained_coordeq_fixed_syncrr_v1,False,completed,5,6,1.297963
chua_orig_nint128_bs16_sig0.0_lr1e-03-1e-05_tfp0_ramp200_hLR1_m20_p10_seed6_minsym5_cand8_reducedp4_retained_coordeq_fixed_syncrr_v1_rseed0,20,10,6,6,0,8,10,4,6,5,5,1;2;4;5;8;9,retained_preactivation,1.3333333333333333,,False,0.1,,,1.3333333333333333,coord_equal_fixed,P_eff / N,0.1,False,readout_retained,128,0.00,0.00,0.00,1.00,128,2000,16,200,200,0.0,0.0,0.001,1e-05,False,5,5.0,0.0,200,1.0,0.015258,1.2839,0.0082,5,0.008633,nan,models/chua_orig_nint128_bs16_sig0.0_lr1e-03-1e-05_tfp0_ramp200_hLR1_m20_p10_seed6_minsym5_cand8_reducedp4_retained_coordeq_fixed_syncrr_v1_rseed0.pth,retained_coordeq_fixed_syncrr_v1,False,completed,5,7,1.283925
chua_orig_nint128_bs16_sig0.0_lr1e-03-1e-05_tfp0_ramp200_hLR1_m20_p10_seed6_minsym5_cand9_reducedp4_retained_coordeq_fixed_syncrr_v1_rseed0,20,10,6,6,0,9,10,4,6,5,5,1;2;4;7;8;9,retained_preactivation,1.3333333333333333,,False,0.1,,,1.3333333333333333,coord_equal_fixed,P_eff / N,0.1,False,readout_retained,128,0.00,0.00,0.00,1.00,128,2000,16,200,200,0.0,0.0,0.001,1e-05,False,5,5.0,0.0,200,1.0,0.156921,2.1895,0.0112,4,0.133439,nan,models/chua_orig_nint128_bs16_sig0.0_lr1e-03-1e-05_tfp0_ramp200_hLR1_m20_p10_seed6_minsym5_cand9_reducedp4_retained_coordeq_fixed_syncrr_v1_rseed0.pth,retained_coordeq_fixed_syncrr_v1,False,completed,5,9,2.189465
chua_orig_nint128_bs16_sig0.0_lr1e-03-1e-05_tfp0_ramp200_hLR1_m20_p10_seed6_minsym5_cand10_reducedp4_retained_coordeq_fixed_syncrr_v1_rseed0,20,10,6,6,0,10,10,4,6,5,5,1;2;5;7;8;9,retained_preactivation,1.3333333333333333,,False,0.1,,,1.3333333333333333,coord_equal_fixed,P_eff / N,0.1,False,readout_retained,128,0.00,0.00,0.00,1.00,128,2000,16,200,200,0.0,0.0,0.001,1e-05,False,5,5.0,0.0,200,1.0,0.015446,1.2422,0.0077,5,0.007990,nan,models/chua_orig_nint128_bs16_sig0.0_lr1e-03-1e-05_tfp0_ramp200_hLR1_m20_p10_seed6_minsym5_cand10_reducedp4_retained_coordeq_fixed_syncrr_v1_rseed0.pth,retained_coordeq_fixed_syncrr_v1,False,completed,5,5,1.242209
chua_orig_nint128_bs16_sig0.0_lr1e-03-1e-05_tfp0_ramp200_hLR1_m20_p10_seed6_minsym5_cand11_reducedp4_retained_coordeq_fixed_syncrr_v1_rseed0,20,10,6,6,0,11,10,4,6,5,5,2;4;5;7;8;9,retained_preactivation,1.3333333333333333,,False,0.1,,,1.3333333333333333,coord_equal_fixed,P_eff / N,0.1,False,readout_retained,128,0.00,0.00,0.00,1.00,128,2000,16,200,200,0.0,0.0,0.001,1e-05,False,5,5.0,0.0,200,1.0,0.103450,2.1196,0.0128,5,0.077937,nan,models/chua_orig_nint128_bs16_sig0.0_lr1e-03-1e-05_tfp0_ramp200_hLR1_m20_p10_seed6_minsym5_cand11_reducedp4_retained_coordeq_fixed_syncrr_v1_rseed0.pth,retained_coordeq_fixed_syncrr_v1,False,completed,5,9,2.119564
chua_orig_nint128_bs16_sig0.0_lr1e-03-1e-05_tfp0_ramp200_hLR1_m20_p10_seed7_minsym5_cand0_reducedp3_retained_coordeq_fixed_syncrr_v1_rseed0,20,10,7,7,0,0,10,3,7,5,5,0;1;2;4;5;7;9,retained_preactivation,1.0,,False,0.1,,,1.0,coord_equal_fixed,P_eff / N,0.1,False,readout_retained,128,0.00,0.00,0.00,1.00,128,2000,16,200,200,0.0,0.0,0.001,1e-05,False,5,5.0,0.0,200,1.0,0.012962,1.1028,0.0106,5,0.007811,nan,models/chua_orig_nint128_bs16_sig0.0_lr1e-03-1e-05_tfp0_ramp200_hLR1_m20_p10_seed7_minsym5_cand0_reducedp3_retained_coordeq_fixed_syncrr_v1_rseed0.pth,retained_coordeq_fixed_syncrr_v1,False,completed,5,5,1.102831
chua_orig_nint128_bs16_sig0.0_lr1e-03-1e-05_tfp0_ramp200_hLR1_m20_p10_seed7_minsym5_cand1_reducedp3_retained_coordeq_fixed_syncrr_v1_rseed0,20,10,7,7,0,1,10,3,7,5,5,0;1;4;5;6;7;9,retained_preactivation,1.0,,False,0.1,,,1.0,coord_equal_fixed,P_eff / N,0.1,False,readout_retained,128,0.00,0.00,0.00,1.00,128,2000,16,200,200,0.0,0.0,0.001,1e-05,False,5,5.0,0.0,200,1.0,0.033627,1.4568,0.0095,5,0.018591,nan,models/chua_orig_nint128_bs16_sig0.0_lr1e-03-1e-05_tfp0_ramp200_hLR1_m20_p10_seed7_minsym5_cand1_reducedp3_retained_coordeq_fixed_syncrr_v1_rseed0.pth,retained_coordeq_fixed_syncrr_v1,False,completed,5,5,1.456789
chua_orig_nint128_bs16_sig0.0_lr1e-03-1e-05_tfp0_ramp200_hLR1_m20_p10_seed7_minsym5_cand2_reducedp3_retained_coordeq_fixed_syncrr_v1_rseed0,20,10,7,7,0,2,10,3,7,5,5,1;2;4;5;7;8;9,retained_preactivation,1.0,,False,0.1,,,1.0,coord_equal_fixed,P_eff / N,0.1,False,readout_retained,128,0.00,0.00,0.00,1.00,128,2000,16,200,200,0.0,0.0,0.001,1e-05,False,5,5.0,0.0,200,1.0,0.017326,1.1562,0.0113,5,0.009415,nan,models/chua_orig_nint128_bs16_sig0.0_lr1e-03-1e-05_tfp0_ramp200_hLR1_m20_p10_seed7_minsym5_cand2_reducedp3_retained_coordeq_fixed_syncrr_v1_rseed0.pth,retained_coordeq_fixed_syncrr_v1,False,completed,5,5,1.156250
chua_orig_nint128_bs16_sig0.0_lr1e-03-1e-05_tfp0_ramp200_hLR1_m20_p10_seed7_minsym5_cand3_reducedp3_retained_coordeq_fixed_syncrr_v1_rseed0,20,10,7,7,0,3,10,3,7,5,5,1;4;5;6;7;8;9,retained_preactivation,1.0,,False,0.1,,,1.0,coord_equal_fixed,P_eff / N,0.1,False,readout_retained,128,0.00,0.00,0.00,1.00,128,2000,16,200,200,0.0,0.0,0.001,1e-05,False,5,5.0,0.0,200,1.0,0.022534,1.1669,0.0126,5,0.015193,nan,models/chua_orig_nint128_bs16_sig0.0_lr1e-03-1e-05_tfp0_ramp200_hLR1_m20_p10_seed7_minsym5_cand3_reducedp3_retained_coordeq_fixed_syncrr_v1_rseed0.pth,retained_coordeq_fixed_syncrr_v1,False,completed,5,5,1.166912
chua_orig_nint128_bs16_sig0.0_lr1e-03-1e-05_tfp0_ramp200_hLR1_m20_p10_seed8_minsym5_cand0_reducedp3_retained_coordeq_fixed_syncrr_v1_rseed0,20,10,8,8,0,0,10,3,7,5,5,0;3;4;5;6;7;8,retained_preactivation,1.0,,False,0.1,,,1.0,coord_equal_fixed,P_eff / N,0.1,False,readout_retained,128,0.00,0.00,0.00,1.00,128,2000,16,200,200,0.0,0.0,0.001,1e-05,False,5,5.0,0.0,200,1.0,0.017076,1.1001,0.0202,5,0.008992,nan,models/chua_orig_nint128_bs16_sig0.0_lr1e-03-1e-05_tfp0_ramp200_hLR1_m20_p10_seed8_minsym5_cand0_reducedp3_retained_coordeq_fixed_syncrr_v1_rseed0.pth,retained_coordeq_fixed_syncrr_v1,False,completed,5,5,1.100136
chua_orig_nint128_bs16_sig0.0_lr1e-03-1e-05_tfp0_ramp200_hLR1_m20_p10_seed8_minsym5_cand1_reducedp3_retained_coordeq_fixed_syncrr_v1_rseed0,20,10,8,8,0,1,10,3,7,5,5,0;3;4;6;7;8;9,retained_preactivation,1.0,,False,0.1,,,1.0,coord_equal_fixed,P_eff / N,0.1,False,readout_retained,128,0.00,0.00,0.00,1.00,128,2000,16,200,200,0.0,0.0,0.001,1e-05,False,5,5.0,0.0,200,1.0,0.027804,1.0903,0.0139,5,0.012208,nan,models/chua_orig_nint128_bs16_sig0.0_lr1e-03-1e-05_tfp0_ramp200_hLR1_m20_p10_seed8_minsym5_cand1_reducedp3_retained_coordeq_fixed_syncrr_v1_rseed0.pth,retained_coordeq_fixed_syncrr_v1,False,completed,5,5,1.090288
chua_orig_nint128_bs16_sig0.0_lr1e-03-1e-05_tfp0_ramp200_hLR1_m20_p10_seed9_minsym5_cand0_reducedp3_retained_coordeq_fixed_syncrr_v1_rseed0,20,10,9,9,0,0,10,3,7,5,5,0;1;2;3;5;6;8,retained_preactivation,1.0,,False,0.1,,,1.0,coord_equal_fixed,P_eff / N,0.1,False,readout_retained,128,0.00,0.00,0.00,1.00,128,2000,16,200,200,0.0,0.0,0.001,1e-05,False,5,5.0,0.0,200,1.0,0.016891,1.1648,0.0104,5,0.009183,nan,models/chua_orig_nint128_bs16_sig0.0_lr1e-03-1e-05_tfp0_ramp200_hLR1_m20_p10_seed9_minsym5_cand0_reducedp3_retained_coordeq_fixed_syncrr_v1_rseed0.pth,retained_coordeq_fixed_syncrr_v1,False,completed,5,5,1.164804
chua_orig_nint128_bs16_sig0.0_lr1e-03-1e-05_tfp0_ramp200_hLR1_m20_p10_seed9_minsym5_cand1_reducedp3_retained_coordeq_fixed_syncrr_v1_rseed0,20,10,9,9,0,1,10,3,7,5,5,0;1;2;3;5;7;8,retained_preactivation,1.0,,False,0.1,,,1.0,coord_equal_fixed,P_eff / N,0.1,False,readout_retained,128,0.00,0.00,0.00,1.00,128,2000,16,200,200,0.0,0.0,0.001,1e-05,False,5,5.0,0.0,200,1.0,0.023383,1.2142,0.0102,5,0.008792,nan,models/chua_orig_nint128_bs16_sig0.0_lr1e-03-1e-05_tfp0_ramp200_hLR1_m20_p10_seed9_minsym5_cand1_reducedp3_retained_coordeq_fixed_syncrr_v1_rseed0.pth,retained_coordeq_fixed_syncrr_v1,False,completed,5,5,1.214202
chua_orig_nint128_bs16_sig0.0_lr1e-03-1e-05_tfp0_ramp200_hLR1_m20_p10_seed9_minsym5_cand2_reducedp3_retained_coordeq_fixed_syncrr_v1_rseed0,20,10,9,9,0,2,10,3,7,5,5,0;2;3;5;6;7;8,retained_preactivation,1.0,,False,0.1,,,1.0,coord_equal_fixed,P_eff / N,0.1,False,readout_retained,128,0.00,0.00,0.00,1.00,128,2000,16,200,200,0.0,0.0,0.001,1e-05,False,5,5.0,0.0,200,1.0,0.017244,1.2202,0.0138,5,0.009184,nan,models/chua_orig_nint128_bs16_sig0.0_lr1e-03-1e-05_tfp0_ramp200_hLR1_m20_p10_seed9_minsym5_cand2_reducedp3_retained_coordeq_fixed_syncrr_v1_rseed0.pth,retained_coordeq_fixed_syncrr_v1,False,completed,5,5,1.220182
chua_orig_nint128_bs16_sig0.0_lr1e-03-1e-05_tfp0_ramp200_hLR1_m20_p10_seed9_minsym5_cand3_reducedp3_retained_coordeq_fixed_syncrr_v1_rseed0,20,10,9,9,0,3,10,3,7,5,5,1;2;3;5;6;7;8,retained_preactivation,1.0,,False,0.1,,,1.0,coord_equal_fixed,P_eff / N,0.1,False,readout_retained,128,0.00,0.00,0.00,1.00,128,2000,16,200,200,0.0,0.0,0.001,1e-05,False,5,5.0,0.0,200,1.0,0.110228,1.0835,0.0081,5,0.024882,nan,models/chua_orig_nint128_bs16_sig0.0_lr1e-03-1e-05_tfp0_ramp200_hLR1_m20_p10_seed9_minsym5_cand3_reducedp3_retained_coordeq_fixed_syncrr_v1_rseed0.pth,retained_coordeq_fixed_syncrr_v1,False,completed,5,5,1.083499
chua_orig_nint128_bs16_sig0.0_lr1e-03-1e-05_tfp0_ramp200_hLR1_m20_p10_seed10_minsym5_cand0_reducedp3_retained_coordeq_fixed_syncrr_v1_rseed0,20,10,10,10,0,0,10,3,7,5,5,0;1;2;4;5;6;7,retained_preactivation,1.0,,False,0.1,,,1.0,coord_equal_fixed,P_eff / N,0.1,False,readout_retained,128,0.00,0.00,0.00,1.00,128,2000,16,200,200,0.0,0.0,0.001,1e-05,False,5,5.0,0.0,200,1.0,0.029542,1.1091,0.0082,5,0.021152,nan,models/chua_orig_nint128_bs16_sig0.0_lr1e-03-1e-05_tfp0_ramp200_hLR1_m20_p10_seed10_minsym5_cand0_reducedp3_retained_coordeq_fixed_syncrr_v1_rseed0.pth,retained_coordeq_fixed_syncrr_v1,False,completed,5,5,1.109127
chua_orig_nint128_bs16_sig0.0_lr1e-03-1e-05_tfp0_ramp200_hLR1_m20_p10_seed10_minsym5_cand1_reducedp3_retained_coordeq_fixed_syncrr_v1_rseed0,20,10,10,10,0,1,10,3,7,5,5,0;1;2;4;5;6;8,retained_preactivation,1.0,,False,0.1,,,1.0,coord_equal_fixed,P_eff / N,0.1,False,readout_retained,128,0.00,0.00,0.00,1.00,128,2000,16,200,200,0.0,0.0,0.001,1e-05,False,5,5.0,0.0,200,1.0,0.036591,1.1311,0.0069,4,0.019619,nan,models/chua_orig_nint128_bs16_sig0.0_lr1e-03-1e-05_tfp0_ramp200_hLR1_m20_p10_seed10_minsym5_cand1_reducedp3_retained_coordeq_fixed_syncrr_v1_rseed0.pth,retained_coordeq_fixed_syncrr_v1,False,completed,5,5,1.131094
chua_orig_nint128_bs16_sig0.0_lr1e-03-1e-05_tfp0_ramp200_hLR1_m20_p10_seed10_minsym5_cand2_reducedp3_retained_coordeq_fixed_syncrr_v1_rseed0,20,10,10,10,0,2,10,3,7,5,5,0;1;2;4;5;7;8,retained_preactivation,1.0,,False,0.1,,,1.0,coord_equal_fixed,P_eff / N,0.1,False,readout_retained,128,0.00,0.00,0.00,1.00,128,2000,16,200,200,0.0,0.0,0.001,1e-05,False,5,5.0,0.0,200,1.0,0.035851,1.1187,0.0071,4,0.021129,nan,models/chua_orig_nint128_bs16_sig0.0_lr1e-03-1e-05_tfp0_ramp200_hLR1_m20_p10_seed10_minsym5_cand2_reducedp3_retained_coordeq_fixed_syncrr_v1_rseed0.pth,retained_coordeq_fixed_syncrr_v1,False,completed,5,5,1.270167
chua_orig_nint128_bs16_sig0.0_lr1e-03-1e-05_tfp0_ramp200_hLR1_m20_p10_seed10_minsym5_cand3_reducedp3_retained_coordeq_fixed_syncrr_v1_rseed0,20,10,10,10,0,3,10,3,7,5,5,0;1;2;4;6;7;8,retained_preactivation,1.0,,False,0.1,,,1.0,coord_equal_fixed,P_eff / N,0.1,False,readout_retained,128,0.00,0.00,0.00,1.00,128,2000,16,200,200,0.0,0.0,0.001,1e-05,False,5,5.0,0.0,200,1.0,0.024076,1.0173,0.0069,5,0.018590,nan,models/chua_orig_nint128_bs16_sig0.0_lr1e-03-1e-05_tfp0_ramp200_hLR1_m20_p10_seed10_minsym5_cand3_reducedp3_retained_coordeq_fixed_syncrr_v1_rseed0.pth,retained_coordeq_fixed_syncrr_v1,False,completed,5,5,1.017268
chua_orig_nint128_bs16_sig0.0_lr1e-03-1e-05_tfp0_ramp200_hLR1_m20_p10_seed10_minsym5_cand4_reducedp3_retained_coordeq_fixed_syncrr_v1_rseed0,20,10,10,10,0,4,10,3,7,5,5,0;1;2;5;6;7;8,retained_preactivation,1.0,,False,0.1,,,1.0,coord_equal_fixed,P_eff / N,0.1,False,readout_retained,128,0.00,0.00,0.00,1.00,128,2000,16,200,200,0.0,0.0,0.001,1e-05,False,5,5.0,0.0,200,1.0,0.022923,1.1692,0.0084,4,0.018320,nan,models/chua_orig_nint128_bs16_sig0.0_lr1e-03-1e-05_tfp0_ramp200_hLR1_m20_p10_seed10_minsym5_cand4_reducedp3_retained_coordeq_fixed_syncrr_v1_rseed0.pth,retained_coordeq_fixed_syncrr_v1,False,completed,5,5,1.197860
chua_orig_nint128_bs16_sig0.0_lr1e-03-1e-05_tfp0_ramp200_hLR1_m20_p10_seed10_minsym5_cand5_reducedp3_retained_coordeq_fixed_syncrr_v1_rseed0,20,10,10,10,0,5,10,3,7,5,5,0;1;3;4;5;6;7,retained_preactivation,1.0,,False,0.1,,,1.0,coord_equal_fixed,P_eff / N,0.1,False,readout_retained,128,0.00,0.00,0.00,1.00,128,2000,16,200,200,0.0,0.0,0.001,1e-05,False,5,5.0,0.0,200,1.0,0.026241,1.0434,0.0076,5,0.018961,nan,models/chua_orig_nint128_bs16_sig0.0_lr1e-03-1e-05_tfp0_ramp200_hLR1_m20_p10_seed10_minsym5_cand5_reducedp3_retained_coordeq_fixed_syncrr_v1_rseed0.pth,retained_coordeq_fixed_syncrr_v1,False,completed,5,5,1.043354
chua_orig_nint128_bs16_sig0.0_lr1e-03-1e-05_tfp0_ramp200_hLR1_m20_p10_seed10_minsym5_cand6_reducedp3_retained_coordeq_fixed_syncrr_v1_rseed0,20,10,10,10,0,6,10,3,7,5,5,0;1;3;4;5;6;8,retained_preactivation,1.0,,False,0.1,,,1.0,coord_equal_fixed,P_eff / N,0.1,False,readout_retained,128,0.00,0.00,0.00,1.00,128,2000,16,200,200,0.0,0.0,0.001,1e-05,False,5,5.0,0.0,200,1.0,0.034175,1.1485,0.0129,4,0.017683,nan,models/chua_orig_nint128_bs16_sig0.0_lr1e-03-1e-05_tfp0_ramp200_hLR1_m20_p10_seed10_minsym5_cand6_reducedp3_retained_coordeq_fixed_syncrr_v1_rseed0.pth,retained_coordeq_fixed_syncrr_v1,False,completed,5,5,1.148457
chua_orig_nint128_bs16_sig0.0_lr1e-03-1e-05_tfp0_ramp200_hLR1_m20_p10_seed10_minsym5_cand7_reducedp3_retained_coordeq_fixed_syncrr_v1_rseed0,20,10,10,10,0,7,10,3,7,5,5,0;1;3;4;5;7;8,retained_preactivation,1.0,,False,0.1,,,1.0,coord_equal_fixed,P_eff / N,0.1,False,readout_retained,128,0.00,0.00,0.00,1.00,128,2000,16,200,200,0.0,0.0,0.001,1e-05,False,5,5.0,0.0,200,1.0,0.037154,1.1647,0.0061,4,0.022786,nan,models/chua_orig_nint128_bs16_sig0.0_lr1e-03-1e-05_tfp0_ramp200_hLR1_m20_p10_seed10_minsym5_cand7_reducedp3_retained_coordeq_fixed_syncrr_v1_rseed0.pth,retained_coordeq_fixed_syncrr_v1,False,completed,5,5,1.164653
chua_orig_nint128_bs16_sig0.0_lr1e-03-1e-05_tfp0_ramp200_hLR1_m20_p10_seed10_minsym5_cand8_reducedp3_retained_coordeq_fixed_syncrr_v1_rseed0,20,10,10,10,0,8,10,3,7,5,5,0;1;3;4;6;7;8,retained_preactivation,1.0,,False,0.1,,,1.0,coord_equal_fixed,P_eff / N,0.1,False,readout_retained,128,0.00,0.00,0.00,1.00,128,2000,16,200,200,0.0,0.0,0.001,1e-05,False,5,5.0,0.0,200,1.0,0.021922,1.0654,0.0115,5,0.016997,nan,models/chua_orig_nint128_bs16_sig0.0_lr1e-03-1e-05_tfp0_ramp200_hLR1_m20_p10_seed10_minsym5_cand8_reducedp3_retained_coordeq_fixed_syncrr_v1_rseed0.pth,retained_coordeq_fixed_syncrr_v1,False,completed,5,5,1.065363
chua_orig_nint128_bs16_sig0.0_lr1e-03-1e-05_tfp0_ramp200_hLR1_m20_p10_seed10_minsym5_cand9_reducedp3_retained_coordeq_fixed_syncrr_v1_rseed0,20,10,10,10,0,9,10,3,7,5,5,0;1;3;5;6;7;8,retained_preactivation,1.0,,False,0.1,,,1.0,coord_equal_fixed,P_eff / N,0.1,False,readout_retained,128,0.00,0.00,0.00,1.00,128,2000,16,200,200,0.0,0.0,0.001,1e-05,False,5,5.0,0.0,200,1.0,0.020412,1.1502,0.0107,4,0.016628,nan,models/chua_orig_nint128_bs16_sig0.0_lr1e-03-1e-05_tfp0_ramp200_hLR1_m20_p10_seed10_minsym5_cand9_reducedp3_retained_coordeq_fixed_syncrr_v1_rseed0.pth,retained_coordeq_fixed_syncrr_v1,False,completed,5,5,1.150249
chua_orig_nint128_bs16_sig0.0_lr1e-03-1e-05_tfp0_ramp200_hLR1_m20_p10_seed10_minsym5_cand10_reducedp3_retained_coordeq_fixed_syncrr_v1_rseed0,20,10,10,10,0,10,10,3,7,5,5,1;2;4;5;6;7;8,retained_preactivation,1.0,,False,0.1,,,1.0,coord_equal_fixed,P_eff / N,0.1,False,readout_retained,128,0.00,0.00,0.00,1.00,128,2000,16,200,200,0.0,0.0,0.001,1e-05,False,5,5.0,0.0,200,1.0,0.028652,1.1905,0.0064,4,0.018511,nan,models/chua_orig_nint128_bs16_sig0.0_lr1e-03-1e-05_tfp0_ramp200_hLR1_m20_p10_seed10_minsym5_cand10_reducedp3_retained_coordeq_fixed_syncrr_v1_rseed0.pth,retained_coordeq_fixed_syncrr_v1,False,completed,5,5,1.190530
chua_orig_nint128_bs16_sig0.0_lr1e-03-1e-05_tfp0_ramp200_hLR1_m20_p10_seed10_minsym5_cand11_reducedp3_retained_coordeq_fixed_syncrr_v1_rseed0,20,10,10,10,0,11,10,3,7,5,5,1;3;4;5;6;7;8,retained_preactivation,1.0,,False,0.1,,,1.0,coord_equal_fixed,P_eff / N,0.1,False,readout_retained,128,0.00,0.00,0.00,1.00,128,2000,16,200,200,0.0,0.0,0.001,1e-05,False,5,5.0,0.0,200,1.0,0.027344,1.1959,0.0131,5,0.018183,nan,models/chua_orig_nint128_bs16_sig0.0_lr1e-03-1e-05_tfp0_ramp200_hLR1_m20_p10_seed10_minsym5_cand11_reducedp3_retained_coordeq_fixed_syncrr_v1_rseed0.pth,retained_coordeq_fixed_syncrr_v1,False,completed,5,5,1.195872
chua_orig_nint128_bs16_sig0.0_lr1e-03-1e-05_tfp0_ramp200_hLR1_m20_p10_seed11_minsym5_cand0_reducedp3_retained_coordeq_fixed_syncrr_v1_rseed0,20,10,11,11,0,0,10,3,7,5,5,0;1;3;4;5;6;9,retained_preactivation,1.0,,False,0.1,,,1.0,coord_equal_fixed,P_eff / N,0.1,False,readout_retained,128,0.00,0.00,0.00,1.00,128,2000,16,200,200,0.0,0.0,0.001,1e-05,False,5,5.0,0.0,200,1.0,0.031481,1.1024,0.0108,5,0.023279,nan,models/chua_orig_nint128_bs16_sig0.0_lr1e-03-1e-05_tfp0_ramp200_hLR1_m20_p10_seed11_minsym5_cand0_reducedp3_retained_coordeq_fixed_syncrr_v1_rseed0.pth,retained_coordeq_fixed_syncrr_v1,False,completed,5,5,1.102396
chua_orig_nint128_bs16_sig0.0_lr1e-03-1e-05_tfp0_ramp200_hLR1_m20_p10_seed11_minsym5_cand1_reducedp3_retained_coordeq_fixed_syncrr_v1_rseed0,20,10,11,11,0,1,10,3,7,5,5,0;1;3;5;6;7;9,retained_preactivation,1.0,,False,0.1,,,1.0,coord_equal_fixed,P_eff / N,0.1,False,readout_retained,128,0.00,0.00,0.00,1.00,128,2000,16,200,200,0.0,0.0,0.001,1e-05,False,5,5.0,0.0,200,1.0,0.036146,1.0938,0.0090,4,0.028933,nan,models/chua_orig_nint128_bs16_sig0.0_lr1e-03-1e-05_tfp0_ramp200_hLR1_m20_p10_seed11_minsym5_cand1_reducedp3_retained_coordeq_fixed_syncrr_v1_rseed0.pth,retained_coordeq_fixed_syncrr_v1,False,completed,5,5,1.093793
chua_orig_nint128_bs16_sig0.0_lr1e-03-1e-05_tfp0_ramp200_hLR1_m20_p10_seed11_minsym5_cand2_reducedp3_retained_coordeq_fixed_syncrr_v1_rseed0,20,10,11,11,0,2,10,3,7,5,5,0;1;4;5;6;7;9,retained_preactivation,1.0,,False,0.1,,,1.0,coord_equal_fixed,P_eff / N,0.1,False,readout_retained,128,0.00,0.00,0.00,1.00,128,2000,16,200,200,0.0,0.0,0.001,1e-05,False,5,5.0,0.0,200,1.0,0.045924,1.3574,0.0139,1,0.031264,nan,models/chua_orig_nint128_bs16_sig0.0_lr1e-03-1e-05_tfp0_ramp200_hLR1_m20_p10_seed11_minsym5_cand2_reducedp3_retained_coordeq_fixed_syncrr_v1_rseed0.pth,retained_coordeq_fixed_syncrr_v1,False,completed,5,5,1.357450
chua_orig_nint128_bs16_sig0.0_lr1e-03-1e-05_tfp0_ramp200_hLR1_m20_p10_seed11_minsym5_cand3_reducedp3_retained_coordeq_fixed_syncrr_v1_rseed0,20,10,11,11,0,3,10,3,7,5,5,0;3;4;5;6;8;9,retained_preactivation,1.0,,False,0.1,,,1.0,coord_equal_fixed,P_eff / N,0.1,False,readout_retained,128,0.00,0.00,0.00,1.00,128,2000,16,200,200,0.0,0.0,0.001,1e-05,False,5,5.0,0.0,200,1.0,0.024342,1.1651,0.0048,5,0.015731,nan,models/chua_orig_nint128_bs16_sig0.0_lr1e-03-1e-05_tfp0_ramp200_hLR1_m20_p10_seed11_minsym5_cand3_reducedp3_retained_coordeq_fixed_syncrr_v1_rseed0.pth,retained_coordeq_fixed_syncrr_v1,False,completed,5,5,1.165144
chua_orig_nint128_bs16_sig0.0_lr1e-03-1e-05_tfp0_ramp200_hLR1_m20_p10_seed11_minsym5_cand4_reducedp3_retained_coordeq_fixed_syncrr_v1_rseed0,20,10,11,11,0,4,10,3,7,5,5,0;3;5;6;7;8;9,retained_preactivation,1.0,,False,0.1,,,1.0,coord_equal_fixed,P_eff / N,0.1,False,readout_retained,128,0.00,0.00,0.00,1.00,128,2000,16,200,200,0.0,0.0,0.001,1e-05,False,5,5.0,0.0,200,1.0,0.029622,1.1791,0.0082,4,0.022167,nan,models/chua_orig_nint128_bs16_sig0.0_lr1e-03-1e-05_tfp0_ramp200_hLR1_m20_p10_seed11_minsym5_cand4_reducedp3_retained_coordeq_fixed_syncrr_v1_rseed0.pth,retained_coordeq_fixed_syncrr_v1,False,completed,5,5,1.179104
chua_orig_nint128_bs16_sig0.0_lr1e-03-1e-05_tfp0_ramp200_hLR1_m20_p10_seed11_minsym5_cand5_reducedp3_retained_coordeq_fixed_syncrr_v1_rseed0,20,10,11,11,0,5,10,3,7,5,5,0;4;5;6;7;8;9,retained_preactivation,1.0,,False,0.1,,,1.0,coord_equal_fixed,P_eff / N,0.1,False,readout_retained,128,0.00,0.00,0.00,1.00,128,2000,16,200,200,0.0,0.0,0.001,1e-05,False,5,5.0,0.0,200,1.0,0.041488,1.1284,0.0071,3,0.027249,nan,models/chua_orig_nint128_bs16_sig0.0_lr1e-03-1e-05_tfp0_ramp200_hLR1_m20_p10_seed11_minsym5_cand5_reducedp3_retained_coordeq_fixed_syncrr_v1_rseed0.pth,retained_coordeq_fixed_syncrr_v1,False,completed,5,5,1.221086
chua_orig_nint128_bs16_sig0.0_lr1e-03-1e-05_tfp0_ramp200_hLR1_m20_p10_seed11_minsym5_cand6_reducedp3_retained_coordeq_fixed_syncrr_v1_rseed0,20,10,11,11,0,6,10,3,7,5,5,1;3;4;5;6;7;9,retained_preactivation,1.0,,False,0.1,,,1.0,coord_equal_fixed,P_eff / N,0.1,False,readout_retained,128,0.00,0.00,0.00,1.00,128,2000,16,200,200,0.0,0.0,0.001,1e-05,False,5,5.0,0.0,200,1.0,0.029004,1.2172,0.0056,3,0.020279,nan,models/chua_orig_nint128_bs16_sig0.0_lr1e-03-1e-05_tfp0_ramp200_hLR1_m20_p10_seed11_minsym5_cand6_reducedp3_retained_coordeq_fixed_syncrr_v1_rseed0.pth,retained_coordeq_fixed_syncrr_v1,False,completed,5,5,1.217230
chua_orig_nint128_bs16_sig0.0_lr1e-03-1e-05_tfp0_ramp200_hLR1_m20_p10_seed11_minsym5_cand7_reducedp3_retained_coordeq_fixed_syncrr_v1_rseed0,20,10,11,11,0,7,10,3,7,5,5,3;4;5;6;7;8;9,retained_preactivation,1.0,,False,0.1,,,1.0,coord_equal_fixed,P_eff / N,0.1,False,readout_retained,128,0.00,0.00,0.00,1.00,128,2000,16,200,200,0.0,0.0,0.001,1e-05,False,5,5.0,0.0,200,1.0,0.026178,1.2659,0.0043,5,0.017155,nan,models/chua_orig_nint128_bs16_sig0.0_lr1e-03-1e-05_tfp0_ramp200_hLR1_m20_p10_seed11_minsym5_cand7_reducedp3_retained_coordeq_fixed_syncrr_v1_rseed0.pth,retained_coordeq_fixed_syncrr_v1,False,completed,5,5,1.265928
chua_orig_nint128_bs16_sig0.0_lr1e-03-1e-05_tfp0_ramp200_hLR1_m20_p10_seed13_minsym5_cand0_reducedp3_retained_coordeq_fixed_syncrr_v1_rseed0,20,10,13,13,0,0,10,3,7,5,5,0;1;2;3;5;7;8,retained_preactivation,1.0,,False,0.1,,,1.0,coord_equal_fixed,P_eff / N,0.1,False,readout_retained,128,0.00,0.00,0.00,1.00,128,2000,16,200,200,0.0,0.0,0.001,1e-05,False,5,5.0,0.0,200,1.0,0.020040,1.1456,0.0085,4,0.013856,nan,models/chua_orig_nint128_bs16_sig0.0_lr1e-03-1e-05_tfp0_ramp200_hLR1_m20_p10_seed13_minsym5_cand0_reducedp3_retained_coordeq_fixed_syncrr_v1_rseed0.pth,retained_coordeq_fixed_syncrr_v1,False,completed,5,5,1.145620
chua_orig_nint128_bs16_sig0.0_lr1e-03-1e-05_tfp0_ramp200_hLR1_m20_p10_seed13_minsym5_cand1_reducedp3_retained_coordeq_fixed_syncrr_v1_rseed0,20,10,13,13,0,1,10,3,7,5,5,0;1;2;5;7;8;9,retained_preactivation,1.0,,False,0.1,,,1.0,coord_equal_fixed,P_eff / N,0.1,False,readout_retained,128,0.00,0.00,0.00,1.00,128,2000,16,200,200,0.0,0.0,0.001,1e-05,False,5,5.0,0.0,200,1.0,0.024338,1.2009,0.0144,6,0.011991,nan,models/chua_orig_nint128_bs16_sig0.0_lr1e-03-1e-05_tfp0_ramp200_hLR1_m20_p10_seed13_minsym5_cand1_reducedp3_retained_coordeq_fixed_syncrr_v1_rseed0.pth,retained_coordeq_fixed_syncrr_v1,False,completed,5,5,1.342937
chua_orig_nint128_bs16_sig0.0_lr1e-03-1e-05_tfp0_ramp200_hLR1_m20_p10_seed13_minsym5_cand2_reducedp3_retained_coordeq_fixed_syncrr_v1_rseed0,20,10,13,13,0,2,10,3,7,5,5,0;1;3;5;7;8;9,retained_preactivation,1.0,,False,0.1,,,1.0,coord_equal_fixed,P_eff / N,0.1,False,readout_retained,128,0.00,0.00,0.00,1.00,128,2000,16,200,200,0.0,0.0,0.001,1e-05,False,5,5.0,0.0,200,1.0,0.018145,1.2057,0.0067,5,0.011996,nan,models/chua_orig_nint128_bs16_sig0.0_lr1e-03-1e-05_tfp0_ramp200_hLR1_m20_p10_seed13_minsym5_cand2_reducedp3_retained_coordeq_fixed_syncrr_v1_rseed0.pth,retained_coordeq_fixed_syncrr_v1,False,completed,5,5,1.205675
chua_orig_nint128_bs16_sig0.0_lr1e-03-1e-05_tfp0_ramp200_hLR1_m20_p10_seed13_minsym5_cand3_reducedp3_retained_coordeq_fixed_syncrr_v1_rseed0,20,10,13,13,0,3,10,3,7,5,5,0;2;3;5;6;7;8,retained_preactivation,1.0,,False,0.1,,,1.0,coord_equal_fixed,P_eff / N,0.1,False,readout_retained,128,0.00,0.00,0.00,1.00,128,2000,16,200,200,0.0,0.0,0.001,1e-05,False,5,5.0,0.0,200,1.0,0.023242,1.1692,0.0070,5,0.017697,nan,models/chua_orig_nint128_bs16_sig0.0_lr1e-03-1e-05_tfp0_ramp200_hLR1_m20_p10_seed13_minsym5_cand3_reducedp3_retained_coordeq_fixed_syncrr_v1_rseed0.pth,retained_coordeq_fixed_syncrr_v1,False,completed,5,5,1.169174
chua_orig_nint128_bs16_sig0.0_lr1e-03-1e-05_tfp0_ramp200_hLR1_m20_p10_seed13_minsym5_cand4_reducedp3_retained_coordeq_fixed_syncrr_v1_rseed0,20,10,13,13,0,4,10,3,7,5,5,0;2;5;6;7;8;9,retained_preactivation,1.0,,False,0.1,,,1.0,coord_equal_fixed,P_eff / N,0.1,False,readout_retained,128,0.00,0.00,0.00,1.00,128,2000,16,200,200,0.0,0.0,0.001,1e-05,False,5,5.0,0.0,200,1.0,0.027356,1.2024,0.0061,5,0.016263,nan,models/chua_orig_nint128_bs16_sig0.0_lr1e-03-1e-05_tfp0_ramp200_hLR1_m20_p10_seed13_minsym5_cand4_reducedp3_retained_coordeq_fixed_syncrr_v1_rseed0.pth,retained_coordeq_fixed_syncrr_v1,False,completed,5,5,1.202432
chua_orig_nint128_bs16_sig0.0_lr1e-03-1e-05_tfp0_ramp200_hLR1_m20_p10_seed13_minsym5_cand5_reducedp3_retained_coordeq_fixed_syncrr_v1_rseed0,20,10,13,13,0,5,10,3,7,5,5,0;3;5;6;7;8;9,retained_preactivation,1.0,,False,0.1,,,1.0,coord_equal_fixed,P_eff / N,0.1,False,readout_retained,128,0.00,0.00,0.00,1.00,128,2000,16,200,200,0.0,0.0,0.001,1e-05,False,5,5.0,0.0,200,1.0,0.016540,1.1520,0.0081,5,0.013378,nan,models/chua_orig_nint128_bs16_sig0.0_lr1e-03-1e-05_tfp0_ramp200_hLR1_m20_p10_seed13_minsym5_cand5_reducedp3_retained_coordeq_fixed_syncrr_v1_rseed0.pth,retained_coordeq_fixed_syncrr_v1,False,completed,5,5,1.151994
chua_orig_nint128_bs16_sig0.0_lr1e-03-1e-05_tfp0_ramp200_hLR1_m20_p10_seed13_minsym5_cand6_reducedp3_retained_coordeq_fixed_syncrr_v1_rseed0,20,10,13,13,0,6,10,3,7,5,5,1;2;3;5;7;8;9,retained_preactivation,1.0,,False,0.1,,,1.0,coord_equal_fixed,P_eff / N,0.1,False,readout_retained,128,0.00,0.00,0.00,1.00,128,2000,16,200,200,0.0,0.0,0.001,1e-05,False,5,5.0,0.0,200,1.0,0.021002,1.1769,0.0088,5,0.014637,nan,models/chua_orig_nint128_bs16_sig0.0_lr1e-03-1e-05_tfp0_ramp200_hLR1_m20_p10_seed13_minsym5_cand6_reducedp3_retained_coordeq_fixed_syncrr_v1_rseed0.pth,retained_coordeq_fixed_syncrr_v1,False,completed,5,5,1.176919
chua_orig_nint128_bs16_sig0.0_lr1e-03-1e-05_tfp0_ramp200_hLR1_m20_p10_seed13_minsym5_cand7_reducedp3_retained_coordeq_fixed_syncrr_v1_rseed0,20,10,13,13,0,7,10,3,7,5,5,2;3;5;6;7;8;9,retained_preactivation,1.0,,False,0.1,,,1.0,coord_equal_fixed,P_eff / N,0.1,False,readout_retained,128,0.00,0.00,0.00,1.00,128,2000,16,200,200,0.0,0.0,0.001,1e-05,False,5,5.0,0.0,200,1.0,0.020103,1.1456,0.0124,4,0.014482,nan,models/chua_orig_nint128_bs16_sig0.0_lr1e-03-1e-05_tfp0_ramp200_hLR1_m20_p10_seed13_minsym5_cand7_reducedp3_retained_coordeq_fixed_syncrr_v1_rseed0.pth,retained_coordeq_fixed_syncrr_v1,False,completed,5,5,1.145640
chua_orig_nint128_bs16_sig0.0_lr1e-03-1e-05_tfp0_ramp200_hLR1_m20_p10_seed14_minsym5_cand0_reducedp3_retained_coordeq_fixed_syncrr_v1_rseed0,20,10,14,14,0,0,10,3,7,5,5,0;1;2;5;6;7;8,retained_preactivation,1.0,,False,0.1,,,1.0,coord_equal_fixed,P_eff / N,0.1,False,readout_retained,128,0.00,0.00,0.00,1.00,128,2000,16,200,200,0.0,0.0,0.001,1e-05,False,5,5.0,0.0,200,1.0,0.373156,2.6666,0.0104,1,0.333612,nan,models/chua_orig_nint128_bs16_sig0.0_lr1e-03-1e-05_tfp0_ramp200_hLR1_m20_p10_seed14_minsym5_cand0_reducedp3_retained_coordeq_fixed_syncrr_v1_rseed0.pth,retained_coordeq_fixed_syncrr_v1,False,completed,3,4,2.666569
chua_orig_nint128_bs16_sig0.0_lr1e-03-1e-05_tfp0_ramp200_hLR1_m20_p10_seed14_minsym5_cand1_reducedp3_retained_coordeq_fixed_syncrr_v1_rseed0,20,10,14,14,0,1,10,3,7,5,5,0;1;2;5;6;7;9,retained_preactivation,1.0,,False,0.1,,,1.0,coord_equal_fixed,P_eff / N,0.1,False,readout_retained,128,0.00,0.00,0.00,1.00,128,2000,16,200,200,0.0,0.0,0.001,1e-05,False,5,5.0,0.0,200,1.0,0.014702,1.1624,0.0094,4,0.009527,nan,models/chua_orig_nint128_bs16_sig0.0_lr1e-03-1e-05_tfp0_ramp200_hLR1_m20_p10_seed14_minsym5_cand1_reducedp3_retained_coordeq_fixed_syncrr_v1_rseed0.pth,retained_coordeq_fixed_syncrr_v1,False,completed,5,5,1.162410
chua_orig_nint128_bs16_sig0.0_lr1e-03-1e-05_tfp0_ramp200_hLR1_m20_p10_seed14_minsym5_cand2_reducedp3_retained_coordeq_fixed_syncrr_v1_rseed0,20,10,14,14,0,2,10,3,7,5,5,0;1;2;5;6;8;9,retained_preactivation,1.0,,False,0.1,,,1.0,coord_equal_fixed,P_eff / N,0.1,False,readout_retained,128,0.00,0.00,0.00,1.00,128,2000,16,200,200,0.0,0.0,0.001,1e-05,False,5,5.0,0.0,200,1.0,0.009493,1.2583,0.0123,5,0.005839,nan,models/chua_orig_nint128_bs16_sig0.0_lr1e-03-1e-05_tfp0_ramp200_hLR1_m20_p10_seed14_minsym5_cand2_reducedp3_retained_coordeq_fixed_syncrr_v1_rseed0.pth,retained_coordeq_fixed_syncrr_v1,False,completed,5,5,1.258319
chua_orig_nint128_bs16_sig0.0_lr1e-03-1e-05_tfp0_ramp200_hLR1_m20_p10_seed14_minsym5_cand3_reducedp3_retained_coordeq_fixed_syncrr_v1_rseed0,20,10,14,14,0,3,10,3,7,5,5,0;1;5;6;7;8;9,retained_preactivation,1.0,,False,0.1,,,1.0,coord_equal_fixed,P_eff / N,0.1,False,readout_retained,128,0.00,0.00,0.00,1.00,128,2000,16,200,200,0.0,0.0,0.001,1e-05,False,5,5.0,0.0,200,1.0,0.375221,2.3363,0.0075,3,0.330552,nan,models/chua_orig_nint128_bs16_sig0.0_lr1e-03-1e-05_tfp0_ramp200_hLR1_m20_p10_seed14_minsym5_cand3_reducedp3_retained_coordeq_fixed_syncrr_v1_rseed0.pth,retained_coordeq_fixed_syncrr_v1,False,completed,4,4,2.992108
chua_orig_nint128_bs16_sig0.0_lr1e-03-1e-05_tfp0_ramp200_hLR1_m20_p10_seed14_minsym5_cand4_reducedp3_retained_coordeq_fixed_syncrr_v1_rseed0,20,10,14,14,0,4,10,3,7,5,5,0;2;5;6;7;8;9,retained_preactivation,1.0,,False,0.1,,,1.0,coord_equal_fixed,P_eff / N,0.1,False,readout_retained,128,0.00,0.00,0.00,1.00,128,2000,16,200,200,0.0,0.0,0.001,1e-05,False,5,5.0,0.0,200,1.0,0.405666,2.7195,0.0070,2,0.351620,nan,models/chua_orig_nint128_bs16_sig0.0_lr1e-03-1e-05_tfp0_ramp200_hLR1_m20_p10_seed14_minsym5_cand4_reducedp3_retained_coordeq_fixed_syncrr_v1_rseed0.pth,retained_coordeq_fixed_syncrr_v1,False,completed,3,4,2.719474
chua_orig_nint128_bs16_sig0.0_lr1e-03-1e-05_tfp0_ramp200_hLR1_m20_p10_seed15_minsym5_cand0_reducedp3_retained_coordeq_fixed_syncrr_v1_rseed0,20,10,15,15,0,0,10,3,7,5,5,0;2;3;5;6;7;8,retained_preactivation,1.0,,False,0.1,,,1.0,coord_equal_fixed,P_eff / N,0.1,False,readout_retained,128,0.00,0.00,0.00,1.00,128,2000,16,200,200,0.0,0.0,0.001,1e-05,False,5,5.0,0.0,200,1.0,0.029682,1.2102,0.0108,5,0.024055,nan,models/chua_orig_nint128_bs16_sig0.0_lr1e-03-1e-05_tfp0_ramp200_hLR1_m20_p10_seed15_minsym5_cand0_reducedp3_retained_coordeq_fixed_syncrr_v1_rseed0.pth,retained_coordeq_fixed_syncrr_v1,False,completed,5,5,1.210205
chua_orig_nint128_bs16_sig0.0_lr1e-03-1e-05_tfp0_ramp200_hLR1_m20_p10_seed15_minsym5_cand1_reducedp3_retained_coordeq_fixed_syncrr_v1_rseed0,20,10,15,15,0,1,10,3,7,5,5,0;2;3;5;6;7;9,retained_preactivation,1.0,,False,0.1,,,1.0,coord_equal_fixed,P_eff / N,0.1,False,readout_retained,128,0.00,0.00,0.00,1.00,128,2000,16,200,200,0.0,0.0,0.001,1e-05,False,5,5.0,0.0,200,1.0,0.021147,1.2336,0.0077,5,0.012458,nan,models/chua_orig_nint128_bs16_sig0.0_lr1e-03-1e-05_tfp0_ramp200_hLR1_m20_p10_seed15_minsym5_cand1_reducedp3_retained_coordeq_fixed_syncrr_v1_rseed0.pth,retained_coordeq_fixed_syncrr_v1,False,completed,5,5,1.233568
chua_orig_nint128_bs16_sig0.0_lr1e-03-1e-05_tfp0_ramp200_hLR1_m20_p10_seed15_minsym5_cand2_reducedp3_retained_coordeq_fixed_syncrr_v1_rseed0,20,10,15,15,0,2,10,3,7,5,5,0;2;3;5;6;8;9,retained_preactivation,1.0,,False,0.1,,,1.0,coord_equal_fixed,P_eff / N,0.1,False,readout_retained,128,0.00,0.00,0.00,1.00,128,2000,16,200,200,0.0,0.0,0.001,1e-05,False,5,5.0,0.0,200,1.0,0.054446,1.1839,0.0115,5,0.036329,nan,models/chua_orig_nint128_bs16_sig0.0_lr1e-03-1e-05_tfp0_ramp200_hLR1_m20_p10_seed15_minsym5_cand2_reducedp3_retained_coordeq_fixed_syncrr_v1_rseed0.pth,retained_coordeq_fixed_syncrr_v1,False,completed,5,5,1.183899
chua_orig_nint128_bs16_sig0.0_lr1e-03-1e-05_tfp0_ramp200_hLR1_m20_p10_seed15_minsym5_cand3_reducedp3_retained_coordeq_fixed_syncrr_v1_rseed0,20,10,15,15,0,3,10,3,7,5,5,0;2;3;5;7;8;9,retained_preactivation,1.0,,False,0.1,,,1.0,coord_equal_fixed,P_eff / N,0.1,False,readout_retained,128,0.00,0.00,0.00,1.00,128,2000,16,200,200,0.0,0.0,0.001,1e-05,False,5,5.0,0.0,200,1.0,0.312372,2.8480,0.0128,2,0.262700,nan,models/chua_orig_nint128_bs16_sig0.0_lr1e-03-1e-05_tfp0_ramp200_hLR1_m20_p10_seed15_minsym5_cand3_reducedp3_retained_coordeq_fixed_syncrr_v1_rseed0.pth,retained_coordeq_fixed_syncrr_v1,False,completed,3,4,2.847958
chua_orig_nint128_bs16_sig0.0_lr1e-03-1e-05_tfp0_ramp200_hLR1_m20_p10_seed15_minsym5_cand4_reducedp3_retained_coordeq_fixed_syncrr_v1_rseed0,20,10,15,15,0,4,10,3,7,5,5,0;2;5;6;7;8;9,retained_preactivation,1.0,,False,0.1,,,1.0,coord_equal_fixed,P_eff / N,0.1,False,readout_retained,128,0.00,0.00,0.00,1.00,128,2000,16,200,200,0.0,0.0,0.001,1e-05,False,5,5.0,0.0,200,1.0,0.022344,1.1564,0.0100,5,0.017790,nan,models/chua_orig_nint128_bs16_sig0.0_lr1e-03-1e-05_tfp0_ramp200_hLR1_m20_p10_seed15_minsym5_cand4_reducedp3_retained_coordeq_fixed_syncrr_v1_rseed0.pth,retained_coordeq_fixed_syncrr_v1,False,completed,5,5,1.156389
chua_orig_nint128_bs16_sig0.0_lr1e-03-1e-05_tfp0_ramp200_hLR1_m20_p10_seed15_minsym5_cand5_reducedp3_retained_coordeq_fixed_syncrr_v1_rseed0,20,10,15,15,0,5,10,3,7,5,5,0;3;5;6;7;8;9,retained_preactivation,1.0,,False,0.1,,,1.0,coord_equal_fixed,P_eff / N,0.1,False,readout_retained,128,0.00,0.00,0.00,1.00,128,2000,16,200,200,0.0,0.0,0.001,1e-05,False,5,5.0,0.0,200,1.0,0.039943,1.2046,0.0064,4,0.029134,nan,models/chua_orig_nint128_bs16_sig0.0_lr1e-03-1e-05_tfp0_ramp200_hLR1_m20_p10_seed15_minsym5_cand5_reducedp3_retained_coordeq_fixed_syncrr_v1_rseed0.pth,retained_coordeq_fixed_syncrr_v1,False,completed,5,5,1.204645
chua_orig_nint128_bs16_sig0.0_lr1e-03-1e-05_tfp0_ramp200_hLR1_m20_p10_seed15_minsym5_cand6_reducedp3_retained_coordeq_fixed_syncrr_v1_rseed0,20,10,15,15,0,6,10,3,7,5,5,2;3;5;6;7;8;9,retained_preactivation,1.0,,False,0.1,,,1.0,coord_equal_fixed,P_eff / N,0.1,False,readout_retained,128,0.00,0.00,0.00,1.00,128,2000,16,200,200,0.0,0.0,0.001,1e-05,False,5,5.0,0.0,200,1.0,0.289541,3.3588,0.0102,3,0.224211,nan,models/chua_orig_nint128_bs16_sig0.0_lr1e-03-1e-05_tfp0_ramp200_hLR1_m20_p10_seed15_minsym5_cand6_reducedp3_retained_coordeq_fixed_syncrr_v1_rseed0.pth,retained_coordeq_fixed_syncrr_v1,False,completed,3,4,3.358803
chua_orig_nint128_bs16_sig0.0_lr1e-03-1e-05_tfp0_ramp200_hLR1_m20_p10_seed16_minsym5_cand0_reducedp3_retained_coordeq_fixed_syncrr_v1_rseed0,20,10,16,16,0,0,10,3,7,5,5,0;1;2;3;4;5;8,retained_preactivation,1.0,,False,0.1,,,1.0,coord_equal_fixed,P_eff / N,0.1,False,readout_retained,128,0.00,0.00,0.00,1.00,128,2000,16,200,200,0.0,0.0,0.001,1e-05,False,5,5.0,0.0,200,1.0,0.031427,1.1522,0.0086,4,0.015547,nan,models/chua_orig_nint128_bs16_sig0.0_lr1e-03-1e-05_tfp0_ramp200_hLR1_m20_p10_seed16_minsym5_cand0_reducedp3_retained_coordeq_fixed_syncrr_v1_rseed0.pth,retained_coordeq_fixed_syncrr_v1,False,completed,5,5,1.240916
chua_orig_nint128_bs16_sig0.0_lr1e-03-1e-05_tfp0_ramp200_hLR1_m20_p10_seed16_minsym5_cand1_reducedp3_retained_coordeq_fixed_syncrr_v1_rseed0,20,10,16,16,0,1,10,3,7,5,5,0;1;2;3;4;7;8,retained_preactivation,1.0,,False,0.1,,,1.0,coord_equal_fixed,P_eff / N,0.1,False,readout_retained,128,0.00,0.00,0.00,1.00,128,2000,16,200,200,0.0,0.0,0.001,1e-05,False,5,5.0,0.0,200,1.0,0.022372,1.5476,0.0078,1,0.010954,nan,models/chua_orig_nint128_bs16_sig0.0_lr1e-03-1e-05_tfp0_ramp200_hLR1_m20_p10_seed16_minsym5_cand1_reducedp3_retained_coordeq_fixed_syncrr_v1_rseed0.pth,retained_coordeq_fixed_syncrr_v1,False,completed,5,5,1.547604
chua_orig_nint128_bs16_sig0.0_lr1e-03-1e-05_tfp0_ramp200_hLR1_m20_p10_seed17_minsym5_cand0_reducedp3_retained_coordeq_fixed_syncrr_v1_rseed0,20,10,17,17,0,0,10,3,7,5,5,0;1;2;3;4;6;8,retained_preactivation,1.0,,False,0.1,,,1.0,coord_equal_fixed,P_eff / N,0.1,False,readout_retained,128,0.00,0.00,0.00,1.00,128,2000,16,200,200,0.0,0.0,0.001,1e-05,False,5,5.0,0.0,200,1.0,0.027999,1.1419,0.0091,4,0.013811,nan,models/chua_orig_nint128_bs16_sig0.0_lr1e-03-1e-05_tfp0_ramp200_hLR1_m20_p10_seed17_minsym5_cand0_reducedp3_retained_coordeq_fixed_syncrr_v1_rseed0.pth,retained_coordeq_fixed_syncrr_v1,False,completed,5,5,1.224616
chua_orig_nint128_bs16_sig0.0_lr1e-03-1e-05_tfp0_ramp200_hLR1_m20_p10_seed17_minsym5_cand1_reducedp3_retained_coordeq_fixed_syncrr_v1_rseed0,20,10,17,17,0,1,10,3,7,5,5,0;1;2;3;4;8;9,retained_preactivation,1.0,,False,0.1,,,1.0,coord_equal_fixed,P_eff / N,0.1,False,readout_retained,128,0.00,0.00,0.00,1.00,128,2000,16,200,200,0.0,0.0,0.001,1e-05,False,5,5.0,0.0,200,1.0,0.026371,1.1903,0.0109,3,0.014376,nan,models/chua_orig_nint128_bs16_sig0.0_lr1e-03-1e-05_tfp0_ramp200_hLR1_m20_p10_seed17_minsym5_cand1_reducedp3_retained_coordeq_fixed_syncrr_v1_rseed0.pth,retained_coordeq_fixed_syncrr_v1,False,completed,5,5,1.282729
chua_orig_nint128_bs16_sig0.0_lr1e-03-1e-05_tfp0_ramp200_hLR1_m20_p10_seed17_minsym5_cand2_reducedp3_retained_coordeq_fixed_syncrr_v1_rseed0,20,10,17,17,0,2,10,3,7,5,5,0;2;3;4;6;7;8,retained_preactivation,1.0,,False,0.1,,,1.0,coord_equal_fixed,P_eff / N,0.1,False,readout_retained,128,0.00,0.00,0.00,1.00,128,2000,16,200,200,0.0,0.0,0.001,1e-05,False,5,5.0,0.0,200,1.0,0.019545,1.0498,0.0096,5,0.012245,nan,models/chua_orig_nint128_bs16_sig0.0_lr1e-03-1e-05_tfp0_ramp200_hLR1_m20_p10_seed17_minsym5_cand2_reducedp3_retained_coordeq_fixed_syncrr_v1_rseed0.pth,retained_coordeq_fixed_syncrr_v1,False,completed,5,5,1.049769
chua_orig_nint128_bs16_sig0.0_lr1e-03-1e-05_tfp0_ramp200_hLR1_m20_p10_seed17_minsym5_cand3_reducedp3_retained_coordeq_fixed_syncrr_v1_rseed0,20,10,17,17,0,3,10,3,7,5,5,0;2;3;4;7;8;9,retained_preactivation,1.0,,False,0.1,,,1.0,coord_equal_fixed,P_eff / N,0.1,False,readout_retained,128,0.00,0.00,0.00,1.00,128,2000,16,200,200,0.0,0.0,0.001,1e-05,False,5,5.0,0.0,200,1.0,0.011973,1.0920,0.0140,5,0.008098,nan,models/chua_orig_nint128_bs16_sig0.0_lr1e-03-1e-05_tfp0_ramp200_hLR1_m20_p10_seed17_minsym5_cand3_reducedp3_retained_coordeq_fixed_syncrr_v1_rseed0.pth,retained_coordeq_fixed_syncrr_v1,False,completed,5,5,1.092035
chua_orig_nint128_bs16_sig0.0_lr1e-03-1e-05_tfp0_ramp200_hLR1_m20_p10_seed17_minsym5_cand4_reducedp3_retained_coordeq_fixed_syncrr_v1_rseed0,20,10,17,17,0,4,10,3,7,5,5,1;2;3;5;7;8;9,retained_preactivation,1.0,,False,0.1,,,1.0,coord_equal_fixed,P_eff / N,0.1,False,readout_retained,128,0.00,0.00,0.00,1.00,128,2000,16,200,200,0.0,0.0,0.001,1e-05,False,5,5.0,0.0,200,1.0,0.214024,4.4104,0.0416,1,0.159390,nan,models/chua_orig_nint128_bs16_sig0.0_lr1e-03-1e-05_tfp0_ramp200_hLR1_m20_p10_seed17_minsym5_cand4_reducedp3_retained_coordeq_fixed_syncrr_v1_rseed0.pth,retained_coordeq_fixed_syncrr_v1,False,completed,3,5,4.410373
chua_orig_nint128_bs16_sig0.0_lr1e-03-1e-05_tfp0_ramp200_hLR1_m20_p10_seed17_minsym5_cand5_reducedp3_retained_coordeq_fixed_syncrr_v1_rseed0,20,10,17,17,0,5,10,3,7,5,5,1;2;4;5;7;8;9,retained_preactivation,1.0,,False,0.1,,,1.0,coord_equal_fixed,P_eff / N,0.1,False,readout_retained,128,0.00,0.00,0.00,1.00,128,2000,16,200,200,0.0,0.0,0.001,1e-05,False,5,5.0,0.0,200,1.0,0.282036,2.8105,0.0108,2,0.231286,nan,models/chua_orig_nint128_bs16_sig0.0_lr1e-03-1e-05_tfp0_ramp200_hLR1_m20_p10_seed17_minsym5_cand5_reducedp3_retained_coordeq_fixed_syncrr_v1_rseed0.pth,retained_coordeq_fixed_syncrr_v1,False,completed,4,5,2.810468
chua_orig_nint128_bs16_sig0.0_lr1e-03-1e-05_tfp0_ramp200_hLR1_m20_p10_seed18_minsym5_cand0_reducedp3_retained_coordeq_fixed_syncrr_v1_rseed0,20,10,18,18,0,0,10,3,7,5,5,0;1;2;3;4;5;7,retained_preactivation,1.0,,False,0.1,,,1.0,coord_equal_fixed,P_eff / N,0.1,False,readout_retained,128,0.00,0.00,0.00,1.00,128,2000,16,200,200,0.0,0.0,0.001,1e-05,False,5,5.0,0.0,200,1.0,0.039587,1.1375,0.0122,4,0.030917,nan,models/chua_orig_nint128_bs16_sig0.0_lr1e-03-1e-05_tfp0_ramp200_hLR1_m20_p10_seed18_minsym5_cand0_reducedp3_retained_coordeq_fixed_syncrr_v1_rseed0.pth,retained_coordeq_fixed_syncrr_v1,False,completed,5,5,1.137474
chua_orig_nint128_bs16_sig0.0_lr1e-03-1e-05_tfp0_ramp200_hLR1_m20_p10_seed18_minsym5_cand1_reducedp3_retained_coordeq_fixed_syncrr_v1_rseed0,20,10,18,18,0,1,10,3,7,5,5,0;1;2;3;4;5;9,retained_preactivation,1.0,,False,0.1,,,1.0,coord_equal_fixed,P_eff / N,0.1,False,readout_retained,128,0.00,0.00,0.00,1.00,128,2000,16,200,200,0.0,0.0,0.001,1e-05,False,5,5.0,0.0,200,1.0,0.034625,1.1039,0.0118,5,0.024622,nan,models/chua_orig_nint128_bs16_sig0.0_lr1e-03-1e-05_tfp0_ramp200_hLR1_m20_p10_seed18_minsym5_cand1_reducedp3_retained_coordeq_fixed_syncrr_v1_rseed0.pth,retained_coordeq_fixed_syncrr_v1,False,completed,5,5,1.103906
chua_orig_nint128_bs16_sig0.0_lr1e-03-1e-05_tfp0_ramp200_hLR1_m20_p10_seed18_minsym5_cand2_reducedp3_retained_coordeq_fixed_syncrr_v1_rseed0,20,10,18,18,0,2,10,3,7,5,5,0;1;2;3;4;6;7,retained_preactivation,1.0,,False,0.1,,,1.0,coord_equal_fixed,P_eff / N,0.1,False,readout_retained,128,0.00,0.00,0.00,1.00,128,2000,16,200,200,0.0,0.0,0.001,1e-05,False,5,5.0,0.0,200,1.0,0.029204,1.2098,0.0120,5,0.020424,nan,models/chua_orig_nint128_bs16_sig0.0_lr1e-03-1e-05_tfp0_ramp200_hLR1_m20_p10_seed18_minsym5_cand2_reducedp3_retained_coordeq_fixed_syncrr_v1_rseed0.pth,retained_coordeq_fixed_syncrr_v1,False,completed,5,5,1.209811
chua_orig_nint128_bs16_sig0.0_lr1e-03-1e-05_tfp0_ramp200_hLR1_m20_p10_seed18_minsym5_cand3_reducedp3_retained_coordeq_fixed_syncrr_v1_rseed0,20,10,18,18,0,3,10,3,7,5,5,0;1;2;3;4;6;9,retained_preactivation,1.0,,False,0.1,,,1.0,coord_equal_fixed,P_eff / N,0.1,False,readout_retained,128,0.00,0.00,0.00,1.00,128,2000,16,200,200,0.0,0.0,0.001,1e-05,False,5,5.0,0.0,200,1.0,0.022249,1.1763,0.0107,5,0.013414,nan,models/chua_orig_nint128_bs16_sig0.0_lr1e-03-1e-05_tfp0_ramp200_hLR1_m20_p10_seed18_minsym5_cand3_reducedp3_retained_coordeq_fixed_syncrr_v1_rseed0.pth,retained_coordeq_fixed_syncrr_v1,False,completed,5,5,1.176308
chua_orig_nint128_bs16_sig0.0_lr1e-03-1e-05_tfp0_ramp200_hLR1_m20_p10_seed18_minsym5_cand4_reducedp3_retained_coordeq_fixed_syncrr_v1_rseed0,20,10,18,18,0,4,10,3,7,5,5,0;1;3;4;5;7;9,retained_preactivation,1.0,,False,0.1,,,1.0,coord_equal_fixed,P_eff / N,0.1,False,readout_retained,128,0.00,0.00,0.00,1.00,128,2000,16,200,200,0.0,0.0,0.001,1e-05,False,5,5.0,0.0,200,1.0,0.034688,1.0625,0.0070,5,0.027606,nan,models/chua_orig_nint128_bs16_sig0.0_lr1e-03-1e-05_tfp0_ramp200_hLR1_m20_p10_seed18_minsym5_cand4_reducedp3_retained_coordeq_fixed_syncrr_v1_rseed0.pth,retained_coordeq_fixed_syncrr_v1,False,completed,5,5,1.062492
chua_orig_nint128_bs16_sig0.0_lr1e-03-1e-05_tfp0_ramp200_hLR1_m20_p10_seed18_minsym5_cand5_reducedp3_retained_coordeq_fixed_syncrr_v1_rseed0,20,10,18,18,0,5,10,3,7,5,5,0;1;3;4;6;7;9,retained_preactivation,1.0,,False,0.1,,,1.0,coord_equal_fixed,P_eff / N,0.1,False,readout_retained,128,0.00,0.00,0.00,1.00,128,2000,16,200,200,0.0,0.0,0.001,1e-05,False,5,5.0,0.0,200,1.0,0.026593,1.1560,0.0104,5,0.018765,nan,models/chua_orig_nint128_bs16_sig0.0_lr1e-03-1e-05_tfp0_ramp200_hLR1_m20_p10_seed18_minsym5_cand5_reducedp3_retained_coordeq_fixed_syncrr_v1_rseed0.pth,retained_coordeq_fixed_syncrr_v1,False,completed,5,5,1.155987
chua_orig_nint128_bs16_sig0.0_lr1e-03-1e-05_tfp0_ramp200_hLR1_m20_p10_seed18_minsym5_cand6_reducedp3_retained_coordeq_fixed_syncrr_v1_rseed0,20,10,18,18,0,6,10,3,7,5,5,1;2;3;4;5;7;9,retained_preactivation,1.0,,False,0.1,,,1.0,coord_equal_fixed,P_eff / N,0.1,False,readout_retained,128,0.00,0.00,0.00,1.00,128,2000,16,200,200,0.0,0.0,0.001,1e-05,False,5,5.0,0.0,200,1.0,0.030015,1.1102,0.0162,5,0.024389,nan,models/chua_orig_nint128_bs16_sig0.0_lr1e-03-1e-05_tfp0_ramp200_hLR1_m20_p10_seed18_minsym5_cand6_reducedp3_retained_coordeq_fixed_syncrr_v1_rseed0.pth,retained_coordeq_fixed_syncrr_v1,False,completed,5,6,1.110163
chua_orig_nint128_bs16_sig0.0_lr1e-03-1e-05_tfp0_ramp200_hLR1_m20_p10_seed18_minsym5_cand7_reducedp3_retained_coordeq_fixed_syncrr_v1_rseed0,20,10,18,18,0,7,10,3,7,5,5,1;2;3;4;6;7;9,retained_preactivation,1.0,,False,0.1,,,1.0,coord_equal_fixed,P_eff / N,0.1,False,readout_retained,128,0.00,0.00,0.00,1.00,128,2000,16,200,200,0.0,0.0,0.001,1e-05,False,5,5.0,0.0,200,1.0,11.123646,1.0401,0.0084,5,0.117240,nan,models/chua_orig_nint128_bs16_sig0.0_lr1e-03-1e-05_tfp0_ramp200_hLR1_m20_p10_seed18_minsym5_cand7_reducedp3_retained_coordeq_fixed_syncrr_v1_rseed0.pth,retained_coordeq_fixed_syncrr_v1,False,completed,5,5,1.040130
chua_orig_nint128_bs16_sig0.0_lr1e-03-1e-05_tfp0_ramp200_hLR1_m20_p10_seed20_minsym5_cand0_reducedp3_retained_coordeq_fixed_syncrr_v1_rseed0,20,10,20,20,0,0,10,3,7,5,5,0;1;2;3;5;7;8,retained_preactivation,1.0,,False,0.1,,,1.0,coord_equal_fixed,P_eff / N,0.1,False,readout_retained,128,0.00,0.00,0.00,1.00,128,2000,16,200,200,0.0,0.0,0.001,1e-05,False,5,5.0,0.0,200,1.0,0.006919,1.0378,0.0086,5,0.005574,nan,models/chua_orig_nint128_bs16_sig0.0_lr1e-03-1e-05_tfp0_ramp200_hLR1_m20_p10_seed20_minsym5_cand0_reducedp3_retained_coordeq_fixed_syncrr_v1_rseed0.pth,retained_coordeq_fixed_syncrr_v1,False,completed,5,5,1.037802
chua_orig_nint128_bs16_sig0.0_lr1e-03-1e-05_tfp0_ramp200_hLR1_m20_p10_seed20_minsym5_cand1_reducedp3_retained_coordeq_fixed_syncrr_v1_rseed0,20,10,20,20,0,1,10,3,7,5,5,0;1;3;4;5;7;8,retained_preactivation,1.0,,False,0.1,,,1.0,coord_equal_fixed,P_eff / N,0.1,False,readout_retained,128,0.00,0.00,0.00,1.00,128,2000,16,200,200,0.0,0.0,0.001,1e-05,False,5,5.0,0.0,200,1.0,0.010013,1.1175,0.0110,4,0.006447,nan,models/chua_orig_nint128_bs16_sig0.0_lr1e-03-1e-05_tfp0_ramp200_hLR1_m20_p10_seed20_minsym5_cand1_reducedp3_retained_coordeq_fixed_syncrr_v1_rseed0.pth,retained_coordeq_fixed_syncrr_v1,False,completed,5,5,1.351887
chua_orig_nint128_bs16_sig0.0_lr1e-03-1e-05_tfp0_ramp200_hLR1_m20_p10_seed20_minsym5_cand2_reducedp3_retained_coordeq_fixed_syncrr_v1_rseed0,20,10,20,20,0,2,10,3,7,5,5,1;2;3;4;5;7;8,retained_preactivation,1.0,,False,0.1,,,1.0,coord_equal_fixed,P_eff / N,0.1,False,readout_retained,128,0.00,0.00,0.00,1.00,128,2000,16,200,200,0.0,0.0,0.001,1e-05,False,5,5.0,0.0,200,1.0,0.009033,1.1331,0.0070,5,0.006551,nan,models/chua_orig_nint128_bs16_sig0.0_lr1e-03-1e-05_tfp0_ramp200_hLR1_m20_p10_seed20_minsym5_cand2_reducedp3_retained_coordeq_fixed_syncrr_v1_rseed0.pth,retained_coordeq_fixed_syncrr_v1,False,completed,5,5,1.139122
chua_orig_nint128_bs16_sig0.0_lr1e-03-1e-05_tfp0_ramp200_hLR1_m20_p10_seed21_minsym5_cand0_reducedp3_retained_coordeq_fixed_syncrr_v1_rseed0,20,10,21,21,0,0,10,3,7,5,5,0;1;3;4;5;6;8,retained_preactivation,1.0,,False,0.1,,,1.0,coord_equal_fixed,P_eff / N,0.1,False,readout_retained,128,0.00,0.00,0.00,1.00,128,2000,16,200,200,0.0,0.0,0.001,1e-05,False,5,5.0,0.0,200,1.0,0.052279,1.1550,0.0111,5,0.026190,nan,models/chua_orig_nint128_bs16_sig0.0_lr1e-03-1e-05_tfp0_ramp200_hLR1_m20_p10_seed21_minsym5_cand0_reducedp3_retained_coordeq_fixed_syncrr_v1_rseed0.pth,retained_coordeq_fixed_syncrr_v1,False,completed,5,5,1.155008
chua_orig_nint128_bs16_sig0.0_lr1e-03-1e-05_tfp0_ramp200_hLR1_m20_p10_seed21_minsym5_cand1_reducedp3_retained_coordeq_fixed_syncrr_v1_rseed0,20,10,21,21,0,1,10,3,7,5,5,0;1;3;4;5;8;9,retained_preactivation,1.0,,False,0.1,,,1.0,coord_equal_fixed,P_eff / N,0.1,False,readout_retained,128,0.00,0.00,0.00,1.00,128,2000,16,200,200,0.0,0.0,0.001,1e-05,False,5,5.0,0.0,200,1.0,0.040192,1.2685,0.0110,5,0.024955,nan,models/chua_orig_nint128_bs16_sig0.0_lr1e-03-1e-05_tfp0_ramp200_hLR1_m20_p10_seed21_minsym5_cand1_reducedp3_retained_coordeq_fixed_syncrr_v1_rseed0.pth,retained_coordeq_fixed_syncrr_v1,False,completed,5,5,1.348262
chua_orig_nint128_bs16_sig0.0_lr1e-03-1e-05_tfp0_ramp200_hLR1_m20_p10_seed21_minsym5_cand2_reducedp3_retained_coordeq_fixed_syncrr_v1_rseed0,20,10,21,21,0,2,10,3,7,5,5,0;1;3;4;6;8;9,retained_preactivation,1.0,,False,0.1,,,1.0,coord_equal_fixed,P_eff / N,0.1,False,readout_retained,128,0.00,0.00,0.00,1.00,128,2000,16,200,200,0.0,0.0,0.001,1e-05,False,5,5.0,0.0,200,1.0,0.038507,1.3152,0.0094,5,0.022579,nan,models/chua_orig_nint128_bs16_sig0.0_lr1e-03-1e-05_tfp0_ramp200_hLR1_m20_p10_seed21_minsym5_cand2_reducedp3_retained_coordeq_fixed_syncrr_v1_rseed0.pth,retained_coordeq_fixed_syncrr_v1,False,completed,5,5,1.315167
chua_orig_nint128_bs16_sig0.0_lr1e-03-1e-05_tfp0_ramp200_hLR1_m20_p10_seed21_minsym5_cand3_reducedp3_retained_coordeq_fixed_syncrr_v1_rseed0,20,10,21,21,0,3,10,3,7,5,5,0;3;4;5;6;8;9,retained_preactivation,1.0,,False,0.1,,,1.0,coord_equal_fixed,P_eff / N,0.1,False,readout_retained,128,0.00,0.00,0.00,1.00,128,2000,16,200,200,0.0,0.0,0.001,1e-05,False,5,5.0,0.0,200,1.0,0.043355,1.2560,0.0103,5,0.025156,nan,models/chua_orig_nint128_bs16_sig0.0_lr1e-03-1e-05_tfp0_ramp200_hLR1_m20_p10_seed21_minsym5_cand3_reducedp3_retained_coordeq_fixed_syncrr_v1_rseed0.pth,retained_coordeq_fixed_syncrr_v1,False,completed,5,5,1.255972
chua_orig_nint128_bs16_sig0.0_lr1e-03-1e-05_tfp0_ramp200_hLR1_m20_p10_seed22_minsym5_cand0_reducedp3_retained_coordeq_fixed_syncrr_v1_rseed0,20,10,22,22,0,0,10,3,7,5,5,0;2;3;4;5;7;8,retained_preactivation,1.0,,False,0.1,,,1.0,coord_equal_fixed,P_eff / N,0.1,False,readout_retained,128,0.00,0.00,0.00,1.00,128,2000,16,200,200,0.0,0.0,0.001,1e-05,False,5,5.0,0.0,200,1.0,0.261705,6.6865,0.0137,3,0.160785,nan,models/chua_orig_nint128_bs16_sig0.0_lr1e-03-1e-05_tfp0_ramp200_hLR1_m20_p10_seed22_minsym5_cand0_reducedp3_retained_coordeq_fixed_syncrr_v1_rseed0.pth,retained_coordeq_fixed_syncrr_v1,False,completed,3,8,6.686521
chua_orig_nint128_bs16_sig0.0_lr1e-03-1e-05_tfp0_ramp200_hLR1_m20_p10_seed22_minsym5_cand1_reducedp3_retained_coordeq_fixed_syncrr_v1_rseed0,20,10,22,22,0,1,10,3,7,5,5,0;2;3;4;5;8;9,retained_preactivation,1.0,,False,0.1,,,1.0,coord_equal_fixed,P_eff / N,0.1,False,readout_retained,128,0.00,0.00,0.00,1.00,128,2000,16,200,200,0.0,0.0,0.001,1e-05,False,5,5.0,0.0,200,1.0,0.292920,8.0174,0.0119,3,0.184334,nan,models/chua_orig_nint128_bs16_sig0.0_lr1e-03-1e-05_tfp0_ramp200_hLR1_m20_p10_seed22_minsym5_cand1_reducedp3_retained_coordeq_fixed_syncrr_v1_rseed0.pth,retained_coordeq_fixed_syncrr_v1,False,completed,3,6,8.017419
chua_orig_nint128_bs16_sig0.0_lr1e-03-1e-05_tfp0_ramp200_hLR1_m20_p10_seed22_minsym5_cand2_reducedp3_retained_coordeq_fixed_syncrr_v1_rseed0,20,10,22,22,0,2,10,3,7,5,5,0;2;3;4;7;8;9,retained_preactivation,1.0,,False,0.1,,,1.0,coord_equal_fixed,P_eff / N,0.1,False,readout_retained,128,0.00,0.00,0.00,1.00,128,2000,16,200,200,0.0,0.0,0.001,1e-05,False,5,5.0,0.0,200,1.0,0.243387,4.1157,0.0099,3,0.147233,nan,models/chua_orig_nint128_bs16_sig0.0_lr1e-03-1e-05_tfp0_ramp200_hLR1_m20_p10_seed22_minsym5_cand2_reducedp3_retained_coordeq_fixed_syncrr_v1_rseed0.pth,retained_coordeq_fixed_syncrr_v1,False,completed,3,5,4.115749
chua_orig_nint128_bs16_sig0.0_lr1e-03-1e-05_tfp0_ramp200_hLR1_m20_p10_seed22_minsym5_cand3_reducedp3_retained_coordeq_fixed_syncrr_v1_rseed0,20,10,22,22,0,3,10,3,7,5,5,0;2;3;5;7;8;9,retained_preactivation,1.0,,False,0.1,,,1.0,coord_equal_fixed,P_eff / N,0.1,False,readout_retained,128,0.00,0.00,0.00,1.00,128,2000,16,200,200,0.0,0.0,0.001,1e-05,False,5,5.0,0.0,200,1.0,0.021184,1.1156,0.0097,5,0.013854,nan,models/chua_orig_nint128_bs16_sig0.0_lr1e-03-1e-05_tfp0_ramp200_hLR1_m20_p10_seed22_minsym5_cand3_reducedp3_retained_coordeq_fixed_syncrr_v1_rseed0.pth,retained_coordeq_fixed_syncrr_v1,False,completed,5,5,1.115570
chua_orig_nint128_bs16_sig0.0_lr1e-03-1e-05_tfp0_ramp200_hLR1_m20_p10_seed22_minsym5_cand4_reducedp3_retained_coordeq_fixed_syncrr_v1_rseed0,20,10,22,22,0,4,10,3,7,5,5,0;2;4;5;7;8;9,retained_preactivation,1.0,,False,0.1,,,1.0,coord_equal_fixed,P_eff / N,0.1,False,readout_retained,128,0.00,0.00,0.00,1.00,128,2000,16,200,200,0.0,0.0,0.001,1e-05,False,5,5.0,0.0,200,1.0,0.020104,1.1808,0.0147,4,0.011117,nan,models/chua_orig_nint128_bs16_sig0.0_lr1e-03-1e-05_tfp0_ramp200_hLR1_m20_p10_seed22_minsym5_cand4_reducedp3_retained_coordeq_fixed_syncrr_v1_rseed0.pth,retained_coordeq_fixed_syncrr_v1,False,completed,5,5,1.180808
chua_orig_nint128_bs16_sig0.0_lr1e-03-1e-05_tfp0_ramp200_hLR1_m20_p10_seed22_minsym5_cand5_reducedp4_retained_coordeq_fixed_syncrr_v1_rseed0,20,10,22,22,0,5,10,4,6,5,5,1;2;3;4;5;7,retained_preactivation,1.3333333333333333,,False,0.1,,,1.3333333333333333,coord_equal_fixed,P_eff / N,0.1,False,readout_retained,128,0.00,0.00,0.00,1.00,128,2000,16,200,200,0.0,0.0,0.001,1e-05,False,5,5.0,0.0,200,1.0,0.020431,1.0922,0.0081,5,0.013597,nan,models/chua_orig_nint128_bs16_sig0.0_lr1e-03-1e-05_tfp0_ramp200_hLR1_m20_p10_seed22_minsym5_cand5_reducedp4_retained_coordeq_fixed_syncrr_v1_rseed0.pth,retained_coordeq_fixed_syncrr_v1,False,completed,5,5,1.092178
chua_orig_nint128_bs16_sig0.0_lr1e-03-1e-05_tfp0_ramp200_hLR1_m20_p10_seed22_minsym5_cand6_reducedp4_retained_coordeq_fixed_syncrr_v1_rseed0,20,10,22,22,0,6,10,4,6,5,5,1;2;3;4;7;9,retained_preactivation,1.3333333333333333,,False,0.1,,,1.3333333333333333,coord_equal_fixed,P_eff / N,0.1,False,readout_retained,128,0.00,0.00,0.00,1.00,128,2000,16,200,200,0.0,0.0,0.001,1e-05,False,5,5.0,0.0,200,1.0,0.025147,1.1054,0.0098,5,0.016552,nan,models/chua_orig_nint128_bs16_sig0.0_lr1e-03-1e-05_tfp0_ramp200_hLR1_m20_p10_seed22_minsym5_cand6_reducedp4_retained_coordeq_fixed_syncrr_v1_rseed0.pth,retained_coordeq_fixed_syncrr_v1,False,completed,5,5,1.105425
chua_orig_nint128_bs16_sig0.0_lr1e-03-1e-05_tfp0_ramp200_hLR1_m20_p10_seed22_minsym5_cand7_reducedp4_retained_coordeq_fixed_syncrr_v1_rseed0,20,10,22,22,0,7,10,4,6,5,5,1;2;3;5;7;9,retained_preactivation,1.3333333333333333,,False,0.1,,,1.3333333333333333,coord_equal_fixed,P_eff / N,0.1,False,readout_retained,128,0.00,0.00,0.00,1.00,128,2000,16,200,200,0.0,0.0,0.001,1e-05,False,5,5.0,0.0,200,1.0,0.024443,1.0861,0.0116,4,0.015423,nan,models/chua_orig_nint128_bs16_sig0.0_lr1e-03-1e-05_tfp0_ramp200_hLR1_m20_p10_seed22_minsym5_cand7_reducedp4_retained_coordeq_fixed_syncrr_v1_rseed0.pth,retained_coordeq_fixed_syncrr_v1,False,completed,5,5,1.086086
,,,,23,,0,,,,,,,,,,,,,,,,,,,,,,,,,,,,,,,,,,,,,,,,,,,,,,,retained_coordeq_fixed_syncrr_v1,False,missing_or_failed,,,
chua_orig_nint128_bs16_sig0.0_lr1e-03-1e-05_tfp0_ramp200_hLR1_m20_p10_seed23_minsym5_cand1_reducedp3_retained_coordeq_fixed_syncrr_v1_rseed0,20,10,23,23,0,1,10,3,7,5,5,0;1;3;5;6;7;9,retained_preactivation,1.0,,False,0.1,,,1.0,coord_equal_fixed,P_eff / N,0.1,False,readout_retained,128,0.00,0.00,0.00,1.00,128,2000,16,200,200,0.0,0.0,0.001,1e-05,False,5,5.0,0.0,200,1.0,0.021333,1.0930,0.0073,4,0.012066,nan,models/chua_orig_nint128_bs16_sig0.0_lr1e-03-1e-05_tfp0_ramp200_hLR1_m20_p10_seed23_minsym5_cand1_reducedp3_retained_coordeq_fixed_syncrr_v1_rseed0.pth,retained_coordeq_fixed_syncrr_v1,False,completed,5,5,1.234061
chua_orig_nint128_bs16_sig0.0_lr1e-03-1e-05_tfp0_ramp200_hLR1_m20_p10_seed23_minsym5_cand2_reducedp3_retained_coordeq_fixed_syncrr_v1_rseed0,20,10,23,23,0,2,10,3,7,5,5,0;1;4;5;6;7;9,retained_preactivation,1.0,,False,0.1,,,1.0,coord_equal_fixed,P_eff / N,0.1,False,readout_retained,128,0.00,0.00,0.00,1.00,128,2000,16,200,200,0.0,0.0,0.001,1e-05,False,5,5.0,0.0,200,1.0,0.035099,1.1745,0.0095,4,0.016921,nan,models/chua_orig_nint128_bs16_sig0.0_lr1e-03-1e-05_tfp0_ramp200_hLR1_m20_p10_seed23_minsym5_cand2_reducedp3_retained_coordeq_fixed_syncrr_v1_rseed0.pth,retained_coordeq_fixed_syncrr_v1,False,completed,5,5,1.499393
chua_orig_nint128_bs16_sig0.0_lr1e-03-1e-05_tfp0_ramp200_hLR1_m20_p10_seed24_minsym5_cand0_reducedp3_retained_coordeq_fixed_syncrr_v1_rseed0,20,10,24,24,0,0,10,3,7,5,5,0;1;2;3;5;6;9,retained_preactivation,1.0,,False,0.1,,,1.0,coord_equal_fixed,P_eff / N,0.1,False,readout_retained,128,0.00,0.00,0.00,1.00,128,2000,16,200,200,0.0,0.0,0.001,1e-05,False,5,5.0,0.0,200,1.0,0.806453,1.1836,0.0073,5,0.094690,nan,models/chua_orig_nint128_bs16_sig0.0_lr1e-03-1e-05_tfp0_ramp200_hLR1_m20_p10_seed24_minsym5_cand0_reducedp3_retained_coordeq_fixed_syncrr_v1_rseed0.pth,retained_coordeq_fixed_syncrr_v1,False,completed,5,5,1.183582
chua_orig_nint128_bs16_sig0.0_lr1e-03-1e-05_tfp0_ramp200_hLR1_m20_p10_seed24_minsym5_cand1_reducedp3_retained_coordeq_fixed_syncrr_v1_rseed0,20,10,24,24,0,1,10,3,7,5,5,0;1;2;3;5;8;9,retained_preactivation,1.0,,False,0.1,,,1.0,coord_equal_fixed,P_eff / N,0.1,False,readout_retained,128,0.00,0.00,0.00,1.00,128,2000,16,200,200,0.0,0.0,0.001,1e-05,False,5,5.0,0.0,200,1.0,4.546633,1.2408,0.0066,5,0.449616,nan,models/chua_orig_nint128_bs16_sig0.0_lr1e-03-1e-05_tfp0_ramp200_hLR1_m20_p10_seed24_minsym5_cand1_reducedp3_retained_coordeq_fixed_syncrr_v1_rseed0.pth,retained_coordeq_fixed_syncrr_v1,False,completed,5,5,1.240850
chua_orig_nint128_bs16_sig0.0_lr1e-03-1e-05_tfp0_ramp200_hLR1_m20_p10_seed24_minsym5_cand2_reducedp3_retained_coordeq_fixed_syncrr_v1_rseed0,20,10,24,24,0,2,10,3,7,5,5,0;1;2;3;6;7;9,retained_preactivation,1.0,,False,0.1,,,1.0,coord_equal_fixed,P_eff / N,0.1,False,readout_retained,128,0.00,0.00,0.00,1.00,128,2000,16,200,200,0.0,0.0,0.001,1e-05,False,5,5.0,0.0,200,1.0,0.037979,1.2444,0.0117,5,0.026195,nan,models/chua_orig_nint128_bs16_sig0.0_lr1e-03-1e-05_tfp0_ramp200_hLR1_m20_p10_seed24_minsym5_cand2_reducedp3_retained_coordeq_fixed_syncrr_v1_rseed0.pth,retained_coordeq_fixed_syncrr_v1,False,completed,5,5,1.244431
chua_orig_nint128_bs16_sig0.0_lr1e-03-1e-05_tfp0_ramp200_hLR1_m20_p10_seed24_minsym5_cand3_reducedp3_retained_coordeq_fixed_syncrr_v1_rseed0,20,10,24,24,0,3,10,3,7,5,5,0;1;2;3;7;8;9,retained_preactivation,1.0,,False,0.1,,,1.0,coord_equal_fixed,P_eff / N,0.1,False,readout_retained,128,0.00,0.00,0.00,1.00,128,2000,16,200,200,0.0,0.0,0.001,1e-05,False,5,5.0,0.0,200,1.0,0.047903,1.1547,0.0073,5,0.035505,nan,models/chua_orig_nint128_bs16_sig0.0_lr1e-03-1e-05_tfp0_ramp200_hLR1_m20_p10_seed24_minsym5_cand3_reducedp3_retained_coordeq_fixed_syncrr_v1_rseed0.pth,retained_coordeq_fixed_syncrr_v1,False,completed,5,5,1.154728
chua_orig_nint128_bs16_sig0.0_lr1e-03-1e-05_tfp0_ramp200_hLR1_m20_p10_seed24_minsym5_cand4_reducedp3_retained_coordeq_fixed_syncrr_v1_rseed0,20,10,24,24,0,4,10,3,7,5,5,0;1;2;5;6;7;9,retained_preactivation,1.0,,False,0.1,,,1.0,coord_equal_fixed,P_eff / N,0.1,False,readout_retained,128,0.00,0.00,0.00,1.00,128,2000,16,200,200,0.0,0.0,0.001,1e-05,False,5,5.0,0.0,200,1.0,0.022745,1.0582,0.0166,5,0.017897,nan,models/chua_orig_nint128_bs16_sig0.0_lr1e-03-1e-05_tfp0_ramp200_hLR1_m20_p10_seed24_minsym5_cand4_reducedp3_retained_coordeq_fixed_syncrr_v1_rseed0.pth,retained_coordeq_fixed_syncrr_v1,False,completed,5,5,1.058213
chua_orig_nint128_bs16_sig0.0_lr1e-03-1e-05_tfp0_ramp200_hLR1_m20_p10_seed24_minsym5_cand5_reducedp3_retained_coordeq_fixed_syncrr_v1_rseed0,20,10,24,24,0,5,10,3,7,5,5,0;1;2;5;7;8;9,retained_preactivation,1.0,,False,0.1,,,1.0,coord_equal_fixed,P_eff / N,0.1,False,readout_retained,128,0.00,0.00,0.00,1.00,128,2000,16,200,200,0.0,0.0,0.001,1e-05,False,5,5.0,0.0,200,1.0,0.026913,1.1232,0.0122,5,0.022130,nan,models/chua_orig_nint128_bs16_sig0.0_lr1e-03-1e-05_tfp0_ramp200_hLR1_m20_p10_seed24_minsym5_cand5_reducedp3_retained_coordeq_fixed_syncrr_v1_rseed0.pth,retained_coordeq_fixed_syncrr_v1,False,completed,5,5,1.123178
chua_orig_nint128_bs16_sig0.0_lr1e-03-1e-05_tfp0_ramp200_hLR1_m20_p10_seed24_minsym5_cand6_reducedp3_retained_coordeq_fixed_syncrr_v1_rseed0,20,10,24,24,0,6,10,3,7,5,5,0;2;3;5;6;7;9,retained_preactivation,1.0,,False,0.1,,,1.0,coord_equal_fixed,P_eff / N,0.1,False,readout_retained,128,0.00,0.00,0.00,1.00,128,2000,16,200,200,0.0,0.0,0.001,1e-05,False,5,5.0,0.0,200,1.0,0.041675,1.3718,0.0105,5,0.021258,nan,models/chua_orig_nint128_bs16_sig0.0_lr1e-03-1e-05_tfp0_ramp200_hLR1_m20_p10_seed24_minsym5_cand6_reducedp3_retained_coordeq_fixed_syncrr_v1_rseed0.pth,retained_coordeq_fixed_syncrr_v1,False,completed,5,5,1.371800
chua_orig_nint128_bs16_sig0.0_lr1e-03-1e-05_tfp0_ramp200_hLR1_m20_p10_seed24_minsym5_cand7_reducedp3_retained_coordeq_fixed_syncrr_v1_rseed0,20,10,24,24,0,7,10,3,7,5,5,0;2;3;5;7;8;9,retained_preactivation,1.0,,False,0.1,,,1.0,coord_equal_fixed,P_eff / N,0.1,False,readout_retained,128,0.00,0.00,0.00,1.00,128,2000,16,200,200,0.0,0.0,0.001,1e-05,False,5,5.0,0.0,200,1.0,0.040059,1.3431,0.0078,5,0.021015,nan,models/chua_orig_nint128_bs16_sig0.0_lr1e-03-1e-05_tfp0_ramp200_hLR1_m20_p10_seed24_minsym5_cand7_reducedp3_retained_coordeq_fixed_syncrr_v1_rseed0.pth,retained_coordeq_fixed_syncrr_v1,False,completed,5,5,1.343136
chua_orig_nint128_bs16_sig0.0_lr1e-03-1e-05_tfp0_ramp200_hLR1_m20_p10_seed25_minsym5_cand0_reducedp3_retained_coordeq_fixed_syncrr_v1_rseed0,20,10,25,25,0,0,10,3,7,5,5,0;1;2;3;4;5;8,retained_preactivation,1.0,,False,0.1,,,1.0,coord_equal_fixed,P_eff / N,0.1,False,readout_retained,128,0.00,0.00,0.00,1.00,128,2000,16,200,200,0.0,0.0,0.001,1e-05,False,5,5.0,0.0,200,1.0,0.822960,2.6201,0.0160,2,0.632205,nan,models/chua_orig_nint128_bs16_sig0.0_lr1e-03-1e-05_tfp0_ramp200_hLR1_m20_p10_seed25_minsym5_cand0_reducedp3_retained_coordeq_fixed_syncrr_v1_rseed0.pth,retained_coordeq_fixed_syncrr_v1,False,completed,4,4,4.839911
chua_orig_nint128_bs16_sig0.0_lr1e-03-1e-05_tfp0_ramp200_hLR1_m20_p10_seed25_minsym5_cand1_reducedp3_retained_coordeq_fixed_syncrr_v1_rseed0,20,10,25,25,0,1,10,3,7,5,5,0;1;2;3;4;8;9,retained_preactivation,1.0,,False,0.1,,,1.0,coord_equal_fixed,P_eff / N,0.1,False,readout_retained,128,0.00,0.00,0.00,1.00,128,2000,16,200,200,0.0,0.0,0.001,1e-05,False,5,5.0,0.0,200,1.0,0.026107,1.1553,0.0125,5,0.019550,nan,models/chua_orig_nint128_bs16_sig0.0_lr1e-03-1e-05_tfp0_ramp200_hLR1_m20_p10_seed25_minsym5_cand1_reducedp3_retained_coordeq_fixed_syncrr_v1_rseed0.pth,retained_coordeq_fixed_syncrr_v1,False,completed,5,5,1.155287
chua_orig_nint128_bs16_sig0.0_lr1e-03-1e-05_tfp0_ramp200_hLR1_m20_p10_seed25_minsym5_cand2_reducedp3_retained_coordeq_fixed_syncrr_v1_rseed0,20,10,25,25,0,2,10,3,7,5,5,0;1;2;4;5;7;8,retained_preactivation,1.0,,False,0.1,,,1.0,coord_equal_fixed,P_eff / N,0.1,False,readout_retained,128,0.00,0.00,0.00,1.00,128,2000,16,200,200,0.0,0.0,0.001,1e-05,False,5,5.0,0.0,200,1.0,0.018938,0.9494,0.0054,5,0.011561,nan,models/chua_orig_nint128_bs16_sig0.0_lr1e-03-1e-05_tfp0_ramp200_hLR1_m20_p10_seed25_minsym5_cand2_reducedp3_retained_coordeq_fixed_syncrr_v1_rseed0.pth,retained_coordeq_fixed_syncrr_v1,False,completed,5,5,0.949366
chua_orig_nint128_bs16_sig0.0_lr1e-03-1e-05_tfp0_ramp200_hLR1_m20_p10_seed25_minsym5_cand3_reducedp3_retained_coordeq_fixed_syncrr_v1_rseed0,20,10,25,25,0,3,10,3,7,5,5,0;1;2;4;7;8;9,retained_preactivation,1.0,,False,0.1,,,1.0,coord_equal_fixed,P_eff / N,0.1,False,readout_retained,128,0.00,0.00,0.00,1.00,128,2000,16,200,200,0.0,0.0,0.001,1e-05,False,5,5.0,0.0,200,1.0,0.020087,1.2365,0.0062,4,0.012702,nan,models/chua_orig_nint128_bs16_sig0.0_lr1e-03-1e-05_tfp0_ramp200_hLR1_m20_p10_seed25_minsym5_cand3_reducedp3_retained_coordeq_fixed_syncrr_v1_rseed0.pth,retained_coordeq_fixed_syncrr_v1,False,completed,5,5,1.236473
chua_orig_nint128_bs16_sig0.0_lr1e-03-1e-05_tfp0_ramp200_hLR1_m20_p10_seed25_minsym5_cand4_reducedp3_retained_coordeq_fixed_syncrr_v1_rseed0,20,10,25,25,0,4,10,3,7,5,5,0;2;3;4;5;8;9,retained_preactivation,1.0,,False,0.1,,,1.0,coord_equal_fixed,P_eff / N,0.1,False,readout_retained,128,0.00,0.00,0.00,1.00,128,2000,16,200,200,0.0,0.0,0.001,1e-05,False,5,5.0,0.0,200,1.0,0.030186,1.2365,0.0146,5,0.021076,nan,models/chua_orig_nint128_bs16_sig0.0_lr1e-03-1e-05_tfp0_ramp200_hLR1_m20_p10_seed25_minsym5_cand4_reducedp3_retained_coordeq_fixed_syncrr_v1_rseed0.pth,retained_coordeq_fixed_syncrr_v1,False,completed,5,5,1.236466
chua_orig_nint128_bs16_sig0.0_lr1e-03-1e-05_tfp0_ramp200_hLR1_m20_p10_seed25_minsym5_cand5_reducedp3_retained_coordeq_fixed_syncrr_v1_rseed0,20,10,25,25,0,5,10,3,7,5,5,0;2;4;5;7;8;9,retained_preactivation,1.0,,False,0.1,,,1.0,coord_equal_fixed,P_eff / N,0.1,False,readout_retained,128,0.00,0.00,0.00,1.00,128,2000,16,200,200,0.0,0.0,0.001,1e-05,False,5,5.0,0.0,200,1.0,0.022613,1.2122,0.0106,5,0.013466,nan,models/chua_orig_nint128_bs16_sig0.0_lr1e-03-1e-05_tfp0_ramp200_hLR1_m20_p10_seed25_minsym5_cand5_reducedp3_retained_coordeq_fixed_syncrr_v1_rseed0.pth,retained_coordeq_fixed_syncrr_v1,False,completed,5,5,1.212152
chua_orig_nint128_bs16_sig0.0_lr1e-03-1e-05_tfp0_ramp200_hLR1_m20_p10_seed25_minsym5_cand6_reducedp3_retained_coordeq_fixed_syncrr_v1_rseed0,20,10,25,25,0,6,10,3,7,5,5,1;2;3;4;5;7;8,retained_preactivation,1.0,,False,0.1,,,1.0,coord_equal_fixed,P_eff / N,0.1,False,readout_retained,128,0.00,0.00,0.00,1.00,128,2000,16,200,200,0.0,0.0,0.001,1e-05,False,5,5.0,0.0,200,1.0,0.017577,1.0856,0.0097,5,0.012347,nan,models/chua_orig_nint128_bs16_sig0.0_lr1e-03-1e-05_tfp0_ramp200_hLR1_m20_p10_seed25_minsym5_cand6_reducedp3_retained_coordeq_fixed_syncrr_v1_rseed0.pth,retained_coordeq_fixed_syncrr_v1,False,completed,5,5,1.085610
chua_orig_nint128_bs16_sig0.0_lr1e-03-1e-05_tfp0_ramp200_hLR1_m20_p10_seed25_minsym5_cand7_reducedp3_retained_coordeq_fixed_syncrr_v1_rseed0,20,10,25,25,0,7,10,3,7,5,5,1;2;3;4;7;8;9,retained_preactivation,1.0,,False,0.1,,,1.0,coord_equal_fixed,P_eff / N,0.1,False,readout_retained,128,0.00,0.00,0.00,1.00,128,2000,16,200,200,0.0,0.0,0.001,1e-05,False,5,5.0,0.0,200,1.0,0.024171,1.2337,0.0120,5,0.019046,nan,models/chua_orig_nint128_bs16_sig0.0_lr1e-03-1e-05_tfp0_ramp200_hLR1_m20_p10_seed25_minsym5_cand7_reducedp3_retained_coordeq_fixed_syncrr_v1_rseed0.pth,retained_coordeq_fixed_syncrr_v1,False,completed,5,5,1.233736
chua_orig_nint128_bs16_sig0.0_lr1e-03-1e-05_tfp0_ramp200_hLR1_m20_p10_seed25_minsym5_cand8_reducedp3_retained_coordeq_fixed_syncrr_v1_rseed0,20,10,25,25,0,8,10,3,7,5,5,2;3;4;5;7;8;9,retained_preactivation,1.0,,False,0.1,,,1.0,coord_equal_fixed,P_eff / N,0.1,False,readout_retained,128,0.00,0.00,0.00,1.00,128,2000,16,200,200,0.0,0.0,0.001,1e-05,False,5,5.0,0.0,200,1.0,0.021660,1.1508,0.0085,4,0.014880,nan,models/chua_orig_nint128_bs16_sig0.0_lr1e-03-1e-05_tfp0_ramp200_hLR1_m20_p10_seed25_minsym5_cand8_reducedp3_retained_coordeq_fixed_syncrr_v1_rseed0.pth,retained_coordeq_fixed_syncrr_v1,False,completed,5,5,1.150826
chua_orig_nint128_bs16_sig0.0_lr1e-03-1e-05_tfp0_ramp200_hLR1_m20_p10_seed26_minsym5_cand0_reducedp3_retained_coordeq_fixed_syncrr_v1_rseed0,20,10,26,26,0,0,10,3,7,5,5,0;1;2;4;5;7;9,retained_preactivation,1.0,,False,0.1,,,1.0,coord_equal_fixed,P_eff / N,0.1,False,readout_retained,128,0.00,0.00,0.00,1.00,128,2000,16,200,200,0.0,0.0,0.001,1e-05,False,5,5.0,0.0,200,1.0,0.019621,1.1371,0.0065,5,0.013525,nan,models/chua_orig_nint128_bs16_sig0.0_lr1e-03-1e-05_tfp0_ramp200_hLR1_m20_p10_seed26_minsym5_cand0_reducedp3_retained_coordeq_fixed_syncrr_v1_rseed0.pth,retained_coordeq_fixed_syncrr_v1,False,completed,5,5,1.137082
chua_orig_nint128_bs16_sig0.0_lr1e-03-1e-05_tfp0_ramp200_hLR1_m20_p10_seed26_minsym5_cand1_reducedp3_retained_coordeq_fixed_syncrr_v1_rseed0,20,10,26,26,0,1,10,3,7,5,5,0;1;2;4;7;8;9,retained_preactivation,1.0,,False,0.1,,,1.0,coord_equal_fixed,P_eff / N,0.1,False,readout_retained,128,0.00,0.00,0.00,1.00,128,2000,16,200,200,0.0,0.0,0.001,1e-05,False,5,5.0,0.0,200,1.0,0.022431,1.2251,0.0136,5,0.015448,nan,models/chua_orig_nint128_bs16_sig0.0_lr1e-03-1e-05_tfp0_ramp200_hLR1_m20_p10_seed26_minsym5_cand1_reducedp3_retained_coordeq_fixed_syncrr_v1_rseed0.pth,retained_coordeq_fixed_syncrr_v1,False,completed,5,5,1.225103
chua_orig_nint128_bs16_sig0.0_lr1e-03-1e-05_tfp0_ramp200_hLR1_m20_p10_seed26_minsym5_cand2_reducedp3_retained_coordeq_fixed_syncrr_v1_rseed0,20,10,26,26,0,2,10,3,7,5,5,0;1;4;5;6;7;9,retained_preactivation,1.0,,False,0.1,,,1.0,coord_equal_fixed,P_eff / N,0.1,False,readout_retained,128,0.00,0.00,0.00,1.00,128,2000,16,200,200,0.0,0.0,0.001,1e-05,False,5,5.0,0.0,200,1.0,0.015448,1.0936,0.0071,4,0.010234,nan,models/chua_orig_nint128_bs16_sig0.0_lr1e-03-1e-05_tfp0_ramp200_hLR1_m20_p10_seed26_minsym5_cand2_reducedp3_retained_coordeq_fixed_syncrr_v1_rseed0.pth,retained_coordeq_fixed_syncrr_v1,False,completed,5,5,1.153168
chua_orig_nint128_bs16_sig0.0_lr1e-03-1e-05_tfp0_ramp200_hLR1_m20_p10_seed26_minsym5_cand3_reducedp3_retained_coordeq_fixed_syncrr_v1_rseed0,20,10,26,26,0,3,10,3,7,5,5,0;1;4;6;7;8;9,retained_preactivation,1.0,,False,0.1,,,1.0,coord_equal_fixed,P_eff / N,0.1,False,readout_retained,128,0.00,0.00,0.00,1.00,128,2000,16,200,200,0.0,0.0,0.001,1e-05,False,5,5.0,0.0,200,1.0,0.225620,2.4582,0.0101,3,0.198194,nan,models/chua_orig_nint128_bs16_sig0.0_lr1e-03-1e-05_tfp0_ramp200_hLR1_m20_p10_seed26_minsym5_cand3_reducedp3_retained_coordeq_fixed_syncrr_v1_rseed0.pth,retained_coordeq_fixed_syncrr_v1,False,completed,4,4,2.458248
chua_orig_nint128_bs16_sig0.0_lr1e-03-1e-05_tfp0_ramp200_hLR1_m20_p10_seed26_minsym5_cand4_reducedp3_retained_coordeq_fixed_syncrr_v1_rseed0,20,10,26,26,0,4,10,3,7,5,5,0;2;3;4;5;6;9,retained_preactivation,1.0,,False,0.1,,,1.0,coord_equal_fixed,P_eff / N,0.1,False,readout_retained,128,0.00,0.00,0.00,1.00,128,2000,16,200,200,0.0,0.0,0.001,1e-05,False,5,5.0,0.0,200,1.0,0.399962,3.0374,0.0148,2,0.348543,nan,models/chua_orig_nint128_bs16_sig0.0_lr1e-03-1e-05_tfp0_ramp200_hLR1_m20_p10_seed26_minsym5_cand4_reducedp3_retained_coordeq_fixed_syncrr_v1_rseed0.pth,retained_coordeq_fixed_syncrr_v1,False,completed,3,6,3.037375
chua_orig_nint128_bs16_sig0.0_lr1e-03-1e-05_tfp0_ramp200_hLR1_m20_p10_seed26_minsym5_cand5_reducedp3_retained_coordeq_fixed_syncrr_v1_rseed0,20,10,26,26,0,5,10,3,7,5,5,0;2;3;4;6;8;9,retained_preactivation,1.0,,False,0.1,,,1.0,coord_equal_fixed,P_eff / N,0.1,False,readout_retained,128,0.00,0.00,0.00,1.00,128,2000,16,200,200,0.0,0.0,0.001,1e-05,False,5,5.0,0.0,200,1.0,0.392296,2.8893,0.0074,1,0.353754,nan,models/chua_orig_nint128_bs16_sig0.0_lr1e-03-1e-05_tfp0_ramp200_hLR1_m20_p10_seed26_minsym5_cand5_reducedp3_retained_coordeq_fixed_syncrr_v1_rseed0.pth,retained_coordeq_fixed_syncrr_v1,False,completed,3,6,2.889272
chua_orig_nint128_bs16_sig0.0_lr1e-03-1e-05_tfp0_ramp200_hLR1_m20_p10_seed26_minsym5_cand6_reducedp3_retained_coordeq_fixed_syncrr_v1_rseed0,20,10,26,26,0,6,10,3,7,5,5,1;2;4;5;7;8;9,retained_preactivation,1.0,,False,0.1,,,1.0,coord_equal_fixed,P_eff / N,0.1,False,readout_retained,128,0.00,0.00,0.00,1.00,128,2000,16,200,200,0.0,0.0,0.001,1e-05,False,5,5.0,0.0,200,1.0,0.017092,1.0791,0.0066,4,0.013003,nan,models/chua_orig_nint128_bs16_sig0.0_lr1e-03-1e-05_tfp0_ramp200_hLR1_m20_p10_seed26_minsym5_cand6_reducedp3_retained_coordeq_fixed_syncrr_v1_rseed0.pth,retained_coordeq_fixed_syncrr_v1,False,completed,5,5,1.079106
chua_orig_nint128_bs16_sig0.0_lr1e-03-1e-05_tfp0_ramp200_hLR1_m20_p10_seed26_minsym5_cand7_reducedp3_retained_coordeq_fixed_syncrr_v1_rseed0,20,10,26,26,0,7,10,3,7,5,5,1;4;5;6;7;8;9,retained_preactivation,1.0,,False,0.1,,,1.0,coord_equal_fixed,P_eff / N,0.1,False,readout_retained,128,0.00,0.00,0.00,1.00,128,2000,16,200,200,0.0,0.0,0.001,1e-05,False,5,5.0,0.0,200,1.0,0.208195,3.2224,0.0261,2,0.107283,nan,models/chua_orig_nint128_bs16_sig0.0_lr1e-03-1e-05_tfp0_ramp200_hLR1_m20_p10_seed26_minsym5_cand7_reducedp3_retained_coordeq_fixed_syncrr_v1_rseed0.pth,retained_coordeq_fixed_syncrr_v1,False,completed,3,8,3.222409
chua_orig_nint128_bs16_sig0.0_lr1e-03-1e-05_tfp0_ramp200_hLR1_m20_p10_seed26_minsym5_cand8_reducedp3_retained_coordeq_fixed_syncrr_v1_rseed0,20,10,26,26,0,8,10,3,7,5,5,2;3;4;5;6;8;9,retained_preactivation,1.0,,False,0.1,,,1.0,coord_equal_fixed,P_eff / N,0.1,False,readout_retained,128,0.00,0.00,0.00,1.00,128,2000,16,200,200,0.0,0.0,0.001,1e-05,False,5,5.0,0.0,200,1.0,0.395903,2.6560,0.0151,2,0.350695,nan,models/chua_orig_nint128_bs16_sig0.0_lr1e-03-1e-05_tfp0_ramp200_hLR1_m20_p10_seed26_minsym5_cand8_reducedp3_retained_coordeq_fixed_syncrr_v1_rseed0.pth,retained_coordeq_fixed_syncrr_v1,False,completed,3,4,2.655985
chua_orig_nint128_bs16_sig0.0_lr1e-03-1e-05_tfp0_ramp200_hLR1_m20_p10_seed27_minsym5_cand0_reducedp3_retained_coordeq_fixed_syncrr_v1_rseed0,20,10,27,27,0,0,10,3,7,5,5,1;2;3;4;5;6;7,retained_preactivation,1.0,,False,0.1,,,1.0,coord_equal_fixed,P_eff / N,0.1,False,readout_retained,128,0.00,0.00,0.00,1.00,128,2000,16,200,200,0.0,0.0,0.001,1e-05,False,5,5.0,0.0,200,1.0,0.038651,1.0905,0.0107,5,0.021609,nan,models/chua_orig_nint128_bs16_sig0.0_lr1e-03-1e-05_tfp0_ramp200_hLR1_m20_p10_seed27_minsym5_cand0_reducedp3_retained_coordeq_fixed_syncrr_v1_rseed0.pth,retained_coordeq_fixed_syncrr_v1,False,completed,5,5,1.090521
chua_orig_nint128_bs16_sig0.0_lr1e-03-1e-05_tfp0_ramp200_hLR1_m20_p10_seed27_minsym5_cand1_reducedp3_retained_coordeq_fixed_syncrr_v1_rseed0,20,10,27,27,0,1,10,3,7,5,5,1;2;3;4;5;7;8,retained_preactivation,1.0,,False,0.1,,,1.0,coord_equal_fixed,P_eff / N,0.1,False,readout_retained,128,0.00,0.00,0.00,1.00,128,2000,16,200,200,0.0,0.0,0.001,1e-05,False,5,5.0,0.0,200,1.0,1011622544055236193826111488.000000,7.8835,nan,1,202728629012167623396294656.000000,nan,models/chua_orig_nint128_bs16_sig0.0_lr1e-03-1e-05_tfp0_ramp200_hLR1_m20_p10_seed27_minsym5_cand1_reducedp3_retained_coordeq_fixed_syncrr_v1_rseed0.pth,retained_coordeq_fixed_syncrr_v1,False,completed,1,1,7.883512
chua_orig_nint128_bs16_sig0.0_lr1e-03-1e-05_tfp0_ramp200_hLR1_m20_p10_seed27_minsym5_cand2_reducedp3_retained_coordeq_fixed_syncrr_v1_rseed0,20,10,27,27,0,2,10,3,7,5,5,2;3;4;5;6;7;8,retained_preactivation,1.0,,False,0.1,,,1.0,coord_equal_fixed,P_eff / N,0.1,False,readout_retained,128,0.00,0.00,0.00,1.00,128,2000,16,200,200,0.0,0.0,0.001,1e-05,False,5,5.0,0.0,200,1.0,369823747925445892374528.000000,7.9747,nan,1,92165797078967756259328.000000,nan,models/chua_orig_nint128_bs16_sig0.0_lr1e-03-1e-05_tfp0_ramp200_hLR1_m20_p10_seed27_minsym5_cand2_reducedp3_retained_coordeq_fixed_syncrr_v1_rseed0.pth,retained_coordeq_fixed_syncrr_v1,False,completed,1,1,7.974668
chua_orig_nint128_bs16_sig0.0_lr1e-03-1e-05_tfp0_ramp200_hLR1_m20_p10_seed28_minsym5_cand0_reducedp3_retained_coordeq_fixed_syncrr_v1_rseed0,20,10,28,28,0,0,10,3,7,5,5,0;1;2;3;5;6;9,retained_preactivation,1.0,,False,0.1,,,1.0,coord_equal_fixed,P_eff / N,0.1,False,readout_retained,128,0.00,0.00,0.00,1.00,128,2000,16,200,200,0.0,0.0,0.001,1e-05,False,5,5.0,0.0,200,1.0,0.031551,1.2031,0.0129,5,0.024985,nan,models/chua_orig_nint128_bs16_sig0.0_lr1e-03-1e-05_tfp0_ramp200_hLR1_m20_p10_seed28_minsym5_cand0_reducedp3_retained_coordeq_fixed_syncrr_v1_rseed0.pth,retained_coordeq_fixed_syncrr_v1,False,completed,5,5,1.203074
chua_orig_nint128_bs16_sig0.0_lr1e-03-1e-05_tfp0_ramp200_hLR1_m20_p10_seed28_minsym5_cand1_reducedp3_retained_coordeq_fixed_syncrr_v1_rseed0,20,10,28,28,0,1,10,3,7,5,5,0;1;2;3;6;7;9,retained_preactivation,1.0,,False,0.1,,,1.0,coord_equal_fixed,P_eff / N,0.1,False,readout_retained,128,0.00,0.00,0.00,1.00,128,2000,16,200,200,0.0,0.0,0.001,1e-05,False,5,5.0,0.0,200,1.0,0.027266,1.2586,0.0095,5,0.013998,nan,models/chua_orig_nint128_bs16_sig0.0_lr1e-03-1e-05_tfp0_ramp200_hLR1_m20_p10_seed28_minsym5_cand1_reducedp3_retained_coordeq_fixed_syncrr_v1_rseed0.pth,retained_coordeq_fixed_syncrr_v1,False,completed,5,5,1.258551
chua_orig_nint128_bs16_sig0.0_lr1e-03-1e-05_tfp0_ramp200_hLR1_m20_p10_seed28_minsym5_cand2_reducedp3_retained_coordeq_fixed_syncrr_v1_rseed0,20,10,28,28,0,2,10,3,7,5,5,0;1;2;5;6;7;9,retained_preactivation,1.0,,False,0.1,,,1.0,coord_equal_fixed,P_eff / N,0.1,False,readout_retained,128,0.00,0.00,0.00,1.00,128,2000,16,200,200,0.0,0.0,0.001,1e-05,False,5,5.0,0.0,200,1.0,0.031774,1.1637,0.0066,5,0.024500,nan,models/chua_orig_nint128_bs16_sig0.0_lr1e-03-1e-05_tfp0_ramp200_hLR1_m20_p10_seed28_minsym5_cand2_reducedp3_retained_coordeq_fixed_syncrr_v1_rseed0.pth,retained_coordeq_fixed_syncrr_v1,False,completed,5,5,1.163658
chua_orig_nint128_bs16_sig0.0_lr1e-03-1e-05_tfp0_ramp200_hLR1_m20_p10_seed29_minsym5_cand0_reducedp3_retained_coordeq_fixed_syncrr_v1_rseed0,20,10,29,29,0,0,10,3,7,5,5,0;1;2;3;5;8;9,retained_preactivation,1.0,,False,0.1,,,1.0,coord_equal_fixed,P_eff / N,0.1,False,readout_retained,128,0.00,0.00,0.00,1.00,128,2000,16,200,200,0.0,0.0,0.001,1e-05,False,5,5.0,0.0,200,1.0,0.021809,1.1444,0.0070,5,0.012607,nan,models/chua_orig_nint128_bs16_sig0.0_lr1e-03-1e-05_tfp0_ramp200_hLR1_m20_p10_seed29_minsym5_cand0_reducedp3_retained_coordeq_fixed_syncrr_v1_rseed0.pth,retained_coordeq_fixed_syncrr_v1,False,completed,5,5,1.144371
chua_orig_nint128_bs16_sig0.0_lr1e-03-1e-05_tfp0_ramp200_hLR1_m20_p10_seed29_minsym5_cand1_reducedp3_retained_coordeq_fixed_syncrr_v1_rseed0,20,10,29,29,0,1,10,3,7,5,5,0;1;2;3;6;8;9,retained_preactivation,1.0,,False,0.1,,,1.0,coord_equal_fixed,P_eff / N,0.1,False,readout_retained,128,0.00,0.00,0.00,1.00,128,2000,16,200,200,0.0,0.0,0.001,1e-05,False,5,5.0,0.0,200,1.0,0.012644,1.2002,0.0064,4,0.005690,nan,models/chua_orig_nint128_bs16_sig0.0_lr1e-03-1e-05_tfp0_ramp200_hLR1_m20_p10_seed29_minsym5_cand1_reducedp3_retained_coordeq_fixed_syncrr_v1_rseed0.pth,retained_coordeq_fixed_syncrr_v1,False,completed,5,6,1.200171
chua_orig_nint128_bs16_sig0.0_lr1e-03-1e-05_tfp0_ramp200_hLR1_m20_p10_seed29_minsym5_cand2_reducedp3_retained_coordeq_fixed_syncrr_v1_rseed0,20,10,29,29,0,2,10,3,7,5,5,1;2;3;5;6;8;9,retained_preactivation,1.0,,False,0.1,,,1.0,coord_equal_fixed,P_eff / N,0.1,False,readout_retained,128,0.00,0.00,0.00,1.00,128,2000,16,200,200,0.0,0.0,0.001,1e-05,False,5,5.0,0.0,200,1.0,0.026576,1.1595,0.0093,5,0.012364,nan,models/chua_orig_nint128_bs16_sig0.0_lr1e-03-1e-05_tfp0_ramp200_hLR1_m20_p10_seed29_minsym5_cand2_reducedp3_retained_coordeq_fixed_syncrr_v1_rseed0.pth,retained_coordeq_fixed_syncrr_v1,False,completed,5,5,1.159495
chua_orig_nint128_bs16_sig0.0_lr1e-03-1e-05_tfp0_ramp200_hLR1_m20_p10_seed0_minsym5_cand0_reducedp3_retained_ga1p0_syncrr_v1_rseed0,20,10,0,0,0,0,10,3,7,5,5,0;1;3;4;5;7;9,retained_preactivation,1.0,,True,1.0,4123.991156937657,33.21534494800029,124.15921506742669,grad_auto_alpha1,alpha * g_out / (g_aux + eps),1.0,True,readout_retained,128,0.00,0.00,0.00,1.00,128,2000,16,200,200,0.0,0.0,0.001,1e-05,False,5,5.0,0.0,200,1.0,1.100447,2.9390,0.0396,2,0.113978,nan,models/chua_orig_nint128_bs16_sig0.0_lr1e-03-1e-05_tfp0_ramp200_hLR1_m20_p10_seed0_minsym5_cand0_reducedp3_retained_ga1p0_syncrr_v1_rseed0.pth,retained_ga1p0_syncrr_v1,False,completed,5,5,2.939008
chua_orig_nint128_bs16_sig0.0_lr1e-03-1e-05_tfp0_ramp200_hLR1_m20_p10_seed2_minsym5_cand0_reducedp3_retained_ga1p0_syncrr_v1_rseed0,20,10,2,2,0,0,10,3,7,5,5,2;4;5;6;7;8;9,retained_preactivation,1.0,,True,1.0,53801941433.50672,39123732566.18424,1.3751740415486142,grad_auto_alpha1,alpha * g_out / (g_aux + eps),1.0,True,readout_retained,128,0.00,0.00,0.00,1.00,128,2000,16,200,200,0.0,0.0,0.001,1e-05,False,5,5.0,0.0,200,1.0,0.020391,1.2936,0.0087,5,0.012355,nan,models/chua_orig_nint128_bs16_sig0.0_lr1e-03-1e-05_tfp0_ramp200_hLR1_m20_p10_seed2_minsym5_cand0_reducedp3_retained_ga1p0_syncrr_v1_rseed0.pth,retained_ga1p0_syncrr_v1,False,completed,5,5,1.293552
chua_orig_nint128_bs16_sig0.0_lr1e-03-1e-05_tfp0_ramp200_hLR1_m20_p10_seed3_minsym5_cand0_reducedp3_retained_ga1p0_syncrr_v1_rseed0,20,10,3,3,0,0,10,3,7,5,5,0;1;2;3;4;5;8,retained_preactivation,1.0,,True,1.0,91704.10119509378,2222.811323456739,41.25590877973522,grad_auto_alpha1,alpha * g_out / (g_aux + eps),1.0,True,readout_retained,128,0.00,0.00,0.00,1.00,128,2000,16,200,200,0.0,0.0,0.001,1e-05,False,5,5.0,0.0,200,1.0,2631029387019733406877927604224.000000,1.9535,0.0151,5,687842045446529170980995072.000000,nan,models/chua_orig_nint128_bs16_sig0.0_lr1e-03-1e-05_tfp0_ramp200_hLR1_m20_p10_seed3_minsym5_cand0_reducedp3_retained_ga1p0_syncrr_v1_rseed0.pth,retained_ga1p0_syncrr_v1,False,completed,5,5,1.953522
chua_orig_nint128_bs16_sig0.0_lr1e-03-1e-05_tfp0_ramp200_hLR1_m20_p10_seed3_minsym5_cand1_reducedp3_retained_ga1p0_syncrr_v1_rseed0,20,10,3,3,0,1,10,3,7,5,5,0;1;2;3;4;6;8,retained_preactivation,1.0,,True,1.0,226331.70432796198,5981.321790974592,37.839747172519814,grad_auto_alpha1,alpha * g_out / (g_aux + eps),1.0,True,readout_retained,128,0.00,0.00,0.00,1.00,128,2000,16,200,200,0.0,0.0,0.001,1e-05,False,5,5.0,0.0,200,1.0,3234526667328630809177719046144.000000,2.1496,0.0181,5,171087353177647324829057024.000000,nan,models/chua_orig_nint128_bs16_sig0.0_lr1e-03-1e-05_tfp0_ramp200_hLR1_m20_p10_seed3_minsym5_cand1_reducedp3_retained_ga1p0_syncrr_v1_rseed0.pth,retained_ga1p0_syncrr_v1,False,completed,5,5,2.149624
chua_orig_nint128_bs16_sig0.0_lr1e-03-1e-05_tfp0_ramp200_hLR1_m20_p10_seed3_minsym5_cand2_reducedp3_retained_ga1p0_syncrr_v1_rseed0,20,10,3,3,0,2,10,3,7,5,5,0;1;3;4;5;7;8,retained_preactivation,1.0,,True,1.0,138649.61394825447,4540.36155206141,30.53713065764661,grad_auto_alpha1,alpha * g_out / (g_aux + eps),1.0,True,readout_retained,128,0.00,0.00,0.00,1.00,128,2000,16,200,200,0.0,0.0,0.001,1e-05,False,5,5.0,0.0,200,1.0,0.114582,1.5053,0.0152,5,0.014023,nan,models/chua_orig_nint128_bs16_sig0.0_lr1e-03-1e-05_tfp0_ramp200_hLR1_m20_p10_seed3_minsym5_cand2_reducedp3_retained_ga1p0_syncrr_v1_rseed0.pth,retained_ga1p0_syncrr_v1,False,completed,5,5,1.505340
chua_orig_nint128_bs16_sig0.0_lr1e-03-1e-05_tfp0_ramp200_hLR1_m20_p10_seed3_minsym5_cand3_reducedp3_retained_ga1p0_syncrr_v1_rseed0,20,10,3,3,0,3,10,3,7,5,5,0;1;3;4;6;7;8,retained_preactivation,1.0,,True,1.0,119558.35450523732,3610.253026321355,33.11633662061092,grad_auto_alpha1,alpha * g_out / (g_aux + eps),1.0,True,readout_retained,128,0.00,0.00,0.00,1.00,128,2000,16,200,200,0.0,0.0,0.001,1e-05,False,5,5.0,0.0,200,1.0,0.120914,1.5607,0.0094,5,0.013767,nan,models/chua_orig_nint128_bs16_sig0.0_lr1e-03-1e-05_tfp0_ramp200_hLR1_m20_p10_seed3_minsym5_cand3_reducedp3_retained_ga1p0_syncrr_v1_rseed0.pth,retained_ga1p0_syncrr_v1,False,completed,5,5,1.634563
chua_orig_nint128_bs16_sig0.0_lr1e-03-1e-05_tfp0_ramp200_hLR1_m20_p10_seed4_minsym5_cand0_reducedp3_retained_ga1p0_syncrr_v1_rseed0,20,10,4,4,0,0,10,3,7,5,5,0;1;2;3;4;5;8,retained_preactivation,1.0,,True,1.0,590.7502711065819,21.379960025610814,27.631027859682675,grad_auto_alpha1,alpha * g_out / (g_aux + eps),1.0,True,readout_retained,128,0.00,0.00,0.00,1.00,128,2000,16,200,200,0.0,0.0,0.001,1e-05,False,5,5.0,0.0,200,1.0,0.451494,2.7124,0.0085,4,0.102431,nan,models/chua_orig_nint128_bs16_sig0.0_lr1e-03-1e-05_tfp0_ramp200_hLR1_m20_p10_seed4_minsym5_cand0_reducedp3_retained_ga1p0_syncrr_v1_rseed0.pth,retained_ga1p0_syncrr_v1,False,completed,5,5,2.739768
chua_orig_nint128_bs16_sig0.0_lr1e-03-1e-05_tfp0_ramp200_hLR1_m20_p10_seed4_minsym5_cand1_reducedp3_retained_ga1p0_syncrr_v1_rseed0,20,10,4,4,0,1,10,3,7,5,5,0;1;4;6;7;8;9,retained_preactivation,1.0,,True,1.0,4778789.47818378,652806.2160488364,7.320379862660927,grad_auto_alpha1,alpha * g_out / (g_aux + eps),1.0,True,readout_retained,128,0.00,0.00,0.00,1.00,128,2000,16,200,200,0.0,0.0,0.001,1e-05,False,5,5.0,0.0,200,1.0,0.526486,3.1114,0.0168,4,0.227625,nan,models/chua_orig_nint128_bs16_sig0.0_lr1e-03-1e-05_tfp0_ramp200_hLR1_m20_p10_seed4_minsym5_cand1_reducedp3_retained_ga1p0_syncrr_v1_rseed0.pth,retained_ga1p0_syncrr_v1,False,completed,4,8,3.111427
chua_orig_nint128_bs16_sig0.0_lr1e-03-1e-05_tfp0_ramp200_hLR1_m20_p10_seed4_minsym5_cand2_reducedp3_retained_ga1p0_syncrr_v1_rseed0,20,10,4,4,0,2,10,3,7,5,5,1;2;3;4;5;6;8,retained_preactivation,1.0,,True,1.0,2356.0509100240174,60.12349408775908,39.18685940948434,grad_auto_alpha1,alpha * g_out / (g_aux + eps),1.0,True,readout_retained,128,0.00,0.00,0.00,1.00,128,2000,16,200,200,0.0,0.0,0.001,1e-05,False,5,5.0,0.0,200,1.0,0.580427,2.1821,0.0081,3,0.113888,nan,models/chua_orig_nint128_bs16_sig0.0_lr1e-03-1e-05_tfp0_ramp200_hLR1_m20_p10_seed4_minsym5_cand2_reducedp3_retained_ga1p0_syncrr_v1_rseed0.pth,retained_ga1p0_syncrr_v1,False,completed,5,5,2.182064
chua_orig_nint128_bs16_sig0.0_lr1e-03-1e-05_tfp0_ramp200_hLR1_m20_p10_seed4_minsym5_cand3_reducedp3_retained_ga1p0_syncrr_v1_rseed0,20,10,4,4,0,3,10,3,7,5,5,1;2;3;4;5;7;8,retained_preactivation,1.0,,True,1.0,748133.5613805866,142217.75242212205,5.260479431288031,grad_auto_alpha1,alpha * g_out / (g_aux + eps),1.0,True,readout_retained,128,0.00,0.00,0.00,1.00,128,2000,16,200,200,0.0,0.0,0.001,1e-05,False,5,5.0,0.0,200,1.0,0.376036,2.6216,0.0190,3,0.239201,nan,models/chua_orig_nint128_bs16_sig0.0_lr1e-03-1e-05_tfp0_ramp200_hLR1_m20_p10_seed4_minsym5_cand3_reducedp3_retained_ga1p0_syncrr_v1_rseed0.pth,retained_ga1p0_syncrr_v1,False,completed,4,4,4.268690
chua_orig_nint128_bs16_sig0.0_lr1e-03-1e-05_tfp0_ramp200_hLR1_m20_p10_seed6_minsym5_cand0_reducedp4_retained_ga1p0_syncrr_v1_rseed0,20,10,6,6,0,0,10,4,6,5,5,0;1;2;4;5;9,retained_preactivation,1.0,,True,1.0,16387409.588224247,889609.7687952848,18.420896625737576,grad_auto_alpha1,alpha * g_out / (g_aux + eps),1.0,True,readout_retained,128,0.00,0.00,0.00,1.00,128,2000,16,200,200,0.0,0.0,0.001,1e-05,False,5,5.0,0.0,200,1.0,0.062955,1.6301,0.0068,5,0.014057,nan,models/chua_orig_nint128_bs16_sig0.0_lr1e-03-1e-05_tfp0_ramp200_hLR1_m20_p10_seed6_minsym5_cand0_reducedp4_retained_ga1p0_syncrr_v1_rseed0.pth,retained_ga1p0_syncrr_v1,False,completed,5,5,1.630085
chua_orig_nint128_bs16_sig0.0_lr1e-03-1e-05_tfp0_ramp200_hLR1_m20_p10_seed6_minsym5_cand1_reducedp4_retained_ga1p0_syncrr_v1_rseed0,20,10,6,6,0,1,10,4,6,5,5,0;1;2;4;7;9,retained_preactivation,1.0,,True,1.0,1149481.8474008192,86776.04164024768,13.246534707889658,grad_auto_alpha1,alpha * g_out / (g_aux + eps),1.0,True,readout_retained,128,0.00,0.00,0.00,1.00,128,2000,16,200,200,0.0,0.0,0.001,1e-05,False,5,5.0,0.0,200,1.0,0.224421,2.8593,0.0178,5,0.121128,nan,models/chua_orig_nint128_bs16_sig0.0_lr1e-03-1e-05_tfp0_ramp200_hLR1_m20_p10_seed6_minsym5_cand1_reducedp4_retained_ga1p0_syncrr_v1_rseed0.pth,retained_ga1p0_syncrr_v1,False,completed,5,11,3.154935
chua_orig_nint128_bs16_sig0.0_lr1e-03-1e-05_tfp0_ramp200_hLR1_m20_p10_seed6_minsym5_cand2_reducedp4_retained_ga1p0_syncrr_v1_rseed0,20,10,6,6,0,2,10,4,6,5,5,0;1;2;5;7;9,retained_preactivation,1.0,,True,1.0,870529.2714665027,45904.460641096746,18.9639363867647,grad_auto_alpha1,alpha * g_out / (g_aux + eps),1.0,True,readout_retained,128,0.00,0.00,0.00,1.00,128,2000,16,200,200,0.0,0.0,0.001,1e-05,False,5,5.0,0.0,200,1.0,0.106819,1.7452,0.0106,5,0.017835,nan,models/chua_orig_nint128_bs16_sig0.0_lr1e-03-1e-05_tfp0_ramp200_hLR1_m20_p10_seed6_minsym5_cand2_reducedp4_retained_ga1p0_syncrr_v1_rseed0.pth,retained_ga1p0_syncrr_v1,False,completed,5,7,1.745207
chua_orig_nint128_bs16_sig0.0_lr1e-03-1e-05_tfp0_ramp200_hLR1_m20_p10_seed6_minsym5_cand3_reducedp4_retained_ga1p0_syncrr_v1_rseed0,20,10,6,6,0,3,10,4,6,5,5,0;1;4;5;8;9,retained_preactivation,1.0,,True,1.0,112907.80947303867,2108.1951932058496,53.55662029631333,grad_auto_alpha1,alpha * g_out / (g_aux + eps),1.0,True,readout_retained,128,0.00,0.00,0.00,1.00,128,2000,16,200,200,0.0,0.0,0.001,1e-05,False,5,5.0,0.0,200,1.0,0.234190,1.9268,0.0120,4,0.036575,nan,models/chua_orig_nint128_bs16_sig0.0_lr1e-03-1e-05_tfp0_ramp200_hLR1_m20_p10_seed6_minsym5_cand3_reducedp4_retained_ga1p0_syncrr_v1_rseed0.pth,retained_ga1p0_syncrr_v1,False,completed,5,6,1.926779
chua_orig_nint128_bs16_sig0.0_lr1e-03-1e-05_tfp0_ramp200_hLR1_m20_p10_seed6_minsym5_cand4_reducedp4_retained_ga1p0_syncrr_v1_rseed0,20,10,6,6,0,4,10,4,6,5,5,0;1;4;7;8;9,retained_preactivation,1.0,,True,1.0,14890.082160619531,117.1430517268143,127.11024632808872,grad_auto_alpha1,alpha * g_out / (g_aux + eps),1.0,True,readout_retained,128,0.00,0.00,0.00,1.00,128,2000,16,200,200,0.0,0.0,0.001,1e-05,False,5,5.0,0.0,200,1.0,259439.046875,2.6906,0.0134,5,93.706596,nan,models/chua_orig_nint128_bs16_sig0.0_lr1e-03-1e-05_tfp0_ramp200_hLR1_m20_p10_seed6_minsym5_cand4_reducedp4_retained_ga1p0_syncrr_v1_rseed0.pth,retained_ga1p0_syncrr_v1,False,completed,5,6,2.690579
chua_orig_nint128_bs16_sig0.0_lr1e-03-1e-05_tfp0_ramp200_hLR1_m20_p10_seed6_minsym5_cand5_reducedp4_retained_ga1p0_syncrr_v1_rseed0,20,10,6,6,0,5,10,4,6,5,5,0;1;5;7;8;9,retained_preactivation,1.0,,True,1.0,75424.7895058382,1660.0348335012432,45.43566676053227,grad_auto_alpha1,alpha * g_out / (g_aux + eps),1.0,True,readout_retained,128,0.00,0.00,0.00,1.00,128,2000,16,200,200,0.0,0.0,0.001,1e-05,False,5,5.0,0.0,200,1.0,0.272514,1.9686,0.0164,4,0.023108,nan,models/chua_orig_nint128_bs16_sig0.0_lr1e-03-1e-05_tfp0_ramp200_hLR1_m20_p10_seed6_minsym5_cand5_reducedp4_retained_ga1p0_syncrr_v1_rseed0.pth,retained_ga1p0_syncrr_v1,False,completed,5,6,1.968570
chua_orig_nint128_bs16_sig0.0_lr1e-03-1e-05_tfp0_ramp200_hLR1_m20_p10_seed6_minsym5_cand6_reducedp4_retained_ga1p0_syncrr_v1_rseed0,20,10,6,6,0,6,10,4,6,5,5,0;2;4;5;7;9,retained_preactivation,1.0,,True,1.0,531585.2677567353,18263.65249272445,29.106186069215827,grad_auto_alpha1,alpha * g_out / (g_aux + eps),1.0,True,readout_retained,128,0.00,0.00,0.00,1.00,128,2000,16,200,200,0.0,0.0,0.001,1e-05,False,5,5.0,0.0,200,1.0,0.134278,1.3428,0.0097,5,0.038321,nan,models/chua_orig_nint128_bs16_sig0.0_lr1e-03-1e-05_tfp0_ramp200_hLR1_m20_p10_seed6_minsym5_cand6_reducedp4_retained_ga1p0_syncrr_v1_rseed0.pth,retained_ga1p0_syncrr_v1,False,completed,5,5,1.342844
chua_orig_nint128_bs16_sig0.0_lr1e-03-1e-05_tfp0_ramp200_hLR1_m20_p10_seed6_minsym5_cand7_reducedp4_retained_ga1p0_syncrr_v1_rseed0,20,10,6,6,0,7,10,4,6,5,5,0;4;5;7;8;9,retained_preactivation,1.0,,True,1.0,232910.58445678247,9544.417095218545,24.402808692577292,grad_auto_alpha1,alpha * g_out / (g_aux + eps),1.0,True,readout_retained,128,0.00,0.00,0.00,1.00,128,2000,16,200,200,0.0,0.0,0.001,1e-05,False,5,5.0,0.0,200,1.0,0.125321,1.2928,0.0151,5,0.029444,nan,models/chua_orig_nint128_bs16_sig0.0_lr1e-03-1e-05_tfp0_ramp200_hLR1_m20_p10_seed6_minsym5_cand7_reducedp4_retained_ga1p0_syncrr_v1_rseed0.pth,retained_ga1p0_syncrr_v1,False,completed,5,5,1.292839
chua_orig_nint128_bs16_sig0.0_lr1e-03-1e-05_tfp0_ramp200_hLR1_m20_p10_seed6_minsym5_cand8_reducedp4_retained_ga1p0_syncrr_v1_rseed0,20,10,6,6,0,8,10,4,6,5,5,1;2;4;5;8;9,retained_preactivation,1.0,,True,1.0,46557.9822801633,831.8135897811067,55.971653808174814,grad_auto_alpha1,alpha * g_out / (g_aux + eps),1.0,True,readout_retained,128,0.00,0.00,0.00,1.00,128,2000,16,200,200,0.0,0.0,0.001,1e-05,False,5,5.0,0.0,200,1.0,0.205476,1.4343,0.0087,4,0.035675,nan,models/chua_orig_nint128_bs16_sig0.0_lr1e-03-1e-05_tfp0_ramp200_hLR1_m20_p10_seed6_minsym5_cand8_reducedp4_retained_ga1p0_syncrr_v1_rseed0.pth,retained_ga1p0_syncrr_v1,False,completed,5,5,1.556336
chua_orig_nint128_bs16_sig0.0_lr1e-03-1e-05_tfp0_ramp200_hLR1_m20_p10_seed6_minsym5_cand9_reducedp4_retained_ga1p0_syncrr_v1_rseed0,20,10,6,6,0,9,10,4,6,5,5,1;2;4;7;8;9,retained_preactivation,1.0,,True,1.0,7785.678815941485,46.24542621988195,168.35565054418458,grad_auto_alpha1,alpha * g_out / (g_aux + eps),1.0,True,readout_retained,128,0.00,0.00,0.00,1.00,128,2000,16,200,200,0.0,0.0,0.001,1e-05,False,5,5.0,0.0,200,1.0,1.111020,2.7637,0.0123,4,0.076438,nan,models/chua_orig_nint128_bs16_sig0.0_lr1e-03-1e-05_tfp0_ramp200_hLR1_m20_p10_seed6_minsym5_cand9_reducedp4_retained_ga1p0_syncrr_v1_rseed0.pth,retained_ga1p0_syncrr_v1,False,completed,5,6,3.116046
chua_orig_nint128_bs16_sig0.0_lr1e-03-1e-05_tfp0_ramp200_hLR1_m20_p10_seed6_minsym5_cand10_reducedp4_retained_ga1p0_syncrr_v1_rseed0,20,10,6,6,0,10,10,4,6,5,5,1;2;5;7;8;9,retained_preactivation,1.0,,True,1.0,40375.38725510878,866.6535704263916,46.587689283093965,grad_auto_alpha1,alpha * g_out / (g_aux + eps),1.0,True,readout_retained,128,0.00,0.00,0.00,1.00,128,2000,16,200,200,0.0,0.0,0.001,1e-05,False,5,5.0,0.0,200,1.0,0.198204,2.2140,0.0107,5,0.020024,nan,models/chua_orig_nint128_bs16_sig0.0_lr1e-03-1e-05_tfp0_ramp200_hLR1_m20_p10_seed6_minsym5_cand10_reducedp4_retained_ga1p0_syncrr_v1_rseed0.pth,retained_ga1p0_syncrr_v1,False,completed,5,6,2.214022
chua_orig_nint128_bs16_sig0.0_lr1e-03-1e-05_tfp0_ramp200_hLR1_m20_p10_seed6_minsym5_cand11_reducedp4_retained_ga1p0_syncrr_v1_rseed0,20,10,6,6,0,11,10,4,6,5,5,2;4;5;7;8;9,retained_preactivation,1.0,,True,1.0,63320.78505514599,2274.111607962272,27.844185322058507,grad_auto_alpha1,alpha * g_out / (g_aux + eps),1.0,True,readout_retained,128,0.00,0.00,0.00,1.00,128,2000,16,200,200,0.0,0.0,0.001,1e-05,False,5,5.0,0.0,200,1.0,0.130127,1.1328,0.0067,5,0.031401,nan,models/chua_orig_nint128_bs16_sig0.0_lr1e-03-1e-05_tfp0_ramp200_hLR1_m20_p10_seed6_minsym5_cand11_reducedp4_retained_ga1p0_syncrr_v1_rseed0.pth,retained_ga1p0_syncrr_v1,False,completed,5,5,1.132829
chua_orig_nint128_bs16_sig0.0_lr1e-03-1e-05_tfp0_ramp200_hLR1_m20_p10_seed7_minsym5_cand0_reducedp3_retained_ga1p0_syncrr_v1_rseed0,20,10,7,7,0,0,10,3,7,5,5,0;1;2;4;5;7;9,retained_preactivation,1.0,,True,1.0,15555.11280897699,12863.68868171179,1.2092264663627608,grad_auto_alpha1,alpha * g_out / (g_aux + eps),1.0,True,readout_retained,128,0.00,0.00,0.00,1.00,128,2000,16,200,200,0.0,0.0,0.001,1e-05,False,5,5.0,0.0,200,1.0,0.013559,1.0746,0.0164,5,0.007562,nan,models/chua_orig_nint128_bs16_sig0.0_lr1e-03-1e-05_tfp0_ramp200_hLR1_m20_p10_seed7_minsym5_cand0_reducedp3_retained_ga1p0_syncrr_v1_rseed0.pth,retained_ga1p0_syncrr_v1,False,completed,5,5,1.074638
chua_orig_nint128_bs16_sig0.0_lr1e-03-1e-05_tfp0_ramp200_hLR1_m20_p10_seed7_minsym5_cand1_reducedp3_retained_ga1p0_syncrr_v1_rseed0,20,10,7,7,0,1,10,3,7,5,5,0;1;4;5;6;7;9,retained_preactivation,1.0,,True,1.0,972920.7738844926,9258.121416997888,105.08835756876252,grad_auto_alpha1,alpha * g_out / (g_aux + eps),1.0,True,readout_retained,128,0.00,0.00,0.00,1.00,128,2000,16,200,200,0.0,0.0,0.001,1e-05,False,5,5.0,0.0,200,1.0,0.322781,2.6001,0.0072,2,0.045017,nan,models/chua_orig_nint128_bs16_sig0.0_lr1e-03-1e-05_tfp0_ramp200_hLR1_m20_p10_seed7_minsym5_cand1_reducedp3_retained_ga1p0_syncrr_v1_rseed0.pth,retained_ga1p0_syncrr_v1,False,completed,5,5,2.636246
chua_orig_nint128_bs16_sig0.0_lr1e-03-1e-05_tfp0_ramp200_hLR1_m20_p10_seed7_minsym5_cand2_reducedp3_retained_ga1p0_syncrr_v1_rseed0,20,10,7,7,0,2,10,3,7,5,5,1;2;4;5;7;8;9,retained_preactivation,1.0,,True,1.0,2984.630400066313,3700.4495588374125,0.8065588660541039,grad_auto_alpha1,alpha * g_out / (g_aux + eps),1.0,True,readout_retained,128,0.00,0.00,0.00,1.00,128,2000,16,200,200,0.0,0.0,0.001,1e-05,False,5,5.0,0.0,200,1.0,0.015885,1.1844,0.0116,5,0.009247,nan,models/chua_orig_nint128_bs16_sig0.0_lr1e-03-1e-05_tfp0_ramp200_hLR1_m20_p10_seed7_minsym5_cand2_reducedp3_retained_ga1p0_syncrr_v1_rseed0.pth,retained_ga1p0_syncrr_v1,False,completed,5,5,1.184439
chua_orig_nint128_bs16_sig0.0_lr1e-03-1e-05_tfp0_ramp200_hLR1_m20_p10_seed7_minsym5_cand3_reducedp3_retained_ga1p0_syncrr_v1_rseed0,20,10,7,7,0,3,10,3,7,5,5,1;4;5;6;7;8;9,retained_preactivation,1.0,,True,1.0,1025874.4638677775,14011.804329296781,73.21501498010596,grad_auto_alpha1,alpha * g_out / (g_aux + eps),1.0,True,readout_retained,128,0.00,0.00,0.00,1.00,128,2000,16,200,200,0.0,0.0,0.001,1e-05,False,5,5.0,0.0,200,1.0,0.430724,2.6194,0.0076,5,0.080073,nan,models/chua_orig_nint128_bs16_sig0.0_lr1e-03-1e-05_tfp0_ramp200_hLR1_m20_p10_seed7_minsym5_cand3_reducedp3_retained_ga1p0_syncrr_v1_rseed0.pth,retained_ga1p0_syncrr_v1,False,completed,5,5,2.887562
chua_orig_nint128_bs16_sig0.0_lr1e-03-1e-05_tfp0_ramp200_hLR1_m20_p10_seed8_minsym5_cand0_reducedp3_retained_ga1p0_syncrr_v1_rseed0,20,10,8,8,0,0,10,3,7,5,5,0;3;4;5;6;7;8,retained_preactivation,1.0,,True,1.0,190506.7482269329,9075.507478923699,20.99130529828243,grad_auto_alpha1,alpha * g_out / (g_aux + eps),1.0,True,readout_retained,128,0.00,0.00,0.00,1.00,128,2000,16,200,200,0.0,0.0,0.001,1e-05,False,5,5.0,0.0,200,1.0,0.180545,1.9696,0.0178,4,0.028271,nan,models/chua_orig_nint128_bs16_sig0.0_lr1e-03-1e-05_tfp0_ramp200_hLR1_m20_p10_seed8_minsym5_cand0_reducedp3_retained_ga1p0_syncrr_v1_rseed0.pth,retained_ga1p0_syncrr_v1,False,completed,5,5,1.969573
chua_orig_nint128_bs16_sig0.0_lr1e-03-1e-05_tfp0_ramp200_hLR1_m20_p10_seed8_minsym5_cand1_reducedp3_retained_ga1p0_syncrr_v1_rseed0,20,10,8,8,0,1,10,3,7,5,5,0;3;4;6;7;8;9,retained_preactivation,1.0,,True,1.0,474010.18660467624,22454.471217819293,21.109835186344263,grad_auto_alpha1,alpha * g_out / (g_aux + eps),1.0,True,readout_retained,128,0.00,0.00,0.00,1.00,128,2000,16,200,200,0.0,0.0,0.001,1e-05,False,5,5.0,0.0,200,1.0,0.290559,2.8436,0.0128,4,0.060711,nan,models/chua_orig_nint128_bs16_sig0.0_lr1e-03-1e-05_tfp0_ramp200_hLR1_m20_p10_seed8_minsym5_cand1_reducedp3_retained_ga1p0_syncrr_v1_rseed0.pth,retained_ga1p0_syncrr_v1,False,completed,5,5,2.843600
chua_orig_nint128_bs16_sig0.0_lr1e-03-1e-05_tfp0_ramp200_hLR1_m20_p10_seed9_minsym5_cand0_reducedp3_retained_ga1p0_syncrr_v1_rseed0,20,10,9,9,0,0,10,3,7,5,5,0;1;2;3;5;6;8,retained_preactivation,1.0,,True,1.0,2545606901.4755354,211928013.41376758,12.011658395086734,grad_auto_alpha1,alpha * g_out / (g_aux + eps),1.0,True,readout_retained,128,0.00,0.00,0.00,1.00,128,2000,16,200,200,0.0,0.0,0.001,1e-05,False,5,5.0,0.0,200,1.0,0.077064,1.3867,0.0073,5,0.018813,nan,models/chua_orig_nint128_bs16_sig0.0_lr1e-03-1e-05_tfp0_ramp200_hLR1_m20_p10_seed9_minsym5_cand0_reducedp3_retained_ga1p0_syncrr_v1_rseed0.pth,retained_ga1p0_syncrr_v1,False,completed,5,5,1.386725
chua_orig_nint128_bs16_sig0.0_lr1e-03-1e-05_tfp0_ramp200_hLR1_m20_p10_seed9_minsym5_cand1_reducedp3_retained_ga1p0_syncrr_v1_rseed0,20,10,9,9,0,1,10,3,7,5,5,0;1;2;3;5;7;8,retained_preactivation,1.0,,True,1.0,3867904019.5878205,342602596.5496684,11.289768549746167,grad_auto_alpha1,alpha * g_out / (g_aux + eps),1.0,True,readout_retained,128,0.00,0.00,0.00,1.00,128,2000,16,200,200,0.0,0.0,0.001,1e-05,False,5,5.0,0.0,200,1.0,0.160003,1.5236,0.0084,5,0.021312,nan,models/chua_orig_nint128_bs16_sig0.0_lr1e-03-1e-05_tfp0_ramp200_hLR1_m20_p10_seed9_minsym5_cand1_reducedp3_retained_ga1p0_syncrr_v1_rseed0.pth,retained_ga1p0_syncrr_v1,False,completed,5,5,1.523618
chua_orig_nint128_bs16_sig0.0_lr1e-03-1e-05_tfp0_ramp200_hLR1_m20_p10_seed9_minsym5_cand2_reducedp3_retained_ga1p0_syncrr_v1_rseed0,20,10,9,9,0,2,10,3,7,5,5,0;2;3;5;6;7;8,retained_preactivation,1.0,,True,1.0,14517685393.292498,488994711.8574902,29.688839247659285,grad_auto_alpha1,alpha * g_out / (g_aux + eps),1.0,True,readout_retained,128,0.00,0.00,0.00,1.00,128,2000,16,200,200,0.0,0.0,0.001,1e-05,False,5,5.0,0.0,200,1.0,0.165234,1.6314,0.0086,4,0.023016,nan,models/chua_orig_nint128_bs16_sig0.0_lr1e-03-1e-05_tfp0_ramp200_hLR1_m20_p10_seed9_minsym5_cand2_reducedp3_retained_ga1p0_syncrr_v1_rseed0.pth,retained_ga1p0_syncrr_v1,False,completed,5,5,1.905500
chua_orig_nint128_bs16_sig0.0_lr1e-03-1e-05_tfp0_ramp200_hLR1_m20_p10_seed9_minsym5_cand3_reducedp3_retained_ga1p0_syncrr_v1_rseed0,20,10,9,9,0,3,10,3,7,5,5,1;2;3;5;6;7;8,retained_preactivation,1.0,,True,1.0,2505301424.6425505,272915717.689105,9.179762330495354,grad_auto_alpha1,alpha * g_out / (g_aux + eps),1.0,True,readout_retained,128,0.00,0.00,0.00,1.00,128,2000,16,200,200,0.0,0.0,0.001,1e-05,False,5,5.0,0.0,200,1.0,0.906904,7.1596,0.0476,2,0.476504,nan,models/chua_orig_nint128_bs16_sig0.0_lr1e-03-1e-05_tfp0_ramp200_hLR1_m20_p10_seed9_minsym5_cand3_reducedp3_retained_ga1p0_syncrr_v1_rseed0.pth,retained_ga1p0_syncrr_v1,False,completed,4,6,11.422236
chua_orig_nint128_bs16_sig0.0_lr1e-03-1e-05_tfp0_ramp200_hLR1_m20_p10_seed10_minsym5_cand0_reducedp3_retained_ga1p0_syncrr_v1_rseed0,20,10,10,10,0,0,10,3,7,5,5,0;1;2;4;5;6;7,retained_preactivation,1.0,,True,1.0,5481.68302451446,175.93764735159792,31.156964453206,grad_auto_alpha1,alpha * g_out / (g_aux + eps),1.0,True,readout_retained,128,0.00,0.00,0.00,1.00,128,2000,16,200,200,0.0,0.0,0.001,1e-05,False,5,5.0,0.0,200,1.0,0.204209,1.4865,0.0084,5,0.043730,nan,models/chua_orig_nint128_bs16_sig0.0_lr1e-03-1e-05_tfp0_ramp200_hLR1_m20_p10_seed10_minsym5_cand0_reducedp3_retained_ga1p0_syncrr_v1_rseed0.pth,retained_ga1p0_syncrr_v1,False,completed,5,5,1.486504
chua_orig_nint128_bs16_sig0.0_lr1e-03-1e-05_tfp0_ramp200_hLR1_m20_p10_seed10_minsym5_cand1_reducedp3_retained_ga1p0_syncrr_v1_rseed0,20,10,10,10,0,1,10,3,7,5,5,0;1;2;4;5;6;8,retained_preactivation,1.0,,True,1.0,4753.098785266303,216.53518848908578,21.950699183961298,grad_auto_alpha1,alpha * g_out / (g_aux + eps),1.0,True,readout_retained,128,0.00,0.00,0.00,1.00,128,2000,16,200,200,0.0,0.0,0.001,1e-05,False,5,5.0,0.0,200,1.0,0.472511,2.2543,0.0074,4,0.098432,nan,models/chua_orig_nint128_bs16_sig0.0_lr1e-03-1e-05_tfp0_ramp200_hLR1_m20_p10_seed10_minsym5_cand1_reducedp3_retained_ga1p0_syncrr_v1_rseed0.pth,retained_ga1p0_syncrr_v1,False,completed,5,5,2.279559
chua_orig_nint128_bs16_sig0.0_lr1e-03-1e-05_tfp0_ramp200_hLR1_m20_p10_seed10_minsym5_cand2_reducedp3_retained_ga1p0_syncrr_v1_rseed0,20,10,10,10,0,2,10,3,7,5,5,0;1;2;4;5;7;8,retained_preactivation,1.0,,True,1.0,4076.7524835952454,242.5213037315936,16.809873693022475,grad_auto_alpha1,alpha * g_out / (g_aux + eps),1.0,True,readout_retained,128,0.00,0.00,0.00,1.00,128,2000,16,200,200,0.0,0.0,0.001,1e-05,False,5,5.0,0.0,200,1.0,0.300850,1.5035,0.0134,3,0.061694,nan,models/chua_orig_nint128_bs16_sig0.0_lr1e-03-1e-05_tfp0_ramp200_hLR1_m20_p10_seed10_minsym5_cand2_reducedp3_retained_ga1p0_syncrr_v1_rseed0.pth,retained_ga1p0_syncrr_v1,False,completed,5,5,1.503484
chua_orig_nint128_bs16_sig0.0_lr1e-03-1e-05_tfp0_ramp200_hLR1_m20_p10_seed10_minsym5_cand3_reducedp3_retained_ga1p0_syncrr_v1_rseed0,20,10,10,10,0,3,10,3,7,5,5,0;1;2;4;6;7;8,retained_preactivation,1.0,,True,1.0,6337.954761790274,213.71038258473013,29.656747066453004,grad_auto_alpha1,alpha * g_out / (g_aux + eps),1.0,True,readout_retained,128,0.00,0.00,0.00,1.00,128,2000,16,200,200,0.0,0.0,0.001,1e-05,False,5,5.0,0.0,200,1.0,0.159137,1.4026,0.0079,5,0.031594,nan,models/chua_orig_nint128_bs16_sig0.0_lr1e-03-1e-05_tfp0_ramp200_hLR1_m20_p10_seed10_minsym5_cand3_reducedp3_retained_ga1p0_syncrr_v1_rseed0.pth,retained_ga1p0_syncrr_v1,False,completed,5,5,1.402616
chua_orig_nint128_bs16_sig0.0_lr1e-03-1e-05_tfp0_ramp200_hLR1_m20_p10_seed10_minsym5_cand4_reducedp3_retained_ga1p0_syncrr_v1_rseed0,20,10,10,10,0,4,10,3,7,5,5,0;1;2;5;6;7;8,retained_preactivation,1.0,,True,1.0,6257.087356550171,200.90861065774604,31.143948166608347,grad_auto_alpha1,alpha * g_out / (g_aux + eps),1.0,True,readout_retained,128,0.00,0.00,0.00,1.00,128,2000,16,200,200,0.0,0.0,0.001,1e-05,False,5,5.0,0.0,200,1.0,0.142245,1.3268,0.0044,5,0.027522,nan,models/chua_orig_nint128_bs16_sig0.0_lr1e-03-1e-05_tfp0_ramp200_hLR1_m20_p10_seed10_minsym5_cand4_reducedp3_retained_ga1p0_syncrr_v1_rseed0.pth,retained_ga1p0_syncrr_v1,False,completed,5,5,1.326823
chua_orig_nint128_bs16_sig0.0_lr1e-03-1e-05_tfp0_ramp200_hLR1_m20_p10_seed10_minsym5_cand5_reducedp3_retained_ga1p0_syncrr_v1_rseed0,20,10,10,10,0,5,10,3,7,5,5,0;1;3;4;5;6;7,retained_preactivation,1.0,,True,1.0,5081.698055276405,195.1613214913498,26.038448686675945,grad_auto_alpha1,alpha * g_out / (g_aux + eps),1.0,True,readout_retained,128,0.00,0.00,0.00,1.00,128,2000,16,200,200,0.0,0.0,0.001,1e-05,False,5,5.0,0.0,200,1.0,0.169737,1.4961,0.0056,5,0.040973,nan,models/chua_orig_nint128_bs16_sig0.0_lr1e-03-1e-05_tfp0_ramp200_hLR1_m20_p10_seed10_minsym5_cand5_reducedp3_retained_ga1p0_syncrr_v1_rseed0.pth,retained_ga1p0_syncrr_v1,False,completed,5,5,1.496093
chua_orig_nint128_bs16_sig0.0_lr1e-03-1e-05_tfp0_ramp200_hLR1_m20_p10_seed10_minsym5_cand6_reducedp3_retained_ga1p0_syncrr_v1_rseed0,20,10,10,10,0,6,10,3,7,5,5,0;1;3;4;5;6;8,retained_preactivation,1.0,,True,1.0,4212.114043891736,233.59247726450934,18.031890809232333,grad_auto_alpha1,alpha * g_out / (g_aux + eps),1.0,True,readout_retained,128,0.00,0.00,0.00,1.00,128,2000,16,200,200,0.0,0.0,0.001,1e-05,False,5,5.0,0.0,200,1.0,0.290608,1.8276,0.0077,5,0.043690,nan,models/chua_orig_nint128_bs16_sig0.0_lr1e-03-1e-05_tfp0_ramp200_hLR1_m20_p10_seed10_minsym5_cand6_reducedp3_retained_ga1p0_syncrr_v1_rseed0.pth,retained_ga1p0_syncrr_v1,False,completed,5,5,1.827586
chua_orig_nint128_bs16_sig0.0_lr1e-03-1e-05_tfp0_ramp200_hLR1_m20_p10_seed10_minsym5_cand7_reducedp3_retained_ga1p0_syncrr_v1_rseed0,20,10,10,10,0,7,10,3,7,5,5,0;1;3;4;5;7;8,retained_preactivation,1.0,,True,1.0,3613.790504788566,265.4457713348081,13.614044354959642,grad_auto_alpha1,alpha * g_out / (g_aux + eps),1.0,True,readout_retained,128,0.00,0.00,0.00,1.00,128,2000,16,200,200,0.0,0.0,0.001,1e-05,False,5,5.0,0.0,200,1.0,0.243507,1.7226,0.0167,4,0.061875,nan,models/chua_orig_nint128_bs16_sig0.0_lr1e-03-1e-05_tfp0_ramp200_hLR1_m20_p10_seed10_minsym5_cand7_reducedp3_retained_ga1p0_syncrr_v1_rseed0.pth,retained_ga1p0_syncrr_v1,False,completed,5,5,1.722643
chua_orig_nint128_bs16_sig0.0_lr1e-03-1e-05_tfp0_ramp200_hLR1_m20_p10_seed10_minsym5_cand8_reducedp3_retained_ga1p0_syncrr_v1_rseed0,20,10,10,10,0,8,10,3,7,5,5,0;1;3;4;6;7;8,retained_preactivation,1.0,,True,1.0,5918.940451001345,239.18553984959988,24.746230289352592,grad_auto_alpha1,alpha * g_out / (g_aux + eps),1.0,True,readout_retained,128,0.00,0.00,0.00,1.00,128,2000,16,200,200,0.0,0.0,0.001,1e-05,False,5,5.0,0.0,200,1.0,0.116615,1.3699,0.0083,5,0.028282,nan,models/chua_orig_nint128_bs16_sig0.0_lr1e-03-1e-05_tfp0_ramp200_hLR1_m20_p10_seed10_minsym5_cand8_reducedp3_retained_ga1p0_syncrr_v1_rseed0.pth,retained_ga1p0_syncrr_v1,False,completed,5,5,1.369875
chua_orig_nint128_bs16_sig0.0_lr1e-03-1e-05_tfp0_ramp200_hLR1_m20_p10_seed10_minsym5_cand9_reducedp3_retained_ga1p0_syncrr_v1_rseed0,20,10,10,10,0,9,10,3,7,5,5,0;1;3;5;6;7;8,retained_preactivation,1.0,,True,1.0,5801.384058998336,225.0638537865421,25.77661388709949,grad_auto_alpha1,alpha * g_out / (g_aux + eps),1.0,True,readout_retained,128,0.00,0.00,0.00,1.00,128,2000,16,200,200,0.0,0.0,0.001,1e-05,False,5,5.0,0.0,200,1.0,0.099506,1.3392,0.0085,5,0.023209,nan,models/chua_orig_nint128_bs16_sig0.0_lr1e-03-1e-05_tfp0_ramp200_hLR1_m20_p10_seed10_minsym5_cand9_reducedp3_retained_ga1p0_syncrr_v1_rseed0.pth,retained_ga1p0_syncrr_v1,False,completed,5,5,1.383206
chua_orig_nint128_bs16_sig0.0_lr1e-03-1e-05_tfp0_ramp200_hLR1_m20_p10_seed10_minsym5_cand10_reducedp3_retained_ga1p0_syncrr_v1_rseed0,20,10,10,10,0,10,10,3,7,5,5,1;2;4;5;6;7;8,retained_preactivation,1.0,,True,1.0,6106.594319872575,185.79119555879922,32.86805007904655,grad_auto_alpha1,alpha * g_out / (g_aux + eps),1.0,True,readout_retained,128,0.00,0.00,0.00,1.00,128,2000,16,200,200,0.0,0.0,0.001,1e-05,False,5,5.0,0.0,200,1.0,0.218270,1.7528,0.0119,5,0.025895,nan,models/chua_orig_nint128_bs16_sig0.0_lr1e-03-1e-05_tfp0_ramp200_hLR1_m20_p10_seed10_minsym5_cand10_reducedp3_retained_ga1p0_syncrr_v1_rseed0.pth,retained_ga1p0_syncrr_v1,False,completed,5,5,1.752850
chua_orig_nint128_bs16_sig0.0_lr1e-03-1e-05_tfp0_ramp200_hLR1_m20_p10_seed10_minsym5_cand11_reducedp3_retained_ga1p0_syncrr_v1_rseed0,20,10,10,10,0,11,10,3,7,5,5,1;3;4;5;6;7;8,retained_preactivation,1.0,,True,1.0,5591.002464898402,201.63099505409357,27.7288839615081,grad_auto_alpha1,alpha * g_out / (g_aux + eps),1.0,True,readout_retained,128,0.00,0.00,0.00,1.00,128,2000,16,200,200,0.0,0.0,0.001,1e-05,False,5,5.0,0.0,200,1.0,0.169869,1.6514,0.0089,5,0.022542,nan,models/chua_orig_nint128_bs16_sig0.0_lr1e-03-1e-05_tfp0_ramp200_hLR1_m20_p10_seed10_minsym5_cand11_reducedp3_retained_ga1p0_syncrr_v1_rseed0.pth,retained_ga1p0_syncrr_v1,False,completed,5,5,1.651399
chua_orig_nint128_bs16_sig0.0_lr1e-03-1e-05_tfp0_ramp200_hLR1_m20_p10_seed11_minsym5_cand0_reducedp3_retained_ga1p0_syncrr_v1_rseed0,20,10,11,11,0,0,10,3,7,5,5,0;1;3;4;5;6;9,retained_preactivation,1.0,,True,1.0,190228.7439479113,6004.048213757531,31.68341378605617,grad_auto_alpha1,alpha * g_out / (g_aux + eps),1.0,True,readout_retained,128,0.00,0.00,0.00,1.00,128,2000,16,200,200,0.0,0.0,0.001,1e-05,False,5,5.0,0.0,200,1.0,0.178392,1.7870,0.0138,3,0.048734,nan,models/chua_orig_nint128_bs16_sig0.0_lr1e-03-1e-05_tfp0_ramp200_hLR1_m20_p10_seed11_minsym5_cand0_reducedp3_retained_ga1p0_syncrr_v1_rseed0.pth,retained_ga1p0_syncrr_v1,False,completed,5,5,1.786984
chua_orig_nint128_bs16_sig0.0_lr1e-03-1e-05_tfp0_ramp200_hLR1_m20_p10_seed11_minsym5_cand1_reducedp3_retained_ga1p0_syncrr_v1_rseed0,20,10,11,11,0,1,10,3,7,5,5,0;1;3;5;6;7;9,retained_preactivation,1.0,,True,1.0,87273.3579965845,3672.6119600871257,23.76329406565296,grad_auto_alpha1,alpha * g_out / (g_aux + eps),1.0,True,readout_retained,128,0.00,0.00,0.00,1.00,128,2000,16,200,200,0.0,0.0,0.001,1e-05,False,5,5.0,0.0,200,1.0,0.212941,1.4342,0.0106,4,0.055392,nan,models/chua_orig_nint128_bs16_sig0.0_lr1e-03-1e-05_tfp0_ramp200_hLR1_m20_p10_seed11_minsym5_cand1_reducedp3_retained_ga1p0_syncrr_v1_rseed0.pth,retained_ga1p0_syncrr_v1,False,completed,5,5,1.437705
chua_orig_nint128_bs16_sig0.0_lr1e-03-1e-05_tfp0_ramp200_hLR1_m20_p10_seed11_minsym5_cand2_reducedp3_retained_ga1p0_syncrr_v1_rseed0,20,10,11,11,0,2,10,3,7,5,5,0;1;4;5;6;7;9,retained_preactivation,1.0,,True,1.0,829.3416557916587,35.90606535356951,23.09753651994589,grad_auto_alpha1,alpha * g_out / (g_aux + eps),1.0,True,readout_retained,128,0.00,0.00,0.00,1.00,128,2000,16,200,200,0.0,0.0,0.001,1e-05,False,5,5.0,0.0,200,1.0,0.281898,1.5451,0.0161,4,0.055132,nan,models/chua_orig_nint128_bs16_sig0.0_lr1e-03-1e-05_tfp0_ramp200_hLR1_m20_p10_seed11_minsym5_cand2_reducedp3_retained_ga1p0_syncrr_v1_rseed0.pth,retained_ga1p0_syncrr_v1,False,completed,5,5,1.545063
chua_orig_nint128_bs16_sig0.0_lr1e-03-1e-05_tfp0_ramp200_hLR1_m20_p10_seed11_minsym5_cand3_reducedp3_retained_ga1p0_syncrr_v1_rseed0,20,10,11,11,0,3,10,3,7,5,5,0;3;4;5;6;8;9,retained_preactivation,1.0,,True,1.0,4059.8120184313952,8.311291183688635,488.4694722762825,grad_auto_alpha1,alpha * g_out / (g_aux + eps),1.0,True,readout_retained,128,0.00,0.00,0.00,1.00,128,2000,16,200,200,0.0,0.0,0.001,1e-05,False,5,5.0,0.0,200,1.0,2.417461,4.1034,0.0193,5,0.167100,nan,models/chua_orig_nint128_bs16_sig0.0_lr1e-03-1e-05_tfp0_ramp200_hLR1_m20_p10_seed11_minsym5_cand3_reducedp3_retained_ga1p0_syncrr_v1_rseed0.pth,retained_ga1p0_syncrr_v1,False,completed,5,5,4.103378
chua_orig_nint128_bs16_sig0.0_lr1e-03-1e-05_tfp0_ramp200_hLR1_m20_p10_seed11_minsym5_cand4_reducedp3_retained_ga1p0_syncrr_v1_rseed0,20,10,11,11,0,4,10,3,7,5,5,0;3;5;6;7;8;9,retained_preactivation,1.0,,True,1.0,3222.4738846885944,38.67607463189465,83.3195694071565,grad_auto_alpha1,alpha * g_out / (g_aux + eps),1.0,True,readout_retained,128,0.00,0.00,0.00,1.00,128,2000,16,200,200,0.0,0.0,0.001,1e-05,False,5,5.0,0.0,200,1.0,0.695385,1.9821,0.0119,4,0.083406,nan,models/chua_orig_nint128_bs16_sig0.0_lr1e-03-1e-05_tfp0_ramp200_hLR1_m20_p10_seed11_minsym5_cand4_reducedp3_retained_ga1p0_syncrr_v1_rseed0.pth,retained_ga1p0_syncrr_v1,False,completed,5,5,2.321139
chua_orig_nint128_bs16_sig0.0_lr1e-03-1e-05_tfp0_ramp200_hLR1_m20_p10_seed11_minsym5_cand5_reducedp3_retained_ga1p0_syncrr_v1_rseed0,20,10,11,11,0,5,10,3,7,5,5,0;4;5;6;7;8;9,retained_preactivation,1.0,,True,1.0,3451.4387896571484,161.6306075844098,21.353868807643078,grad_auto_alpha1,alpha * g_out / (g_aux + eps),1.0,True,readout_retained,128,0.00,0.00,0.00,1.00,128,2000,16,200,200,0.0,0.0,0.001,1e-05,False,5,5.0,0.0,200,1.0,0.231185,1.7785,0.0069,4,0.054079,nan,models/chua_orig_nint128_bs16_sig0.0_lr1e-03-1e-05_tfp0_ramp200_hLR1_m20_p10_seed11_minsym5_cand5_reducedp3_retained_ga1p0_syncrr_v1_rseed0.pth,retained_ga1p0_syncrr_v1,False,completed,5,5,1.778528
chua_orig_nint128_bs16_sig0.0_lr1e-03-1e-05_tfp0_ramp200_hLR1_m20_p10_seed11_minsym5_cand6_reducedp3_retained_ga1p0_syncrr_v1_rseed0,20,10,11,11,0,6,10,3,7,5,5,1;3;4;5;6;7;9,retained_preactivation,1.0,,True,1.0,60667.92140826979,5732.012218944146,10.58405304995058,grad_auto_alpha1,alpha * g_out / (g_aux + eps),1.0,True,readout_retained,128,0.00,0.00,0.00,1.00,128,2000,16,200,200,0.0,0.0,0.001,1e-05,False,5,5.0,0.0,200,1.0,0.067947,1.5802,0.0099,4,0.025377,nan,models/chua_orig_nint128_bs16_sig0.0_lr1e-03-1e-05_tfp0_ramp200_hLR1_m20_p10_seed11_minsym5_cand6_reducedp3_retained_ga1p0_syncrr_v1_rseed0.pth,retained_ga1p0_syncrr_v1,False,completed,5,5,1.688201
chua_orig_nint128_bs16_sig0.0_lr1e-03-1e-05_tfp0_ramp200_hLR1_m20_p10_seed11_minsym5_cand7_reducedp3_retained_ga1p0_syncrr_v1_rseed0,20,10,11,11,0,7,10,3,7,5,5,3;4;5;6;7;8;9,retained_preactivation,1.0,,True,1.0,4123.4463665118765,18.665259366403628,220.91556755614215,grad_auto_alpha1,alpha * g_out / (g_aux + eps),1.0,True,readout_retained,128,0.00,0.00,0.00,1.00,128,2000,16,200,200,0.0,0.0,0.001,1e-05,False,5,5.0,0.0,200,1.0,1.181124,2.4439,0.0104,5,0.069216,nan,models/chua_orig_nint128_bs16_sig0.0_lr1e-03-1e-05_tfp0_ramp200_hLR1_m20_p10_seed11_minsym5_cand7_reducedp3_retained_ga1p0_syncrr_v1_rseed0.pth,retained_ga1p0_syncrr_v1,False,completed,5,5,2.443913
chua_orig_nint128_bs16_sig0.0_lr1e-03-1e-05_tfp0_ramp200_hLR1_m20_p10_seed13_minsym5_cand0_reducedp3_retained_ga1p0_syncrr_v1_rseed0,20,10,13,13,0,0,10,3,7,5,5,0;1;2;3;5;7;8,retained_preactivation,1.0,,True,1.0,4463030.232956976,197608.92043503502,22.585165806946556,grad_auto_alpha1,alpha * g_out / (g_aux + eps),1.0,True,readout_retained,128,0.00,0.00,0.00,1.00,128,2000,16,200,200,0.0,0.0,0.001,1e-05,False,5,5.0,0.0,200,1.0,0.112763,1.5818,0.0117,5,0.029942,nan,models/chua_orig_nint128_bs16_sig0.0_lr1e-03-1e-05_tfp0_ramp200_hLR1_m20_p10_seed13_minsym5_cand0_reducedp3_retained_ga1p0_syncrr_v1_rseed0.pth,retained_ga1p0_syncrr_v1,False,completed,5,5,1.581788
chua_orig_nint128_bs16_sig0.0_lr1e-03-1e-05_tfp0_ramp200_hLR1_m20_p10_seed13_minsym5_cand1_reducedp3_retained_ga1p0_syncrr_v1_rseed0,20,10,13,13,0,1,10,3,7,5,5,0;1;2;5;7;8;9,retained_preactivation,1.0,,True,1.0,5470248.385848672,25008.417011828238,218.73629119593645,grad_auto_alpha1,alpha * g_out / (g_aux + eps),1.0,True,readout_retained,128,0.00,0.00,0.00,1.00,128,2000,16,200,200,0.0,0.0,0.001,1e-05,False,5,5.0,0.0,200,1.0,1.543172,3.0204,0.0273,7,0.165557,nan,models/chua_orig_nint128_bs16_sig0.0_lr1e-03-1e-05_tfp0_ramp200_hLR1_m20_p10_seed13_minsym5_cand1_reducedp3_retained_ga1p0_syncrr_v1_rseed0.pth,retained_ga1p0_syncrr_v1,False,completed,5,5,5.266474
chua_orig_nint128_bs16_sig0.0_lr1e-03-1e-05_tfp0_ramp200_hLR1_m20_p10_seed13_minsym5_cand2_reducedp3_retained_ga1p0_syncrr_v1_rseed0,20,10,13,13,0,2,10,3,7,5,5,0;1;3;5;7;8;9,retained_preactivation,1.0,,True,1.0,3928066.5982785984,78687.50546941998,49.9198262144064,grad_auto_alpha1,alpha * g_out / (g_aux + eps),1.0,True,readout_retained,128,0.00,0.00,0.00,1.00,128,2000,16,200,200,0.0,0.0,0.001,1e-05,False,5,5.0,0.0,200,1.0,0.210848,1.7985,0.0083,5,0.060388,nan,models/chua_orig_nint128_bs16_sig0.0_lr1e-03-1e-05_tfp0_ramp200_hLR1_m20_p10_seed13_minsym5_cand2_reducedp3_retained_ga1p0_syncrr_v1_rseed0.pth,retained_ga1p0_syncrr_v1,False,completed,5,6,1.898342
chua_orig_nint128_bs16_sig0.0_lr1e-03-1e-05_tfp0_ramp200_hLR1_m20_p10_seed13_minsym5_cand3_reducedp3_retained_ga1p0_syncrr_v1_rseed0,20,10,13,13,0,3,10,3,7,5,5,0;2;3;5;6;7;8,retained_preactivation,1.0,,True,1.0,29010170.12980765,3141874.8618644886,9.233394519281424,grad_auto_alpha1,alpha * g_out / (g_aux + eps),1.0,True,readout_retained,128,0.00,0.00,0.00,1.00,128,2000,16,200,200,0.0,0.0,0.001,1e-05,False,5,5.0,0.0,200,1.0,0.057025,1.2157,0.0075,5,0.022835,nan,models/chua_orig_nint128_bs16_sig0.0_lr1e-03-1e-05_tfp0_ramp200_hLR1_m20_p10_seed13_minsym5_cand3_reducedp3_retained_ga1p0_syncrr_v1_rseed0.pth,retained_ga1p0_syncrr_v1,False,completed,5,5,1.215670
chua_orig_nint128_bs16_sig0.0_lr1e-03-1e-05_tfp0_ramp200_hLR1_m20_p10_seed13_minsym5_cand4_reducedp3_retained_ga1p0_syncrr_v1_rseed0,20,10,13,13,0,4,10,3,7,5,5,0;2;5;6;7;8;9,retained_preactivation,1.0,,True,1.0,4340558.601470552,20039.741739852838,216.59753193518088,grad_auto_alpha1,alpha * g_out / (g_aux + eps),1.0,True,readout_retained,128,0.00,0.00,0.00,1.00,128,2000,16,200,200,0.0,0.0,0.001,1e-05,False,5,5.0,0.0,200,1.0,1.615000,2.3251,0.0075,3,0.055336,nan,models/chua_orig_nint128_bs16_sig0.0_lr1e-03-1e-05_tfp0_ramp200_hLR1_m20_p10_seed13_minsym5_cand4_reducedp3_retained_ga1p0_syncrr_v1_rseed0.pth,retained_ga1p0_syncrr_v1,False,completed,5,5,2.325056
chua_orig_nint128_bs16_sig0.0_lr1e-03-1e-05_tfp0_ramp200_hLR1_m20_p10_seed13_minsym5_cand5_reducedp3_retained_ga1p0_syncrr_v1_rseed0,20,10,13,13,0,5,10,3,7,5,5,0;3;5;6;7;8;9,retained_preactivation,1.0,,True,1.0,2264251.7156464737,46224.57594451246,48.98372065899447,grad_auto_alpha1,alpha * g_out / (g_aux + eps),1.0,True,readout_retained,128,0.00,0.00,0.00,1.00,128,2000,16,200,200,0.0,0.0,0.001,1e-05,False,5,5.0,0.0,200,1.0,0.139348,1.4468,0.0070,5,0.026564,nan,models/chua_orig_nint128_bs16_sig0.0_lr1e-03-1e-05_tfp0_ramp200_hLR1_m20_p10_seed13_minsym5_cand5_reducedp3_retained_ga1p0_syncrr_v1_rseed0.pth,retained_ga1p0_syncrr_v1,False,completed,5,5,1.446820
chua_orig_nint128_bs16_sig0.0_lr1e-03-1e-05_tfp0_ramp200_hLR1_m20_p10_seed13_minsym5_cand6_reducedp3_retained_ga1p0_syncrr_v1_rseed0,20,10,13,13,0,6,10,3,7,5,5,1;2;3;5;7;8;9,retained_preactivation,1.0,,True,1.0,308.05402498666666,11.174848155562435,27.56673027662581,grad_auto_alpha1,alpha * g_out / (g_aux + eps),1.0,True,readout_retained,128,0.00,0.00,0.00,1.00,128,2000,16,200,200,0.0,0.0,0.001,1e-05,False,5,5.0,0.0,200,1.0,0.150238,2.0126,0.0190,6,0.042191,nan,models/chua_orig_nint128_bs16_sig0.0_lr1e-03-1e-05_tfp0_ramp200_hLR1_m20_p10_seed13_minsym5_cand6_reducedp3_retained_ga1p0_syncrr_v1_rseed0.pth,retained_ga1p0_syncrr_v1,False,completed,5,5,2.081860
chua_orig_nint128_bs16_sig0.0_lr1e-03-1e-05_tfp0_ramp200_hLR1_m20_p10_seed13_minsym5_cand7_reducedp3_retained_ga1p0_syncrr_v1_rseed0,20,10,13,13,0,7,10,3,7,5,5,2;3;5;6;7;8;9,retained_preactivation,1.0,,True,1.0,270.8090926025758,9.618518281739513,28.154969889350948,grad_auto_alpha1,alpha * g_out / (g_aux + eps),1.0,True,readout_retained,128,0.00,0.00,0.00,1.00,128,2000,16,200,200,0.0,0.0,0.001,1e-05,False,5,5.0,0.0,200,1.0,0.151032,1.5215,0.0137,3,0.030487,nan,models/chua_orig_nint128_bs16_sig0.0_lr1e-03-1e-05_tfp0_ramp200_hLR1_m20_p10_seed13_minsym5_cand7_reducedp3_retained_ga1p0_syncrr_v1_rseed0.pth,retained_ga1p0_syncrr_v1,False,completed,5,5,1.521512
chua_orig_nint128_bs16_sig0.0_lr1e-03-1e-05_tfp0_ramp200_hLR1_m20_p10_seed14_minsym5_cand0_reducedp3_retained_ga1p0_syncrr_v1_rseed0,20,10,14,14,0,0,10,3,7,5,5,0;1;2;5;6;7;8,retained_preactivation,1.0,,True,1.0,5657.886569868647,139.5435329315114,40.545673819549364,grad_auto_alpha1,alpha * g_out / (g_aux + eps),1.0,True,readout_retained,128,0.00,0.00,0.00,1.00,128,2000,16,200,200,0.0,0.0,0.001,1e-05,False,5,5.0,0.0,200,1.0,1.756054,5.6756,0.0142,1,0.405876,nan,models/chua_orig_nint128_bs16_sig0.0_lr1e-03-1e-05_tfp0_ramp200_hLR1_m20_p10_seed14_minsym5_cand0_reducedp3_retained_ga1p0_syncrr_v1_rseed0.pth,retained_ga1p0_syncrr_v1,False,completed,3,4,5.675558
chua_orig_nint128_bs16_sig0.0_lr1e-03-1e-05_tfp0_ramp200_hLR1_m20_p10_seed14_minsym5_cand1_reducedp3_retained_ga1p0_syncrr_v1_rseed0,20,10,14,14,0,1,10,3,7,5,5,0;1;2;5;6;7;9,retained_preactivation,1.0,,True,1.0,5889.085641039702,106.45341654930353,55.32077627881617,grad_auto_alpha1,alpha * g_out / (g_aux + eps),1.0,True,readout_retained,128,0.00,0.00,0.00,1.00,128,2000,16,200,200,0.0,0.0,0.001,1e-05,False,5,5.0,0.0,200,1.0,0.258536,2.0243,0.0134,5,0.022652,nan,models/chua_orig_nint128_bs16_sig0.0_lr1e-03-1e-05_tfp0_ramp200_hLR1_m20_p10_seed14_minsym5_cand1_reducedp3_retained_ga1p0_syncrr_v1_rseed0.pth,retained_ga1p0_syncrr_v1,False,completed,5,5,2.024329
chua_orig_nint128_bs16_sig0.0_lr1e-03-1e-05_tfp0_ramp200_hLR1_m20_p10_seed14_minsym5_cand2_reducedp3_retained_ga1p0_syncrr_v1_rseed0,20,10,14,14,0,2,10,3,7,5,5,0;1;2;5;6;8;9,retained_preactivation,1.0,,True,1.0,5614.032686046636,89.09951644749121,63.008565140250525,grad_auto_alpha1,alpha * g_out / (g_aux + eps),1.0,True,readout_retained,128,0.00,0.00,0.00,1.00,128,2000,16,200,200,0.0,0.0,0.001,1e-05,False,5,5.0,0.0,200,1.0,0.210655,2.3930,0.0132,5,0.018552,nan,models/chua_orig_nint128_bs16_sig0.0_lr1e-03-1e-05_tfp0_ramp200_hLR1_m20_p10_seed14_minsym5_cand2_reducedp3_retained_ga1p0_syncrr_v1_rseed0.pth,retained_ga1p0_syncrr_v1,False,completed,5,5,2.392972
chua_orig_nint128_bs16_sig0.0_lr1e-03-1e-05_tfp0_ramp200_hLR1_m20_p10_seed14_minsym5_cand3_reducedp3_retained_ga1p0_syncrr_v1_rseed0,20,10,14,14,0,3,10,3,7,5,5,0;1;5;6;7;8;9,retained_preactivation,1.0,,True,1.0,4929.881964864879,159.4745931928451,30.91327506258865,grad_auto_alpha1,alpha * g_out / (g_aux + eps),1.0,True,readout_retained,128,0.00,0.00,0.00,1.00,128,2000,16,200,200,0.0,0.0,0.001,1e-05,False,5,5.0,0.0,200,1.0,1.340080,4.2071,0.0209,3,0.437617,nan,models/chua_orig_nint128_bs16_sig0.0_lr1e-03-1e-05_tfp0_ramp200_hLR1_m20_p10_seed14_minsym5_cand3_reducedp3_retained_ga1p0_syncrr_v1_rseed0.pth,retained_ga1p0_syncrr_v1,False,completed,3,4,4.207057
chua_orig_nint128_bs16_sig0.0_lr1e-03-1e-05_tfp0_ramp200_hLR1_m20_p10_seed14_minsym5_cand4_reducedp3_retained_ga1p0_syncrr_v1_rseed0,20,10,14,14,0,4,10,3,7,5,5,0;2;5;6;7;8;9,retained_preactivation,1.0,,True,1.0,5243.324041102171,146.18529822953138,35.86765635535649,grad_auto_alpha1,alpha * g_out / (g_aux + eps),1.0,True,readout_retained,128,0.00,0.00,0.00,1.00,128,2000,16,200,200,0.0,0.0,0.001,1e-05,False,5,5.0,0.0,200,1.0,1.725795,5.5202,0.0205,3,0.444400,nan,models/chua_orig_nint128_bs16_sig0.0_lr1e-03-1e-05_tfp0_ramp200_hLR1_m20_p10_seed14_minsym5_cand4_reducedp3_retained_ga1p0_syncrr_v1_rseed0.pth,retained_ga1p0_syncrr_v1,False,completed,4,4,8.280531
chua_orig_nint128_bs16_sig0.0_lr1e-03-1e-05_tfp0_ramp200_hLR1_m20_p10_seed15_minsym5_cand0_reducedp3_retained_ga1p0_syncrr_v1_rseed0,20,10,15,15,0,0,10,3,7,5,5,0;2;3;5;6;7;8,retained_preactivation,1.0,,True,1.0,4436.504296740847,122.9932226779469,36.071128149537394,grad_auto_alpha1,alpha * g_out / (g_aux + eps),1.0,True,readout_retained,128,0.00,0.00,0.00,1.00,128,2000,16,200,200,0.0,0.0,0.001,1e-05,False,5,5.0,0.0,200,1.0,0.135695,1.3913,0.0054,4,0.031230,nan,models/chua_orig_nint128_bs16_sig0.0_lr1e-03-1e-05_tfp0_ramp200_hLR1_m20_p10_seed15_minsym5_cand0_reducedp3_retained_ga1p0_syncrr_v1_rseed0.pth,retained_ga1p0_syncrr_v1,False,completed,5,5,1.542376
chua_orig_nint128_bs16_sig0.0_lr1e-03-1e-05_tfp0_ramp200_hLR1_m20_p10_seed15_minsym5_cand1_reducedp3_retained_ga1p0_syncrr_v1_rseed0,20,10,15,15,0,1,10,3,7,5,5,0;2;3;5;6;7;9,retained_preactivation,1.0,,True,1.0,17387.543961123432,293.72807410691047,59.19605748953603,grad_auto_alpha1,alpha * g_out / (g_aux + eps),1.0,True,readout_retained,128,0.00,0.00,0.00,1.00,128,2000,16,200,200,0.0,0.0,0.001,1e-05,False,5,5.0,0.0,200,1.0,0.385041,1.7026,0.0074,3,0.035855,nan,models/chua_orig_nint128_bs16_sig0.0_lr1e-03-1e-05_tfp0_ramp200_hLR1_m20_p10_seed15_minsym5_cand1_reducedp3_retained_ga1p0_syncrr_v1_rseed0.pth,retained_ga1p0_syncrr_v1,False,completed,5,5,1.702591
chua_orig_nint128_bs16_sig0.0_lr1e-03-1e-05_tfp0_ramp200_hLR1_m20_p10_seed15_minsym5_cand2_reducedp3_retained_ga1p0_syncrr_v1_rseed0,20,10,15,15,0,2,10,3,7,5,5,0;2;3;5;6;8;9,retained_preactivation,1.0,,True,1.0,43689.30944410915,2334.564792631829,18.71411304667916,grad_auto_alpha1,alpha * g_out / (g_aux + eps),1.0,True,readout_retained,128,0.00,0.00,0.00,1.00,128,2000,16,200,200,0.0,0.0,0.001,1e-05,False,5,5.0,0.0,200,1.0,18071600460902007717635293184.000000,1.9026,0.0104,5,22082565048835575247798272.000000,nan,models/chua_orig_nint128_bs16_sig0.0_lr1e-03-1e-05_tfp0_ramp200_hLR1_m20_p10_seed15_minsym5_cand2_reducedp3_retained_ga1p0_syncrr_v1_rseed0.pth,retained_ga1p0_syncrr_v1,False,completed,5,5,1.902612
chua_orig_nint128_bs16_sig0.0_lr1e-03-1e-05_tfp0_ramp200_hLR1_m20_p10_seed15_minsym5_cand3_reducedp3_retained_ga1p0_syncrr_v1_rseed0,20,10,15,15,0,3,10,3,7,5,5,0;2;3;5;7;8;9,retained_preactivation,1.0,,True,1.0,19742.34991078823,408.2561389020034,48.35775394311236,grad_auto_alpha1,alpha * g_out / (g_aux + eps),1.0,True,readout_retained,128,0.00,0.00,0.00,1.00,128,2000,16,200,200,0.0,0.0,0.001,1e-05,False,5,5.0,0.0,200,1.0,1.631929,7.2052,0.0220,3,0.445442,nan,models/chua_orig_nint128_bs16_sig0.0_lr1e-03-1e-05_tfp0_ramp200_hLR1_m20_p10_seed15_minsym5_cand3_reducedp3_retained_ga1p0_syncrr_v1_rseed0.pth,retained_ga1p0_syncrr_v1,False,completed,4,7,9.131543
chua_orig_nint128_bs16_sig0.0_lr1e-03-1e-05_tfp0_ramp200_hLR1_m20_p10_seed15_minsym5_cand4_reducedp3_retained_ga1p0_syncrr_v1_rseed0,20,10,15,15,0,4,10,3,7,5,5,0;2;5;6;7;8;9,retained_preactivation,1.0,,True,1.0,2361.4911470297743,69.87065315715478,33.798040240417066,grad_auto_alpha1,alpha * g_out / (g_aux + eps),1.0,True,readout_retained,128,0.00,0.00,0.00,1.00,128,2000,16,200,200,0.0,0.0,0.001,1e-05,False,5,5.0,0.0,200,1.0,0.193572,1.2085,0.0083,5,0.040030,nan,models/chua_orig_nint128_bs16_sig0.0_lr1e-03-1e-05_tfp0_ramp200_hLR1_m20_p10_seed15_minsym5_cand4_reducedp3_retained_ga1p0_syncrr_v1_rseed0.pth,retained_ga1p0_syncrr_v1,False,completed,5,5,1.208523
chua_orig_nint128_bs16_sig0.0_lr1e-03-1e-05_tfp0_ramp200_hLR1_m20_p10_seed15_minsym5_cand5_reducedp3_retained_ga1p0_syncrr_v1_rseed0,20,10,15,15,0,5,10,3,7,5,5,0;3;5;6;7;8;9,retained_preactivation,1.0,,True,1.0,17582.104083413906,348.89040195058703,50.3943472939218,grad_auto_alpha1,alpha * g_out / (g_aux + eps),1.0,True,readout_retained,128,0.00,0.00,0.00,1.00,128,2000,16,200,200,0.0,0.0,0.001,1e-05,False,5,5.0,0.0,200,1.0,0.404683,1.7995,0.0064,4,0.062331,nan,models/chua_orig_nint128_bs16_sig0.0_lr1e-03-1e-05_tfp0_ramp200_hLR1_m20_p10_seed15_minsym5_cand5_reducedp3_retained_ga1p0_syncrr_v1_rseed0.pth,retained_ga1p0_syncrr_v1,False,completed,5,5,1.799480
chua_orig_nint128_bs16_sig0.0_lr1e-03-1e-05_tfp0_ramp200_hLR1_m20_p10_seed15_minsym5_cand6_reducedp3_retained_ga1p0_syncrr_v1_rseed0,20,10,15,15,0,6,10,3,7,5,5,2;3;5;6;7;8;9,retained_preactivation,1.0,,True,1.0,19586.656631492777,297.03593725753274,65.94035998583871,grad_auto_alpha1,alpha * g_out / (g_aux + eps),1.0,True,readout_retained,128,0.00,0.00,0.00,1.00,128,2000,16,200,200,0.0,0.0,0.001,1e-05,False,5,5.0,0.0,200,1.0,94.937027,1.6713,0.0177,3,0.217750,nan,models/chua_orig_nint128_bs16_sig0.0_lr1e-03-1e-05_tfp0_ramp200_hLR1_m20_p10_seed15_minsym5_cand6_reducedp3_retained_ga1p0_syncrr_v1_rseed0.pth,retained_ga1p0_syncrr_v1,False,completed,5,5,1.671337
chua_orig_nint128_bs16_sig0.0_lr1e-03-1e-05_tfp0_ramp200_hLR1_m20_p10_seed16_minsym5_cand0_reducedp3_retained_ga1p0_syncrr_v1_rseed0,20,10,16,16,0,0,10,3,7,5,5,0;1;2;3;4;5;8,retained_preactivation,1.0,,True,1.0,3663.825084525734,141.13234219233843,25.960208890550135,grad_auto_alpha1,alpha * g_out / (g_aux + eps),1.0,True,readout_retained,128,0.00,0.00,0.00,1.00,128,2000,16,200,200,0.0,0.0,0.001,1e-05,False,5,5.0,0.0,200,1.0,0.338868,1.9760,0.0121,5,0.035864,nan,models/chua_orig_nint128_bs16_sig0.0_lr1e-03-1e-05_tfp0_ramp200_hLR1_m20_p10_seed16_minsym5_cand0_reducedp3_retained_ga1p0_syncrr_v1_rseed0.pth,retained_ga1p0_syncrr_v1,False,completed,5,6,1.976029
chua_orig_nint128_bs16_sig0.0_lr1e-03-1e-05_tfp0_ramp200_hLR1_m20_p10_seed16_minsym5_cand1_reducedp3_retained_ga1p0_syncrr_v1_rseed0,20,10,16,16,0,1,10,3,7,5,5,0;1;2;3;4;7;8,retained_preactivation,1.0,,True,1.0,2103.2176428332377,144.14439633447049,14.59104686909194,grad_auto_alpha1,alpha * g_out / (g_aux + eps),1.0,True,readout_retained,128,0.00,0.00,0.00,1.00,128,2000,16,200,200,0.0,0.0,0.001,1e-05,False,5,5.0,0.0,200,1.0,0.147134,1.6896,0.0104,5,0.030287,nan,models/chua_orig_nint128_bs16_sig0.0_lr1e-03-1e-05_tfp0_ramp200_hLR1_m20_p10_seed16_minsym5_cand1_reducedp3_retained_ga1p0_syncrr_v1_rseed0.pth,retained_ga1p0_syncrr_v1,False,completed,5,5,1.689614
chua_orig_nint128_bs16_sig0.0_lr1e-03-1e-05_tfp0_ramp200_hLR1_m20_p10_seed17_minsym5_cand0_reducedp3_retained_ga1p0_syncrr_v1_rseed0,20,10,17,17,0,0,10,3,7,5,5,0;1;2;3;4;6;8,retained_preactivation,1.0,,True,1.0,2824.45871473633,15.533776643809553,181.82691688577472,grad_auto_alpha1,alpha * g_out / (g_aux + eps),1.0,True,readout_retained,128,0.00,0.00,0.00,1.00,128,2000,16,200,200,0.0,0.0,0.001,1e-05,False,5,5.0,0.0,200,1.0,1.793249,3.5279,0.0145,3,0.086488,nan,models/chua_orig_nint128_bs16_sig0.0_lr1e-03-1e-05_tfp0_ramp200_hLR1_m20_p10_seed17_minsym5_cand0_reducedp3_retained_ga1p0_syncrr_v1_rseed0.pth,retained_ga1p0_syncrr_v1,False,completed,5,5,3.713587
chua_orig_nint128_bs16_sig0.0_lr1e-03-1e-05_tfp0_ramp200_hLR1_m20_p10_seed17_minsym5_cand1_reducedp3_retained_ga1p0_syncrr_v1_rseed0,20,10,17,17,0,1,10,3,7,5,5,0;1;2;3;4;8;9,retained_preactivation,1.0,,True,1.0,3309.394775672736,103.18526544583268,32.07235801908149,grad_auto_alpha1,alpha * g_out / (g_aux + eps),1.0,True,readout_retained,128,0.00,0.00,0.00,1.00,128,2000,16,200,200,0.0,0.0,0.001,1e-05,False,5,5.0,0.0,200,1.0,0.345687,1.9187,0.0167,4,0.074706,nan,models/chua_orig_nint128_bs16_sig0.0_lr1e-03-1e-05_tfp0_ramp200_hLR1_m20_p10_seed17_minsym5_cand1_reducedp3_retained_ga1p0_syncrr_v1_rseed0.pth,retained_ga1p0_syncrr_v1,False,completed,5,5,1.972042
chua_orig_nint128_bs16_sig0.0_lr1e-03-1e-05_tfp0_ramp200_hLR1_m20_p10_seed17_minsym5_cand2_reducedp3_retained_ga1p0_syncrr_v1_rseed0,20,10,17,17,0,2,10,3,7,5,5,0;2;3;4;6;7;8,retained_preactivation,1.0,,True,1.0,2821.982356761821,52.82096218955936,53.425425054441035,grad_auto_alpha1,alpha * g_out / (g_aux + eps),1.0,True,readout_retained,128,0.00,0.00,0.00,1.00,128,2000,16,200,200,0.0,0.0,0.001,1e-05,False,5,5.0,0.0,200,1.0,0.373804,1.3890,0.0088,5,0.028737,nan,models/chua_orig_nint128_bs16_sig0.0_lr1e-03-1e-05_tfp0_ramp200_hLR1_m20_p10_seed17_minsym5_cand2_reducedp3_retained_ga1p0_syncrr_v1_rseed0.pth,retained_ga1p0_syncrr_v1,False,completed,5,5,1.389027
chua_orig_nint128_bs16_sig0.0_lr1e-03-1e-05_tfp0_ramp200_hLR1_m20_p10_seed17_minsym5_cand3_reducedp3_retained_ga1p0_syncrr_v1_rseed0,20,10,17,17,0,3,10,3,7,5,5,0;2;3;4;7;8;9,retained_preactivation,1.0,,True,1.0,3950.028643092351,364.4499768754709,10.838328697279701,grad_auto_alpha1,alpha * g_out / (g_aux + eps),1.0,True,readout_retained,128,0.00,0.00,0.00,1.00,128,2000,16,200,200,0.0,0.0,0.001,1e-05,False,5,5.0,0.0,200,1.0,0.045919,1.2263,0.0087,5,0.013452,nan,models/chua_orig_nint128_bs16_sig0.0_lr1e-03-1e-05_tfp0_ramp200_hLR1_m20_p10_seed17_minsym5_cand3_reducedp3_retained_ga1p0_syncrr_v1_rseed0.pth,retained_ga1p0_syncrr_v1,False,completed,5,5,1.226296
chua_orig_nint128_bs16_sig0.0_lr1e-03-1e-05_tfp0_ramp200_hLR1_m20_p10_seed17_minsym5_cand4_reducedp3_retained_ga1p0_syncrr_v1_rseed0,20,10,17,17,0,4,10,3,7,5,5,1;2;3;5;7;8;9,retained_preactivation,1.0,,True,1.0,3118.8202998088877,96.72291520968625,32.24489556634583,grad_auto_alpha1,alpha * g_out / (g_aux + eps),1.0,True,readout_retained,128,0.00,0.00,0.00,1.00,128,2000,16,200,200,0.0,0.0,0.001,1e-05,False,5,5.0,0.0,200,1.0,1.280147,6.2681,0.0207,3,0.477532,nan,models/chua_orig_nint128_bs16_sig0.0_lr1e-03-1e-05_tfp0_ramp200_hLR1_m20_p10_seed17_minsym5_cand4_reducedp3_retained_ga1p0_syncrr_v1_rseed0.pth,retained_ga1p0_syncrr_v1,False,completed,4,5,8.555311
chua_orig_nint128_bs16_sig0.0_lr1e-03-1e-05_tfp0_ramp200_hLR1_m20_p10_seed17_minsym5_cand5_reducedp3_retained_ga1p0_syncrr_v1_rseed0,20,10,17,17,0,5,10,3,7,5,5,1;2;4;5;7;8;9,retained_preactivation,1.0,,True,1.0,1896.5388046385974,57.92003947895507,32.74408687735204,grad_auto_alpha1,alpha * g_out / (g_aux + eps),1.0,True,readout_retained,128,0.00,0.00,0.00,1.00,128,2000,16,200,200,0.0,0.0,0.001,1e-05,False,5,5.0,0.0,200,1.0,1.233776,3.7989,0.0178,2,0.460231,nan,models/chua_orig_nint128_bs16_sig0.0_lr1e-03-1e-05_tfp0_ramp200_hLR1_m20_p10_seed17_minsym5_cand5_reducedp3_retained_ga1p0_syncrr_v1_rseed0.pth,retained_ga1p0_syncrr_v1,False,completed,5,5,4.068660
chua_orig_nint128_bs16_sig0.0_lr1e-03-1e-05_tfp0_ramp200_hLR1_m20_p10_seed18_minsym5_cand0_reducedp3_retained_ga1p0_syncrr_v1_rseed0,20,10,18,18,0,0,10,3,7,5,5,0;1;2;3;4;5;7,retained_preactivation,1.0,,True,1.0,563841196.2194911,94173676.72480543,5.987248409841206,grad_auto_alpha1,alpha * g_out / (g_aux + eps),1.0,True,readout_retained,128,0.00,0.00,0.00,1.00,128,2000,16,200,200,0.0,0.0,0.001,1e-05,False,5,5.0,0.0,200,1.0,0.070826,1.4359,0.0088,4,0.030640,nan,models/chua_orig_nint128_bs16_sig0.0_lr1e-03-1e-05_tfp0_ramp200_hLR1_m20_p10_seed18_minsym5_cand0_reducedp3_retained_ga1p0_syncrr_v1_rseed0.pth,retained_ga1p0_syncrr_v1,False,completed,5,5,1.453088
chua_orig_nint128_bs16_sig0.0_lr1e-03-1e-05_tfp0_ramp200_hLR1_m20_p10_seed18_minsym5_cand1_reducedp3_retained_ga1p0_syncrr_v1_rseed0,20,10,18,18,0,1,10,3,7,5,5,0;1;2;3;4;5;9,retained_preactivation,1.0,,True,1.0,1162177901.3642838,85123605.54620585,13.652827484303907,grad_auto_alpha1,alpha * g_out / (g_aux + eps),1.0,True,readout_retained,128,0.00,0.00,0.00,1.00,128,2000,16,200,200,0.0,0.0,0.001,1e-05,False,5,5.0,0.0,200,1.0,0.125159,1.5946,0.0090,3,0.032328,nan,models/chua_orig_nint128_bs16_sig0.0_lr1e-03-1e-05_tfp0_ramp200_hLR1_m20_p10_seed18_minsym5_cand1_reducedp3_retained_ga1p0_syncrr_v1_rseed0.pth,retained_ga1p0_syncrr_v1,False,completed,5,5,1.604279
chua_orig_nint128_bs16_sig0.0_lr1e-03-1e-05_tfp0_ramp200_hLR1_m20_p10_seed18_minsym5_cand2_reducedp3_retained_ga1p0_syncrr_v1_rseed0,20,10,18,18,0,2,10,3,7,5,5,0;1;2;3;4;6;7,retained_preactivation,1.0,,True,1.0,3214328.105905805,165318.737381762,19.443217125976005,grad_auto_alpha1,alpha * g_out / (g_aux + eps),1.0,True,readout_retained,128,0.00,0.00,0.00,1.00,128,2000,16,200,200,0.0,0.0,0.001,1e-05,False,5,5.0,0.0,200,1.0,0.157675,1.8427,0.0117,3,0.024910,nan,models/chua_orig_nint128_bs16_sig0.0_lr1e-03-1e-05_tfp0_ramp200_hLR1_m20_p10_seed18_minsym5_cand2_reducedp3_retained_ga1p0_syncrr_v1_rseed0.pth,retained_ga1p0_syncrr_v1,False,completed,5,5,1.842694
chua_orig_nint128_bs16_sig0.0_lr1e-03-1e-05_tfp0_ramp200_hLR1_m20_p10_seed18_minsym5_cand3_reducedp3_retained_ga1p0_syncrr_v1_rseed0,20,10,18,18,0,3,10,3,7,5,5,0;1;2;3;4;6;9,retained_preactivation,1.0,,True,1.0,1026345.1780215076,7477.1502091371685,137.26421822679197,grad_auto_alpha1,alpha * g_out / (g_aux + eps),1.0,True,readout_retained,128,0.00,0.00,0.00,1.00,128,2000,16,200,200,0.0,0.0,0.001,1e-05,False,5,5.0,0.0,200,1.0,0.944285,2.3180,0.0076,5,0.039562,nan,models/chua_orig_nint128_bs16_sig0.0_lr1e-03-1e-05_tfp0_ramp200_hLR1_m20_p10_seed18_minsym5_cand3_reducedp3_retained_ga1p0_syncrr_v1_rseed0.pth,retained_ga1p0_syncrr_v1,False,completed,5,5,2.317968
chua_orig_nint128_bs16_sig0.0_lr1e-03-1e-05_tfp0_ramp200_hLR1_m20_p10_seed18_minsym5_cand4_reducedp3_retained_ga1p0_syncrr_v1_rseed0,20,10,18,18,0,4,10,3,7,5,5,0;1;3;4;5;7;9,retained_preactivation,1.0,,True,1.0,12281841.152567314,52817.78062830736,232.53232162475487,grad_auto_alpha1,alpha * g_out / (g_aux + eps),1.0,True,readout_retained,128,0.00,0.00,0.00,1.00,128,2000,16,200,200,0.0,0.0,0.001,1e-05,False,5,5.0,0.0,200,1.0,1.356813,1.9709,0.0106,5,0.072753,nan,models/chua_orig_nint128_bs16_sig0.0_lr1e-03-1e-05_tfp0_ramp200_hLR1_m20_p10_seed18_minsym5_cand4_reducedp3_retained_ga1p0_syncrr_v1_rseed0.pth,retained_ga1p0_syncrr_v1,False,completed,5,5,1.970871
chua_orig_nint128_bs16_sig0.0_lr1e-03-1e-05_tfp0_ramp200_hLR1_m20_p10_seed18_minsym5_cand5_reducedp3_retained_ga1p0_syncrr_v1_rseed0,20,10,18,18,0,5,10,3,7,5,5,0;1;3;4;6;7;9,retained_preactivation,1.0,,True,1.0,928881.826817599,3987.2105096718306,232.96533367485804,grad_auto_alpha1,alpha * g_out / (g_aux + eps),1.0,True,readout_retained,128,0.00,0.00,0.00,1.00,128,2000,16,200,200,0.0,0.0,0.001,1e-05,False,5,5.0,0.0,200,1.0,1.263349,2.8689,0.0164,3,0.043064,nan,models/chua_orig_nint128_bs16_sig0.0_lr1e-03-1e-05_tfp0_ramp200_hLR1_m20_p10_seed18_minsym5_cand5_reducedp3_retained_ga1p0_syncrr_v1_rseed0.pth,retained_ga1p0_syncrr_v1,False,completed,5,5,2.868899
chua_orig_nint128_bs16_sig0.0_lr1e-03-1e-05_tfp0_ramp200_hLR1_m20_p10_seed18_minsym5_cand6_reducedp3_retained_ga1p0_syncrr_v1_rseed0,20,10,18,18,0,6,10,3,7,5,5,1;2;3;4;5;7;9,retained_preactivation,1.0,,True,1.0,133983.86573016917,11469.028188724187,11.68223353587149,grad_auto_alpha1,alpha * g_out / (g_aux + eps),1.0,True,readout_retained,128,0.00,0.00,0.00,1.00,128,2000,16,200,200,0.0,0.0,0.001,1e-05,False,5,5.0,0.0,200,1.0,1949.541138,1.3371,0.0114,5,0.783653,nan,models/chua_orig_nint128_bs16_sig0.0_lr1e-03-1e-05_tfp0_ramp200_hLR1_m20_p10_seed18_minsym5_cand6_reducedp3_retained_ga1p0_syncrr_v1_rseed0.pth,retained_ga1p0_syncrr_v1,False,completed,5,6,1.337083
chua_orig_nint128_bs16_sig0.0_lr1e-03-1e-05_tfp0_ramp200_hLR1_m20_p10_seed18_minsym5_cand7_reducedp3_retained_ga1p0_syncrr_v1_rseed0,20,10,18,18,0,7,10,3,7,5,5,1;2;3;4;6;7;9,retained_preactivation,1.0,,True,1.0,168836.64538837533,8859.858673745874,19.056358753067173,grad_auto_alpha1,alpha * g_out / (g_aux + eps),1.0,True,readout_retained,128,0.00,0.00,0.00,1.00,128,2000,16,200,200,0.0,0.0,0.001,1e-05,False,5,5.0,0.0,200,1.0,0.097614,1.4420,0.0179,5,0.016176,nan,models/chua_orig_nint128_bs16_sig0.0_lr1e-03-1e-05_tfp0_ramp200_hLR1_m20_p10_seed18_minsym5_cand7_reducedp3_retained_ga1p0_syncrr_v1_rseed0.pth,retained_ga1p0_syncrr_v1,False,completed,5,5,1.441953
chua_orig_nint128_bs16_sig0.0_lr1e-03-1e-05_tfp0_ramp200_hLR1_m20_p10_seed20_minsym5_cand0_reducedp3_retained_ga1p0_syncrr_v1_rseed0,20,10,20,20,0,0,10,3,7,5,5,0;1;2;3;5;7;8,retained_preactivation,1.0,,True,1.0,246728015.28332654,1322304.6400463094,186.58938932157545,grad_auto_alpha1,alpha * g_out / (g_aux + eps),1.0,True,readout_retained,128,0.00,0.00,0.00,1.00,128,2000,16,200,200,0.0,0.0,0.001,1e-05,False,5,5.0,0.0,200,1.0,0.152345,1.5363,0.0154,5,0.011785,nan,models/chua_orig_nint128_bs16_sig0.0_lr1e-03-1e-05_tfp0_ramp200_hLR1_m20_p10_seed20_minsym5_cand0_reducedp3_retained_ga1p0_syncrr_v1_rseed0.pth,retained_ga1p0_syncrr_v1,False,completed,5,5,1.536273
chua_orig_nint128_bs16_sig0.0_lr1e-03-1e-05_tfp0_ramp200_hLR1_m20_p10_seed20_minsym5_cand1_reducedp3_retained_ga1p0_syncrr_v1_rseed0,20,10,20,20,0,1,10,3,7,5,5,0;1;3;4;5;7;8,retained_preactivation,1.0,,True,1.0,117698.86338873456,3558.114040800793,33.07900253872838,grad_auto_alpha1,alpha * g_out / (g_aux + eps),1.0,True,readout_retained,128,0.00,0.00,0.00,1.00,128,2000,16,200,200,0.0,0.0,0.001,1e-05,False,5,5.0,0.0,200,1.0,0.114069,1.4836,0.0151,4,0.016504,nan,models/chua_orig_nint128_bs16_sig0.0_lr1e-03-1e-05_tfp0_ramp200_hLR1_m20_p10_seed20_minsym5_cand1_reducedp3_retained_ga1p0_syncrr_v1_rseed0.pth,retained_ga1p0_syncrr_v1,False,completed,5,5,1.613156
chua_orig_nint128_bs16_sig0.0_lr1e-03-1e-05_tfp0_ramp200_hLR1_m20_p10_seed20_minsym5_cand2_reducedp3_retained_ga1p0_syncrr_v1_rseed0,20,10,20,20,0,2,10,3,7,5,5,1;2;3;4;5;7;8,retained_preactivation,1.0,,True,1.0,71784936.2395881,1716221.2885942184,41.82731954012071,grad_auto_alpha1,alpha * g_out / (g_aux + eps),1.0,True,readout_retained,128,0.00,0.00,0.00,1.00,128,2000,16,200,200,0.0,0.0,0.001,1e-05,False,5,5.0,0.0,200,1.0,0.074697,1.4700,0.0071,5,0.013673,nan,models/chua_orig_nint128_bs16_sig0.0_lr1e-03-1e-05_tfp0_ramp200_hLR1_m20_p10_seed20_minsym5_cand2_reducedp3_retained_ga1p0_syncrr_v1_rseed0.pth,retained_ga1p0_syncrr_v1,False,completed,5,5,1.469996
chua_orig_nint128_bs16_sig0.0_lr1e-03-1e-05_tfp0_ramp200_hLR1_m20_p10_seed21_minsym5_cand0_reducedp3_retained_ga1p0_syncrr_v1_rseed0,20,10,21,21,0,0,10,3,7,5,5,0;1;3;4;5;6;8,retained_preactivation,1.0,,True,1.0,539651.3551840669,43873.356276902276,12.300206799272699,grad_auto_alpha1,alpha * g_out / (g_aux + eps),1.0,True,readout_retained,128,0.00,0.00,0.00,1.00,128,2000,16,200,200,0.0,0.0,0.001,1e-05,False,5,5.0,0.0,200,1.0,0.236796,2.1072,0.0218,5,0.051226,nan,models/chua_orig_nint128_bs16_sig0.0_lr1e-03-1e-05_tfp0_ramp200_hLR1_m20_p10_seed21_minsym5_cand0_reducedp3_retained_ga1p0_syncrr_v1_rseed0.pth,retained_ga1p0_syncrr_v1,False,completed,5,5,2.253088
chua_orig_nint128_bs16_sig0.0_lr1e-03-1e-05_tfp0_ramp200_hLR1_m20_p10_seed21_minsym5_cand1_reducedp3_retained_ga1p0_syncrr_v1_rseed0,20,10,21,21,0,1,10,3,7,5,5,0;1;3;4;5;8;9,retained_preactivation,1.0,,True,1.0,187514.72629103027,22023.721526458692,8.514216185750225,grad_auto_alpha1,alpha * g_out / (g_aux + eps),1.0,True,readout_retained,128,0.00,0.00,0.00,1.00,128,2000,16,200,200,0.0,0.0,0.001,1e-05,False,5,5.0,0.0,200,1.0,0.121930,1.6561,0.0072,3,0.046346,nan,models/chua_orig_nint128_bs16_sig0.0_lr1e-03-1e-05_tfp0_ramp200_hLR1_m20_p10_seed21_minsym5_cand1_reducedp3_retained_ga1p0_syncrr_v1_rseed0.pth,retained_ga1p0_syncrr_v1,False,completed,5,5,1.656093
chua_orig_nint128_bs16_sig0.0_lr1e-03-1e-05_tfp0_ramp200_hLR1_m20_p10_seed21_minsym5_cand2_reducedp3_retained_ga1p0_syncrr_v1_rseed0,20,10,21,21,0,2,10,3,7,5,5,0;1;3;4;6;8;9,retained_preactivation,1.0,,True,1.0,41873.3049209159,2490.872124659604,16.810700359272026,grad_auto_alpha1,alpha * g_out / (g_aux + eps),1.0,True,readout_retained,128,0.00,0.00,0.00,1.00,128,2000,16,200,200,0.0,0.0,0.001,1e-05,False,5,5.0,0.0,200,1.0,0.205560,1.7093,0.0070,3,0.049780,nan,models/chua_orig_nint128_bs16_sig0.0_lr1e-03-1e-05_tfp0_ramp200_hLR1_m20_p10_seed21_minsym5_cand2_reducedp3_retained_ga1p0_syncrr_v1_rseed0.pth,retained_ga1p0_syncrr_v1,False,completed,5,5,1.951228
chua_orig_nint128_bs16_sig0.0_lr1e-03-1e-05_tfp0_ramp200_hLR1_m20_p10_seed21_minsym5_cand3_reducedp3_retained_ga1p0_syncrr_v1_rseed0,20,10,21,21,0,3,10,3,7,5,5,0;3;4;5;6;8;9,retained_preactivation,1.0,,True,1.0,196988.268523788,22231.53891153287,8.860757202084558,grad_auto_alpha1,alpha * g_out / (g_aux + eps),1.0,True,readout_retained,128,0.00,0.00,0.00,1.00,128,2000,16,200,200,0.0,0.0,0.001,1e-05,False,5,5.0,0.0,200,1.0,0.130819,1.7822,0.0081,4,0.043102,nan,models/chua_orig_nint128_bs16_sig0.0_lr1e-03-1e-05_tfp0_ramp200_hLR1_m20_p10_seed21_minsym5_cand3_reducedp3_retained_ga1p0_syncrr_v1_rseed0.pth,retained_ga1p0_syncrr_v1,False,completed,5,5,1.782219
chua_orig_nint128_bs16_sig0.0_lr1e-03-1e-05_tfp0_ramp200_hLR1_m20_p10_seed22_minsym5_cand0_reducedp3_retained_ga1p0_syncrr_v1_rseed0,20,10,22,22,0,0,10,3,7,5,5,0;2;3;4;5;7;8,retained_preactivation,1.0,,True,1.0,2741.7746533951326,226.3079032863054,12.115240402923366,grad_auto_alpha1,alpha * g_out / (g_aux + eps),1.0,True,readout_retained,128,0.00,0.00,0.00,1.00,128,2000,16,200,200,0.0,0.0,0.001,1e-05,False,5,5.0,0.0,200,1.0,0.046006,1.1126,0.0159,5,0.014482,nan,models/chua_orig_nint128_bs16_sig0.0_lr1e-03-1e-05_tfp0_ramp200_hLR1_m20_p10_seed22_minsym5_cand0_reducedp3_retained_ga1p0_syncrr_v1_rseed0.pth,retained_ga1p0_syncrr_v1,False,completed,5,5,1.112591
chua_orig_nint128_bs16_sig0.0_lr1e-03-1e-05_tfp0_ramp200_hLR1_m20_p10_seed22_minsym5_cand1_reducedp3_retained_ga1p0_syncrr_v1_rseed0,20,10,22,22,0,1,10,3,7,5,5,0;2;3;4;5;8;9,retained_preactivation,1.0,,True,1.0,4910.296439625616,391.0377770635726,12.557089692199524,grad_auto_alpha1,alpha * g_out / (g_aux + eps),1.0,True,readout_retained,128,0.00,0.00,0.00,1.00,128,2000,16,200,200,0.0,0.0,0.001,1e-05,False,5,5.0,0.0,200,1.0,0.085343,1.9624,0.0133,5,0.033952,nan,models/chua_orig_nint128_bs16_sig0.0_lr1e-03-1e-05_tfp0_ramp200_hLR1_m20_p10_seed22_minsym5_cand1_reducedp3_retained_ga1p0_syncrr_v1_rseed0.pth,retained_ga1p0_syncrr_v1,False,completed,5,5,1.962404
chua_orig_nint128_bs16_sig0.0_lr1e-03-1e-05_tfp0_ramp200_hLR1_m20_p10_seed22_minsym5_cand2_reducedp3_retained_ga1p0_syncrr_v1_rseed0,20,10,22,22,0,2,10,3,7,5,5,0;2;3;4;7;8;9,retained_preactivation,1.0,,True,1.0,2701.9763137377795,207.64765063434945,13.012313433277058,grad_auto_alpha1,alpha * g_out / (g_aux + eps),1.0,True,readout_retained,128,0.00,0.00,0.00,1.00,128,2000,16,200,200,0.0,0.0,0.001,1e-05,False,5,5.0,0.0,200,1.0,0.058126,1.1572,0.0122,5,0.017362,nan,models/chua_orig_nint128_bs16_sig0.0_lr1e-03-1e-05_tfp0_ramp200_hLR1_m20_p10_seed22_minsym5_cand2_reducedp3_retained_ga1p0_syncrr_v1_rseed0.pth,retained_ga1p0_syncrr_v1,False,completed,5,5,1.157218
chua_orig_nint128_bs16_sig0.0_lr1e-03-1e-05_tfp0_ramp200_hLR1_m20_p10_seed22_minsym5_cand3_reducedp3_retained_ga1p0_syncrr_v1_rseed0,20,10,22,22,0,3,10,3,7,5,5,0;2;3;5;7;8;9,retained_preactivation,1.0,,True,1.0,5658.526746203467,430.3846435530083,13.14760373300011,grad_auto_alpha1,alpha * g_out / (g_aux + eps),1.0,True,readout_retained,128,0.00,0.00,0.00,1.00,128,2000,16,200,200,0.0,0.0,0.001,1e-05,False,5,5.0,0.0,200,1.0,0.119980,1.2648,0.0117,5,0.035700,nan,models/chua_orig_nint128_bs16_sig0.0_lr1e-03-1e-05_tfp0_ramp200_hLR1_m20_p10_seed22_minsym5_cand3_reducedp3_retained_ga1p0_syncrr_v1_rseed0.pth,retained_ga1p0_syncrr_v1,False,completed,5,5,1.264837
chua_orig_nint128_bs16_sig0.0_lr1e-03-1e-05_tfp0_ramp200_hLR1_m20_p10_seed22_minsym5_cand4_reducedp3_retained_ga1p0_syncrr_v1_rseed0,20,10,22,22,0,4,10,3,7,5,5,0;2;4;5;7;8;9,retained_preactivation,1.0,,True,1.0,2034.0045745708144,189.55408376341228,10.73047087241603,grad_auto_alpha1,alpha * g_out / (g_aux + eps),1.0,True,readout_retained,128,0.00,0.00,0.00,1.00,128,2000,16,200,200,0.0,0.0,0.001,1e-05,False,5,5.0,0.0,200,1.0,0.089860,1.5778,0.0151,4,0.020230,nan,models/chua_orig_nint128_bs16_sig0.0_lr1e-03-1e-05_tfp0_ramp200_hLR1_m20_p10_seed22_minsym5_cand4_reducedp3_retained_ga1p0_syncrr_v1_rseed0.pth,retained_ga1p0_syncrr_v1,False,completed,5,5,1.577799
chua_orig_nint128_bs16_sig0.0_lr1e-03-1e-05_tfp0_ramp200_hLR1_m20_p10_seed22_minsym5_cand5_reducedp4_retained_ga1p0_syncrr_v1_rseed0,20,10,22,22,0,5,10,4,6,5,5,1;2;3;4;5;7,retained_preactivation,1.0,,True,1.0,3350.071202601521,113.9649888200662,29.395617349559494,grad_auto_alpha1,alpha * g_out / (g_aux + eps),1.0,True,readout_retained,128,0.00,0.00,0.00,1.00,128,2000,16,200,200,0.0,0.0,0.001,1e-05,False,5,5.0,0.0,200,1.0,0.202517,1.1508,0.0143,5,0.039665,nan,models/chua_orig_nint128_bs16_sig0.0_lr1e-03-1e-05_tfp0_ramp200_hLR1_m20_p10_seed22_minsym5_cand5_reducedp4_retained_ga1p0_syncrr_v1_rseed0.pth,retained_ga1p0_syncrr_v1,False,completed,5,5,1.150788
chua_orig_nint128_bs16_sig0.0_lr1e-03-1e-05_tfp0_ramp200_hLR1_m20_p10_seed22_minsym5_cand6_reducedp4_retained_ga1p0_syncrr_v1_rseed0,20,10,22,22,0,6,10,4,6,5,5,1;2;3;4;7;9,retained_preactivation,1.0,,True,1.0,3341.722132748323,114.47593549357396,29.19148132173054,grad_auto_alpha1,alpha * g_out / (g_aux + eps),1.0,True,readout_retained,128,0.00,0.00,0.00,1.00,128,2000,16,200,200,0.0,0.0,0.001,1e-05,False,5,5.0,0.0,200,1.0,0.232643,1.1500,0.0110,5,0.041597,nan,models/chua_orig_nint128_bs16_sig0.0_lr1e-03-1e-05_tfp0_ramp200_hLR1_m20_p10_seed22_minsym5_cand6_reducedp4_retained_ga1p0_syncrr_v1_rseed0.pth,retained_ga1p0_syncrr_v1,False,completed,5,5,1.149979
chua_orig_nint128_bs16_sig0.0_lr1e-03-1e-05_tfp0_ramp200_hLR1_m20_p10_seed22_minsym5_cand7_reducedp4_retained_ga1p0_syncrr_v1_rseed0,20,10,22,22,0,7,10,4,6,5,5,1;2;3;5;7;9,retained_preactivation,1.0,,True,1.0,3049.5263105521813,115.41731598782734,26.421739965550557,grad_auto_alpha1,alpha * g_out / (g_aux + eps),1.0,True,readout_retained,128,0.00,0.00,0.00,1.00,128,2000,16,200,200,0.0,0.0,0.001,1e-05,False,5,5.0,0.0,200,1.0,0.201732,1.1585,0.0093,5,0.040911,nan,models/chua_orig_nint128_bs16_sig0.0_lr1e-03-1e-05_tfp0_ramp200_hLR1_m20_p10_seed22_minsym5_cand7_reducedp4_retained_ga1p0_syncrr_v1_rseed0.pth,retained_ga1p0_syncrr_v1,False,completed,5,5,1.158492
chua_orig_nint128_bs16_sig0.0_lr1e-03-1e-05_tfp0_ramp200_hLR1_m20_p10_seed23_minsym5_cand0_reducedp3_retained_ga1p0_syncrr_v1_rseed0,20,10,23,23,0,0,10,3,7,5,5,0;1;3;4;6;7;9,retained_preactivation,1.0,,True,1.0,7261.762096764118,248.62820473931458,29.207314207887272,grad_auto_alpha1,alpha * g_out / (g_aux + eps),1.0,True,readout_retained,128,0.00,0.00,0.00,1.00,128,2000,16,200,200,0.0,0.0,0.001,1e-05,False,5,5.0,0.0,200,1.0,12816304128.000000,3.4662,0.0146,3,60918324.000000,nan,models/chua_orig_nint128_bs16_sig0.0_lr1e-03-1e-05_tfp0_ramp200_hLR1_m20_p10_seed23_minsym5_cand0_reducedp3_retained_ga1p0_syncrr_v1_rseed0.pth,retained_ga1p0_syncrr_v1,False,completed,4,5,3.634132
chua_orig_nint128_bs16_sig0.0_lr1e-03-1e-05_tfp0_ramp200_hLR1_m20_p10_seed23_minsym5_cand1_reducedp3_retained_ga1p0_syncrr_v1_rseed0,20,10,23,23,0,1,10,3,7,5,5,0;1;3;5;6;7;9,retained_preactivation,1.0,,True,1.0,514.2261631568351,100.890310115952,5.096883561620895,grad_auto_alpha1,alpha * g_out / (g_aux + eps),1.0,True,readout_retained,128,0.00,0.00,0.00,1.00,128,2000,16,200,200,0.0,0.0,0.001,1e-05,False,5,5.0,0.0,200,1.0,0.058244,1.1920,0.0088,5,0.016075,nan,models/chua_orig_nint128_bs16_sig0.0_lr1e-03-1e-05_tfp0_ramp200_hLR1_m20_p10_seed23_minsym5_cand1_reducedp3_retained_ga1p0_syncrr_v1_rseed0.pth,retained_ga1p0_syncrr_v1,False,completed,5,5,1.192021
chua_orig_nint128_bs16_sig0.0_lr1e-03-1e-05_tfp0_ramp200_hLR1_m20_p10_seed23_minsym5_cand2_reducedp3_retained_ga1p0_syncrr_v1_rseed0,20,10,23,23,0,2,10,3,7,5,5,0;1;4;5;6;7;9,retained_preactivation,1.0,,True,1.0,25387.966755925925,1538.6277914001,16.500395285869434,grad_auto_alpha1,alpha * g_out / (g_aux + eps),1.0,True,readout_retained,128,0.00,0.00,0.00,1.00,128,2000,16,200,200,0.0,0.0,0.001,1e-05,False,5,5.0,0.0,200,1.0,0.228516,2.2165,0.0070,3,0.055859,nan,models/chua_orig_nint128_bs16_sig0.0_lr1e-03-1e-05_tfp0_ramp200_hLR1_m20_p10_seed23_minsym5_cand2_reducedp3_retained_ga1p0_syncrr_v1_rseed0.pth,retained_ga1p0_syncrr_v1,False,completed,5,5,2.216506
chua_orig_nint128_bs16_sig0.0_lr1e-03-1e-05_tfp0_ramp200_hLR1_m20_p10_seed24_minsym5_cand0_reducedp3_retained_ga1p0_syncrr_v1_rseed0,20,10,24,24,0,0,10,3,7,5,5,0;1;2;3;5;6;9,retained_preactivation,1.0,,True,1.0,3737.119315896938,59.329220825716405,62.98952293465838,grad_auto_alpha1,alpha * g_out / (g_aux + eps),1.0,True,readout_retained,128,0.00,0.00,0.00,1.00,128,2000,16,200,200,0.0,0.0,0.001,1e-05,False,5,5.0,0.0,200,1.0,534785585118707712.000000,2.1616,0.0097,3,52119797235712.000000,nan,models/chua_orig_nint128_bs16_sig0.0_lr1e-03-1e-05_tfp0_ramp200_hLR1_m20_p10_seed24_minsym5_cand0_reducedp3_retained_ga1p0_syncrr_v1_rseed0.pth,retained_ga1p0_syncrr_v1,False,completed,5,5,2.161550
chua_orig_nint128_bs16_sig0.0_lr1e-03-1e-05_tfp0_ramp200_hLR1_m20_p10_seed24_minsym5_cand1_reducedp3_retained_ga1p0_syncrr_v1_rseed0,20,10,24,24,0,1,10,3,7,5,5,0;1;2;3;5;8;9,retained_preactivation,1.0,,True,1.0,2361.620319028865,48.75874657050225,48.434803704686175,grad_auto_alpha1,alpha * g_out / (g_aux + eps),1.0,True,readout_retained,128,0.00,0.00,0.00,1.00,128,2000,16,200,200,0.0,0.0,0.001,1e-05,False,5,5.0,0.0,200,1.0,74568447587210231808.000000,1.6313,0.0130,5,45961411402137600.000000,nan,models/chua_orig_nint128_bs16_sig0.0_lr1e-03-1e-05_tfp0_ramp200_hLR1_m20_p10_seed24_minsym5_cand1_reducedp3_retained_ga1p0_syncrr_v1_rseed0.pth,retained_ga1p0_syncrr_v1,False,completed,5,5,1.631266
chua_orig_nint128_bs16_sig0.0_lr1e-03-1e-05_tfp0_ramp200_hLR1_m20_p10_seed24_minsym5_cand2_reducedp3_retained_ga1p0_syncrr_v1_rseed0,20,10,24,24,0,2,10,3,7,5,5,0;1;2;3;6;7;9,retained_preactivation,1.0,,True,1.0,8455.723276278617,444.7173945722792,19.013700339765556,grad_auto_alpha1,alpha * g_out / (g_aux + eps),1.0,True,readout_retained,128,0.00,0.00,0.00,1.00,128,2000,16,200,200,0.0,0.0,0.001,1e-05,False,5,5.0,0.0,200,1.0,0.197333,1.7477,0.0145,5,0.041263,nan,models/chua_orig_nint128_bs16_sig0.0_lr1e-03-1e-05_tfp0_ramp200_hLR1_m20_p10_seed24_minsym5_cand2_reducedp3_retained_ga1p0_syncrr_v1_rseed0.pth,retained_ga1p0_syncrr_v1,False,completed,5,5,1.970571
chua_orig_nint128_bs16_sig0.0_lr1e-03-1e-05_tfp0_ramp200_hLR1_m20_p10_seed24_minsym5_cand3_reducedp3_retained_ga1p0_syncrr_v1_rseed0,20,10,24,24,0,3,10,3,7,5,5,0;1;2;3;7;8;9,retained_preactivation,1.0,,True,1.0,3738.1191962001426,162.06593073734442,23.065422690586228,grad_auto_alpha1,alpha * g_out / (g_aux + eps),1.0,True,readout_retained,128,0.00,0.00,0.00,1.00,128,2000,16,200,200,0.0,0.0,0.001,1e-05,False,5,5.0,0.0,200,1.0,0.236152,1.5054,0.0108,5,0.049868,nan,models/chua_orig_nint128_bs16_sig0.0_lr1e-03-1e-05_tfp0_ramp200_hLR1_m20_p10_seed24_minsym5_cand3_reducedp3_retained_ga1p0_syncrr_v1_rseed0.pth,retained_ga1p0_syncrr_v1,False,completed,5,5,1.505444
chua_orig_nint128_bs16_sig0.0_lr1e-03-1e-05_tfp0_ramp200_hLR1_m20_p10_seed24_minsym5_cand4_reducedp3_retained_ga1p0_syncrr_v1_rseed0,20,10,24,24,0,4,10,3,7,5,5,0;1;2;5;6;7;9,retained_preactivation,1.0,,True,1.0,10457.635661324217,211.78985516077827,49.37741542617965,grad_auto_alpha1,alpha * g_out / (g_aux + eps),1.0,True,readout_retained,128,0.00,0.00,0.00,1.00,128,2000,16,200,200,0.0,0.0,0.001,1e-05,False,5,5.0,0.0,200,1.0,0.174023,1.5779,0.0106,6,0.020277,nan,models/chua_orig_nint128_bs16_sig0.0_lr1e-03-1e-05_tfp0_ramp200_hLR1_m20_p10_seed24_minsym5_cand4_reducedp3_retained_ga1p0_syncrr_v1_rseed0.pth,retained_ga1p0_syncrr_v1,False,completed,5,6,1.577942
chua_orig_nint128_bs16_sig0.0_lr1e-03-1e-05_tfp0_ramp200_hLR1_m20_p10_seed24_minsym5_cand5_reducedp3_retained_ga1p0_syncrr_v1_rseed0,20,10,24,24,0,5,10,3,7,5,5,0;1;2;5;7;8;9,retained_preactivation,1.0,,True,1.0,3878.7450612279226,61.48390855624371,63.08553168313454,grad_auto_alpha1,alpha * g_out / (g_aux + eps),1.0,True,readout_retained,128,0.00,0.00,0.00,1.00,128,2000,16,200,200,0.0,0.0,0.001,1e-05,False,5,5.0,0.0,200,1.0,0.198927,1.5731,0.0149,5,0.028449,nan,models/chua_orig_nint128_bs16_sig0.0_lr1e-03-1e-05_tfp0_ramp200_hLR1_m20_p10_seed24_minsym5_cand5_reducedp3_retained_ga1p0_syncrr_v1_rseed0.pth,retained_ga1p0_syncrr_v1,False,completed,5,5,1.573135
chua_orig_nint128_bs16_sig0.0_lr1e-03-1e-05_tfp0_ramp200_hLR1_m20_p10_seed24_minsym5_cand6_reducedp3_retained_ga1p0_syncrr_v1_rseed0,20,10,24,24,0,6,10,3,7,5,5,0;2;3;5;6;7;9,retained_preactivation,1.0,,True,1.0,11785.848760271787,156.2570447630632,75.42603137121219,grad_auto_alpha1,alpha * g_out / (g_aux + eps),1.0,True,readout_retained,128,0.00,0.00,0.00,1.00,128,2000,16,200,200,0.0,0.0,0.001,1e-05,False,5,5.0,0.0,200,1.0,0.853689,3.7012,0.0169,3,0.087599,nan,models/chua_orig_nint128_bs16_sig0.0_lr1e-03-1e-05_tfp0_ramp200_hLR1_m20_p10_seed24_minsym5_cand6_reducedp3_retained_ga1p0_syncrr_v1_rseed0.pth,retained_ga1p0_syncrr_v1,False,completed,5,5,3.769406
chua_orig_nint128_bs16_sig0.0_lr1e-03-1e-05_tfp0_ramp200_hLR1_m20_p10_seed24_minsym5_cand7_reducedp3_retained_ga1p0_syncrr_v1_rseed0,20,10,24,24,0,7,10,3,7,5,5,0;2;3;5;7;8;9,retained_preactivation,1.0,,True,1.0,4092.1345514902123,41.43102396766555,98.769814491763,grad_auto_alpha1,alpha * g_out / (g_aux + eps),1.0,True,readout_retained,128,0.00,0.00,0.00,1.00,128,2000,16,200,200,0.0,0.0,0.001,1e-05,False,5,5.0,0.0,200,1.0,0.954507,2.7502,0.0172,3,0.084713,nan,models/chua_orig_nint128_bs16_sig0.0_lr1e-03-1e-05_tfp0_ramp200_hLR1_m20_p10_seed24_minsym5_cand7_reducedp3_retained_ga1p0_syncrr_v1_rseed0.pth,retained_ga1p0_syncrr_v1,False,completed,5,5,3.092798
chua_orig_nint128_bs16_sig0.0_lr1e-03-1e-05_tfp0_ramp200_hLR1_m20_p10_seed25_minsym5_cand0_reducedp3_retained_ga1p0_syncrr_v1_rseed0,20,10,25,25,0,0,10,3,7,5,5,0;1;2;3;4;5;8,retained_preactivation,1.0,,True,1.0,27886.763620936727,1220.229619064456,22.853701619140622,grad_auto_alpha1,alpha * g_out / (g_aux + eps),1.0,True,readout_retained,128,0.00,0.00,0.00,1.00,128,2000,16,200,200,0.0,0.0,0.001,1e-05,False,5,5.0,0.0,200,1.0,0.172017,1.4795,0.0140,5,0.024905,nan,models/chua_orig_nint128_bs16_sig0.0_lr1e-03-1e-05_tfp0_ramp200_hLR1_m20_p10_seed25_minsym5_cand0_reducedp3_retained_ga1p0_syncrr_v1_rseed0.pth,retained_ga1p0_syncrr_v1,False,completed,5,5,1.479524
chua_orig_nint128_bs16_sig0.0_lr1e-03-1e-05_tfp0_ramp200_hLR1_m20_p10_seed25_minsym5_cand1_reducedp3_retained_ga1p0_syncrr_v1_rseed0,20,10,25,25,0,1,10,3,7,5,5,0;1;2;3;4;8;9,retained_preactivation,1.0,,True,1.0,30497791.44021757,3727189.341560206,8.182517346288385,grad_auto_alpha1,alpha * g_out / (g_aux + eps),1.0,True,readout_retained,128,0.00,0.00,0.00,1.00,128,2000,16,200,200,0.0,0.0,0.001,1e-05,False,5,5.0,0.0,200,1.0,0.072228,1.2710,0.0058,5,0.025390,nan,models/chua_orig_nint128_bs16_sig0.0_lr1e-03-1e-05_tfp0_ramp200_hLR1_m20_p10_seed25_minsym5_cand1_reducedp3_retained_ga1p0_syncrr_v1_rseed0.pth,retained_ga1p0_syncrr_v1,False,completed,5,5,1.270976
chua_orig_nint128_bs16_sig0.0_lr1e-03-1e-05_tfp0_ramp200_hLR1_m20_p10_seed25_minsym5_cand2_reducedp3_retained_ga1p0_syncrr_v1_rseed0,20,10,25,25,0,2,10,3,7,5,5,0;1;2;4;5;7;8,retained_preactivation,1.0,,True,1.0,98565.2461063229,6346.941509991249,15.529565846977338,grad_auto_alpha1,alpha * g_out / (g_aux + eps),1.0,True,readout_retained,128,0.00,0.00,0.00,1.00,128,2000,16,200,200,0.0,0.0,0.001,1e-05,False,5,5.0,0.0,200,1.0,0.114789,1.5660,0.0095,4,0.016505,nan,models/chua_orig_nint128_bs16_sig0.0_lr1e-03-1e-05_tfp0_ramp200_hLR1_m20_p10_seed25_minsym5_cand2_reducedp3_retained_ga1p0_syncrr_v1_rseed0.pth,retained_ga1p0_syncrr_v1,False,completed,5,5,1.566012
chua_orig_nint128_bs16_sig0.0_lr1e-03-1e-05_tfp0_ramp200_hLR1_m20_p10_seed25_minsym5_cand3_reducedp3_retained_ga1p0_syncrr_v1_rseed0,20,10,25,25,0,3,10,3,7,5,5,0;1;2;4;7;8;9,retained_preactivation,1.0,,True,1.0,2600846.034707937,178486.59696459002,14.571660163501909,grad_auto_alpha1,alpha * g_out / (g_aux + eps),1.0,True,readout_retained,128,0.00,0.00,0.00,1.00,128,2000,16,200,200,0.0,0.0,0.001,1e-05,False,5,5.0,0.0,200,1.0,328.356903,1.5445,0.0102,5,18.630096,nan,models/chua_orig_nint128_bs16_sig0.0_lr1e-03-1e-05_tfp0_ramp200_hLR1_m20_p10_seed25_minsym5_cand3_reducedp3_retained_ga1p0_syncrr_v1_rseed0.pth,retained_ga1p0_syncrr_v1,False,completed,5,5,1.544451
chua_orig_nint128_bs16_sig0.0_lr1e-03-1e-05_tfp0_ramp200_hLR1_m20_p10_seed25_minsym5_cand4_reducedp3_retained_ga1p0_syncrr_v1_rseed0,20,10,25,25,0,4,10,3,7,5,5,0;2;3;4;5;8;9,retained_preactivation,1.0,,True,1.0,177310.19632271575,19220.379982911367,9.225113992562079,grad_auto_alpha1,alpha * g_out / (g_aux + eps),1.0,True,readout_retained,128,0.00,0.00,0.00,1.00,128,2000,16,200,200,0.0,0.0,0.001,1e-05,False,5,5.0,0.0,200,1.0,0.089205,1.1777,0.0109,5,0.018655,nan,models/chua_orig_nint128_bs16_sig0.0_lr1e-03-1e-05_tfp0_ramp200_hLR1_m20_p10_seed25_minsym5_cand4_reducedp3_retained_ga1p0_syncrr_v1_rseed0.pth,retained_ga1p0_syncrr_v1,False,completed,5,5,1.177686
chua_orig_nint128_bs16_sig0.0_lr1e-03-1e-05_tfp0_ramp200_hLR1_m20_p10_seed25_minsym5_cand5_reducedp3_retained_ga1p0_syncrr_v1_rseed0,20,10,25,25,0,5,10,3,7,5,5,0;2;4;5;7;8;9,retained_preactivation,1.0,,True,1.0,221291.1037344249,15841.560600206029,13.969021696735286,grad_auto_alpha1,alpha * g_out / (g_aux + eps),1.0,True,readout_retained,128,0.00,0.00,0.00,1.00,128,2000,16,200,200,0.0,0.0,0.001,1e-05,False,5,5.0,0.0,200,1.0,0.133609,1.2506,0.0143,5,0.018584,nan,models/chua_orig_nint128_bs16_sig0.0_lr1e-03-1e-05_tfp0_ramp200_hLR1_m20_p10_seed25_minsym5_cand5_reducedp3_retained_ga1p0_syncrr_v1_rseed0.pth,retained_ga1p0_syncrr_v1,False,completed,5,5,1.250575
chua_orig_nint128_bs16_sig0.0_lr1e-03-1e-05_tfp0_ramp200_hLR1_m20_p10_seed25_minsym5_cand6_reducedp3_retained_ga1p0_syncrr_v1_rseed0,20,10,25,25,0,6,10,3,7,5,5,1;2;3;4;5;7;8,retained_preactivation,1.0,,True,1.0,16673.221659295483,853.6736416942001,19.531142634562077,grad_auto_alpha1,alpha * g_out / (g_aux + eps),1.0,True,readout_retained,128,0.00,0.00,0.00,1.00,128,2000,16,200,200,0.0,0.0,0.001,1e-05,False,5,5.0,0.0,200,1.0,0.120160,1.4320,0.0084,5,0.021787,nan,models/chua_orig_nint128_bs16_sig0.0_lr1e-03-1e-05_tfp0_ramp200_hLR1_m20_p10_seed25_minsym5_cand6_reducedp3_retained_ga1p0_syncrr_v1_rseed0.pth,retained_ga1p0_syncrr_v1,False,completed,5,5,1.432023
chua_orig_nint128_bs16_sig0.0_lr1e-03-1e-05_tfp0_ramp200_hLR1_m20_p10_seed25_minsym5_cand7_reducedp3_retained_ga1p0_syncrr_v1_rseed0,20,10,25,25,0,7,10,3,7,5,5,1;2;3;4;7;8;9,retained_preactivation,1.0,,True,1.0,34366.67179114091,1741.8892625896171,19.729538799756384,grad_auto_alpha1,alpha * g_out / (g_aux + eps),1.0,True,readout_retained,128,0.00,0.00,0.00,1.00,128,2000,16,200,200,0.0,0.0,0.001,1e-05,False,5,5.0,0.0,200,1.0,0.109545,1.2541,0.0136,4,0.027092,nan,models/chua_orig_nint128_bs16_sig0.0_lr1e-03-1e-05_tfp0_ramp200_hLR1_m20_p10_seed25_minsym5_cand7_reducedp3_retained_ga1p0_syncrr_v1_rseed0.pth,retained_ga1p0_syncrr_v1,False,completed,5,5,1.254128
chua_orig_nint128_bs16_sig0.0_lr1e-03-1e-05_tfp0_ramp200_hLR1_m20_p10_seed25_minsym5_cand8_reducedp3_retained_ga1p0_syncrr_v1_rseed0,20,10,25,25,0,8,10,3,7,5,5,2;3;4;5;7;8;9,retained_preactivation,1.0,,True,1.0,16345.155689071915,726.1163468885342,22.510381096792784,grad_auto_alpha1,alpha * g_out / (g_aux + eps),1.0,True,readout_retained,128,0.00,0.00,0.00,1.00,128,2000,16,200,200,0.0,0.0,0.001,1e-05,False,5,5.0,0.0,200,1.0,0.157123,1.2436,0.0170,5,0.021246,nan,models/chua_orig_nint128_bs16_sig0.0_lr1e-03-1e-05_tfp0_ramp200_hLR1_m20_p10_seed25_minsym5_cand8_reducedp3_retained_ga1p0_syncrr_v1_rseed0.pth,retained_ga1p0_syncrr_v1,False,completed,5,5,1.320328
chua_orig_nint128_bs16_sig0.0_lr1e-03-1e-05_tfp0_ramp200_hLR1_m20_p10_seed26_minsym5_cand0_reducedp3_retained_ga1p0_syncrr_v1_rseed0,20,10,26,26,0,0,10,3,7,5,5,0;1;2;4;5;7;9,retained_preactivation,1.0,,True,1.0,22097977.50353964,1428521.9552082494,15.469119969050952,grad_auto_alpha1,alpha * g_out / (g_aux + eps),1.0,True,readout_retained,128,0.00,0.00,0.00,1.00,128,2000,16,200,200,0.0,0.0,0.001,1e-05,False,5,5.0,0.0,200,1.0,0.085645,1.3618,0.0098,5,0.018691,nan,models/chua_orig_nint128_bs16_sig0.0_lr1e-03-1e-05_tfp0_ramp200_hLR1_m20_p10_seed26_minsym5_cand0_reducedp3_retained_ga1p0_syncrr_v1_rseed0.pth,retained_ga1p0_syncrr_v1,False,completed,5,5,1.364759
chua_orig_nint128_bs16_sig0.0_lr1e-03-1e-05_tfp0_ramp200_hLR1_m20_p10_seed26_minsym5_cand1_reducedp3_retained_ga1p0_syncrr_v1_rseed0,20,10,26,26,0,1,10,3,7,5,5,0;1;2;4;7;8;9,retained_preactivation,1.0,,True,1.0,328921222.4284248,10444820.203902029,31.491324504135047,grad_auto_alpha1,alpha * g_out / (g_aux + eps),1.0,True,readout_retained,128,0.00,0.00,0.00,1.00,128,2000,16,200,200,0.0,0.0,0.001,1e-05,False,5,5.0,0.0,200,1.0,19.099678,1.2901,0.0095,3,0.182141,nan,models/chua_orig_nint128_bs16_sig0.0_lr1e-03-1e-05_tfp0_ramp200_hLR1_m20_p10_seed26_minsym5_cand1_reducedp3_retained_ga1p0_syncrr_v1_rseed0.pth,retained_ga1p0_syncrr_v1,False,completed,5,6,1.290129
chua_orig_nint128_bs16_sig0.0_lr1e-03-1e-05_tfp0_ramp200_hLR1_m20_p10_seed26_minsym5_cand2_reducedp3_retained_ga1p0_syncrr_v1_rseed0,20,10,26,26,0,2,10,3,7,5,5,0;1;4;5;6;7;9,retained_preactivation,1.0,,True,1.0,30690625.776031613,1946931.695368895,15.763586287610622,grad_auto_alpha1,alpha * g_out / (g_aux + eps),1.0,True,readout_retained,128,0.00,0.00,0.00,1.00,128,2000,16,200,200,0.0,0.0,0.001,1e-05,False,5,5.0,0.0,200,1.0,0.089471,1.2531,0.0127,5,0.021045,nan,models/chua_orig_nint128_bs16_sig0.0_lr1e-03-1e-05_tfp0_ramp200_hLR1_m20_p10_seed26_minsym5_cand2_reducedp3_retained_ga1p0_syncrr_v1_rseed0.pth,retained_ga1p0_syncrr_v1,False,completed,5,5,1.253114
chua_orig_nint128_bs16_sig0.0_lr1e-03-1e-05_tfp0_ramp200_hLR1_m20_p10_seed26_minsym5_cand3_reducedp3_retained_ga1p0_syncrr_v1_rseed0,20,10,26,26,0,3,10,3,7,5,5,0;1;4;6;7;8;9,retained_preactivation,1.0,,True,1.0,118242690.98678349,3305604.7956596385,35.77036527235192,grad_auto_alpha1,alpha * g_out / (g_aux + eps),1.0,True,readout_retained,128,0.00,0.00,0.00,1.00,128,2000,16,200,200,0.0,0.0,0.001,1e-05,False,5,5.0,0.0,200,1.0,10.069926,1.6653,0.0194,3,0.107419,nan,models/chua_orig_nint128_bs16_sig0.0_lr1e-03-1e-05_tfp0_ramp200_hLR1_m20_p10_seed26_minsym5_cand3_reducedp3_retained_ga1p0_syncrr_v1_rseed0.pth,retained_ga1p0_syncrr_v1,False,completed,5,5,1.665341
chua_orig_nint128_bs16_sig0.0_lr1e-03-1e-05_tfp0_ramp200_hLR1_m20_p10_seed26_minsym5_cand4_reducedp3_retained_ga1p0_syncrr_v1_rseed0,20,10,26,26,0,4,10,3,7,5,5,0;2;3;4;5;6;9,retained_preactivation,1.0,,True,1.0,139246408.67719927,15451177.480758157,9.01202570811236,grad_auto_alpha1,alpha * g_out / (g_aux + eps),1.0,True,readout_retained,128,0.00,0.00,0.00,1.00,128,2000,16,200,200,0.0,0.0,0.001,1e-05,False,5,5.0,0.0,200,1.0,0.642926,4.0305,0.0091,3,0.276825,nan,models/chua_orig_nint128_bs16_sig0.0_lr1e-03-1e-05_tfp0_ramp200_hLR1_m20_p10_seed26_minsym5_cand4_reducedp3_retained_ga1p0_syncrr_v1_rseed0.pth,retained_ga1p0_syncrr_v1,False,completed,3,4,4.030535
chua_orig_nint128_bs16_sig0.0_lr1e-03-1e-05_tfp0_ramp200_hLR1_m20_p10_seed26_minsym5_cand5_reducedp3_retained_ga1p0_syncrr_v1_rseed0,20,10,26,26,0,5,10,3,7,5,5,0;2;3;4;6;8;9,retained_preactivation,1.0,,True,1.0,6685249054.910881,3041877096.5472875,2.197738055393178,grad_auto_alpha1,alpha * g_out / (g_aux + eps),1.0,True,readout_retained,128,0.00,0.00,0.00,1.00,128,2000,16,200,200,0.0,0.0,0.001,1e-05,False,5,5.0,0.0,200,1.0,0.434361,2.7436,0.0202,1,0.352085,nan,models/chua_orig_nint128_bs16_sig0.0_lr1e-03-1e-05_tfp0_ramp200_hLR1_m20_p10_seed26_minsym5_cand5_reducedp3_retained_ga1p0_syncrr_v1_rseed0.pth,retained_ga1p0_syncrr_v1,False,completed,3,5,3.597199
chua_orig_nint128_bs16_sig0.0_lr1e-03-1e-05_tfp0_ramp200_hLR1_m20_p10_seed26_minsym5_cand6_reducedp3_retained_ga1p0_syncrr_v1_rseed0,20,10,26,26,0,6,10,3,7,5,5,1;2;4;5;7;8;9,retained_preactivation,1.0,,True,1.0,401725039.0081759,18062431.458220456,22.240917007070244,grad_auto_alpha1,alpha * g_out / (g_aux + eps),1.0,True,readout_retained,128,0.00,0.00,0.00,1.00,128,2000,16,200,200,0.0,0.0,0.001,1e-05,False,5,5.0,0.0,200,1.0,0.081650,1.1597,0.0165,4,0.015451,nan,models/chua_orig_nint128_bs16_sig0.0_lr1e-03-1e-05_tfp0_ramp200_hLR1_m20_p10_seed26_minsym5_cand6_reducedp3_retained_ga1p0_syncrr_v1_rseed0.pth,retained_ga1p0_syncrr_v1,False,completed,5,5,1.159674
chua_orig_nint128_bs16_sig0.0_lr1e-03-1e-05_tfp0_ramp200_hLR1_m20_p10_seed26_minsym5_cand7_reducedp3_retained_ga1p0_syncrr_v1_rseed0,20,10,26,26,0,7,10,3,7,5,5,1;4;5;6;7;8;9,retained_preactivation,1.0,,True,1.0,107816233.7054462,4297696.662859304,25.086980809323776,grad_auto_alpha1,alpha * g_out / (g_aux + eps),1.0,True,readout_retained,128,0.00,0.00,0.00,1.00,128,2000,16,200,200,0.0,0.0,0.001,1e-05,False,5,5.0,0.0,200,1.0,0.082397,1.3552,0.0272,4,0.018627,nan,models/chua_orig_nint128_bs16_sig0.0_lr1e-03-1e-05_tfp0_ramp200_hLR1_m20_p10_seed26_minsym5_cand7_reducedp3_retained_ga1p0_syncrr_v1_rseed0.pth,retained_ga1p0_syncrr_v1,False,completed,5,5,1.355230
chua_orig_nint128_bs16_sig0.0_lr1e-03-1e-05_tfp0_ramp200_hLR1_m20_p10_seed26_minsym5_cand8_reducedp3_retained_ga1p0_syncrr_v1_rseed0,20,10,26,26,0,8,10,3,7,5,5,2;3;4;5;6;8;9,retained_preactivation,1.0,,True,1.0,2991083597.9184837,1012320066.9824808,2.9546817212013714,grad_auto_alpha1,alpha * g_out / (g_aux + eps),1.0,True,readout_retained,128,0.00,0.00,0.00,1.00,128,2000,16,200,200,0.0,0.0,0.001,1e-05,False,5,5.0,0.0,200,1.0,0.442200,2.5659,0.0114,3,0.323315,nan,models/chua_orig_nint128_bs16_sig0.0_lr1e-03-1e-05_tfp0_ramp200_hLR1_m20_p10_seed26_minsym5_cand8_reducedp3_retained_ga1p0_syncrr_v1_rseed0.pth,retained_ga1p0_syncrr_v1,False,completed,3,4,2.565902
chua_orig_nint128_bs16_sig0.0_lr1e-03-1e-05_tfp0_ramp200_hLR1_m20_p10_seed27_minsym5_cand0_reducedp3_retained_ga1p0_syncrr_v1_rseed0,20,10,27,27,0,0,10,3,7,5,5,1;2;3;4;5;6;7,retained_preactivation,1.0,,True,1.0,1605.9943814114047,93.77266360173867,17.12646649595235,grad_auto_alpha1,alpha * g_out / (g_aux + eps),1.0,True,readout_retained,128,0.00,0.00,0.00,1.00,128,2000,16,200,200,0.0,0.0,0.001,1e-05,False,5,5.0,0.0,200,1.0,0.265886,2.3975,0.0061,2,0.041324,nan,models/chua_orig_nint128_bs16_sig0.0_lr1e-03-1e-05_tfp0_ramp200_hLR1_m20_p10_seed27_minsym5_cand0_reducedp3_retained_ga1p0_syncrr_v1_rseed0.pth,retained_ga1p0_syncrr_v1,False,completed,5,5,2.397472
,,,,27,,1,,,,,,,,,,,,,,,,,,,,,,,,,,,,,,,,,,,,,,,,,,,,,,,retained_ga1p0_syncrr_v1,False,missing_or_failed,,,
,,,,27,,2,,,,,,,,,,,,,,,,,,,,,,,,,,,,,,,,,,,,,,,,,,,,,,,retained_ga1p0_syncrr_v1,False,missing_or_failed,,,
chua_orig_nint128_bs16_sig0.0_lr1e-03-1e-05_tfp0_ramp200_hLR1_m20_p10_seed28_minsym5_cand0_reducedp3_retained_ga1p0_syncrr_v1_rseed0,20,10,28,28,0,0,10,3,7,5,5,0;1;2;3;5;6;9,retained_preactivation,1.0,,True,1.0,528.6487233090136,12.35561374382646,42.786116033540836,grad_auto_alpha1,alpha * g_out / (g_aux + eps),1.0,True,readout_retained,128,0.00,0.00,0.00,1.00,128,2000,16,200,200,0.0,0.0,0.001,1e-05,False,5,5.0,0.0,200,1.0,0.221344,1.8093,0.0137,4,0.036182,nan,models/chua_orig_nint128_bs16_sig0.0_lr1e-03-1e-05_tfp0_ramp200_hLR1_m20_p10_seed28_minsym5_cand0_reducedp3_retained_ga1p0_syncrr_v1_rseed0.pth,retained_ga1p0_syncrr_v1,False,completed,5,5,1.809304
chua_orig_nint128_bs16_sig0.0_lr1e-03-1e-05_tfp0_ramp200_hLR1_m20_p10_seed28_minsym5_cand1_reducedp3_retained_ga1p0_syncrr_v1_rseed0,20,10,28,28,0,1,10,3,7,5,5,0;1;2;3;6;7;9,retained_preactivation,1.0,,True,1.0,2704.5041423983807,10.997326612725164,245.92378108227814,grad_auto_alpha1,alpha * g_out / (g_aux + eps),1.0,True,readout_retained,128,0.00,0.00,0.00,1.00,128,2000,16,200,200,0.0,0.0,0.001,1e-05,False,5,5.0,0.0,200,1.0,2.949393,3.3427,0.0184,5,0.090103,nan,models/chua_orig_nint128_bs16_sig0.0_lr1e-03-1e-05_tfp0_ramp200_hLR1_m20_p10_seed28_minsym5_cand1_reducedp3_retained_ga1p0_syncrr_v1_rseed0.pth,retained_ga1p0_syncrr_v1,False,completed,5,5,3.342744
chua_orig_nint128_bs16_sig0.0_lr1e-03-1e-05_tfp0_ramp200_hLR1_m20_p10_seed28_minsym5_cand2_reducedp3_retained_ga1p0_syncrr_v1_rseed0,20,10,28,28,0,2,10,3,7,5,5,0;1;2;5;6;7;9,retained_preactivation,1.0,,True,1.0,57813.428768755795,1031.4064535676212,56.053002740849514,grad_auto_alpha1,alpha * g_out / (g_aux + eps),1.0,True,readout_retained,128,0.00,0.00,0.00,1.00,128,2000,16,200,200,0.0,0.0,0.001,1e-05,False,5,5.0,0.0,200,1.0,0.361787,1.6759,0.0075,5,0.057138,nan,models/chua_orig_nint128_bs16_sig0.0_lr1e-03-1e-05_tfp0_ramp200_hLR1_m20_p10_seed28_minsym5_cand2_reducedp3_retained_ga1p0_syncrr_v1_rseed0.pth,retained_ga1p0_syncrr_v1,False,completed,5,5,1.675878
chua_orig_nint128_bs16_sig0.0_lr1e-03-1e-05_tfp0_ramp200_hLR1_m20_p10_seed29_minsym5_cand0_reducedp3_retained_ga1p0_syncrr_v1_rseed0,20,10,29,29,0,0,10,3,7,5,5,0;1;2;3;5;8;9,retained_preactivation,1.0,,True,1.0,1009.5674661705378,25.929411102504442,38.93522541562805,grad_auto_alpha1,alpha * g_out / (g_aux + eps),1.0,True,readout_retained,128,0.00,0.00,0.00,1.00,128,2000,16,200,200,0.0,0.0,0.001,1e-05,False,5,5.0,0.0,200,1.0,0.266994,1.3824,0.0191,5,0.027531,nan,models/chua_orig_nint128_bs16_sig0.0_lr1e-03-1e-05_tfp0_ramp200_hLR1_m20_p10_seed29_minsym5_cand0_reducedp3_retained_ga1p0_syncrr_v1_rseed0.pth,retained_ga1p0_syncrr_v1,False,completed,5,5,1.382386
chua_orig_nint128_bs16_sig0.0_lr1e-03-1e-05_tfp0_ramp200_hLR1_m20_p10_seed29_minsym5_cand1_reducedp3_retained_ga1p0_syncrr_v1_rseed0,20,10,29,29,0,1,10,3,7,5,5,0;1;2;3;6;8;9,retained_preactivation,1.0,,True,1.0,11460.466128172973,2429.616380389994,4.716985866852516,grad_auto_alpha1,alpha * g_out / (g_aux + eps),1.0,True,readout_retained,128,0.00,0.00,0.00,1.00,128,2000,16,200,200,0.0,0.0,0.001,1e-05,False,5,5.0,0.0,200,1.0,102.280045,1.2156,0.0101,5,3.582061,nan,models/chua_orig_nint128_bs16_sig0.0_lr1e-03-1e-05_tfp0_ramp200_hLR1_m20_p10_seed29_minsym5_cand1_reducedp3_retained_ga1p0_syncrr_v1_rseed0.pth,retained_ga1p0_syncrr_v1,False,completed,5,5,1.215622
chua_orig_nint128_bs16_sig0.0_lr1e-03-1e-05_tfp0_ramp200_hLR1_m20_p10_seed29_minsym5_cand2_reducedp3_retained_ga1p0_syncrr_v1_rseed0,20,10,29,29,0,2,10,3,7,5,5,1;2;3;5;6;8;9,retained_preactivation,1.0,,True,1.0,880.2669106494774,9.29314331044674,94.72219261483298,grad_auto_alpha1,alpha * g_out / (g_aux + eps),1.0,True,readout_retained,128,0.00,0.00,0.00,1.00,128,2000,16,200,200,0.0,0.0,0.001,1e-05,False,5,5.0,0.0,200,1.0,0.802990,2.3785,0.0125,3,0.060727,nan,models/chua_orig_nint128_bs16_sig0.0_lr1e-03-1e-05_tfp0_ramp200_hLR1_m20_p10_seed29_minsym5_cand2_reducedp3_retained_ga1p0_syncrr_v1_rseed0.pth,retained_ga1p0_syncrr_v1,False,completed,5,5,2.378451
chua_orig_nint128_bs16_sig0.0_lr1e-03-1e-05_tfp0_ramp200_hLR1_m20_p10_seed0_minsym5_cand0_reducedp3_symbol_lam1_fixed_syncro_v1_rseed0,20,10,0,0,0,0,10,3,7,5,5,0;1;3;4;5;7;9,symbol,1.0,1.0,False,0.1,,,1.0,fixed_lambda1,1.0,0.1,False,readout,128,0.00,0.00,0.00,1.00,128,2000,16,200,200,0.0,0.0,0.001,1e-05,False,5,5.0,0.0,200,1.0,0.115101,1.7349,0.0114,5,0.041433,nan,models/chua_orig_nint128_bs16_sig0.0_lr1e-03-1e-05_tfp0_ramp200_hLR1_m20_p10_seed0_minsym5_cand0_reducedp3_symbol_lam1_fixed_syncro_v1_rseed0.pth,symbol_lam1_fixed_syncro_v1,False,completed,5,5,1.734869
chua_orig_nint128_bs16_sig0.0_lr1e-03-1e-05_tfp0_ramp200_hLR1_m20_p10_seed2_minsym5_cand0_reducedp3_symbol_lam1_fixed_syncro_v1_rseed0,20,10,2,2,0,0,10,3,7,5,5,2;4;5;6;7;8;9,symbol,1.0,1.0,False,0.1,,,1.0,fixed_lambda1,1.0,0.1,False,readout,128,0.00,0.00,0.00,1.00,128,2000,16,200,200,0.0,0.0,0.001,1e-05,False,5,5.0,0.0,200,1.0,0.184644,1.4642,0.0121,3,0.049180,nan,models/chua_orig_nint128_bs16_sig0.0_lr1e-03-1e-05_tfp0_ramp200_hLR1_m20_p10_seed2_minsym5_cand0_reducedp3_symbol_lam1_fixed_syncro_v1_rseed0.pth,symbol_lam1_fixed_syncro_v1,False,completed,5,5,1.464182
chua_orig_nint128_bs16_sig0.0_lr1e-03-1e-05_tfp0_ramp200_hLR1_m20_p10_seed3_minsym5_cand0_reducedp3_symbol_lam1_fixed_syncro_v1_rseed0,20,10,3,3,0,0,10,3,7,5,5,0;1;2;3;4;5;8,symbol,1.0,1.0,False,0.1,,,1.0,fixed_lambda1,1.0,0.1,False,readout,128,0.00,0.00,0.00,1.00,128,2000,16,200,200,0.0,0.0,0.001,1e-05,False,5,5.0,0.0,200,1.0,0.101267,1.6104,0.0179,3,0.033563,nan,models/chua_orig_nint128_bs16_sig0.0_lr1e-03-1e-05_tfp0_ramp200_hLR1_m20_p10_seed3_minsym5_cand0_reducedp3_symbol_lam1_fixed_syncro_v1_rseed0.pth,symbol_lam1_fixed_syncro_v1,False,completed,5,5,1.610392
chua_orig_nint128_bs16_sig0.0_lr1e-03-1e-05_tfp0_ramp200_hLR1_m20_p10_seed3_minsym5_cand1_reducedp3_symbol_lam1_fixed_syncro_v1_rseed0,20,10,3,3,0,1,10,3,7,5,5,0;1;2;3;4;6;8,symbol,1.0,1.0,False,0.1,,,1.0,fixed_lambda1,1.0,0.1,False,readout,128,0.00,0.00,0.00,1.00,128,2000,16,200,200,0.0,0.0,0.001,1e-05,False,5,5.0,0.0,200,1.0,0.127818,1.5695,0.0159,5,0.048842,nan,models/chua_orig_nint128_bs16_sig0.0_lr1e-03-1e-05_tfp0_ramp200_hLR1_m20_p10_seed3_minsym5_cand1_reducedp3_symbol_lam1_fixed_syncro_v1_rseed0.pth,symbol_lam1_fixed_syncro_v1,False,completed,5,5,1.569519
chua_orig_nint128_bs16_sig0.0_lr1e-03-1e-05_tfp0_ramp200_hLR1_m20_p10_seed3_minsym5_cand2_reducedp3_symbol_lam1_fixed_syncro_v1_rseed0,20,10,3,3,0,2,10,3,7,5,5,0;1;3;4;5;7;8,symbol,1.0,1.0,False,0.1,,,1.0,fixed_lambda1,1.0,0.1,False,readout,128,0.00,0.00,0.00,1.00,128,2000,16,200,200,0.0,0.0,0.001,1e-05,False,5,5.0,0.0,200,1.0,0.113795,1.3698,0.0137,5,0.026006,nan,models/chua_orig_nint128_bs16_sig0.0_lr1e-03-1e-05_tfp0_ramp200_hLR1_m20_p10_seed3_minsym5_cand2_reducedp3_symbol_lam1_fixed_syncro_v1_rseed0.pth,symbol_lam1_fixed_syncro_v1,False,completed,5,5,1.369792
chua_orig_nint128_bs16_sig0.0_lr1e-03-1e-05_tfp0_ramp200_hLR1_m20_p10_seed3_minsym5_cand3_reducedp3_symbol_lam1_fixed_syncro_v1_rseed0,20,10,3,3,0,3,10,3,7,5,5,0;1;3;4;6;7;8,symbol,1.0,1.0,False,0.1,,,1.0,fixed_lambda1,1.0,0.1,False,readout,128,0.00,0.00,0.00,1.00,128,2000,16,200,200,0.0,0.0,0.001,1e-05,False,5,5.0,0.0,200,1.0,0.167983,1.5011,0.0186,5,0.054029,nan,models/chua_orig_nint128_bs16_sig0.0_lr1e-03-1e-05_tfp0_ramp200_hLR1_m20_p10_seed3_minsym5_cand3_reducedp3_symbol_lam1_fixed_syncro_v1_rseed0.pth,symbol_lam1_fixed_syncro_v1,False,completed,5,5,1.501070
chua_orig_nint128_bs16_sig0.0_lr1e-03-1e-05_tfp0_ramp200_hLR1_m20_p10_seed4_minsym5_cand0_reducedp3_symbol_lam1_fixed_syncro_v1_rseed0,20,10,4,4,0,0,10,3,7,5,5,0;1;2;3;4;5;8,symbol,1.0,1.0,False,0.1,,,1.0,fixed_lambda1,1.0,0.1,False,readout,128,0.00,0.00,0.00,1.00,128,2000,16,200,200,0.0,0.0,0.001,1e-05,False,5,5.0,0.0,200,1.0,0.247021,1.4022,0.0158,5,0.065756,nan,models/chua_orig_nint128_bs16_sig0.0_lr1e-03-1e-05_tfp0_ramp200_hLR1_m20_p10_seed4_minsym5_cand0_reducedp3_symbol_lam1_fixed_syncro_v1_rseed0.pth,symbol_lam1_fixed_syncro_v1,False,completed,5,5,1.402243
chua_orig_nint128_bs16_sig0.0_lr1e-03-1e-05_tfp0_ramp200_hLR1_m20_p10_seed4_minsym5_cand1_reducedp3_symbol_lam1_fixed_syncro_v1_rseed0,20,10,4,4,0,1,10,3,7,5,5,0;1;4;6;7;8;9,symbol,1.0,1.0,False,0.1,,,1.0,fixed_lambda1,1.0,0.1,False,readout,128,0.00,0.00,0.00,1.00,128,2000,16,200,200,0.0,0.0,0.001,1e-05,False,5,5.0,0.0,200,1.0,0.187437,1.4100,0.0131,5,0.053419,nan,models/chua_orig_nint128_bs16_sig0.0_lr1e-03-1e-05_tfp0_ramp200_hLR1_m20_p10_seed4_minsym5_cand1_reducedp3_symbol_lam1_fixed_syncro_v1_rseed0.pth,symbol_lam1_fixed_syncro_v1,False,completed,5,5,1.410045
chua_orig_nint128_bs16_sig0.0_lr1e-03-1e-05_tfp0_ramp200_hLR1_m20_p10_seed4_minsym5_cand2_reducedp3_symbol_lam1_fixed_syncro_v1_rseed0,20,10,4,4,0,2,10,3,7,5,5,1;2;3;4;5;6;8,symbol,1.0,1.0,False,0.1,,,1.0,fixed_lambda1,1.0,0.1,False,readout,128,0.00,0.00,0.00,1.00,128,2000,16,200,200,0.0,0.0,0.001,1e-05,False,5,5.0,0.0,200,1.0,0.495388,1.3720,0.0095,5,0.061813,nan,models/chua_orig_nint128_bs16_sig0.0_lr1e-03-1e-05_tfp0_ramp200_hLR1_m20_p10_seed4_minsym5_cand2_reducedp3_symbol_lam1_fixed_syncro_v1_rseed0.pth,symbol_lam1_fixed_syncro_v1,False,completed,5,5,1.371956
chua_orig_nint128_bs16_sig0.0_lr1e-03-1e-05_tfp0_ramp200_hLR1_m20_p10_seed4_minsym5_cand3_reducedp3_symbol_lam1_fixed_syncro_v1_rseed0,20,10,4,4,0,3,10,3,7,5,5,1;2;3;4;5;7;8,symbol,1.0,1.0,False,0.1,,,1.0,fixed_lambda1,1.0,0.1,False,readout,128,0.00,0.00,0.00,1.00,128,2000,16,200,200,0.0,0.0,0.001,1e-05,False,5,5.0,0.0,200,1.0,1.289738,2.3297,0.0064,3,0.916658,nan,models/chua_orig_nint128_bs16_sig0.0_lr1e-03-1e-05_tfp0_ramp200_hLR1_m20_p10_seed4_minsym5_cand3_reducedp3_symbol_lam1_fixed_syncro_v1_rseed0.pth,symbol_lam1_fixed_syncro_v1,False,completed,3,4,2.329736
chua_orig_nint128_bs16_sig0.0_lr1e-03-1e-05_tfp0_ramp200_hLR1_m20_p10_seed6_minsym5_cand0_reducedp4_symbol_lam1_fixed_syncro_v1_rseed0,20,10,6,6,0,0,10,4,6,5,5,0;1;2;4;5;9,symbol,1.0,1.0,False,0.1,,,1.0,fixed_lambda1,1.0,0.1,False,readout,128,0.00,0.00,0.00,1.00,128,2000,16,200,200,0.0,0.0,0.001,1e-05,False,5,5.0,0.0,200,1.0,0.725802,8.7047,0.0200,1,0.253536,nan,models/chua_orig_nint128_bs16_sig0.0_lr1e-03-1e-05_tfp0_ramp200_hLR1_m20_p10_seed6_minsym5_cand0_reducedp4_symbol_lam1_fixed_syncro_v1_rseed0.pth,symbol_lam1_fixed_syncro_v1,False,completed,1,4,8.704725
chua_orig_nint128_bs16_sig0.0_lr1e-03-1e-05_tfp0_ramp200_hLR1_m20_p10_seed6_minsym5_cand1_reducedp4_symbol_lam1_fixed_syncro_v1_rseed0,20,10,6,6,0,1,10,4,6,5,5,0;1;2;4;7;9,symbol,1.0,1.0,False,0.1,,,1.0,fixed_lambda1,1.0,0.1,False,readout,128,0.00,0.00,0.00,1.00,128,2000,16,200,200,0.0,0.0,0.001,1e-05,False,5,5.0,0.0,200,1.0,0.636056,2.2148,0.0177,0,0.054416,nan,models/chua_orig_nint128_bs16_sig0.0_lr1e-03-1e-05_tfp0_ramp200_hLR1_m20_p10_seed6_minsym5_cand1_reducedp4_symbol_lam1_fixed_syncro_v1_rseed0.pth,symbol_lam1_fixed_syncro_v1,False,completed,0,6,2.214752
,,,,6,,2,,,,,,,,,,,,,,,,,,,,,,,,,,,,,,,,,,,,,,,,,,,,,,,symbol_lam1_fixed_syncro_v1,False,missing_or_failed,,,
,,,,6,,3,,,,,,,,,,,,,,,,,,,,,,,,,,,,,,,,,,,,,,,,,,,,,,,symbol_lam1_fixed_syncro_v1,False,missing_or_failed,,,
chua_orig_nint128_bs16_sig0.0_lr1e-03-1e-05_tfp0_ramp200_hLR1_m20_p10_seed6_minsym5_cand4_reducedp4_symbol_lam1_fixed_syncro_v1_rseed0,20,10,6,6,0,4,10,4,6,5,5,0;1;4;7;8;9,symbol,1.0,1.0,False,0.1,,,1.0,fixed_lambda1,1.0,0.1,False,readout,128,0.00,0.00,0.00,1.00,128,2000,16,200,200,0.0,0.0,0.001,1e-05,False,5,5.0,0.0,200,1.0,0.176948,1.3033,0.0145,0,0.051860,nan,models/chua_orig_nint128_bs16_sig0.0_lr1e-03-1e-05_tfp0_ramp200_hLR1_m20_p10_seed6_minsym5_cand4_reducedp4_symbol_lam1_fixed_syncro_v1_rseed0.pth,symbol_lam1_fixed_syncro_v1,False,completed,5,5,4.242321
,,,,6,,5,,,,,,,,,,,,,,,,,,,,,,,,,,,,,,,,,,,,,,,,,,,,,,,symbol_lam1_fixed_syncro_v1,False,missing_or_failed,,,
chua_orig_nint128_bs16_sig0.0_lr1e-03-1e-05_tfp0_ramp200_hLR1_m20_p10_seed6_minsym5_cand6_reducedp4_symbol_lam1_fixed_syncro_v1_rseed0,20,10,6,6,0,6,10,4,6,5,5,0;2;4;5;7;9,symbol,1.0,1.0,False,0.1,,,1.0,fixed_lambda1,1.0,0.1,False,readout,128,0.00,0.00,0.00,1.00,128,2000,16,200,200,0.0,0.0,0.001,1e-05,False,5,5.0,0.0,200,1.0,0.291188,2.2899,0.0113,0,0.063710,nan,models/chua_orig_nint128_bs16_sig0.0_lr1e-03-1e-05_tfp0_ramp200_hLR1_m20_p10_seed6_minsym5_cand6_reducedp4_symbol_lam1_fixed_syncro_v1_rseed0.pth,symbol_lam1_fixed_syncro_v1,False,completed,5,6,2.383238
chua_orig_nint128_bs16_sig0.0_lr1e-03-1e-05_tfp0_ramp200_hLR1_m20_p10_seed6_minsym5_cand7_reducedp4_symbol_lam1_fixed_syncro_v1_rseed0,20,10,6,6,0,7,10,4,6,5,5,0;4;5;7;8;9,symbol,1.0,1.0,False,0.1,,,1.0,fixed_lambda1,1.0,0.1,False,readout,128,0.00,0.00,0.00,1.00,128,2000,16,200,200,0.0,0.0,0.001,1e-05,False,5,5.0,0.0,200,1.0,0.165501,1.2891,0.0119,0,0.040647,nan,models/chua_orig_nint128_bs16_sig0.0_lr1e-03-1e-05_tfp0_ramp200_hLR1_m20_p10_seed6_minsym5_cand7_reducedp4_symbol_lam1_fixed_syncro_v1_rseed0.pth,symbol_lam1_fixed_syncro_v1,False,completed,5,5,7.533610
,,,,6,,8,,,,,,,,,,,,,,,,,,,,,,,,,,,,,,,,,,,,,,,,,,,,,,,symbol_lam1_fixed_syncro_v1,False,missing_or_failed,,,
chua_orig_nint128_bs16_sig0.0_lr1e-03-1e-05_tfp0_ramp200_hLR1_m20_p10_seed6_minsym5_cand9_reducedp4_symbol_lam1_fixed_syncro_v1_rseed0,20,10,6,6,0,9,10,4,6,5,5,1;2;4;7;8;9,symbol,1.0,1.0,False,0.1,,,1.0,fixed_lambda1,1.0,0.1,False,readout,128,0.00,0.00,0.00,1.00,128,2000,16,200,200,0.0,0.0,0.001,1e-05,False,5,5.0,0.0,200,1.0,0.197186,1.5381,0.0114,0,0.065567,nan,models/chua_orig_nint128_bs16_sig0.0_lr1e-03-1e-05_tfp0_ramp200_hLR1_m20_p10_seed6_minsym5_cand9_reducedp4_symbol_lam1_fixed_syncro_v1_rseed0.pth,symbol_lam1_fixed_syncro_v1,False,completed,5,6,5.353859
,,,,6,,10,,,,,,,,,,,,,,,,,,,,,,,,,,,,,,,,,,,,,,,,,,,,,,,symbol_lam1_fixed_syncro_v1,False,missing_or_failed,,,
chua_orig_nint128_bs16_sig0.0_lr1e-03-1e-05_tfp0_ramp200_hLR1_m20_p10_seed6_minsym5_cand11_reducedp4_symbol_lam1_fixed_syncro_v1_rseed0,20,10,6,6,0,11,10,4,6,5,5,2;4;5;7;8;9,symbol,1.0,1.0,False,0.1,,,1.0,fixed_lambda1,1.0,0.1,False,readout,128,0.00,0.00,0.00,1.00,128,2000,16,200,200,0.0,0.0,0.001,1e-05,False,5,5.0,0.0,200,1.0,0.166183,1.3404,0.0162,1,0.042128,nan,models/chua_orig_nint128_bs16_sig0.0_lr1e-03-1e-05_tfp0_ramp200_hLR1_m20_p10_seed6_minsym5_cand11_reducedp4_symbol_lam1_fixed_syncro_v1_rseed0.pth,symbol_lam1_fixed_syncro_v1,False,completed,5,5,3.513901
chua_orig_nint128_bs16_sig0.0_lr1e-03-1e-05_tfp0_ramp200_hLR1_m20_p10_seed7_minsym5_cand0_reducedp3_symbol_lam1_fixed_syncro_v1_rseed0,20,10,7,7,0,0,10,3,7,5,5,0;1;2;4;5;7;9,symbol,1.0,1.0,False,0.1,,,1.0,fixed_lambda1,1.0,0.1,False,readout,128,0.00,0.00,0.00,1.00,128,2000,16,200,200,0.0,0.0,0.001,1e-05,False,5,5.0,0.0,200,1.0,0.070933,1.2577,0.0133,5,0.014563,nan,models/chua_orig_nint128_bs16_sig0.0_lr1e-03-1e-05_tfp0_ramp200_hLR1_m20_p10_seed7_minsym5_cand0_reducedp3_symbol_lam1_fixed_syncro_v1_rseed0.pth,symbol_lam1_fixed_syncro_v1,False,completed,5,5,1.257674
chua_orig_nint128_bs16_sig0.0_lr1e-03-1e-05_tfp0_ramp200_hLR1_m20_p10_seed7_minsym5_cand1_reducedp3_symbol_lam1_fixed_syncro_v1_rseed0,20,10,7,7,0,1,10,3,7,5,5,0;1;4;5;6;7;9,symbol,1.0,1.0,False,0.1,,,1.0,fixed_lambda1,1.0,0.1,False,readout,128,0.00,0.00,0.00,1.00,128,2000,16,200,200,0.0,0.0,0.001,1e-05,False,5,5.0,0.0,200,1.0,0.768562,2.7198,0.0091,3,0.265527,nan,models/chua_orig_nint128_bs16_sig0.0_lr1e-03-1e-05_tfp0_ramp200_hLR1_m20_p10_seed7_minsym5_cand1_reducedp3_symbol_lam1_fixed_syncro_v1_rseed0.pth,symbol_lam1_fixed_syncro_v1,False,completed,4,5,2.719802
chua_orig_nint128_bs16_sig0.0_lr1e-03-1e-05_tfp0_ramp200_hLR1_m20_p10_seed7_minsym5_cand2_reducedp3_symbol_lam1_fixed_syncro_v1_rseed0,20,10,7,7,0,2,10,3,7,5,5,1;2;4;5;7;8;9,symbol,1.0,1.0,False,0.1,,,1.0,fixed_lambda1,1.0,0.1,False,readout,128,0.00,0.00,0.00,1.00,128,2000,16,200,200,0.0,0.0,0.001,1e-05,False,5,5.0,0.0,200,1.0,0.056866,1.3801,0.0129,5,0.014537,nan,models/chua_orig_nint128_bs16_sig0.0_lr1e-03-1e-05_tfp0_ramp200_hLR1_m20_p10_seed7_minsym5_cand2_reducedp3_symbol_lam1_fixed_syncro_v1_rseed0.pth,symbol_lam1_fixed_syncro_v1,False,completed,5,5,1.380062
chua_orig_nint128_bs16_sig0.0_lr1e-03-1e-05_tfp0_ramp200_hLR1_m20_p10_seed7_minsym5_cand3_reducedp3_symbol_lam1_fixed_syncro_v1_rseed0,20,10,7,7,0,3,10,3,7,5,5,1;4;5;6;7;8;9,symbol,1.0,1.0,False,0.1,,,1.0,fixed_lambda1,1.0,0.1,False,readout,128,0.00,0.00,0.00,1.00,128,2000,16,200,200,0.0,0.0,0.001,1e-05,False,5,5.0,0.0,200,1.0,0.141902,1.3659,0.0136,5,0.052823,nan,models/chua_orig_nint128_bs16_sig0.0_lr1e-03-1e-05_tfp0_ramp200_hLR1_m20_p10_seed7_minsym5_cand3_reducedp3_symbol_lam1_fixed_syncro_v1_rseed0.pth,symbol_lam1_fixed_syncro_v1,False,completed,5,5,1.365875
chua_orig_nint128_bs16_sig0.0_lr1e-03-1e-05_tfp0_ramp200_hLR1_m20_p10_seed8_minsym5_cand0_reducedp3_symbol_lam1_fixed_syncro_v1_rseed0,20,10,8,8,0,0,10,3,7,5,5,0;3;4;5;6;7;8,symbol,1.0,1.0,False,0.1,,,1.0,fixed_lambda1,1.0,0.1,False,readout,128,0.00,0.00,0.00,1.00,128,2000,16,200,200,0.0,0.0,0.001,1e-05,False,5,5.0,0.0,200,1.0,0.145159,1.5234,0.0186,5,0.038922,nan,models/chua_orig_nint128_bs16_sig0.0_lr1e-03-1e-05_tfp0_ramp200_hLR1_m20_p10_seed8_minsym5_cand0_reducedp3_symbol_lam1_fixed_syncro_v1_rseed0.pth,symbol_lam1_fixed_syncro_v1,False,completed,5,5,1.523358
chua_orig_nint128_bs16_sig0.0_lr1e-03-1e-05_tfp0_ramp200_hLR1_m20_p10_seed8_minsym5_cand1_reducedp3_symbol_lam1_fixed_syncro_v1_rseed0,20,10,8,8,0,1,10,3,7,5,5,0;3;4;6;7;8;9,symbol,1.0,1.0,False,0.1,,,1.0,fixed_lambda1,1.0,0.1,False,readout,128,0.00,0.00,0.00,1.00,128,2000,16,200,200,0.0,0.0,0.001,1e-05,False,5,5.0,0.0,200,1.0,0.167637,1.4116,0.0223,5,0.056008,nan,models/chua_orig_nint128_bs16_sig0.0_lr1e-03-1e-05_tfp0_ramp200_hLR1_m20_p10_seed8_minsym5_cand1_reducedp3_symbol_lam1_fixed_syncro_v1_rseed0.pth,symbol_lam1_fixed_syncro_v1,False,completed,5,5,1.411600
chua_orig_nint128_bs16_sig0.0_lr1e-03-1e-05_tfp0_ramp200_hLR1_m20_p10_seed9_minsym5_cand0_reducedp3_symbol_lam1_fixed_syncro_v1_rseed0,20,10,9,9,0,0,10,3,7,5,5,0;1;2;3;5;6;8,symbol,1.0,1.0,False,0.1,,,1.0,fixed_lambda1,1.0,0.1,False,readout,128,0.00,0.00,0.00,1.00,128,2000,16,200,200,0.0,0.0,0.001,1e-05,False,5,5.0,0.0,200,1.0,0.161107,1.4183,0.0080,5,0.030366,nan,models/chua_orig_nint128_bs16_sig0.0_lr1e-03-1e-05_tfp0_ramp200_hLR1_m20_p10_seed9_minsym5_cand0_reducedp3_symbol_lam1_fixed_syncro_v1_rseed0.pth,symbol_lam1_fixed_syncro_v1,False,completed,5,5,1.418263
chua_orig_nint128_bs16_sig0.0_lr1e-03-1e-05_tfp0_ramp200_hLR1_m20_p10_seed9_minsym5_cand1_reducedp3_symbol_lam1_fixed_syncro_v1_rseed0,20,10,9,9,0,1,10,3,7,5,5,0;1;2;3;5;7;8,symbol,1.0,1.0,False,0.1,,,1.0,fixed_lambda1,1.0,0.1,False,readout,128,0.00,0.00,0.00,1.00,128,2000,16,200,200,0.0,0.0,0.001,1e-05,False,5,5.0,0.0,200,1.0,0.123381,1.3732,0.0137,5,0.026764,nan,models/chua_orig_nint128_bs16_sig0.0_lr1e-03-1e-05_tfp0_ramp200_hLR1_m20_p10_seed9_minsym5_cand1_reducedp3_symbol_lam1_fixed_syncro_v1_rseed0.pth,symbol_lam1_fixed_syncro_v1,False,completed,5,5,1.373235
chua_orig_nint128_bs16_sig0.0_lr1e-03-1e-05_tfp0_ramp200_hLR1_m20_p10_seed9_minsym5_cand2_reducedp3_symbol_lam1_fixed_syncro_v1_rseed0,20,10,9,9,0,2,10,3,7,5,5,0;2;3;5;6;7;8,symbol,1.0,1.0,False,0.1,,,1.0,fixed_lambda1,1.0,0.1,False,readout,128,0.00,0.00,0.00,1.00,128,2000,16,200,200,0.0,0.0,0.001,1e-05,False,5,5.0,0.0,200,1.0,0.359105,2.7146,0.0132,3,0.164912,nan,models/chua_orig_nint128_bs16_sig0.0_lr1e-03-1e-05_tfp0_ramp200_hLR1_m20_p10_seed9_minsym5_cand2_reducedp3_symbol_lam1_fixed_syncro_v1_rseed0.pth,symbol_lam1_fixed_syncro_v1,False,completed,4,6,2.734984
chua_orig_nint128_bs16_sig0.0_lr1e-03-1e-05_tfp0_ramp200_hLR1_m20_p10_seed9_minsym5_cand3_reducedp3_symbol_lam1_fixed_syncro_v1_rseed0,20,10,9,9,0,3,10,3,7,5,5,1;2;3;5;6;7;8,symbol,1.0,1.0,False,0.1,,,1.0,fixed_lambda1,1.0,0.1,False,readout,128,0.00,0.00,0.00,1.00,128,2000,16,200,200,0.0,0.0,0.001,1e-05,False,5,5.0,0.0,200,1.0,0.752779,3.5765,0.0197,1,0.365082,nan,models/chua_orig_nint128_bs16_sig0.0_lr1e-03-1e-05_tfp0_ramp200_hLR1_m20_p10_seed9_minsym5_cand3_reducedp3_symbol_lam1_fixed_syncro_v1_rseed0.pth,symbol_lam1_fixed_syncro_v1,False,completed,4,8,7.207132
chua_orig_nint128_bs16_sig0.0_lr1e-03-1e-05_tfp0_ramp200_hLR1_m20_p10_seed10_minsym5_cand0_reducedp3_symbol_lam1_fixed_syncro_v1_rseed0,20,10,10,10,0,0,10,3,7,5,5,0;1;2;4;5;6;7,symbol,1.0,1.0,False,0.1,,,1.0,fixed_lambda1,1.0,0.1,False,readout,128,0.00,0.00,0.00,1.00,128,2000,16,200,200,0.0,0.0,0.001,1e-05,False,5,5.0,0.0,200,1.0,0.164589,1.4055,0.0072,4,0.044413,nan,models/chua_orig_nint128_bs16_sig0.0_lr1e-03-1e-05_tfp0_ramp200_hLR1_m20_p10_seed10_minsym5_cand0_reducedp3_symbol_lam1_fixed_syncro_v1_rseed0.pth,symbol_lam1_fixed_syncro_v1,False,completed,5,5,1.405511
chua_orig_nint128_bs16_sig0.0_lr1e-03-1e-05_tfp0_ramp200_hLR1_m20_p10_seed10_minsym5_cand1_reducedp3_symbol_lam1_fixed_syncro_v1_rseed0,20,10,10,10,0,1,10,3,7,5,5,0;1;2;4;5;6;8,symbol,1.0,1.0,False,0.1,,,1.0,fixed_lambda1,1.0,0.1,False,readout,128,0.00,0.00,0.00,1.00,128,2000,16,200,200,0.0,0.0,0.001,1e-05,False,5,5.0,0.0,200,1.0,0.150046,1.2808,0.0115,5,0.045931,nan,models/chua_orig_nint128_bs16_sig0.0_lr1e-03-1e-05_tfp0_ramp200_hLR1_m20_p10_seed10_minsym5_cand1_reducedp3_symbol_lam1_fixed_syncro_v1_rseed0.pth,symbol_lam1_fixed_syncro_v1,False,completed,5,5,1.280835
chua_orig_nint128_bs16_sig0.0_lr1e-03-1e-05_tfp0_ramp200_hLR1_m20_p10_seed10_minsym5_cand2_reducedp3_symbol_lam1_fixed_syncro_v1_rseed0,20,10,10,10,0,2,10,3,7,5,5,0;1;2;4;5;7;8,symbol,1.0,1.0,False,0.1,,,1.0,fixed_lambda1,1.0,0.1,False,readout,128,0.00,0.00,0.00,1.00,128,2000,16,200,200,0.0,0.0,0.001,1e-05,False,5,5.0,0.0,200,1.0,0.181879,1.1363,0.0111,5,0.038268,nan,models/chua_orig_nint128_bs16_sig0.0_lr1e-03-1e-05_tfp0_ramp200_hLR1_m20_p10_seed10_minsym5_cand2_reducedp3_symbol_lam1_fixed_syncro_v1_rseed0.pth,symbol_lam1_fixed_syncro_v1,False,completed,5,5,1.136349
chua_orig_nint128_bs16_sig0.0_lr1e-03-1e-05_tfp0_ramp200_hLR1_m20_p10_seed10_minsym5_cand3_reducedp3_symbol_lam1_fixed_syncro_v1_rseed0,20,10,10,10,0,3,10,3,7,5,5,0;1;2;4;6;7;8,symbol,1.0,1.0,False,0.1,,,1.0,fixed_lambda1,1.0,0.1,False,readout,128,0.00,0.00,0.00,1.00,128,2000,16,200,200,0.0,0.0,0.001,1e-05,False,5,5.0,0.0,200,1.0,0.140324,1.1804,0.0087,5,0.032848,nan,models/chua_orig_nint128_bs16_sig0.0_lr1e-03-1e-05_tfp0_ramp200_hLR1_m20_p10_seed10_minsym5_cand3_reducedp3_symbol_lam1_fixed_syncro_v1_rseed0.pth,symbol_lam1_fixed_syncro_v1,False,completed,5,5,1.180407
chua_orig_nint128_bs16_sig0.0_lr1e-03-1e-05_tfp0_ramp200_hLR1_m20_p10_seed10_minsym5_cand4_reducedp3_symbol_lam1_fixed_syncro_v1_rseed0,20,10,10,10,0,4,10,3,7,5,5,0;1;2;5;6;7;8,symbol,1.0,1.0,False,0.1,,,1.0,fixed_lambda1,1.0,0.1,False,readout,128,0.00,0.00,0.00,1.00,128,2000,16,200,200,0.0,0.0,0.001,1e-05,False,5,5.0,0.0,200,1.0,0.136154,1.1638,0.0102,5,0.036644,nan,models/chua_orig_nint128_bs16_sig0.0_lr1e-03-1e-05_tfp0_ramp200_hLR1_m20_p10_seed10_minsym5_cand4_reducedp3_symbol_lam1_fixed_syncro_v1_rseed0.pth,symbol_lam1_fixed_syncro_v1,False,completed,5,5,1.371388
chua_orig_nint128_bs16_sig0.0_lr1e-03-1e-05_tfp0_ramp200_hLR1_m20_p10_seed10_minsym5_cand5_reducedp3_symbol_lam1_fixed_syncro_v1_rseed0,20,10,10,10,0,5,10,3,7,5,5,0;1;3;4;5;6;7,symbol,1.0,1.0,False,0.1,,,1.0,fixed_lambda1,1.0,0.1,False,readout,128,0.00,0.00,0.00,1.00,128,2000,16,200,200,0.0,0.0,0.001,1e-05,False,5,5.0,0.0,200,1.0,0.119816,1.4681,0.0240,5,0.032230,nan,models/chua_orig_nint128_bs16_sig0.0_lr1e-03-1e-05_tfp0_ramp200_hLR1_m20_p10_seed10_minsym5_cand5_reducedp3_symbol_lam1_fixed_syncro_v1_rseed0.pth,symbol_lam1_fixed_syncro_v1,False,completed,5,5,1.468113
chua_orig_nint128_bs16_sig0.0_lr1e-03-1e-05_tfp0_ramp200_hLR1_m20_p10_seed10_minsym5_cand6_reducedp3_symbol_lam1_fixed_syncro_v1_rseed0,20,10,10,10,0,6,10,3,7,5,5,0;1;3;4;5;6;8,symbol,1.0,1.0,False,0.1,,,1.0,fixed_lambda1,1.0,0.1,False,readout,128,0.00,0.00,0.00,1.00,128,2000,16,200,200,0.0,0.0,0.001,1e-05,False,5,5.0,0.0,200,1.0,0.106225,1.3015,0.0196,5,0.033521,nan,models/chua_orig_nint128_bs16_sig0.0_lr1e-03-1e-05_tfp0_ramp200_hLR1_m20_p10_seed10_minsym5_cand6_reducedp3_symbol_lam1_fixed_syncro_v1_rseed0.pth,symbol_lam1_fixed_syncro_v1,False,completed,5,5,1.301493
chua_orig_nint128_bs16_sig0.0_lr1e-03-1e-05_tfp0_ramp200_hLR1_m20_p10_seed10_minsym5_cand7_reducedp3_symbol_lam1_fixed_syncro_v1_rseed0,20,10,10,10,0,7,10,3,7,5,5,0;1;3;4;5;7;8,symbol,1.0,1.0,False,0.1,,,1.0,fixed_lambda1,1.0,0.1,False,readout,128,0.00,0.00,0.00,1.00,128,2000,16,200,200,0.0,0.0,0.001,1e-05,False,5,5.0,0.0,200,1.0,0.162498,1.3367,0.0080,5,0.043223,nan,models/chua_orig_nint128_bs16_sig0.0_lr1e-03-1e-05_tfp0_ramp200_hLR1_m20_p10_seed10_minsym5_cand7_reducedp3_symbol_lam1_fixed_syncro_v1_rseed0.pth,symbol_lam1_fixed_syncro_v1,False,completed,5,5,1.336654
chua_orig_nint128_bs16_sig0.0_lr1e-03-1e-05_tfp0_ramp200_hLR1_m20_p10_seed10_minsym5_cand8_reducedp3_symbol_lam1_fixed_syncro_v1_rseed0,20,10,10,10,0,8,10,3,7,5,5,0;1;3;4;6;7;8,symbol,1.0,1.0,False,0.1,,,1.0,fixed_lambda1,1.0,0.1,False,readout,128,0.00,0.00,0.00,1.00,128,2000,16,200,200,0.0,0.0,0.001,1e-05,False,5,5.0,0.0,200,1.0,0.113525,1.2849,0.0108,5,0.034229,nan,models/chua_orig_nint128_bs16_sig0.0_lr1e-03-1e-05_tfp0_ramp200_hLR1_m20_p10_seed10_minsym5_cand8_reducedp3_symbol_lam1_fixed_syncro_v1_rseed0.pth,symbol_lam1_fixed_syncro_v1,False,completed,5,5,1.284921
chua_orig_nint128_bs16_sig0.0_lr1e-03-1e-05_tfp0_ramp200_hLR1_m20_p10_seed10_minsym5_cand9_reducedp3_symbol_lam1_fixed_syncro_v1_rseed0,20,10,10,10,0,9,10,3,7,5,5,0;1;3;5;6;7;8,symbol,1.0,1.0,False,0.1,,,1.0,fixed_lambda1,1.0,0.1,False,readout,128,0.00,0.00,0.00,1.00,128,2000,16,200,200,0.0,0.0,0.001,1e-05,False,5,5.0,0.0,200,1.0,0.100269,1.3775,0.0073,5,0.031357,nan,models/chua_orig_nint128_bs16_sig0.0_lr1e-03-1e-05_tfp0_ramp200_hLR1_m20_p10_seed10_minsym5_cand9_reducedp3_symbol_lam1_fixed_syncro_v1_rseed0.pth,symbol_lam1_fixed_syncro_v1,False,completed,5,5,1.377546
chua_orig_nint128_bs16_sig0.0_lr1e-03-1e-05_tfp0_ramp200_hLR1_m20_p10_seed10_minsym5_cand10_reducedp3_symbol_lam1_fixed_syncro_v1_rseed0,20,10,10,10,0,10,10,3,7,5,5,1;2;4;5;6;7;8,symbol,1.0,1.0,False,0.1,,,1.0,fixed_lambda1,1.0,0.1,False,readout,128,0.00,0.00,0.00,1.00,128,2000,16,200,200,0.0,0.0,0.001,1e-05,False,5,5.0,0.0,200,1.0,0.126845,1.3587,0.0119,5,0.032843,nan,models/chua_orig_nint128_bs16_sig0.0_lr1e-03-1e-05_tfp0_ramp200_hLR1_m20_p10_seed10_minsym5_cand10_reducedp3_symbol_lam1_fixed_syncro_v1_rseed0.pth,symbol_lam1_fixed_syncro_v1,False,completed,5,5,1.358696
chua_orig_nint128_bs16_sig0.0_lr1e-03-1e-05_tfp0_ramp200_hLR1_m20_p10_seed10_minsym5_cand11_reducedp3_symbol_lam1_fixed_syncro_v1_rseed0,20,10,10,10,0,11,10,3,7,5,5,1;3;4;5;6;7;8,symbol,1.0,1.0,False,0.1,,,1.0,fixed_lambda1,1.0,0.1,False,readout,128,0.00,0.00,0.00,1.00,128,2000,16,200,200,0.0,0.0,0.001,1e-05,False,5,5.0,0.0,200,1.0,0.108516,1.6113,0.0117,5,0.038418,nan,models/chua_orig_nint128_bs16_sig0.0_lr1e-03-1e-05_tfp0_ramp200_hLR1_m20_p10_seed10_minsym5_cand11_reducedp3_symbol_lam1_fixed_syncro_v1_rseed0.pth,symbol_lam1_fixed_syncro_v1,False,completed,5,5,1.611342
chua_orig_nint128_bs16_sig0.0_lr1e-03-1e-05_tfp0_ramp200_hLR1_m20_p10_seed11_minsym5_cand0_reducedp3_symbol_lam1_fixed_syncro_v1_rseed0,20,10,11,11,0,0,10,3,7,5,5,0;1;3;4;5;6;9,symbol,1.0,1.0,False,0.1,,,1.0,fixed_lambda1,1.0,0.1,False,readout,128,0.00,0.00,0.00,1.00,128,2000,16,200,200,0.0,0.0,0.001,1e-05,False,5,5.0,0.0,200,1.0,0.535093,2.5883,0.0091,2,0.255282,nan,models/chua_orig_nint128_bs16_sig0.0_lr1e-03-1e-05_tfp0_ramp200_hLR1_m20_p10_seed11_minsym5_cand0_reducedp3_symbol_lam1_fixed_syncro_v1_rseed0.pth,symbol_lam1_fixed_syncro_v1,False,completed,4,6,2.588257
chua_orig_nint128_bs16_sig0.0_lr1e-03-1e-05_tfp0_ramp200_hLR1_m20_p10_seed11_minsym5_cand1_reducedp3_symbol_lam1_fixed_syncro_v1_rseed0,20,10,11,11,0,1,10,3,7,5,5,0;1;3;5;6;7;9,symbol,1.0,1.0,False,0.1,,,1.0,fixed_lambda1,1.0,0.1,False,readout,128,0.00,0.00,0.00,1.00,128,2000,16,200,200,0.0,0.0,0.001,1e-05,False,5,5.0,0.0,200,1.0,0.113895,1.3171,0.0089,3,0.039128,nan,models/chua_orig_nint128_bs16_sig0.0_lr1e-03-1e-05_tfp0_ramp200_hLR1_m20_p10_seed11_minsym5_cand1_reducedp3_symbol_lam1_fixed_syncro_v1_rseed0.pth,symbol_lam1_fixed_syncro_v1,False,completed,5,5,1.317086
chua_orig_nint128_bs16_sig0.0_lr1e-03-1e-05_tfp0_ramp200_hLR1_m20_p10_seed11_minsym5_cand2_reducedp3_symbol_lam1_fixed_syncro_v1_rseed0,20,10,11,11,0,2,10,3,7,5,5,0;1;4;5;6;7;9,symbol,1.0,1.0,False,0.1,,,1.0,fixed_lambda1,1.0,0.1,False,readout,128,0.00,0.00,0.00,1.00,128,2000,16,200,200,0.0,0.0,0.001,1e-05,False,5,5.0,0.0,200,1.0,0.576335,2.3624,0.0090,4,0.262673,nan,models/chua_orig_nint128_bs16_sig0.0_lr1e-03-1e-05_tfp0_ramp200_hLR1_m20_p10_seed11_minsym5_cand2_reducedp3_symbol_lam1_fixed_syncro_v1_rseed0.pth,symbol_lam1_fixed_syncro_v1,False,completed,4,6,2.362382
chua_orig_nint128_bs16_sig0.0_lr1e-03-1e-05_tfp0_ramp200_hLR1_m20_p10_seed11_minsym5_cand3_reducedp3_symbol_lam1_fixed_syncro_v1_rseed0,20,10,11,11,0,3,10,3,7,5,5,0;3;4;5;6;8;9,symbol,1.0,1.0,False,0.1,,,1.0,fixed_lambda1,1.0,0.1,False,readout,128,0.00,0.00,0.00,1.00,128,2000,16,200,200,0.0,0.0,0.001,1e-05,False,5,5.0,0.0,200,1.0,0.274379,1.7739,0.0142,3,0.072302,nan,models/chua_orig_nint128_bs16_sig0.0_lr1e-03-1e-05_tfp0_ramp200_hLR1_m20_p10_seed11_minsym5_cand3_reducedp3_symbol_lam1_fixed_syncro_v1_rseed0.pth,symbol_lam1_fixed_syncro_v1,False,completed,5,5,1.773881
chua_orig_nint128_bs16_sig0.0_lr1e-03-1e-05_tfp0_ramp200_hLR1_m20_p10_seed11_minsym5_cand4_reducedp3_symbol_lam1_fixed_syncro_v1_rseed0,20,10,11,11,0,4,10,3,7,5,5,0;3;5;6;7;8;9,symbol,1.0,1.0,False,0.1,,,1.0,fixed_lambda1,1.0,0.1,False,readout,128,0.00,0.00,0.00,1.00,128,2000,16,200,200,0.0,0.0,0.001,1e-05,False,5,5.0,0.0,200,1.0,0.116136,1.5172,0.0168,4,0.050461,nan,models/chua_orig_nint128_bs16_sig0.0_lr1e-03-1e-05_tfp0_ramp200_hLR1_m20_p10_seed11_minsym5_cand4_reducedp3_symbol_lam1_fixed_syncro_v1_rseed0.pth,symbol_lam1_fixed_syncro_v1,False,completed,5,5,1.517210
chua_orig_nint128_bs16_sig0.0_lr1e-03-1e-05_tfp0_ramp200_hLR1_m20_p10_seed11_minsym5_cand5_reducedp3_symbol_lam1_fixed_syncro_v1_rseed0,20,10,11,11,0,5,10,3,7,5,5,0;4;5;6;7;8;9,symbol,1.0,1.0,False,0.1,,,1.0,fixed_lambda1,1.0,0.1,False,readout,128,0.00,0.00,0.00,1.00,128,2000,16,200,200,0.0,0.0,0.001,1e-05,False,5,5.0,0.0,200,1.0,0.186864,1.4027,0.0069,5,0.040793,nan,models/chua_orig_nint128_bs16_sig0.0_lr1e-03-1e-05_tfp0_ramp200_hLR1_m20_p10_seed11_minsym5_cand5_reducedp3_symbol_lam1_fixed_syncro_v1_rseed0.pth,symbol_lam1_fixed_syncro_v1,False,completed,5,5,1.402722
chua_orig_nint128_bs16_sig0.0_lr1e-03-1e-05_tfp0_ramp200_hLR1_m20_p10_seed11_minsym5_cand6_reducedp3_symbol_lam1_fixed_syncro_v1_rseed0,20,10,11,11,0,6,10,3,7,5,5,1;3;4;5;6;7;9,symbol,1.0,1.0,False,0.1,,,1.0,fixed_lambda1,1.0,0.1,False,readout,128,0.00,0.00,0.00,1.00,128,2000,16,200,200,0.0,0.0,0.001,1e-05,False,5,5.0,0.0,200,1.0,0.119184,1.5781,0.0086,5,0.037745,nan,models/chua_orig_nint128_bs16_sig0.0_lr1e-03-1e-05_tfp0_ramp200_hLR1_m20_p10_seed11_minsym5_cand6_reducedp3_symbol_lam1_fixed_syncro_v1_rseed0.pth,symbol_lam1_fixed_syncro_v1,False,completed,5,5,1.578108
chua_orig_nint128_bs16_sig0.0_lr1e-03-1e-05_tfp0_ramp200_hLR1_m20_p10_seed11_minsym5_cand7_reducedp3_symbol_lam1_fixed_syncro_v1_rseed0,20,10,11,11,0,7,10,3,7,5,5,3;4;5;6;7;8;9,symbol,1.0,1.0,False,0.1,,,1.0,fixed_lambda1,1.0,0.1,False,readout,128,0.00,0.00,0.00,1.00,128,2000,16,200,200,0.0,0.0,0.001,1e-05,False,5,5.0,0.0,200,1.0,0.146716,1.5039,0.0156,5,0.032683,nan,models/chua_orig_nint128_bs16_sig0.0_lr1e-03-1e-05_tfp0_ramp200_hLR1_m20_p10_seed11_minsym5_cand7_reducedp3_symbol_lam1_fixed_syncro_v1_rseed0.pth,symbol_lam1_fixed_syncro_v1,False,completed,5,5,1.503859
chua_orig_nint128_bs16_sig0.0_lr1e-03-1e-05_tfp0_ramp200_hLR1_m20_p10_seed13_minsym5_cand0_reducedp3_symbol_lam1_fixed_syncro_v1_rseed0,20,10,13,13,0,0,10,3,7,5,5,0;1;2;3;5;7;8,symbol,1.0,1.0,False,0.1,,,1.0,fixed_lambda1,1.0,0.1,False,readout,128,0.00,0.00,0.00,1.00,128,2000,16,200,200,0.0,0.0,0.001,1e-05,False,5,5.0,0.0,200,1.0,0.238566,1.1067,0.0081,5,0.034147,nan,models/chua_orig_nint128_bs16_sig0.0_lr1e-03-1e-05_tfp0_ramp200_hLR1_m20_p10_seed13_minsym5_cand0_reducedp3_symbol_lam1_fixed_syncro_v1_rseed0.pth,symbol_lam1_fixed_syncro_v1,False,completed,5,5,1.245550
chua_orig_nint128_bs16_sig0.0_lr1e-03-1e-05_tfp0_ramp200_hLR1_m20_p10_seed13_minsym5_cand1_reducedp3_symbol_lam1_fixed_syncro_v1_rseed0,20,10,13,13,0,1,10,3,7,5,5,0;1;2;5;7;8;9,symbol,1.0,1.0,False,0.1,,,1.0,fixed_lambda1,1.0,0.1,False,readout,128,0.00,0.00,0.00,1.00,128,2000,16,200,200,0.0,0.0,0.001,1e-05,False,5,5.0,0.0,200,1.0,0.268480,1.1910,0.0073,5,0.031996,nan,models/chua_orig_nint128_bs16_sig0.0_lr1e-03-1e-05_tfp0_ramp200_hLR1_m20_p10_seed13_minsym5_cand1_reducedp3_symbol_lam1_fixed_syncro_v1_rseed0.pth,symbol_lam1_fixed_syncro_v1,False,completed,5,5,1.190971
chua_orig_nint128_bs16_sig0.0_lr1e-03-1e-05_tfp0_ramp200_hLR1_m20_p10_seed13_minsym5_cand2_reducedp3_symbol_lam1_fixed_syncro_v1_rseed0,20,10,13,13,0,2,10,3,7,5,5,0;1;3;5;7;8;9,symbol,1.0,1.0,False,0.1,,,1.0,fixed_lambda1,1.0,0.1,False,readout,128,0.00,0.00,0.00,1.00,128,2000,16,200,200,0.0,0.0,0.001,1e-05,False,5,5.0,0.0,200,1.0,0.194624,1.4173,0.0081,5,0.030280,nan,models/chua_orig_nint128_bs16_sig0.0_lr1e-03-1e-05_tfp0_ramp200_hLR1_m20_p10_seed13_minsym5_cand2_reducedp3_symbol_lam1_fixed_syncro_v1_rseed0.pth,symbol_lam1_fixed_syncro_v1,False,completed,5,5,1.417330
chua_orig_nint128_bs16_sig0.0_lr1e-03-1e-05_tfp0_ramp200_hLR1_m20_p10_seed13_minsym5_cand3_reducedp3_symbol_lam1_fixed_syncro_v1_rseed0,20,10,13,13,0,3,10,3,7,5,5,0;2;3;5;6;7;8,symbol,1.0,1.0,False,0.1,,,1.0,fixed_lambda1,1.0,0.1,False,readout,128,0.00,0.00,0.00,1.00,128,2000,16,200,200,0.0,0.0,0.001,1e-05,False,5,5.0,0.0,200,1.0,0.201294,1.4321,0.0099,5,0.038889,nan,models/chua_orig_nint128_bs16_sig0.0_lr1e-03-1e-05_tfp0_ramp200_hLR1_m20_p10_seed13_minsym5_cand3_reducedp3_symbol_lam1_fixed_syncro_v1_rseed0.pth,symbol_lam1_fixed_syncro_v1,False,completed,5,5,1.432117
chua_orig_nint128_bs16_sig0.0_lr1e-03-1e-05_tfp0_ramp200_hLR1_m20_p10_seed13_minsym5_cand4_reducedp3_symbol_lam1_fixed_syncro_v1_rseed0,20,10,13,13,0,4,10,3,7,5,5,0;2;5;6;7;8;9,symbol,1.0,1.0,False,0.1,,,1.0,fixed_lambda1,1.0,0.1,False,readout,128,0.00,0.00,0.00,1.00,128,2000,16,200,200,0.0,0.0,0.001,1e-05,False,5,5.0,0.0,200,1.0,0.256794,1.7201,0.0049,5,0.049760,nan,models/chua_orig_nint128_bs16_sig0.0_lr1e-03-1e-05_tfp0_ramp200_hLR1_m20_p10_seed13_minsym5_cand4_reducedp3_symbol_lam1_fixed_syncro_v1_rseed0.pth,symbol_lam1_fixed_syncro_v1,False,completed,5,5,1.720105
chua_orig_nint128_bs16_sig0.0_lr1e-03-1e-05_tfp0_ramp200_hLR1_m20_p10_seed13_minsym5_cand5_reducedp3_symbol_lam1_fixed_syncro_v1_rseed0,20,10,13,13,0,5,10,3,7,5,5,0;3;5;6;7;8;9,symbol,1.0,1.0,False,0.1,,,1.0,fixed_lambda1,1.0,0.1,False,readout,128,0.00,0.00,0.00,1.00,128,2000,16,200,200,0.0,0.0,0.001,1e-05,False,5,5.0,0.0,200,1.0,0.168716,1.3827,0.0083,5,0.035291,nan,models/chua_orig_nint128_bs16_sig0.0_lr1e-03-1e-05_tfp0_ramp200_hLR1_m20_p10_seed13_minsym5_cand5_reducedp3_symbol_lam1_fixed_syncro_v1_rseed0.pth,symbol_lam1_fixed_syncro_v1,False,completed,5,5,1.382687
chua_orig_nint128_bs16_sig0.0_lr1e-03-1e-05_tfp0_ramp200_hLR1_m20_p10_seed13_minsym5_cand6_reducedp3_symbol_lam1_fixed_syncro_v1_rseed0,20,10,13,13,0,6,10,3,7,5,5,1;2;3;5;7;8;9,symbol,1.0,1.0,False,0.1,,,1.0,fixed_lambda1,1.0,0.1,False,readout,128,0.00,0.00,0.00,1.00,128,2000,16,200,200,0.0,0.0,0.001,1e-05,False,5,5.0,0.0,200,1.0,0.129193,1.1688,0.0109,5,0.022251,nan,models/chua_orig_nint128_bs16_sig0.0_lr1e-03-1e-05_tfp0_ramp200_hLR1_m20_p10_seed13_minsym5_cand6_reducedp3_symbol_lam1_fixed_syncro_v1_rseed0.pth,symbol_lam1_fixed_syncro_v1,False,completed,5,5,1.168752
chua_orig_nint128_bs16_sig0.0_lr1e-03-1e-05_tfp0_ramp200_hLR1_m20_p10_seed13_minsym5_cand7_reducedp3_symbol_lam1_fixed_syncro_v1_rseed0,20,10,13,13,0,7,10,3,7,5,5,2;3;5;6;7;8;9,symbol,1.0,1.0,False,0.1,,,1.0,fixed_lambda1,1.0,0.1,False,readout,128,0.00,0.00,0.00,1.00,128,2000,16,200,200,0.0,0.0,0.001,1e-05,False,5,5.0,0.0,200,1.0,0.102631,1.1417,0.0072,5,0.025765,nan,models/chua_orig_nint128_bs16_sig0.0_lr1e-03-1e-05_tfp0_ramp200_hLR1_m20_p10_seed13_minsym5_cand7_reducedp3_symbol_lam1_fixed_syncro_v1_rseed0.pth,symbol_lam1_fixed_syncro_v1,False,completed,5,5,1.141727
chua_orig_nint128_bs16_sig0.0_lr1e-03-1e-05_tfp0_ramp200_hLR1_m20_p10_seed14_minsym5_cand0_reducedp3_symbol_lam1_fixed_syncro_v1_rseed0,20,10,14,14,0,0,10,3,7,5,5,0;1;2;5;6;7;8,symbol,1.0,1.0,False,0.1,,,1.0,fixed_lambda1,1.0,0.1,False,readout,128,0.00,0.00,0.00,1.00,128,2000,16,200,200,0.0,0.0,0.001,1e-05,False,5,5.0,0.0,200,1.0,0.073265,1.3373,0.0103,3,0.022978,nan,models/chua_orig_nint128_bs16_sig0.0_lr1e-03-1e-05_tfp0_ramp200_hLR1_m20_p10_seed14_minsym5_cand0_reducedp3_symbol_lam1_fixed_syncro_v1_rseed0.pth,symbol_lam1_fixed_syncro_v1,False,completed,5,5,1.337296
chua_orig_nint128_bs16_sig0.0_lr1e-03-1e-05_tfp0_ramp200_hLR1_m20_p10_seed14_minsym5_cand1_reducedp3_symbol_lam1_fixed_syncro_v1_rseed0,20,10,14,14,0,1,10,3,7,5,5,0;1;2;5;6;7;9,symbol,1.0,1.0,False,0.1,,,1.0,fixed_lambda1,1.0,0.1,False,readout,128,0.00,0.00,0.00,1.00,128,2000,16,200,200,0.0,0.0,0.001,1e-05,False,5,5.0,0.0,200,1.0,0.126003,1.4303,0.0053,5,0.028973,nan,models/chua_orig_nint128_bs16_sig0.0_lr1e-03-1e-05_tfp0_ramp200_hLR1_m20_p10_seed14_minsym5_cand1_reducedp3_symbol_lam1_fixed_syncro_v1_rseed0.pth,symbol_lam1_fixed_syncro_v1,False,completed,5,5,1.430263
chua_orig_nint128_bs16_sig0.0_lr1e-03-1e-05_tfp0_ramp200_hLR1_m20_p10_seed14_minsym5_cand2_reducedp3_symbol_lam1_fixed_syncro_v1_rseed0,20,10,14,14,0,2,10,3,7,5,5,0;1;2;5;6;8;9,symbol,1.0,1.0,False,0.1,,,1.0,fixed_lambda1,1.0,0.1,False,readout,128,0.00,0.00,0.00,1.00,128,2000,16,200,200,0.0,0.0,0.001,1e-05,False,5,5.0,0.0,200,1.0,0.054149,1.3329,0.0208,5,0.016181,nan,models/chua_orig_nint128_bs16_sig0.0_lr1e-03-1e-05_tfp0_ramp200_hLR1_m20_p10_seed14_minsym5_cand2_reducedp3_symbol_lam1_fixed_syncro_v1_rseed0.pth,symbol_lam1_fixed_syncro_v1,False,completed,5,5,1.332858
chua_orig_nint128_bs16_sig0.0_lr1e-03-1e-05_tfp0_ramp200_hLR1_m20_p10_seed14_minsym5_cand3_reducedp3_symbol_lam1_fixed_syncro_v1_rseed0,20,10,14,14,0,3,10,3,7,5,5,0;1;5;6;7;8;9,symbol,1.0,1.0,False,0.1,,,1.0,fixed_lambda1,1.0,0.1,False,readout,128,0.00,0.00,0.00,1.00,128,2000,16,200,200,0.0,0.0,0.001,1e-05,False,5,5.0,0.0,200,1.0,0.061542,1.5093,0.0114,3,0.019459,nan,models/chua_orig_nint128_bs16_sig0.0_lr1e-03-1e-05_tfp0_ramp200_hLR1_m20_p10_seed14_minsym5_cand3_reducedp3_symbol_lam1_fixed_syncro_v1_rseed0.pth,symbol_lam1_fixed_syncro_v1,False,completed,5,5,1.509269
chua_orig_nint128_bs16_sig0.0_lr1e-03-1e-05_tfp0_ramp200_hLR1_m20_p10_seed14_minsym5_cand4_reducedp3_symbol_lam1_fixed_syncro_v1_rseed0,20,10,14,14,0,4,10,3,7,5,5,0;2;5;6;7;8;9,symbol,1.0,1.0,False,0.1,,,1.0,fixed_lambda1,1.0,0.1,False,readout,128,0.00,0.00,0.00,1.00,128,2000,16,200,200,0.0,0.0,0.001,1e-05,False,5,5.0,0.0,200,1.0,0.056428,1.4468,0.0164,5,0.017006,nan,models/chua_orig_nint128_bs16_sig0.0_lr1e-03-1e-05_tfp0_ramp200_hLR1_m20_p10_seed14_minsym5_cand4_reducedp3_symbol_lam1_fixed_syncro_v1_rseed0.pth,symbol_lam1_fixed_syncro_v1,False,completed,5,5,1.446780
chua_orig_nint128_bs16_sig0.0_lr1e-03-1e-05_tfp0_ramp200_hLR1_m20_p10_seed15_minsym5_cand0_reducedp3_symbol_lam1_fixed_syncro_v1_rseed0,20,10,15,15,0,0,10,3,7,5,5,0;2;3;5;6;7;8,symbol,1.0,1.0,False,0.1,,,1.0,fixed_lambda1,1.0,0.1,False,readout,128,0.00,0.00,0.00,1.00,128,2000,16,200,200,0.0,0.0,0.001,1e-05,False,5,5.0,0.0,200,1.0,0.108116,1.2625,0.0079,5,0.033755,nan,models/chua_orig_nint128_bs16_sig0.0_lr1e-03-1e-05_tfp0_ramp200_hLR1_m20_p10_seed15_minsym5_cand0_reducedp3_symbol_lam1_fixed_syncro_v1_rseed0.pth,symbol_lam1_fixed_syncro_v1,False,completed,5,5,1.262544
chua_orig_nint128_bs16_sig0.0_lr1e-03-1e-05_tfp0_ramp200_hLR1_m20_p10_seed15_minsym5_cand1_reducedp3_symbol_lam1_fixed_syncro_v1_rseed0,20,10,15,15,0,1,10,3,7,5,5,0;2;3;5;6;7;9,symbol,1.0,1.0,False,0.1,,,1.0,fixed_lambda1,1.0,0.1,False,readout,128,0.00,0.00,0.00,1.00,128,2000,16,200,200,0.0,0.0,0.001,1e-05,False,5,5.0,0.0,200,1.0,0.114201,1.3990,0.0110,5,0.020854,nan,models/chua_orig_nint128_bs16_sig0.0_lr1e-03-1e-05_tfp0_ramp200_hLR1_m20_p10_seed15_minsym5_cand1_reducedp3_symbol_lam1_fixed_syncro_v1_rseed0.pth,symbol_lam1_fixed_syncro_v1,False,completed,5,5,1.398981
chua_orig_nint128_bs16_sig0.0_lr1e-03-1e-05_tfp0_ramp200_hLR1_m20_p10_seed15_minsym5_cand2_reducedp3_symbol_lam1_fixed_syncro_v1_rseed0,20,10,15,15,0,2,10,3,7,5,5,0;2;3;5;6;8;9,symbol,1.0,1.0,False,0.1,,,1.0,fixed_lambda1,1.0,0.1,False,readout,128,0.00,0.00,0.00,1.00,128,2000,16,200,200,0.0,0.0,0.001,1e-05,False,5,5.0,0.0,200,1.0,0.134971,1.4443,0.0115,5,0.042927,nan,models/chua_orig_nint128_bs16_sig0.0_lr1e-03-1e-05_tfp0_ramp200_hLR1_m20_p10_seed15_minsym5_cand2_reducedp3_symbol_lam1_fixed_syncro_v1_rseed0.pth,symbol_lam1_fixed_syncro_v1,False,completed,5,5,1.444335
chua_orig_nint128_bs16_sig0.0_lr1e-03-1e-05_tfp0_ramp200_hLR1_m20_p10_seed15_minsym5_cand3_reducedp3_symbol_lam1_fixed_syncro_v1_rseed0,20,10,15,15,0,3,10,3,7,5,5,0;2;3;5;7;8;9,symbol,1.0,1.0,False,0.1,,,1.0,fixed_lambda1,1.0,0.1,False,readout,128,0.00,0.00,0.00,1.00,128,2000,16,200,200,0.0,0.0,0.001,1e-05,False,5,5.0,0.0,200,1.0,0.169437,1.2727,0.0119,5,0.050262,nan,models/chua_orig_nint128_bs16_sig0.0_lr1e-03-1e-05_tfp0_ramp200_hLR1_m20_p10_seed15_minsym5_cand3_reducedp3_symbol_lam1_fixed_syncro_v1_rseed0.pth,symbol_lam1_fixed_syncro_v1,False,completed,5,5,1.272696
chua_orig_nint128_bs16_sig0.0_lr1e-03-1e-05_tfp0_ramp200_hLR1_m20_p10_seed15_minsym5_cand4_reducedp3_symbol_lam1_fixed_syncro_v1_rseed0,20,10,15,15,0,4,10,3,7,5,5,0;2;5;6;7;8;9,symbol,1.0,1.0,False,0.1,,,1.0,fixed_lambda1,1.0,0.1,False,readout,128,0.00,0.00,0.00,1.00,128,2000,16,200,200,0.0,0.0,0.001,1e-05,False,5,5.0,0.0,200,1.0,0.135619,1.1702,0.0070,5,0.035943,nan,models/chua_orig_nint128_bs16_sig0.0_lr1e-03-1e-05_tfp0_ramp200_hLR1_m20_p10_seed15_minsym5_cand4_reducedp3_symbol_lam1_fixed_syncro_v1_rseed0.pth,symbol_lam1_fixed_syncro_v1,False,completed,5,5,1.170213
chua_orig_nint128_bs16_sig0.0_lr1e-03-1e-05_tfp0_ramp200_hLR1_m20_p10_seed15_minsym5_cand5_reducedp3_symbol_lam1_fixed_syncro_v1_rseed0,20,10,15,15,0,5,10,3,7,5,5,0;3;5;6;7;8;9,symbol,1.0,1.0,False,0.1,,,1.0,fixed_lambda1,1.0,0.1,False,readout,128,0.00,0.00,0.00,1.00,128,2000,16,200,200,0.0,0.0,0.001,1e-05,False,5,5.0,0.0,200,1.0,1.012501,7.2123,0.0343,1,0.302226,nan,models/chua_orig_nint128_bs16_sig0.0_lr1e-03-1e-05_tfp0_ramp200_hLR1_m20_p10_seed15_minsym5_cand5_reducedp3_symbol_lam1_fixed_syncro_v1_rseed0.pth,symbol_lam1_fixed_syncro_v1,False,completed,2,7,9.664171
chua_orig_nint128_bs16_sig0.0_lr1e-03-1e-05_tfp0_ramp200_hLR1_m20_p10_seed15_minsym5_cand6_reducedp3_symbol_lam1_fixed_syncro_v1_rseed0,20,10,15,15,0,6,10,3,7,5,5,2;3;5;6;7;8;9,symbol,1.0,1.0,False,0.1,,,1.0,fixed_lambda1,1.0,0.1,False,readout,128,0.00,0.00,0.00,1.00,128,2000,16,200,200,0.0,0.0,0.001,1e-05,False,5,5.0,0.0,200,1.0,0.156357,1.8279,0.0187,5,0.054682,nan,models/chua_orig_nint128_bs16_sig0.0_lr1e-03-1e-05_tfp0_ramp200_hLR1_m20_p10_seed15_minsym5_cand6_reducedp3_symbol_lam1_fixed_syncro_v1_rseed0.pth,symbol_lam1_fixed_syncro_v1,False,completed,5,5,1.827917
chua_orig_nint128_bs16_sig0.0_lr1e-03-1e-05_tfp0_ramp200_hLR1_m20_p10_seed16_minsym5_cand0_reducedp3_symbol_lam1_fixed_syncro_v1_rseed0,20,10,16,16,0,0,10,3,7,5,5,0;1;2;3;4;5;8,symbol,1.0,1.0,False,0.1,,,1.0,fixed_lambda1,1.0,0.1,False,readout,128,0.00,0.00,0.00,1.00,128,2000,16,200,200,0.0,0.0,0.001,1e-05,False,5,5.0,0.0,200,1.0,0.404527,1.3109,0.0106,5,0.026671,nan,models/chua_orig_nint128_bs16_sig0.0_lr1e-03-1e-05_tfp0_ramp200_hLR1_m20_p10_seed16_minsym5_cand0_reducedp3_symbol_lam1_fixed_syncro_v1_rseed0.pth,symbol_lam1_fixed_syncro_v1,False,completed,5,5,1.310903
chua_orig_nint128_bs16_sig0.0_lr1e-03-1e-05_tfp0_ramp200_hLR1_m20_p10_seed16_minsym5_cand1_reducedp3_symbol_lam1_fixed_syncro_v1_rseed0,20,10,16,16,0,1,10,3,7,5,5,0;1;2;3;4;7;8,symbol,1.0,1.0,False,0.1,,,1.0,fixed_lambda1,1.0,0.1,False,readout,128,0.00,0.00,0.00,1.00,128,2000,16,200,200,0.0,0.0,0.001,1e-05,False,5,5.0,0.0,200,1.0,0.134582,1.1780,0.0101,5,0.030874,nan,models/chua_orig_nint128_bs16_sig0.0_lr1e-03-1e-05_tfp0_ramp200_hLR1_m20_p10_seed16_minsym5_cand1_reducedp3_symbol_lam1_fixed_syncro_v1_rseed0.pth,symbol_lam1_fixed_syncro_v1,False,completed,5,5,1.177955
chua_orig_nint128_bs16_sig0.0_lr1e-03-1e-05_tfp0_ramp200_hLR1_m20_p10_seed17_minsym5_cand0_reducedp3_symbol_lam1_fixed_syncro_v1_rseed0,20,10,17,17,0,0,10,3,7,5,5,0;1;2;3;4;6;8,symbol,1.0,1.0,False,0.1,,,1.0,fixed_lambda1,1.0,0.1,False,readout,128,0.00,0.00,0.00,1.00,128,2000,16,200,200,0.0,0.0,0.001,1e-05,False,5,5.0,0.0,200,1.0,0.148034,1.3537,0.0078,5,0.040142,nan,models/chua_orig_nint128_bs16_sig0.0_lr1e-03-1e-05_tfp0_ramp200_hLR1_m20_p10_seed17_minsym5_cand0_reducedp3_symbol_lam1_fixed_syncro_v1_rseed0.pth,symbol_lam1_fixed_syncro_v1,False,completed,5,5,1.353735
chua_orig_nint128_bs16_sig0.0_lr1e-03-1e-05_tfp0_ramp200_hLR1_m20_p10_seed17_minsym5_cand1_reducedp3_symbol_lam1_fixed_syncro_v1_rseed0,20,10,17,17,0,1,10,3,7,5,5,0;1;2;3;4;8;9,symbol,1.0,1.0,False,0.1,,,1.0,fixed_lambda1,1.0,0.1,False,readout,128,0.00,0.00,0.00,1.00,128,2000,16,200,200,0.0,0.0,0.001,1e-05,False,5,5.0,0.0,200,1.0,0.088352,1.6751,0.0244,3,0.032931,nan,models/chua_orig_nint128_bs16_sig0.0_lr1e-03-1e-05_tfp0_ramp200_hLR1_m20_p10_seed17_minsym5_cand1_reducedp3_symbol_lam1_fixed_syncro_v1_rseed0.pth,symbol_lam1_fixed_syncro_v1,False,completed,5,5,1.675110
chua_orig_nint128_bs16_sig0.0_lr1e-03-1e-05_tfp0_ramp200_hLR1_m20_p10_seed17_minsym5_cand2_reducedp3_symbol_lam1_fixed_syncro_v1_rseed0,20,10,17,17,0,2,10,3,7,5,5,0;2;3;4;6;7;8,symbol,1.0,1.0,False,0.1,,,1.0,fixed_lambda1,1.0,0.1,False,readout,128,0.00,0.00,0.00,1.00,128,2000,16,200,200,0.0,0.0,0.001,1e-05,False,5,5.0,0.0,200,1.0,0.137943,1.2641,0.0060,3,0.034741,nan,models/chua_orig_nint128_bs16_sig0.0_lr1e-03-1e-05_tfp0_ramp200_hLR1_m20_p10_seed17_minsym5_cand2_reducedp3_symbol_lam1_fixed_syncro_v1_rseed0.pth,symbol_lam1_fixed_syncro_v1,False,completed,5,5,1.264081
chua_orig_nint128_bs16_sig0.0_lr1e-03-1e-05_tfp0_ramp200_hLR1_m20_p10_seed17_minsym5_cand3_reducedp3_symbol_lam1_fixed_syncro_v1_rseed0,20,10,17,17,0,3,10,3,7,5,5,0;2;3;4;7;8;9,symbol,1.0,1.0,False,0.1,,,1.0,fixed_lambda1,1.0,0.1,False,readout,128,0.00,0.00,0.00,1.00,128,2000,16,200,200,0.0,0.0,0.001,1e-05,False,5,5.0,0.0,200,1.0,0.083091,1.5257,0.0190,5,0.028267,nan,models/chua_orig_nint128_bs16_sig0.0_lr1e-03-1e-05_tfp0_ramp200_hLR1_m20_p10_seed17_minsym5_cand3_reducedp3_symbol_lam1_fixed_syncro_v1_rseed0.pth,symbol_lam1_fixed_syncro_v1,False,completed,5,5,1.525717
chua_orig_nint128_bs16_sig0.0_lr1e-03-1e-05_tfp0_ramp200_hLR1_m20_p10_seed17_minsym5_cand4_reducedp3_symbol_lam1_fixed_syncro_v1_rseed0,20,10,17,17,0,4,10,3,7,5,5,1;2;3;5;7;8;9,symbol,1.0,1.0,False,0.1,,,1.0,fixed_lambda1,1.0,0.1,False,readout,128,0.00,0.00,0.00,1.00,128,2000,16,200,200,0.0,0.0,0.001,1e-05,False,5,5.0,0.0,200,1.0,0.707960,3.0744,0.0166,3,0.421347,nan,models/chua_orig_nint128_bs16_sig0.0_lr1e-03-1e-05_tfp0_ramp200_hLR1_m20_p10_seed17_minsym5_cand4_reducedp3_symbol_lam1_fixed_syncro_v1_rseed0.pth,symbol_lam1_fixed_syncro_v1,False,completed,3,6,3.074408
chua_orig_nint128_bs16_sig0.0_lr1e-03-1e-05_tfp0_ramp200_hLR1_m20_p10_seed17_minsym5_cand5_reducedp3_symbol_lam1_fixed_syncro_v1_rseed0,20,10,17,17,0,5,10,3,7,5,5,1;2;4;5;7;8;9,symbol,1.0,1.0,False,0.1,,,1.0,fixed_lambda1,1.0,0.1,False,readout,128,0.00,0.00,0.00,1.00,128,2000,16,200,200,0.0,0.0,0.001,1e-05,False,5,5.0,0.0,200,1.0,0.813894,4.6981,0.0098,3,0.413322,nan,models/chua_orig_nint128_bs16_sig0.0_lr1e-03-1e-05_tfp0_ramp200_hLR1_m20_p10_seed17_minsym5_cand5_reducedp3_symbol_lam1_fixed_syncro_v1_rseed0.pth,symbol_lam1_fixed_syncro_v1,False,completed,3,6,4.698062
chua_orig_nint128_bs16_sig0.0_lr1e-03-1e-05_tfp0_ramp200_hLR1_m20_p10_seed18_minsym5_cand0_reducedp3_symbol_lam1_fixed_syncro_v1_rseed0,20,10,18,18,0,0,10,3,7,5,5,0;1;2;3;4;5;7,symbol,1.0,1.0,False,0.1,,,1.0,fixed_lambda1,1.0,0.1,False,readout,128,0.00,0.00,0.00,1.00,128,2000,16,200,200,0.0,0.0,0.001,1e-05,False,5,5.0,0.0,200,1.0,0.163273,1.4060,0.0121,5,0.062236,nan,models/chua_orig_nint128_bs16_sig0.0_lr1e-03-1e-05_tfp0_ramp200_hLR1_m20_p10_seed18_minsym5_cand0_reducedp3_symbol_lam1_fixed_syncro_v1_rseed0.pth,symbol_lam1_fixed_syncro_v1,False,completed,5,5,1.405989
chua_orig_nint128_bs16_sig0.0_lr1e-03-1e-05_tfp0_ramp200_hLR1_m20_p10_seed18_minsym5_cand1_reducedp3_symbol_lam1_fixed_syncro_v1_rseed0,20,10,18,18,0,1,10,3,7,5,5,0;1;2;3;4;5;9,symbol,1.0,1.0,False,0.1,,,1.0,fixed_lambda1,1.0,0.1,False,readout,128,0.00,0.00,0.00,1.00,128,2000,16,200,200,0.0,0.0,0.001,1e-05,False,5,5.0,0.0,200,1.0,0.228101,1.3110,0.0106,5,0.071372,nan,models/chua_orig_nint128_bs16_sig0.0_lr1e-03-1e-05_tfp0_ramp200_hLR1_m20_p10_seed18_minsym5_cand1_reducedp3_symbol_lam1_fixed_syncro_v1_rseed0.pth,symbol_lam1_fixed_syncro_v1,False,completed,5,5,1.311018
chua_orig_nint128_bs16_sig0.0_lr1e-03-1e-05_tfp0_ramp200_hLR1_m20_p10_seed18_minsym5_cand2_reducedp3_symbol_lam1_fixed_syncro_v1_rseed0,20,10,18,18,0,2,10,3,7,5,5,0;1;2;3;4;6;7,symbol,1.0,1.0,False,0.1,,,1.0,fixed_lambda1,1.0,0.1,False,readout,128,0.00,0.00,0.00,1.00,128,2000,16,200,200,0.0,0.0,0.001,1e-05,False,5,5.0,0.0,200,1.0,0.098921,1.5192,0.0185,4,0.035493,nan,models/chua_orig_nint128_bs16_sig0.0_lr1e-03-1e-05_tfp0_ramp200_hLR1_m20_p10_seed18_minsym5_cand2_reducedp3_symbol_lam1_fixed_syncro_v1_rseed0.pth,symbol_lam1_fixed_syncro_v1,False,completed,5,5,1.519156
chua_orig_nint128_bs16_sig0.0_lr1e-03-1e-05_tfp0_ramp200_hLR1_m20_p10_seed18_minsym5_cand3_reducedp3_symbol_lam1_fixed_syncro_v1_rseed0,20,10,18,18,0,3,10,3,7,5,5,0;1;2;3;4;6;9,symbol,1.0,1.0,False,0.1,,,1.0,fixed_lambda1,1.0,0.1,False,readout,128,0.00,0.00,0.00,1.00,128,2000,16,200,200,0.0,0.0,0.001,1e-05,False,5,5.0,0.0,200,1.0,0.146858,1.3958,0.0084,4,0.038790,nan,models/chua_orig_nint128_bs16_sig0.0_lr1e-03-1e-05_tfp0_ramp200_hLR1_m20_p10_seed18_minsym5_cand3_reducedp3_symbol_lam1_fixed_syncro_v1_rseed0.pth,symbol_lam1_fixed_syncro_v1,False,completed,5,5,1.395839
chua_orig_nint128_bs16_sig0.0_lr1e-03-1e-05_tfp0_ramp200_hLR1_m20_p10_seed18_minsym5_cand4_reducedp3_symbol_lam1_fixed_syncro_v1_rseed0,20,10,18,18,0,4,10,3,7,5,5,0;1;3;4;5;7;9,symbol,1.0,1.0,False,0.1,,,1.0,fixed_lambda1,1.0,0.1,False,readout,128,0.00,0.00,0.00,1.00,128,2000,16,200,200,0.0,0.0,0.001,1e-05,False,5,5.0,0.0,200,1.0,0.185571,1.4300,0.0124,5,0.072101,nan,models/chua_orig_nint128_bs16_sig0.0_lr1e-03-1e-05_tfp0_ramp200_hLR1_m20_p10_seed18_minsym5_cand4_reducedp3_symbol_lam1_fixed_syncro_v1_rseed0.pth,symbol_lam1_fixed_syncro_v1,False,completed,5,5,1.429991
chua_orig_nint128_bs16_sig0.0_lr1e-03-1e-05_tfp0_ramp200_hLR1_m20_p10_seed18_minsym5_cand5_reducedp3_symbol_lam1_fixed_syncro_v1_rseed0,20,10,18,18,0,5,10,3,7,5,5,0;1;3;4;6;7;9,symbol,1.0,1.0,False,0.1,,,1.0,fixed_lambda1,1.0,0.1,False,readout,128,0.00,0.00,0.00,1.00,128,2000,16,200,200,0.0,0.0,0.001,1e-05,False,5,5.0,0.0,200,1.0,0.132033,1.6540,0.0186,5,0.056961,nan,models/chua_orig_nint128_bs16_sig0.0_lr1e-03-1e-05_tfp0_ramp200_hLR1_m20_p10_seed18_minsym5_cand5_reducedp3_symbol_lam1_fixed_syncro_v1_rseed0.pth,symbol_lam1_fixed_syncro_v1,False,completed,5,5,1.653963
chua_orig_nint128_bs16_sig0.0_lr1e-03-1e-05_tfp0_ramp200_hLR1_m20_p10_seed18_minsym5_cand6_reducedp3_symbol_lam1_fixed_syncro_v1_rseed0,20,10,18,18,0,6,10,3,7,5,5,1;2;3;4;5;7;9,symbol,1.0,1.0,False,0.1,,,1.0,fixed_lambda1,1.0,0.1,False,readout,128,0.00,0.00,0.00,1.00,128,2000,16,200,200,0.0,0.0,0.001,1e-05,False,5,5.0,0.0,200,1.0,0.281759,1.3876,0.0129,5,0.129650,nan,models/chua_orig_nint128_bs16_sig0.0_lr1e-03-1e-05_tfp0_ramp200_hLR1_m20_p10_seed18_minsym5_cand6_reducedp3_symbol_lam1_fixed_syncro_v1_rseed0.pth,symbol_lam1_fixed_syncro_v1,False,completed,5,5,1.387563
chua_orig_nint128_bs16_sig0.0_lr1e-03-1e-05_tfp0_ramp200_hLR1_m20_p10_seed18_minsym5_cand7_reducedp3_symbol_lam1_fixed_syncro_v1_rseed0,20,10,18,18,0,7,10,3,7,5,5,1;2;3;4;6;7;9,symbol,1.0,1.0,False,0.1,,,1.0,fixed_lambda1,1.0,0.1,False,readout,128,0.00,0.00,0.00,1.00,128,2000,16,200,200,0.0,0.0,0.001,1e-05,False,5,5.0,0.0,200,1.0,0.155667,1.3779,0.0238,5,0.057310,nan,models/chua_orig_nint128_bs16_sig0.0_lr1e-03-1e-05_tfp0_ramp200_hLR1_m20_p10_seed18_minsym5_cand7_reducedp3_symbol_lam1_fixed_syncro_v1_rseed0.pth,symbol_lam1_fixed_syncro_v1,False,completed,5,5,1.377887
chua_orig_nint128_bs16_sig0.0_lr1e-03-1e-05_tfp0_ramp200_hLR1_m20_p10_seed20_minsym5_cand0_reducedp3_symbol_lam1_fixed_syncro_v1_rseed0,20,10,20,20,0,0,10,3,7,5,5,0;1;2;3;5;7;8,symbol,1.0,1.0,False,0.1,,,1.0,fixed_lambda1,1.0,0.1,False,readout,128,0.00,0.00,0.00,1.00,128,2000,16,200,200,0.0,0.0,0.001,1e-05,False,5,5.0,0.0,200,1.0,0.082768,1.3834,0.0185,5,0.027781,nan,models/chua_orig_nint128_bs16_sig0.0_lr1e-03-1e-05_tfp0_ramp200_hLR1_m20_p10_seed20_minsym5_cand0_reducedp3_symbol_lam1_fixed_syncro_v1_rseed0.pth,symbol_lam1_fixed_syncro_v1,False,completed,5,5,1.383408
chua_orig_nint128_bs16_sig0.0_lr1e-03-1e-05_tfp0_ramp200_hLR1_m20_p10_seed20_minsym5_cand1_reducedp3_symbol_lam1_fixed_syncro_v1_rseed0,20,10,20,20,0,1,10,3,7,5,5,0;1;3;4;5;7;8,symbol,1.0,1.0,False,0.1,,,1.0,fixed_lambda1,1.0,0.1,False,readout,128,0.00,0.00,0.00,1.00,128,2000,16,200,200,0.0,0.0,0.001,1e-05,False,5,5.0,0.0,200,1.0,0.081413,1.2848,0.0133,5,0.027311,nan,models/chua_orig_nint128_bs16_sig0.0_lr1e-03-1e-05_tfp0_ramp200_hLR1_m20_p10_seed20_minsym5_cand1_reducedp3_symbol_lam1_fixed_syncro_v1_rseed0.pth,symbol_lam1_fixed_syncro_v1,False,completed,5,5,1.284787
chua_orig_nint128_bs16_sig0.0_lr1e-03-1e-05_tfp0_ramp200_hLR1_m20_p10_seed20_minsym5_cand2_reducedp3_symbol_lam1_fixed_syncro_v1_rseed0,20,10,20,20,0,2,10,3,7,5,5,1;2;3;4;5;7;8,symbol,1.0,1.0,False,0.1,,,1.0,fixed_lambda1,1.0,0.1,False,readout,128,0.00,0.00,0.00,1.00,128,2000,16,200,200,0.0,0.0,0.001,1e-05,False,5,5.0,0.0,200,1.0,0.090393,1.1973,0.0126,5,0.022676,nan,models/chua_orig_nint128_bs16_sig0.0_lr1e-03-1e-05_tfp0_ramp200_hLR1_m20_p10_seed20_minsym5_cand2_reducedp3_symbol_lam1_fixed_syncro_v1_rseed0.pth,symbol_lam1_fixed_syncro_v1,False,completed,5,5,1.197281
chua_orig_nint128_bs16_sig0.0_lr1e-03-1e-05_tfp0_ramp200_hLR1_m20_p10_seed21_minsym5_cand0_reducedp3_symbol_lam1_fixed_syncro_v1_rseed0,20,10,21,21,0,0,10,3,7,5,5,0;1;3;4;5;6;8,symbol,1.0,1.0,False,0.1,,,1.0,fixed_lambda1,1.0,0.1,False,readout,128,0.00,0.00,0.00,1.00,128,2000,16,200,200,0.0,0.0,0.001,1e-05,False,5,5.0,0.0,200,1.0,0.108153,1.4925,0.0128,5,0.043258,nan,models/chua_orig_nint128_bs16_sig0.0_lr1e-03-1e-05_tfp0_ramp200_hLR1_m20_p10_seed21_minsym5_cand0_reducedp3_symbol_lam1_fixed_syncro_v1_rseed0.pth,symbol_lam1_fixed_syncro_v1,False,completed,5,5,1.492470
chua_orig_nint128_bs16_sig0.0_lr1e-03-1e-05_tfp0_ramp200_hLR1_m20_p10_seed21_minsym5_cand1_reducedp3_symbol_lam1_fixed_syncro_v1_rseed0,20,10,21,21,0,1,10,3,7,5,5,0;1;3;4;5;8;9,symbol,1.0,1.0,False,0.1,,,1.0,fixed_lambda1,1.0,0.1,False,readout,128,0.00,0.00,0.00,1.00,128,2000,16,200,200,0.0,0.0,0.001,1e-05,False,5,5.0,0.0,200,1.0,0.104253,1.4463,0.0162,4,0.035943,nan,models/chua_orig_nint128_bs16_sig0.0_lr1e-03-1e-05_tfp0_ramp200_hLR1_m20_p10_seed21_minsym5_cand1_reducedp3_symbol_lam1_fixed_syncro_v1_rseed0.pth,symbol_lam1_fixed_syncro_v1,False,completed,5,5,1.446277
chua_orig_nint128_bs16_sig0.0_lr1e-03-1e-05_tfp0_ramp200_hLR1_m20_p10_seed21_minsym5_cand2_reducedp3_symbol_lam1_fixed_syncro_v1_rseed0,20,10,21,21,0,2,10,3,7,5,5,0;1;3;4;6;8;9,symbol,1.0,1.0,False,0.1,,,1.0,fixed_lambda1,1.0,0.1,False,readout,128,0.00,0.00,0.00,1.00,128,2000,16,200,200,0.0,0.0,0.001,1e-05,False,5,5.0,0.0,200,1.0,0.153440,1.2414,0.0093,5,0.048091,nan,models/chua_orig_nint128_bs16_sig0.0_lr1e-03-1e-05_tfp0_ramp200_hLR1_m20_p10_seed21_minsym5_cand2_reducedp3_symbol_lam1_fixed_syncro_v1_rseed0.pth,symbol_lam1_fixed_syncro_v1,False,completed,5,5,1.241361
chua_orig_nint128_bs16_sig0.0_lr1e-03-1e-05_tfp0_ramp200_hLR1_m20_p10_seed21_minsym5_cand3_reducedp3_symbol_lam1_fixed_syncro_v1_rseed0,20,10,21,21,0,3,10,3,7,5,5,0;3;4;5;6;8;9,symbol,1.0,1.0,False,0.1,,,1.0,fixed_lambda1,1.0,0.1,False,readout,128,0.00,0.00,0.00,1.00,128,2000,16,200,200,0.0,0.0,0.001,1e-05,False,5,5.0,0.0,200,1.0,0.096839,1.4183,0.0125,4,0.037744,nan,models/chua_orig_nint128_bs16_sig0.0_lr1e-03-1e-05_tfp0_ramp200_hLR1_m20_p10_seed21_minsym5_cand3_reducedp3_symbol_lam1_fixed_syncro_v1_rseed0.pth,symbol_lam1_fixed_syncro_v1,False,completed,5,5,1.418279
chua_orig_nint128_bs16_sig0.0_lr1e-03-1e-05_tfp0_ramp200_hLR1_m20_p10_seed22_minsym5_cand0_reducedp3_symbol_lam1_fixed_syncro_v1_rseed0,20,10,22,22,0,0,10,3,7,5,5,0;2;3;4;5;7;8,symbol,1.0,1.0,False,0.1,,,1.0,fixed_lambda1,1.0,0.1,False,readout,128,0.00,0.00,0.00,1.00,128,2000,16,200,200,0.0,0.0,0.001,1e-05,False,5,5.0,0.0,200,1.0,0.740585,6.2779,0.0467,2,0.297079,nan,models/chua_orig_nint128_bs16_sig0.0_lr1e-03-1e-05_tfp0_ramp200_hLR1_m20_p10_seed22_minsym5_cand0_reducedp3_symbol_lam1_fixed_syncro_v1_rseed0.pth,symbol_lam1_fixed_syncro_v1,False,completed,3,5,6.277941
chua_orig_nint128_bs16_sig0.0_lr1e-03-1e-05_tfp0_ramp200_hLR1_m20_p10_seed22_minsym5_cand1_reducedp3_symbol_lam1_fixed_syncro_v1_rseed0,20,10,22,22,0,1,10,3,7,5,5,0;2;3;4;5;8;9,symbol,1.0,1.0,False,0.1,,,1.0,fixed_lambda1,1.0,0.1,False,readout,128,0.00,0.00,0.00,1.00,128,2000,16,200,200,0.0,0.0,0.001,1e-05,False,5,5.0,0.0,200,1.0,0.721524,6.3850,0.0485,2,0.310656,nan,models/chua_orig_nint128_bs16_sig0.0_lr1e-03-1e-05_tfp0_ramp200_hLR1_m20_p10_seed22_minsym5_cand1_reducedp3_symbol_lam1_fixed_syncro_v1_rseed0.pth,symbol_lam1_fixed_syncro_v1,False,completed,3,6,6.384995
chua_orig_nint128_bs16_sig0.0_lr1e-03-1e-05_tfp0_ramp200_hLR1_m20_p10_seed22_minsym5_cand2_reducedp3_symbol_lam1_fixed_syncro_v1_rseed0,20,10,22,22,0,2,10,3,7,5,5,0;2;3;4;7;8;9,symbol,1.0,1.0,False,0.1,,,1.0,fixed_lambda1,1.0,0.1,False,readout,128,0.00,0.00,0.00,1.00,128,2000,16,200,200,0.0,0.0,0.001,1e-05,False,5,5.0,0.0,200,1.0,0.162315,1.4349,0.0153,5,0.052108,nan,models/chua_orig_nint128_bs16_sig0.0_lr1e-03-1e-05_tfp0_ramp200_hLR1_m20_p10_seed22_minsym5_cand2_reducedp3_symbol_lam1_fixed_syncro_v1_rseed0.pth,symbol_lam1_fixed_syncro_v1,False,completed,5,5,1.434919
chua_orig_nint128_bs16_sig0.0_lr1e-03-1e-05_tfp0_ramp200_hLR1_m20_p10_seed22_minsym5_cand3_reducedp3_symbol_lam1_fixed_syncro_v1_rseed0,20,10,22,22,0,3,10,3,7,5,5,0;2;3;5;7;8;9,symbol,1.0,1.0,False,0.1,,,1.0,fixed_lambda1,1.0,0.1,False,readout,128,0.00,0.00,0.00,1.00,128,2000,16,200,200,0.0,0.0,0.001,1e-05,False,5,5.0,0.0,200,1.0,0.099052,1.4483,0.0127,5,0.036573,nan,models/chua_orig_nint128_bs16_sig0.0_lr1e-03-1e-05_tfp0_ramp200_hLR1_m20_p10_seed22_minsym5_cand3_reducedp3_symbol_lam1_fixed_syncro_v1_rseed0.pth,symbol_lam1_fixed_syncro_v1,False,completed,5,5,1.448276
chua_orig_nint128_bs16_sig0.0_lr1e-03-1e-05_tfp0_ramp200_hLR1_m20_p10_seed22_minsym5_cand4_reducedp3_symbol_lam1_fixed_syncro_v1_rseed0,20,10,22,22,0,4,10,3,7,5,5,0;2;4;5;7;8;9,symbol,1.0,1.0,False,0.1,,,1.0,fixed_lambda1,1.0,0.1,False,readout,128,0.00,0.00,0.00,1.00,128,2000,16,200,200,0.0,0.0,0.001,1e-05,False,5,5.0,0.0,200,1.0,0.085468,1.5600,0.0134,5,0.028532,nan,models/chua_orig_nint128_bs16_sig0.0_lr1e-03-1e-05_tfp0_ramp200_hLR1_m20_p10_seed22_minsym5_cand4_reducedp3_symbol_lam1_fixed_syncro_v1_rseed0.pth,symbol_lam1_fixed_syncro_v1,False,completed,5,5,1.559993
chua_orig_nint128_bs16_sig0.0_lr1e-03-1e-05_tfp0_ramp200_hLR1_m20_p10_seed22_minsym5_cand5_reducedp4_symbol_lam1_fixed_syncro_v1_rseed0,20,10,22,22,0,5,10,4,6,5,5,1;2;3;4;5;7,symbol,1.0,1.0,False,0.1,,,1.0,fixed_lambda1,1.0,0.1,False,readout,128,0.00,0.00,0.00,1.00,128,2000,16,200,200,0.0,0.0,0.001,1e-05,False,5,5.0,0.0,200,1.0,0.129614,1.3487,0.0124,5,0.033508,nan,models/chua_orig_nint128_bs16_sig0.0_lr1e-03-1e-05_tfp0_ramp200_hLR1_m20_p10_seed22_minsym5_cand5_reducedp4_symbol_lam1_fixed_syncro_v1_rseed0.pth,symbol_lam1_fixed_syncro_v1,False,completed,5,5,1.348714
chua_orig_nint128_bs16_sig0.0_lr1e-03-1e-05_tfp0_ramp200_hLR1_m20_p10_seed22_minsym5_cand6_reducedp4_symbol_lam1_fixed_syncro_v1_rseed0,20,10,22,22,0,6,10,4,6,5,5,1;2;3;4;7;9,symbol,1.0,1.0,False,0.1,,,1.0,fixed_lambda1,1.0,0.1,False,readout,128,0.00,0.00,0.00,1.00,128,2000,16,200,200,0.0,0.0,0.001,1e-05,False,5,5.0,0.0,200,1.0,0.152540,1.1766,0.0114,4,0.036236,nan,models/chua_orig_nint128_bs16_sig0.0_lr1e-03-1e-05_tfp0_ramp200_hLR1_m20_p10_seed22_minsym5_cand6_reducedp4_symbol_lam1_fixed_syncro_v1_rseed0.pth,symbol_lam1_fixed_syncro_v1,False,completed,5,5,1.176580
chua_orig_nint128_bs16_sig0.0_lr1e-03-1e-05_tfp0_ramp200_hLR1_m20_p10_seed22_minsym5_cand7_reducedp4_symbol_lam1_fixed_syncro_v1_rseed0,20,10,22,22,0,7,10,4,6,5,5,1;2;3;5;7;9,symbol,1.0,1.0,False,0.1,,,1.0,fixed_lambda1,1.0,0.1,False,readout,128,0.00,0.00,0.00,1.00,128,2000,16,200,200,0.0,0.0,0.001,1e-05,False,5,5.0,0.0,200,1.0,0.137609,1.3686,0.0062,5,0.039079,nan,models/chua_orig_nint128_bs16_sig0.0_lr1e-03-1e-05_tfp0_ramp200_hLR1_m20_p10_seed22_minsym5_cand7_reducedp4_symbol_lam1_fixed_syncro_v1_rseed0.pth,symbol_lam1_fixed_syncro_v1,False,completed,5,5,1.368569
chua_orig_nint128_bs16_sig0.0_lr1e-03-1e-05_tfp0_ramp200_hLR1_m20_p10_seed23_minsym5_cand0_reducedp3_symbol_lam1_fixed_syncro_v1_rseed0,20,10,23,23,0,0,10,3,7,5,5,0;1;3;4;6;7;9,symbol,1.0,1.0,False,0.1,,,1.0,fixed_lambda1,1.0,0.1,False,readout,128,0.00,0.00,0.00,1.00,128,2000,16,200,200,0.0,0.0,0.001,1e-05,False,5,5.0,0.0,200,1.0,0.792043,5.3004,0.0150,1,0.485941,nan,models/chua_orig_nint128_bs16_sig0.0_lr1e-03-1e-05_tfp0_ramp200_hLR1_m20_p10_seed23_minsym5_cand0_reducedp3_symbol_lam1_fixed_syncro_v1_rseed0.pth,symbol_lam1_fixed_syncro_v1,False,completed,3,6,5.300392
chua_orig_nint128_bs16_sig0.0_lr1e-03-1e-05_tfp0_ramp200_hLR1_m20_p10_seed23_minsym5_cand1_reducedp3_symbol_lam1_fixed_syncro_v1_rseed0,20,10,23,23,0,1,10,3,7,5,5,0;1;3;5;6;7;9,symbol,1.0,1.0,False,0.1,,,1.0,fixed_lambda1,1.0,0.1,False,readout,128,0.00,0.00,0.00,1.00,128,2000,16,200,200,0.0,0.0,0.001,1e-05,False,5,5.0,0.0,200,1.0,0.140406,1.3417,0.0076,5,0.034472,nan,models/chua_orig_nint128_bs16_sig0.0_lr1e-03-1e-05_tfp0_ramp200_hLR1_m20_p10_seed23_minsym5_cand1_reducedp3_symbol_lam1_fixed_syncro_v1_rseed0.pth,symbol_lam1_fixed_syncro_v1,False,completed,5,5,1.341685
chua_orig_nint128_bs16_sig0.0_lr1e-03-1e-05_tfp0_ramp200_hLR1_m20_p10_seed23_minsym5_cand2_reducedp3_symbol_lam1_fixed_syncro_v1_rseed0,20,10,23,23,0,2,10,3,7,5,5,0;1;4;5;6;7;9,symbol,1.0,1.0,False,0.1,,,1.0,fixed_lambda1,1.0,0.1,False,readout,128,0.00,0.00,0.00,1.00,128,2000,16,200,200,0.0,0.0,0.001,1e-05,False,5,5.0,0.0,200,1.0,0.114493,1.7138,0.0075,4,0.042353,nan,models/chua_orig_nint128_bs16_sig0.0_lr1e-03-1e-05_tfp0_ramp200_hLR1_m20_p10_seed23_minsym5_cand2_reducedp3_symbol_lam1_fixed_syncro_v1_rseed0.pth,symbol_lam1_fixed_syncro_v1,False,completed,5,5,1.713755
chua_orig_nint128_bs16_sig0.0_lr1e-03-1e-05_tfp0_ramp200_hLR1_m20_p10_seed24_minsym5_cand0_reducedp3_symbol_lam1_fixed_syncro_v1_rseed0,20,10,24,24,0,0,10,3,7,5,5,0;1;2;3;5;6;9,symbol,1.0,1.0,False,0.1,,,1.0,fixed_lambda1,1.0,0.1,False,readout,128,0.00,0.00,0.00,1.00,128,2000,16,200,200,0.0,0.0,0.001,1e-05,False,5,5.0,0.0,200,1.0,0.197589,1.3966,0.0108,5,0.051953,nan,models/chua_orig_nint128_bs16_sig0.0_lr1e-03-1e-05_tfp0_ramp200_hLR1_m20_p10_seed24_minsym5_cand0_reducedp3_symbol_lam1_fixed_syncro_v1_rseed0.pth,symbol_lam1_fixed_syncro_v1,False,completed,5,5,1.396624
chua_orig_nint128_bs16_sig0.0_lr1e-03-1e-05_tfp0_ramp200_hLR1_m20_p10_seed24_minsym5_cand1_reducedp3_symbol_lam1_fixed_syncro_v1_rseed0,20,10,24,24,0,1,10,3,7,5,5,0;1;2;3;5;8;9,symbol,1.0,1.0,False,0.1,,,1.0,fixed_lambda1,1.0,0.1,False,readout,128,0.00,0.00,0.00,1.00,128,2000,16,200,200,0.0,0.0,0.001,1e-05,False,5,5.0,0.0,200,1.0,0.212486,1.4047,0.0087,5,0.066032,nan,models/chua_orig_nint128_bs16_sig0.0_lr1e-03-1e-05_tfp0_ramp200_hLR1_m20_p10_seed24_minsym5_cand1_reducedp3_symbol_lam1_fixed_syncro_v1_rseed0.pth,symbol_lam1_fixed_syncro_v1,False,completed,5,5,1.404702
chua_orig_nint128_bs16_sig0.0_lr1e-03-1e-05_tfp0_ramp200_hLR1_m20_p10_seed24_minsym5_cand2_reducedp3_symbol_lam1_fixed_syncro_v1_rseed0,20,10,24,24,0,2,10,3,7,5,5,0;1;2;3;6;7;9,symbol,1.0,1.0,False,0.1,,,1.0,fixed_lambda1,1.0,0.1,False,readout,128,0.00,0.00,0.00,1.00,128,2000,16,200,200,0.0,0.0,0.001,1e-05,False,5,5.0,0.0,200,1.0,0.129742,1.5220,0.0155,5,0.059739,nan,models/chua_orig_nint128_bs16_sig0.0_lr1e-03-1e-05_tfp0_ramp200_hLR1_m20_p10_seed24_minsym5_cand2_reducedp3_symbol_lam1_fixed_syncro_v1_rseed0.pth,symbol_lam1_fixed_syncro_v1,False,completed,5,5,1.522040
chua_orig_nint128_bs16_sig0.0_lr1e-03-1e-05_tfp0_ramp200_hLR1_m20_p10_seed24_minsym5_cand3_reducedp3_symbol_lam1_fixed_syncro_v1_rseed0,20,10,24,24,0,3,10,3,7,5,5,0;1;2;3;7;8;9,symbol,1.0,1.0,False,0.1,,,1.0,fixed_lambda1,1.0,0.1,False,readout,128,0.00,0.00,0.00,1.00,128,2000,16,200,200,0.0,0.0,0.001,1e-05,False,5,5.0,0.0,200,1.0,0.121831,1.3557,0.0108,5,0.045831,nan,models/chua_orig_nint128_bs16_sig0.0_lr1e-03-1e-05_tfp0_ramp200_hLR1_m20_p10_seed24_minsym5_cand3_reducedp3_symbol_lam1_fixed_syncro_v1_rseed0.pth,symbol_lam1_fixed_syncro_v1,False,completed,5,5,1.355696
chua_orig_nint128_bs16_sig0.0_lr1e-03-1e-05_tfp0_ramp200_hLR1_m20_p10_seed24_minsym5_cand4_reducedp3_symbol_lam1_fixed_syncro_v1_rseed0,20,10,24,24,0,4,10,3,7,5,5,0;1;2;5;6;7;9,symbol,1.0,1.0,False,0.1,,,1.0,fixed_lambda1,1.0,0.1,False,readout,128,0.00,0.00,0.00,1.00,128,2000,16,200,200,0.0,0.0,0.001,1e-05,False,5,5.0,0.0,200,1.0,0.111444,1.3791,0.0094,4,0.040633,nan,models/chua_orig_nint128_bs16_sig0.0_lr1e-03-1e-05_tfp0_ramp200_hLR1_m20_p10_seed24_minsym5_cand4_reducedp3_symbol_lam1_fixed_syncro_v1_rseed0.pth,symbol_lam1_fixed_syncro_v1,False,completed,5,5,1.379051
chua_orig_nint128_bs16_sig0.0_lr1e-03-1e-05_tfp0_ramp200_hLR1_m20_p10_seed24_minsym5_cand5_reducedp3_symbol_lam1_fixed_syncro_v1_rseed0,20,10,24,24,0,5,10,3,7,5,5,0;1;2;5;7;8;9,symbol,1.0,1.0,False,0.1,,,1.0,fixed_lambda1,1.0,0.1,False,readout,128,0.00,0.00,0.00,1.00,128,2000,16,200,200,0.0,0.0,0.001,1e-05,False,5,5.0,0.0,200,1.0,0.117751,1.4031,0.0099,4,0.040321,nan,models/chua_orig_nint128_bs16_sig0.0_lr1e-03-1e-05_tfp0_ramp200_hLR1_m20_p10_seed24_minsym5_cand5_reducedp3_symbol_lam1_fixed_syncro_v1_rseed0.pth,symbol_lam1_fixed_syncro_v1,False,completed,5,5,1.403054
chua_orig_nint128_bs16_sig0.0_lr1e-03-1e-05_tfp0_ramp200_hLR1_m20_p10_seed24_minsym5_cand6_reducedp3_symbol_lam1_fixed_syncro_v1_rseed0,20,10,24,24,0,6,10,3,7,5,5,0;2;3;5;6;7;9,symbol,1.0,1.0,False,0.1,,,1.0,fixed_lambda1,1.0,0.1,False,readout,128,0.00,0.00,0.00,1.00,128,2000,16,200,200,0.0,0.0,0.001,1e-05,False,5,5.0,0.0,200,1.0,0.107110,1.4586,0.0142,5,0.048014,nan,models/chua_orig_nint128_bs16_sig0.0_lr1e-03-1e-05_tfp0_ramp200_hLR1_m20_p10_seed24_minsym5_cand6_reducedp3_symbol_lam1_fixed_syncro_v1_rseed0.pth,symbol_lam1_fixed_syncro_v1,False,completed,5,5,1.458603
chua_orig_nint128_bs16_sig0.0_lr1e-03-1e-05_tfp0_ramp200_hLR1_m20_p10_seed24_minsym5_cand7_reducedp3_symbol_lam1_fixed_syncro_v1_rseed0,20,10,24,24,0,7,10,3,7,5,5,0;2;3;5;7;8;9,symbol,1.0,1.0,False,0.1,,,1.0,fixed_lambda1,1.0,0.1,False,readout,128,0.00,0.00,0.00,1.00,128,2000,16,200,200,0.0,0.0,0.001,1e-05,False,5,5.0,0.0,200,1.0,0.115932,1.1785,0.0115,5,0.042277,nan,models/chua_orig_nint128_bs16_sig0.0_lr1e-03-1e-05_tfp0_ramp200_hLR1_m20_p10_seed24_minsym5_cand7_reducedp3_symbol_lam1_fixed_syncro_v1_rseed0.pth,symbol_lam1_fixed_syncro_v1,False,completed,5,5,1.178547
chua_orig_nint128_bs16_sig0.0_lr1e-03-1e-05_tfp0_ramp200_hLR1_m20_p10_seed25_minsym5_cand0_reducedp3_symbol_lam1_fixed_syncro_v1_rseed0,20,10,25,25,0,0,10,3,7,5,5,0;1;2;3;4;5;8,symbol,1.0,1.0,False,0.1,,,1.0,fixed_lambda1,1.0,0.1,False,readout,128,0.00,0.00,0.00,1.00,128,2000,16,200,200,0.0,0.0,0.001,1e-05,False,5,5.0,0.0,200,1.0,0.199218,1.3541,0.0200,5,0.037241,nan,models/chua_orig_nint128_bs16_sig0.0_lr1e-03-1e-05_tfp0_ramp200_hLR1_m20_p10_seed25_minsym5_cand0_reducedp3_symbol_lam1_fixed_syncro_v1_rseed0.pth,symbol_lam1_fixed_syncro_v1,False,completed,5,5,1.354104
chua_orig_nint128_bs16_sig0.0_lr1e-03-1e-05_tfp0_ramp200_hLR1_m20_p10_seed25_minsym5_cand1_reducedp3_symbol_lam1_fixed_syncro_v1_rseed0,20,10,25,25,0,1,10,3,7,5,5,0;1;2;3;4;8;9,symbol,1.0,1.0,False,0.1,,,1.0,fixed_lambda1,1.0,0.1,False,readout,128,0.00,0.00,0.00,1.00,128,2000,16,200,200,0.0,0.0,0.001,1e-05,False,5,5.0,0.0,200,1.0,0.289370,1.2807,0.0057,5,0.040991,nan,models/chua_orig_nint128_bs16_sig0.0_lr1e-03-1e-05_tfp0_ramp200_hLR1_m20_p10_seed25_minsym5_cand1_reducedp3_symbol_lam1_fixed_syncro_v1_rseed0.pth,symbol_lam1_fixed_syncro_v1,False,completed,5,5,1.280702
chua_orig_nint128_bs16_sig0.0_lr1e-03-1e-05_tfp0_ramp200_hLR1_m20_p10_seed25_minsym5_cand2_reducedp3_symbol_lam1_fixed_syncro_v1_rseed0,20,10,25,25,0,2,10,3,7,5,5,0;1;2;4;5;7;8,symbol,1.0,1.0,False,0.1,,,1.0,fixed_lambda1,1.0,0.1,False,readout,128,0.00,0.00,0.00,1.00,128,2000,16,200,200,0.0,0.0,0.001,1e-05,False,5,5.0,0.0,200,1.0,0.103580,1.6649,0.0174,4,0.025302,nan,models/chua_orig_nint128_bs16_sig0.0_lr1e-03-1e-05_tfp0_ramp200_hLR1_m20_p10_seed25_minsym5_cand2_reducedp3_symbol_lam1_fixed_syncro_v1_rseed0.pth,symbol_lam1_fixed_syncro_v1,False,completed,5,5,1.664950
chua_orig_nint128_bs16_sig0.0_lr1e-03-1e-05_tfp0_ramp200_hLR1_m20_p10_seed25_minsym5_cand3_reducedp3_symbol_lam1_fixed_syncro_v1_rseed0,20,10,25,25,0,3,10,3,7,5,5,0;1;2;4;7;8;9,symbol,1.0,1.0,False,0.1,,,1.0,fixed_lambda1,1.0,0.1,False,readout,128,0.00,0.00,0.00,1.00,128,2000,16,200,200,0.0,0.0,0.001,1e-05,False,5,5.0,0.0,200,1.0,0.206126,1.3988,0.0091,5,0.030301,nan,models/chua_orig_nint128_bs16_sig0.0_lr1e-03-1e-05_tfp0_ramp200_hLR1_m20_p10_seed25_minsym5_cand3_reducedp3_symbol_lam1_fixed_syncro_v1_rseed0.pth,symbol_lam1_fixed_syncro_v1,False,completed,5,5,1.398827
chua_orig_nint128_bs16_sig0.0_lr1e-03-1e-05_tfp0_ramp200_hLR1_m20_p10_seed25_minsym5_cand4_reducedp3_symbol_lam1_fixed_syncro_v1_rseed0,20,10,25,25,0,4,10,3,7,5,5,0;2;3;4;5;8;9,symbol,1.0,1.0,False,0.1,,,1.0,fixed_lambda1,1.0,0.1,False,readout,128,0.00,0.00,0.00,1.00,128,2000,16,200,200,0.0,0.0,0.001,1e-05,False,5,5.0,0.0,200,1.0,0.165556,1.5847,0.0151,3,0.024660,nan,models/chua_orig_nint128_bs16_sig0.0_lr1e-03-1e-05_tfp0_ramp200_hLR1_m20_p10_seed25_minsym5_cand4_reducedp3_symbol_lam1_fixed_syncro_v1_rseed0.pth,symbol_lam1_fixed_syncro_v1,False,completed,5,5,1.584679
chua_orig_nint128_bs16_sig0.0_lr1e-03-1e-05_tfp0_ramp200_hLR1_m20_p10_seed25_minsym5_cand5_reducedp3_symbol_lam1_fixed_syncro_v1_rseed0,20,10,25,25,0,5,10,3,7,5,5,0;2;4;5;7;8;9,symbol,1.0,1.0,False,0.1,,,1.0,fixed_lambda1,1.0,0.1,False,readout,128,0.00,0.00,0.00,1.00,128,2000,16,200,200,0.0,0.0,0.001,1e-05,False,5,5.0,0.0,200,1.0,0.081823,1.8441,0.0250,3,0.023355,nan,models/chua_orig_nint128_bs16_sig0.0_lr1e-03-1e-05_tfp0_ramp200_hLR1_m20_p10_seed25_minsym5_cand5_reducedp3_symbol_lam1_fixed_syncro_v1_rseed0.pth,symbol_lam1_fixed_syncro_v1,False,completed,5,5,1.844150
chua_orig_nint128_bs16_sig0.0_lr1e-03-1e-05_tfp0_ramp200_hLR1_m20_p10_seed25_minsym5_cand6_reducedp3_symbol_lam1_fixed_syncro_v1_rseed0,20,10,25,25,0,6,10,3,7,5,5,1;2;3;4;5;7;8,symbol,1.0,1.0,False,0.1,,,1.0,fixed_lambda1,1.0,0.1,False,readout,128,0.00,0.00,0.00,1.00,128,2000,16,200,200,0.0,0.0,0.001,1e-05,False,5,5.0,0.0,200,1.0,0.118141,1.6041,0.0127,4,0.037369,nan,models/chua_orig_nint128_bs16_sig0.0_lr1e-03-1e-05_tfp0_ramp200_hLR1_m20_p10_seed25_minsym5_cand6_reducedp3_symbol_lam1_fixed_syncro_v1_rseed0.pth,symbol_lam1_fixed_syncro_v1,False,completed,5,5,1.604063
chua_orig_nint128_bs16_sig0.0_lr1e-03-1e-05_tfp0_ramp200_hLR1_m20_p10_seed25_minsym5_cand7_reducedp3_symbol_lam1_fixed_syncro_v1_rseed0,20,10,25,25,0,7,10,3,7,5,5,1;2;3;4;7;8;9,symbol,1.0,1.0,False,0.1,,,1.0,fixed_lambda1,1.0,0.1,False,readout,128,0.00,0.00,0.00,1.00,128,2000,16,200,200,0.0,0.0,0.001,1e-05,False,5,5.0,0.0,200,1.0,0.213364,1.3489,0.0115,5,0.042959,nan,models/chua_orig_nint128_bs16_sig0.0_lr1e-03-1e-05_tfp0_ramp200_hLR1_m20_p10_seed25_minsym5_cand7_reducedp3_symbol_lam1_fixed_syncro_v1_rseed0.pth,symbol_lam1_fixed_syncro_v1,False,completed,5,5,1.348897
chua_orig_nint128_bs16_sig0.0_lr1e-03-1e-05_tfp0_ramp200_hLR1_m20_p10_seed25_minsym5_cand8_reducedp3_symbol_lam1_fixed_syncro_v1_rseed0,20,10,25,25,0,8,10,3,7,5,5,2;3;4;5;7;8;9,symbol,1.0,1.0,False,0.1,,,1.0,fixed_lambda1,1.0,0.1,False,readout,128,0.00,0.00,0.00,1.00,128,2000,16,200,200,0.0,0.0,0.001,1e-05,False,5,5.0,0.0,200,1.0,0.078956,1.7137,0.0261,4,0.020434,nan,models/chua_orig_nint128_bs16_sig0.0_lr1e-03-1e-05_tfp0_ramp200_hLR1_m20_p10_seed25_minsym5_cand8_reducedp3_symbol_lam1_fixed_syncro_v1_rseed0.pth,symbol_lam1_fixed_syncro_v1,False,completed,5,5,1.713675
chua_orig_nint128_bs16_sig0.0_lr1e-03-1e-05_tfp0_ramp200_hLR1_m20_p10_seed26_minsym5_cand0_reducedp3_symbol_lam1_fixed_syncro_v1_rseed0,20,10,26,26,0,0,10,3,7,5,5,0;1;2;4;5;7;9,symbol,1.0,1.0,False,0.1,,,1.0,fixed_lambda1,1.0,0.1,False,readout,128,0.00,0.00,0.00,1.00,128,2000,16,200,200,0.0,0.0,0.001,1e-05,False,5,5.0,0.0,200,1.0,0.205298,1.4887,0.0207,5,0.049066,nan,models/chua_orig_nint128_bs16_sig0.0_lr1e-03-1e-05_tfp0_ramp200_hLR1_m20_p10_seed26_minsym5_cand0_reducedp3_symbol_lam1_fixed_syncro_v1_rseed0.pth,symbol_lam1_fixed_syncro_v1,False,completed,5,6,1.488746
chua_orig_nint128_bs16_sig0.0_lr1e-03-1e-05_tfp0_ramp200_hLR1_m20_p10_seed26_minsym5_cand1_reducedp3_symbol_lam1_fixed_syncro_v1_rseed0,20,10,26,26,0,1,10,3,7,5,5,0;1;2;4;7;8;9,symbol,1.0,1.0,False,0.1,,,1.0,fixed_lambda1,1.0,0.1,False,readout,128,0.00,0.00,0.00,1.00,128,2000,16,200,200,0.0,0.0,0.001,1e-05,False,5,5.0,0.0,200,1.0,1.755282,2.6909,0.0264,3,1.100740,nan,models/chua_orig_nint128_bs16_sig0.0_lr1e-03-1e-05_tfp0_ramp200_hLR1_m20_p10_seed26_minsym5_cand1_reducedp3_symbol_lam1_fixed_syncro_v1_rseed0.pth,symbol_lam1_fixed_syncro_v1,False,completed,4,7,2.690915
chua_orig_nint128_bs16_sig0.0_lr1e-03-1e-05_tfp0_ramp200_hLR1_m20_p10_seed26_minsym5_cand2_reducedp3_symbol_lam1_fixed_syncro_v1_rseed0,20,10,26,26,0,2,10,3,7,5,5,0;1;4;5;6;7;9,symbol,1.0,1.0,False,0.1,,,1.0,fixed_lambda1,1.0,0.1,False,readout,128,0.00,0.00,0.00,1.00,128,2000,16,200,200,0.0,0.0,0.001,1e-05,False,5,5.0,0.0,200,1.0,0.162509,1.4398,0.0140,5,0.052172,nan,models/chua_orig_nint128_bs16_sig0.0_lr1e-03-1e-05_tfp0_ramp200_hLR1_m20_p10_seed26_minsym5_cand2_reducedp3_symbol_lam1_fixed_syncro_v1_rseed0.pth,symbol_lam1_fixed_syncro_v1,False,completed,5,5,1.439757
chua_orig_nint128_bs16_sig0.0_lr1e-03-1e-05_tfp0_ramp200_hLR1_m20_p10_seed26_minsym5_cand3_reducedp3_symbol_lam1_fixed_syncro_v1_rseed0,20,10,26,26,0,3,10,3,7,5,5,0;1;4;6;7;8;9,symbol,1.0,1.0,False,0.1,,,1.0,fixed_lambda1,1.0,0.1,False,readout,128,0.00,0.00,0.00,1.00,128,2000,16,200,200,0.0,0.0,0.001,1e-05,False,5,5.0,0.0,200,1.0,0.753160,3.1252,0.0370,2,0.157589,nan,models/chua_orig_nint128_bs16_sig0.0_lr1e-03-1e-05_tfp0_ramp200_hLR1_m20_p10_seed26_minsym5_cand3_reducedp3_symbol_lam1_fixed_syncro_v1_rseed0.pth,symbol_lam1_fixed_syncro_v1,False,completed,3,7,3.125162
chua_orig_nint128_bs16_sig0.0_lr1e-03-1e-05_tfp0_ramp200_hLR1_m20_p10_seed26_minsym5_cand4_reducedp3_symbol_lam1_fixed_syncro_v1_rseed0,20,10,26,26,0,4,10,3,7,5,5,0;2;3;4;5;6;9,symbol,1.0,1.0,False,0.1,,,1.0,fixed_lambda1,1.0,0.1,False,readout,128,0.00,0.00,0.00,1.00,128,2000,16,200,200,0.0,0.0,0.001,1e-05,False,5,5.0,0.0,200,1.0,0.210419,1.4961,0.0117,3,0.039498,nan,models/chua_orig_nint128_bs16_sig0.0_lr1e-03-1e-05_tfp0_ramp200_hLR1_m20_p10_seed26_minsym5_cand4_reducedp3_symbol_lam1_fixed_syncro_v1_rseed0.pth,symbol_lam1_fixed_syncro_v1,False,completed,5,6,1.496114
chua_orig_nint128_bs16_sig0.0_lr1e-03-1e-05_tfp0_ramp200_hLR1_m20_p10_seed26_minsym5_cand5_reducedp3_symbol_lam1_fixed_syncro_v1_rseed0,20,10,26,26,0,5,10,3,7,5,5,0;2;3;4;6;8;9,symbol,1.0,1.0,False,0.1,,,1.0,fixed_lambda1,1.0,0.1,False,readout,128,0.00,0.00,0.00,1.00,128,2000,16,200,200,0.0,0.0,0.001,1e-05,False,5,5.0,0.0,200,1.0,0.186302,2.3486,0.0092,3,0.044812,nan,models/chua_orig_nint128_bs16_sig0.0_lr1e-03-1e-05_tfp0_ramp200_hLR1_m20_p10_seed26_minsym5_cand5_reducedp3_symbol_lam1_fixed_syncro_v1_rseed0.pth,symbol_lam1_fixed_syncro_v1,False,completed,5,7,2.469905
chua_orig_nint128_bs16_sig0.0_lr1e-03-1e-05_tfp0_ramp200_hLR1_m20_p10_seed26_minsym5_cand6_reducedp3_symbol_lam1_fixed_syncro_v1_rseed0,20,10,26,26,0,6,10,3,7,5,5,1;2;4;5;7;8;9,symbol,1.0,1.0,False,0.1,,,1.0,fixed_lambda1,1.0,0.1,False,readout,128,0.00,0.00,0.00,1.00,128,2000,16,200,200,0.0,0.0,0.001,1e-05,False,5,5.0,0.0,200,1.0,0.139087,1.4263,0.0128,5,0.034808,nan,models/chua_orig_nint128_bs16_sig0.0_lr1e-03-1e-05_tfp0_ramp200_hLR1_m20_p10_seed26_minsym5_cand6_reducedp3_symbol_lam1_fixed_syncro_v1_rseed0.pth,symbol_lam1_fixed_syncro_v1,False,completed,5,5,1.426311
chua_orig_nint128_bs16_sig0.0_lr1e-03-1e-05_tfp0_ramp200_hLR1_m20_p10_seed26_minsym5_cand7_reducedp3_symbol_lam1_fixed_syncro_v1_rseed0,20,10,26,26,0,7,10,3,7,5,5,1;4;5;6;7;8;9,symbol,1.0,1.0,False,0.1,,,1.0,fixed_lambda1,1.0,0.1,False,readout,128,0.00,0.00,0.00,1.00,128,2000,16,200,200,0.0,0.0,0.001,1e-05,False,5,5.0,0.0,200,1.0,0.609231,2.3279,0.0326,2,0.159444,nan,models/chua_orig_nint128_bs16_sig0.0_lr1e-03-1e-05_tfp0_ramp200_hLR1_m20_p10_seed26_minsym5_cand7_reducedp3_symbol_lam1_fixed_syncro_v1_rseed0.pth,symbol_lam1_fixed_syncro_v1,False,completed,3,6,2.327869
chua_orig_nint128_bs16_sig0.0_lr1e-03-1e-05_tfp0_ramp200_hLR1_m20_p10_seed26_minsym5_cand8_reducedp3_symbol_lam1_fixed_syncro_v1_rseed0,20,10,26,26,0,8,10,3,7,5,5,2;3;4;5;6;8;9,symbol,1.0,1.0,False,0.1,,,1.0,fixed_lambda1,1.0,0.1,False,readout,128,0.00,0.00,0.00,1.00,128,2000,16,200,200,0.0,0.0,0.001,1e-05,False,5,5.0,0.0,200,1.0,0.124737,1.8368,0.0126,4,0.042004,nan,models/chua_orig_nint128_bs16_sig0.0_lr1e-03-1e-05_tfp0_ramp200_hLR1_m20_p10_seed26_minsym5_cand8_reducedp3_symbol_lam1_fixed_syncro_v1_rseed0.pth,symbol_lam1_fixed_syncro_v1,False,completed,5,5,1.836755
chua_orig_nint128_bs16_sig0.0_lr1e-03-1e-05_tfp0_ramp200_hLR1_m20_p10_seed27_minsym5_cand0_reducedp3_symbol_lam1_fixed_syncro_v1_rseed0,20,10,27,27,0,0,10,3,7,5,5,1;2;3;4;5;6;7,symbol,1.0,1.0,False,0.1,,,1.0,fixed_lambda1,1.0,0.1,False,readout,128,0.00,0.00,0.00,1.00,128,2000,16,200,200,0.0,0.0,0.001,1e-05,False,5,5.0,0.0,200,1.0,0.143319,1.4623,0.0081,5,0.038138,nan,models/chua_orig_nint128_bs16_sig0.0_lr1e-03-1e-05_tfp0_ramp200_hLR1_m20_p10_seed27_minsym5_cand0_reducedp3_symbol_lam1_fixed_syncro_v1_rseed0.pth,symbol_lam1_fixed_syncro_v1,False,completed,5,5,1.462348
chua_orig_nint128_bs16_sig0.0_lr1e-03-1e-05_tfp0_ramp200_hLR1_m20_p10_seed27_minsym5_cand1_reducedp3_symbol_lam1_fixed_syncro_v1_rseed0,20,10,27,27,0,1,10,3,7,5,5,1;2;3;4;5;7;8,symbol,1.0,1.0,False,0.1,,,1.0,fixed_lambda1,1.0,0.1,False,readout,128,0.00,0.00,0.00,1.00,128,2000,16,200,200,0.0,0.0,0.001,1e-05,False,5,5.0,0.0,200,1.0,205625487254758897672519680.000000,7.8835,nan,1,205625487254758897672519680.000000,nan,models/chua_orig_nint128_bs16_sig0.0_lr1e-03-1e-05_tfp0_ramp200_hLR1_m20_p10_seed27_minsym5_cand1_reducedp3_symbol_lam1_fixed_syncro_v1_rseed0.pth,symbol_lam1_fixed_syncro_v1,False,completed,1,1,7.883512
chua_orig_nint128_bs16_sig0.0_lr1e-03-1e-05_tfp0_ramp200_hLR1_m20_p10_seed27_minsym5_cand2_reducedp3_symbol_lam1_fixed_syncro_v1_rseed0,20,10,27,27,0,2,10,3,7,5,5,2;3;4;5;6;7;8,symbol,1.0,1.0,False,0.1,,,1.0,fixed_lambda1,1.0,0.1,False,readout,128,0.00,0.00,0.00,1.00,128,2000,16,200,200,0.0,0.0,0.001,1e-05,False,5,5.0,0.0,200,1.0,96228106993250726838272.000000,7.9747,nan,1,96228106993250726838272.000000,nan,models/chua_orig_nint128_bs16_sig0.0_lr1e-03-1e-05_tfp0_ramp200_hLR1_m20_p10_seed27_minsym5_cand2_reducedp3_symbol_lam1_fixed_syncro_v1_rseed0.pth,symbol_lam1_fixed_syncro_v1,False,completed,1,1,7.974668
chua_orig_nint128_bs16_sig0.0_lr1e-03-1e-05_tfp0_ramp200_hLR1_m20_p10_seed28_minsym5_cand0_reducedp3_symbol_lam1_fixed_syncro_v1_rseed0,20,10,28,28,0,0,10,3,7,5,5,0;1;2;3;5;6;9,symbol,1.0,1.0,False,0.1,,,1.0,fixed_lambda1,1.0,0.1,False,readout,128,0.00,0.00,0.00,1.00,128,2000,16,200,200,0.0,0.0,0.001,1e-05,False,5,5.0,0.0,200,1.0,0.130006,1.5004,0.0111,5,0.045949,nan,models/chua_orig_nint128_bs16_sig0.0_lr1e-03-1e-05_tfp0_ramp200_hLR1_m20_p10_seed28_minsym5_cand0_reducedp3_symbol_lam1_fixed_syncro_v1_rseed0.pth,symbol_lam1_fixed_syncro_v1,False,completed,5,5,1.500443
chua_orig_nint128_bs16_sig0.0_lr1e-03-1e-05_tfp0_ramp200_hLR1_m20_p10_seed28_minsym5_cand1_reducedp3_symbol_lam1_fixed_syncro_v1_rseed0,20,10,28,28,0,1,10,3,7,5,5,0;1;2;3;6;7;9,symbol,1.0,1.0,False,0.1,,,1.0,fixed_lambda1,1.0,0.1,False,readout,128,0.00,0.00,0.00,1.00,128,2000,16,200,200,0.0,0.0,0.001,1e-05,False,5,5.0,0.0,200,1.0,0.129719,1.7427,0.0122,5,0.055392,nan,models/chua_orig_nint128_bs16_sig0.0_lr1e-03-1e-05_tfp0_ramp200_hLR1_m20_p10_seed28_minsym5_cand1_reducedp3_symbol_lam1_fixed_syncro_v1_rseed0.pth,symbol_lam1_fixed_syncro_v1,False,completed,5,5,1.742658
chua_orig_nint128_bs16_sig0.0_lr1e-03-1e-05_tfp0_ramp200_hLR1_m20_p10_seed28_minsym5_cand2_reducedp3_symbol_lam1_fixed_syncro_v1_rseed0,20,10,28,28,0,2,10,3,7,5,5,0;1;2;5;6;7;9,symbol,1.0,1.0,False,0.1,,,1.0,fixed_lambda1,1.0,0.1,False,readout,128,0.00,0.00,0.00,1.00,128,2000,16,200,200,0.0,0.0,0.001,1e-05,False,5,5.0,0.0,200,1.0,0.213819,1.5015,0.0097,5,0.060537,nan,models/chua_orig_nint128_bs16_sig0.0_lr1e-03-1e-05_tfp0_ramp200_hLR1_m20_p10_seed28_minsym5_cand2_reducedp3_symbol_lam1_fixed_syncro_v1_rseed0.pth,symbol_lam1_fixed_syncro_v1,False,completed,5,5,1.501493
chua_orig_nint128_bs16_sig0.0_lr1e-03-1e-05_tfp0_ramp200_hLR1_m20_p10_seed29_minsym5_cand0_reducedp3_symbol_lam1_fixed_syncro_v1_rseed0,20,10,29,29,0,0,10,3,7,5,5,0;1;2;3;5;8;9,symbol,1.0,1.0,False,0.1,,,1.0,fixed_lambda1,1.0,0.1,False,readout,128,0.00,0.00,0.00,1.00,128,2000,16,200,200,0.0,0.0,0.001,1e-05,False,5,5.0,0.0,200,1.0,0.158196,1.3054,0.0119,4,0.038879,nan,models/chua_orig_nint128_bs16_sig0.0_lr1e-03-1e-05_tfp0_ramp200_hLR1_m20_p10_seed29_minsym5_cand0_reducedp3_symbol_lam1_fixed_syncro_v1_rseed0.pth,symbol_lam1_fixed_syncro_v1,False,completed,5,5,1.305384
chua_orig_nint128_bs16_sig0.0_lr1e-03-1e-05_tfp0_ramp200_hLR1_m20_p10_seed29_minsym5_cand1_reducedp3_symbol_lam1_fixed_syncro_v1_rseed0,20,10,29,29,0,1,10,3,7,5,5,0;1;2;3;6;8;9,symbol,1.0,1.0,False,0.1,,,1.0,fixed_lambda1,1.0,0.1,False,readout,128,0.00,0.00,0.00,1.00,128,2000,16,200,200,0.0,0.0,0.001,1e-05,False,5,5.0,0.0,200,1.0,0.121183,1.3232,0.0086,5,0.050239,nan,models/chua_orig_nint128_bs16_sig0.0_lr1e-03-1e-05_tfp0_ramp200_hLR1_m20_p10_seed29_minsym5_cand1_reducedp3_symbol_lam1_fixed_syncro_v1_rseed0.pth,symbol_lam1_fixed_syncro_v1,False,completed,5,5,1.323200
chua_orig_nint128_bs16_sig0.0_lr1e-03-1e-05_tfp0_ramp200_hLR1_m20_p10_seed29_minsym5_cand2_reducedp3_symbol_lam1_fixed_syncro_v1_rseed0,20,10,29,29,0,2,10,3,7,5,5,1;2;3;5;6;8;9,symbol,1.0,1.0,False,0.1,,,1.0,fixed_lambda1,1.0,0.1,False,readout,128,0.00,0.00,0.00,1.00,128,2000,16,200,200,0.0,0.0,0.001,1e-05,False,5,5.0,0.0,200,1.0,0.092419,1.4368,0.0140,5,0.025723,nan,models/chua_orig_nint128_bs16_sig0.0_lr1e-03-1e-05_tfp0_ramp200_hLR1_m20_p10_seed29_minsym5_cand2_reducedp3_symbol_lam1_fixed_syncro_v1_rseed0.pth,symbol_lam1_fixed_syncro_v1,False,completed,5,5,1.436772
chua_orig_nint128_bs16_sig0.0_lr1e-03-1e-05_tfp0_ramp200_hLR1_m20_p10_seed0_minsym5_cand0_reducedp3_full_coordeq_fixed_syncfull_v1_rseed0,20,10,0,0,0,0,10,3,7,5,5,0;1;3;4;5;7;9,full_preactivation,5.666666666666667,,False,0.1,,,5.666666666666667,coord_equal_fixed,(M - N) / N,0.1,False,full,128,0.00,0.00,0.00,1.00,128,2000,16,200,200,0.0,0.0,0.001,1e-05,False,5,5.0,0.0,200,1.0,0.025516,1.1966,0.0069,5,0.010816,nan,models/chua_orig_nint128_bs16_sig0.0_lr1e-03-1e-05_tfp0_ramp200_hLR1_m20_p10_seed0_minsym5_cand0_reducedp3_full_coordeq_fixed_syncfull_v1_rseed0.pth,full_coordeq_fixed_syncfull_v1,False,completed,5,5,1.196589
chua_orig_nint128_bs16_sig0.0_lr1e-03-1e-05_tfp0_ramp200_hLR1_m20_p10_seed2_minsym5_cand0_reducedp3_full_coordeq_fixed_syncfull_v1_rseed0,20,10,2,2,0,0,10,3,7,5,5,2;4;5;6;7;8;9,full_preactivation,5.666666666666667,,False,0.1,,,5.666666666666667,coord_equal_fixed,(M - N) / N,0.1,False,full,128,0.00,0.00,0.00,1.00,128,2000,16,200,200,0.0,0.0,0.001,1e-05,False,5,5.0,0.0,200,1.0,0.037891,1.3083,0.0107,5,0.018577,nan,models/chua_orig_nint128_bs16_sig0.0_lr1e-03-1e-05_tfp0_ramp200_hLR1_m20_p10_seed2_minsym5_cand0_reducedp3_full_coordeq_fixed_syncfull_v1_rseed0.pth,full_coordeq_fixed_syncfull_v1,False,completed,5,5,1.308340
chua_orig_nint128_bs16_sig0.0_lr1e-03-1e-05_tfp0_ramp200_hLR1_m20_p10_seed3_minsym5_cand0_reducedp3_full_coordeq_fixed_syncfull_v1_rseed0,20,10,3,3,0,0,10,3,7,5,5,0;1;2;3;4;5;8,full_preactivation,5.666666666666667,,False,0.1,,,5.666666666666667,coord_equal_fixed,(M - N) / N,0.1,False,full,128,0.00,0.00,0.00,1.00,128,2000,16,200,200,0.0,0.0,0.001,1e-05,False,5,5.0,0.0,200,1.0,0.030822,1.1617,0.0102,5,0.012652,nan,models/chua_orig_nint128_bs16_sig0.0_lr1e-03-1e-05_tfp0_ramp200_hLR1_m20_p10_seed3_minsym5_cand0_reducedp3_full_coordeq_fixed_syncfull_v1_rseed0.pth,full_coordeq_fixed_syncfull_v1,False,completed,5,5,1.161662
chua_orig_nint128_bs16_sig0.0_lr1e-03-1e-05_tfp0_ramp200_hLR1_m20_p10_seed3_minsym5_cand1_reducedp3_full_coordeq_fixed_syncfull_v1_rseed0,20,10,3,3,0,1,10,3,7,5,5,0;1;2;3;4;6;8,full_preactivation,5.666666666666667,,False,0.1,,,5.666666666666667,coord_equal_fixed,(M - N) / N,0.1,False,full,128,0.00,0.00,0.00,1.00,128,2000,16,200,200,0.0,0.0,0.001,1e-05,False,5,5.0,0.0,200,1.0,0.035041,1.1702,0.0084,5,0.016710,nan,models/chua_orig_nint128_bs16_sig0.0_lr1e-03-1e-05_tfp0_ramp200_hLR1_m20_p10_seed3_minsym5_cand1_reducedp3_full_coordeq_fixed_syncfull_v1_rseed0.pth,full_coordeq_fixed_syncfull_v1,False,completed,5,5,1.170232
chua_orig_nint128_bs16_sig0.0_lr1e-03-1e-05_tfp0_ramp200_hLR1_m20_p10_seed3_minsym5_cand2_reducedp3_full_coordeq_fixed_syncfull_v1_rseed0,20,10,3,3,0,2,10,3,7,5,5,0;1;3;4;5;7;8,full_preactivation,5.666666666666667,,False,0.1,,,5.666666666666667,coord_equal_fixed,(M - N) / N,0.1,False,full,128,0.00,0.00,0.00,1.00,128,2000,16,200,200,0.0,0.0,0.001,1e-05,False,5,5.0,0.0,200,1.0,0.023214,1.0704,0.0116,5,0.011124,nan,models/chua_orig_nint128_bs16_sig0.0_lr1e-03-1e-05_tfp0_ramp200_hLR1_m20_p10_seed3_minsym5_cand2_reducedp3_full_coordeq_fixed_syncfull_v1_rseed0.pth,full_coordeq_fixed_syncfull_v1,False,completed,5,5,1.070387
chua_orig_nint128_bs16_sig0.0_lr1e-03-1e-05_tfp0_ramp200_hLR1_m20_p10_seed3_minsym5_cand3_reducedp3_full_coordeq_fixed_syncfull_v1_rseed0,20,10,3,3,0,3,10,3,7,5,5,0;1;3;4;6;7;8,full_preactivation,5.666666666666667,,False,0.1,,,5.666666666666667,coord_equal_fixed,(M - N) / N,0.1,False,full,128,0.00,0.00,0.00,1.00,128,2000,16,200,200,0.0,0.0,0.001,1e-05,False,5,5.0,0.0,200,1.0,0.020879,1.0960,0.0102,5,0.010273,nan,models/chua_orig_nint128_bs16_sig0.0_lr1e-03-1e-05_tfp0_ramp200_hLR1_m20_p10_seed3_minsym5_cand3_reducedp3_full_coordeq_fixed_syncfull_v1_rseed0.pth,full_coordeq_fixed_syncfull_v1,False,completed,5,5,1.095979
chua_orig_nint128_bs16_sig0.0_lr1e-03-1e-05_tfp0_ramp200_hLR1_m20_p10_seed4_minsym5_cand0_reducedp3_full_coordeq_fixed_syncfull_v1_rseed0,20,10,4,4,0,0,10,3,7,5,5,0;1;2;3;4;5;8,full_preactivation,5.666666666666667,,False,0.1,,,5.666666666666667,coord_equal_fixed,(M - N) / N,0.1,False,full,128,0.00,0.00,0.00,1.00,128,2000,16,200,200,0.0,0.0,0.001,1e-05,False,5,5.0,0.0,200,1.0,0.594359,2.5287,0.0083,3,0.300422,nan,models/chua_orig_nint128_bs16_sig0.0_lr1e-03-1e-05_tfp0_ramp200_hLR1_m20_p10_seed4_minsym5_cand0_reducedp3_full_coordeq_fixed_syncfull_v1_rseed0.pth,full_coordeq_fixed_syncfull_v1,False,completed,4,6,2.528680
chua_orig_nint128_bs16_sig0.0_lr1e-03-1e-05_tfp0_ramp200_hLR1_m20_p10_seed4_minsym5_cand1_reducedp3_full_coordeq_fixed_syncfull_v1_rseed0,20,10,4,4,0,1,10,3,7,5,5,0;1;4;6;7;8;9,full_preactivation,5.666666666666667,,False,0.1,,,5.666666666666667,coord_equal_fixed,(M - N) / N,0.1,False,full,128,0.00,0.00,0.00,1.00,128,2000,16,200,200,0.0,0.0,0.001,1e-05,False,5,5.0,0.0,200,1.0,0.443089,2.2472,0.0078,4,0.175359,nan,models/chua_orig_nint128_bs16_sig0.0_lr1e-03-1e-05_tfp0_ramp200_hLR1_m20_p10_seed4_minsym5_cand1_reducedp3_full_coordeq_fixed_syncfull_v1_rseed0.pth,full_coordeq_fixed_syncfull_v1,False,completed,4,6,2.247221
chua_orig_nint128_bs16_sig0.0_lr1e-03-1e-05_tfp0_ramp200_hLR1_m20_p10_seed4_minsym5_cand2_reducedp3_full_coordeq_fixed_syncfull_v1_rseed0,20,10,4,4,0,2,10,3,7,5,5,1;2;3;4;5;6;8,full_preactivation,5.666666666666667,,False,0.1,,,5.666666666666667,coord_equal_fixed,(M - N) / N,0.1,False,full,128,0.00,0.00,0.00,1.00,128,2000,16,200,200,0.0,0.0,0.001,1e-05,False,5,5.0,0.0,200,1.0,0.109860,1.2136,0.0089,5,0.052325,nan,models/chua_orig_nint128_bs16_sig0.0_lr1e-03-1e-05_tfp0_ramp200_hLR1_m20_p10_seed4_minsym5_cand2_reducedp3_full_coordeq_fixed_syncfull_v1_rseed0.pth,full_coordeq_fixed_syncfull_v1,False,completed,5,5,1.213644
chua_orig_nint128_bs16_sig0.0_lr1e-03-1e-05_tfp0_ramp200_hLR1_m20_p10_seed4_minsym5_cand3_reducedp3_full_coordeq_fixed_syncfull_v1_rseed0,20,10,4,4,0,3,10,3,7,5,5,1;2;3;4;5;7;8,full_preactivation,5.666666666666667,,False,0.1,,,5.666666666666667,coord_equal_fixed,(M - N) / N,0.1,False,full,128,0.00,0.00,0.00,1.00,128,2000,16,200,200,0.0,0.0,0.001,1e-05,False,5,5.0,0.0,200,1.0,0.296208,2.3193,0.0110,4,0.081990,nan,models/chua_orig_nint128_bs16_sig0.0_lr1e-03-1e-05_tfp0_ramp200_hLR1_m20_p10_seed4_minsym5_cand3_reducedp3_full_coordeq_fixed_syncfull_v1_rseed0.pth,full_coordeq_fixed_syncfull_v1,False,completed,4,7,2.319282
chua_orig_nint128_bs16_sig0.0_lr1e-03-1e-05_tfp0_ramp200_hLR1_m20_p10_seed6_minsym5_cand0_reducedp4_full_coordeq_fixed_syncfull_v1_rseed0,20,10,6,6,0,0,10,4,6,5,5,0;1;2;4;5;9,full_preactivation,5.666666666666667,,False,0.1,,,5.666666666666667,coord_equal_fixed,(M - N) / N,0.1,False,full,128,0.00,0.00,0.00,1.00,128,2000,16,200,200,0.0,0.0,0.001,1e-05,False,5,5.0,0.0,200,1.0,0.048871,1.3637,0.0058,5,0.031125,nan,models/chua_orig_nint128_bs16_sig0.0_lr1e-03-1e-05_tfp0_ramp200_hLR1_m20_p10_seed6_minsym5_cand0_reducedp4_full_coordeq_fixed_syncfull_v1_rseed0.pth,full_coordeq_fixed_syncfull_v1,False,completed,5,5,1.363740
chua_orig_nint128_bs16_sig0.0_lr1e-03-1e-05_tfp0_ramp200_hLR1_m20_p10_seed6_minsym5_cand1_reducedp4_full_coordeq_fixed_syncfull_v1_rseed0,20,10,6,6,0,1,10,4,6,5,5,0;1;2;4;7;9,full_preactivation,5.666666666666667,,False,0.1,,,5.666666666666667,coord_equal_fixed,(M - N) / N,0.1,False,full,128,0.00,0.00,0.00,1.00,128,2000,16,200,200,0.0,0.0,0.001,1e-05,False,5,5.0,0.0,200,1.0,0.295760,4.1280,0.0091,3,0.112075,nan,models/chua_orig_nint128_bs16_sig0.0_lr1e-03-1e-05_tfp0_ramp200_hLR1_m20_p10_seed6_minsym5_cand1_reducedp4_full_coordeq_fixed_syncfull_v1_rseed0.pth,full_coordeq_fixed_syncfull_v1,False,completed,4,14,6.832314
chua_orig_nint128_bs16_sig0.0_lr1e-03-1e-05_tfp0_ramp200_hLR1_m20_p10_seed6_minsym5_cand2_reducedp4_full_coordeq_fixed_syncfull_v1_rseed0,20,10,6,6,0,2,10,4,6,5,5,0;1;2;5;7;9,full_preactivation,5.666666666666667,,False,0.1,,,5.666666666666667,coord_equal_fixed,(M - N) / N,0.1,False,full,128,0.00,0.00,0.00,1.00,128,2000,16,200,200,0.0,0.0,0.001,1e-05,False,5,5.0,0.0,200,1.0,0.027705,1.2967,0.0080,5,0.012007,nan,models/chua_orig_nint128_bs16_sig0.0_lr1e-03-1e-05_tfp0_ramp200_hLR1_m20_p10_seed6_minsym5_cand2_reducedp4_full_coordeq_fixed_syncfull_v1_rseed0.pth,full_coordeq_fixed_syncfull_v1,False,completed,5,5,1.296670
chua_orig_nint128_bs16_sig0.0_lr1e-03-1e-05_tfp0_ramp200_hLR1_m20_p10_seed6_minsym5_cand3_reducedp4_full_coordeq_fixed_syncfull_v1_rseed0,20,10,6,6,0,3,10,4,6,5,5,0;1;4;5;8;9,full_preactivation,5.666666666666667,,False,0.1,,,5.666666666666667,coord_equal_fixed,(M - N) / N,0.1,False,full,128,0.00,0.00,0.00,1.00,128,2000,16,200,200,0.0,0.0,0.001,1e-05,False,5,5.0,0.0,200,1.0,0.041632,1.3022,0.0091,5,0.025367,nan,models/chua_orig_nint128_bs16_sig0.0_lr1e-03-1e-05_tfp0_ramp200_hLR1_m20_p10_seed6_minsym5_cand3_reducedp4_full_coordeq_fixed_syncfull_v1_rseed0.pth,full_coordeq_fixed_syncfull_v1,False,completed,5,5,1.302233
chua_orig_nint128_bs16_sig0.0_lr1e-03-1e-05_tfp0_ramp200_hLR1_m20_p10_seed6_minsym5_cand4_reducedp4_full_coordeq_fixed_syncfull_v1_rseed0,20,10,6,6,0,4,10,4,6,5,5,0;1;4;7;8;9,full_preactivation,5.666666666666667,,False,0.1,,,5.666666666666667,coord_equal_fixed,(M - N) / N,0.1,False,full,128,0.00,0.00,0.00,1.00,128,2000,16,200,200,0.0,0.0,0.001,1e-05,False,5,5.0,0.0,200,1.0,0.056730,1.3663,0.0096,5,0.025540,nan,models/chua_orig_nint128_bs16_sig0.0_lr1e-03-1e-05_tfp0_ramp200_hLR1_m20_p10_seed6_minsym5_cand4_reducedp4_full_coordeq_fixed_syncfull_v1_rseed0.pth,full_coordeq_fixed_syncfull_v1,False,completed,5,7,1.366285
chua_orig_nint128_bs16_sig0.0_lr1e-03-1e-05_tfp0_ramp200_hLR1_m20_p10_seed6_minsym5_cand5_reducedp4_full_coordeq_fixed_syncfull_v1_rseed0,20,10,6,6,0,5,10,4,6,5,5,0;1;5;7;8;9,full_preactivation,5.666666666666667,,False,0.1,,,5.666666666666667,coord_equal_fixed,(M - N) / N,0.1,False,full,128,0.00,0.00,0.00,1.00,128,2000,16,200,200,0.0,0.0,0.001,1e-05,False,5,5.0,0.0,200,1.0,0.022097,1.2423,0.0054,5,0.009088,nan,models/chua_orig_nint128_bs16_sig0.0_lr1e-03-1e-05_tfp0_ramp200_hLR1_m20_p10_seed6_minsym5_cand5_reducedp4_full_coordeq_fixed_syncfull_v1_rseed0.pth,full_coordeq_fixed_syncfull_v1,False,completed,5,5,1.242263
chua_orig_nint128_bs16_sig0.0_lr1e-03-1e-05_tfp0_ramp200_hLR1_m20_p10_seed6_minsym5_cand6_reducedp4_full_coordeq_fixed_syncfull_v1_rseed0,20,10,6,6,0,6,10,4,6,5,5,0;2;4;5;7;9,full_preactivation,5.666666666666667,,False,0.1,,,5.666666666666667,coord_equal_fixed,(M - N) / N,0.1,False,full,128,0.00,0.00,0.00,1.00,128,2000,16,200,200,0.0,0.0,0.001,1e-05,False,5,5.0,0.0,200,1.0,0.128321,1.4773,0.0098,4,0.036679,nan,models/chua_orig_nint128_bs16_sig0.0_lr1e-03-1e-05_tfp0_ramp200_hLR1_m20_p10_seed6_minsym5_cand6_reducedp4_full_coordeq_fixed_syncfull_v1_rseed0.pth,full_coordeq_fixed_syncfull_v1,False,completed,4,12,1.477282
chua_orig_nint128_bs16_sig0.0_lr1e-03-1e-05_tfp0_ramp200_hLR1_m20_p10_seed6_minsym5_cand7_reducedp4_full_coordeq_fixed_syncfull_v1_rseed0,20,10,6,6,0,7,10,4,6,5,5,0;4;5;7;8;9,full_preactivation,5.666666666666667,,False,0.1,,,5.666666666666667,coord_equal_fixed,(M - N) / N,0.1,False,full,128,0.00,0.00,0.00,1.00,128,2000,16,200,200,0.0,0.0,0.001,1e-05,False,5,5.0,0.0,200,1.0,0.041542,1.3343,0.0074,5,0.018123,nan,models/chua_orig_nint128_bs16_sig0.0_lr1e-03-1e-05_tfp0_ramp200_hLR1_m20_p10_seed6_minsym5_cand7_reducedp4_full_coordeq_fixed_syncfull_v1_rseed0.pth,full_coordeq_fixed_syncfull_v1,False,completed,5,6,1.334284
chua_orig_nint128_bs16_sig0.0_lr1e-03-1e-05_tfp0_ramp200_hLR1_m20_p10_seed6_minsym5_cand8_reducedp4_full_coordeq_fixed_syncfull_v1_rseed0,20,10,6,6,0,8,10,4,6,5,5,1;2;4;5;8;9,full_preactivation,5.666666666666667,,False,0.1,,,5.666666666666667,coord_equal_fixed,(M - N) / N,0.1,False,full,128,0.00,0.00,0.00,1.00,128,2000,16,200,200,0.0,0.0,0.001,1e-05,False,5,5.0,0.0,200,1.0,0.042751,1.3724,0.0064,5,0.029338,nan,models/chua_orig_nint128_bs16_sig0.0_lr1e-03-1e-05_tfp0_ramp200_hLR1_m20_p10_seed6_minsym5_cand8_reducedp4_full_coordeq_fixed_syncfull_v1_rseed0.pth,full_coordeq_fixed_syncfull_v1,False,completed,5,5,1.372382
chua_orig_nint128_bs16_sig0.0_lr1e-03-1e-05_tfp0_ramp200_hLR1_m20_p10_seed6_minsym5_cand9_reducedp4_full_coordeq_fixed_syncfull_v1_rseed0,20,10,6,6,0,9,10,4,6,5,5,1;2;4;7;8;9,full_preactivation,5.666666666666667,,False,0.1,,,5.666666666666667,coord_equal_fixed,(M - N) / N,0.1,False,full,128,0.00,0.00,0.00,1.00,128,2000,16,200,200,0.0,0.0,0.001,1e-05,False,5,5.0,0.0,200,1.0,0.296727,2.2379,0.0086,4,0.215023,nan,models/chua_orig_nint128_bs16_sig0.0_lr1e-03-1e-05_tfp0_ramp200_hLR1_m20_p10_seed6_minsym5_cand9_reducedp4_full_coordeq_fixed_syncfull_v1_rseed0.pth,full_coordeq_fixed_syncfull_v1,False,completed,5,11,3.553286
chua_orig_nint128_bs16_sig0.0_lr1e-03-1e-05_tfp0_ramp200_hLR1_m20_p10_seed6_minsym5_cand10_reducedp4_full_coordeq_fixed_syncfull_v1_rseed0,20,10,6,6,0,10,10,4,6,5,5,1;2;5;7;8;9,full_preactivation,5.666666666666667,,False,0.1,,,5.666666666666667,coord_equal_fixed,(M - N) / N,0.1,False,full,128,0.00,0.00,0.00,1.00,128,2000,16,200,200,0.0,0.0,0.001,1e-05,False,5,5.0,0.0,200,1.0,0.022747,1.3196,0.0049,5,0.010749,nan,models/chua_orig_nint128_bs16_sig0.0_lr1e-03-1e-05_tfp0_ramp200_hLR1_m20_p10_seed6_minsym5_cand10_reducedp4_full_coordeq_fixed_syncfull_v1_rseed0.pth,full_coordeq_fixed_syncfull_v1,False,completed,5,5,1.319589
chua_orig_nint128_bs16_sig0.0_lr1e-03-1e-05_tfp0_ramp200_hLR1_m20_p10_seed6_minsym5_cand11_reducedp4_full_coordeq_fixed_syncfull_v1_rseed0,20,10,6,6,0,11,10,4,6,5,5,2;4;5;7;8;9,full_preactivation,5.666666666666667,,False,0.1,,,5.666666666666667,coord_equal_fixed,(M - N) / N,0.1,False,full,128,0.00,0.00,0.00,1.00,128,2000,16,200,200,0.0,0.0,0.001,1e-05,False,5,5.0,0.0,200,1.0,0.165459,2.0924,0.0083,4,0.106151,nan,models/chua_orig_nint128_bs16_sig0.0_lr1e-03-1e-05_tfp0_ramp200_hLR1_m20_p10_seed6_minsym5_cand11_reducedp4_full_coordeq_fixed_syncfull_v1_rseed0.pth,full_coordeq_fixed_syncfull_v1,False,completed,5,8,2.092353
chua_orig_nint128_bs16_sig0.0_lr1e-03-1e-05_tfp0_ramp200_hLR1_m20_p10_seed7_minsym5_cand0_reducedp3_full_coordeq_fixed_syncfull_v1_rseed0,20,10,7,7,0,0,10,3,7,5,5,0;1;2;4;5;7;9,full_preactivation,5.666666666666667,,False,0.1,,,5.666666666666667,coord_equal_fixed,(M - N) / N,0.1,False,full,128,0.00,0.00,0.00,1.00,128,2000,16,200,200,0.0,0.0,0.001,1e-05,False,5,5.0,0.0,200,1.0,0.016695,1.2174,0.0170,5,0.007504,nan,models/chua_orig_nint128_bs16_sig0.0_lr1e-03-1e-05_tfp0_ramp200_hLR1_m20_p10_seed7_minsym5_cand0_reducedp3_full_coordeq_fixed_syncfull_v1_rseed0.pth,full_coordeq_fixed_syncfull_v1,False,completed,5,5,1.217360
chua_orig_nint128_bs16_sig0.0_lr1e-03-1e-05_tfp0_ramp200_hLR1_m20_p10_seed7_minsym5_cand1_reducedp3_full_coordeq_fixed_syncfull_v1_rseed0,20,10,7,7,0,1,10,3,7,5,5,0;1;4;5;6;7;9,full_preactivation,5.666666666666667,,False,0.1,,,5.666666666666667,coord_equal_fixed,(M - N) / N,0.1,False,full,128,0.00,0.00,0.00,1.00,128,2000,16,200,200,0.0,0.0,0.001,1e-05,False,5,5.0,0.0,200,1.0,0.019721,1.1859,0.0049,5,0.008810,nan,models/chua_orig_nint128_bs16_sig0.0_lr1e-03-1e-05_tfp0_ramp200_hLR1_m20_p10_seed7_minsym5_cand1_reducedp3_full_coordeq_fixed_syncfull_v1_rseed0.pth,full_coordeq_fixed_syncfull_v1,False,completed,5,5,1.185869
chua_orig_nint128_bs16_sig0.0_lr1e-03-1e-05_tfp0_ramp200_hLR1_m20_p10_seed7_minsym5_cand2_reducedp3_full_coordeq_fixed_syncfull_v1_rseed0,20,10,7,7,0,2,10,3,7,5,5,1;2;4;5;7;8;9,full_preactivation,5.666666666666667,,False,0.1,,,5.666666666666667,coord_equal_fixed,(M - N) / N,0.1,False,full,128,0.00,0.00,0.00,1.00,128,2000,16,200,200,0.0,0.0,0.001,1e-05,False,5,5.0,0.0,200,1.0,0.020839,1.0638,0.0110,5,0.008822,nan,models/chua_orig_nint128_bs16_sig0.0_lr1e-03-1e-05_tfp0_ramp200_hLR1_m20_p10_seed7_minsym5_cand2_reducedp3_full_coordeq_fixed_syncfull_v1_rseed0.pth,full_coordeq_fixed_syncfull_v1,False,completed,5,5,1.063849
chua_orig_nint128_bs16_sig0.0_lr1e-03-1e-05_tfp0_ramp200_hLR1_m20_p10_seed7_minsym5_cand3_reducedp3_full_coordeq_fixed_syncfull_v1_rseed0,20,10,7,7,0,3,10,3,7,5,5,1;4;5;6;7;8;9,full_preactivation,5.666666666666667,,False,0.1,,,5.666666666666667,coord_equal_fixed,(M - N) / N,0.1,False,full,128,0.00,0.00,0.00,1.00,128,2000,16,200,200,0.0,0.0,0.001,1e-05,False,5,5.0,0.0,200,1.0,0.023762,1.1075,0.0101,5,0.011007,nan,models/chua_orig_nint128_bs16_sig0.0_lr1e-03-1e-05_tfp0_ramp200_hLR1_m20_p10_seed7_minsym5_cand3_reducedp3_full_coordeq_fixed_syncfull_v1_rseed0.pth,full_coordeq_fixed_syncfull_v1,False,completed,5,5,1.107494
chua_orig_nint128_bs16_sig0.0_lr1e-03-1e-05_tfp0_ramp200_hLR1_m20_p10_seed8_minsym5_cand0_reducedp3_full_coordeq_fixed_syncfull_v1_rseed0,20,10,8,8,0,0,10,3,7,5,5,0;3;4;5;6;7;8,full_preactivation,5.666666666666667,,False,0.1,,,5.666666666666667,coord_equal_fixed,(M - N) / N,0.1,False,full,128,0.00,0.00,0.00,1.00,128,2000,16,200,200,0.0,0.0,0.001,1e-05,False,5,5.0,0.0,200,1.0,0.034435,1.0965,0.0203,5,0.017578,nan,models/chua_orig_nint128_bs16_sig0.0_lr1e-03-1e-05_tfp0_ramp200_hLR1_m20_p10_seed8_minsym5_cand0_reducedp3_full_coordeq_fixed_syncfull_v1_rseed0.pth,full_coordeq_fixed_syncfull_v1,False,completed,5,5,1.096507
chua_orig_nint128_bs16_sig0.0_lr1e-03-1e-05_tfp0_ramp200_hLR1_m20_p10_seed8_minsym5_cand1_reducedp3_full_coordeq_fixed_syncfull_v1_rseed0,20,10,8,8,0,1,10,3,7,5,5,0;3;4;6;7;8;9,full_preactivation,5.666666666666667,,False,0.1,,,5.666666666666667,coord_equal_fixed,(M - N) / N,0.1,False,full,128,0.00,0.00,0.00,1.00,128,2000,16,200,200,0.0,0.0,0.001,1e-05,False,5,5.0,0.0,200,1.0,0.042179,1.1334,0.0104,5,0.016862,nan,models/chua_orig_nint128_bs16_sig0.0_lr1e-03-1e-05_tfp0_ramp200_hLR1_m20_p10_seed8_minsym5_cand1_reducedp3_full_coordeq_fixed_syncfull_v1_rseed0.pth,full_coordeq_fixed_syncfull_v1,False,completed,5,5,1.133358
chua_orig_nint128_bs16_sig0.0_lr1e-03-1e-05_tfp0_ramp200_hLR1_m20_p10_seed9_minsym5_cand0_reducedp3_full_coordeq_fixed_syncfull_v1_rseed0,20,10,9,9,0,0,10,3,7,5,5,0;1;2;3;5;6;8,full_preactivation,5.666666666666667,,False,0.1,,,5.666666666666667,coord_equal_fixed,(M - N) / N,0.1,False,full,128,0.00,0.00,0.00,1.00,128,2000,16,200,200,0.0,0.0,0.001,1e-05,False,5,5.0,0.0,200,1.0,0.023856,1.2077,0.0131,5,0.008641,nan,models/chua_orig_nint128_bs16_sig0.0_lr1e-03-1e-05_tfp0_ramp200_hLR1_m20_p10_seed9_minsym5_cand0_reducedp3_full_coordeq_fixed_syncfull_v1_rseed0.pth,full_coordeq_fixed_syncfull_v1,False,completed,5,5,1.207726
chua_orig_nint128_bs16_sig0.0_lr1e-03-1e-05_tfp0_ramp200_hLR1_m20_p10_seed9_minsym5_cand1_reducedp3_full_coordeq_fixed_syncfull_v1_rseed0,20,10,9,9,0,1,10,3,7,5,5,0;1;2;3;5;7;8,full_preactivation,5.666666666666667,,False,0.1,,,5.666666666666667,coord_equal_fixed,(M - N) / N,0.1,False,full,128,0.00,0.00,0.00,1.00,128,2000,16,200,200,0.0,0.0,0.001,1e-05,False,5,5.0,0.0,200,1.0,0.031612,1.0664,0.0100,5,0.009638,nan,models/chua_orig_nint128_bs16_sig0.0_lr1e-03-1e-05_tfp0_ramp200_hLR1_m20_p10_seed9_minsym5_cand1_reducedp3_full_coordeq_fixed_syncfull_v1_rseed0.pth,full_coordeq_fixed_syncfull_v1,False,completed,5,5,1.066361
chua_orig_nint128_bs16_sig0.0_lr1e-03-1e-05_tfp0_ramp200_hLR1_m20_p10_seed9_minsym5_cand2_reducedp3_full_coordeq_fixed_syncfull_v1_rseed0,20,10,9,9,0,2,10,3,7,5,5,0;2;3;5;6;7;8,full_preactivation,5.666666666666667,,False,0.1,,,5.666666666666667,coord_equal_fixed,(M - N) / N,0.1,False,full,128,0.00,0.00,0.00,1.00,128,2000,16,200,200,0.0,0.0,0.001,1e-05,False,5,5.0,0.0,200,1.0,0.026863,1.1422,0.0101,5,0.009611,nan,models/chua_orig_nint128_bs16_sig0.0_lr1e-03-1e-05_tfp0_ramp200_hLR1_m20_p10_seed9_minsym5_cand2_reducedp3_full_coordeq_fixed_syncfull_v1_rseed0.pth,full_coordeq_fixed_syncfull_v1,False,completed,5,5,1.142234
chua_orig_nint128_bs16_sig0.0_lr1e-03-1e-05_tfp0_ramp200_hLR1_m20_p10_seed9_minsym5_cand3_reducedp3_full_coordeq_fixed_syncfull_v1_rseed0,20,10,9,9,0,3,10,3,7,5,5,1;2;3;5;6;7;8,full_preactivation,5.666666666666667,,False,0.1,,,5.666666666666667,coord_equal_fixed,(M - N) / N,0.1,False,full,128,0.00,0.00,0.00,1.00,128,2000,16,200,200,0.0,0.0,0.001,1e-05,False,5,5.0,0.0,200,1.0,0.117402,1.2143,0.0065,5,0.017356,nan,models/chua_orig_nint128_bs16_sig0.0_lr1e-03-1e-05_tfp0_ramp200_hLR1_m20_p10_seed9_minsym5_cand3_reducedp3_full_coordeq_fixed_syncfull_v1_rseed0.pth,full_coordeq_fixed_syncfull_v1,False,completed,5,5,1.214319
chua_orig_nint128_bs16_sig0.0_lr1e-03-1e-05_tfp0_ramp200_hLR1_m20_p10_seed10_minsym5_cand0_reducedp3_full_coordeq_fixed_syncfull_v1_rseed0,20,10,10,10,0,0,10,3,7,5,5,0;1;2;4;5;6;7,full_preactivation,5.666666666666667,,False,0.1,,,5.666666666666667,coord_equal_fixed,(M - N) / N,0.1,False,full,128,0.00,0.00,0.00,1.00,128,2000,16,200,200,0.0,0.0,0.001,1e-05,False,5,5.0,0.0,200,1.0,0.040946,1.2013,0.0092,5,0.020788,nan,models/chua_orig_nint128_bs16_sig0.0_lr1e-03-1e-05_tfp0_ramp200_hLR1_m20_p10_seed10_minsym5_cand0_reducedp3_full_coordeq_fixed_syncfull_v1_rseed0.pth,full_coordeq_fixed_syncfull_v1,False,completed,5,5,1.201294
chua_orig_nint128_bs16_sig0.0_lr1e-03-1e-05_tfp0_ramp200_hLR1_m20_p10_seed10_minsym5_cand1_reducedp3_full_coordeq_fixed_syncfull_v1_rseed0,20,10,10,10,0,1,10,3,7,5,5,0;1;2;4;5;6;8,full_preactivation,5.666666666666667,,False,0.1,,,5.666666666666667,coord_equal_fixed,(M - N) / N,0.1,False,full,128,0.00,0.00,0.00,1.00,128,2000,16,200,200,0.0,0.0,0.001,1e-05,False,5,5.0,0.0,200,1.0,0.048950,1.1707,0.0079,5,0.022884,nan,models/chua_orig_nint128_bs16_sig0.0_lr1e-03-1e-05_tfp0_ramp200_hLR1_m20_p10_seed10_minsym5_cand1_reducedp3_full_coordeq_fixed_syncfull_v1_rseed0.pth,full_coordeq_fixed_syncfull_v1,False,completed,5,5,1.170710
chua_orig_nint128_bs16_sig0.0_lr1e-03-1e-05_tfp0_ramp200_hLR1_m20_p10_seed10_minsym5_cand2_reducedp3_full_coordeq_fixed_syncfull_v1_rseed0,20,10,10,10,0,2,10,3,7,5,5,0;1;2;4;5;7;8,full_preactivation,5.666666666666667,,False,0.1,,,5.666666666666667,coord_equal_fixed,(M - N) / N,0.1,False,full,128,0.00,0.00,0.00,1.00,128,2000,16,200,200,0.0,0.0,0.001,1e-05,False,5,5.0,0.0,200,1.0,0.052407,1.1510,0.0070,5,0.028830,nan,models/chua_orig_nint128_bs16_sig0.0_lr1e-03-1e-05_tfp0_ramp200_hLR1_m20_p10_seed10_minsym5_cand2_reducedp3_full_coordeq_fixed_syncfull_v1_rseed0.pth,full_coordeq_fixed_syncfull_v1,False,completed,5,5,1.150986
chua_orig_nint128_bs16_sig0.0_lr1e-03-1e-05_tfp0_ramp200_hLR1_m20_p10_seed10_minsym5_cand3_reducedp3_full_coordeq_fixed_syncfull_v1_rseed0,20,10,10,10,0,3,10,3,7,5,5,0;1;2;4;6;7;8,full_preactivation,5.666666666666667,,False,0.1,,,5.666666666666667,coord_equal_fixed,(M - N) / N,0.1,False,full,128,0.00,0.00,0.00,1.00,128,2000,16,200,200,0.0,0.0,0.001,1e-05,False,5,5.0,0.0,200,1.0,0.032773,1.0764,0.0101,5,0.019505,nan,models/chua_orig_nint128_bs16_sig0.0_lr1e-03-1e-05_tfp0_ramp200_hLR1_m20_p10_seed10_minsym5_cand3_reducedp3_full_coordeq_fixed_syncfull_v1_rseed0.pth,full_coordeq_fixed_syncfull_v1,False,completed,5,5,1.076414
chua_orig_nint128_bs16_sig0.0_lr1e-03-1e-05_tfp0_ramp200_hLR1_m20_p10_seed10_minsym5_cand4_reducedp3_full_coordeq_fixed_syncfull_v1_rseed0,20,10,10,10,0,4,10,3,7,5,5,0;1;2;5;6;7;8,full_preactivation,5.666666666666667,,False,0.1,,,5.666666666666667,coord_equal_fixed,(M - N) / N,0.1,False,full,128,0.00,0.00,0.00,1.00,128,2000,16,200,200,0.0,0.0,0.001,1e-05,False,5,5.0,0.0,200,1.0,0.031667,1.1271,0.0120,5,0.018891,nan,models/chua_orig_nint128_bs16_sig0.0_lr1e-03-1e-05_tfp0_ramp200_hLR1_m20_p10_seed10_minsym5_cand4_reducedp3_full_coordeq_fixed_syncfull_v1_rseed0.pth,full_coordeq_fixed_syncfull_v1,False,completed,5,5,1.127056
chua_orig_nint128_bs16_sig0.0_lr1e-03-1e-05_tfp0_ramp200_hLR1_m20_p10_seed10_minsym5_cand5_reducedp3_full_coordeq_fixed_syncfull_v1_rseed0,20,10,10,10,0,5,10,3,7,5,5,0;1;3;4;5;6;7,full_preactivation,5.666666666666667,,False,0.1,,,5.666666666666667,coord_equal_fixed,(M - N) / N,0.1,False,full,128,0.00,0.00,0.00,1.00,128,2000,16,200,200,0.0,0.0,0.001,1e-05,False,5,5.0,0.0,200,1.0,0.038857,1.1172,0.0057,5,0.020918,nan,models/chua_orig_nint128_bs16_sig0.0_lr1e-03-1e-05_tfp0_ramp200_hLR1_m20_p10_seed10_minsym5_cand5_reducedp3_full_coordeq_fixed_syncfull_v1_rseed0.pth,full_coordeq_fixed_syncfull_v1,False,completed,5,5,1.117176
chua_orig_nint128_bs16_sig0.0_lr1e-03-1e-05_tfp0_ramp200_hLR1_m20_p10_seed10_minsym5_cand6_reducedp3_full_coordeq_fixed_syncfull_v1_rseed0,20,10,10,10,0,6,10,3,7,5,5,0;1;3;4;5;6;8,full_preactivation,5.666666666666667,,False,0.1,,,5.666666666666667,coord_equal_fixed,(M - N) / N,0.1,False,full,128,0.00,0.00,0.00,1.00,128,2000,16,200,200,0.0,0.0,0.001,1e-05,False,5,5.0,0.0,200,1.0,0.047759,1.2030,0.0128,5,0.023058,nan,models/chua_orig_nint128_bs16_sig0.0_lr1e-03-1e-05_tfp0_ramp200_hLR1_m20_p10_seed10_minsym5_cand6_reducedp3_full_coordeq_fixed_syncfull_v1_rseed0.pth,full_coordeq_fixed_syncfull_v1,False,completed,5,5,1.203047
chua_orig_nint128_bs16_sig0.0_lr1e-03-1e-05_tfp0_ramp200_hLR1_m20_p10_seed10_minsym5_cand7_reducedp3_full_coordeq_fixed_syncfull_v1_rseed0,20,10,10,10,0,7,10,3,7,5,5,0;1;3;4;5;7;8,full_preactivation,5.666666666666667,,False,0.1,,,5.666666666666667,coord_equal_fixed,(M - N) / N,0.1,False,full,128,0.00,0.00,0.00,1.00,128,2000,16,200,200,0.0,0.0,0.001,1e-05,False,5,5.0,0.0,200,1.0,0.055675,1.0940,0.0061,4,0.032398,nan,models/chua_orig_nint128_bs16_sig0.0_lr1e-03-1e-05_tfp0_ramp200_hLR1_m20_p10_seed10_minsym5_cand7_reducedp3_full_coordeq_fixed_syncfull_v1_rseed0.pth,full_coordeq_fixed_syncfull_v1,False,completed,5,5,1.094030
chua_orig_nint128_bs16_sig0.0_lr1e-03-1e-05_tfp0_ramp200_hLR1_m20_p10_seed10_minsym5_cand8_reducedp3_full_coordeq_fixed_syncfull_v1_rseed0,20,10,10,10,0,8,10,3,7,5,5,0;1;3;4;6;7;8,full_preactivation,5.666666666666667,,False,0.1,,,5.666666666666667,coord_equal_fixed,(M - N) / N,0.1,False,full,128,0.00,0.00,0.00,1.00,128,2000,16,200,200,0.0,0.0,0.001,1e-05,False,5,5.0,0.0,200,1.0,0.030790,1.1158,0.0102,5,0.019529,nan,models/chua_orig_nint128_bs16_sig0.0_lr1e-03-1e-05_tfp0_ramp200_hLR1_m20_p10_seed10_minsym5_cand8_reducedp3_full_coordeq_fixed_syncfull_v1_rseed0.pth,full_coordeq_fixed_syncfull_v1,False,completed,5,5,1.115797
chua_orig_nint128_bs16_sig0.0_lr1e-03-1e-05_tfp0_ramp200_hLR1_m20_p10_seed10_minsym5_cand9_reducedp3_full_coordeq_fixed_syncfull_v1_rseed0,20,10,10,10,0,9,10,3,7,5,5,0;1;3;5;6;7;8,full_preactivation,5.666666666666667,,False,0.1,,,5.666666666666667,coord_equal_fixed,(M - N) / N,0.1,False,full,128,0.00,0.00,0.00,1.00,128,2000,16,200,200,0.0,0.0,0.001,1e-05,False,5,5.0,0.0,200,1.0,0.030101,1.0830,0.0097,5,0.018903,nan,models/chua_orig_nint128_bs16_sig0.0_lr1e-03-1e-05_tfp0_ramp200_hLR1_m20_p10_seed10_minsym5_cand9_reducedp3_full_coordeq_fixed_syncfull_v1_rseed0.pth,full_coordeq_fixed_syncfull_v1,False,completed,5,5,1.083042
chua_orig_nint128_bs16_sig0.0_lr1e-03-1e-05_tfp0_ramp200_hLR1_m20_p10_seed10_minsym5_cand10_reducedp3_full_coordeq_fixed_syncfull_v1_rseed0,20,10,10,10,0,10,10,3,7,5,5,1;2;4;5;6;7;8,full_preactivation,5.666666666666667,,False,0.1,,,5.666666666666667,coord_equal_fixed,(M - N) / N,0.1,False,full,128,0.00,0.00,0.00,1.00,128,2000,16,200,200,0.0,0.0,0.001,1e-05,False,5,5.0,0.0,200,1.0,0.036814,1.2425,0.0067,5,0.018697,nan,models/chua_orig_nint128_bs16_sig0.0_lr1e-03-1e-05_tfp0_ramp200_hLR1_m20_p10_seed10_minsym5_cand10_reducedp3_full_coordeq_fixed_syncfull_v1_rseed0.pth,full_coordeq_fixed_syncfull_v1,False,completed,5,5,1.242467
chua_orig_nint128_bs16_sig0.0_lr1e-03-1e-05_tfp0_ramp200_hLR1_m20_p10_seed10_minsym5_cand11_reducedp3_full_coordeq_fixed_syncfull_v1_rseed0,20,10,10,10,0,11,10,3,7,5,5,1;3;4;5;6;7;8,full_preactivation,5.666666666666667,,False,0.1,,,5.666666666666667,coord_equal_fixed,(M - N) / N,0.1,False,full,128,0.00,0.00,0.00,1.00,128,2000,16,200,200,0.0,0.0,0.001,1e-05,False,5,5.0,0.0,200,1.0,0.033510,1.1279,0.0082,5,0.017888,nan,models/chua_orig_nint128_bs16_sig0.0_lr1e-03-1e-05_tfp0_ramp200_hLR1_m20_p10_seed10_minsym5_cand11_reducedp3_full_coordeq_fixed_syncfull_v1_rseed0.pth,full_coordeq_fixed_syncfull_v1,False,completed,5,5,1.127943
chua_orig_nint128_bs16_sig0.0_lr1e-03-1e-05_tfp0_ramp200_hLR1_m20_p10_seed11_minsym5_cand0_reducedp3_full_coordeq_fixed_syncfull_v1_rseed0,20,10,11,11,0,0,10,3,7,5,5,0;1;3;4;5;6;9,full_preactivation,5.666666666666667,,False,0.1,,,5.666666666666667,coord_equal_fixed,(M - N) / N,0.1,False,full,128,0.00,0.00,0.00,1.00,128,2000,16,200,200,0.0,0.0,0.001,1e-05,False,5,5.0,0.0,200,1.0,0.043845,1.2233,0.0098,4,0.024698,nan,models/chua_orig_nint128_bs16_sig0.0_lr1e-03-1e-05_tfp0_ramp200_hLR1_m20_p10_seed11_minsym5_cand0_reducedp3_full_coordeq_fixed_syncfull_v1_rseed0.pth,full_coordeq_fixed_syncfull_v1,False,completed,5,5,1.223293
chua_orig_nint128_bs16_sig0.0_lr1e-03-1e-05_tfp0_ramp200_hLR1_m20_p10_seed11_minsym5_cand1_reducedp3_full_coordeq_fixed_syncfull_v1_rseed0,20,10,11,11,0,1,10,3,7,5,5,0;1;3;5;6;7;9,full_preactivation,5.666666666666667,,False,0.1,,,5.666666666666667,coord_equal_fixed,(M - N) / N,0.1,False,full,128,0.00,0.00,0.00,1.00,128,2000,16,200,200,0.0,0.0,0.001,1e-05,False,5,5.0,0.0,200,1.0,0.042012,1.1365,0.0104,5,0.028210,nan,models/chua_orig_nint128_bs16_sig0.0_lr1e-03-1e-05_tfp0_ramp200_hLR1_m20_p10_seed11_minsym5_cand1_reducedp3_full_coordeq_fixed_syncfull_v1_rseed0.pth,full_coordeq_fixed_syncfull_v1,False,completed,5,5,1.136495
chua_orig_nint128_bs16_sig0.0_lr1e-03-1e-05_tfp0_ramp200_hLR1_m20_p10_seed11_minsym5_cand2_reducedp3_full_coordeq_fixed_syncfull_v1_rseed0,20,10,11,11,0,2,10,3,7,5,5,0;1;4;5;6;7;9,full_preactivation,5.666666666666667,,False,0.1,,,5.666666666666667,coord_equal_fixed,(M - N) / N,0.1,False,full,128,0.00,0.00,0.00,1.00,128,2000,16,200,200,0.0,0.0,0.001,1e-05,False,5,5.0,0.0,200,1.0,0.061626,1.2645,0.0104,5,0.038147,nan,models/chua_orig_nint128_bs16_sig0.0_lr1e-03-1e-05_tfp0_ramp200_hLR1_m20_p10_seed11_minsym5_cand2_reducedp3_full_coordeq_fixed_syncfull_v1_rseed0.pth,full_coordeq_fixed_syncfull_v1,False,completed,5,5,1.264483
chua_orig_nint128_bs16_sig0.0_lr1e-03-1e-05_tfp0_ramp200_hLR1_m20_p10_seed11_minsym5_cand3_reducedp3_full_coordeq_fixed_syncfull_v1_rseed0,20,10,11,11,0,3,10,3,7,5,5,0;3;4;5;6;8;9,full_preactivation,5.666666666666667,,False,0.1,,,5.666666666666667,coord_equal_fixed,(M - N) / N,0.1,False,full,128,0.00,0.00,0.00,1.00,128,2000,16,200,200,0.0,0.0,0.001,1e-05,False,5,5.0,0.0,200,1.0,0.044420,1.2588,0.0055,5,0.023204,nan,models/chua_orig_nint128_bs16_sig0.0_lr1e-03-1e-05_tfp0_ramp200_hLR1_m20_p10_seed11_minsym5_cand3_reducedp3_full_coordeq_fixed_syncfull_v1_rseed0.pth,full_coordeq_fixed_syncfull_v1,False,completed,5,5,1.258803
chua_orig_nint128_bs16_sig0.0_lr1e-03-1e-05_tfp0_ramp200_hLR1_m20_p10_seed11_minsym5_cand4_reducedp3_full_coordeq_fixed_syncfull_v1_rseed0,20,10,11,11,0,4,10,3,7,5,5,0;3;5;6;7;8;9,full_preactivation,5.666666666666667,,False,0.1,,,5.666666666666667,coord_equal_fixed,(M - N) / N,0.1,False,full,128,0.00,0.00,0.00,1.00,128,2000,16,200,200,0.0,0.0,0.001,1e-05,False,5,5.0,0.0,200,1.0,0.041284,1.0883,0.0126,4,0.025510,nan,models/chua_orig_nint128_bs16_sig0.0_lr1e-03-1e-05_tfp0_ramp200_hLR1_m20_p10_seed11_minsym5_cand4_reducedp3_full_coordeq_fixed_syncfull_v1_rseed0.pth,full_coordeq_fixed_syncfull_v1,False,completed,5,5,1.088260
chua_orig_nint128_bs16_sig0.0_lr1e-03-1e-05_tfp0_ramp200_hLR1_m20_p10_seed11_minsym5_cand5_reducedp3_full_coordeq_fixed_syncfull_v1_rseed0,20,10,11,11,0,5,10,3,7,5,5,0;4;5;6;7;8;9,full_preactivation,5.666666666666667,,False,0.1,,,5.666666666666667,coord_equal_fixed,(M - N) / N,0.1,False,full,128,0.00,0.00,0.00,1.00,128,2000,16,200,200,0.0,0.0,0.001,1e-05,False,5,5.0,0.0,200,1.0,0.062267,1.1310,0.0074,5,0.036581,nan,models/chua_orig_nint128_bs16_sig0.0_lr1e-03-1e-05_tfp0_ramp200_hLR1_m20_p10_seed11_minsym5_cand5_reducedp3_full_coordeq_fixed_syncfull_v1_rseed0.pth,full_coordeq_fixed_syncfull_v1,False,completed,5,5,1.131013
chua_orig_nint128_bs16_sig0.0_lr1e-03-1e-05_tfp0_ramp200_hLR1_m20_p10_seed11_minsym5_cand6_reducedp3_full_coordeq_fixed_syncfull_v1_rseed0,20,10,11,11,0,6,10,3,7,5,5,1;3;4;5;6;7;9,full_preactivation,5.666666666666667,,False,0.1,,,5.666666666666667,coord_equal_fixed,(M - N) / N,0.1,False,full,128,0.00,0.00,0.00,1.00,128,2000,16,200,200,0.0,0.0,0.001,1e-05,False,5,5.0,0.0,200,1.0,0.037934,1.2136,0.0068,5,0.021476,nan,models/chua_orig_nint128_bs16_sig0.0_lr1e-03-1e-05_tfp0_ramp200_hLR1_m20_p10_seed11_minsym5_cand6_reducedp3_full_coordeq_fixed_syncfull_v1_rseed0.pth,full_coordeq_fixed_syncfull_v1,False,completed,5,5,1.213615
chua_orig_nint128_bs16_sig0.0_lr1e-03-1e-05_tfp0_ramp200_hLR1_m20_p10_seed11_minsym5_cand7_reducedp3_full_coordeq_fixed_syncfull_v1_rseed0,20,10,11,11,0,7,10,3,7,5,5,3;4;5;6;7;8;9,full_preactivation,5.666666666666667,,False,0.1,,,5.666666666666667,coord_equal_fixed,(M - N) / N,0.1,False,full,128,0.00,0.00,0.00,1.00,128,2000,16,200,200,0.0,0.0,0.001,1e-05,False,5,5.0,0.0,200,1.0,0.040601,1.2028,0.0081,5,0.020740,nan,models/chua_orig_nint128_bs16_sig0.0_lr1e-03-1e-05_tfp0_ramp200_hLR1_m20_p10_seed11_minsym5_cand7_reducedp3_full_coordeq_fixed_syncfull_v1_rseed0.pth,full_coordeq_fixed_syncfull_v1,False,completed,5,5,1.202843
chua_orig_nint128_bs16_sig0.0_lr1e-03-1e-05_tfp0_ramp200_hLR1_m20_p10_seed13_minsym5_cand0_reducedp3_full_coordeq_fixed_syncfull_v1_rseed0,20,10,13,13,0,0,10,3,7,5,5,0;1;2;3;5;7;8,full_preactivation,5.666666666666667,,False,0.1,,,5.666666666666667,coord_equal_fixed,(M - N) / N,0.1,False,full,128,0.00,0.00,0.00,1.00,128,2000,16,200,200,0.0,0.0,0.001,1e-05,False,5,5.0,0.0,200,1.0,0.030247,1.2398,0.0073,5,0.012504,nan,models/chua_orig_nint128_bs16_sig0.0_lr1e-03-1e-05_tfp0_ramp200_hLR1_m20_p10_seed13_minsym5_cand0_reducedp3_full_coordeq_fixed_syncfull_v1_rseed0.pth,full_coordeq_fixed_syncfull_v1,False,completed,5,5,1.280655
chua_orig_nint128_bs16_sig0.0_lr1e-03-1e-05_tfp0_ramp200_hLR1_m20_p10_seed13_minsym5_cand1_reducedp3_full_coordeq_fixed_syncfull_v1_rseed0,20,10,13,13,0,1,10,3,7,5,5,0;1;2;5;7;8;9,full_preactivation,5.666666666666667,,False,0.1,,,5.666666666666667,coord_equal_fixed,(M - N) / N,0.1,False,full,128,0.00,0.00,0.00,1.00,128,2000,16,200,200,0.0,0.0,0.001,1e-05,False,5,5.0,0.0,200,1.0,0.359836,6.3484,0.0241,3,0.170733,nan,models/chua_orig_nint128_bs16_sig0.0_lr1e-03-1e-05_tfp0_ramp200_hLR1_m20_p10_seed13_minsym5_cand1_reducedp3_full_coordeq_fixed_syncfull_v1_rseed0.pth,full_coordeq_fixed_syncfull_v1,False,completed,4,6,11.954233
chua_orig_nint128_bs16_sig0.0_lr1e-03-1e-05_tfp0_ramp200_hLR1_m20_p10_seed13_minsym5_cand2_reducedp3_full_coordeq_fixed_syncfull_v1_rseed0,20,10,13,13,0,2,10,3,7,5,5,0;1;3;5;7;8;9,full_preactivation,5.666666666666667,,False,0.1,,,5.666666666666667,coord_equal_fixed,(M - N) / N,0.1,False,full,128,0.00,0.00,0.00,1.00,128,2000,16,200,200,0.0,0.0,0.001,1e-05,False,5,5.0,0.0,200,1.0,0.033399,1.2739,0.0072,6,0.015663,nan,models/chua_orig_nint128_bs16_sig0.0_lr1e-03-1e-05_tfp0_ramp200_hLR1_m20_p10_seed13_minsym5_cand2_reducedp3_full_coordeq_fixed_syncfull_v1_rseed0.pth,full_coordeq_fixed_syncfull_v1,False,completed,5,5,1.635875
chua_orig_nint128_bs16_sig0.0_lr1e-03-1e-05_tfp0_ramp200_hLR1_m20_p10_seed13_minsym5_cand3_reducedp3_full_coordeq_fixed_syncfull_v1_rseed0,20,10,13,13,0,3,10,3,7,5,5,0;2;3;5;6;7;8,full_preactivation,5.666666666666667,,False,0.1,,,5.666666666666667,coord_equal_fixed,(M - N) / N,0.1,False,full,128,0.00,0.00,0.00,1.00,128,2000,16,200,200,0.0,0.0,0.001,1e-05,False,5,5.0,0.0,200,1.0,0.035352,1.3402,0.0087,5,0.017587,nan,models/chua_orig_nint128_bs16_sig0.0_lr1e-03-1e-05_tfp0_ramp200_hLR1_m20_p10_seed13_minsym5_cand3_reducedp3_full_coordeq_fixed_syncfull_v1_rseed0.pth,full_coordeq_fixed_syncfull_v1,False,completed,5,5,1.340182
chua_orig_nint128_bs16_sig0.0_lr1e-03-1e-05_tfp0_ramp200_hLR1_m20_p10_seed13_minsym5_cand4_reducedp3_full_coordeq_fixed_syncfull_v1_rseed0,20,10,13,13,0,4,10,3,7,5,5,0;2;5;6;7;8;9,full_preactivation,5.666666666666667,,False,0.1,,,5.666666666666667,coord_equal_fixed,(M - N) / N,0.1,False,full,128,0.00,0.00,0.00,1.00,128,2000,16,200,200,0.0,0.0,0.001,1e-05,False,5,5.0,0.0,200,1.0,0.046136,1.2966,0.0060,5,0.020341,nan,models/chua_orig_nint128_bs16_sig0.0_lr1e-03-1e-05_tfp0_ramp200_hLR1_m20_p10_seed13_minsym5_cand4_reducedp3_full_coordeq_fixed_syncfull_v1_rseed0.pth,full_coordeq_fixed_syncfull_v1,False,completed,5,5,1.296573
chua_orig_nint128_bs16_sig0.0_lr1e-03-1e-05_tfp0_ramp200_hLR1_m20_p10_seed13_minsym5_cand5_reducedp3_full_coordeq_fixed_syncfull_v1_rseed0,20,10,13,13,0,5,10,3,7,5,5,0;3;5;6;7;8;9,full_preactivation,5.666666666666667,,False,0.1,,,5.666666666666667,coord_equal_fixed,(M - N) / N,0.1,False,full,128,0.00,0.00,0.00,1.00,128,2000,16,200,200,0.0,0.0,0.001,1e-05,False,5,5.0,0.0,200,1.0,0.031680,1.2586,0.0092,5,0.017555,nan,models/chua_orig_nint128_bs16_sig0.0_lr1e-03-1e-05_tfp0_ramp200_hLR1_m20_p10_seed13_minsym5_cand5_reducedp3_full_coordeq_fixed_syncfull_v1_rseed0.pth,full_coordeq_fixed_syncfull_v1,False,completed,5,5,1.258649
chua_orig_nint128_bs16_sig0.0_lr1e-03-1e-05_tfp0_ramp200_hLR1_m20_p10_seed13_minsym5_cand6_reducedp3_full_coordeq_fixed_syncfull_v1_rseed0,20,10,13,13,0,6,10,3,7,5,5,1;2;3;5;7;8;9,full_preactivation,5.666666666666667,,False,0.1,,,5.666666666666667,coord_equal_fixed,(M - N) / N,0.1,False,full,128,0.00,0.00,0.00,1.00,128,2000,16,200,200,0.0,0.0,0.001,1e-05,False,5,5.0,0.0,200,1.0,0.028543,1.2863,0.0125,7,0.012319,nan,models/chua_orig_nint128_bs16_sig0.0_lr1e-03-1e-05_tfp0_ramp200_hLR1_m20_p10_seed13_minsym5_cand6_reducedp3_full_coordeq_fixed_syncfull_v1_rseed0.pth,full_coordeq_fixed_syncfull_v1,False,completed,5,5,2.114832
chua_orig_nint128_bs16_sig0.0_lr1e-03-1e-05_tfp0_ramp200_hLR1_m20_p10_seed13_minsym5_cand7_reducedp3_full_coordeq_fixed_syncfull_v1_rseed0,20,10,13,13,0,7,10,3,7,5,5,2;3;5;6;7;8;9,full_preactivation,5.666666666666667,,False,0.1,,,5.666666666666667,coord_equal_fixed,(M - N) / N,0.1,False,full,128,0.00,0.00,0.00,1.00,128,2000,16,200,200,0.0,0.0,0.001,1e-05,False,5,5.0,0.0,200,1.0,0.033403,1.2607,0.0087,5,0.017900,nan,models/chua_orig_nint128_bs16_sig0.0_lr1e-03-1e-05_tfp0_ramp200_hLR1_m20_p10_seed13_minsym5_cand7_reducedp3_full_coordeq_fixed_syncfull_v1_rseed0.pth,full_coordeq_fixed_syncfull_v1,False,completed,5,5,1.260700
chua_orig_nint128_bs16_sig0.0_lr1e-03-1e-05_tfp0_ramp200_hLR1_m20_p10_seed14_minsym5_cand0_reducedp3_full_coordeq_fixed_syncfull_v1_rseed0,20,10,14,14,0,0,10,3,7,5,5,0;1;2;5;6;7;8,full_preactivation,5.666666666666667,,False,0.1,,,5.666666666666667,coord_equal_fixed,(M - N) / N,0.1,False,full,128,0.00,0.00,0.00,1.00,128,2000,16,200,200,0.0,0.0,0.001,1e-05,False,5,5.0,0.0,200,1.0,0.465029,2.7358,0.0074,2,0.359073,nan,models/chua_orig_nint128_bs16_sig0.0_lr1e-03-1e-05_tfp0_ramp200_hLR1_m20_p10_seed14_minsym5_cand0_reducedp3_full_coordeq_fixed_syncfull_v1_rseed0.pth,full_coordeq_fixed_syncfull_v1,False,completed,3,4,2.735837
chua_orig_nint128_bs16_sig0.0_lr1e-03-1e-05_tfp0_ramp200_hLR1_m20_p10_seed14_minsym5_cand1_reducedp3_full_coordeq_fixed_syncfull_v1_rseed0,20,10,14,14,0,1,10,3,7,5,5,0;1;2;5;6;7;9,full_preactivation,5.666666666666667,,False,0.1,,,5.666666666666667,coord_equal_fixed,(M - N) / N,0.1,False,full,128,0.00,0.00,0.00,1.00,128,2000,16,200,200,0.0,0.0,0.001,1e-05,False,5,5.0,0.0,200,1.0,0.044136,1.1459,0.0035,4,0.020540,nan,models/chua_orig_nint128_bs16_sig0.0_lr1e-03-1e-05_tfp0_ramp200_hLR1_m20_p10_seed14_minsym5_cand1_reducedp3_full_coordeq_fixed_syncfull_v1_rseed0.pth,full_coordeq_fixed_syncfull_v1,False,completed,5,5,1.145883
chua_orig_nint128_bs16_sig0.0_lr1e-03-1e-05_tfp0_ramp200_hLR1_m20_p10_seed14_minsym5_cand2_reducedp3_full_coordeq_fixed_syncfull_v1_rseed0,20,10,14,14,0,2,10,3,7,5,5,0;1;2;5;6;8;9,full_preactivation,5.666666666666667,,False,0.1,,,5.666666666666667,coord_equal_fixed,(M - N) / N,0.1,False,full,128,0.00,0.00,0.00,1.00,128,2000,16,200,200,0.0,0.0,0.001,1e-05,False,5,5.0,0.0,200,1.0,0.032041,1.1651,0.0085,5,0.012479,nan,models/chua_orig_nint128_bs16_sig0.0_lr1e-03-1e-05_tfp0_ramp200_hLR1_m20_p10_seed14_minsym5_cand2_reducedp3_full_coordeq_fixed_syncfull_v1_rseed0.pth,full_coordeq_fixed_syncfull_v1,False,completed,5,5,1.165058
chua_orig_nint128_bs16_sig0.0_lr1e-03-1e-05_tfp0_ramp200_hLR1_m20_p10_seed14_minsym5_cand3_reducedp3_full_coordeq_fixed_syncfull_v1_rseed0,20,10,14,14,0,3,10,3,7,5,5,0;1;5;6;7;8;9,full_preactivation,5.666666666666667,,False,0.1,,,5.666666666666667,coord_equal_fixed,(M - N) / N,0.1,False,full,128,0.00,0.00,0.00,1.00,128,2000,16,200,200,0.0,0.0,0.001,1e-05,False,5,5.0,0.0,200,1.0,0.478695,2.7634,0.0075,2,0.362597,nan,models/chua_orig_nint128_bs16_sig0.0_lr1e-03-1e-05_tfp0_ramp200_hLR1_m20_p10_seed14_minsym5_cand3_reducedp3_full_coordeq_fixed_syncfull_v1_rseed0.pth,full_coordeq_fixed_syncfull_v1,False,completed,3,6,2.763395
chua_orig_nint128_bs16_sig0.0_lr1e-03-1e-05_tfp0_ramp200_hLR1_m20_p10_seed14_minsym5_cand4_reducedp3_full_coordeq_fixed_syncfull_v1_rseed0,20,10,14,14,0,4,10,3,7,5,5,0;2;5;6;7;8;9,full_preactivation,5.666666666666667,,False,0.1,,,5.666666666666667,coord_equal_fixed,(M - N) / N,0.1,False,full,128,0.00,0.00,0.00,1.00,128,2000,16,200,200,0.0,0.0,0.001,1e-05,False,5,5.0,0.0,200,1.0,0.487598,2.6688,0.0068,3,0.367028,nan,models/chua_orig_nint128_bs16_sig0.0_lr1e-03-1e-05_tfp0_ramp200_hLR1_m20_p10_seed14_minsym5_cand4_reducedp3_full_coordeq_fixed_syncfull_v1_rseed0.pth,full_coordeq_fixed_syncfull_v1,False,completed,4,6,4.052582
chua_orig_nint128_bs16_sig0.0_lr1e-03-1e-05_tfp0_ramp200_hLR1_m20_p10_seed15_minsym5_cand0_reducedp3_full_coordeq_fixed_syncfull_v1_rseed0,20,10,15,15,0,0,10,3,7,5,5,0;2;3;5;6;7;8,full_preactivation,5.666666666666667,,False,0.1,,,5.666666666666667,coord_equal_fixed,(M - N) / N,0.1,False,full,128,0.00,0.00,0.00,1.00,128,2000,16,200,200,0.0,0.0,0.001,1e-05,False,5,5.0,0.0,200,1.0,0.052718,1.2211,0.0061,5,0.031806,nan,models/chua_orig_nint128_bs16_sig0.0_lr1e-03-1e-05_tfp0_ramp200_hLR1_m20_p10_seed15_minsym5_cand0_reducedp3_full_coordeq_fixed_syncfull_v1_rseed0.pth,full_coordeq_fixed_syncfull_v1,False,completed,5,5,1.221088
chua_orig_nint128_bs16_sig0.0_lr1e-03-1e-05_tfp0_ramp200_hLR1_m20_p10_seed15_minsym5_cand1_reducedp3_full_coordeq_fixed_syncfull_v1_rseed0,20,10,15,15,0,1,10,3,7,5,5,0;2;3;5;6;7;9,full_preactivation,5.666666666666667,,False,0.1,,,5.666666666666667,coord_equal_fixed,(M - N) / N,0.1,False,full,128,0.00,0.00,0.00,1.00,128,2000,16,200,200,0.0,0.0,0.001,1e-05,False,5,5.0,0.0,200,1.0,0.046569,1.1406,0.0064,5,0.024208,nan,models/chua_orig_nint128_bs16_sig0.0_lr1e-03-1e-05_tfp0_ramp200_hLR1_m20_p10_seed15_minsym5_cand1_reducedp3_full_coordeq_fixed_syncfull_v1_rseed0.pth,full_coordeq_fixed_syncfull_v1,False,completed,5,5,1.140583
chua_orig_nint128_bs16_sig0.0_lr1e-03-1e-05_tfp0_ramp200_hLR1_m20_p10_seed15_minsym5_cand2_reducedp3_full_coordeq_fixed_syncfull_v1_rseed0,20,10,15,15,0,2,10,3,7,5,5,0;2;3;5;6;8;9,full_preactivation,5.666666666666667,,False,0.1,,,5.666666666666667,coord_equal_fixed,(M - N) / N,0.1,False,full,128,0.00,0.00,0.00,1.00,128,2000,16,200,200,0.0,0.0,0.001,1e-05,False,5,5.0,0.0,200,1.0,0.091706,1.4381,0.0052,5,0.051090,nan,models/chua_orig_nint128_bs16_sig0.0_lr1e-03-1e-05_tfp0_ramp200_hLR1_m20_p10_seed15_minsym5_cand2_reducedp3_full_coordeq_fixed_syncfull_v1_rseed0.pth,full_coordeq_fixed_syncfull_v1,False,completed,5,5,1.438087
chua_orig_nint128_bs16_sig0.0_lr1e-03-1e-05_tfp0_ramp200_hLR1_m20_p10_seed15_minsym5_cand3_reducedp3_full_coordeq_fixed_syncfull_v1_rseed0,20,10,15,15,0,3,10,3,7,5,5,0;2;3;5;7;8;9,full_preactivation,5.666666666666667,,False,0.1,,,5.666666666666667,coord_equal_fixed,(M - N) / N,0.1,False,full,128,0.00,0.00,0.00,1.00,128,2000,16,200,200,0.0,0.0,0.001,1e-05,False,5,5.0,0.0,200,1.0,0.103427,1.3330,0.0089,5,0.053804,nan,models/chua_orig_nint128_bs16_sig0.0_lr1e-03-1e-05_tfp0_ramp200_hLR1_m20_p10_seed15_minsym5_cand3_reducedp3_full_coordeq_fixed_syncfull_v1_rseed0.pth,full_coordeq_fixed_syncfull_v1,False,completed,5,5,1.332953
chua_orig_nint128_bs16_sig0.0_lr1e-03-1e-05_tfp0_ramp200_hLR1_m20_p10_seed15_minsym5_cand4_reducedp3_full_coordeq_fixed_syncfull_v1_rseed0,20,10,15,15,0,4,10,3,7,5,5,0;2;5;6;7;8;9,full_preactivation,5.666666666666667,,False,0.1,,,5.666666666666667,coord_equal_fixed,(M - N) / N,0.1,False,full,128,0.00,0.00,0.00,1.00,128,2000,16,200,200,0.0,0.0,0.001,1e-05,False,5,5.0,0.0,200,1.0,0.058687,1.1854,0.0066,5,0.038074,nan,models/chua_orig_nint128_bs16_sig0.0_lr1e-03-1e-05_tfp0_ramp200_hLR1_m20_p10_seed15_minsym5_cand4_reducedp3_full_coordeq_fixed_syncfull_v1_rseed0.pth,full_coordeq_fixed_syncfull_v1,False,completed,5,5,1.185407
chua_orig_nint128_bs16_sig0.0_lr1e-03-1e-05_tfp0_ramp200_hLR1_m20_p10_seed15_minsym5_cand5_reducedp3_full_coordeq_fixed_syncfull_v1_rseed0,20,10,15,15,0,5,10,3,7,5,5,0;3;5;6;7;8;9,full_preactivation,5.666666666666667,,False,0.1,,,5.666666666666667,coord_equal_fixed,(M - N) / N,0.1,False,full,128,0.00,0.00,0.00,1.00,128,2000,16,200,200,0.0,0.0,0.001,1e-05,False,5,5.0,0.0,200,1.0,0.065658,1.1261,0.0115,5,0.036769,nan,models/chua_orig_nint128_bs16_sig0.0_lr1e-03-1e-05_tfp0_ramp200_hLR1_m20_p10_seed15_minsym5_cand5_reducedp3_full_coordeq_fixed_syncfull_v1_rseed0.pth,full_coordeq_fixed_syncfull_v1,False,completed,5,5,1.126117
chua_orig_nint128_bs16_sig0.0_lr1e-03-1e-05_tfp0_ramp200_hLR1_m20_p10_seed15_minsym5_cand6_reducedp3_full_coordeq_fixed_syncfull_v1_rseed0,20,10,15,15,0,6,10,3,7,5,5,2;3;5;6;7;8;9,full_preactivation,5.666666666666667,,False,0.1,,,5.666666666666667,coord_equal_fixed,(M - N) / N,0.1,False,full,128,0.00,0.00,0.00,1.00,128,2000,16,200,200,0.0,0.0,0.001,1e-05,False,5,5.0,0.0,200,1.0,0.450510,2.8427,0.0114,4,0.285187,nan,models/chua_orig_nint128_bs16_sig0.0_lr1e-03-1e-05_tfp0_ramp200_hLR1_m20_p10_seed15_minsym5_cand6_reducedp3_full_coordeq_fixed_syncfull_v1_rseed0.pth,full_coordeq_fixed_syncfull_v1,False,completed,4,5,2.842705
chua_orig_nint128_bs16_sig0.0_lr1e-03-1e-05_tfp0_ramp200_hLR1_m20_p10_seed16_minsym5_cand0_reducedp3_full_coordeq_fixed_syncfull_v1_rseed0,20,10,16,16,0,0,10,3,7,5,5,0;1;2;3;4;5;8,full_preactivation,5.666666666666667,,False,0.1,,,5.666666666666667,coord_equal_fixed,(M - N) / N,0.1,False,full,128,0.00,0.00,0.00,1.00,128,2000,16,200,200,0.0,0.0,0.001,1e-05,False,5,5.0,0.0,200,1.0,0.043287,1.2938,0.0134,5,0.016137,nan,models/chua_orig_nint128_bs16_sig0.0_lr1e-03-1e-05_tfp0_ramp200_hLR1_m20_p10_seed16_minsym5_cand0_reducedp3_full_coordeq_fixed_syncfull_v1_rseed0.pth,full_coordeq_fixed_syncfull_v1,False,completed,5,5,1.293799
chua_orig_nint128_bs16_sig0.0_lr1e-03-1e-05_tfp0_ramp200_hLR1_m20_p10_seed16_minsym5_cand1_reducedp3_full_coordeq_fixed_syncfull_v1_rseed0,20,10,16,16,0,1,10,3,7,5,5,0;1;2;3;4;7;8,full_preactivation,5.666666666666667,,False,0.1,,,5.666666666666667,coord_equal_fixed,(M - N) / N,0.1,False,full,128,0.00,0.00,0.00,1.00,128,2000,16,200,200,0.0,0.0,0.001,1e-05,False,5,5.0,0.0,200,1.0,0.047505,1.1637,0.0071,5,0.022895,nan,models/chua_orig_nint128_bs16_sig0.0_lr1e-03-1e-05_tfp0_ramp200_hLR1_m20_p10_seed16_minsym5_cand1_reducedp3_full_coordeq_fixed_syncfull_v1_rseed0.pth,full_coordeq_fixed_syncfull_v1,False,completed,5,5,1.163742
chua_orig_nint128_bs16_sig0.0_lr1e-03-1e-05_tfp0_ramp200_hLR1_m20_p10_seed17_minsym5_cand0_reducedp3_full_coordeq_fixed_syncfull_v1_rseed0,20,10,17,17,0,0,10,3,7,5,5,0;1;2;3;4;6;8,full_preactivation,5.666666666666667,,False,0.1,,,5.666666666666667,coord_equal_fixed,(M - N) / N,0.1,False,full,128,0.00,0.00,0.00,1.00,128,2000,16,200,200,0.0,0.0,0.001,1e-05,False,5,5.0,0.0,200,1.0,0.034943,1.2217,0.0112,5,0.013908,nan,models/chua_orig_nint128_bs16_sig0.0_lr1e-03-1e-05_tfp0_ramp200_hLR1_m20_p10_seed17_minsym5_cand0_reducedp3_full_coordeq_fixed_syncfull_v1_rseed0.pth,full_coordeq_fixed_syncfull_v1,False,completed,5,5,1.221721
chua_orig_nint128_bs16_sig0.0_lr1e-03-1e-05_tfp0_ramp200_hLR1_m20_p10_seed17_minsym5_cand1_reducedp3_full_coordeq_fixed_syncfull_v1_rseed0,20,10,17,17,0,1,10,3,7,5,5,0;1;2;3;4;8;9,full_preactivation,5.666666666666667,,False,0.1,,,5.666666666666667,coord_equal_fixed,(M - N) / N,0.1,False,full,128,0.00,0.00,0.00,1.00,128,2000,16,200,200,0.0,0.0,0.001,1e-05,False,5,5.0,0.0,200,1.0,0.039002,1.1931,0.0099,5,0.018560,nan,models/chua_orig_nint128_bs16_sig0.0_lr1e-03-1e-05_tfp0_ramp200_hLR1_m20_p10_seed17_minsym5_cand1_reducedp3_full_coordeq_fixed_syncfull_v1_rseed0.pth,full_coordeq_fixed_syncfull_v1,False,completed,5,5,1.193129
chua_orig_nint128_bs16_sig0.0_lr1e-03-1e-05_tfp0_ramp200_hLR1_m20_p10_seed17_minsym5_cand2_reducedp3_full_coordeq_fixed_syncfull_v1_rseed0,20,10,17,17,0,2,10,3,7,5,5,0;2;3;4;6;7;8,full_preactivation,5.666666666666667,,False,0.1,,,5.666666666666667,coord_equal_fixed,(M - N) / N,0.1,False,full,128,0.00,0.00,0.00,1.00,128,2000,16,200,200,0.0,0.0,0.001,1e-05,False,5,5.0,0.0,200,1.0,0.029992,1.0918,0.0071,5,0.015433,nan,models/chua_orig_nint128_bs16_sig0.0_lr1e-03-1e-05_tfp0_ramp200_hLR1_m20_p10_seed17_minsym5_cand2_reducedp3_full_coordeq_fixed_syncfull_v1_rseed0.pth,full_coordeq_fixed_syncfull_v1,False,completed,5,5,1.091802
chua_orig_nint128_bs16_sig0.0_lr1e-03-1e-05_tfp0_ramp200_hLR1_m20_p10_seed17_minsym5_cand3_reducedp3_full_coordeq_fixed_syncfull_v1_rseed0,20,10,17,17,0,3,10,3,7,5,5,0;2;3;4;7;8;9,full_preactivation,5.666666666666667,,False,0.1,,,5.666666666666667,coord_equal_fixed,(M - N) / N,0.1,False,full,128,0.00,0.00,0.00,1.00,128,2000,16,200,200,0.0,0.0,0.001,1e-05,False,5,5.0,0.0,200,1.0,0.023009,1.0300,0.0108,5,0.012126,nan,models/chua_orig_nint128_bs16_sig0.0_lr1e-03-1e-05_tfp0_ramp200_hLR1_m20_p10_seed17_minsym5_cand3_reducedp3_full_coordeq_fixed_syncfull_v1_rseed0.pth,full_coordeq_fixed_syncfull_v1,False,completed,5,5,1.030027
chua_orig_nint128_bs16_sig0.0_lr1e-03-1e-05_tfp0_ramp200_hLR1_m20_p10_seed17_minsym5_cand4_reducedp3_full_coordeq_fixed_syncfull_v1_rseed0,20,10,17,17,0,4,10,3,7,5,5,1;2;3;5;7;8;9,full_preactivation,5.666666666666667,,False,0.1,,,5.666666666666667,coord_equal_fixed,(M - N) / N,0.1,False,full,128,0.00,0.00,0.00,1.00,128,2000,16,200,200,0.0,0.0,0.001,1e-05,False,5,5.0,0.0,200,1.0,0.483236,4.6490,0.0154,3,0.294280,nan,models/chua_orig_nint128_bs16_sig0.0_lr1e-03-1e-05_tfp0_ramp200_hLR1_m20_p10_seed17_minsym5_cand4_reducedp3_full_coordeq_fixed_syncfull_v1_rseed0.pth,full_coordeq_fixed_syncfull_v1,False,completed,3,6,4.648999
chua_orig_nint128_bs16_sig0.0_lr1e-03-1e-05_tfp0_ramp200_hLR1_m20_p10_seed17_minsym5_cand5_reducedp3_full_coordeq_fixed_syncfull_v1_rseed0,20,10,17,17,0,5,10,3,7,5,5,1;2;4;5;7;8;9,full_preactivation,5.666666666666667,,False,0.1,,,5.666666666666667,coord_equal_fixed,(M - N) / N,0.1,False,full,128,0.00,0.00,0.00,1.00,128,2000,16,200,200,0.0,0.0,0.001,1e-05,False,5,5.0,0.0,200,1.0,0.512107,4.2078,0.0162,2,0.324709,nan,models/chua_orig_nint128_bs16_sig0.0_lr1e-03-1e-05_tfp0_ramp200_hLR1_m20_p10_seed17_minsym5_cand5_reducedp3_full_coordeq_fixed_syncfull_v1_rseed0.pth,full_coordeq_fixed_syncfull_v1,False,completed,4,8,7.550753
chua_orig_nint128_bs16_sig0.0_lr1e-03-1e-05_tfp0_ramp200_hLR1_m20_p10_seed18_minsym5_cand0_reducedp3_full_coordeq_fixed_syncfull_v1_rseed0,20,10,18,18,0,0,10,3,7,5,5,0;1;2;3;4;5;7,full_preactivation,5.666666666666667,,False,0.1,,,5.666666666666667,coord_equal_fixed,(M - N) / N,0.1,False,full,128,0.00,0.00,0.00,1.00,128,2000,16,200,200,0.0,0.0,0.001,1e-05,False,5,5.0,0.0,200,1.0,0.060257,1.3555,0.0143,4,0.038872,nan,models/chua_orig_nint128_bs16_sig0.0_lr1e-03-1e-05_tfp0_ramp200_hLR1_m20_p10_seed18_minsym5_cand0_reducedp3_full_coordeq_fixed_syncfull_v1_rseed0.pth,full_coordeq_fixed_syncfull_v1,False,completed,5,5,1.355546
chua_orig_nint128_bs16_sig0.0_lr1e-03-1e-05_tfp0_ramp200_hLR1_m20_p10_seed18_minsym5_cand1_reducedp3_full_coordeq_fixed_syncfull_v1_rseed0,20,10,18,18,0,1,10,3,7,5,5,0;1;2;3;4;5;9,full_preactivation,5.666666666666667,,False,0.1,,,5.666666666666667,coord_equal_fixed,(M - N) / N,0.1,False,full,128,0.00,0.00,0.00,1.00,128,2000,16,200,200,0.0,0.0,0.001,1e-05,False,5,5.0,0.0,200,1.0,0.059825,1.1242,0.0087,5,0.035759,nan,models/chua_orig_nint128_bs16_sig0.0_lr1e-03-1e-05_tfp0_ramp200_hLR1_m20_p10_seed18_minsym5_cand1_reducedp3_full_coordeq_fixed_syncfull_v1_rseed0.pth,full_coordeq_fixed_syncfull_v1,False,completed,5,5,1.124206
chua_orig_nint128_bs16_sig0.0_lr1e-03-1e-05_tfp0_ramp200_hLR1_m20_p10_seed18_minsym5_cand2_reducedp3_full_coordeq_fixed_syncfull_v1_rseed0,20,10,18,18,0,2,10,3,7,5,5,0;1;2;3;4;6;7,full_preactivation,5.666666666666667,,False,0.1,,,5.666666666666667,coord_equal_fixed,(M - N) / N,0.1,False,full,128,0.00,0.00,0.00,1.00,128,2000,16,200,200,0.0,0.0,0.001,1e-05,False,5,5.0,0.0,200,1.0,0.050230,1.2353,0.0113,5,0.031406,nan,models/chua_orig_nint128_bs16_sig0.0_lr1e-03-1e-05_tfp0_ramp200_hLR1_m20_p10_seed18_minsym5_cand2_reducedp3_full_coordeq_fixed_syncfull_v1_rseed0.pth,full_coordeq_fixed_syncfull_v1,False,completed,5,5,1.235263
chua_orig_nint128_bs16_sig0.0_lr1e-03-1e-05_tfp0_ramp200_hLR1_m20_p10_seed18_minsym5_cand3_reducedp3_full_coordeq_fixed_syncfull_v1_rseed0,20,10,18,18,0,3,10,3,7,5,5,0;1;2;3;4;6;9,full_preactivation,5.666666666666667,,False,0.1,,,5.666666666666667,coord_equal_fixed,(M - N) / N,0.1,False,full,128,0.00,0.00,0.00,1.00,128,2000,16,200,200,0.0,0.0,0.001,1e-05,False,5,5.0,0.0,200,1.0,0.046203,1.1612,0.0078,4,0.025611,nan,models/chua_orig_nint128_bs16_sig0.0_lr1e-03-1e-05_tfp0_ramp200_hLR1_m20_p10_seed18_minsym5_cand3_reducedp3_full_coordeq_fixed_syncfull_v1_rseed0.pth,full_coordeq_fixed_syncfull_v1,False,completed,5,5,1.161213
chua_orig_nint128_bs16_sig0.0_lr1e-03-1e-05_tfp0_ramp200_hLR1_m20_p10_seed18_minsym5_cand4_reducedp3_full_coordeq_fixed_syncfull_v1_rseed0,20,10,18,18,0,4,10,3,7,5,5,0;1;3;4;5;7;9,full_preactivation,5.666666666666667,,False,0.1,,,5.666666666666667,coord_equal_fixed,(M - N) / N,0.1,False,full,128,0.00,0.00,0.00,1.00,128,2000,16,200,200,0.0,0.0,0.001,1e-05,False,5,5.0,0.0,200,1.0,0.054780,1.1783,0.0082,5,0.033807,nan,models/chua_orig_nint128_bs16_sig0.0_lr1e-03-1e-05_tfp0_ramp200_hLR1_m20_p10_seed18_minsym5_cand4_reducedp3_full_coordeq_fixed_syncfull_v1_rseed0.pth,full_coordeq_fixed_syncfull_v1,False,completed,5,5,1.178328
chua_orig_nint128_bs16_sig0.0_lr1e-03-1e-05_tfp0_ramp200_hLR1_m20_p10_seed18_minsym5_cand5_reducedp3_full_coordeq_fixed_syncfull_v1_rseed0,20,10,18,18,0,5,10,3,7,5,5,0;1;3;4;6;7;9,full_preactivation,5.666666666666667,,False,0.1,,,5.666666666666667,coord_equal_fixed,(M - N) / N,0.1,False,full,128,0.00,0.00,0.00,1.00,128,2000,16,200,200,0.0,0.0,0.001,1e-05,False,5,5.0,0.0,200,1.0,0.045433,1.1418,0.0063,5,0.026665,nan,models/chua_orig_nint128_bs16_sig0.0_lr1e-03-1e-05_tfp0_ramp200_hLR1_m20_p10_seed18_minsym5_cand5_reducedp3_full_coordeq_fixed_syncfull_v1_rseed0.pth,full_coordeq_fixed_syncfull_v1,False,completed,5,5,1.141783
chua_orig_nint128_bs16_sig0.0_lr1e-03-1e-05_tfp0_ramp200_hLR1_m20_p10_seed18_minsym5_cand6_reducedp3_full_coordeq_fixed_syncfull_v1_rseed0,20,10,18,18,0,6,10,3,7,5,5,1;2;3;4;5;7;9,full_preactivation,5.666666666666667,,False,0.1,,,5.666666666666667,coord_equal_fixed,(M - N) / N,0.1,False,full,128,0.00,0.00,0.00,1.00,128,2000,16,200,200,0.0,0.0,0.001,1e-05,False,5,5.0,0.0,200,1.0,0.050885,1.1620,0.0149,5,0.034000,nan,models/chua_orig_nint128_bs16_sig0.0_lr1e-03-1e-05_tfp0_ramp200_hLR1_m20_p10_seed18_minsym5_cand6_reducedp3_full_coordeq_fixed_syncfull_v1_rseed0.pth,full_coordeq_fixed_syncfull_v1,False,completed,5,5,1.162008
chua_orig_nint128_bs16_sig0.0_lr1e-03-1e-05_tfp0_ramp200_hLR1_m20_p10_seed18_minsym5_cand7_reducedp3_full_coordeq_fixed_syncfull_v1_rseed0,20,10,18,18,0,7,10,3,7,5,5,1;2;3;4;6;7;9,full_preactivation,5.666666666666667,,False,0.1,,,5.666666666666667,coord_equal_fixed,(M - N) / N,0.1,False,full,128,0.00,0.00,0.00,1.00,128,2000,16,200,200,0.0,0.0,0.001,1e-05,False,5,5.0,0.0,200,1.0,0.043085,1.1435,0.0131,4,0.027813,nan,models/chua_orig_nint128_bs16_sig0.0_lr1e-03-1e-05_tfp0_ramp200_hLR1_m20_p10_seed18_minsym5_cand7_reducedp3_full_coordeq_fixed_syncfull_v1_rseed0.pth,full_coordeq_fixed_syncfull_v1,False,completed,5,5,1.143453
chua_orig_nint128_bs16_sig0.0_lr1e-03-1e-05_tfp0_ramp200_hLR1_m20_p10_seed20_minsym5_cand0_reducedp3_full_coordeq_fixed_syncfull_v1_rseed0,20,10,20,20,0,0,10,3,7,5,5,0;1;2;3;5;7;8,full_preactivation,5.666666666666667,,False,0.1,,,5.666666666666667,coord_equal_fixed,(M - N) / N,0.1,False,full,128,0.00,0.00,0.00,1.00,128,2000,16,200,200,0.0,0.0,0.001,1e-05,False,5,5.0,0.0,200,1.0,0.011517,1.2623,0.0105,5,0.005638,nan,models/chua_orig_nint128_bs16_sig0.0_lr1e-03-1e-05_tfp0_ramp200_hLR1_m20_p10_seed20_minsym5_cand0_reducedp3_full_coordeq_fixed_syncfull_v1_rseed0.pth,full_coordeq_fixed_syncfull_v1,False,completed,5,5,1.262251
chua_orig_nint128_bs16_sig0.0_lr1e-03-1e-05_tfp0_ramp200_hLR1_m20_p10_seed20_minsym5_cand1_reducedp3_full_coordeq_fixed_syncfull_v1_rseed0,20,10,20,20,0,1,10,3,7,5,5,0;1;3;4;5;7;8,full_preactivation,5.666666666666667,,False,0.1,,,5.666666666666667,coord_equal_fixed,(M - N) / N,0.1,False,full,128,0.00,0.00,0.00,1.00,128,2000,16,200,200,0.0,0.0,0.001,1e-05,False,5,5.0,0.0,200,1.0,0.015938,1.1371,0.0107,5,0.008468,nan,models/chua_orig_nint128_bs16_sig0.0_lr1e-03-1e-05_tfp0_ramp200_hLR1_m20_p10_seed20_minsym5_cand1_reducedp3_full_coordeq_fixed_syncfull_v1_rseed0.pth,full_coordeq_fixed_syncfull_v1,False,completed,5,5,1.137076
chua_orig_nint128_bs16_sig0.0_lr1e-03-1e-05_tfp0_ramp200_hLR1_m20_p10_seed20_minsym5_cand2_reducedp3_full_coordeq_fixed_syncfull_v1_rseed0,20,10,20,20,0,2,10,3,7,5,5,1;2;3;4;5;7;8,full_preactivation,5.666666666666667,,False,0.1,,,5.666666666666667,coord_equal_fixed,(M - N) / N,0.1,False,full,128,0.00,0.00,0.00,1.00,128,2000,16,200,200,0.0,0.0,0.001,1e-05,False,5,5.0,0.0,200,1.0,0.012805,1.1686,0.0066,4,0.006777,nan,models/chua_orig_nint128_bs16_sig0.0_lr1e-03-1e-05_tfp0_ramp200_hLR1_m20_p10_seed20_minsym5_cand2_reducedp3_full_coordeq_fixed_syncfull_v1_rseed0.pth,full_coordeq_fixed_syncfull_v1,False,completed,5,5,1.168606
chua_orig_nint128_bs16_sig0.0_lr1e-03-1e-05_tfp0_ramp200_hLR1_m20_p10_seed21_minsym5_cand0_reducedp3_full_coordeq_fixed_syncfull_v1_rseed0,20,10,21,21,0,0,10,3,7,5,5,0;1;3;4;5;6;8,full_preactivation,5.666666666666667,,False,0.1,,,5.666666666666667,coord_equal_fixed,(M - N) / N,0.1,False,full,128,0.00,0.00,0.00,1.00,128,2000,16,200,200,0.0,0.0,0.001,1e-05,False,5,5.0,0.0,200,1.0,0.082247,1.3254,0.0116,5,0.033916,nan,models/chua_orig_nint128_bs16_sig0.0_lr1e-03-1e-05_tfp0_ramp200_hLR1_m20_p10_seed21_minsym5_cand0_reducedp3_full_coordeq_fixed_syncfull_v1_rseed0.pth,full_coordeq_fixed_syncfull_v1,False,completed,5,5,1.325427
chua_orig_nint128_bs16_sig0.0_lr1e-03-1e-05_tfp0_ramp200_hLR1_m20_p10_seed21_minsym5_cand1_reducedp3_full_coordeq_fixed_syncfull_v1_rseed0,20,10,21,21,0,1,10,3,7,5,5,0;1;3;4;5;8;9,full_preactivation,5.666666666666667,,False,0.1,,,5.666666666666667,coord_equal_fixed,(M - N) / N,0.1,False,full,128,0.00,0.00,0.00,1.00,128,2000,16,200,200,0.0,0.0,0.001,1e-05,False,5,5.0,0.0,200,1.0,0.043519,1.2457,0.0133,5,0.017837,nan,models/chua_orig_nint128_bs16_sig0.0_lr1e-03-1e-05_tfp0_ramp200_hLR1_m20_p10_seed21_minsym5_cand1_reducedp3_full_coordeq_fixed_syncfull_v1_rseed0.pth,full_coordeq_fixed_syncfull_v1,False,completed,5,5,1.245677
chua_orig_nint128_bs16_sig0.0_lr1e-03-1e-05_tfp0_ramp200_hLR1_m20_p10_seed21_minsym5_cand2_reducedp3_full_coordeq_fixed_syncfull_v1_rseed0,20,10,21,21,0,2,10,3,7,5,5,0;1;3;4;6;8;9,full_preactivation,5.666666666666667,,False,0.1,,,5.666666666666667,coord_equal_fixed,(M - N) / N,0.1,False,full,128,0.00,0.00,0.00,1.00,128,2000,16,200,200,0.0,0.0,0.001,1e-05,False,5,5.0,0.0,200,1.0,0.042793,1.3025,0.0052,5,0.017859,nan,models/chua_orig_nint128_bs16_sig0.0_lr1e-03-1e-05_tfp0_ramp200_hLR1_m20_p10_seed21_minsym5_cand2_reducedp3_full_coordeq_fixed_syncfull_v1_rseed0.pth,full_coordeq_fixed_syncfull_v1,False,completed,5,5,1.302501
chua_orig_nint128_bs16_sig0.0_lr1e-03-1e-05_tfp0_ramp200_hLR1_m20_p10_seed21_minsym5_cand3_reducedp3_full_coordeq_fixed_syncfull_v1_rseed0,20,10,21,21,0,3,10,3,7,5,5,0;3;4;5;6;8;9,full_preactivation,5.666666666666667,,False,0.1,,,5.666666666666667,coord_equal_fixed,(M - N) / N,0.1,False,full,128,0.00,0.00,0.00,1.00,128,2000,16,200,200,0.0,0.0,0.001,1e-05,False,5,5.0,0.0,200,1.0,0.054101,1.2438,0.0037,5,0.023535,nan,models/chua_orig_nint128_bs16_sig0.0_lr1e-03-1e-05_tfp0_ramp200_hLR1_m20_p10_seed21_minsym5_cand3_reducedp3_full_coordeq_fixed_syncfull_v1_rseed0.pth,full_coordeq_fixed_syncfull_v1,False,completed,5,5,1.243801
chua_orig_nint128_bs16_sig0.0_lr1e-03-1e-05_tfp0_ramp200_hLR1_m20_p10_seed22_minsym5_cand0_reducedp3_full_coordeq_fixed_syncfull_v1_rseed0,20,10,22,22,0,0,10,3,7,5,5,0;2;3;4;5;7;8,full_preactivation,5.666666666666667,,False,0.1,,,5.666666666666667,coord_equal_fixed,(M - N) / N,0.1,False,full,128,0.00,0.00,0.00,1.00,128,2000,16,200,200,0.0,0.0,0.001,1e-05,False,5,5.0,0.0,200,1.0,0.239239,5.9083,0.0222,3,0.096237,nan,models/chua_orig_nint128_bs16_sig0.0_lr1e-03-1e-05_tfp0_ramp200_hLR1_m20_p10_seed22_minsym5_cand0_reducedp3_full_coordeq_fixed_syncfull_v1_rseed0.pth,full_coordeq_fixed_syncfull_v1,False,completed,4,3,9.295656
chua_orig_nint128_bs16_sig0.0_lr1e-03-1e-05_tfp0_ramp200_hLR1_m20_p10_seed22_minsym5_cand1_reducedp3_full_coordeq_fixed_syncfull_v1_rseed0,20,10,22,22,0,1,10,3,7,5,5,0;2;3;4;5;8;9,full_preactivation,5.666666666666667,,False,0.1,,,5.666666666666667,coord_equal_fixed,(M - N) / N,0.1,False,full,128,0.00,0.00,0.00,1.00,128,2000,16,200,200,0.0,0.0,0.001,1e-05,False,5,5.0,0.0,200,1.0,0.322029,5.8217,0.0173,2,0.140417,nan,models/chua_orig_nint128_bs16_sig0.0_lr1e-03-1e-05_tfp0_ramp200_hLR1_m20_p10_seed22_minsym5_cand1_reducedp3_full_coordeq_fixed_syncfull_v1_rseed0.pth,full_coordeq_fixed_syncfull_v1,False,completed,4,8,6.415934
chua_orig_nint128_bs16_sig0.0_lr1e-03-1e-05_tfp0_ramp200_hLR1_m20_p10_seed22_minsym5_cand2_reducedp3_full_coordeq_fixed_syncfull_v1_rseed0,20,10,22,22,0,2,10,3,7,5,5,0;2;3;4;7;8;9,full_preactivation,5.666666666666667,,False,0.1,,,5.666666666666667,coord_equal_fixed,(M - N) / N,0.1,False,full,128,0.00,0.00,0.00,1.00,128,2000,16,200,200,0.0,0.0,0.001,1e-05,False,5,5.0,0.0,200,1.0,0.415649,5.6638,0.0099,3,0.257968,nan,models/chua_orig_nint128_bs16_sig0.0_lr1e-03-1e-05_tfp0_ramp200_hLR1_m20_p10_seed22_minsym5_cand2_reducedp3_full_coordeq_fixed_syncfull_v1_rseed0.pth,full_coordeq_fixed_syncfull_v1,False,completed,4,4,5.663764
chua_orig_nint128_bs16_sig0.0_lr1e-03-1e-05_tfp0_ramp200_hLR1_m20_p10_seed22_minsym5_cand3_reducedp3_full_coordeq_fixed_syncfull_v1_rseed0,20,10,22,22,0,3,10,3,7,5,5,0;2;3;5;7;8;9,full_preactivation,5.666666666666667,,False,0.1,,,5.666666666666667,coord_equal_fixed,(M - N) / N,0.1,False,full,128,0.00,0.00,0.00,1.00,128,2000,16,200,200,0.0,0.0,0.001,1e-05,False,5,5.0,0.0,200,1.0,0.038240,1.2620,0.0097,5,0.019636,nan,models/chua_orig_nint128_bs16_sig0.0_lr1e-03-1e-05_tfp0_ramp200_hLR1_m20_p10_seed22_minsym5_cand3_reducedp3_full_coordeq_fixed_syncfull_v1_rseed0.pth,full_coordeq_fixed_syncfull_v1,False,completed,5,5,1.261956
chua_orig_nint128_bs16_sig0.0_lr1e-03-1e-05_tfp0_ramp200_hLR1_m20_p10_seed22_minsym5_cand4_reducedp3_full_coordeq_fixed_syncfull_v1_rseed0,20,10,22,22,0,4,10,3,7,5,5,0;2;4;5;7;8;9,full_preactivation,5.666666666666667,,False,0.1,,,5.666666666666667,coord_equal_fixed,(M - N) / N,0.1,False,full,128,0.00,0.00,0.00,1.00,128,2000,16,200,200,0.0,0.0,0.001,1e-05,False,5,5.0,0.0,200,1.0,0.404084,7.9233,0.0521,3,0.200562,nan,models/chua_orig_nint128_bs16_sig0.0_lr1e-03-1e-05_tfp0_ramp200_hLR1_m20_p10_seed22_minsym5_cand4_reducedp3_full_coordeq_fixed_syncfull_v1_rseed0.pth,full_coordeq_fixed_syncfull_v1,False,completed,4,8,8.790915
chua_orig_nint128_bs16_sig0.0_lr1e-03-1e-05_tfp0_ramp200_hLR1_m20_p10_seed22_minsym5_cand5_reducedp4_full_coordeq_fixed_syncfull_v1_rseed0,20,10,22,22,0,5,10,4,6,5,5,1;2;3;4;5;7,full_preactivation,5.666666666666667,,False,0.1,,,5.666666666666667,coord_equal_fixed,(M - N) / N,0.1,False,full,128,0.00,0.00,0.00,1.00,128,2000,16,200,200,0.0,0.0,0.001,1e-05,False,5,5.0,0.0,200,1.0,0.063102,1.1702,0.0083,5,0.037695,nan,models/chua_orig_nint128_bs16_sig0.0_lr1e-03-1e-05_tfp0_ramp200_hLR1_m20_p10_seed22_minsym5_cand5_reducedp4_full_coordeq_fixed_syncfull_v1_rseed0.pth,full_coordeq_fixed_syncfull_v1,False,completed,5,5,1.170154
chua_orig_nint128_bs16_sig0.0_lr1e-03-1e-05_tfp0_ramp200_hLR1_m20_p10_seed22_minsym5_cand6_reducedp4_full_coordeq_fixed_syncfull_v1_rseed0,20,10,22,22,0,6,10,4,6,5,5,1;2;3;4;7;9,full_preactivation,5.666666666666667,,False,0.1,,,5.666666666666667,coord_equal_fixed,(M - N) / N,0.1,False,full,128,0.00,0.00,0.00,1.00,128,2000,16,200,200,0.0,0.0,0.001,1e-05,False,5,5.0,0.0,200,1.0,0.058168,1.1257,0.0093,5,0.033739,nan,models/chua_orig_nint128_bs16_sig0.0_lr1e-03-1e-05_tfp0_ramp200_hLR1_m20_p10_seed22_minsym5_cand6_reducedp4_full_coordeq_fixed_syncfull_v1_rseed0.pth,full_coordeq_fixed_syncfull_v1,False,completed,5,5,1.125682
chua_orig_nint128_bs16_sig0.0_lr1e-03-1e-05_tfp0_ramp200_hLR1_m20_p10_seed22_minsym5_cand7_reducedp4_full_coordeq_fixed_syncfull_v1_rseed0,20,10,22,22,0,7,10,4,6,5,5,1;2;3;5;7;9,full_preactivation,5.666666666666667,,False,0.1,,,5.666666666666667,coord_equal_fixed,(M - N) / N,0.1,False,full,128,0.00,0.00,0.00,1.00,128,2000,16,200,200,0.0,0.0,0.001,1e-05,False,5,5.0,0.0,200,1.0,0.065820,1.1945,0.0082,5,0.038258,nan,models/chua_orig_nint128_bs16_sig0.0_lr1e-03-1e-05_tfp0_ramp200_hLR1_m20_p10_seed22_minsym5_cand7_reducedp4_full_coordeq_fixed_syncfull_v1_rseed0.pth,full_coordeq_fixed_syncfull_v1,False,completed,5,5,1.194543
chua_orig_nint128_bs16_sig0.0_lr1e-03-1e-05_tfp0_ramp200_hLR1_m20_p10_seed23_minsym5_cand0_reducedp3_full_coordeq_fixed_syncfull_v1_rseed0,20,10,23,23,0,0,10,3,7,5,5,0;1;3;4;6;7;9,full_preactivation,5.666666666666667,,False,0.1,,,5.666666666666667,coord_equal_fixed,(M - N) / N,0.1,False,full,128,0.00,0.00,0.00,1.00,128,2000,16,200,200,0.0,0.0,0.001,1e-05,False,5,5.0,0.0,200,1.0,0.130445,1.5040,0.0103,6,0.021593,nan,models/chua_orig_nint128_bs16_sig0.0_lr1e-03-1e-05_tfp0_ramp200_hLR1_m20_p10_seed23_minsym5_cand0_reducedp3_full_coordeq_fixed_syncfull_v1_rseed0.pth,full_coordeq_fixed_syncfull_v1,False,completed,5,7,2.159263
chua_orig_nint128_bs16_sig0.0_lr1e-03-1e-05_tfp0_ramp200_hLR1_m20_p10_seed23_minsym5_cand1_reducedp3_full_coordeq_fixed_syncfull_v1_rseed0,20,10,23,23,0,1,10,3,7,5,5,0;1;3;5;6;7;9,full_preactivation,5.666666666666667,,False,0.1,,,5.666666666666667,coord_equal_fixed,(M - N) / N,0.1,False,full,128,0.00,0.00,0.00,1.00,128,2000,16,200,200,0.0,0.0,0.001,1e-05,False,5,5.0,0.0,200,1.0,0.061948,1.2553,0.0107,5,0.027684,nan,models/chua_orig_nint128_bs16_sig0.0_lr1e-03-1e-05_tfp0_ramp200_hLR1_m20_p10_seed23_minsym5_cand1_reducedp3_full_coordeq_fixed_syncfull_v1_rseed0.pth,full_coordeq_fixed_syncfull_v1,False,completed,5,5,1.255278
chua_orig_nint128_bs16_sig0.0_lr1e-03-1e-05_tfp0_ramp200_hLR1_m20_p10_seed23_minsym5_cand2_reducedp3_full_coordeq_fixed_syncfull_v1_rseed0,20,10,23,23,0,2,10,3,7,5,5,0;1;4;5;6;7;9,full_preactivation,5.666666666666667,,False,0.1,,,5.666666666666667,coord_equal_fixed,(M - N) / N,0.1,False,full,128,0.00,0.00,0.00,1.00,128,2000,16,200,200,0.0,0.0,0.001,1e-05,False,5,5.0,0.0,200,1.0,0.066089,1.2057,0.0136,5,0.025315,nan,models/chua_orig_nint128_bs16_sig0.0_lr1e-03-1e-05_tfp0_ramp200_hLR1_m20_p10_seed23_minsym5_cand2_reducedp3_full_coordeq_fixed_syncfull_v1_rseed0.pth,full_coordeq_fixed_syncfull_v1,False,completed,5,5,1.205747
chua_orig_nint128_bs16_sig0.0_lr1e-03-1e-05_tfp0_ramp200_hLR1_m20_p10_seed24_minsym5_cand0_reducedp3_full_coordeq_fixed_syncfull_v1_rseed0,20,10,24,24,0,0,10,3,7,5,5,0;1;2;3;5;6;9,full_preactivation,5.666666666666667,,False,0.1,,,5.666666666666667,coord_equal_fixed,(M - N) / N,0.1,False,full,128,0.00,0.00,0.00,1.00,128,2000,16,200,200,0.0,0.0,0.001,1e-05,False,5,5.0,0.0,200,1.0,0.049318,1.1110,0.0068,4,0.026841,nan,models/chua_orig_nint128_bs16_sig0.0_lr1e-03-1e-05_tfp0_ramp200_hLR1_m20_p10_seed24_minsym5_cand0_reducedp3_full_coordeq_fixed_syncfull_v1_rseed0.pth,full_coordeq_fixed_syncfull_v1,False,completed,5,5,1.110957
chua_orig_nint128_bs16_sig0.0_lr1e-03-1e-05_tfp0_ramp200_hLR1_m20_p10_seed24_minsym5_cand1_reducedp3_full_coordeq_fixed_syncfull_v1_rseed0,20,10,24,24,0,1,10,3,7,5,5,0;1;2;3;5;8;9,full_preactivation,5.666666666666667,,False,0.1,,,5.666666666666667,coord_equal_fixed,(M - N) / N,0.1,False,full,128,0.00,0.00,0.00,1.00,128,2000,16,200,200,0.0,0.0,0.001,1e-05,False,5,5.0,0.0,200,1.0,0.051807,1.1595,0.0062,5,0.029175,nan,models/chua_orig_nint128_bs16_sig0.0_lr1e-03-1e-05_tfp0_ramp200_hLR1_m20_p10_seed24_minsym5_cand1_reducedp3_full_coordeq_fixed_syncfull_v1_rseed0.pth,full_coordeq_fixed_syncfull_v1,False,completed,5,5,1.159511
chua_orig_nint128_bs16_sig0.0_lr1e-03-1e-05_tfp0_ramp200_hLR1_m20_p10_seed24_minsym5_cand2_reducedp3_full_coordeq_fixed_syncfull_v1_rseed0,20,10,24,24,0,2,10,3,7,5,5,0;1;2;3;6;7;9,full_preactivation,5.666666666666667,,False,0.1,,,5.666666666666667,coord_equal_fixed,(M - N) / N,0.1,False,full,128,0.00,0.00,0.00,1.00,128,2000,16,200,200,0.0,0.0,0.001,1e-05,False,5,5.0,0.0,200,1.0,0.053403,1.2270,0.0130,5,0.028516,nan,models/chua_orig_nint128_bs16_sig0.0_lr1e-03-1e-05_tfp0_ramp200_hLR1_m20_p10_seed24_minsym5_cand2_reducedp3_full_coordeq_fixed_syncfull_v1_rseed0.pth,full_coordeq_fixed_syncfull_v1,False,completed,5,5,1.227009
chua_orig_nint128_bs16_sig0.0_lr1e-03-1e-05_tfp0_ramp200_hLR1_m20_p10_seed24_minsym5_cand3_reducedp3_full_coordeq_fixed_syncfull_v1_rseed0,20,10,24,24,0,3,10,3,7,5,5,0;1;2;3;7;8;9,full_preactivation,5.666666666666667,,False,0.1,,,5.666666666666667,coord_equal_fixed,(M - N) / N,0.1,False,full,128,0.00,0.00,0.00,1.00,128,2000,16,200,200,0.0,0.0,0.001,1e-05,False,5,5.0,0.0,200,1.0,0.062550,1.2358,0.0115,5,0.035793,nan,models/chua_orig_nint128_bs16_sig0.0_lr1e-03-1e-05_tfp0_ramp200_hLR1_m20_p10_seed24_minsym5_cand3_reducedp3_full_coordeq_fixed_syncfull_v1_rseed0.pth,full_coordeq_fixed_syncfull_v1,False,completed,5,5,1.235771
chua_orig_nint128_bs16_sig0.0_lr1e-03-1e-05_tfp0_ramp200_hLR1_m20_p10_seed24_minsym5_cand4_reducedp3_full_coordeq_fixed_syncfull_v1_rseed0,20,10,24,24,0,4,10,3,7,5,5,0;1;2;5;6;7;9,full_preactivation,5.666666666666667,,False,0.1,,,5.666666666666667,coord_equal_fixed,(M - N) / N,0.1,False,full,128,0.00,0.00,0.00,1.00,128,2000,16,200,200,0.0,0.0,0.001,1e-05,False,5,5.0,0.0,200,1.0,0.036280,1.1387,0.0080,5,0.022222,nan,models/chua_orig_nint128_bs16_sig0.0_lr1e-03-1e-05_tfp0_ramp200_hLR1_m20_p10_seed24_minsym5_cand4_reducedp3_full_coordeq_fixed_syncfull_v1_rseed0.pth,full_coordeq_fixed_syncfull_v1,False,completed,5,5,1.138659
chua_orig_nint128_bs16_sig0.0_lr1e-03-1e-05_tfp0_ramp200_hLR1_m20_p10_seed24_minsym5_cand5_reducedp3_full_coordeq_fixed_syncfull_v1_rseed0,20,10,24,24,0,5,10,3,7,5,5,0;1;2;5;7;8;9,full_preactivation,5.666666666666667,,False,0.1,,,5.666666666666667,coord_equal_fixed,(M - N) / N,0.1,False,full,128,0.00,0.00,0.00,1.00,128,2000,16,200,200,0.0,0.0,0.001,1e-05,False,5,5.0,0.0,200,1.0,0.039697,1.1339,0.0079,5,0.024886,nan,models/chua_orig_nint128_bs16_sig0.0_lr1e-03-1e-05_tfp0_ramp200_hLR1_m20_p10_seed24_minsym5_cand5_reducedp3_full_coordeq_fixed_syncfull_v1_rseed0.pth,full_coordeq_fixed_syncfull_v1,False,completed,5,5,1.133852
chua_orig_nint128_bs16_sig0.0_lr1e-03-1e-05_tfp0_ramp200_hLR1_m20_p10_seed24_minsym5_cand6_reducedp3_full_coordeq_fixed_syncfull_v1_rseed0,20,10,24,24,0,6,10,3,7,5,5,0;2;3;5;6;7;9,full_preactivation,5.666666666666667,,False,0.1,,,5.666666666666667,coord_equal_fixed,(M - N) / N,0.1,False,full,128,0.00,0.00,0.00,1.00,128,2000,16,200,200,0.0,0.0,0.001,1e-05,False,5,5.0,0.0,200,1.0,0.049946,1.1466,0.0094,5,0.018154,nan,models/chua_orig_nint128_bs16_sig0.0_lr1e-03-1e-05_tfp0_ramp200_hLR1_m20_p10_seed24_minsym5_cand6_reducedp3_full_coordeq_fixed_syncfull_v1_rseed0.pth,full_coordeq_fixed_syncfull_v1,False,completed,5,5,1.146599
chua_orig_nint128_bs16_sig0.0_lr1e-03-1e-05_tfp0_ramp200_hLR1_m20_p10_seed24_minsym5_cand7_reducedp3_full_coordeq_fixed_syncfull_v1_rseed0,20,10,24,24,0,7,10,3,7,5,5,0;2;3;5;7;8;9,full_preactivation,5.666666666666667,,False,0.1,,,5.666666666666667,coord_equal_fixed,(M - N) / N,0.1,False,full,128,0.00,0.00,0.00,1.00,128,2000,16,200,200,0.0,0.0,0.001,1e-05,False,5,5.0,0.0,200,1.0,0.054298,1.2165,0.0062,5,0.023652,nan,models/chua_orig_nint128_bs16_sig0.0_lr1e-03-1e-05_tfp0_ramp200_hLR1_m20_p10_seed24_minsym5_cand7_reducedp3_full_coordeq_fixed_syncfull_v1_rseed0.pth,full_coordeq_fixed_syncfull_v1,False,completed,5,5,1.216461
chua_orig_nint128_bs16_sig0.0_lr1e-03-1e-05_tfp0_ramp200_hLR1_m20_p10_seed25_minsym5_cand0_reducedp3_full_coordeq_fixed_syncfull_v1_rseed0,20,10,25,25,0,0,10,3,7,5,5,0;1;2;3;4;5;8,full_preactivation,5.666666666666667,,False,0.1,,,5.666666666666667,coord_equal_fixed,(M - N) / N,0.1,False,full,128,0.00,0.00,0.00,1.00,128,2000,16,200,200,0.0,0.0,0.001,1e-05,False,5,5.0,0.0,200,1.0,0.071563,1.3126,0.0093,5,0.046343,nan,models/chua_orig_nint128_bs16_sig0.0_lr1e-03-1e-05_tfp0_ramp200_hLR1_m20_p10_seed25_minsym5_cand0_reducedp3_full_coordeq_fixed_syncfull_v1_rseed0.pth,full_coordeq_fixed_syncfull_v1,False,completed,5,5,1.312635
chua_orig_nint128_bs16_sig0.0_lr1e-03-1e-05_tfp0_ramp200_hLR1_m20_p10_seed25_minsym5_cand1_reducedp3_full_coordeq_fixed_syncfull_v1_rseed0,20,10,25,25,0,1,10,3,7,5,5,0;1;2;3;4;8;9,full_preactivation,5.666666666666667,,False,0.1,,,5.666666666666667,coord_equal_fixed,(M - N) / N,0.1,False,full,128,0.00,0.00,0.00,1.00,128,2000,16,200,200,0.0,0.0,0.001,1e-05,False,5,5.0,0.0,200,1.0,0.044138,1.3436,0.0063,4,0.027624,nan,models/chua_orig_nint128_bs16_sig0.0_lr1e-03-1e-05_tfp0_ramp200_hLR1_m20_p10_seed25_minsym5_cand1_reducedp3_full_coordeq_fixed_syncfull_v1_rseed0.pth,full_coordeq_fixed_syncfull_v1,False,completed,5,5,1.349913
chua_orig_nint128_bs16_sig0.0_lr1e-03-1e-05_tfp0_ramp200_hLR1_m20_p10_seed25_minsym5_cand2_reducedp3_full_coordeq_fixed_syncfull_v1_rseed0,20,10,25,25,0,2,10,3,7,5,5,0;1;2;4;5;7;8,full_preactivation,5.666666666666667,,False,0.1,,,5.666666666666667,coord_equal_fixed,(M - N) / N,0.1,False,full,128,0.00,0.00,0.00,1.00,128,2000,16,200,200,0.0,0.0,0.001,1e-05,False,5,5.0,0.0,200,1.0,0.027932,1.0985,0.0098,5,0.016435,nan,models/chua_orig_nint128_bs16_sig0.0_lr1e-03-1e-05_tfp0_ramp200_hLR1_m20_p10_seed25_minsym5_cand2_reducedp3_full_coordeq_fixed_syncfull_v1_rseed0.pth,full_coordeq_fixed_syncfull_v1,False,completed,5,5,1.098533
chua_orig_nint128_bs16_sig0.0_lr1e-03-1e-05_tfp0_ramp200_hLR1_m20_p10_seed25_minsym5_cand3_reducedp3_full_coordeq_fixed_syncfull_v1_rseed0,20,10,25,25,0,3,10,3,7,5,5,0;1;2;4;7;8;9,full_preactivation,5.666666666666667,,False,0.1,,,5.666666666666667,coord_equal_fixed,(M - N) / N,0.1,False,full,128,0.00,0.00,0.00,1.00,128,2000,16,200,200,0.0,0.0,0.001,1e-05,False,5,5.0,0.0,200,1.0,0.036535,1.3358,0.0087,5,0.020656,nan,models/chua_orig_nint128_bs16_sig0.0_lr1e-03-1e-05_tfp0_ramp200_hLR1_m20_p10_seed25_minsym5_cand3_reducedp3_full_coordeq_fixed_syncfull_v1_rseed0.pth,full_coordeq_fixed_syncfull_v1,False,completed,5,5,1.335848
chua_orig_nint128_bs16_sig0.0_lr1e-03-1e-05_tfp0_ramp200_hLR1_m20_p10_seed25_minsym5_cand4_reducedp3_full_coordeq_fixed_syncfull_v1_rseed0,20,10,25,25,0,4,10,3,7,5,5,0;2;3;4;5;8;9,full_preactivation,5.666666666666667,,False,0.1,,,5.666666666666667,coord_equal_fixed,(M - N) / N,0.1,False,full,128,0.00,0.00,0.00,1.00,128,2000,16,200,200,0.0,0.0,0.001,1e-05,False,5,5.0,0.0,200,1.0,0.035975,1.2498,0.0098,5,0.021676,nan,models/chua_orig_nint128_bs16_sig0.0_lr1e-03-1e-05_tfp0_ramp200_hLR1_m20_p10_seed25_minsym5_cand4_reducedp3_full_coordeq_fixed_syncfull_v1_rseed0.pth,full_coordeq_fixed_syncfull_v1,False,completed,5,5,1.249838
chua_orig_nint128_bs16_sig0.0_lr1e-03-1e-05_tfp0_ramp200_hLR1_m20_p10_seed25_minsym5_cand5_reducedp3_full_coordeq_fixed_syncfull_v1_rseed0,20,10,25,25,0,5,10,3,7,5,5,0;2;4;5;7;8;9,full_preactivation,5.666666666666667,,False,0.1,,,5.666666666666667,coord_equal_fixed,(M - N) / N,0.1,False,full,128,0.00,0.00,0.00,1.00,128,2000,16,200,200,0.0,0.0,0.001,1e-05,False,5,5.0,0.0,200,1.0,0.026560,1.1771,0.0166,5,0.013804,nan,models/chua_orig_nint128_bs16_sig0.0_lr1e-03-1e-05_tfp0_ramp200_hLR1_m20_p10_seed25_minsym5_cand5_reducedp3_full_coordeq_fixed_syncfull_v1_rseed0.pth,full_coordeq_fixed_syncfull_v1,False,completed,5,5,1.177138
chua_orig_nint128_bs16_sig0.0_lr1e-03-1e-05_tfp0_ramp200_hLR1_m20_p10_seed25_minsym5_cand6_reducedp3_full_coordeq_fixed_syncfull_v1_rseed0,20,10,25,25,0,6,10,3,7,5,5,1;2;3;4;5;7;8,full_preactivation,5.666666666666667,,False,0.1,,,5.666666666666667,coord_equal_fixed,(M - N) / N,0.1,False,full,128,0.00,0.00,0.00,1.00,128,2000,16,200,200,0.0,0.0,0.001,1e-05,False,5,5.0,0.0,200,1.0,0.029371,1.1355,0.0179,5,0.019877,nan,models/chua_orig_nint128_bs16_sig0.0_lr1e-03-1e-05_tfp0_ramp200_hLR1_m20_p10_seed25_minsym5_cand6_reducedp3_full_coordeq_fixed_syncfull_v1_rseed0.pth,full_coordeq_fixed_syncfull_v1,False,completed,5,5,1.135518
chua_orig_nint128_bs16_sig0.0_lr1e-03-1e-05_tfp0_ramp200_hLR1_m20_p10_seed25_minsym5_cand7_reducedp3_full_coordeq_fixed_syncfull_v1_rseed0,20,10,25,25,0,7,10,3,7,5,5,1;2;3;4;7;8;9,full_preactivation,5.666666666666667,,False,0.1,,,5.666666666666667,coord_equal_fixed,(M - N) / N,0.1,False,full,128,0.00,0.00,0.00,1.00,128,2000,16,200,200,0.0,0.0,0.001,1e-05,False,5,5.0,0.0,200,1.0,0.034617,1.3363,0.0100,5,0.022123,nan,models/chua_orig_nint128_bs16_sig0.0_lr1e-03-1e-05_tfp0_ramp200_hLR1_m20_p10_seed25_minsym5_cand7_reducedp3_full_coordeq_fixed_syncfull_v1_rseed0.pth,full_coordeq_fixed_syncfull_v1,False,completed,5,5,1.336298
chua_orig_nint128_bs16_sig0.0_lr1e-03-1e-05_tfp0_ramp200_hLR1_m20_p10_seed25_minsym5_cand8_reducedp3_full_coordeq_fixed_syncfull_v1_rseed0,20,10,25,25,0,8,10,3,7,5,5,2;3;4;5;7;8;9,full_preactivation,5.666666666666667,,False,0.1,,,5.666666666666667,coord_equal_fixed,(M - N) / N,0.1,False,full,128,0.00,0.00,0.00,1.00,128,2000,16,200,200,0.0,0.0,0.001,1e-05,False,5,5.0,0.0,200,1.0,0.027592,1.1450,0.0128,5,0.016960,nan,models/chua_orig_nint128_bs16_sig0.0_lr1e-03-1e-05_tfp0_ramp200_hLR1_m20_p10_seed25_minsym5_cand8_reducedp3_full_coordeq_fixed_syncfull_v1_rseed0.pth,full_coordeq_fixed_syncfull_v1,False,completed,5,5,1.144984
chua_orig_nint128_bs16_sig0.0_lr1e-03-1e-05_tfp0_ramp200_hLR1_m20_p10_seed26_minsym5_cand0_reducedp3_full_coordeq_fixed_syncfull_v1_rseed0,20,10,26,26,0,0,10,3,7,5,5,0;1;2;4;5;7;9,full_preactivation,5.666666666666667,,False,0.1,,,5.666666666666667,coord_equal_fixed,(M - N) / N,0.1,False,full,128,0.00,0.00,0.00,1.00,128,2000,16,200,200,0.0,0.0,0.001,1e-05,False,5,5.0,0.0,200,1.0,0.026373,1.1146,0.0064,5,0.013987,nan,models/chua_orig_nint128_bs16_sig0.0_lr1e-03-1e-05_tfp0_ramp200_hLR1_m20_p10_seed26_minsym5_cand0_reducedp3_full_coordeq_fixed_syncfull_v1_rseed0.pth,full_coordeq_fixed_syncfull_v1,False,completed,5,6,1.114570
chua_orig_nint128_bs16_sig0.0_lr1e-03-1e-05_tfp0_ramp200_hLR1_m20_p10_seed26_minsym5_cand1_reducedp3_full_coordeq_fixed_syncfull_v1_rseed0,20,10,26,26,0,1,10,3,7,5,5,0;1;2;4;7;8;9,full_preactivation,5.666666666666667,,False,0.1,,,5.666666666666667,coord_equal_fixed,(M - N) / N,0.1,False,full,128,0.00,0.00,0.00,1.00,128,2000,16,200,200,0.0,0.0,0.001,1e-05,False,5,5.0,0.0,200,1.0,0.036076,1.1868,0.0073,5,0.018353,nan,models/chua_orig_nint128_bs16_sig0.0_lr1e-03-1e-05_tfp0_ramp200_hLR1_m20_p10_seed26_minsym5_cand1_reducedp3_full_coordeq_fixed_syncfull_v1_rseed0.pth,full_coordeq_fixed_syncfull_v1,False,completed,5,5,1.186846
chua_orig_nint128_bs16_sig0.0_lr1e-03-1e-05_tfp0_ramp200_hLR1_m20_p10_seed26_minsym5_cand2_reducedp3_full_coordeq_fixed_syncfull_v1_rseed0,20,10,26,26,0,2,10,3,7,5,5,0;1;4;5;6;7;9,full_preactivation,5.666666666666667,,False,0.1,,,5.666666666666667,coord_equal_fixed,(M - N) / N,0.1,False,full,128,0.00,0.00,0.00,1.00,128,2000,16,200,200,0.0,0.0,0.001,1e-05,False,5,5.0,0.0,200,1.0,0.032295,1.1830,0.0080,5,0.018901,nan,models/chua_orig_nint128_bs16_sig0.0_lr1e-03-1e-05_tfp0_ramp200_hLR1_m20_p10_seed26_minsym5_cand2_reducedp3_full_coordeq_fixed_syncfull_v1_rseed0.pth,full_coordeq_fixed_syncfull_v1,False,completed,5,5,1.183015
chua_orig_nint128_bs16_sig0.0_lr1e-03-1e-05_tfp0_ramp200_hLR1_m20_p10_seed26_minsym5_cand3_reducedp3_full_coordeq_fixed_syncfull_v1_rseed0,20,10,26,26,0,3,10,3,7,5,5,0;1;4;6;7;8;9,full_preactivation,5.666666666666667,,False,0.1,,,5.666666666666667,coord_equal_fixed,(M - N) / N,0.1,False,full,128,0.00,0.00,0.00,1.00,128,2000,16,200,200,0.0,0.0,0.001,1e-05,False,5,5.0,0.0,200,1.0,0.066849,1.6897,0.0158,5,0.031676,nan,models/chua_orig_nint128_bs16_sig0.0_lr1e-03-1e-05_tfp0_ramp200_hLR1_m20_p10_seed26_minsym5_cand3_reducedp3_full_coordeq_fixed_syncfull_v1_rseed0.pth,full_coordeq_fixed_syncfull_v1,False,completed,5,6,1.689706
chua_orig_nint128_bs16_sig0.0_lr1e-03-1e-05_tfp0_ramp200_hLR1_m20_p10_seed26_minsym5_cand4_reducedp3_full_coordeq_fixed_syncfull_v1_rseed0,20,10,26,26,0,4,10,3,7,5,5,0;2;3;4;5;6;9,full_preactivation,5.666666666666667,,False,0.1,,,5.666666666666667,coord_equal_fixed,(M - N) / N,0.1,False,full,128,0.00,0.00,0.00,1.00,128,2000,16,200,200,0.0,0.0,0.001,1e-05,False,5,5.0,0.0,200,1.0,0.476280,2.7084,0.0117,2,0.355882,nan,models/chua_orig_nint128_bs16_sig0.0_lr1e-03-1e-05_tfp0_ramp200_hLR1_m20_p10_seed26_minsym5_cand4_reducedp3_full_coordeq_fixed_syncfull_v1_rseed0.pth,full_coordeq_fixed_syncfull_v1,False,completed,3,4,2.708414
chua_orig_nint128_bs16_sig0.0_lr1e-03-1e-05_tfp0_ramp200_hLR1_m20_p10_seed26_minsym5_cand5_reducedp3_full_coordeq_fixed_syncfull_v1_rseed0,20,10,26,26,0,5,10,3,7,5,5,0;2;3;4;6;8;9,full_preactivation,5.666666666666667,,False,0.1,,,5.666666666666667,coord_equal_fixed,(M - N) / N,0.1,False,full,128,0.00,0.00,0.00,1.00,128,2000,16,200,200,0.0,0.0,0.001,1e-05,False,5,5.0,0.0,200,1.0,0.468250,2.6674,0.0154,2,0.352945,nan,models/chua_orig_nint128_bs16_sig0.0_lr1e-03-1e-05_tfp0_ramp200_hLR1_m20_p10_seed26_minsym5_cand5_reducedp3_full_coordeq_fixed_syncfull_v1_rseed0.pth,full_coordeq_fixed_syncfull_v1,False,completed,3,6,2.667393
chua_orig_nint128_bs16_sig0.0_lr1e-03-1e-05_tfp0_ramp200_hLR1_m20_p10_seed26_minsym5_cand6_reducedp3_full_coordeq_fixed_syncfull_v1_rseed0,20,10,26,26,0,6,10,3,7,5,5,1;2;4;5;7;8;9,full_preactivation,5.666666666666667,,False,0.1,,,5.666666666666667,coord_equal_fixed,(M - N) / N,0.1,False,full,128,0.00,0.00,0.00,1.00,128,2000,16,200,200,0.0,0.0,0.001,1e-05,False,5,5.0,0.0,200,1.0,0.021808,1.0732,0.0088,5,0.012686,nan,models/chua_orig_nint128_bs16_sig0.0_lr1e-03-1e-05_tfp0_ramp200_hLR1_m20_p10_seed26_minsym5_cand6_reducedp3_full_coordeq_fixed_syncfull_v1_rseed0.pth,full_coordeq_fixed_syncfull_v1,False,completed,5,5,1.073154
chua_orig_nint128_bs16_sig0.0_lr1e-03-1e-05_tfp0_ramp200_hLR1_m20_p10_seed26_minsym5_cand7_reducedp3_full_coordeq_fixed_syncfull_v1_rseed0,20,10,26,26,0,7,10,3,7,5,5,1;4;5;6;7;8;9,full_preactivation,5.666666666666667,,False,0.1,,,5.666666666666667,coord_equal_fixed,(M - N) / N,0.1,False,full,128,0.00,0.00,0.00,1.00,128,2000,16,200,200,0.0,0.0,0.001,1e-05,False,5,5.0,0.0,200,1.0,0.025129,1.1571,0.0116,4,0.013455,nan,models/chua_orig_nint128_bs16_sig0.0_lr1e-03-1e-05_tfp0_ramp200_hLR1_m20_p10_seed26_minsym5_cand7_reducedp3_full_coordeq_fixed_syncfull_v1_rseed0.pth,full_coordeq_fixed_syncfull_v1,False,completed,5,5,1.157080
chua_orig_nint128_bs16_sig0.0_lr1e-03-1e-05_tfp0_ramp200_hLR1_m20_p10_seed26_minsym5_cand8_reducedp3_full_coordeq_fixed_syncfull_v1_rseed0,20,10,26,26,0,8,10,3,7,5,5,2;3;4;5;6;8;9,full_preactivation,5.666666666666667,,False,0.1,,,5.666666666666667,coord_equal_fixed,(M - N) / N,0.1,False,full,128,0.00,0.00,0.00,1.00,128,2000,16,200,200,0.0,0.0,0.001,1e-05,False,5,5.0,0.0,200,1.0,0.478364,2.7445,0.0143,2,0.357345,nan,models/chua_orig_nint128_bs16_sig0.0_lr1e-03-1e-05_tfp0_ramp200_hLR1_m20_p10_seed26_minsym5_cand8_reducedp3_full_coordeq_fixed_syncfull_v1_rseed0.pth,full_coordeq_fixed_syncfull_v1,False,completed,3,4,2.744539
chua_orig_nint128_bs16_sig0.0_lr1e-03-1e-05_tfp0_ramp200_hLR1_m20_p10_seed27_minsym5_cand0_reducedp3_full_coordeq_fixed_syncfull_v1_rseed0,20,10,27,27,0,0,10,3,7,5,5,1;2;3;4;5;6;7,full_preactivation,5.666666666666667,,False,0.1,,,5.666666666666667,coord_equal_fixed,(M - N) / N,0.1,False,full,128,0.00,0.00,0.00,1.00,128,2000,16,200,200,0.0,0.0,0.001,1e-05,False,5,5.0,0.0,200,1.0,0.089723,1.2794,0.0119,5,0.040442,nan,models/chua_orig_nint128_bs16_sig0.0_lr1e-03-1e-05_tfp0_ramp200_hLR1_m20_p10_seed27_minsym5_cand0_reducedp3_full_coordeq_fixed_syncfull_v1_rseed0.pth,full_coordeq_fixed_syncfull_v1,False,completed,5,5,1.279383
chua_orig_nint128_bs16_sig0.0_lr1e-03-1e-05_tfp0_ramp200_hLR1_m20_p10_seed27_minsym5_cand1_reducedp3_full_coordeq_fixed_syncfull_v1_rseed0,20,10,27,27,0,1,10,3,7,5,5,1;2;3;4;5;7;8,full_preactivation,5.666666666666667,,False,0.1,,,5.666666666666667,coord_equal_fixed,(M - N) / N,0.1,False,full,128,0.00,0.00,0.00,1.00,128,2000,16,200,200,0.0,0.0,0.001,1e-05,False,5,5.0,0.0,200,1.0,0.095243,1.3384,0.0077,4,0.037812,nan,models/chua_orig_nint128_bs16_sig0.0_lr1e-03-1e-05_tfp0_ramp200_hLR1_m20_p10_seed27_minsym5_cand1_reducedp3_full_coordeq_fixed_syncfull_v1_rseed0.pth,full_coordeq_fixed_syncfull_v1,False,completed,5,5,1.338412
chua_orig_nint128_bs16_sig0.0_lr1e-03-1e-05_tfp0_ramp200_hLR1_m20_p10_seed27_minsym5_cand2_reducedp3_full_coordeq_fixed_syncfull_v1_rseed0,20,10,27,27,0,2,10,3,7,5,5,2;3;4;5;6;7;8,full_preactivation,5.666666666666667,,False,0.1,,,5.666666666666667,coord_equal_fixed,(M - N) / N,0.1,False,full,128,0.00,0.00,0.00,1.00,128,2000,16,200,200,0.0,0.0,0.001,1e-05,False,5,5.0,0.0,200,1.0,0.060246,1.1735,0.0104,5,0.020221,nan,models/chua_orig_nint128_bs16_sig0.0_lr1e-03-1e-05_tfp0_ramp200_hLR1_m20_p10_seed27_minsym5_cand2_reducedp3_full_coordeq_fixed_syncfull_v1_rseed0.pth,full_coordeq_fixed_syncfull_v1,False,completed,5,5,1.173508
chua_orig_nint128_bs16_sig0.0_lr1e-03-1e-05_tfp0_ramp200_hLR1_m20_p10_seed28_minsym5_cand0_reducedp3_full_coordeq_fixed_syncfull_v1_rseed0,20,10,28,28,0,0,10,3,7,5,5,0;1;2;3;5;6;9,full_preactivation,5.666666666666667,,False,0.1,,,5.666666666666667,coord_equal_fixed,(M - N) / N,0.1,False,full,128,0.00,0.00,0.00,1.00,128,2000,16,200,200,0.0,0.0,0.001,1e-05,False,5,5.0,0.0,200,1.0,0.053366,1.3011,0.0093,5,0.032090,nan,models/chua_orig_nint128_bs16_sig0.0_lr1e-03-1e-05_tfp0_ramp200_hLR1_m20_p10_seed28_minsym5_cand0_reducedp3_full_coordeq_fixed_syncfull_v1_rseed0.pth,full_coordeq_fixed_syncfull_v1,False,completed,5,5,1.301133
chua_orig_nint128_bs16_sig0.0_lr1e-03-1e-05_tfp0_ramp200_hLR1_m20_p10_seed28_minsym5_cand1_reducedp3_full_coordeq_fixed_syncfull_v1_rseed0,20,10,28,28,0,1,10,3,7,5,5,0;1;2;3;6;7;9,full_preactivation,5.666666666666667,,False,0.1,,,5.666666666666667,coord_equal_fixed,(M - N) / N,0.1,False,full,128,0.00,0.00,0.00,1.00,128,2000,16,200,200,0.0,0.0,0.001,1e-05,False,5,5.0,0.0,200,1.0,0.047950,1.1927,0.0117,4,0.022495,nan,models/chua_orig_nint128_bs16_sig0.0_lr1e-03-1e-05_tfp0_ramp200_hLR1_m20_p10_seed28_minsym5_cand1_reducedp3_full_coordeq_fixed_syncfull_v1_rseed0.pth,full_coordeq_fixed_syncfull_v1,False,completed,5,5,1.192652
chua_orig_nint128_bs16_sig0.0_lr1e-03-1e-05_tfp0_ramp200_hLR1_m20_p10_seed28_minsym5_cand2_reducedp3_full_coordeq_fixed_syncfull_v1_rseed0,20,10,28,28,0,2,10,3,7,5,5,0;1;2;5;6;7;9,full_preactivation,5.666666666666667,,False,0.1,,,5.666666666666667,coord_equal_fixed,(M - N) / N,0.1,False,full,128,0.00,0.00,0.00,1.00,128,2000,16,200,200,0.0,0.0,0.001,1e-05,False,5,5.0,0.0,200,1.0,0.064437,1.3540,0.0095,5,0.041077,nan,models/chua_orig_nint128_bs16_sig0.0_lr1e-03-1e-05_tfp0_ramp200_hLR1_m20_p10_seed28_minsym5_cand2_reducedp3_full_coordeq_fixed_syncfull_v1_rseed0.pth,full_coordeq_fixed_syncfull_v1,False,completed,5,5,1.354023
chua_orig_nint128_bs16_sig0.0_lr1e-03-1e-05_tfp0_ramp200_hLR1_m20_p10_seed29_minsym5_cand0_reducedp3_full_coordeq_fixed_syncfull_v1_rseed0,20,10,29,29,0,0,10,3,7,5,5,0;1;2;3;5;8;9,full_preactivation,5.666666666666667,,False,0.1,,,5.666666666666667,coord_equal_fixed,(M - N) / N,0.1,False,full,128,0.00,0.00,0.00,1.00,128,2000,16,200,200,0.0,0.0,0.001,1e-05,False,5,5.0,0.0,200,1.0,0.035098,1.2387,0.0065,5,0.017730,nan,models/chua_orig_nint128_bs16_sig0.0_lr1e-03-1e-05_tfp0_ramp200_hLR1_m20_p10_seed29_minsym5_cand0_reducedp3_full_coordeq_fixed_syncfull_v1_rseed0.pth,full_coordeq_fixed_syncfull_v1,False,completed,5,5,1.238713
chua_orig_nint128_bs16_sig0.0_lr1e-03-1e-05_tfp0_ramp200_hLR1_m20_p10_seed29_minsym5_cand1_reducedp3_full_coordeq_fixed_syncfull_v1_rseed0,20,10,29,29,0,1,10,3,7,5,5,0;1;2;3;6;8;9,full_preactivation,5.666666666666667,,False,0.1,,,5.666666666666667,coord_equal_fixed,(M - N) / N,0.1,False,full,128,0.00,0.00,0.00,1.00,128,2000,16,200,200,0.0,0.0,0.001,1e-05,False,5,5.0,0.0,200,1.0,0.026009,1.2015,0.0110,5,0.011088,nan,models/chua_orig_nint128_bs16_sig0.0_lr1e-03-1e-05_tfp0_ramp200_hLR1_m20_p10_seed29_minsym5_cand1_reducedp3_full_coordeq_fixed_syncfull_v1_rseed0.pth,full_coordeq_fixed_syncfull_v1,False,completed,5,5,1.201522
chua_orig_nint128_bs16_sig0.0_lr1e-03-1e-05_tfp0_ramp200_hLR1_m20_p10_seed29_minsym5_cand2_reducedp3_full_coordeq_fixed_syncfull_v1_rseed0,20,10,29,29,0,2,10,3,7,5,5,1;2;3;5;6;8;9,full_preactivation,5.666666666666667,,False,0.1,,,5.666666666666667,coord_equal_fixed,(M - N) / N,0.1,False,full,128,0.00,0.00,0.00,1.00,128,2000,16,200,200,0.0,0.0,0.001,1e-05,False,5,5.0,0.0,200,1.0,0.038849,1.2000,0.0061,5,0.013888,nan,models/chua_orig_nint128_bs16_sig0.0_lr1e-03-1e-05_tfp0_ramp200_hLR1_m20_p10_seed29_minsym5_cand2_reducedp3_full_coordeq_fixed_syncfull_v1_rseed0.pth,full_coordeq_fixed_syncfull_v1,False,completed,5,5,1.200033
chua_orig_nint128_bs16_sig0.0_lr1e-03-1e-05_tfp0_ramp200_hLR1_m20_p10_seed0_minsym5_cand0_reducedp3_full_ga1p0_syncfull_v1_rseed0,20,10,0,0,0,0,10,3,7,5,5,0;1;3;4;5;7;9,full_preactivation,1.0,,True,1.0,4174.650194926517,89.10167107347615,46.85265881808117,grad_auto_alpha1,alpha * g_out / (g_aux + eps),1.0,True,full,128,0.00,0.00,0.00,1.00,128,2000,16,200,200,0.0,0.0,0.001,1e-05,False,5,5.0,0.0,200,1.0,0.125583,1.7530,0.0066,5,0.013705,nan,models/chua_orig_nint128_bs16_sig0.0_lr1e-03-1e-05_tfp0_ramp200_hLR1_m20_p10_seed0_minsym5_cand0_reducedp3_full_ga1p0_syncfull_v1_rseed0.pth,full_ga1p0_syncfull_v1,False,completed,5,5,1.752955
chua_orig_nint128_bs16_sig0.0_lr1e-03-1e-05_tfp0_ramp200_hLR1_m20_p10_seed2_minsym5_cand0_reducedp3_full_ga1p0_syncfull_v1_rseed0,20,10,2,2,0,0,10,3,7,5,5,2;4;5;6;7;8;9,full_preactivation,1.0,,True,1.0,24358531.397732828,11160163.322584128,2.1826321617032236,grad_auto_alpha1,alpha * g_out / (g_aux + eps),1.0,True,full,128,0.00,0.00,0.00,1.00,128,2000,16,200,200,0.0,0.0,0.001,1e-05,False,5,5.0,0.0,200,1.0,0.026775,1.2647,0.0090,5,0.017343,nan,models/chua_orig_nint128_bs16_sig0.0_lr1e-03-1e-05_tfp0_ramp200_hLR1_m20_p10_seed2_minsym5_cand0_reducedp3_full_ga1p0_syncfull_v1_rseed0.pth,full_ga1p0_syncfull_v1,False,completed,5,5,1.264713
chua_orig_nint128_bs16_sig0.0_lr1e-03-1e-05_tfp0_ramp200_hLR1_m20_p10_seed3_minsym5_cand0_reducedp3_full_ga1p0_syncfull_v1_rseed0,20,10,3,3,0,0,10,3,7,5,5,0;1;2;3;4;5;8,full_preactivation,1.0,,True,1.0,77291.67246217409,1606.1504133768497,48.12231271644866,grad_auto_alpha1,alpha * g_out / (g_aux + eps),1.0,True,full,128,0.00,0.00,0.00,1.00,128,2000,16,200,200,0.0,0.0,0.001,1e-05,False,5,5.0,0.0,200,1.0,124.958313,1.3787,0.0089,5,0.167201,nan,models/chua_orig_nint128_bs16_sig0.0_lr1e-03-1e-05_tfp0_ramp200_hLR1_m20_p10_seed3_minsym5_cand0_reducedp3_full_ga1p0_syncfull_v1_rseed0.pth,full_ga1p0_syncfull_v1,False,completed,5,5,1.378715
chua_orig_nint128_bs16_sig0.0_lr1e-03-1e-05_tfp0_ramp200_hLR1_m20_p10_seed3_minsym5_cand1_reducedp3_full_ga1p0_syncfull_v1_rseed0,20,10,3,3,0,1,10,3,7,5,5,0;1;2;3;4;6;8,full_preactivation,1.0,,True,1.0,143567.71316699308,3146.0524607732623,45.63424003797629,grad_auto_alpha1,alpha * g_out / (g_aux + eps),1.0,True,full,128,0.00,0.00,0.00,1.00,128,2000,16,200,200,0.0,0.0,0.001,1e-05,False,5,5.0,0.0,200,1.0,6.738021,1.4666,0.0097,4,0.020214,nan,models/chua_orig_nint128_bs16_sig0.0_lr1e-03-1e-05_tfp0_ramp200_hLR1_m20_p10_seed3_minsym5_cand1_reducedp3_full_ga1p0_syncfull_v1_rseed0.pth,full_ga1p0_syncfull_v1,False,completed,5,5,1.466588
chua_orig_nint128_bs16_sig0.0_lr1e-03-1e-05_tfp0_ramp200_hLR1_m20_p10_seed3_minsym5_cand2_reducedp3_full_ga1p0_syncfull_v1_rseed0,20,10,3,3,0,2,10,3,7,5,5,0;1;3;4;5;7;8,full_preactivation,1.0,,True,1.0,128541.97104448025,1639.194013730052,78.41778945493935,grad_auto_alpha1,alpha * g_out / (g_aux + eps),1.0,True,full,128,0.00,0.00,0.00,1.00,128,2000,16,200,200,0.0,0.0,0.001,1e-05,False,5,5.0,0.0,200,1.0,0.153075,1.2446,0.0114,5,0.015218,nan,models/chua_orig_nint128_bs16_sig0.0_lr1e-03-1e-05_tfp0_ramp200_hLR1_m20_p10_seed3_minsym5_cand2_reducedp3_full_ga1p0_syncfull_v1_rseed0.pth,full_ga1p0_syncfull_v1,False,completed,5,5,1.244609
chua_orig_nint128_bs16_sig0.0_lr1e-03-1e-05_tfp0_ramp200_hLR1_m20_p10_seed3_minsym5_cand3_reducedp3_full_ga1p0_syncfull_v1_rseed0,20,10,3,3,0,3,10,3,7,5,5,0;1;3;4;6;7;8,full_preactivation,1.0,,True,1.0,110970.26513440436,1309.3391908513313,84.75287832960342,grad_auto_alpha1,alpha * g_out / (g_aux + eps),1.0,True,full,128,0.00,0.00,0.00,1.00,128,2000,16,200,200,0.0,0.0,0.001,1e-05,False,5,5.0,0.0,200,1.0,0.132450,1.5809,0.0077,5,0.012809,nan,models/chua_orig_nint128_bs16_sig0.0_lr1e-03-1e-05_tfp0_ramp200_hLR1_m20_p10_seed3_minsym5_cand3_reducedp3_full_ga1p0_syncfull_v1_rseed0.pth,full_ga1p0_syncfull_v1,False,completed,5,5,1.580943
chua_orig_nint128_bs16_sig0.0_lr1e-03-1e-05_tfp0_ramp200_hLR1_m20_p10_seed4_minsym5_cand0_reducedp3_full_ga1p0_syncfull_v1_rseed0,20,10,4,4,0,0,10,3,7,5,5,0;1;2;3;4;5;8,full_preactivation,1.0,,True,1.0,573.8987960651251,24.3296620024923,23.58844097407979,grad_auto_alpha1,alpha * g_out / (g_aux + eps),1.0,True,full,128,0.00,0.00,0.00,1.00,128,2000,16,200,200,0.0,0.0,0.001,1e-05,False,5,5.0,0.0,200,1.0,1.437497,3.0457,0.0094,3,0.318323,nan,models/chua_orig_nint128_bs16_sig0.0_lr1e-03-1e-05_tfp0_ramp200_hLR1_m20_p10_seed4_minsym5_cand0_reducedp3_full_ga1p0_syncfull_v1_rseed0.pth,full_ga1p0_syncfull_v1,False,completed,4,6,3.045670
chua_orig_nint128_bs16_sig0.0_lr1e-03-1e-05_tfp0_ramp200_hLR1_m20_p10_seed4_minsym5_cand1_reducedp3_full_ga1p0_syncfull_v1_rseed0,20,10,4,4,0,1,10,3,7,5,5,0;1;4;6;7;8;9,full_preactivation,1.0,,True,1.0,381442.4952938516,26952.111559208122,14.152601530158504,grad_auto_alpha1,alpha * g_out / (g_aux + eps),1.0,True,full,128,0.00,0.00,0.00,1.00,128,2000,16,200,200,0.0,0.0,0.001,1e-05,False,5,5.0,0.0,200,1.0,0.320934,1.6967,0.0125,6,0.081899,nan,models/chua_orig_nint128_bs16_sig0.0_lr1e-03-1e-05_tfp0_ramp200_hLR1_m20_p10_seed4_minsym5_cand1_reducedp3_full_ga1p0_syncfull_v1_rseed0.pth,full_ga1p0_syncfull_v1,False,completed,5,5,1.727227
chua_orig_nint128_bs16_sig0.0_lr1e-03-1e-05_tfp0_ramp200_hLR1_m20_p10_seed4_minsym5_cand2_reducedp3_full_ga1p0_syncfull_v1_rseed0,20,10,4,4,0,2,10,3,7,5,5,1;2;3;4;5;6;8,full_preactivation,1.0,,True,1.0,2405.025123309526,43.82912139575945,54.87276602223109,grad_auto_alpha1,alpha * g_out / (g_aux + eps),1.0,True,full,128,0.00,0.00,0.00,1.00,128,2000,16,200,200,0.0,0.0,0.001,1e-05,False,5,5.0,0.0,200,1.0,0.562941,1.7879,0.0103,5,0.069556,nan,models/chua_orig_nint128_bs16_sig0.0_lr1e-03-1e-05_tfp0_ramp200_hLR1_m20_p10_seed4_minsym5_cand2_reducedp3_full_ga1p0_syncfull_v1_rseed0.pth,full_ga1p0_syncfull_v1,False,completed,5,5,1.787902
chua_orig_nint128_bs16_sig0.0_lr1e-03-1e-05_tfp0_ramp200_hLR1_m20_p10_seed4_minsym5_cand3_reducedp3_full_ga1p0_syncfull_v1_rseed0,20,10,4,4,0,3,10,3,7,5,5,1;2;3;4;5;7;8,full_preactivation,1.0,,True,1.0,430398.7574703254,22437.406696184833,19.182197091587625,grad_auto_alpha1,alpha * g_out / (g_aux + eps),1.0,True,full,128,0.00,0.00,0.00,1.00,128,2000,16,200,200,0.0,0.0,0.001,1e-05,False,5,5.0,0.0,200,1.0,0.807012,4.1561,0.0353,3,0.137648,nan,models/chua_orig_nint128_bs16_sig0.0_lr1e-03-1e-05_tfp0_ramp200_hLR1_m20_p10_seed4_minsym5_cand3_reducedp3_full_ga1p0_syncfull_v1_rseed0.pth,full_ga1p0_syncfull_v1,False,completed,4,7,4.162184
chua_orig_nint128_bs16_sig0.0_lr1e-03-1e-05_tfp0_ramp200_hLR1_m20_p10_seed6_minsym5_cand0_reducedp4_full_ga1p0_syncfull_v1_rseed0,20,10,6,6,0,0,10,4,6,5,5,0;1;2;4;5;9,full_preactivation,1.0,,True,1.0,481744.15829151473,7711.559150979943,62.47039656439609,grad_auto_alpha1,alpha * g_out / (g_aux + eps),1.0,True,full,128,0.00,0.00,0.00,1.00,128,2000,16,200,200,0.0,0.0,0.001,1e-05,False,5,5.0,0.0,200,1.0,0.177195,1.8435,0.0090,5,0.037615,nan,models/chua_orig_nint128_bs16_sig0.0_lr1e-03-1e-05_tfp0_ramp200_hLR1_m20_p10_seed6_minsym5_cand0_reducedp4_full_ga1p0_syncfull_v1_rseed0.pth,full_ga1p0_syncfull_v1,False,completed,5,5,1.843516
chua_orig_nint128_bs16_sig0.0_lr1e-03-1e-05_tfp0_ramp200_hLR1_m20_p10_seed6_minsym5_cand1_reducedp4_full_ga1p0_syncfull_v1_rseed0,20,10,6,6,0,1,10,4,6,5,5,0;1;2;4;7;9,full_preactivation,1.0,,True,1.0,78891.36477143744,1264.1069205730284,62.408775308085,grad_auto_alpha1,alpha * g_out / (g_aux + eps),1.0,True,full,128,0.00,0.00,0.00,1.00,128,2000,16,200,200,0.0,0.0,0.001,1e-05,False,5,5.0,0.0,200,1.0,1.195620,2.6757,0.0068,2,0.364129,nan,models/chua_orig_nint128_bs16_sig0.0_lr1e-03-1e-05_tfp0_ramp200_hLR1_m20_p10_seed6_minsym5_cand1_reducedp4_full_ga1p0_syncfull_v1_rseed0.pth,full_ga1p0_syncfull_v1,False,completed,4,11,7.201424
chua_orig_nint128_bs16_sig0.0_lr1e-03-1e-05_tfp0_ramp200_hLR1_m20_p10_seed6_minsym5_cand2_reducedp4_full_ga1p0_syncfull_v1_rseed0,20,10,6,6,0,2,10,4,6,5,5,0;1;2;5;7;9,full_preactivation,1.0,,True,1.0,250585.81193674952,3109.22140198515,80.59439310972114,grad_auto_alpha1,alpha * g_out / (g_aux + eps),1.0,True,full,128,0.00,0.00,0.00,1.00,128,2000,16,200,200,0.0,0.0,0.001,1e-05,False,5,5.0,0.0,200,1.0,0.178567,2.2555,0.0072,5,0.019563,nan,models/chua_orig_nint128_bs16_sig0.0_lr1e-03-1e-05_tfp0_ramp200_hLR1_m20_p10_seed6_minsym5_cand2_reducedp4_full_ga1p0_syncfull_v1_rseed0.pth,full_ga1p0_syncfull_v1,False,completed,5,5,2.255483
chua_orig_nint128_bs16_sig0.0_lr1e-03-1e-05_tfp0_ramp200_hLR1_m20_p10_seed6_minsym5_cand3_reducedp4_full_ga1p0_syncfull_v1_rseed0,20,10,6,6,0,3,10,4,6,5,5,0;1;4;5;8;9,full_preactivation,1.0,,True,1.0,72457.67476258123,748.5681644813651,96.79502575798479,grad_auto_alpha1,alpha * g_out / (g_aux + eps),1.0,True,full,128,0.00,0.00,0.00,1.00,128,2000,16,200,200,0.0,0.0,0.001,1e-05,False,5,5.0,0.0,200,1.0,0.258956,1.4277,0.0065,5,0.030547,nan,models/chua_orig_nint128_bs16_sig0.0_lr1e-03-1e-05_tfp0_ramp200_hLR1_m20_p10_seed6_minsym5_cand3_reducedp4_full_ga1p0_syncfull_v1_rseed0.pth,full_ga1p0_syncfull_v1,False,completed,5,5,1.427658
chua_orig_nint128_bs16_sig0.0_lr1e-03-1e-05_tfp0_ramp200_hLR1_m20_p10_seed6_minsym5_cand4_reducedp4_full_ga1p0_syncfull_v1_rseed0,20,10,6,6,0,4,10,4,6,5,5,0;1;4;7;8;9,full_preactivation,1.0,,True,1.0,14594.948518237397,137.9689874493639,105.78426926263987,grad_auto_alpha1,alpha * g_out / (g_aux + eps),1.0,True,full,128,0.00,0.00,0.00,1.00,128,2000,16,200,200,0.0,0.0,0.001,1e-05,False,5,5.0,0.0,200,1.0,0.297942,1.7277,0.0095,5,0.033064,nan,models/chua_orig_nint128_bs16_sig0.0_lr1e-03-1e-05_tfp0_ramp200_hLR1_m20_p10_seed6_minsym5_cand4_reducedp4_full_ga1p0_syncfull_v1_rseed0.pth,full_ga1p0_syncfull_v1,False,completed,5,6,1.727670
chua_orig_nint128_bs16_sig0.0_lr1e-03-1e-05_tfp0_ramp200_hLR1_m20_p10_seed6_minsym5_cand5_reducedp4_full_ga1p0_syncfull_v1_rseed0,20,10,6,6,0,5,10,4,6,5,5,0;1;5;7;8;9,full_preactivation,1.0,,True,1.0,64588.3331570029,661.349989117312,97.66135060077237,grad_auto_alpha1,alpha * g_out / (g_aux + eps),1.0,True,full,128,0.00,0.00,0.00,1.00,128,2000,16,200,200,0.0,0.0,0.001,1e-05,False,5,5.0,0.0,200,1.0,0.205230,1.5409,0.0070,5,0.012008,nan,models/chua_orig_nint128_bs16_sig0.0_lr1e-03-1e-05_tfp0_ramp200_hLR1_m20_p10_seed6_minsym5_cand5_reducedp4_full_ga1p0_syncfull_v1_rseed0.pth,full_ga1p0_syncfull_v1,False,completed,5,6,1.540870
chua_orig_nint128_bs16_sig0.0_lr1e-03-1e-05_tfp0_ramp200_hLR1_m20_p10_seed6_minsym5_cand6_reducedp4_full_ga1p0_syncfull_v1_rseed0,20,10,6,6,0,6,10,4,6,5,5,0;2;4;5;7;9,full_preactivation,1.0,,True,1.0,145860.37948668582,3035.3299527193085,48.0542088533115,grad_auto_alpha1,alpha * g_out / (g_aux + eps),1.0,True,full,128,0.00,0.00,0.00,1.00,128,2000,16,200,200,0.0,0.0,0.001,1e-05,False,5,5.0,0.0,200,1.0,0.671631,2.5602,0.0090,6,0.229246,nan,models/chua_orig_nint128_bs16_sig0.0_lr1e-03-1e-05_tfp0_ramp200_hLR1_m20_p10_seed6_minsym5_cand6_reducedp4_full_ga1p0_syncfull_v1_rseed0.pth,full_ga1p0_syncfull_v1,False,completed,5,9,2.776466
chua_orig_nint128_bs16_sig0.0_lr1e-03-1e-05_tfp0_ramp200_hLR1_m20_p10_seed6_minsym5_cand7_reducedp4_full_ga1p0_syncfull_v1_rseed0,20,10,6,6,0,7,10,4,6,5,5,0;4;5;7;8;9,full_preactivation,1.0,,True,1.0,82379.97509103775,1806.9870987364575,45.58968636170243,grad_auto_alpha1,alpha * g_out / (g_aux + eps),1.0,True,full,128,0.00,0.00,0.00,1.00,128,2000,16,200,200,0.0,0.0,0.001,1e-05,False,5,5.0,0.0,200,1.0,0.136024,1.4352,0.0100,5,0.030693,nan,models/chua_orig_nint128_bs16_sig0.0_lr1e-03-1e-05_tfp0_ramp200_hLR1_m20_p10_seed6_minsym5_cand7_reducedp4_full_ga1p0_syncfull_v1_rseed0.pth,full_ga1p0_syncfull_v1,False,completed,5,5,1.435200
chua_orig_nint128_bs16_sig0.0_lr1e-03-1e-05_tfp0_ramp200_hLR1_m20_p10_seed6_minsym5_cand8_reducedp4_full_ga1p0_syncfull_v1_rseed0,20,10,6,6,0,8,10,4,6,5,5,1;2;4;5;8;9,full_preactivation,1.0,,True,1.0,34807.5682718572,354.8451176148788,98.09228461650842,grad_auto_alpha1,alpha * g_out / (g_aux + eps),1.0,True,full,128,0.00,0.00,0.00,1.00,128,2000,16,200,200,0.0,0.0,0.001,1e-05,False,5,5.0,0.0,200,1.0,0.239520,1.4603,0.0091,5,0.036007,nan,models/chua_orig_nint128_bs16_sig0.0_lr1e-03-1e-05_tfp0_ramp200_hLR1_m20_p10_seed6_minsym5_cand8_reducedp4_full_ga1p0_syncfull_v1_rseed0.pth,full_ga1p0_syncfull_v1,False,completed,5,5,1.460320
chua_orig_nint128_bs16_sig0.0_lr1e-03-1e-05_tfp0_ramp200_hLR1_m20_p10_seed6_minsym5_cand9_reducedp4_full_ga1p0_syncfull_v1_rseed0,20,10,6,6,0,9,10,4,6,5,5,1;2;4;7;8;9,full_preactivation,1.0,,True,1.0,7747.604855695727,72.61166112267128,106.69918214109846,grad_auto_alpha1,alpha * g_out / (g_aux + eps),1.0,True,full,128,0.00,0.00,0.00,1.00,128,2000,16,200,200,0.0,0.0,0.001,1e-05,False,5,5.0,0.0,200,1.0,0.246890,1.9310,0.0073,5,0.034145,nan,models/chua_orig_nint128_bs16_sig0.0_lr1e-03-1e-05_tfp0_ramp200_hLR1_m20_p10_seed6_minsym5_cand9_reducedp4_full_ga1p0_syncfull_v1_rseed0.pth,full_ga1p0_syncfull_v1,False,completed,5,6,1.930977
chua_orig_nint128_bs16_sig0.0_lr1e-03-1e-05_tfp0_ramp200_hLR1_m20_p10_seed6_minsym5_cand10_reducedp4_full_ga1p0_syncfull_v1_rseed0,20,10,6,6,0,10,10,4,6,5,5,1;2;5;7;8;9,full_preactivation,1.0,,True,1.0,34535.05144052923,356.22415236549534,96.94752927672141,grad_auto_alpha1,alpha * g_out / (g_aux + eps),1.0,True,full,128,0.00,0.00,0.00,1.00,128,2000,16,200,200,0.0,0.0,0.001,1e-05,False,5,5.0,0.0,200,1.0,0.188014,1.8585,0.0071,4,0.015032,nan,models/chua_orig_nint128_bs16_sig0.0_lr1e-03-1e-05_tfp0_ramp200_hLR1_m20_p10_seed6_minsym5_cand10_reducedp4_full_ga1p0_syncfull_v1_rseed0.pth,full_ga1p0_syncfull_v1,False,completed,5,5,1.858517
chua_orig_nint128_bs16_sig0.0_lr1e-03-1e-05_tfp0_ramp200_hLR1_m20_p10_seed6_minsym5_cand11_reducedp4_full_ga1p0_syncfull_v1_rseed0,20,10,6,6,0,11,10,4,6,5,5,2;4;5;7;8;9,full_preactivation,1.0,,True,1.0,46498.37476729698,1006.1567988669808,46.213845416199646,grad_auto_alpha1,alpha * g_out / (g_aux + eps),1.0,True,full,128,0.00,0.00,0.00,1.00,128,2000,16,200,200,0.0,0.0,0.001,1e-05,False,5,5.0,0.0,200,1.0,0.133098,1.4292,0.0088,5,0.036715,nan,models/chua_orig_nint128_bs16_sig0.0_lr1e-03-1e-05_tfp0_ramp200_hLR1_m20_p10_seed6_minsym5_cand11_reducedp4_full_ga1p0_syncfull_v1_rseed0.pth,full_ga1p0_syncfull_v1,False,completed,5,5,1.429221
chua_orig_nint128_bs16_sig0.0_lr1e-03-1e-05_tfp0_ramp200_hLR1_m20_p10_seed7_minsym5_cand0_reducedp3_full_ga1p0_syncfull_v1_rseed0,20,10,7,7,0,0,10,3,7,5,5,0;1;2;4;5;7;9,full_preactivation,1.0,,True,1.0,721.9065878505551,1255.0554021635858,0.5751989805438567,grad_auto_alpha1,alpha * g_out / (g_aux + eps),1.0,True,full,128,0.00,0.00,0.00,1.00,128,2000,16,200,200,0.0,0.0,0.001,1e-05,False,5,5.0,0.0,200,1.0,0.159441,6.3463,0.0118,1,0.106209,nan,models/chua_orig_nint128_bs16_sig0.0_lr1e-03-1e-05_tfp0_ramp200_hLR1_m20_p10_seed7_minsym5_cand0_reducedp3_full_ga1p0_syncfull_v1_rseed0.pth,full_ga1p0_syncfull_v1,False,completed,3,6,8.596779
chua_orig_nint128_bs16_sig0.0_lr1e-03-1e-05_tfp0_ramp200_hLR1_m20_p10_seed7_minsym5_cand1_reducedp3_full_ga1p0_syncfull_v1_rseed0,20,10,7,7,0,1,10,3,7,5,5,0;1;4;5;6;7;9,full_preactivation,1.0,,True,1.0,959065.1223936777,9406.637986807176,101.95620621722317,grad_auto_alpha1,alpha * g_out / (g_aux + eps),1.0,True,full,128,0.00,0.00,0.00,1.00,128,2000,16,200,200,0.0,0.0,0.001,1e-05,False,5,5.0,0.0,200,1.0,0.177831,1.6838,0.0123,5,0.019865,nan,models/chua_orig_nint128_bs16_sig0.0_lr1e-03-1e-05_tfp0_ramp200_hLR1_m20_p10_seed7_minsym5_cand1_reducedp3_full_ga1p0_syncfull_v1_rseed0.pth,full_ga1p0_syncfull_v1,False,completed,5,5,1.683788
chua_orig_nint128_bs16_sig0.0_lr1e-03-1e-05_tfp0_ramp200_hLR1_m20_p10_seed7_minsym5_cand2_reducedp3_full_ga1p0_syncfull_v1_rseed0,20,10,7,7,0,2,10,3,7,5,5,1;2;4;5;7;8;9,full_preactivation,1.0,,True,1.0,1072.721049117034,185.9059794711429,5.770234245120343,grad_auto_alpha1,alpha * g_out / (g_aux + eps),1.0,True,full,128,0.00,0.00,0.00,1.00,128,2000,16,200,200,0.0,0.0,0.001,1e-05,False,5,5.0,0.0,200,1.0,0.021137,1.1710,0.0091,5,0.008914,nan,models/chua_orig_nint128_bs16_sig0.0_lr1e-03-1e-05_tfp0_ramp200_hLR1_m20_p10_seed7_minsym5_cand2_reducedp3_full_ga1p0_syncfull_v1_rseed0.pth,full_ga1p0_syncfull_v1,False,completed,5,5,1.171005
chua_orig_nint128_bs16_sig0.0_lr1e-03-1e-05_tfp0_ramp200_hLR1_m20_p10_seed7_minsym5_cand3_reducedp3_full_ga1p0_syncfull_v1_rseed0,20,10,7,7,0,3,10,3,7,5,5,1;4;5;6;7;8;9,full_preactivation,1.0,,True,1.0,1004709.5944042737,9798.851595061089,102.53340247653887,grad_auto_alpha1,alpha * g_out / (g_aux + eps),1.0,True,full,128,0.00,0.00,0.00,1.00,128,2000,16,200,200,0.0,0.0,0.001,1e-05,False,5,5.0,0.0,200,1.0,0.226692,2.1431,0.0136,5,0.025198,nan,models/chua_orig_nint128_bs16_sig0.0_lr1e-03-1e-05_tfp0_ramp200_hLR1_m20_p10_seed7_minsym5_cand3_reducedp3_full_ga1p0_syncfull_v1_rseed0.pth,full_ga1p0_syncfull_v1,False,completed,5,5,2.143129
chua_orig_nint128_bs16_sig0.0_lr1e-03-1e-05_tfp0_ramp200_hLR1_m20_p10_seed8_minsym5_cand0_reducedp3_full_ga1p0_syncfull_v1_rseed0,20,10,8,8,0,0,10,3,7,5,5,0;3;4;5;6;7;8,full_preactivation,1.0,,True,1.0,175844.08839651107,3719.162199844207,47.2805645324845,grad_auto_alpha1,alpha * g_out / (g_aux + eps),1.0,True,full,128,0.00,0.00,0.00,1.00,128,2000,16,200,200,0.0,0.0,0.001,1e-05,False,5,5.0,0.0,200,1.0,0.173536,1.8279,0.0093,5,0.032632,nan,models/chua_orig_nint128_bs16_sig0.0_lr1e-03-1e-05_tfp0_ramp200_hLR1_m20_p10_seed8_minsym5_cand0_reducedp3_full_ga1p0_syncfull_v1_rseed0.pth,full_ga1p0_syncfull_v1,False,completed,5,5,1.827910
chua_orig_nint128_bs16_sig0.0_lr1e-03-1e-05_tfp0_ramp200_hLR1_m20_p10_seed8_minsym5_cand1_reducedp3_full_ga1p0_syncfull_v1_rseed0,20,10,8,8,0,1,10,3,7,5,5,0;3;4;6;7;8;9,full_preactivation,1.0,,True,1.0,390772.1691318357,7523.740306081768,51.93855093801648,grad_auto_alpha1,alpha * g_out / (g_aux + eps),1.0,True,full,128,0.00,0.00,0.00,1.00,128,2000,16,200,200,0.0,0.0,0.001,1e-05,False,5,5.0,0.0,200,1.0,0.258884,1.6485,0.0091,5,0.031531,nan,models/chua_orig_nint128_bs16_sig0.0_lr1e-03-1e-05_tfp0_ramp200_hLR1_m20_p10_seed8_minsym5_cand1_reducedp3_full_ga1p0_syncfull_v1_rseed0.pth,full_ga1p0_syncfull_v1,False,completed,5,5,1.648506
chua_orig_nint128_bs16_sig0.0_lr1e-03-1e-05_tfp0_ramp200_hLR1_m20_p10_seed9_minsym5_cand0_reducedp3_full_ga1p0_syncfull_v1_rseed0,20,10,9,9,0,0,10,3,7,5,5,0;1;2;3;5;6;8,full_preactivation,1.0,,True,1.0,38809810.48343977,3056562.5614981283,12.697207959132276,grad_auto_alpha1,alpha * g_out / (g_aux + eps),1.0,True,full,128,0.00,0.00,0.00,1.00,128,2000,16,200,200,0.0,0.0,0.001,1e-05,False,5,5.0,0.0,200,1.0,0.040344,1.1857,0.0148,5,0.009916,nan,models/chua_orig_nint128_bs16_sig0.0_lr1e-03-1e-05_tfp0_ramp200_hLR1_m20_p10_seed9_minsym5_cand0_reducedp3_full_ga1p0_syncfull_v1_rseed0.pth,full_ga1p0_syncfull_v1,False,completed,5,5,1.185670
chua_orig_nint128_bs16_sig0.0_lr1e-03-1e-05_tfp0_ramp200_hLR1_m20_p10_seed9_minsym5_cand1_reducedp3_full_ga1p0_syncfull_v1_rseed0,20,10,9,9,0,1,10,3,7,5,5,0;1;2;3;5;7;8,full_preactivation,1.0,,True,1.0,39321231.75994241,3097184.116379264,12.695800534425624,grad_auto_alpha1,alpha * g_out / (g_aux + eps),1.0,True,full,128,0.00,0.00,0.00,1.00,128,2000,16,200,200,0.0,0.0,0.001,1e-05,False,5,5.0,0.0,200,1.0,0.060527,1.1424,0.0135,5,0.011915,nan,models/chua_orig_nint128_bs16_sig0.0_lr1e-03-1e-05_tfp0_ramp200_hLR1_m20_p10_seed9_minsym5_cand1_reducedp3_full_ga1p0_syncfull_v1_rseed0.pth,full_ga1p0_syncfull_v1,False,completed,5,5,1.142371
chua_orig_nint128_bs16_sig0.0_lr1e-03-1e-05_tfp0_ramp200_hLR1_m20_p10_seed9_minsym5_cand2_reducedp3_full_ga1p0_syncfull_v1_rseed0,20,10,9,9,0,2,10,3,7,5,5,0;2;3;5;6;7;8,full_preactivation,1.0,,True,1.0,87739064.21254551,6366555.123397896,13.78124629599033,grad_auto_alpha1,alpha * g_out / (g_aux + eps),1.0,True,full,128,0.00,0.00,0.00,1.00,128,2000,16,200,200,0.0,0.0,0.001,1e-05,False,5,5.0,0.0,200,1.0,0.049613,1.2366,0.0145,5,0.010913,nan,models/chua_orig_nint128_bs16_sig0.0_lr1e-03-1e-05_tfp0_ramp200_hLR1_m20_p10_seed9_minsym5_cand2_reducedp3_full_ga1p0_syncfull_v1_rseed0.pth,full_ga1p0_syncfull_v1,False,completed,5,5,1.236593
chua_orig_nint128_bs16_sig0.0_lr1e-03-1e-05_tfp0_ramp200_hLR1_m20_p10_seed9_minsym5_cand3_reducedp3_full_ga1p0_syncfull_v1_rseed0,20,10,9,9,0,3,10,3,7,5,5,1;2;3;5;6;7;8,full_preactivation,1.0,,True,1.0,39999649.910071164,3143540.242658904,12.72439568842237,grad_auto_alpha1,alpha * g_out / (g_aux + eps),1.0,True,full,128,0.00,0.00,0.00,1.00,128,2000,16,200,200,0.0,0.0,0.001,1e-05,False,5,5.0,0.0,200,1.0,0.816846,4.1297,0.0141,1,0.450016,nan,models/chua_orig_nint128_bs16_sig0.0_lr1e-03-1e-05_tfp0_ramp200_hLR1_m20_p10_seed9_minsym5_cand3_reducedp3_full_ga1p0_syncfull_v1_rseed0.pth,full_ga1p0_syncfull_v1,False,completed,4,5,4.129746
chua_orig_nint128_bs16_sig0.0_lr1e-03-1e-05_tfp0_ramp200_hLR1_m20_p10_seed10_minsym5_cand0_reducedp3_full_ga1p0_syncfull_v1_rseed0,20,10,10,10,0,0,10,3,7,5,5,0;1;2;4;5;6;7,full_preactivation,1.0,,True,1.0,6096.919265600456,132.99288015023322,45.84395238837693,grad_auto_alpha1,alpha * g_out / (g_aux + eps),1.0,True,full,128,0.00,0.00,0.00,1.00,128,2000,16,200,200,0.0,0.0,0.001,1e-05,False,5,5.0,0.0,200,1.0,0.169238,1.3999,0.0123,5,0.030576,nan,models/chua_orig_nint128_bs16_sig0.0_lr1e-03-1e-05_tfp0_ramp200_hLR1_m20_p10_seed10_minsym5_cand0_reducedp3_full_ga1p0_syncfull_v1_rseed0.pth,full_ga1p0_syncfull_v1,False,completed,5,5,1.399890
chua_orig_nint128_bs16_sig0.0_lr1e-03-1e-05_tfp0_ramp200_hLR1_m20_p10_seed10_minsym5_cand1_reducedp3_full_ga1p0_syncfull_v1_rseed0,20,10,10,10,0,1,10,3,7,5,5,0;1;2;4;5;6;8,full_preactivation,1.0,,True,1.0,5636.1238287053275,116.05904930954648,48.56255382269168,grad_auto_alpha1,alpha * g_out / (g_aux + eps),1.0,True,full,128,0.00,0.00,0.00,1.00,128,2000,16,200,200,0.0,0.0,0.001,1e-05,False,5,5.0,0.0,200,1.0,605945537588841414656.000000,2.2311,0.0078,3,1961403399626817536.000000,nan,models/chua_orig_nint128_bs16_sig0.0_lr1e-03-1e-05_tfp0_ramp200_hLR1_m20_p10_seed10_minsym5_cand1_reducedp3_full_ga1p0_syncfull_v1_rseed0.pth,full_ga1p0_syncfull_v1,False,completed,4,5,2.487249
chua_orig_nint128_bs16_sig0.0_lr1e-03-1e-05_tfp0_ramp200_hLR1_m20_p10_seed10_minsym5_cand2_reducedp3_full_ga1p0_syncfull_v1_rseed0,20,10,10,10,0,2,10,3,7,5,5,0;1;2;4;5;7;8,full_preactivation,1.0,,True,1.0,4575.742518296894,93.87119920454887,48.74490319790344,grad_auto_alpha1,alpha * g_out / (g_aux + eps),1.0,True,full,128,0.00,0.00,0.00,1.00,128,2000,16,200,200,0.0,0.0,0.001,1e-05,False,5,5.0,0.0,200,1.0,0.219443,1.5978,0.0104,5,0.033699,nan,models/chua_orig_nint128_bs16_sig0.0_lr1e-03-1e-05_tfp0_ramp200_hLR1_m20_p10_seed10_minsym5_cand2_reducedp3_full_ga1p0_syncfull_v1_rseed0.pth,full_ga1p0_syncfull_v1,False,completed,5,5,1.597768
chua_orig_nint128_bs16_sig0.0_lr1e-03-1e-05_tfp0_ramp200_hLR1_m20_p10_seed10_minsym5_cand3_reducedp3_full_ga1p0_syncfull_v1_rseed0,20,10,10,10,0,3,10,3,7,5,5,0;1;2;4;6;7;8,full_preactivation,1.0,,True,1.0,6994.968924162566,144.62640163893101,48.36578138496387,grad_auto_alpha1,alpha * g_out / (g_aux + eps),1.0,True,full,128,0.00,0.00,0.00,1.00,128,2000,16,200,200,0.0,0.0,0.001,1e-05,False,5,5.0,0.0,200,1.0,0.123189,1.3988,0.0098,5,0.025038,nan,models/chua_orig_nint128_bs16_sig0.0_lr1e-03-1e-05_tfp0_ramp200_hLR1_m20_p10_seed10_minsym5_cand3_reducedp3_full_ga1p0_syncfull_v1_rseed0.pth,full_ga1p0_syncfull_v1,False,completed,5,5,1.398842
chua_orig_nint128_bs16_sig0.0_lr1e-03-1e-05_tfp0_ramp200_hLR1_m20_p10_seed10_minsym5_cand4_reducedp3_full_ga1p0_syncfull_v1_rseed0,20,10,10,10,0,4,10,3,7,5,5,0;1;2;5;6;7;8,full_preactivation,1.0,,True,1.0,6924.777144428548,143.41854338200284,48.28369457068039,grad_auto_alpha1,alpha * g_out / (g_aux + eps),1.0,True,full,128,0.00,0.00,0.00,1.00,128,2000,16,200,200,0.0,0.0,0.001,1e-05,False,5,5.0,0.0,200,1.0,0.112481,1.3403,0.0076,5,0.022652,nan,models/chua_orig_nint128_bs16_sig0.0_lr1e-03-1e-05_tfp0_ramp200_hLR1_m20_p10_seed10_minsym5_cand4_reducedp3_full_ga1p0_syncfull_v1_rseed0.pth,full_ga1p0_syncfull_v1,False,completed,5,5,1.340275
chua_orig_nint128_bs16_sig0.0_lr1e-03-1e-05_tfp0_ramp200_hLR1_m20_p10_seed10_minsym5_cand5_reducedp3_full_ga1p0_syncfull_v1_rseed0,20,10,10,10,0,5,10,3,7,5,5,0;1;3;4;5;6;7,full_preactivation,1.0,,True,1.0,5495.869596797216,122.9872423704535,44.686501549834745,grad_auto_alpha1,alpha * g_out / (g_aux + eps),1.0,True,full,128,0.00,0.00,0.00,1.00,128,2000,16,200,200,0.0,0.0,0.001,1e-05,False,5,5.0,0.0,200,1.0,0.149710,1.3525,0.0061,5,0.028148,nan,models/chua_orig_nint128_bs16_sig0.0_lr1e-03-1e-05_tfp0_ramp200_hLR1_m20_p10_seed10_minsym5_cand5_reducedp3_full_ga1p0_syncfull_v1_rseed0.pth,full_ga1p0_syncfull_v1,False,completed,5,5,1.352517
chua_orig_nint128_bs16_sig0.0_lr1e-03-1e-05_tfp0_ramp200_hLR1_m20_p10_seed10_minsym5_cand6_reducedp3_full_ga1p0_syncfull_v1_rseed0,20,10,10,10,0,6,10,3,7,5,5,0;1;3;4;5;6;8,full_preactivation,1.0,,True,1.0,4630.515640158232,104.87045281865454,44.154626166871125,grad_auto_alpha1,alpha * g_out / (g_aux + eps),1.0,True,full,128,0.00,0.00,0.00,1.00,128,2000,16,200,200,0.0,0.0,0.001,1e-05,False,5,5.0,0.0,200,1.0,43536386967470080.000000,2.2526,0.0072,3,226120750333952.000000,nan,models/chua_orig_nint128_bs16_sig0.0_lr1e-03-1e-05_tfp0_ramp200_hLR1_m20_p10_seed10_minsym5_cand6_reducedp3_full_ga1p0_syncfull_v1_rseed0.pth,full_ga1p0_syncfull_v1,False,completed,4,7,3.818187
chua_orig_nint128_bs16_sig0.0_lr1e-03-1e-05_tfp0_ramp200_hLR1_m20_p10_seed10_minsym5_cand7_reducedp3_full_ga1p0_syncfull_v1_rseed0,20,10,10,10,0,7,10,3,7,5,5,0;1;3;4;5;7;8,full_preactivation,1.0,,True,1.0,3936.447176706427,86.7054598135239,45.400222606193864,grad_auto_alpha1,alpha * g_out / (g_aux + eps),1.0,True,full,128,0.00,0.00,0.00,1.00,128,2000,16,200,200,0.0,0.0,0.001,1e-05,False,5,5.0,0.0,200,1.0,0.207422,1.4945,0.0141,5,0.034708,nan,models/chua_orig_nint128_bs16_sig0.0_lr1e-03-1e-05_tfp0_ramp200_hLR1_m20_p10_seed10_minsym5_cand7_reducedp3_full_ga1p0_syncfull_v1_rseed0.pth,full_ga1p0_syncfull_v1,False,completed,5,5,1.494531
chua_orig_nint128_bs16_sig0.0_lr1e-03-1e-05_tfp0_ramp200_hLR1_m20_p10_seed10_minsym5_cand8_reducedp3_full_ga1p0_syncfull_v1_rseed0,20,10,10,10,0,8,10,3,7,5,5,0;1;3;4;6;7;8,full_preactivation,1.0,,True,1.0,6354.538284761529,134.83709698969855,47.127522222218744,grad_auto_alpha1,alpha * g_out / (g_aux + eps),1.0,True,full,128,0.00,0.00,0.00,1.00,128,2000,16,200,200,0.0,0.0,0.001,1e-05,False,5,5.0,0.0,200,1.0,0.110688,1.3037,0.0075,5,0.023246,nan,models/chua_orig_nint128_bs16_sig0.0_lr1e-03-1e-05_tfp0_ramp200_hLR1_m20_p10_seed10_minsym5_cand8_reducedp3_full_ga1p0_syncfull_v1_rseed0.pth,full_ga1p0_syncfull_v1,False,completed,5,5,1.303725
chua_orig_nint128_bs16_sig0.0_lr1e-03-1e-05_tfp0_ramp200_hLR1_m20_p10_seed10_minsym5_cand9_reducedp3_full_ga1p0_syncfull_v1_rseed0,20,10,10,10,0,9,10,3,7,5,5,0;1;3;5;6;7;8,full_preactivation,1.0,,True,1.0,6248.648613900449,132.57900712591405,47.13150859521737,grad_auto_alpha1,alpha * g_out / (g_aux + eps),1.0,True,full,128,0.00,0.00,0.00,1.00,128,2000,16,200,200,0.0,0.0,0.001,1e-05,False,5,5.0,0.0,200,1.0,0.096635,1.1708,0.0078,5,0.020348,nan,models/chua_orig_nint128_bs16_sig0.0_lr1e-03-1e-05_tfp0_ramp200_hLR1_m20_p10_seed10_minsym5_cand9_reducedp3_full_ga1p0_syncfull_v1_rseed0.pth,full_ga1p0_syncfull_v1,False,completed,5,5,1.170773
chua_orig_nint128_bs16_sig0.0_lr1e-03-1e-05_tfp0_ramp200_hLR1_m20_p10_seed10_minsym5_cand10_reducedp3_full_ga1p0_syncfull_v1_rseed0,20,10,10,10,0,10,10,3,7,5,5,1;2;4;5;6;7;8,full_preactivation,1.0,,True,1.0,6840.27200208442,143.26568922369458,47.74536065927128,grad_auto_alpha1,alpha * g_out / (g_aux + eps),1.0,True,full,128,0.00,0.00,0.00,1.00,128,2000,16,200,200,0.0,0.0,0.001,1e-05,False,5,5.0,0.0,200,1.0,0.172712,1.7019,0.0094,5,0.029733,nan,models/chua_orig_nint128_bs16_sig0.0_lr1e-03-1e-05_tfp0_ramp200_hLR1_m20_p10_seed10_minsym5_cand10_reducedp3_full_ga1p0_syncfull_v1_rseed0.pth,full_ga1p0_syncfull_v1,False,completed,5,5,1.701931
chua_orig_nint128_bs16_sig0.0_lr1e-03-1e-05_tfp0_ramp200_hLR1_m20_p10_seed10_minsym5_cand11_reducedp3_full_ga1p0_syncfull_v1_rseed0,20,10,10,10,0,11,10,3,7,5,5,1;3;4;5;6;7;8,full_preactivation,1.0,,True,1.0,6087.870584202657,129.54747399856618,46.99335615196936,grad_auto_alpha1,alpha * g_out / (g_aux + eps),1.0,True,full,128,0.00,0.00,0.00,1.00,128,2000,16,200,200,0.0,0.0,0.001,1e-05,False,5,5.0,0.0,200,1.0,0.143819,1.3593,0.0052,5,0.024335,nan,models/chua_orig_nint128_bs16_sig0.0_lr1e-03-1e-05_tfp0_ramp200_hLR1_m20_p10_seed10_minsym5_cand11_reducedp3_full_ga1p0_syncfull_v1_rseed0.pth,full_ga1p0_syncfull_v1,False,completed,5,5,1.359274
chua_orig_nint128_bs16_sig0.0_lr1e-03-1e-05_tfp0_ramp200_hLR1_m20_p10_seed11_minsym5_cand0_reducedp3_full_ga1p0_syncfull_v1_rseed0,20,10,11,11,0,0,10,3,7,5,5,0;1;3;4;5;6;9,full_preactivation,1.0,,True,1.0,163374.03370180953,4478.723623631514,36.47781096377182,grad_auto_alpha1,alpha * g_out / (g_aux + eps),1.0,True,full,128,0.00,0.00,0.00,1.00,128,2000,16,200,200,0.0,0.0,0.001,1e-05,False,5,5.0,0.0,200,1.0,0.132156,1.6464,0.0139,5,0.028230,nan,models/chua_orig_nint128_bs16_sig0.0_lr1e-03-1e-05_tfp0_ramp200_hLR1_m20_p10_seed11_minsym5_cand0_reducedp3_full_ga1p0_syncfull_v1_rseed0.pth,full_ga1p0_syncfull_v1,False,completed,5,5,1.646446
chua_orig_nint128_bs16_sig0.0_lr1e-03-1e-05_tfp0_ramp200_hLR1_m20_p10_seed11_minsym5_cand1_reducedp3_full_ga1p0_syncfull_v1_rseed0,20,10,11,11,0,1,10,3,7,5,5,0;1;3;5;6;7;9,full_preactivation,1.0,,True,1.0,73767.44864776063,1599.8961971943288,46.10764671928309,grad_auto_alpha1,alpha * g_out / (g_aux + eps),1.0,True,full,128,0.00,0.00,0.00,1.00,128,2000,16,200,200,0.0,0.0,0.001,1e-05,False,5,5.0,0.0,200,1.0,0.167142,1.2386,0.0080,5,0.043008,nan,models/chua_orig_nint128_bs16_sig0.0_lr1e-03-1e-05_tfp0_ramp200_hLR1_m20_p10_seed11_minsym5_cand1_reducedp3_full_ga1p0_syncfull_v1_rseed0.pth,full_ga1p0_syncfull_v1,False,completed,5,5,1.238578
chua_orig_nint128_bs16_sig0.0_lr1e-03-1e-05_tfp0_ramp200_hLR1_m20_p10_seed11_minsym5_cand2_reducedp3_full_ga1p0_syncfull_v1_rseed0,20,10,11,11,0,2,10,3,7,5,5,0;1;4;5;6;7;9,full_preactivation,1.0,,True,1.0,808.5787613345097,13.136415512664112,61.552465400850096,grad_auto_alpha1,alpha * g_out / (g_aux + eps),1.0,True,full,128,0.00,0.00,0.00,1.00,128,2000,16,200,200,0.0,0.0,0.001,1e-05,False,5,5.0,0.0,200,1.0,0.286041,1.3868,0.0121,5,0.045919,nan,models/chua_orig_nint128_bs16_sig0.0_lr1e-03-1e-05_tfp0_ramp200_hLR1_m20_p10_seed11_minsym5_cand2_reducedp3_full_ga1p0_syncfull_v1_rseed0.pth,full_ga1p0_syncfull_v1,False,completed,5,5,1.386834
chua_orig_nint128_bs16_sig0.0_lr1e-03-1e-05_tfp0_ramp200_hLR1_m20_p10_seed11_minsym5_cand3_reducedp3_full_ga1p0_syncfull_v1_rseed0,20,10,11,11,0,3,10,3,7,5,5,0;3;4;5;6;8;9,full_preactivation,1.0,,True,1.0,4172.054675906105,56.622404666395774,73.68204689445236,grad_auto_alpha1,alpha * g_out / (g_aux + eps),1.0,True,full,128,0.00,0.00,0.00,1.00,128,2000,16,200,200,0.0,0.0,0.001,1e-05,False,5,5.0,0.0,200,1.0,0.233579,1.7181,0.0139,5,0.021369,nan,models/chua_orig_nint128_bs16_sig0.0_lr1e-03-1e-05_tfp0_ramp200_hLR1_m20_p10_seed11_minsym5_cand3_reducedp3_full_ga1p0_syncfull_v1_rseed0.pth,full_ga1p0_syncfull_v1,False,completed,5,5,1.718068
chua_orig_nint128_bs16_sig0.0_lr1e-03-1e-05_tfp0_ramp200_hLR1_m20_p10_seed11_minsym5_cand4_reducedp3_full_ga1p0_syncfull_v1_rseed0,20,10,11,11,0,4,10,3,7,5,5,0;3;5;6;7;8;9,full_preactivation,1.0,,True,1.0,3386.876995293747,52.35294385646554,64.69315277817765,grad_auto_alpha1,alpha * g_out / (g_aux + eps),1.0,True,full,128,0.00,0.00,0.00,1.00,128,2000,16,200,200,0.0,0.0,0.001,1e-05,False,5,5.0,0.0,200,1.0,0.224286,1.3135,0.0094,4,0.039244,nan,models/chua_orig_nint128_bs16_sig0.0_lr1e-03-1e-05_tfp0_ramp200_hLR1_m20_p10_seed11_minsym5_cand4_reducedp3_full_ga1p0_syncfull_v1_rseed0.pth,full_ga1p0_syncfull_v1,False,completed,5,5,1.313537
chua_orig_nint128_bs16_sig0.0_lr1e-03-1e-05_tfp0_ramp200_hLR1_m20_p10_seed11_minsym5_cand5_reducedp3_full_ga1p0_syncfull_v1_rseed0,20,10,11,11,0,5,10,3,7,5,5,0;4;5;6;7;8;9,full_preactivation,1.0,,True,1.0,3470.6292206889516,48.39399086243061,71.71611927098185,grad_auto_alpha1,alpha * g_out / (g_aux + eps),1.0,True,full,128,0.00,0.00,0.00,1.00,128,2000,16,200,200,0.0,0.0,0.001,1e-05,False,5,5.0,0.0,200,1.0,0.344075,1.4101,0.0046,5,0.046412,nan,models/chua_orig_nint128_bs16_sig0.0_lr1e-03-1e-05_tfp0_ramp200_hLR1_m20_p10_seed11_minsym5_cand5_reducedp3_full_ga1p0_syncfull_v1_rseed0.pth,full_ga1p0_syncfull_v1,False,completed,5,5,1.410095
chua_orig_nint128_bs16_sig0.0_lr1e-03-1e-05_tfp0_ramp200_hLR1_m20_p10_seed11_minsym5_cand6_reducedp3_full_ga1p0_syncfull_v1_rseed0,20,10,11,11,0,6,10,3,7,5,5,1;3;4;5;6;7;9,full_preactivation,1.0,,True,1.0,40779.36102981507,2881.847656289711,14.15042219210061,grad_auto_alpha1,alpha * g_out / (g_aux + eps),1.0,True,full,128,0.00,0.00,0.00,1.00,128,2000,16,200,200,0.0,0.0,0.001,1e-05,False,5,5.0,0.0,200,1.0,0.064921,1.4905,0.0078,5,0.025456,nan,models/chua_orig_nint128_bs16_sig0.0_lr1e-03-1e-05_tfp0_ramp200_hLR1_m20_p10_seed11_minsym5_cand6_reducedp3_full_ga1p0_syncfull_v1_rseed0.pth,full_ga1p0_syncfull_v1,False,completed,5,5,1.490470
chua_orig_nint128_bs16_sig0.0_lr1e-03-1e-05_tfp0_ramp200_hLR1_m20_p10_seed11_minsym5_cand7_reducedp3_full_ga1p0_syncfull_v1_rseed0,20,10,11,11,0,7,10,3,7,5,5,3;4;5;6;7;8;9,full_preactivation,1.0,,True,1.0,4231.378882822951,54.365344433324466,77.83228317466805,grad_auto_alpha1,alpha * g_out / (g_aux + eps),1.0,True,full,128,0.00,0.00,0.00,1.00,128,2000,16,200,200,0.0,0.0,0.001,1e-05,False,5,5.0,0.0,200,1.0,0.219584,1.7721,0.0158,5,0.021750,nan,models/chua_orig_nint128_bs16_sig0.0_lr1e-03-1e-05_tfp0_ramp200_hLR1_m20_p10_seed11_minsym5_cand7_reducedp3_full_ga1p0_syncfull_v1_rseed0.pth,full_ga1p0_syncfull_v1,False,completed,5,5,1.772086
chua_orig_nint128_bs16_sig0.0_lr1e-03-1e-05_tfp0_ramp200_hLR1_m20_p10_seed13_minsym5_cand0_reducedp3_full_ga1p0_syncfull_v1_rseed0,20,10,13,13,0,0,10,3,7,5,5,0;1;2;3;5;7;8,full_preactivation,1.0,,True,1.0,594423.0324474314,45506.262173463554,13.062444684680392,grad_auto_alpha1,alpha * g_out / (g_aux + eps),1.0,True,full,128,0.00,0.00,0.00,1.00,128,2000,16,200,200,0.0,0.0,0.001,1e-05,False,5,5.0,0.0,200,1.0,0.050970,1.3144,0.0099,5,0.014088,nan,models/chua_orig_nint128_bs16_sig0.0_lr1e-03-1e-05_tfp0_ramp200_hLR1_m20_p10_seed13_minsym5_cand0_reducedp3_full_ga1p0_syncfull_v1_rseed0.pth,full_ga1p0_syncfull_v1,False,completed,5,5,1.314375
chua_orig_nint128_bs16_sig0.0_lr1e-03-1e-05_tfp0_ramp200_hLR1_m20_p10_seed13_minsym5_cand1_reducedp3_full_ga1p0_syncfull_v1_rseed0,20,10,13,13,0,1,10,3,7,5,5,0;1;2;5;7;8;9,full_preactivation,1.0,,True,1.0,790646.1839280577,53811.35530722117,14.692924558656443,grad_auto_alpha1,alpha * g_out / (g_aux + eps),1.0,True,full,128,0.00,0.00,0.00,1.00,128,2000,16,200,200,0.0,0.0,0.001,1e-05,False,5,5.0,0.0,200,1.0,0.080361,1.2511,0.0065,6,0.016969,nan,models/chua_orig_nint128_bs16_sig0.0_lr1e-03-1e-05_tfp0_ramp200_hLR1_m20_p10_seed13_minsym5_cand1_reducedp3_full_ga1p0_syncfull_v1_rseed0.pth,full_ga1p0_syncfull_v1,False,completed,5,4,2.252723
chua_orig_nint128_bs16_sig0.0_lr1e-03-1e-05_tfp0_ramp200_hLR1_m20_p10_seed13_minsym5_cand2_reducedp3_full_ga1p0_syncfull_v1_rseed0,20,10,13,13,0,2,10,3,7,5,5,0;1;3;5;7;8;9,full_preactivation,1.0,,True,1.0,566976.8428145897,44117.94573073411,12.851388101228245,grad_auto_alpha1,alpha * g_out / (g_aux + eps),1.0,True,full,128,0.00,0.00,0.00,1.00,128,2000,16,200,200,0.0,0.0,0.001,1e-05,False,5,5.0,0.0,200,1.0,0.054181,1.2785,0.0077,6,0.016257,nan,models/chua_orig_nint128_bs16_sig0.0_lr1e-03-1e-05_tfp0_ramp200_hLR1_m20_p10_seed13_minsym5_cand2_reducedp3_full_ga1p0_syncfull_v1_rseed0.pth,full_ga1p0_syncfull_v1,False,completed,5,5,1.428153
chua_orig_nint128_bs16_sig0.0_lr1e-03-1e-05_tfp0_ramp200_hLR1_m20_p10_seed13_minsym5_cand3_reducedp3_full_ga1p0_syncfull_v1_rseed0,20,10,13,13,0,3,10,3,7,5,5,0;2;3;5;6;7;8,full_preactivation,1.0,,True,1.0,1077878.5464346157,78858.94328146143,13.668437612554328,grad_auto_alpha1,alpha * g_out / (g_aux + eps),1.0,True,full,128,0.00,0.00,0.00,1.00,128,2000,16,200,200,0.0,0.0,0.001,1e-05,False,5,5.0,0.0,200,1.0,0.055278,1.3632,0.0095,5,0.018408,nan,models/chua_orig_nint128_bs16_sig0.0_lr1e-03-1e-05_tfp0_ramp200_hLR1_m20_p10_seed13_minsym5_cand3_reducedp3_full_ga1p0_syncfull_v1_rseed0.pth,full_ga1p0_syncfull_v1,False,completed,5,5,1.363249
chua_orig_nint128_bs16_sig0.0_lr1e-03-1e-05_tfp0_ramp200_hLR1_m20_p10_seed13_minsym5_cand4_reducedp3_full_ga1p0_syncfull_v1_rseed0,20,10,13,13,0,4,10,3,7,5,5,0;2;5;6;7;8;9,full_preactivation,1.0,,True,1.0,788469.3612918641,53676.14712328,14.689380731462657,grad_auto_alpha1,alpha * g_out / (g_aux + eps),1.0,True,full,128,0.00,0.00,0.00,1.00,128,2000,16,200,200,0.0,0.0,0.001,1e-05,False,5,5.0,0.0,200,1.0,0.080079,1.3631,0.0075,5,0.021816,nan,models/chua_orig_nint128_bs16_sig0.0_lr1e-03-1e-05_tfp0_ramp200_hLR1_m20_p10_seed13_minsym5_cand4_reducedp3_full_ga1p0_syncfull_v1_rseed0.pth,full_ga1p0_syncfull_v1,False,completed,5,5,1.363100
chua_orig_nint128_bs16_sig0.0_lr1e-03-1e-05_tfp0_ramp200_hLR1_m20_p10_seed13_minsym5_cand5_reducedp3_full_ga1p0_syncfull_v1_rseed0,20,10,13,13,0,5,10,3,7,5,5,0;3;5;6;7;8;9,full_preactivation,1.0,,True,1.0,569108.7698638986,44299.09795357012,12.846960686657356,grad_auto_alpha1,alpha * g_out / (g_aux + eps),1.0,True,full,128,0.00,0.00,0.00,1.00,128,2000,16,200,200,0.0,0.0,0.001,1e-05,False,5,5.0,0.0,200,1.0,0.049157,1.3424,0.0097,5,0.018909,nan,models/chua_orig_nint128_bs16_sig0.0_lr1e-03-1e-05_tfp0_ramp200_hLR1_m20_p10_seed13_minsym5_cand5_reducedp3_full_ga1p0_syncfull_v1_rseed0.pth,full_ga1p0_syncfull_v1,False,completed,5,5,1.342443
chua_orig_nint128_bs16_sig0.0_lr1e-03-1e-05_tfp0_ramp200_hLR1_m20_p10_seed13_minsym5_cand6_reducedp3_full_ga1p0_syncfull_v1_rseed0,20,10,13,13,0,6,10,3,7,5,5,1;2;3;5;7;8;9,full_preactivation,1.0,,True,1.0,307.32358095193194,2.794327124140935,109.98124675410114,grad_auto_alpha1,alpha * g_out / (g_aux + eps),1.0,True,full,128,0.00,0.00,0.00,1.00,128,2000,16,200,200,0.0,0.0,0.001,1e-05,False,5,5.0,0.0,200,1.0,0.288863,1.7513,0.0170,5,0.018735,nan,models/chua_orig_nint128_bs16_sig0.0_lr1e-03-1e-05_tfp0_ramp200_hLR1_m20_p10_seed13_minsym5_cand6_reducedp3_full_ga1p0_syncfull_v1_rseed0.pth,full_ga1p0_syncfull_v1,False,completed,5,5,1.751850
chua_orig_nint128_bs16_sig0.0_lr1e-03-1e-05_tfp0_ramp200_hLR1_m20_p10_seed13_minsym5_cand7_reducedp3_full_ga1p0_syncfull_v1_rseed0,20,10,13,13,0,7,10,3,7,5,5,2;3;5;6;7;8;9,full_preactivation,1.0,,True,1.0,273.2644195521328,2.7015014321207844,101.15279462854416,grad_auto_alpha1,alpha * g_out / (g_aux + eps),1.0,True,full,128,0.00,0.00,0.00,1.00,128,2000,16,200,200,0.0,0.0,0.001,1e-05,False,5,5.0,0.0,200,1.0,0.275318,1.5750,0.0094,5,0.023291,nan,models/chua_orig_nint128_bs16_sig0.0_lr1e-03-1e-05_tfp0_ramp200_hLR1_m20_p10_seed13_minsym5_cand7_reducedp3_full_ga1p0_syncfull_v1_rseed0.pth,full_ga1p0_syncfull_v1,False,completed,5,5,1.574950
chua_orig_nint128_bs16_sig0.0_lr1e-03-1e-05_tfp0_ramp200_hLR1_m20_p10_seed14_minsym5_cand0_reducedp3_full_ga1p0_syncfull_v1_rseed0,20,10,14,14,0,0,10,3,7,5,5,0;1;2;5;6;7;8,full_preactivation,1.0,,True,1.0,6204.116471142365,132.32415270408868,46.885744925314896,grad_auto_alpha1,alpha * g_out / (g_aux + eps),1.0,True,full,128,0.00,0.00,0.00,1.00,128,2000,16,200,200,0.0,0.0,0.001,1e-05,False,5,5.0,0.0,200,1.0,1.217189,2.6590,0.0092,3,0.390169,nan,models/chua_orig_nint128_bs16_sig0.0_lr1e-03-1e-05_tfp0_ramp200_hLR1_m20_p10_seed14_minsym5_cand0_reducedp3_full_ga1p0_syncfull_v1_rseed0.pth,full_ga1p0_syncfull_v1,False,completed,4,7,5.262330
chua_orig_nint128_bs16_sig0.0_lr1e-03-1e-05_tfp0_ramp200_hLR1_m20_p10_seed14_minsym5_cand1_reducedp3_full_ga1p0_syncfull_v1_rseed0,20,10,14,14,0,1,10,3,7,5,5,0;1;2;5;6;7;9,full_preactivation,1.0,,True,1.0,6360.239613214269,118.30804873484634,53.75999081405589,grad_auto_alpha1,alpha * g_out / (g_aux + eps),1.0,True,full,128,0.00,0.00,0.00,1.00,128,2000,16,200,200,0.0,0.0,0.001,1e-05,False,5,5.0,0.0,200,1.0,0.218800,1.5194,0.0071,5,0.021922,nan,models/chua_orig_nint128_bs16_sig0.0_lr1e-03-1e-05_tfp0_ramp200_hLR1_m20_p10_seed14_minsym5_cand1_reducedp3_full_ga1p0_syncfull_v1_rseed0.pth,full_ga1p0_syncfull_v1,False,completed,5,5,1.519448
chua_orig_nint128_bs16_sig0.0_lr1e-03-1e-05_tfp0_ramp200_hLR1_m20_p10_seed14_minsym5_cand2_reducedp3_full_ga1p0_syncfull_v1_rseed0,20,10,14,14,0,2,10,3,7,5,5,0;1;2;5;6;8;9,full_preactivation,1.0,,True,1.0,6184.345468600537,121.9344832429914,50.71859333078326,grad_auto_alpha1,alpha * g_out / (g_aux + eps),1.0,True,full,128,0.00,0.00,0.00,1.00,128,2000,16,200,200,0.0,0.0,0.001,1e-05,False,5,5.0,0.0,200,1.0,0.162377,1.2966,0.0078,5,0.012495,nan,models/chua_orig_nint128_bs16_sig0.0_lr1e-03-1e-05_tfp0_ramp200_hLR1_m20_p10_seed14_minsym5_cand2_reducedp3_full_ga1p0_syncfull_v1_rseed0.pth,full_ga1p0_syncfull_v1,False,completed,5,5,1.296604
chua_orig_nint128_bs16_sig0.0_lr1e-03-1e-05_tfp0_ramp200_hLR1_m20_p10_seed14_minsym5_cand3_reducedp3_full_ga1p0_syncfull_v1_rseed0,20,10,14,14,0,3,10,3,7,5,5,0;1;5;6;7;8;9,full_preactivation,1.0,,True,1.0,5509.059646391569,100.9770815690237,54.55752494317983,grad_auto_alpha1,alpha * g_out / (g_aux + eps),1.0,True,full,128,0.00,0.00,0.00,1.00,128,2000,16,200,200,0.0,0.0,0.001,1e-05,False,5,5.0,0.0,200,1.0,1.431896,2.8704,0.0086,3,0.403995,nan,models/chua_orig_nint128_bs16_sig0.0_lr1e-03-1e-05_tfp0_ramp200_hLR1_m20_p10_seed14_minsym5_cand3_reducedp3_full_ga1p0_syncfull_v1_rseed0.pth,full_ga1p0_syncfull_v1,False,completed,3,6,2.870383
chua_orig_nint128_bs16_sig0.0_lr1e-03-1e-05_tfp0_ramp200_hLR1_m20_p10_seed14_minsym5_cand4_reducedp3_full_ga1p0_syncfull_v1_rseed0,20,10,14,14,0,4,10,3,7,5,5,0;2;5;6;7;8;9,full_preactivation,1.0,,True,1.0,5441.872075628019,116.9837746414344,46.51817820298406,grad_auto_alpha1,alpha * g_out / (g_aux + eps),1.0,True,full,128,0.00,0.00,0.00,1.00,128,2000,16,200,200,0.0,0.0,0.001,1e-05,False,5,5.0,0.0,200,1.0,1.313748,2.8399,0.0118,3,0.413927,nan,models/chua_orig_nint128_bs16_sig0.0_lr1e-03-1e-05_tfp0_ramp200_hLR1_m20_p10_seed14_minsym5_cand4_reducedp3_full_ga1p0_syncfull_v1_rseed0.pth,full_ga1p0_syncfull_v1,False,completed,3,6,2.839945
chua_orig_nint128_bs16_sig0.0_lr1e-03-1e-05_tfp0_ramp200_hLR1_m20_p10_seed15_minsym5_cand0_reducedp3_full_ga1p0_syncfull_v1_rseed0,20,10,15,15,0,0,10,3,7,5,5,0;2;3;5;6;7;8,full_preactivation,1.0,,True,1.0,3630.534826303144,131.8157632712315,27.542493676061525,grad_auto_alpha1,alpha * g_out / (g_aux + eps),1.0,True,full,128,0.00,0.00,0.00,1.00,128,2000,16,200,200,0.0,0.0,0.001,1e-05,False,5,5.0,0.0,200,1.0,0.127960,1.2184,0.0063,5,0.034122,nan,models/chua_orig_nint128_bs16_sig0.0_lr1e-03-1e-05_tfp0_ramp200_hLR1_m20_p10_seed15_minsym5_cand0_reducedp3_full_ga1p0_syncfull_v1_rseed0.pth,full_ga1p0_syncfull_v1,False,completed,5,5,1.218436
chua_orig_nint128_bs16_sig0.0_lr1e-03-1e-05_tfp0_ramp200_hLR1_m20_p10_seed15_minsym5_cand1_reducedp3_full_ga1p0_syncfull_v1_rseed0,20,10,15,15,0,1,10,3,7,5,5,0;2;3;5;6;7;9,full_preactivation,1.0,,True,1.0,16877.58863108116,699.2511654497349,24.1366614244054,grad_auto_alpha1,alpha * g_out / (g_aux + eps),1.0,True,full,128,0.00,0.00,0.00,1.00,128,2000,16,200,200,0.0,0.0,0.001,1e-05,False,5,5.0,0.0,200,1.0,0.115937,1.2873,0.0072,5,0.027664,nan,models/chua_orig_nint128_bs16_sig0.0_lr1e-03-1e-05_tfp0_ramp200_hLR1_m20_p10_seed15_minsym5_cand1_reducedp3_full_ga1p0_syncfull_v1_rseed0.pth,full_ga1p0_syncfull_v1,False,completed,5,5,1.287321
chua_orig_nint128_bs16_sig0.0_lr1e-03-1e-05_tfp0_ramp200_hLR1_m20_p10_seed15_minsym5_cand2_reducedp3_full_ga1p0_syncfull_v1_rseed0,20,10,15,15,0,2,10,3,7,5,5,0;2;3;5;6;8;9,full_preactivation,1.0,,True,1.0,40094.681065572775,1885.4100279624217,21.26576207346442,grad_auto_alpha1,alpha * g_out / (g_aux + eps),1.0,True,full,128,0.00,0.00,0.00,1.00,128,2000,16,200,200,0.0,0.0,0.001,1e-05,False,5,5.0,0.0,200,1.0,0.184141,1.6089,0.0118,5,0.056860,nan,models/chua_orig_nint128_bs16_sig0.0_lr1e-03-1e-05_tfp0_ramp200_hLR1_m20_p10_seed15_minsym5_cand2_reducedp3_full_ga1p0_syncfull_v1_rseed0.pth,full_ga1p0_syncfull_v1,False,completed,5,5,1.608901
chua_orig_nint128_bs16_sig0.0_lr1e-03-1e-05_tfp0_ramp200_hLR1_m20_p10_seed15_minsym5_cand3_reducedp3_full_ga1p0_syncfull_v1_rseed0,20,10,15,15,0,3,10,3,7,5,5,0;2;3;5;7;8;9,full_preactivation,1.0,,True,1.0,20098.528105311594,725.5444510767629,27.701304965510836,grad_auto_alpha1,alpha * g_out / (g_aux + eps),1.0,True,full,128,0.00,0.00,0.00,1.00,128,2000,16,200,200,0.0,0.0,0.001,1e-05,False,5,5.0,0.0,200,1.0,0.195932,1.5124,0.0080,5,0.049482,nan,models/chua_orig_nint128_bs16_sig0.0_lr1e-03-1e-05_tfp0_ramp200_hLR1_m20_p10_seed15_minsym5_cand3_reducedp3_full_ga1p0_syncfull_v1_rseed0.pth,full_ga1p0_syncfull_v1,False,completed,5,5,1.512414
chua_orig_nint128_bs16_sig0.0_lr1e-03-1e-05_tfp0_ramp200_hLR1_m20_p10_seed15_minsym5_cand4_reducedp3_full_ga1p0_syncfull_v1_rseed0,20,10,15,15,0,4,10,3,7,5,5,0;2;5;6;7;8;9,full_preactivation,1.0,,True,1.0,2448.169979801239,128.18101148025616,19.099318623946996,grad_auto_alpha1,alpha * g_out / (g_aux + eps),1.0,True,full,128,0.00,0.00,0.00,1.00,128,2000,16,200,200,0.0,0.0,0.001,1e-05,False,5,5.0,0.0,200,1.0,0.104413,1.1485,0.0087,5,0.039141,nan,models/chua_orig_nint128_bs16_sig0.0_lr1e-03-1e-05_tfp0_ramp200_hLR1_m20_p10_seed15_minsym5_cand4_reducedp3_full_ga1p0_syncfull_v1_rseed0.pth,full_ga1p0_syncfull_v1,False,completed,5,5,1.148461
chua_orig_nint128_bs16_sig0.0_lr1e-03-1e-05_tfp0_ramp200_hLR1_m20_p10_seed15_minsym5_cand5_reducedp3_full_ga1p0_syncfull_v1_rseed0,20,10,15,15,0,5,10,3,7,5,5,0;3;5;6;7;8;9,full_preactivation,1.0,,True,1.0,15655.656805129576,586.6723525263058,26.68552001421878,grad_auto_alpha1,alpha * g_out / (g_aux + eps),1.0,True,full,128,0.00,0.00,0.00,1.00,128,2000,16,200,200,0.0,0.0,0.001,1e-05,False,5,5.0,0.0,200,1.0,0.168827,1.2320,0.0089,5,0.043496,nan,models/chua_orig_nint128_bs16_sig0.0_lr1e-03-1e-05_tfp0_ramp200_hLR1_m20_p10_seed15_minsym5_cand5_reducedp3_full_ga1p0_syncfull_v1_rseed0.pth,full_ga1p0_syncfull_v1,False,completed,5,5,1.232011
chua_orig_nint128_bs16_sig0.0_lr1e-03-1e-05_tfp0_ramp200_hLR1_m20_p10_seed15_minsym5_cand6_reducedp3_full_ga1p0_syncfull_v1_rseed0,20,10,15,15,0,6,10,3,7,5,5,2;3;5;6;7;8;9,full_preactivation,1.0,,True,1.0,19513.023497141596,723.9120851534736,26.954963036712797,grad_auto_alpha1,alpha * g_out / (g_aux + eps),1.0,True,full,128,0.00,0.00,0.00,1.00,128,2000,16,200,200,0.0,0.0,0.001,1e-05,False,5,5.0,0.0,200,1.0,0.886299,3.0315,0.0103,3,0.291278,nan,models/chua_orig_nint128_bs16_sig0.0_lr1e-03-1e-05_tfp0_ramp200_hLR1_m20_p10_seed15_minsym5_cand6_reducedp3_full_ga1p0_syncfull_v1_rseed0.pth,full_ga1p0_syncfull_v1,False,completed,4,4,3.031466
chua_orig_nint128_bs16_sig0.0_lr1e-03-1e-05_tfp0_ramp200_hLR1_m20_p10_seed16_minsym5_cand0_reducedp3_full_ga1p0_syncfull_v1_rseed0,20,10,16,16,0,0,10,3,7,5,5,0;1;2;3;4;5;8,full_preactivation,1.0,,True,1.0,3763.286105586446,71.56156309089202,52.58809258828731,grad_auto_alpha1,alpha * g_out / (g_aux + eps),1.0,True,full,128,0.00,0.00,0.00,1.00,128,2000,16,200,200,0.0,0.0,0.001,1e-05,False,5,5.0,0.0,200,1.0,0.277879,1.9052,0.0089,5,0.030400,nan,models/chua_orig_nint128_bs16_sig0.0_lr1e-03-1e-05_tfp0_ramp200_hLR1_m20_p10_seed16_minsym5_cand0_reducedp3_full_ga1p0_syncfull_v1_rseed0.pth,full_ga1p0_syncfull_v1,False,completed,5,5,1.905171
chua_orig_nint128_bs16_sig0.0_lr1e-03-1e-05_tfp0_ramp200_hLR1_m20_p10_seed16_minsym5_cand1_reducedp3_full_ga1p0_syncfull_v1_rseed0,20,10,16,16,0,1,10,3,7,5,5,0;1;2;3;4;7;8,full_preactivation,1.0,,True,1.0,2121.552201146015,60.85719512051974,34.86115646546842,grad_auto_alpha1,alpha * g_out / (g_aux + eps),1.0,True,full,128,0.00,0.00,0.00,1.00,128,2000,16,200,200,0.0,0.0,0.001,1e-05,False,5,5.0,0.0,200,1.0,0.182874,1.4718,0.0081,4,0.033800,nan,models/chua_orig_nint128_bs16_sig0.0_lr1e-03-1e-05_tfp0_ramp200_hLR1_m20_p10_seed16_minsym5_cand1_reducedp3_full_ga1p0_syncfull_v1_rseed0.pth,full_ga1p0_syncfull_v1,False,completed,5,5,1.471786
chua_orig_nint128_bs16_sig0.0_lr1e-03-1e-05_tfp0_ramp200_hLR1_m20_p10_seed17_minsym5_cand0_reducedp3_full_ga1p0_syncfull_v1_rseed0,20,10,17,17,0,0,10,3,7,5,5,0;1;2;3;4;6;8,full_preactivation,1.0,,True,1.0,2862.1817454085617,48.41062916303292,59.12300242513905,grad_auto_alpha1,alpha * g_out / (g_aux + eps),1.0,True,full,128,0.00,0.00,0.00,1.00,128,2000,16,200,200,0.0,0.0,0.001,1e-05,False,5,5.0,0.0,200,1.0,0.211184,1.8070,0.0116,5,0.024488,nan,models/chua_orig_nint128_bs16_sig0.0_lr1e-03-1e-05_tfp0_ramp200_hLR1_m20_p10_seed17_minsym5_cand0_reducedp3_full_ga1p0_syncfull_v1_rseed0.pth,full_ga1p0_syncfull_v1,False,completed,5,5,1.806990
chua_orig_nint128_bs16_sig0.0_lr1e-03-1e-05_tfp0_ramp200_hLR1_m20_p10_seed17_minsym5_cand1_reducedp3_full_ga1p0_syncfull_v1_rseed0,20,10,17,17,0,1,10,3,7,5,5,0;1;2;3;4;8;9,full_preactivation,1.0,,True,1.0,3394.252352322968,104.97568324848535,32.33370097995442,grad_auto_alpha1,alpha * g_out / (g_aux + eps),1.0,True,full,128,0.00,0.00,0.00,1.00,128,2000,16,200,200,0.0,0.0,0.001,1e-05,False,5,5.0,0.0,200,1.0,0.142733,1.3845,0.0080,5,0.030887,nan,models/chua_orig_nint128_bs16_sig0.0_lr1e-03-1e-05_tfp0_ramp200_hLR1_m20_p10_seed17_minsym5_cand1_reducedp3_full_ga1p0_syncfull_v1_rseed0.pth,full_ga1p0_syncfull_v1,False,completed,5,5,1.384458
chua_orig_nint128_bs16_sig0.0_lr1e-03-1e-05_tfp0_ramp200_hLR1_m20_p10_seed17_minsym5_cand2_reducedp3_full_ga1p0_syncfull_v1_rseed0,20,10,17,17,0,2,10,3,7,5,5,0;2;3;4;6;7;8,full_preactivation,1.0,,True,1.0,2868.0075073995185,46.763532118227396,61.33000176608924,grad_auto_alpha1,alpha * g_out / (g_aux + eps),1.0,True,full,128,0.00,0.00,0.00,1.00,128,2000,16,200,200,0.0,0.0,0.001,1e-05,False,5,5.0,0.0,200,1.0,0.160931,1.4870,0.0055,5,0.020791,nan,models/chua_orig_nint128_bs16_sig0.0_lr1e-03-1e-05_tfp0_ramp200_hLR1_m20_p10_seed17_minsym5_cand2_reducedp3_full_ga1p0_syncfull_v1_rseed0.pth,full_ga1p0_syncfull_v1,False,completed,5,5,1.487050
chua_orig_nint128_bs16_sig0.0_lr1e-03-1e-05_tfp0_ramp200_hLR1_m20_p10_seed17_minsym5_cand3_reducedp3_full_ga1p0_syncfull_v1_rseed0,20,10,17,17,0,3,10,3,7,5,5,0;2;3;4;7;8;9,full_preactivation,1.0,,True,1.0,4194.802163094227,337.21382380303925,12.4395913423298,grad_auto_alpha1,alpha * g_out / (g_aux + eps),1.0,True,full,128,0.00,0.00,0.00,1.00,128,2000,16,200,200,0.0,0.0,0.001,1e-05,False,5,5.0,0.0,200,1.0,0.034734,1.0918,0.0101,5,0.012461,nan,models/chua_orig_nint128_bs16_sig0.0_lr1e-03-1e-05_tfp0_ramp200_hLR1_m20_p10_seed17_minsym5_cand3_reducedp3_full_ga1p0_syncfull_v1_rseed0.pth,full_ga1p0_syncfull_v1,False,completed,5,5,1.091815
chua_orig_nint128_bs16_sig0.0_lr1e-03-1e-05_tfp0_ramp200_hLR1_m20_p10_seed17_minsym5_cand4_reducedp3_full_ga1p0_syncfull_v1_rseed0,20,10,17,17,0,4,10,3,7,5,5,1;2;3;5;7;8;9,full_preactivation,1.0,,True,1.0,3004.52501445736,62.308338573469705,48.22027168826822,grad_auto_alpha1,alpha * g_out / (g_aux + eps),1.0,True,full,128,0.00,0.00,0.00,1.00,128,2000,16,200,200,0.0,0.0,0.001,1e-05,False,5,5.0,0.0,200,1.0,33140448142517338112.000000,1.5597,0.0082,5,185180865041530880.000000,nan,models/chua_orig_nint128_bs16_sig0.0_lr1e-03-1e-05_tfp0_ramp200_hLR1_m20_p10_seed17_minsym5_cand4_reducedp3_full_ga1p0_syncfull_v1_rseed0.pth,full_ga1p0_syncfull_v1,False,completed,5,5,1.559727
chua_orig_nint128_bs16_sig0.0_lr1e-03-1e-05_tfp0_ramp200_hLR1_m20_p10_seed17_minsym5_cand5_reducedp3_full_ga1p0_syncfull_v1_rseed0,20,10,17,17,0,5,10,3,7,5,5,1;2;4;5;7;8;9,full_preactivation,1.0,,True,1.0,1896.68226780344,36.34199347806497,52.18982467068498,grad_auto_alpha1,alpha * g_out / (g_aux + eps),1.0,True,full,128,0.00,0.00,0.00,1.00,128,2000,16,200,200,0.0,0.0,0.001,1e-05,False,5,5.0,0.0,200,1.0,1.895329,3.5592,0.0132,2,0.382002,nan,models/chua_orig_nint128_bs16_sig0.0_lr1e-03-1e-05_tfp0_ramp200_hLR1_m20_p10_seed17_minsym5_cand5_reducedp3_full_ga1p0_syncfull_v1_rseed0.pth,full_ga1p0_syncfull_v1,False,completed,4,6,4.217196
chua_orig_nint128_bs16_sig0.0_lr1e-03-1e-05_tfp0_ramp200_hLR1_m20_p10_seed18_minsym5_cand0_reducedp3_full_ga1p0_syncfull_v1_rseed0,20,10,18,18,0,0,10,3,7,5,5,0;1;2;3;4;5;7,full_preactivation,1.0,,True,1.0,8556342.727168424,393518.95946192986,21.74315244904023,grad_auto_alpha1,alpha * g_out / (g_aux + eps),1.0,True,full,128,0.00,0.00,0.00,1.00,128,2000,16,200,200,0.0,0.0,0.001,1e-05,False,5,5.0,0.0,200,1.0,0.102419,1.6691,0.0127,5,0.036019,nan,models/chua_orig_nint128_bs16_sig0.0_lr1e-03-1e-05_tfp0_ramp200_hLR1_m20_p10_seed18_minsym5_cand0_reducedp3_full_ga1p0_syncfull_v1_rseed0.pth,full_ga1p0_syncfull_v1,False,completed,5,5,1.669060
chua_orig_nint128_bs16_sig0.0_lr1e-03-1e-05_tfp0_ramp200_hLR1_m20_p10_seed18_minsym5_cand1_reducedp3_full_ga1p0_syncfull_v1_rseed0,20,10,18,18,0,1,10,3,7,5,5,0;1;2;3;4;5;9,full_preactivation,1.0,,True,1.0,16603894.307587482,326603.62756099325,50.838058448957995,grad_auto_alpha1,alpha * g_out / (g_aux + eps),1.0,True,full,128,0.00,0.00,0.00,1.00,128,2000,16,200,200,0.0,0.0,0.001,1e-05,False,5,5.0,0.0,200,1.0,0.207843,1.7387,0.0112,5,0.039609,nan,models/chua_orig_nint128_bs16_sig0.0_lr1e-03-1e-05_tfp0_ramp200_hLR1_m20_p10_seed18_minsym5_cand1_reducedp3_full_ga1p0_syncfull_v1_rseed0.pth,full_ga1p0_syncfull_v1,False,completed,5,5,1.738732
chua_orig_nint128_bs16_sig0.0_lr1e-03-1e-05_tfp0_ramp200_hLR1_m20_p10_seed18_minsym5_cand2_reducedp3_full_ga1p0_syncfull_v1_rseed0,20,10,18,18,0,2,10,3,7,5,5,0;1;2;3;4;6;7,full_preactivation,1.0,,True,1.0,1496800.195782991,29129.226311286413,51.384824979132404,grad_auto_alpha1,alpha * g_out / (g_aux + eps),1.0,True,full,128,0.00,0.00,0.00,1.00,128,2000,16,200,200,0.0,0.0,0.001,1e-05,False,5,5.0,0.0,200,1.0,0.168954,1.6352,0.0131,5,0.027805,nan,models/chua_orig_nint128_bs16_sig0.0_lr1e-03-1e-05_tfp0_ramp200_hLR1_m20_p10_seed18_minsym5_cand2_reducedp3_full_ga1p0_syncfull_v1_rseed0.pth,full_ga1p0_syncfull_v1,False,completed,5,5,1.635212
chua_orig_nint128_bs16_sig0.0_lr1e-03-1e-05_tfp0_ramp200_hLR1_m20_p10_seed18_minsym5_cand3_reducedp3_full_ga1p0_syncfull_v1_rseed0,20,10,18,18,0,3,10,3,7,5,5,0;1;2;3;4;6;9,full_preactivation,1.0,,True,1.0,695655.7697712282,9493.948747096752,73.27359650892991,grad_auto_alpha1,alpha * g_out / (g_aux + eps),1.0,True,full,128,0.00,0.00,0.00,1.00,128,2000,16,200,200,0.0,0.0,0.001,1e-05,False,5,5.0,0.0,200,1.0,0.238023,1.3907,0.0148,5,0.028679,nan,models/chua_orig_nint128_bs16_sig0.0_lr1e-03-1e-05_tfp0_ramp200_hLR1_m20_p10_seed18_minsym5_cand3_reducedp3_full_ga1p0_syncfull_v1_rseed0.pth,full_ga1p0_syncfull_v1,False,completed,5,5,1.390738
chua_orig_nint128_bs16_sig0.0_lr1e-03-1e-05_tfp0_ramp200_hLR1_m20_p10_seed18_minsym5_cand4_reducedp3_full_ga1p0_syncfull_v1_rseed0,20,10,18,18,0,4,10,3,7,5,5,0;1;3;4;5;7;9,full_preactivation,1.0,,True,1.0,4191646.808449395,54924.42045666026,76.31663244871083,grad_auto_alpha1,alpha * g_out / (g_aux + eps),1.0,True,full,128,0.00,0.00,0.00,1.00,128,2000,16,200,200,0.0,0.0,0.001,1e-05,False,5,5.0,0.0,200,1.0,0.261638,1.6777,0.0130,5,0.039123,nan,models/chua_orig_nint128_bs16_sig0.0_lr1e-03-1e-05_tfp0_ramp200_hLR1_m20_p10_seed18_minsym5_cand4_reducedp3_full_ga1p0_syncfull_v1_rseed0.pth,full_ga1p0_syncfull_v1,False,completed,5,5,1.677679
chua_orig_nint128_bs16_sig0.0_lr1e-03-1e-05_tfp0_ramp200_hLR1_m20_p10_seed18_minsym5_cand5_reducedp3_full_ga1p0_syncfull_v1_rseed0,20,10,18,18,0,5,10,3,7,5,5,0;1;3;4;6;7;9,full_preactivation,1.0,,True,1.0,762517.6908111706,10338.111124620396,73.7579313686444,grad_auto_alpha1,alpha * g_out / (g_aux + eps),1.0,True,full,128,0.00,0.00,0.00,1.00,128,2000,16,200,200,0.0,0.0,0.001,1e-05,False,5,5.0,0.0,200,1.0,0.239196,1.3753,0.0069,5,0.031267,nan,models/chua_orig_nint128_bs16_sig0.0_lr1e-03-1e-05_tfp0_ramp200_hLR1_m20_p10_seed18_minsym5_cand5_reducedp3_full_ga1p0_syncfull_v1_rseed0.pth,full_ga1p0_syncfull_v1,False,completed,5,5,1.375304
chua_orig_nint128_bs16_sig0.0_lr1e-03-1e-05_tfp0_ramp200_hLR1_m20_p10_seed18_minsym5_cand6_reducedp3_full_ga1p0_syncfull_v1_rseed0,20,10,18,18,0,6,10,3,7,5,5,1;2;3;4;5;7;9,full_preactivation,1.0,,True,1.0,143877.99399491222,4206.016533268147,34.20766248940931,grad_auto_alpha1,alpha * g_out / (g_aux + eps),1.0,True,full,128,0.00,0.00,0.00,1.00,128,2000,16,200,200,0.0,0.0,0.001,1e-05,False,5,5.0,0.0,200,1.0,0.112066,1.4308,0.0094,5,0.031527,nan,models/chua_orig_nint128_bs16_sig0.0_lr1e-03-1e-05_tfp0_ramp200_hLR1_m20_p10_seed18_minsym5_cand6_reducedp3_full_ga1p0_syncfull_v1_rseed0.pth,full_ga1p0_syncfull_v1,False,completed,5,5,1.430840
chua_orig_nint128_bs16_sig0.0_lr1e-03-1e-05_tfp0_ramp200_hLR1_m20_p10_seed18_minsym5_cand7_reducedp3_full_ga1p0_syncfull_v1_rseed0,20,10,18,18,0,7,10,3,7,5,5,1;2;3;4;6;7;9,full_preactivation,1.0,,True,1.0,157226.10065761983,3423.8450527604928,45.92091588106636,grad_auto_alpha1,alpha * g_out / (g_aux + eps),1.0,True,full,128,0.00,0.00,0.00,1.00,128,2000,16,200,200,0.0,0.0,0.001,1e-05,False,5,5.0,0.0,200,1.0,0.126262,1.2673,0.0075,5,0.024858,nan,models/chua_orig_nint128_bs16_sig0.0_lr1e-03-1e-05_tfp0_ramp200_hLR1_m20_p10_seed18_minsym5_cand7_reducedp3_full_ga1p0_syncfull_v1_rseed0.pth,full_ga1p0_syncfull_v1,False,completed,5,5,1.267342
chua_orig_nint128_bs16_sig0.0_lr1e-03-1e-05_tfp0_ramp200_hLR1_m20_p10_seed20_minsym5_cand0_reducedp3_full_ga1p0_syncfull_v1_rseed0,20,10,20,20,0,0,10,3,7,5,5,0;1;2;3;5;7;8,full_preactivation,1.0,,True,1.0,3994996.5814453457,234719.52286931736,17.0202995158166,grad_auto_alpha1,alpha * g_out / (g_aux + eps),1.0,True,full,128,0.00,0.00,0.00,1.00,128,2000,16,200,200,0.0,0.0,0.001,1e-05,False,5,5.0,0.0,200,1.0,0.021138,1.2273,0.0048,5,0.006627,nan,models/chua_orig_nint128_bs16_sig0.0_lr1e-03-1e-05_tfp0_ramp200_hLR1_m20_p10_seed20_minsym5_cand0_reducedp3_full_ga1p0_syncfull_v1_rseed0.pth,full_ga1p0_syncfull_v1,False,completed,5,5,1.227345
chua_orig_nint128_bs16_sig0.0_lr1e-03-1e-05_tfp0_ramp200_hLR1_m20_p10_seed20_minsym5_cand1_reducedp3_full_ga1p0_syncfull_v1_rseed0,20,10,20,20,0,1,10,3,7,5,5,0;1;3;4;5;7;8,full_preactivation,1.0,,True,1.0,54395.86948473202,1569.0148555132578,34.66880462832709,grad_auto_alpha1,alpha * g_out / (g_aux + eps),1.0,True,full,128,0.00,0.00,0.00,1.00,128,2000,16,200,200,0.0,0.0,0.001,1e-05,False,5,5.0,0.0,200,1.0,0.054259,1.3990,0.0098,5,0.010709,nan,models/chua_orig_nint128_bs16_sig0.0_lr1e-03-1e-05_tfp0_ramp200_hLR1_m20_p10_seed20_minsym5_cand1_reducedp3_full_ga1p0_syncfull_v1_rseed0.pth,full_ga1p0_syncfull_v1,False,completed,5,5,1.398992
chua_orig_nint128_bs16_sig0.0_lr1e-03-1e-05_tfp0_ramp200_hLR1_m20_p10_seed20_minsym5_cand2_reducedp3_full_ga1p0_syncfull_v1_rseed0,20,10,20,20,0,2,10,3,7,5,5,1;2;3;4;5;7;8,full_preactivation,1.0,,True,1.0,1938799.7400783815,148556.6323123946,13.050913378282209,grad_auto_alpha1,alpha * g_out / (g_aux + eps),1.0,True,full,128,0.00,0.00,0.00,1.00,128,2000,16,200,200,0.0,0.0,0.001,1e-05,False,5,5.0,0.0,200,1.0,0.020271,1.1852,0.0084,5,0.007560,nan,models/chua_orig_nint128_bs16_sig0.0_lr1e-03-1e-05_tfp0_ramp200_hLR1_m20_p10_seed20_minsym5_cand2_reducedp3_full_ga1p0_syncfull_v1_rseed0.pth,full_ga1p0_syncfull_v1,False,completed,5,5,1.185189
chua_orig_nint128_bs16_sig0.0_lr1e-03-1e-05_tfp0_ramp200_hLR1_m20_p10_seed21_minsym5_cand0_reducedp3_full_ga1p0_syncfull_v1_rseed0,20,10,21,21,0,0,10,3,7,5,5,0;1;3;4;5;6;8,full_preactivation,1.0,,True,1.0,390861.38265119004,19029.359906142403,20.539912250281503,grad_auto_alpha1,alpha * g_out / (g_aux + eps),1.0,True,full,128,0.00,0.00,0.00,1.00,128,2000,16,200,200,0.0,0.0,0.001,1e-05,False,5,5.0,0.0,200,1.0,0.183538,1.6325,0.0086,5,0.037353,nan,models/chua_orig_nint128_bs16_sig0.0_lr1e-03-1e-05_tfp0_ramp200_hLR1_m20_p10_seed21_minsym5_cand0_reducedp3_full_ga1p0_syncfull_v1_rseed0.pth,full_ga1p0_syncfull_v1,False,completed,5,5,1.632464
chua_orig_nint128_bs16_sig0.0_lr1e-03-1e-05_tfp0_ramp200_hLR1_m20_p10_seed21_minsym5_cand1_reducedp3_full_ga1p0_syncfull_v1_rseed0,20,10,21,21,0,1,10,3,7,5,5,0;1;3;4;5;8;9,full_preactivation,1.0,,True,1.0,178029.20230119553,16298.502929717195,10.923040175462582,grad_auto_alpha1,alpha * g_out / (g_aux + eps),1.0,True,full,128,0.00,0.00,0.00,1.00,128,2000,16,200,200,0.0,0.0,0.001,1e-05,False,5,5.0,0.0,200,1.0,0.072642,1.3088,0.0047,5,0.025576,nan,models/chua_orig_nint128_bs16_sig0.0_lr1e-03-1e-05_tfp0_ramp200_hLR1_m20_p10_seed21_minsym5_cand1_reducedp3_full_ga1p0_syncfull_v1_rseed0.pth,full_ga1p0_syncfull_v1,False,completed,5,5,1.308784
chua_orig_nint128_bs16_sig0.0_lr1e-03-1e-05_tfp0_ramp200_hLR1_m20_p10_seed21_minsym5_cand2_reducedp3_full_ga1p0_syncfull_v1_rseed0,20,10,21,21,0,2,10,3,7,5,5,0;1;3;4;6;8;9,full_preactivation,1.0,,True,1.0,42397.008903930946,1798.7757864942826,23.56992417968913,grad_auto_alpha1,alpha * g_out / (g_aux + eps),1.0,True,full,128,0.00,0.00,0.00,1.00,128,2000,16,200,200,0.0,0.0,0.001,1e-05,False,5,5.0,0.0,200,1.0,0.116555,1.5567,0.0070,4,0.026661,nan,models/chua_orig_nint128_bs16_sig0.0_lr1e-03-1e-05_tfp0_ramp200_hLR1_m20_p10_seed21_minsym5_cand2_reducedp3_full_ga1p0_syncfull_v1_rseed0.pth,full_ga1p0_syncfull_v1,False,completed,5,5,1.556728
chua_orig_nint128_bs16_sig0.0_lr1e-03-1e-05_tfp0_ramp200_hLR1_m20_p10_seed21_minsym5_cand3_reducedp3_full_ga1p0_syncfull_v1_rseed0,20,10,21,21,0,3,10,3,7,5,5,0;3;4;5;6;8;9,full_preactivation,1.0,,True,1.0,158040.3314347322,7744.338329144072,20.40720907556208,grad_auto_alpha1,alpha * g_out / (g_aux + eps),1.0,True,full,128,0.00,0.00,0.00,1.00,128,2000,16,200,200,0.0,0.0,0.001,1e-05,False,5,5.0,0.0,200,1.0,0.145694,1.5830,0.0079,5,0.042145,nan,models/chua_orig_nint128_bs16_sig0.0_lr1e-03-1e-05_tfp0_ramp200_hLR1_m20_p10_seed21_minsym5_cand3_reducedp3_full_ga1p0_syncfull_v1_rseed0.pth,full_ga1p0_syncfull_v1,False,completed,5,5,1.582998
chua_orig_nint128_bs16_sig0.0_lr1e-03-1e-05_tfp0_ramp200_hLR1_m20_p10_seed22_minsym5_cand0_reducedp3_full_ga1p0_syncfull_v1_rseed0,20,10,22,22,0,0,10,3,7,5,5,0;2;3;4;5;7;8,full_preactivation,1.0,,True,1.0,2579.093817966884,101.4263473650675,25.42824310416931,grad_auto_alpha1,alpha * g_out / (g_aux + eps),1.0,True,full,128,0.00,0.00,0.00,1.00,128,2000,16,200,200,0.0,0.0,0.001,1e-05,False,5,5.0,0.0,200,1.0,0.060394,1.3443,0.0097,5,0.014412,nan,models/chua_orig_nint128_bs16_sig0.0_lr1e-03-1e-05_tfp0_ramp200_hLR1_m20_p10_seed22_minsym5_cand0_reducedp3_full_ga1p0_syncfull_v1_rseed0.pth,full_ga1p0_syncfull_v1,False,completed,5,5,1.344259
chua_orig_nint128_bs16_sig0.0_lr1e-03-1e-05_tfp0_ramp200_hLR1_m20_p10_seed22_minsym5_cand1_reducedp3_full_ga1p0_syncfull_v1_rseed0,20,10,22,22,0,1,10,3,7,5,5,0;2;3;4;5;8;9,full_preactivation,1.0,,True,1.0,4961.570133284422,252.44180781520285,19.65431231944141,grad_auto_alpha1,alpha * g_out / (g_aux + eps),1.0,True,full,128,0.00,0.00,0.00,1.00,128,2000,16,200,200,0.0,0.0,0.001,1e-05,False,5,5.0,0.0,200,1.0,0.100498,1.6510,0.0125,5,0.028126,nan,models/chua_orig_nint128_bs16_sig0.0_lr1e-03-1e-05_tfp0_ramp200_hLR1_m20_p10_seed22_minsym5_cand1_reducedp3_full_ga1p0_syncfull_v1_rseed0.pth,full_ga1p0_syncfull_v1,False,completed,5,5,1.650970
chua_orig_nint128_bs16_sig0.0_lr1e-03-1e-05_tfp0_ramp200_hLR1_m20_p10_seed22_minsym5_cand2_reducedp3_full_ga1p0_syncfull_v1_rseed0,20,10,22,22,0,2,10,3,7,5,5,0;2;3;4;7;8;9,full_preactivation,1.0,,True,1.0,1895.791700550195,94.02212069341714,20.163251866354752,grad_auto_alpha1,alpha * g_out / (g_aux + eps),1.0,True,full,128,0.00,0.00,0.00,1.00,128,2000,16,200,200,0.0,0.0,0.001,1e-05,False,5,5.0,0.0,200,1.0,0.051900,1.3081,0.0097,5,0.014251,nan,models/chua_orig_nint128_bs16_sig0.0_lr1e-03-1e-05_tfp0_ramp200_hLR1_m20_p10_seed22_minsym5_cand2_reducedp3_full_ga1p0_syncfull_v1_rseed0.pth,full_ga1p0_syncfull_v1,False,completed,5,5,1.308145
chua_orig_nint128_bs16_sig0.0_lr1e-03-1e-05_tfp0_ramp200_hLR1_m20_p10_seed22_minsym5_cand3_reducedp3_full_ga1p0_syncfull_v1_rseed0,20,10,22,22,0,3,10,3,7,5,5,0;2;3;5;7;8;9,full_preactivation,1.0,,True,1.0,5917.589754283411,195.6976413590519,30.238431660125197,grad_auto_alpha1,alpha * g_out / (g_aux + eps),1.0,True,full,128,0.00,0.00,0.00,1.00,128,2000,16,200,200,0.0,0.0,0.001,1e-05,False,5,5.0,0.0,200,1.0,0.118603,1.4558,0.0081,5,0.024060,nan,models/chua_orig_nint128_bs16_sig0.0_lr1e-03-1e-05_tfp0_ramp200_hLR1_m20_p10_seed22_minsym5_cand3_reducedp3_full_ga1p0_syncfull_v1_rseed0.pth,full_ga1p0_syncfull_v1,False,completed,5,5,1.455774
chua_orig_nint128_bs16_sig0.0_lr1e-03-1e-05_tfp0_ramp200_hLR1_m20_p10_seed22_minsym5_cand4_reducedp3_full_ga1p0_syncfull_v1_rseed0,20,10,22,22,0,4,10,3,7,5,5,0;2;4;5;7;8;9,full_preactivation,1.0,,True,1.0,1775.9980952622107,59.72397650140708,29.736769038149006,grad_auto_alpha1,alpha * g_out / (g_aux + eps),1.0,True,full,128,0.00,0.00,0.00,1.00,128,2000,16,200,200,0.0,0.0,0.001,1e-05,False,5,5.0,0.0,200,1.0,0.099244,1.7291,0.0133,5,0.016608,nan,models/chua_orig_nint128_bs16_sig0.0_lr1e-03-1e-05_tfp0_ramp200_hLR1_m20_p10_seed22_minsym5_cand4_reducedp3_full_ga1p0_syncfull_v1_rseed0.pth,full_ga1p0_syncfull_v1,False,completed,5,5,1.729098
chua_orig_nint128_bs16_sig0.0_lr1e-03-1e-05_tfp0_ramp200_hLR1_m20_p10_seed22_minsym5_cand5_reducedp4_full_ga1p0_syncfull_v1_rseed0,20,10,22,22,0,5,10,4,6,5,5,1;2;3;4;5;7,full_preactivation,1.0,,True,1.0,3809.3867780785927,102.03834007596842,37.3328963921055,grad_auto_alpha1,alpha * g_out / (g_aux + eps),1.0,True,full,128,0.00,0.00,0.00,1.00,128,2000,16,200,200,0.0,0.0,0.001,1e-05,False,5,5.0,0.0,200,1.0,0.191955,1.4806,0.0087,4,0.039118,nan,models/chua_orig_nint128_bs16_sig0.0_lr1e-03-1e-05_tfp0_ramp200_hLR1_m20_p10_seed22_minsym5_cand5_reducedp4_full_ga1p0_syncfull_v1_rseed0.pth,full_ga1p0_syncfull_v1,False,completed,5,5,1.480647
chua_orig_nint128_bs16_sig0.0_lr1e-03-1e-05_tfp0_ramp200_hLR1_m20_p10_seed22_minsym5_cand6_reducedp4_full_ga1p0_syncfull_v1_rseed0,20,10,22,22,0,6,10,4,6,5,5,1;2;3;4;7;9,full_preactivation,1.0,,True,1.0,3796.2032389283377,101.3015689589019,37.474278808736145,grad_auto_alpha1,alpha * g_out / (g_aux + eps),1.0,True,full,128,0.00,0.00,0.00,1.00,128,2000,16,200,200,0.0,0.0,0.001,1e-05,False,5,5.0,0.0,200,1.0,0.198039,1.4018,0.0117,5,0.039999,nan,models/chua_orig_nint128_bs16_sig0.0_lr1e-03-1e-05_tfp0_ramp200_hLR1_m20_p10_seed22_minsym5_cand6_reducedp4_full_ga1p0_syncfull_v1_rseed0.pth,full_ga1p0_syncfull_v1,False,completed,5,5,1.401765
chua_orig_nint128_bs16_sig0.0_lr1e-03-1e-05_tfp0_ramp200_hLR1_m20_p10_seed22_minsym5_cand7_reducedp4_full_ga1p0_syncfull_v1_rseed0,20,10,22,22,0,7,10,4,6,5,5,1;2;3;5;7;9,full_preactivation,1.0,,True,1.0,3485.982886862757,92.69128830023786,37.60852773532736,grad_auto_alpha1,alpha * g_out / (g_aux + eps),1.0,True,full,128,0.00,0.00,0.00,1.00,128,2000,16,200,200,0.0,0.0,0.001,1e-05,False,5,5.0,0.0,200,1.0,0.219699,1.4706,0.0122,5,0.043786,nan,models/chua_orig_nint128_bs16_sig0.0_lr1e-03-1e-05_tfp0_ramp200_hLR1_m20_p10_seed22_minsym5_cand7_reducedp4_full_ga1p0_syncfull_v1_rseed0.pth,full_ga1p0_syncfull_v1,False,completed,5,5,1.470604
chua_orig_nint128_bs16_sig0.0_lr1e-03-1e-05_tfp0_ramp200_hLR1_m20_p10_seed23_minsym5_cand0_reducedp3_full_ga1p0_syncfull_v1_rseed0,20,10,23,23,0,0,10,3,7,5,5,0;1;3;4;6;7;9,full_preactivation,1.0,,True,1.0,6597.158860543681,210.8694865032273,31.285507305689208,grad_auto_alpha1,alpha * g_out / (g_aux + eps),1.0,True,full,128,0.00,0.00,0.00,1.00,128,2000,16,200,200,0.0,0.0,0.001,1e-05,False,5,5.0,0.0,200,1.0,1.347189,3.0515,0.0269,3,0.355052,nan,models/chua_orig_nint128_bs16_sig0.0_lr1e-03-1e-05_tfp0_ramp200_hLR1_m20_p10_seed23_minsym5_cand0_reducedp3_full_ga1p0_syncfull_v1_rseed0.pth,full_ga1p0_syncfull_v1,False,completed,4,6,3.051479
chua_orig_nint128_bs16_sig0.0_lr1e-03-1e-05_tfp0_ramp200_hLR1_m20_p10_seed23_minsym5_cand1_reducedp3_full_ga1p0_syncfull_v1_rseed0,20,10,23,23,0,1,10,3,7,5,5,0;1;3;5;6;7;9,full_preactivation,1.0,,True,1.0,624.656906610791,63.44200549733148,9.846109083626867,grad_auto_alpha1,alpha * g_out / (g_aux + eps),1.0,True,full,128,0.00,0.00,0.00,1.00,128,2000,16,200,200,0.0,0.0,0.001,1e-05,False,5,5.0,0.0,200,1.0,0.087180,1.2709,0.0084,5,0.029340,nan,models/chua_orig_nint128_bs16_sig0.0_lr1e-03-1e-05_tfp0_ramp200_hLR1_m20_p10_seed23_minsym5_cand1_reducedp3_full_ga1p0_syncfull_v1_rseed0.pth,full_ga1p0_syncfull_v1,False,completed,5,5,1.270927
chua_orig_nint128_bs16_sig0.0_lr1e-03-1e-05_tfp0_ramp200_hLR1_m20_p10_seed23_minsym5_cand2_reducedp3_full_ga1p0_syncfull_v1_rseed0,20,10,23,23,0,2,10,3,7,5,5,0;1;4;5;6;7;9,full_preactivation,1.0,,True,1.0,22745.745701119584,625.819167078488,36.34555618886447,grad_auto_alpha1,alpha * g_out / (g_aux + eps),1.0,True,full,128,0.00,0.00,0.00,1.00,128,2000,16,200,200,0.0,0.0,0.001,1e-05,False,5,5.0,0.0,200,1.0,0.281684,1.7094,0.0095,5,0.038602,nan,models/chua_orig_nint128_bs16_sig0.0_lr1e-03-1e-05_tfp0_ramp200_hLR1_m20_p10_seed23_minsym5_cand2_reducedp3_full_ga1p0_syncfull_v1_rseed0.pth,full_ga1p0_syncfull_v1,False,completed,5,5,1.709409
chua_orig_nint128_bs16_sig0.0_lr1e-03-1e-05_tfp0_ramp200_hLR1_m20_p10_seed24_minsym5_cand0_reducedp3_full_ga1p0_syncfull_v1_rseed0,20,10,24,24,0,0,10,3,7,5,5,0;1;2;3;5;6;9,full_preactivation,1.0,,True,1.0,4089.829431803972,67.85708882035706,60.271218569827106,grad_auto_alpha1,alpha * g_out / (g_aux + eps),1.0,True,full,128,0.00,0.00,0.00,1.00,128,2000,16,200,200,0.0,0.0,0.001,1e-05,False,5,5.0,0.0,200,1.0,3194.887695,1.3665,0.0115,5,9.887647,nan,models/chua_orig_nint128_bs16_sig0.0_lr1e-03-1e-05_tfp0_ramp200_hLR1_m20_p10_seed24_minsym5_cand0_reducedp3_full_ga1p0_syncfull_v1_rseed0.pth,full_ga1p0_syncfull_v1,False,completed,5,5,1.366456
chua_orig_nint128_bs16_sig0.0_lr1e-03-1e-05_tfp0_ramp200_hLR1_m20_p10_seed24_minsym5_cand1_reducedp3_full_ga1p0_syncfull_v1_rseed0,20,10,24,24,0,1,10,3,7,5,5,0;1;2;3;5;8;9,full_preactivation,1.0,,True,1.0,2565.325929584777,46.783256207438676,54.83427485701236,grad_auto_alpha1,alpha * g_out / (g_aux + eps),1.0,True,full,128,0.00,0.00,0.00,1.00,128,2000,16,200,200,0.0,0.0,0.001,1e-05,False,5,5.0,0.0,200,1.0,1.114782,2.4946,0.0121,3,0.327443,nan,models/chua_orig_nint128_bs16_sig0.0_lr1e-03-1e-05_tfp0_ramp200_hLR1_m20_p10_seed24_minsym5_cand1_reducedp3_full_ga1p0_syncfull_v1_rseed0.pth,full_ga1p0_syncfull_v1,False,completed,3,4,2.494608
chua_orig_nint128_bs16_sig0.0_lr1e-03-1e-05_tfp0_ramp200_hLR1_m20_p10_seed24_minsym5_cand2_reducedp3_full_ga1p0_syncfull_v1_rseed0,20,10,24,24,0,2,10,3,7,5,5,0;1;2;3;6;7;9,full_preactivation,1.0,,True,1.0,8469.336153146833,101.28873559771775,83.61577527025209,grad_auto_alpha1,alpha * g_out / (g_aux + eps),1.0,True,full,128,0.00,0.00,0.00,1.00,128,2000,16,200,200,0.0,0.0,0.001,1e-05,False,5,5.0,0.0,200,1.0,5974687.000000,1.6149,0.0147,5,20736.865234,nan,models/chua_orig_nint128_bs16_sig0.0_lr1e-03-1e-05_tfp0_ramp200_hLR1_m20_p10_seed24_minsym5_cand2_reducedp3_full_ga1p0_syncfull_v1_rseed0.pth,full_ga1p0_syncfull_v1,False,completed,5,5,1.614858
chua_orig_nint128_bs16_sig0.0_lr1e-03-1e-05_tfp0_ramp200_hLR1_m20_p10_seed24_minsym5_cand3_reducedp3_full_ga1p0_syncfull_v1_rseed0,20,10,24,24,0,3,10,3,7,5,5,0;1;2;3;7;8;9,full_preactivation,1.0,,True,1.0,3860.8556936901955,46.60731854251683,82.83797082572138,grad_auto_alpha1,alpha * g_out / (g_aux + eps),1.0,True,full,128,0.00,0.00,0.00,1.00,128,2000,16,200,200,0.0,0.0,0.001,1e-05,False,5,5.0,0.0,200,1.0,15853713.000000,1.3975,0.0112,5,54881.261719,nan,models/chua_orig_nint128_bs16_sig0.0_lr1e-03-1e-05_tfp0_ramp200_hLR1_m20_p10_seed24_minsym5_cand3_reducedp3_full_ga1p0_syncfull_v1_rseed0.pth,full_ga1p0_syncfull_v1,False,completed,5,5,1.397474
chua_orig_nint128_bs16_sig0.0_lr1e-03-1e-05_tfp0_ramp200_hLR1_m20_p10_seed24_minsym5_cand4_reducedp3_full_ga1p0_syncfull_v1_rseed0,20,10,24,24,0,4,10,3,7,5,5,0;1;2;5;6;7;9,full_preactivation,1.0,,True,1.0,11027.116508861236,149.22613303888258,73.89534449698513,grad_auto_alpha1,alpha * g_out / (g_aux + eps),1.0,True,full,128,0.00,0.00,0.00,1.00,128,2000,16,200,200,0.0,0.0,0.001,1e-05,False,5,5.0,0.0,200,1.0,0.165139,1.1940,0.0094,5,0.021003,nan,models/chua_orig_nint128_bs16_sig0.0_lr1e-03-1e-05_tfp0_ramp200_hLR1_m20_p10_seed24_minsym5_cand4_reducedp3_full_ga1p0_syncfull_v1_rseed0.pth,full_ga1p0_syncfull_v1,False,completed,5,5,1.193955
chua_orig_nint128_bs16_sig0.0_lr1e-03-1e-05_tfp0_ramp200_hLR1_m20_p10_seed24_minsym5_cand5_reducedp3_full_ga1p0_syncfull_v1_rseed0,20,10,24,24,0,5,10,3,7,5,5,0;1;2;5;7;8;9,full_preactivation,1.0,,True,1.0,4059.347584587947,51.01959757037168,79.56447674815116,grad_auto_alpha1,alpha * g_out / (g_aux + eps),1.0,True,full,128,0.00,0.00,0.00,1.00,128,2000,16,200,200,0.0,0.0,0.001,1e-05,False,5,5.0,0.0,200,1.0,0.178903,1.2475,0.0059,5,0.026060,nan,models/chua_orig_nint128_bs16_sig0.0_lr1e-03-1e-05_tfp0_ramp200_hLR1_m20_p10_seed24_minsym5_cand5_reducedp3_full_ga1p0_syncfull_v1_rseed0.pth,full_ga1p0_syncfull_v1,False,completed,5,5,1.247497
chua_orig_nint128_bs16_sig0.0_lr1e-03-1e-05_tfp0_ramp200_hLR1_m20_p10_seed24_minsym5_cand6_reducedp3_full_ga1p0_syncfull_v1_rseed0,20,10,24,24,0,6,10,3,7,5,5,0;2;3;5;6;7;9,full_preactivation,1.0,,True,1.0,12191.376850052664,165.147095188854,73.82132175023204,grad_auto_alpha1,alpha * g_out / (g_aux + eps),1.0,True,full,128,0.00,0.00,0.00,1.00,128,2000,16,200,200,0.0,0.0,0.001,1e-05,False,5,5.0,0.0,200,1.0,0.392768,2.0474,0.0106,4,0.056200,nan,models/chua_orig_nint128_bs16_sig0.0_lr1e-03-1e-05_tfp0_ramp200_hLR1_m20_p10_seed24_minsym5_cand6_reducedp3_full_ga1p0_syncfull_v1_rseed0.pth,full_ga1p0_syncfull_v1,False,completed,5,5,2.047439
chua_orig_nint128_bs16_sig0.0_lr1e-03-1e-05_tfp0_ramp200_hLR1_m20_p10_seed24_minsym5_cand7_reducedp3_full_ga1p0_syncfull_v1_rseed0,20,10,24,24,0,7,10,3,7,5,5,0;2;3;5;7;8;9,full_preactivation,1.0,,True,1.0,4229.80334944782,53.36461272106395,79.26232635767191,grad_auto_alpha1,alpha * g_out / (g_aux + eps),1.0,True,full,128,0.00,0.00,0.00,1.00,128,2000,16,200,200,0.0,0.0,0.001,1e-05,False,5,5.0,0.0,200,1.0,0.373772,1.8027,0.0119,5,0.053781,nan,models/chua_orig_nint128_bs16_sig0.0_lr1e-03-1e-05_tfp0_ramp200_hLR1_m20_p10_seed24_minsym5_cand7_reducedp3_full_ga1p0_syncfull_v1_rseed0.pth,full_ga1p0_syncfull_v1,False,completed,5,5,1.802731
chua_orig_nint128_bs16_sig0.0_lr1e-03-1e-05_tfp0_ramp200_hLR1_m20_p10_seed25_minsym5_cand0_reducedp3_full_ga1p0_syncfull_v1_rseed0,20,10,25,25,0,0,10,3,7,5,5,0;1;2;3;4;5;8,full_preactivation,1.0,,True,1.0,24218.683500553863,302.52218390215563,80.05589272219058,grad_auto_alpha1,alpha * g_out / (g_aux + eps),1.0,True,full,128,0.00,0.00,0.00,1.00,128,2000,16,200,200,0.0,0.0,0.001,1e-05,False,5,5.0,0.0,200,1.0,0.191093,1.7946,0.0128,3,0.028499,nan,models/chua_orig_nint128_bs16_sig0.0_lr1e-03-1e-05_tfp0_ramp200_hLR1_m20_p10_seed25_minsym5_cand0_reducedp3_full_ga1p0_syncfull_v1_rseed0.pth,full_ga1p0_syncfull_v1,False,completed,5,5,1.794634
chua_orig_nint128_bs16_sig0.0_lr1e-03-1e-05_tfp0_ramp200_hLR1_m20_p10_seed25_minsym5_cand1_reducedp3_full_ga1p0_syncfull_v1_rseed0,20,10,25,25,0,1,10,3,7,5,5,0;1;2;3;4;8;9,full_preactivation,1.0,,True,1.0,569522.550549142,21841.534362596874,26.075207954457458,grad_auto_alpha1,alpha * g_out / (g_aux + eps),1.0,True,full,128,0.00,0.00,0.00,1.00,128,2000,16,200,200,0.0,0.0,0.001,1e-05,False,5,5.0,0.0,200,1.0,0.093817,1.4968,0.0098,5,0.032247,nan,models/chua_orig_nint128_bs16_sig0.0_lr1e-03-1e-05_tfp0_ramp200_hLR1_m20_p10_seed25_minsym5_cand1_reducedp3_full_ga1p0_syncfull_v1_rseed0.pth,full_ga1p0_syncfull_v1,False,completed,5,5,1.496765
chua_orig_nint128_bs16_sig0.0_lr1e-03-1e-05_tfp0_ramp200_hLR1_m20_p10_seed25_minsym5_cand2_reducedp3_full_ga1p0_syncfull_v1_rseed0,20,10,25,25,0,2,10,3,7,5,5,0;1;2;4;5;7;8,full_preactivation,1.0,,True,1.0,81303.91318995661,1523.867798845876,53.35365262756605,grad_auto_alpha1,alpha * g_out / (g_aux + eps),1.0,True,full,128,0.00,0.00,0.00,1.00,128,2000,16,200,200,0.0,0.0,0.001,1e-05,False,5,5.0,0.0,200,1.0,0.124318,1.4328,0.0159,5,0.020193,nan,models/chua_orig_nint128_bs16_sig0.0_lr1e-03-1e-05_tfp0_ramp200_hLR1_m20_p10_seed25_minsym5_cand2_reducedp3_full_ga1p0_syncfull_v1_rseed0.pth,full_ga1p0_syncfull_v1,False,completed,5,5,1.432758
chua_orig_nint128_bs16_sig0.0_lr1e-03-1e-05_tfp0_ramp200_hLR1_m20_p10_seed25_minsym5_cand3_reducedp3_full_ga1p0_syncfull_v1_rseed0,20,10,25,25,0,3,10,3,7,5,5,0;1;2;4;7;8;9,full_preactivation,1.0,,True,1.0,447357.84441540757,9190.812804099538,48.6744593705428,grad_auto_alpha1,alpha * g_out / (g_aux + eps),1.0,True,full,128,0.00,0.00,0.00,1.00,128,2000,16,200,200,0.0,0.0,0.001,1e-05,False,5,5.0,0.0,200,1.0,0.138686,1.4054,0.0074,5,0.027507,nan,models/chua_orig_nint128_bs16_sig0.0_lr1e-03-1e-05_tfp0_ramp200_hLR1_m20_p10_seed25_minsym5_cand3_reducedp3_full_ga1p0_syncfull_v1_rseed0.pth,full_ga1p0_syncfull_v1,False,completed,5,5,1.405406
chua_orig_nint128_bs16_sig0.0_lr1e-03-1e-05_tfp0_ramp200_hLR1_m20_p10_seed25_minsym5_cand4_reducedp3_full_ga1p0_syncfull_v1_rseed0,20,10,25,25,0,4,10,3,7,5,5,0;2;3;4;5;8;9,full_preactivation,1.0,,True,1.0,80873.89606047183,1244.2708555270683,64.99701869671608,grad_auto_alpha1,alpha * g_out / (g_aux + eps),1.0,True,full,128,0.00,0.00,0.00,1.00,128,2000,16,200,200,0.0,0.0,0.001,1e-05,False,5,5.0,0.0,200,1.0,0.174108,1.6684,0.0107,5,0.025258,nan,models/chua_orig_nint128_bs16_sig0.0_lr1e-03-1e-05_tfp0_ramp200_hLR1_m20_p10_seed25_minsym5_cand4_reducedp3_full_ga1p0_syncfull_v1_rseed0.pth,full_ga1p0_syncfull_v1,False,completed,5,5,1.668396
chua_orig_nint128_bs16_sig0.0_lr1e-03-1e-05_tfp0_ramp200_hLR1_m20_p10_seed25_minsym5_cand5_reducedp3_full_ga1p0_syncfull_v1_rseed0,20,10,25,25,0,5,10,3,7,5,5,0;2;4;5;7;8;9,full_preactivation,1.0,,True,1.0,156561.2192594322,3114.8403437716515,50.26299969835938,grad_auto_alpha1,alpha * g_out / (g_aux + eps),1.0,True,full,128,0.00,0.00,0.00,1.00,128,2000,16,200,200,0.0,0.0,0.001,1e-05,False,5,5.0,0.0,200,1.0,0.127987,1.1921,0.0167,5,0.019575,nan,models/chua_orig_nint128_bs16_sig0.0_lr1e-03-1e-05_tfp0_ramp200_hLR1_m20_p10_seed25_minsym5_cand5_reducedp3_full_ga1p0_syncfull_v1_rseed0.pth,full_ga1p0_syncfull_v1,False,completed,5,5,1.192111
chua_orig_nint128_bs16_sig0.0_lr1e-03-1e-05_tfp0_ramp200_hLR1_m20_p10_seed25_minsym5_cand6_reducedp3_full_ga1p0_syncfull_v1_rseed0,20,10,25,25,0,6,10,3,7,5,5,1;2;3;4;5;7;8,full_preactivation,1.0,,True,1.0,14552.972574357447,223.361466657966,65.15435626433448,grad_auto_alpha1,alpha * g_out / (g_aux + eps),1.0,True,full,128,0.00,0.00,0.00,1.00,128,2000,16,200,200,0.0,0.0,0.001,1e-05,False,5,5.0,0.0,200,1.0,0.130097,1.3513,0.0076,5,0.023871,nan,models/chua_orig_nint128_bs16_sig0.0_lr1e-03-1e-05_tfp0_ramp200_hLR1_m20_p10_seed25_minsym5_cand6_reducedp3_full_ga1p0_syncfull_v1_rseed0.pth,full_ga1p0_syncfull_v1,False,completed,5,5,1.351300
chua_orig_nint128_bs16_sig0.0_lr1e-03-1e-05_tfp0_ramp200_hLR1_m20_p10_seed25_minsym5_cand7_reducedp3_full_ga1p0_syncfull_v1_rseed0,20,10,25,25,0,7,10,3,7,5,5,1;2;3;4;7;8;9,full_preactivation,1.0,,True,1.0,18373.84131040649,208.82645997804707,87.98617432071566,grad_auto_alpha1,alpha * g_out / (g_aux + eps),1.0,True,full,128,0.00,0.00,0.00,1.00,128,2000,16,200,200,0.0,0.0,0.001,1e-05,False,5,5.0,0.0,200,1.0,0.192598,1.4730,0.0086,5,0.030595,nan,models/chua_orig_nint128_bs16_sig0.0_lr1e-03-1e-05_tfp0_ramp200_hLR1_m20_p10_seed25_minsym5_cand7_reducedp3_full_ga1p0_syncfull_v1_rseed0.pth,full_ga1p0_syncfull_v1,False,completed,5,5,1.473023
chua_orig_nint128_bs16_sig0.0_lr1e-03-1e-05_tfp0_ramp200_hLR1_m20_p10_seed25_minsym5_cand8_reducedp3_full_ga1p0_syncfull_v1_rseed0,20,10,25,25,0,8,10,3,7,5,5,2;3;4;5;7;8;9,full_preactivation,1.0,,True,1.0,14046.363426168355,173.75756696511584,80.83885882787636,grad_auto_alpha1,alpha * g_out / (g_aux + eps),1.0,True,full,128,0.00,0.00,0.00,1.00,128,2000,16,200,200,0.0,0.0,0.001,1e-05,False,5,5.0,0.0,200,1.0,0.165273,1.2133,0.0153,5,0.023100,nan,models/chua_orig_nint128_bs16_sig0.0_lr1e-03-1e-05_tfp0_ramp200_hLR1_m20_p10_seed25_minsym5_cand8_reducedp3_full_ga1p0_syncfull_v1_rseed0.pth,full_ga1p0_syncfull_v1,False,completed,5,5,1.213327
chua_orig_nint128_bs16_sig0.0_lr1e-03-1e-05_tfp0_ramp200_hLR1_m20_p10_seed26_minsym5_cand0_reducedp3_full_ga1p0_syncfull_v1_rseed0,20,10,26,26,0,0,10,3,7,5,5,0;1;2;4;5;7;9,full_preactivation,1.0,,True,1.0,8272171.2122165365,274852.62296729133,30.09675193531248,grad_auto_alpha1,alpha * g_out / (g_aux + eps),1.0,True,full,128,0.00,0.00,0.00,1.00,128,2000,16,200,200,0.0,0.0,0.001,1e-05,False,5,5.0,0.0,200,1.0,0.072298,1.4139,0.0084,5,0.018348,nan,models/chua_orig_nint128_bs16_sig0.0_lr1e-03-1e-05_tfp0_ramp200_hLR1_m20_p10_seed26_minsym5_cand0_reducedp3_full_ga1p0_syncfull_v1_rseed0.pth,full_ga1p0_syncfull_v1,False,completed,5,5,1.413943
chua_orig_nint128_bs16_sig0.0_lr1e-03-1e-05_tfp0_ramp200_hLR1_m20_p10_seed26_minsym5_cand1_reducedp3_full_ga1p0_syncfull_v1_rseed0,20,10,26,26,0,1,10,3,7,5,5,0;1;2;4;7;8;9,full_preactivation,1.0,,True,1.0,10225363.971564826,295936.17463230144,34.55259899966527,grad_auto_alpha1,alpha * g_out / (g_aux + eps),1.0,True,full,128,0.00,0.00,0.00,1.00,128,2000,16,200,200,0.0,0.0,0.001,1e-05,False,5,5.0,0.0,200,1.0,0.082695,1.4563,0.0101,5,0.019249,nan,models/chua_orig_nint128_bs16_sig0.0_lr1e-03-1e-05_tfp0_ramp200_hLR1_m20_p10_seed26_minsym5_cand1_reducedp3_full_ga1p0_syncfull_v1_rseed0.pth,full_ga1p0_syncfull_v1,False,completed,5,5,1.456274
chua_orig_nint128_bs16_sig0.0_lr1e-03-1e-05_tfp0_ramp200_hLR1_m20_p10_seed26_minsym5_cand2_reducedp3_full_ga1p0_syncfull_v1_rseed0,20,10,26,26,0,2,10,3,7,5,5,0;1;4;5;6;7;9,full_preactivation,1.0,,True,1.0,8276731.60644466,274729.5833506104,30.126830556438037,grad_auto_alpha1,alpha * g_out / (g_aux + eps),1.0,True,full,128,0.00,0.00,0.00,1.00,128,2000,16,200,200,0.0,0.0,0.001,1e-05,False,5,5.0,0.0,200,1.0,0.084925,1.2834,0.0101,5,0.022405,nan,models/chua_orig_nint128_bs16_sig0.0_lr1e-03-1e-05_tfp0_ramp200_hLR1_m20_p10_seed26_minsym5_cand2_reducedp3_full_ga1p0_syncfull_v1_rseed0.pth,full_ga1p0_syncfull_v1,False,completed,5,5,1.283445
chua_orig_nint128_bs16_sig0.0_lr1e-03-1e-05_tfp0_ramp200_hLR1_m20_p10_seed26_minsym5_cand3_reducedp3_full_ga1p0_syncfull_v1_rseed0,20,10,26,26,0,3,10,3,7,5,5,0;1;4;6;7;8;9,full_preactivation,1.0,,True,1.0,8863263.895500347,233419.88672775932,37.97133149086688,grad_auto_alpha1,alpha * g_out / (g_aux + eps),1.0,True,full,128,0.00,0.00,0.00,1.00,128,2000,16,200,200,0.0,0.0,0.001,1e-05,False,5,5.0,0.0,200,1.0,0.104251,1.3699,0.0112,5,0.023568,nan,models/chua_orig_nint128_bs16_sig0.0_lr1e-03-1e-05_tfp0_ramp200_hLR1_m20_p10_seed26_minsym5_cand3_reducedp3_full_ga1p0_syncfull_v1_rseed0.pth,full_ga1p0_syncfull_v1,False,completed,5,6,1.369854
chua_orig_nint128_bs16_sig0.0_lr1e-03-1e-05_tfp0_ramp200_hLR1_m20_p10_seed26_minsym5_cand4_reducedp3_full_ga1p0_syncfull_v1_rseed0,20,10,26,26,0,4,10,3,7,5,5,0;2;3;4;5;6;9,full_preactivation,1.0,,True,1.0,2298233.1963140727,101191.47669640956,22.71172702824701,grad_auto_alpha1,alpha * g_out / (g_aux + eps),1.0,True,full,128,0.00,0.00,0.00,1.00,128,2000,16,200,200,0.0,0.0,0.001,1e-05,False,5,5.0,0.0,200,1.0,0.824875,3.3411,0.0090,4,0.364351,nan,models/chua_orig_nint128_bs16_sig0.0_lr1e-03-1e-05_tfp0_ramp200_hLR1_m20_p10_seed26_minsym5_cand4_reducedp3_full_ga1p0_syncfull_v1_rseed0.pth,full_ga1p0_syncfull_v1,False,completed,4,4,3.341132
chua_orig_nint128_bs16_sig0.0_lr1e-03-1e-05_tfp0_ramp200_hLR1_m20_p10_seed26_minsym5_cand5_reducedp3_full_ga1p0_syncfull_v1_rseed0,20,10,26,26,0,5,10,3,7,5,5,0;2;3;4;6;8;9,full_preactivation,1.0,,True,1.0,3282041.9896204863,2002378.0506667567,1.6390720965641947,grad_auto_alpha1,alpha * g_out / (g_aux + eps),1.0,True,full,128,0.00,0.00,0.00,1.00,128,2000,16,200,200,0.0,0.0,0.001,1e-05,False,5,5.0,0.0,200,1.0,0.386850,3.0035,0.0211,2,0.349352,nan,models/chua_orig_nint128_bs16_sig0.0_lr1e-03-1e-05_tfp0_ramp200_hLR1_m20_p10_seed26_minsym5_cand5_reducedp3_full_ga1p0_syncfull_v1_rseed0.pth,full_ga1p0_syncfull_v1,False,completed,4,4,3.865189
chua_orig_nint128_bs16_sig0.0_lr1e-03-1e-05_tfp0_ramp200_hLR1_m20_p10_seed26_minsym5_cand6_reducedp3_full_ga1p0_syncfull_v1_rseed0,20,10,26,26,0,6,10,3,7,5,5,1;2;4;5;7;8;9,full_preactivation,1.0,,True,1.0,16011915.3564108,561934.7418339606,28.494261280506425,grad_auto_alpha1,alpha * g_out / (g_aux + eps),1.0,True,full,128,0.00,0.00,0.00,1.00,128,2000,16,200,200,0.0,0.0,0.001,1e-05,False,5,5.0,0.0,200,1.0,0.060082,1.3049,0.0072,5,0.017017,nan,models/chua_orig_nint128_bs16_sig0.0_lr1e-03-1e-05_tfp0_ramp200_hLR1_m20_p10_seed26_minsym5_cand6_reducedp3_full_ga1p0_syncfull_v1_rseed0.pth,full_ga1p0_syncfull_v1,False,completed,5,5,1.304890
chua_orig_nint128_bs16_sig0.0_lr1e-03-1e-05_tfp0_ramp200_hLR1_m20_p10_seed26_minsym5_cand7_reducedp3_full_ga1p0_syncfull_v1_rseed0,20,10,26,26,0,7,10,3,7,5,5,1;4;5;6;7;8;9,full_preactivation,1.0,,True,1.0,11784263.579900783,370183.40773189714,31.83358122964673,grad_auto_alpha1,alpha * g_out / (g_aux + eps),1.0,True,full,128,0.00,0.00,0.00,1.00,128,2000,16,200,200,0.0,0.0,0.001,1e-05,False,5,5.0,0.0,200,1.0,0.078767,1.1400,0.0090,5,0.022006,nan,models/chua_orig_nint128_bs16_sig0.0_lr1e-03-1e-05_tfp0_ramp200_hLR1_m20_p10_seed26_minsym5_cand7_reducedp3_full_ga1p0_syncfull_v1_rseed0.pth,full_ga1p0_syncfull_v1,False,completed,5,5,1.140044
chua_orig_nint128_bs16_sig0.0_lr1e-03-1e-05_tfp0_ramp200_hLR1_m20_p10_seed26_minsym5_cand8_reducedp3_full_ga1p0_syncfull_v1_rseed0,20,10,26,26,0,8,10,3,7,5,5,2;3;4;5;6;8;9,full_preactivation,1.0,,True,1.0,2466489.381864029,1484162.061274981,1.6618733534700194,grad_auto_alpha1,alpha * g_out / (g_aux + eps),1.0,True,full,128,0.00,0.00,0.00,1.00,128,2000,16,200,200,0.0,0.0,0.001,1e-05,False,5,5.0,0.0,200,1.0,0.032102,1.4209,0.0080,5,0.021112,nan,models/chua_orig_nint128_bs16_sig0.0_lr1e-03-1e-05_tfp0_ramp200_hLR1_m20_p10_seed26_minsym5_cand8_reducedp3_full_ga1p0_syncfull_v1_rseed0.pth,full_ga1p0_syncfull_v1,False,completed,5,5,1.420890
chua_orig_nint128_bs16_sig0.0_lr1e-03-1e-05_tfp0_ramp200_hLR1_m20_p10_seed27_minsym5_cand0_reducedp3_full_ga1p0_syncfull_v1_rseed0,20,10,27,27,0,0,10,3,7,5,5,1;2;3;4;5;6;7,full_preactivation,1.0,,True,1.0,1685.4347315677935,24.529482171572003,68.71057121299646,grad_auto_alpha1,alpha * g_out / (g_aux + eps),1.0,True,full,128,0.00,0.00,0.00,1.00,128,2000,16,200,200,0.0,0.0,0.001,1e-05,False,5,5.0,0.0,200,1.0,0.546728,2.5323,0.0127,5,0.040803,nan,models/chua_orig_nint128_bs16_sig0.0_lr1e-03-1e-05_tfp0_ramp200_hLR1_m20_p10_seed27_minsym5_cand0_reducedp3_full_ga1p0_syncfull_v1_rseed0.pth,full_ga1p0_syncfull_v1,False,completed,5,5,2.532253
chua_orig_nint128_bs16_sig0.0_lr1e-03-1e-05_tfp0_ramp200_hLR1_m20_p10_seed27_minsym5_cand1_reducedp3_full_ga1p0_syncfull_v1_rseed0,20,10,27,27,0,1,10,3,7,5,5,1;2;3;4;5;7;8,full_preactivation,1.0,,True,1.0,1.2029190995694648e+18,4.870240678713511e+18,0.24699376867083694,grad_auto_alpha1,alpha * g_out / (g_aux + eps),1.0,True,full,128,0.00,0.00,0.00,1.00,128,2000,16,200,200,0.0,0.0,0.001,1e-05,False,5,5.0,0.0,200,1.0,0.161320,5.1500,0.0206,1,0.128164,nan,models/chua_orig_nint128_bs16_sig0.0_lr1e-03-1e-05_tfp0_ramp200_hLR1_m20_p10_seed27_minsym5_cand1_reducedp3_full_ga1p0_syncfull_v1_rseed0.pth,full_ga1p0_syncfull_v1,False,completed,3,7,5.166653
chua_orig_nint128_bs16_sig0.0_lr1e-03-1e-05_tfp0_ramp200_hLR1_m20_p10_seed27_minsym5_cand2_reducedp3_full_ga1p0_syncfull_v1_rseed0,20,10,27,27,0,2,10,3,7,5,5,2;3;4;5;6;7;8,full_preactivation,1.0,,True,1.0,4806246580145864.0,2.138001564700484e+16,0.22480089161296654,grad_auto_alpha1,alpha * g_out / (g_aux + eps),1.0,True,full,128,0.00,0.00,0.00,1.00,128,2000,16,200,200,0.0,0.0,0.001,1e-05,False,5,5.0,0.0,200,1.0,0.299867,2.2950,0.0077,4,0.277781,nan,models/chua_orig_nint128_bs16_sig0.0_lr1e-03-1e-05_tfp0_ramp200_hLR1_m20_p10_seed27_minsym5_cand2_reducedp3_full_ga1p0_syncfull_v1_rseed0.pth,full_ga1p0_syncfull_v1,False,completed,4,4,2.364668
chua_orig_nint128_bs16_sig0.0_lr1e-03-1e-05_tfp0_ramp200_hLR1_m20_p10_seed28_minsym5_cand0_reducedp3_full_ga1p0_syncfull_v1_rseed0,20,10,28,28,0,0,10,3,7,5,5,0;1;2;3;5;6;9,full_preactivation,1.0,,True,1.0,518.2952402392747,9.853052932567651,52.602502370212804,grad_auto_alpha1,alpha * g_out / (g_aux + eps),1.0,True,full,128,0.00,0.00,0.00,1.00,128,2000,16,200,200,0.0,0.0,0.001,1e-05,False,5,5.0,0.0,200,1.0,0.202516,1.8147,0.0105,5,0.033448,nan,models/chua_orig_nint128_bs16_sig0.0_lr1e-03-1e-05_tfp0_ramp200_hLR1_m20_p10_seed28_minsym5_cand0_reducedp3_full_ga1p0_syncfull_v1_rseed0.pth,full_ga1p0_syncfull_v1,False,completed,5,5,1.814713
chua_orig_nint128_bs16_sig0.0_lr1e-03-1e-05_tfp0_ramp200_hLR1_m20_p10_seed28_minsym5_cand1_reducedp3_full_ga1p0_syncfull_v1_rseed0,20,10,28,28,0,1,10,3,7,5,5,0;1;2;3;6;7;9,full_preactivation,1.0,,True,1.0,2685.7695184527656,57.5326222303227,46.68255007916496,grad_auto_alpha1,alpha * g_out / (g_aux + eps),1.0,True,full,128,0.00,0.00,0.00,1.00,128,2000,16,200,200,0.0,0.0,0.001,1e-05,False,5,5.0,0.0,200,1.0,0.218572,1.4278,0.0080,5,0.025383,nan,models/chua_orig_nint128_bs16_sig0.0_lr1e-03-1e-05_tfp0_ramp200_hLR1_m20_p10_seed28_minsym5_cand1_reducedp3_full_ga1p0_syncfull_v1_rseed0.pth,full_ga1p0_syncfull_v1,False,completed,5,5,1.427761
chua_orig_nint128_bs16_sig0.0_lr1e-03-1e-05_tfp0_ramp200_hLR1_m20_p10_seed28_minsym5_cand2_reducedp3_full_ga1p0_syncfull_v1_rseed0,20,10,28,28,0,2,10,3,7,5,5,0;1;2;5;6;7;9,full_preactivation,1.0,,True,1.0,56209.26048259308,936.3575831046064,60.02969538221119,grad_auto_alpha1,alpha * g_out / (g_aux + eps),1.0,True,full,128,0.00,0.00,0.00,1.00,128,2000,16,200,200,0.0,0.0,0.001,1e-05,False,5,5.0,0.0,200,1.0,0.261441,1.7865,0.0117,5,0.045676,nan,models/chua_orig_nint128_bs16_sig0.0_lr1e-03-1e-05_tfp0_ramp200_hLR1_m20_p10_seed28_minsym5_cand2_reducedp3_full_ga1p0_syncfull_v1_rseed0.pth,full_ga1p0_syncfull_v1,False,completed,5,5,1.786495
chua_orig_nint128_bs16_sig0.0_lr1e-03-1e-05_tfp0_ramp200_hLR1_m20_p10_seed29_minsym5_cand0_reducedp3_full_ga1p0_syncfull_v1_rseed0,20,10,29,29,0,0,10,3,7,5,5,0;1;2;3;5;8;9,full_preactivation,1.0,,True,1.0,1031.6003420050808,14.450590664100268,71.38810903887988,grad_auto_alpha1,alpha * g_out / (g_aux + eps),1.0,True,full,128,0.00,0.00,0.00,1.00,128,2000,16,200,200,0.0,0.0,0.001,1e-05,False,5,5.0,0.0,200,1.0,0.215733,1.7131,0.0089,5,0.023698,nan,models/chua_orig_nint128_bs16_sig0.0_lr1e-03-1e-05_tfp0_ramp200_hLR1_m20_p10_seed29_minsym5_cand0_reducedp3_full_ga1p0_syncfull_v1_rseed0.pth,full_ga1p0_syncfull_v1,False,completed,5,5,1.713060
chua_orig_nint128_bs16_sig0.0_lr1e-03-1e-05_tfp0_ramp200_hLR1_m20_p10_seed29_minsym5_cand1_reducedp3_full_ga1p0_syncfull_v1_rseed0,20,10,29,29,0,1,10,3,7,5,5,0;1;2;3;6;8;9,full_preactivation,1.0,,True,1.0,5235.662183525595,445.16480335763015,11.761177307900128,grad_auto_alpha1,alpha * g_out / (g_aux + eps),1.0,True,full,128,0.00,0.00,0.00,1.00,128,2000,16,200,200,0.0,0.0,0.001,1e-05,False,5,5.0,0.0,200,1.0,0.039541,1.3191,0.0093,5,0.011257,nan,models/chua_orig_nint128_bs16_sig0.0_lr1e-03-1e-05_tfp0_ramp200_hLR1_m20_p10_seed29_minsym5_cand1_reducedp3_full_ga1p0_syncfull_v1_rseed0.pth,full_ga1p0_syncfull_v1,False,completed,5,5,1.319116
chua_orig_nint128_bs16_sig0.0_lr1e-03-1e-05_tfp0_ramp200_hLR1_m20_p10_seed29_minsym5_cand2_reducedp3_full_ga1p0_syncfull_v1_rseed0,20,10,29,29,0,2,10,3,7,5,5,1;2;3;5;6;8;9,full_preactivation,1.0,,True,1.0,919.962990721298,11.538548793218279,79.72952294156104,grad_auto_alpha1,alpha * g_out / (g_aux + eps),1.0,True,full,128,0.00,0.00,0.00,1.00,128,2000,16,200,200,0.0,0.0,0.001,1e-05,False,5,5.0,0.0,200,1.0,0.340203,1.9339,0.0081,5,0.042611,nan,models/chua_orig_nint128_bs16_sig0.0_lr1e-03-1e-05_tfp0_ramp200_hLR1_m20_p10_seed29_minsym5_cand2_reducedp3_full_ga1p0_syncfull_v1_rseed0.pth,full_ga1p0_syncfull_v1,False,completed,5,5,1.933883
chua_orig_nint128_bs16_sig0.0_lr1e-03-1e-05_tfp0_ramp200_hLR1_m20_p10_seed0_minsym5_cand0_reducedp3_retained_sync_readout_retained_ga0p1_v1_rseed0,20,10,0,0,0,0,10,3,7,5,5,0;1;3;4;5;7;9,retained_preactivation,1.0,,True,0.1,4123.991156937657,33.21534494800029,12.415921506742668,default,,0.1,True,readout_retained,128,0.00,0.00,0.00,1.00,128,2000,16,200,200,0.0,0.0,0.001,1e-05,False,5,5.0,0.0,200,1.0,0.076402,1.3970,0.0111,4,0.015502,nan,models/chua_orig_nint128_bs16_sig0.0_lr1e-03-1e-05_tfp0_ramp200_hLR1_m20_p10_seed0_minsym5_cand0_reducedp3_retained_sync_readout_retained_ga0p1_v1_rseed0.pth,retained_sync_readout_retained_ga0p1_v1,True,completed,5,5,1.397022
chua_orig_nint128_bs16_sig0.0_lr1e-03-1e-05_tfp0_ramp200_hLR1_m20_p10_seed2_minsym5_cand0_reducedp3_retained_sync_readout_retained_ga0p1_v1_rseed0,20,10,2,2,0,0,10,3,7,5,5,2;4;5;6;7;8;9,retained_preactivation,1.0,,True,0.1,53801941433.50672,39123732566.18424,0.13751740415486144,default,,0.1,True,readout_retained,128,0.00,0.00,0.00,1.00,128,2000,16,200,200,0.0,0.0,0.001,1e-05,False,5,5.0,0.0,200,1.0,0.014849,1.2342,0.0116,5,0.012598,nan,models/chua_orig_nint128_bs16_sig0.0_lr1e-03-1e-05_tfp0_ramp200_hLR1_m20_p10_seed2_minsym5_cand0_reducedp3_retained_sync_readout_retained_ga0p1_v1_rseed0.pth,retained_sync_readout_retained_ga0p1_v1,True,completed,5,5,1.234166
chua_orig_nint128_bs16_sig0.0_lr1e-03-1e-05_tfp0_ramp200_hLR1_m20_p10_seed3_minsym5_cand0_reducedp3_retained_sync_readout_retained_ga0p1_v1_rseed0,20,10,3,3,0,0,10,3,7,5,5,0;1;2;3;4;5;8,retained_preactivation,1.0,,True,0.1,91704.10119509378,2222.811323456739,4.125590877973522,default,,0.1,True,readout_retained,128,0.00,0.00,0.00,1.00,128,2000,16,200,200,0.0,0.0,0.001,1e-05,False,5,5.0,0.0,200,1.0,1413681585682758918026161029120.000000,1.4365,0.0118,5,401003992644012876517867520.000000,nan,models/chua_orig_nint128_bs16_sig0.0_lr1e-03-1e-05_tfp0_ramp200_hLR1_m20_p10_seed3_minsym5_cand0_reducedp3_retained_sync_readout_retained_ga0p1_v1_rseed0.pth,retained_sync_readout_retained_ga0p1_v1,True,completed,5,5,1.436511
chua_orig_nint128_bs16_sig0.0_lr1e-03-1e-05_tfp0_ramp200_hLR1_m20_p10_seed3_minsym5_cand1_reducedp3_retained_sync_readout_retained_ga0p1_v1_rseed0,20,10,3,3,0,1,10,3,7,5,5,0;1;2;3;4;6;8,retained_preactivation,1.0,,True,0.1,226331.70432796198,5981.321790974592,3.7839747172519815,default,,0.1,True,readout_retained,128,0.00,0.00,0.00,1.00,128,2000,16,200,200,0.0,0.0,0.001,1e-05,False,5,5.0,0.0,200,1.0,656274796395976668844392448.000000,1.3178,0.0120,5,56001171495242294099968.000000,nan,models/chua_orig_nint128_bs16_sig0.0_lr1e-03-1e-05_tfp0_ramp200_hLR1_m20_p10_seed3_minsym5_cand1_reducedp3_retained_sync_readout_retained_ga0p1_v1_rseed0.pth,retained_sync_readout_retained_ga0p1_v1,True,completed,5,5,1.317769
chua_orig_nint128_bs16_sig0.0_lr1e-03-1e-05_tfp0_ramp200_hLR1_m20_p10_seed3_minsym5_cand2_reducedp3_retained_sync_readout_retained_ga0p1_v1_rseed0,20,10,3,3,0,2,10,3,7,5,5,0;1;3;4;5;7;8,retained_preactivation,1.0,,True,0.1,138649.61394825447,4540.36155206141,3.0537130657646614,default,,0.1,True,readout_retained,128,0.00,0.00,0.00,1.00,128,2000,16,200,200,0.0,0.0,0.001,1e-05,False,5,5.0,0.0,200,1.0,0.022416,1.1267,0.0139,5,0.010836,nan,models/chua_orig_nint128_bs16_sig0.0_lr1e-03-1e-05_tfp0_ramp200_hLR1_m20_p10_seed3_minsym5_cand2_reducedp3_retained_sync_readout_retained_ga0p1_v1_rseed0.pth,retained_sync_readout_retained_ga0p1_v1,True,completed,5,5,1.126703
chua_orig_nint128_bs16_sig0.0_lr1e-03-1e-05_tfp0_ramp200_hLR1_m20_p10_seed3_minsym5_cand3_reducedp3_retained_sync_readout_retained_ga0p1_v1_rseed0,20,10,3,3,0,3,10,3,7,5,5,0;1;3;4;6;7;8,retained_preactivation,1.0,,True,0.1,119558.35450523732,3610.253026321355,3.3116336620610927,default,,0.1,True,readout_retained,128,0.00,0.00,0.00,1.00,128,2000,16,200,200,0.0,0.0,0.001,1e-05,False,5,5.0,0.0,200,1.0,0.023757,1.1122,0.0116,4,0.011412,nan,models/chua_orig_nint128_bs16_sig0.0_lr1e-03-1e-05_tfp0_ramp200_hLR1_m20_p10_seed3_minsym5_cand3_reducedp3_retained_sync_readout_retained_ga0p1_v1_rseed0.pth,retained_sync_readout_retained_ga0p1_v1,True,completed,5,5,1.112174
chua_orig_nint128_bs16_sig0.0_lr1e-03-1e-05_tfp0_ramp200_hLR1_m20_p10_seed4_minsym5_cand0_reducedp3_retained_sync_readout_retained_ga0p1_v1_rseed0,20,10,4,4,0,0,10,3,7,5,5,0;1;2;3;4;5;8,retained_preactivation,1.0,,True,0.1,590.7502711065819,21.379960025610814,2.7631027859682677,default,,0.1,True,readout_retained,128,0.00,0.00,0.00,1.00,128,2000,16,200,200,0.0,0.0,0.001,1e-05,False,5,5.0,0.0,200,1.0,0.567810,3.0043,0.0141,3,0.287331,nan,models/chua_orig_nint128_bs16_sig0.0_lr1e-03-1e-05_tfp0_ramp200_hLR1_m20_p10_seed4_minsym5_cand0_reducedp3_retained_sync_readout_retained_ga0p1_v1_rseed0.pth,retained_sync_readout_retained_ga0p1_v1,True,completed,3,6,3.004309
chua_orig_nint128_bs16_sig0.0_lr1e-03-1e-05_tfp0_ramp200_hLR1_m20_p10_seed4_minsym5_cand1_reducedp3_retained_sync_readout_retained_ga0p1_v1_rseed0,20,10,4,4,0,1,10,3,7,5,5,0;1;4;6;7;8;9,retained_preactivation,1.0,,True,0.1,4778789.47818378,652806.2160488364,0.7320379862660926,default,,0.1,True,readout_retained,128,0.00,0.00,0.00,1.00,128,2000,16,200,200,0.0,0.0,0.001,1e-05,False,5,5.0,0.0,200,1.0,0.082685,1.8087,0.0064,6,0.048277,nan,models/chua_orig_nint128_bs16_sig0.0_lr1e-03-1e-05_tfp0_ramp200_hLR1_m20_p10_seed4_minsym5_cand1_reducedp3_retained_sync_readout_retained_ga0p1_v1_rseed0.pth,retained_sync_readout_retained_ga0p1_v1,True,completed,5,8,1.833629
chua_orig_nint128_bs16_sig0.0_lr1e-03-1e-05_tfp0_ramp200_hLR1_m20_p10_seed4_minsym5_cand2_reducedp3_retained_sync_readout_retained_ga0p1_v1_rseed0,20,10,4,4,0,2,10,3,7,5,5,1;2;3;4;5;6;8,retained_preactivation,1.0,,True,0.1,2356.0509100240174,60.12349408775908,3.9186859409484347,default,,0.1,True,readout_retained,128,0.00,0.00,0.00,1.00,128,2000,16,200,200,0.0,0.0,0.001,1e-05,False,5,5.0,0.0,200,1.0,0.097113,1.4044,0.0108,5,0.047190,nan,models/chua_orig_nint128_bs16_sig0.0_lr1e-03-1e-05_tfp0_ramp200_hLR1_m20_p10_seed4_minsym5_cand2_reducedp3_retained_sync_readout_retained_ga0p1_v1_rseed0.pth,retained_sync_readout_retained_ga0p1_v1,True,completed,5,5,1.404438
chua_orig_nint128_bs16_sig0.0_lr1e-03-1e-05_tfp0_ramp200_hLR1_m20_p10_seed4_minsym5_cand3_reducedp3_retained_sync_readout_retained_ga0p1_v1_rseed0,20,10,4,4,0,3,10,3,7,5,5,1;2;3;4;5;7;8,retained_preactivation,1.0,,True,0.1,748133.5613805866,142217.75242212205,0.5260479431288031,default,,0.1,True,readout_retained,128,0.00,0.00,0.00,1.00,128,2000,16,200,200,0.0,0.0,0.001,1e-05,False,5,5.0,0.0,200,1.0,0.353213,2.5124,0.0218,2,0.310822,nan,models/chua_orig_nint128_bs16_sig0.0_lr1e-03-1e-05_tfp0_ramp200_hLR1_m20_p10_seed4_minsym5_cand3_reducedp3_retained_sync_readout_retained_ga0p1_v1_rseed0.pth,retained_sync_readout_retained_ga0p1_v1,True,completed,4,7,2.512377
chua_orig_nint128_bs16_sig0.0_lr1e-03-1e-05_tfp0_ramp200_hLR1_m20_p10_seed6_minsym5_cand0_reducedp4_retained_sync_readout_retained_ga0p1_v1_rseed0,20,10,6,6,0,0,10,4,6,5,5,0;1;2;4;5;9,retained_preactivation,1.0,,True,0.1,16387409.588224247,889609.7687952848,1.8420896625737577,default,,0.1,True,readout_retained,128,0.00,0.00,0.00,1.00,128,2000,16,200,200,0.0,0.0,0.001,1e-05,False,5,5.0,0.0,200,1.0,0.023473,1.3018,0.0072,5,0.015044,nan,models/chua_orig_nint128_bs16_sig0.0_lr1e-03-1e-05_tfp0_ramp200_hLR1_m20_p10_seed6_minsym5_cand0_reducedp4_retained_sync_readout_retained_ga0p1_v1_rseed0.pth,retained_sync_readout_retained_ga0p1_v1,True,completed,5,5,1.301801
chua_orig_nint128_bs16_sig0.0_lr1e-03-1e-05_tfp0_ramp200_hLR1_m20_p10_seed6_minsym5_cand1_reducedp4_retained_sync_readout_retained_ga0p1_v1_rseed0,20,10,6,6,0,1,10,4,6,5,5,0;1;2;4;7;9,retained_preactivation,1.0,,True,0.1,1149481.8474008192,86776.04164024768,1.324653470788966,default,,0.1,True,readout_retained,128,0.00,0.00,0.00,1.00,128,2000,16,200,200,0.0,0.0,0.001,1e-05,False,5,5.0,0.0,200,1.0,0.113022,2.9782,0.0165,2,0.065247,nan,models/chua_orig_nint128_bs16_sig0.0_lr1e-03-1e-05_tfp0_ramp200_hLR1_m20_p10_seed6_minsym5_cand1_reducedp4_retained_sync_readout_retained_ga0p1_v1_rseed0.pth,retained_sync_readout_retained_ga0p1_v1,True,completed,5,14,2.978162
chua_orig_nint128_bs16_sig0.0_lr1e-03-1e-05_tfp0_ramp200_hLR1_m20_p10_seed6_minsym5_cand2_reducedp4_retained_sync_readout_retained_ga0p1_v1_rseed0,20,10,6,6,0,2,10,4,6,5,5,0;1;2;5;7;9,retained_preactivation,1.0,,True,0.1,870529.2714665027,45904.460641096746,1.8963936386764702,default,,0.1,True,readout_retained,128,0.00,0.00,0.00,1.00,128,2000,16,200,200,0.0,0.0,0.001,1e-05,False,5,5.0,0.0,200,1.0,0.066798,1.6638,0.0059,2,0.021933,nan,models/chua_orig_nint128_bs16_sig0.0_lr1e-03-1e-05_tfp0_ramp200_hLR1_m20_p10_seed6_minsym5_cand2_reducedp4_retained_sync_readout_retained_ga0p1_v1_rseed0.pth,retained_sync_readout_retained_ga0p1_v1,True,completed,5,7,1.663769
chua_orig_nint128_bs16_sig0.0_lr1e-03-1e-05_tfp0_ramp200_hLR1_m20_p10_seed6_minsym5_cand3_reducedp4_retained_sync_readout_retained_ga0p1_v1_rseed0,20,10,6,6,0,3,10,4,6,5,5,0;1;4;5;8;9,retained_preactivation,1.0,,True,0.1,112907.80947303867,2108.1951932058496,5.3556620296313335,default,,0.1,True,readout_retained,128,0.00,0.00,0.00,1.00,128,2000,16,200,200,0.0,0.0,0.001,1e-05,False,5,5.0,0.0,200,1.0,0.043218,1.3920,0.0107,3,0.017855,nan,models/chua_orig_nint128_bs16_sig0.0_lr1e-03-1e-05_tfp0_ramp200_hLR1_m20_p10_seed6_minsym5_cand3_reducedp4_retained_sync_readout_retained_ga0p1_v1_rseed0.pth,retained_sync_readout_retained_ga0p1_v1,True,completed,5,5,1.391967
chua_orig_nint128_bs16_sig0.0_lr1e-03-1e-05_tfp0_ramp200_hLR1_m20_p10_seed6_minsym5_cand4_reducedp4_retained_sync_readout_retained_ga0p1_v1_rseed0,20,10,6,6,0,4,10,4,6,5,5,0;1;4;7;8;9,retained_preactivation,1.0,,True,0.1,14890.082160619531,117.1430517268143,12.711024632808872,default,,0.1,True,readout_retained,128,0.00,0.00,0.00,1.00,128,2000,16,200,200,0.0,0.0,0.001,1e-05,False,5,5.0,0.0,200,1.0,13835292251258880.000000,1.5427,0.0107,6,54054659031040.000000,nan,models/chua_orig_nint128_bs16_sig0.0_lr1e-03-1e-05_tfp0_ramp200_hLR1_m20_p10_seed6_minsym5_cand4_reducedp4_retained_sync_readout_retained_ga0p1_v1_rseed0.pth,retained_sync_readout_retained_ga0p1_v1,True,completed,5,6,1.542714
chua_orig_nint128_bs16_sig0.0_lr1e-03-1e-05_tfp0_ramp200_hLR1_m20_p10_seed6_minsym5_cand5_reducedp4_retained_sync_readout_retained_ga0p1_v1_rseed0,20,10,6,6,0,5,10,4,6,5,5,0;1;5;7;8;9,retained_preactivation,1.0,,True,0.1,75424.7895058382,1660.0348335012432,4.543566676053227,default,,0.1,True,readout_retained,128,0.00,0.00,0.00,1.00,128,2000,16,200,200,0.0,0.0,0.001,1e-05,False,5,5.0,0.0,200,1.0,0.035555,1.4485,0.0143,5,0.009059,nan,models/chua_orig_nint128_bs16_sig0.0_lr1e-03-1e-05_tfp0_ramp200_hLR1_m20_p10_seed6_minsym5_cand5_reducedp4_retained_sync_readout_retained_ga0p1_v1_rseed0.pth,retained_sync_readout_retained_ga0p1_v1,True,completed,5,6,1.448535
chua_orig_nint128_bs16_sig0.0_lr1e-03-1e-05_tfp0_ramp200_hLR1_m20_p10_seed6_minsym5_cand6_reducedp4_retained_sync_readout_retained_ga0p1_v1_rseed0,20,10,6,6,0,6,10,4,6,5,5,0;2;4;5;7;9,retained_preactivation,1.0,,True,0.1,531585.2677567353,18263.65249272445,2.9106186069215827,default,,0.1,True,readout_retained,128,0.00,0.00,0.00,1.00,128,2000,16,200,200,0.0,0.0,0.001,1e-05,False,5,5.0,0.0,200,1.0,0.170962,2.3359,0.0076,6,0.133311,nan,models/chua_orig_nint128_bs16_sig0.0_lr1e-03-1e-05_tfp0_ramp200_hLR1_m20_p10_seed6_minsym5_cand6_reducedp4_retained_sync_readout_retained_ga0p1_v1_rseed0.pth,retained_sync_readout_retained_ga0p1_v1,True,completed,5,8,2.490283
chua_orig_nint128_bs16_sig0.0_lr1e-03-1e-05_tfp0_ramp200_hLR1_m20_p10_seed6_minsym5_cand7_reducedp4_retained_sync_readout_retained_ga0p1_v1_rseed0,20,10,6,6,0,7,10,4,6,5,5,0;4;5;7;8;9,retained_preactivation,1.0,,True,0.1,232910.58445678247,9544.417095218545,2.4402808692577294,default,,0.1,True,readout_retained,128,0.00,0.00,0.00,1.00,128,2000,16,200,200,0.0,0.0,0.001,1e-05,False,5,5.0,0.0,200,1.0,0.036354,1.2823,0.0068,5,0.015002,nan,models/chua_orig_nint128_bs16_sig0.0_lr1e-03-1e-05_tfp0_ramp200_hLR1_m20_p10_seed6_minsym5_cand7_reducedp4_retained_sync_readout_retained_ga0p1_v1_rseed0.pth,retained_sync_readout_retained_ga0p1_v1,True,completed,5,6,1.282316
chua_orig_nint128_bs16_sig0.0_lr1e-03-1e-05_tfp0_ramp200_hLR1_m20_p10_seed6_minsym5_cand8_reducedp4_retained_sync_readout_retained_ga0p1_v1_rseed0,20,10,6,6,0,8,10,4,6,5,5,1;2;4;5;8;9,retained_preactivation,1.0,,True,0.1,46557.9822801633,831.8135897811067,5.597165380817481,default,,0.1,True,readout_retained,128,0.00,0.00,0.00,1.00,128,2000,16,200,200,0.0,0.0,0.001,1e-05,False,5,5.0,0.0,200,1.0,0.041340,1.2441,0.0106,5,0.021979,nan,models/chua_orig_nint128_bs16_sig0.0_lr1e-03-1e-05_tfp0_ramp200_hLR1_m20_p10_seed6_minsym5_cand8_reducedp4_retained_sync_readout_retained_ga0p1_v1_rseed0.pth,retained_sync_readout_retained_ga0p1_v1,True,completed,5,5,1.244125
chua_orig_nint128_bs16_sig0.0_lr1e-03-1e-05_tfp0_ramp200_hLR1_m20_p10_seed6_minsym5_cand9_reducedp4_retained_sync_readout_retained_ga0p1_v1_rseed0,20,10,6,6,0,9,10,4,6,5,5,1;2;4;7;8;9,retained_preactivation,1.0,,True,0.1,7785.678815941485,46.24542621988195,16.835565054418456,default,,0.1,True,readout_retained,128,0.00,0.00,0.00,1.00,128,2000,16,200,200,0.0,0.0,0.001,1e-05,False,5,5.0,0.0,200,1.0,0.153615,1.6722,0.0083,5,0.052405,nan,models/chua_orig_nint128_bs16_sig0.0_lr1e-03-1e-05_tfp0_ramp200_hLR1_m20_p10_seed6_minsym5_cand9_reducedp4_retained_sync_readout_retained_ga0p1_v1_rseed0.pth,retained_sync_readout_retained_ga0p1_v1,True,completed,5,7,1.697657
chua_orig_nint128_bs16_sig0.0_lr1e-03-1e-05_tfp0_ramp200_hLR1_m20_p10_seed6_minsym5_cand10_reducedp4_retained_sync_readout_retained_ga0p1_v1_rseed0,20,10,6,6,0,10,10,4,6,5,5,1;2;5;7;8;9,retained_preactivation,1.0,,True,0.1,40375.38725510878,866.6535704263916,4.658768928309398,default,,0.1,True,readout_retained,128,0.00,0.00,0.00,1.00,128,2000,16,200,200,0.0,0.0,0.001,1e-05,False,5,5.0,0.0,200,1.0,0.034256,1.4527,0.0108,5,0.011357,nan,models/chua_orig_nint128_bs16_sig0.0_lr1e-03-1e-05_tfp0_ramp200_hLR1_m20_p10_seed6_minsym5_cand10_reducedp4_retained_sync_readout_retained_ga0p1_v1_rseed0.pth,retained_sync_readout_retained_ga0p1_v1,True,completed,5,5,1.452666
chua_orig_nint128_bs16_sig0.0_lr1e-03-1e-05_tfp0_ramp200_hLR1_m20_p10_seed6_minsym5_cand11_reducedp4_retained_sync_readout_retained_ga0p1_v1_rseed0,20,10,6,6,0,11,10,4,6,5,5,2;4;5;7;8;9,retained_preactivation,1.0,,True,0.1,63320.78505514599,2274.111607962272,2.784418532205851,default,,0.1,True,readout_retained,128,0.00,0.00,0.00,1.00,128,2000,16,200,200,0.0,0.0,0.001,1e-05,False,5,5.0,0.0,200,1.0,0.031964,1.3282,0.0105,4,0.021763,nan,models/chua_orig_nint128_bs16_sig0.0_lr1e-03-1e-05_tfp0_ramp200_hLR1_m20_p10_seed6_minsym5_cand11_reducedp4_retained_sync_readout_retained_ga0p1_v1_rseed0.pth,retained_sync_readout_retained_ga0p1_v1,True,completed,5,5,1.328227
chua_orig_nint128_bs16_sig0.0_lr1e-03-1e-05_tfp0_ramp200_hLR1_m20_p10_seed7_minsym5_cand0_reducedp3_retained_sync_readout_retained_ga0p1_v1_rseed0,20,10,7,7,0,0,10,3,7,5,5,0;1;2;4;5;7;9,retained_preactivation,1.0,,True,0.1,15555.11280897699,12863.68868171179,0.12092264663627608,default,,0.1,True,readout_retained,128,0.00,0.00,0.00,1.00,128,2000,16,200,200,0.0,0.0,0.001,1e-05,False,5,5.0,0.0,200,1.0,0.140608,2.6069,0.0089,2,0.121557,nan,models/chua_orig_nint128_bs16_sig0.0_lr1e-03-1e-05_tfp0_ramp200_hLR1_m20_p10_seed7_minsym5_cand0_reducedp3_retained_sync_readout_retained_ga0p1_v1_rseed0.pth,retained_sync_readout_retained_ga0p1_v1,True,completed,3,3,2.622718
chua_orig_nint128_bs16_sig0.0_lr1e-03-1e-05_tfp0_ramp200_hLR1_m20_p10_seed7_minsym5_cand1_reducedp3_retained_sync_readout_retained_ga0p1_v1_rseed0,20,10,7,7,0,1,10,3,7,5,5,0;1;4;5;6;7;9,retained_preactivation,1.0,,True,0.1,972920.7738844926,9258.121416997888,10.508835756876252,default,,0.1,True,readout_retained,128,0.00,0.00,0.00,1.00,128,2000,16,200,200,0.0,0.0,0.001,1e-05,False,5,5.0,0.0,200,1.0,0.051627,1.4362,0.0081,5,0.020420,nan,models/chua_orig_nint128_bs16_sig0.0_lr1e-03-1e-05_tfp0_ramp200_hLR1_m20_p10_seed7_minsym5_cand1_reducedp3_retained_sync_readout_retained_ga0p1_v1_rseed0.pth,retained_sync_readout_retained_ga0p1_v1,True,completed,5,5,1.436183
chua_orig_nint128_bs16_sig0.0_lr1e-03-1e-05_tfp0_ramp200_hLR1_m20_p10_seed7_minsym5_cand2_reducedp3_retained_sync_readout_retained_ga0p1_v1_rseed0,20,10,7,7,0,2,10,3,7,5,5,1;2;4;5;7;8;9,retained_preactivation,1.0,,True,0.1,2984.630400066313,3700.4495588374125,0.0806558866054104,default,,0.1,True,readout_retained,128,0.00,0.00,0.00,1.00,128,2000,16,200,200,0.0,0.0,0.001,1e-05,False,5,5.0,0.0,200,1.0,0.114989,2.5973,0.0073,3,0.097425,nan,models/chua_orig_nint128_bs16_sig0.0_lr1e-03-1e-05_tfp0_ramp200_hLR1_m20_p10_seed7_minsym5_cand2_reducedp3_retained_sync_readout_retained_ga0p1_v1_rseed0.pth,retained_sync_readout_retained_ga0p1_v1,True,completed,3,3,2.597281
chua_orig_nint128_bs16_sig0.0_lr1e-03-1e-05_tfp0_ramp200_hLR1_m20_p10_seed7_minsym5_cand3_reducedp3_retained_sync_readout_retained_ga0p1_v1_rseed0,20,10,7,7,0,3,10,3,7,5,5,1;4;5;6;7;8;9,retained_preactivation,1.0,,True,0.1,1025874.4638677775,14011.804329296781,7.321501498010596,default,,0.1,True,readout_retained,128,0.00,0.00,0.00,1.00,128,2000,16,200,200,0.0,0.0,0.001,1e-05,False,5,5.0,0.0,200,1.0,0.063629,1.8369,0.0091,5,0.030103,nan,models/chua_orig_nint128_bs16_sig0.0_lr1e-03-1e-05_tfp0_ramp200_hLR1_m20_p10_seed7_minsym5_cand3_reducedp3_retained_sync_readout_retained_ga0p1_v1_rseed0.pth,retained_sync_readout_retained_ga0p1_v1,True,completed,5,5,1.836936
chua_orig_nint128_bs16_sig0.0_lr1e-03-1e-05_tfp0_ramp200_hLR1_m20_p10_seed8_minsym5_cand0_reducedp3_retained_sync_readout_retained_ga0p1_v1_rseed0,20,10,8,8,0,0,10,3,7,5,5,0;3;4;5;6;7;8,retained_preactivation,1.0,,True,0.1,190506.7482269329,9075.507478923699,2.099130529828243,default,,0.1,True,readout_retained,128,0.00,0.00,0.00,1.00,128,2000,16,200,200,0.0,0.0,0.001,1e-05,False,5,5.0,0.0,200,1.0,0.026541,1.1984,0.0082,5,0.011125,nan,models/chua_orig_nint128_bs16_sig0.0_lr1e-03-1e-05_tfp0_ramp200_hLR1_m20_p10_seed8_minsym5_cand0_reducedp3_retained_sync_readout_retained_ga0p1_v1_rseed0.pth,retained_sync_readout_retained_ga0p1_v1,True,completed,5,5,1.198386
chua_orig_nint128_bs16_sig0.0_lr1e-03-1e-05_tfp0_ramp200_hLR1_m20_p10_seed8_minsym5_cand1_reducedp3_retained_sync_readout_retained_ga0p1_v1_rseed0,20,10,8,8,0,1,10,3,7,5,5,0;3;4;6;7;8;9,retained_preactivation,1.0,,True,0.1,474010.18660467624,22454.471217819293,2.1109835186344266,default,,0.1,True,readout_retained,128,0.00,0.00,0.00,1.00,128,2000,16,200,200,0.0,0.0,0.001,1e-05,False,5,5.0,0.0,200,1.0,0.046285,1.2652,0.0068,5,0.015761,nan,models/chua_orig_nint128_bs16_sig0.0_lr1e-03-1e-05_tfp0_ramp200_hLR1_m20_p10_seed8_minsym5_cand1_reducedp3_retained_sync_readout_retained_ga0p1_v1_rseed0.pth,retained_sync_readout_retained_ga0p1_v1,True,completed,5,5,1.265184
chua_orig_nint128_bs16_sig0.0_lr1e-03-1e-05_tfp0_ramp200_hLR1_m20_p10_seed9_minsym5_cand0_reducedp3_retained_sync_readout_retained_ga0p1_v1_rseed0,20,10,9,9,0,0,10,3,7,5,5,0;1;2;3;5;6;8,retained_preactivation,1.0,,True,0.1,2545606901.4755354,211928013.41376758,1.2011658395086735,default,,0.1,True,readout_retained,128,0.00,0.00,0.00,1.00,128,2000,16,200,200,0.0,0.0,0.001,1e-05,False,5,5.0,0.0,200,1.0,0.017168,1.0896,0.0102,5,0.008364,nan,models/chua_orig_nint128_bs16_sig0.0_lr1e-03-1e-05_tfp0_ramp200_hLR1_m20_p10_seed9_minsym5_cand0_reducedp3_retained_sync_readout_retained_ga0p1_v1_rseed0.pth,retained_sync_readout_retained_ga0p1_v1,True,completed,5,5,1.098777
chua_orig_nint128_bs16_sig0.0_lr1e-03-1e-05_tfp0_ramp200_hLR1_m20_p10_seed9_minsym5_cand1_reducedp3_retained_sync_readout_retained_ga0p1_v1_rseed0,20,10,9,9,0,1,10,3,7,5,5,0;1;2;3;5;7;8,retained_preactivation,1.0,,True,0.1,3867904019.5878205,342602596.5496684,1.1289768549746166,default,,0.1,True,readout_retained,128,0.00,0.00,0.00,1.00,128,2000,16,200,200,0.0,0.0,0.001,1e-05,False,5,5.0,0.0,200,1.0,0.025116,1.1390,0.0146,5,0.008815,nan,models/chua_orig_nint128_bs16_sig0.0_lr1e-03-1e-05_tfp0_ramp200_hLR1_m20_p10_seed9_minsym5_cand1_reducedp3_retained_sync_readout_retained_ga0p1_v1_rseed0.pth,retained_sync_readout_retained_ga0p1_v1,True,completed,5,5,1.138994
chua_orig_nint128_bs16_sig0.0_lr1e-03-1e-05_tfp0_ramp200_hLR1_m20_p10_seed9_minsym5_cand2_reducedp3_retained_sync_readout_retained_ga0p1_v1_rseed0,20,10,9,9,0,2,10,3,7,5,5,0;2;3;5;6;7;8,retained_preactivation,1.0,,True,0.1,14517685393.292498,488994711.8574902,2.9688839247659287,default,,0.1,True,readout_retained,128,0.00,0.00,0.00,1.00,128,2000,16,200,200,0.0,0.0,0.001,1e-05,False,5,5.0,0.0,200,1.0,0.029450,1.1973,0.0159,4,0.010234,nan,models/chua_orig_nint128_bs16_sig0.0_lr1e-03-1e-05_tfp0_ramp200_hLR1_m20_p10_seed9_minsym5_cand2_reducedp3_retained_sync_readout_retained_ga0p1_v1_rseed0.pth,retained_sync_readout_retained_ga0p1_v1,True,completed,5,5,1.345923
chua_orig_nint128_bs16_sig0.0_lr1e-03-1e-05_tfp0_ramp200_hLR1_m20_p10_seed9_minsym5_cand3_reducedp3_retained_sync_readout_retained_ga0p1_v1_rseed0,20,10,9,9,0,3,10,3,7,5,5,1;2;3;5;6;7;8,retained_preactivation,1.0,,True,0.1,2505301424.6425505,272915717.689105,0.9179762330495355,default,,0.1,True,readout_retained,128,0.00,0.00,0.00,1.00,128,2000,16,200,200,0.0,0.0,0.001,1e-05,False,5,5.0,0.0,200,1.0,0.102840,1.2469,0.0073,3,0.024317,nan,models/chua_orig_nint128_bs16_sig0.0_lr1e-03-1e-05_tfp0_ramp200_hLR1_m20_p10_seed9_minsym5_cand3_reducedp3_retained_sync_readout_retained_ga0p1_v1_rseed0.pth,retained_sync_readout_retained_ga0p1_v1,True,completed,5,5,1.246869
chua_orig_nint128_bs16_sig0.0_lr1e-03-1e-05_tfp0_ramp200_hLR1_m20_p10_seed10_minsym5_cand0_reducedp3_retained_sync_readout_retained_ga0p1_v1_rseed0,20,10,10,10,0,0,10,3,7,5,5,0;1;2;4;5;6;7,retained_preactivation,1.0,,True,0.1,5481.68302451446,175.93764735159792,3.1156964453206,default,,0.1,True,readout_retained,128,0.00,0.00,0.00,1.00,128,2000,16,200,200,0.0,0.0,0.001,1e-05,False,5,5.0,0.0,200,1.0,0.044787,1.2084,0.0085,5,0.025649,nan,models/chua_orig_nint128_bs16_sig0.0_lr1e-03-1e-05_tfp0_ramp200_hLR1_m20_p10_seed10_minsym5_cand0_reducedp3_retained_sync_readout_retained_ga0p1_v1_rseed0.pth,retained_sync_readout_retained_ga0p1_v1,True,completed,5,5,1.208434
chua_orig_nint128_bs16_sig0.0_lr1e-03-1e-05_tfp0_ramp200_hLR1_m20_p10_seed10_minsym5_cand1_reducedp3_retained_sync_readout_retained_ga0p1_v1_rseed0,20,10,10,10,0,1,10,3,7,5,5,0;1;2;4;5;6;8,retained_preactivation,1.0,,True,0.1,4753.098785266303,216.53518848908578,2.19506991839613,default,,0.1,True,readout_retained,128,0.00,0.00,0.00,1.00,128,2000,16,200,200,0.0,0.0,0.001,1e-05,False,5,5.0,0.0,200,1.0,0.058676,1.2259,0.0154,5,0.022771,nan,models/chua_orig_nint128_bs16_sig0.0_lr1e-03-1e-05_tfp0_ramp200_hLR1_m20_p10_seed10_minsym5_cand1_reducedp3_retained_sync_readout_retained_ga0p1_v1_rseed0.pth,retained_sync_readout_retained_ga0p1_v1,True,completed,5,5,1.225929
chua_orig_nint128_bs16_sig0.0_lr1e-03-1e-05_tfp0_ramp200_hLR1_m20_p10_seed10_minsym5_cand2_reducedp3_retained_sync_readout_retained_ga0p1_v1_rseed0,20,10,10,10,0,2,10,3,7,5,5,0;1;2;4;5;7;8,retained_preactivation,1.0,,True,0.1,4076.7524835952454,242.5213037315936,1.6809873693022477,default,,0.1,True,readout_retained,128,0.00,0.00,0.00,1.00,128,2000,16,200,200,0.0,0.0,0.001,1e-05,False,5,5.0,0.0,200,1.0,0.047390,1.1868,0.0087,4,0.023357,nan,models/chua_orig_nint128_bs16_sig0.0_lr1e-03-1e-05_tfp0_ramp200_hLR1_m20_p10_seed10_minsym5_cand2_reducedp3_retained_sync_readout_retained_ga0p1_v1_rseed0.pth,retained_sync_readout_retained_ga0p1_v1,True,completed,5,5,1.287933
chua_orig_nint128_bs16_sig0.0_lr1e-03-1e-05_tfp0_ramp200_hLR1_m20_p10_seed10_minsym5_cand3_reducedp3_retained_sync_readout_retained_ga0p1_v1_rseed0,20,10,10,10,0,3,10,3,7,5,5,0;1;2;4;6;7;8,retained_preactivation,1.0,,True,0.1,6337.954761790274,213.71038258473013,2.965674706645301,default,,0.1,True,readout_retained,128,0.00,0.00,0.00,1.00,128,2000,16,200,200,0.0,0.0,0.001,1e-05,False,5,5.0,0.0,200,1.0,0.033191,1.1193,0.0087,5,0.018992,nan,models/chua_orig_nint128_bs16_sig0.0_lr1e-03-1e-05_tfp0_ramp200_hLR1_m20_p10_seed10_minsym5_cand3_reducedp3_retained_sync_readout_retained_ga0p1_v1_rseed0.pth,retained_sync_readout_retained_ga0p1_v1,True,completed,5,5,1.149044
chua_orig_nint128_bs16_sig0.0_lr1e-03-1e-05_tfp0_ramp200_hLR1_m20_p10_seed10_minsym5_cand4_reducedp3_retained_sync_readout_retained_ga0p1_v1_rseed0,20,10,10,10,0,4,10,3,7,5,5,0;1;2;5;6;7;8,retained_preactivation,1.0,,True,0.1,6257.087356550171,200.90861065774604,3.114394816660835,default,,0.1,True,readout_retained,128,0.00,0.00,0.00,1.00,128,2000,16,200,200,0.0,0.0,0.001,1e-05,False,5,5.0,0.0,200,1.0,0.031371,0.9943,0.0085,5,0.018538,nan,models/chua_orig_nint128_bs16_sig0.0_lr1e-03-1e-05_tfp0_ramp200_hLR1_m20_p10_seed10_minsym5_cand4_reducedp3_retained_sync_readout_retained_ga0p1_v1_rseed0.pth,retained_sync_readout_retained_ga0p1_v1,True,completed,5,5,0.994291
chua_orig_nint128_bs16_sig0.0_lr1e-03-1e-05_tfp0_ramp200_hLR1_m20_p10_seed10_minsym5_cand5_reducedp3_retained_sync_readout_retained_ga0p1_v1_rseed0,20,10,10,10,0,5,10,3,7,5,5,0;1;3;4;5;6;7,retained_preactivation,1.0,,True,0.1,5081.698055276405,195.1613214913498,2.603844868667595,default,,0.1,True,readout_retained,128,0.00,0.00,0.00,1.00,128,2000,16,200,200,0.0,0.0,0.001,1e-05,False,5,5.0,0.0,200,1.0,0.039375,1.1687,0.0064,5,0.024488,nan,models/chua_orig_nint128_bs16_sig0.0_lr1e-03-1e-05_tfp0_ramp200_hLR1_m20_p10_seed10_minsym5_cand5_reducedp3_retained_sync_readout_retained_ga0p1_v1_rseed0.pth,retained_sync_readout_retained_ga0p1_v1,True,completed,5,5,1.168743
chua_orig_nint128_bs16_sig0.0_lr1e-03-1e-05_tfp0_ramp200_hLR1_m20_p10_seed10_minsym5_cand6_reducedp3_retained_sync_readout_retained_ga0p1_v1_rseed0,20,10,10,10,0,6,10,3,7,5,5,0;1;3;4;5;6;8,retained_preactivation,1.0,,True,0.1,4212.114043891736,233.59247726450934,1.8031890809232332,default,,0.1,True,readout_retained,128,0.00,0.00,0.00,1.00,128,2000,16,200,200,0.0,0.0,0.001,1e-05,False,5,5.0,0.0,200,1.0,0.048270,1.1663,0.0081,5,0.019934,nan,models/chua_orig_nint128_bs16_sig0.0_lr1e-03-1e-05_tfp0_ramp200_hLR1_m20_p10_seed10_minsym5_cand6_reducedp3_retained_sync_readout_retained_ga0p1_v1_rseed0.pth,retained_sync_readout_retained_ga0p1_v1,True,completed,5,5,1.166273
chua_orig_nint128_bs16_sig0.0_lr1e-03-1e-05_tfp0_ramp200_hLR1_m20_p10_seed10_minsym5_cand7_reducedp3_retained_sync_readout_retained_ga0p1_v1_rseed0,20,10,10,10,0,7,10,3,7,5,5,0;1;3;4;5;7;8,retained_preactivation,1.0,,True,0.1,3613.790504788566,265.4457713348081,1.3614044354959642,default,,0.1,True,readout_retained,128,0.00,0.00,0.00,1.00,128,2000,16,200,200,0.0,0.0,0.001,1e-05,False,5,5.0,0.0,200,1.0,0.040658,1.1868,0.0085,5,0.021771,nan,models/chua_orig_nint128_bs16_sig0.0_lr1e-03-1e-05_tfp0_ramp200_hLR1_m20_p10_seed10_minsym5_cand7_reducedp3_retained_sync_readout_retained_ga0p1_v1_rseed0.pth,retained_sync_readout_retained_ga0p1_v1,True,completed,5,5,1.186768
chua_orig_nint128_bs16_sig0.0_lr1e-03-1e-05_tfp0_ramp200_hLR1_m20_p10_seed10_minsym5_cand8_reducedp3_retained_sync_readout_retained_ga0p1_v1_rseed0,20,10,10,10,0,8,10,3,7,5,5,0;1;3;4;6;7;8,retained_preactivation,1.0,,True,0.1,5918.940451001345,239.18553984959988,2.4746230289352593,default,,0.1,True,readout_retained,128,0.00,0.00,0.00,1.00,128,2000,16,200,200,0.0,0.0,0.001,1e-05,False,5,5.0,0.0,200,1.0,0.027128,1.1896,0.0066,4,0.017109,nan,models/chua_orig_nint128_bs16_sig0.0_lr1e-03-1e-05_tfp0_ramp200_hLR1_m20_p10_seed10_minsym5_cand8_reducedp3_retained_sync_readout_retained_ga0p1_v1_rseed0.pth,retained_sync_readout_retained_ga0p1_v1,True,completed,5,5,1.189584
chua_orig_nint128_bs16_sig0.0_lr1e-03-1e-05_tfp0_ramp200_hLR1_m20_p10_seed10_minsym5_cand9_reducedp3_retained_sync_readout_retained_ga0p1_v1_rseed0,20,10,10,10,0,9,10,3,7,5,5,0;1;3;5;6;7;8,retained_preactivation,1.0,,True,0.1,5801.384058998336,225.0638537865421,2.577661388709949,default,,0.1,True,readout_retained,128,0.00,0.00,0.00,1.00,128,2000,16,200,200,0.0,0.0,0.001,1e-05,False,5,5.0,0.0,200,1.0,0.026738,1.1383,0.0099,5,0.017800,nan,models/chua_orig_nint128_bs16_sig0.0_lr1e-03-1e-05_tfp0_ramp200_hLR1_m20_p10_seed10_minsym5_cand9_reducedp3_retained_sync_readout_retained_ga0p1_v1_rseed0.pth,retained_sync_readout_retained_ga0p1_v1,True,completed,5,5,1.253622
chua_orig_nint128_bs16_sig0.0_lr1e-03-1e-05_tfp0_ramp200_hLR1_m20_p10_seed10_minsym5_cand10_reducedp3_retained_sync_readout_retained_ga0p1_v1_rseed0,20,10,10,10,0,10,10,3,7,5,5,1;2;4;5;6;7;8,retained_preactivation,1.0,,True,0.1,6106.594319872575,185.79119555879922,3.2868050079046545,default,,0.1,True,readout_retained,128,0.00,0.00,0.00,1.00,128,2000,16,200,200,0.0,0.0,0.001,1e-05,False,5,5.0,0.0,200,1.0,0.046797,1.3749,0.0081,5,0.021892,nan,models/chua_orig_nint128_bs16_sig0.0_lr1e-03-1e-05_tfp0_ramp200_hLR1_m20_p10_seed10_minsym5_cand10_reducedp3_retained_sync_readout_retained_ga0p1_v1_rseed0.pth,retained_sync_readout_retained_ga0p1_v1,True,completed,5,5,1.374913
chua_orig_nint128_bs16_sig0.0_lr1e-03-1e-05_tfp0_ramp200_hLR1_m20_p10_seed10_minsym5_cand11_reducedp3_retained_sync_readout_retained_ga0p1_v1_rseed0,20,10,10,10,0,11,10,3,7,5,5,1;3;4;5;6;7;8,retained_preactivation,1.0,,True,0.1,5591.002464898402,201.63099505409357,2.77288839615081,default,,0.1,True,readout_retained,128,0.00,0.00,0.00,1.00,128,2000,16,200,200,0.0,0.0,0.001,1e-05,False,5,5.0,0.0,200,1.0,0.042187,1.3218,0.0073,5,0.022539,nan,models/chua_orig_nint128_bs16_sig0.0_lr1e-03-1e-05_tfp0_ramp200_hLR1_m20_p10_seed10_minsym5_cand11_reducedp3_retained_sync_readout_retained_ga0p1_v1_rseed0.pth,retained_sync_readout_retained_ga0p1_v1,True,completed,5,5,1.321825
chua_orig_nint128_bs16_sig0.0_lr1e-03-1e-05_tfp0_ramp200_hLR1_m20_p10_seed11_minsym5_cand0_reducedp3_retained_sync_readout_retained_ga0p1_v1_rseed0,20,10,11,11,0,0,10,3,7,5,5,0;1;3;4;5;6;9,retained_preactivation,1.0,,True,0.1,190228.7439479113,6004.048213757531,3.1683413786056174,default,,0.1,True,readout_retained,128,0.00,0.00,0.00,1.00,128,2000,16,200,200,0.0,0.0,0.001,1e-05,False,5,5.0,0.0,200,1.0,0.041685,1.2496,0.0114,5,0.021739,nan,models/chua_orig_nint128_bs16_sig0.0_lr1e-03-1e-05_tfp0_ramp200_hLR1_m20_p10_seed11_minsym5_cand0_reducedp3_retained_sync_readout_retained_ga0p1_v1_rseed0.pth,retained_sync_readout_retained_ga0p1_v1,True,completed,5,5,1.249610
chua_orig_nint128_bs16_sig0.0_lr1e-03-1e-05_tfp0_ramp200_hLR1_m20_p10_seed11_minsym5_cand1_reducedp3_retained_sync_readout_retained_ga0p1_v1_rseed0,20,10,11,11,0,1,10,3,7,5,5,0;1;3;5;6;7;9,retained_preactivation,1.0,,True,0.1,87273.3579965845,3672.6119600871257,2.3763294065652962,default,,0.1,True,readout_retained,128,0.00,0.00,0.00,1.00,128,2000,16,200,200,0.0,0.0,0.001,1e-05,False,5,5.0,0.0,200,1.0,0.051040,1.1503,0.0091,4,0.034749,nan,models/chua_orig_nint128_bs16_sig0.0_lr1e-03-1e-05_tfp0_ramp200_hLR1_m20_p10_seed11_minsym5_cand1_reducedp3_retained_sync_readout_retained_ga0p1_v1_rseed0.pth,retained_sync_readout_retained_ga0p1_v1,True,completed,5,5,1.150340
chua_orig_nint128_bs16_sig0.0_lr1e-03-1e-05_tfp0_ramp200_hLR1_m20_p10_seed11_minsym5_cand2_reducedp3_retained_sync_readout_retained_ga0p1_v1_rseed0,20,10,11,11,0,2,10,3,7,5,5,0;1;4;5;6;7;9,retained_preactivation,1.0,,True,0.1,829.3416557916587,35.90606535356951,2.309753651994589,default,,0.1,True,readout_retained,128,0.00,0.00,0.00,1.00,128,2000,16,200,200,0.0,0.0,0.001,1e-05,False,5,5.0,0.0,200,1.0,0.066839,1.2784,0.0100,5,0.036411,nan,models/chua_orig_nint128_bs16_sig0.0_lr1e-03-1e-05_tfp0_ramp200_hLR1_m20_p10_seed11_minsym5_cand2_reducedp3_retained_sync_readout_retained_ga0p1_v1_rseed0.pth,retained_sync_readout_retained_ga0p1_v1,True,completed,5,5,1.280092
chua_orig_nint128_bs16_sig0.0_lr1e-03-1e-05_tfp0_ramp200_hLR1_m20_p10_seed11_minsym5_cand3_reducedp3_retained_sync_readout_retained_ga0p1_v1_rseed0,20,10,11,11,0,3,10,3,7,5,5,0;3;4;5;6;8;9,retained_preactivation,1.0,,True,0.1,4059.8120184313952,8.311291183688635,48.846947227628256,default,,0.1,True,readout_retained,128,0.00,0.00,0.00,1.00,128,2000,16,200,200,0.0,0.0,0.001,1e-05,False,5,5.0,0.0,200,1.0,0.285810,2.3375,0.0085,4,0.064332,nan,models/chua_orig_nint128_bs16_sig0.0_lr1e-03-1e-05_tfp0_ramp200_hLR1_m20_p10_seed11_minsym5_cand3_reducedp3_retained_sync_readout_retained_ga0p1_v1_rseed0.pth,retained_sync_readout_retained_ga0p1_v1,True,completed,5,5,2.337537
chua_orig_nint128_bs16_sig0.0_lr1e-03-1e-05_tfp0_ramp200_hLR1_m20_p10_seed11_minsym5_cand4_reducedp3_retained_sync_readout_retained_ga0p1_v1_rseed0,20,10,11,11,0,4,10,3,7,5,5,0;3;5;6;7;8;9,retained_preactivation,1.0,,True,0.1,3222.4738846885944,38.67607463189465,8.331956940715651,default,,0.1,True,readout_retained,128,0.00,0.00,0.00,1.00,128,2000,16,200,200,0.0,0.0,0.001,1e-05,False,5,5.0,0.0,200,1.0,0.099073,1.2101,0.0073,4,0.043229,nan,models/chua_orig_nint128_bs16_sig0.0_lr1e-03-1e-05_tfp0_ramp200_hLR1_m20_p10_seed11_minsym5_cand4_reducedp3_retained_sync_readout_retained_ga0p1_v1_rseed0.pth,retained_sync_readout_retained_ga0p1_v1,True,completed,5,5,1.246541
chua_orig_nint128_bs16_sig0.0_lr1e-03-1e-05_tfp0_ramp200_hLR1_m20_p10_seed11_minsym5_cand5_reducedp3_retained_sync_readout_retained_ga0p1_v1_rseed0,20,10,11,11,0,5,10,3,7,5,5,0;4;5;6;7;8;9,retained_preactivation,1.0,,True,0.1,3451.4387896571484,161.6306075844098,2.1353868807643077,default,,0.1,True,readout_retained,128,0.00,0.00,0.00,1.00,128,2000,16,200,200,0.0,0.0,0.001,1e-05,False,5,5.0,0.0,200,1.0,0.063415,1.3240,0.0036,4,0.035349,nan,models/chua_orig_nint128_bs16_sig0.0_lr1e-03-1e-05_tfp0_ramp200_hLR1_m20_p10_seed11_minsym5_cand5_reducedp3_retained_sync_readout_retained_ga0p1_v1_rseed0.pth,retained_sync_readout_retained_ga0p1_v1,True,completed,5,5,1.323974
chua_orig_nint128_bs16_sig0.0_lr1e-03-1e-05_tfp0_ramp200_hLR1_m20_p10_seed11_minsym5_cand6_reducedp3_retained_sync_readout_retained_ga0p1_v1_rseed0,20,10,11,11,0,6,10,3,7,5,5,1;3;4;5;6;7;9,retained_preactivation,1.0,,True,0.1,60667.92140826979,5732.012218944146,1.058405304995058,default,,0.1,True,readout_retained,128,0.00,0.00,0.00,1.00,128,2000,16,200,200,0.0,0.0,0.001,1e-05,False,5,5.0,0.0,200,1.0,0.029845,1.1238,0.0129,5,0.020692,nan,models/chua_orig_nint128_bs16_sig0.0_lr1e-03-1e-05_tfp0_ramp200_hLR1_m20_p10_seed11_minsym5_cand6_reducedp3_retained_sync_readout_retained_ga0p1_v1_rseed0.pth,retained_sync_readout_retained_ga0p1_v1,True,completed,5,5,1.123826
chua_orig_nint128_bs16_sig0.0_lr1e-03-1e-05_tfp0_ramp200_hLR1_m20_p10_seed11_minsym5_cand7_reducedp3_retained_sync_readout_retained_ga0p1_v1_rseed0,20,10,11,11,0,7,10,3,7,5,5,3;4;5;6;7;8;9,retained_preactivation,1.0,,True,0.1,4123.4463665118765,18.665259366403628,22.091556755614217,default,,0.1,True,readout_retained,128,0.00,0.00,0.00,1.00,128,2000,16,200,200,0.0,0.0,0.001,1e-05,False,5,5.0,0.0,200,1.0,0.149970,1.6972,0.0093,4,0.036390,nan,models/chua_orig_nint128_bs16_sig0.0_lr1e-03-1e-05_tfp0_ramp200_hLR1_m20_p10_seed11_minsym5_cand7_reducedp3_retained_sync_readout_retained_ga0p1_v1_rseed0.pth,retained_sync_readout_retained_ga0p1_v1,True,completed,5,5,1.697227
chua_orig_nint128_bs16_sig0.0_lr1e-03-1e-05_tfp0_ramp200_hLR1_m20_p10_seed13_minsym5_cand0_reducedp3_retained_sync_readout_retained_ga0p1_v1_rseed0,20,10,13,13,0,0,10,3,7,5,5,0;1;2;3;5;7;8,retained_preactivation,1.0,,True,0.1,4463030.232956976,197608.92043503502,2.2585165806946557,default,,0.1,True,readout_retained,128,0.00,0.00,0.00,1.00,128,2000,16,200,200,0.0,0.0,0.001,1e-05,False,5,5.0,0.0,200,1.0,81.775711,1.1357,0.0083,5,0.846801,nan,models/chua_orig_nint128_bs16_sig0.0_lr1e-03-1e-05_tfp0_ramp200_hLR1_m20_p10_seed13_minsym5_cand0_reducedp3_retained_sync_readout_retained_ga0p1_v1_rseed0.pth,retained_sync_readout_retained_ga0p1_v1,True,completed,5,5,1.135743
chua_orig_nint128_bs16_sig0.0_lr1e-03-1e-05_tfp0_ramp200_hLR1_m20_p10_seed13_minsym5_cand1_reducedp3_retained_sync_readout_retained_ga0p1_v1_rseed0,20,10,13,13,0,1,10,3,7,5,5,0;1;2;5;7;8;9,retained_preactivation,1.0,,True,0.1,5470248.385848672,25008.417011828238,21.873629119593645,default,,0.1,True,readout_retained,128,0.00,0.00,0.00,1.00,128,2000,16,200,200,0.0,0.0,0.001,1e-05,False,5,5.0,0.0,200,1.0,0.226831,2.1504,0.0182,4,0.065628,nan,models/chua_orig_nint128_bs16_sig0.0_lr1e-03-1e-05_tfp0_ramp200_hLR1_m20_p10_seed13_minsym5_cand1_reducedp3_retained_sync_readout_retained_ga0p1_v1_rseed0.pth,retained_sync_readout_retained_ga0p1_v1,True,completed,5,5,2.260459
chua_orig_nint128_bs16_sig0.0_lr1e-03-1e-05_tfp0_ramp200_hLR1_m20_p10_seed13_minsym5_cand2_reducedp3_retained_sync_readout_retained_ga0p1_v1_rseed0,20,10,13,13,0,2,10,3,7,5,5,0;1;3;5;7;8;9,retained_preactivation,1.0,,True,0.1,3928066.5982785984,78687.50546941998,4.9919826214406395,default,,0.1,True,readout_retained,128,0.00,0.00,0.00,1.00,128,2000,16,200,200,0.0,0.0,0.001,1e-05,False,5,5.0,0.0,200,1.0,0.028864,1.2128,0.0105,5,0.010859,nan,models/chua_orig_nint128_bs16_sig0.0_lr1e-03-1e-05_tfp0_ramp200_hLR1_m20_p10_seed13_minsym5_cand2_reducedp3_retained_sync_readout_retained_ga0p1_v1_rseed0.pth,retained_sync_readout_retained_ga0p1_v1,True,completed,5,5,1.212761
chua_orig_nint128_bs16_sig0.0_lr1e-03-1e-05_tfp0_ramp200_hLR1_m20_p10_seed13_minsym5_cand3_reducedp3_retained_sync_readout_retained_ga0p1_v1_rseed0,20,10,13,13,0,3,10,3,7,5,5,0;2;3;5;6;7;8,retained_preactivation,1.0,,True,0.1,29010170.12980765,3141874.8618644886,0.9233394519281425,default,,0.1,True,readout_retained,128,0.00,0.00,0.00,1.00,128,2000,16,200,200,0.0,0.0,0.001,1e-05,False,5,5.0,0.0,200,1.0,0.022966,1.1737,0.0088,5,0.017555,nan,models/chua_orig_nint128_bs16_sig0.0_lr1e-03-1e-05_tfp0_ramp200_hLR1_m20_p10_seed13_minsym5_cand3_reducedp3_retained_sync_readout_retained_ga0p1_v1_rseed0.pth,retained_sync_readout_retained_ga0p1_v1,True,completed,5,5,1.173699
chua_orig_nint128_bs16_sig0.0_lr1e-03-1e-05_tfp0_ramp200_hLR1_m20_p10_seed13_minsym5_cand4_reducedp3_retained_sync_readout_retained_ga0p1_v1_rseed0,20,10,13,13,0,4,10,3,7,5,5,0;2;5;6;7;8;9,retained_preactivation,1.0,,True,0.1,4340558.601470552,20039.741739852838,21.65975319351809,default,,0.1,True,readout_retained,128,0.00,0.00,0.00,1.00,128,2000,16,200,200,0.0,0.0,0.001,1e-05,False,5,5.0,0.0,200,1.0,0.210436,1.3627,0.0157,3,0.024811,nan,models/chua_orig_nint128_bs16_sig0.0_lr1e-03-1e-05_tfp0_ramp200_hLR1_m20_p10_seed13_minsym5_cand4_reducedp3_retained_sync_readout_retained_ga0p1_v1_rseed0.pth,retained_sync_readout_retained_ga0p1_v1,True,completed,5,5,1.362704
chua_orig_nint128_bs16_sig0.0_lr1e-03-1e-05_tfp0_ramp200_hLR1_m20_p10_seed13_minsym5_cand5_reducedp3_retained_sync_readout_retained_ga0p1_v1_rseed0,20,10,13,13,0,5,10,3,7,5,5,0;3;5;6;7;8;9,retained_preactivation,1.0,,True,0.1,2264251.7156464737,46224.57594451246,4.898372065899447,default,,0.1,True,readout_retained,128,0.00,0.00,0.00,1.00,128,2000,16,200,200,0.0,0.0,0.001,1e-05,False,5,5.0,0.0,200,1.0,0.027786,1.1152,0.0072,5,0.016187,nan,models/chua_orig_nint128_bs16_sig0.0_lr1e-03-1e-05_tfp0_ramp200_hLR1_m20_p10_seed13_minsym5_cand5_reducedp3_retained_sync_readout_retained_ga0p1_v1_rseed0.pth,retained_sync_readout_retained_ga0p1_v1,True,completed,5,5,1.115170
chua_orig_nint128_bs16_sig0.0_lr1e-03-1e-05_tfp0_ramp200_hLR1_m20_p10_seed13_minsym5_cand6_reducedp3_retained_sync_readout_retained_ga0p1_v1_rseed0,20,10,13,13,0,6,10,3,7,5,5,1;2;3;5;7;8;9,retained_preactivation,1.0,,True,0.1,308.05402498666666,11.174848155562435,2.7566730276625813,default,,0.1,True,readout_retained,128,0.00,0.00,0.00,1.00,128,2000,16,200,200,0.0,0.0,0.001,1e-05,False,5,5.0,0.0,200,1.0,0.022064,1.3429,0.0115,5,0.011252,nan,models/chua_orig_nint128_bs16_sig0.0_lr1e-03-1e-05_tfp0_ramp200_hLR1_m20_p10_seed13_minsym5_cand6_reducedp3_retained_sync_readout_retained_ga0p1_v1_rseed0.pth,retained_sync_readout_retained_ga0p1_v1,True,completed,5,5,1.342857
chua_orig_nint128_bs16_sig0.0_lr1e-03-1e-05_tfp0_ramp200_hLR1_m20_p10_seed13_minsym5_cand7_reducedp3_retained_sync_readout_retained_ga0p1_v1_rseed0,20,10,13,13,0,7,10,3,7,5,5,2;3;5;6;7;8;9,retained_preactivation,1.0,,True,0.1,270.8090926025758,9.618518281739513,2.815496988935095,default,,0.1,True,readout_retained,128,0.00,0.00,0.00,1.00,128,2000,16,200,200,0.0,0.0,0.001,1e-05,False,5,5.0,0.0,200,1.0,0.029491,1.2763,0.0082,4,0.016962,nan,models/chua_orig_nint128_bs16_sig0.0_lr1e-03-1e-05_tfp0_ramp200_hLR1_m20_p10_seed13_minsym5_cand7_reducedp3_retained_sync_readout_retained_ga0p1_v1_rseed0.pth,retained_sync_readout_retained_ga0p1_v1,True,completed,5,5,1.276251
chua_orig_nint128_bs16_sig0.0_lr1e-03-1e-05_tfp0_ramp200_hLR1_m20_p10_seed14_minsym5_cand0_reducedp3_retained_sync_readout_retained_ga0p1_v1_rseed0,20,10,14,14,0,0,10,3,7,5,5,0;1;2;5;6;7;8,retained_preactivation,1.0,,True,0.1,5657.886569868647,139.5435329315114,4.054567381954937,default,,0.1,True,readout_retained,128,0.00,0.00,0.00,1.00,128,2000,16,200,200,0.0,0.0,0.001,1e-05,False,5,5.0,0.0,200,1.0,0.496213,2.6201,0.0088,1,0.353729,nan,models/chua_orig_nint128_bs16_sig0.0_lr1e-03-1e-05_tfp0_ramp200_hLR1_m20_p10_seed14_minsym5_cand0_reducedp3_retained_sync_readout_retained_ga0p1_v1_rseed0.pth,retained_sync_readout_retained_ga0p1_v1,True,completed,3,4,2.655661
chua_orig_nint128_bs16_sig0.0_lr1e-03-1e-05_tfp0_ramp200_hLR1_m20_p10_seed14_minsym5_cand1_reducedp3_retained_sync_readout_retained_ga0p1_v1_rseed0,20,10,14,14,0,1,10,3,7,5,5,0;1;2;5;6;7;9,retained_preactivation,1.0,,True,0.1,5889.085641039702,106.45341654930353,5.532077627881617,default,,0.1,True,readout_retained,128,0.00,0.00,0.00,1.00,128,2000,16,200,200,0.0,0.0,0.001,1e-05,False,5,5.0,0.0,200,1.0,0.033412,1.1285,0.0111,5,0.011790,nan,models/chua_orig_nint128_bs16_sig0.0_lr1e-03-1e-05_tfp0_ramp200_hLR1_m20_p10_seed14_minsym5_cand1_reducedp3_retained_sync_readout_retained_ga0p1_v1_rseed0.pth,retained_sync_readout_retained_ga0p1_v1,True,completed,5,5,1.128454
chua_orig_nint128_bs16_sig0.0_lr1e-03-1e-05_tfp0_ramp200_hLR1_m20_p10_seed14_minsym5_cand2_reducedp3_retained_sync_readout_retained_ga0p1_v1_rseed0,20,10,14,14,0,2,10,3,7,5,5,0;1;2;5;6;8;9,retained_preactivation,1.0,,True,0.1,5614.032686046636,89.09951644749121,6.300856514025052,default,,0.1,True,readout_retained,128,0.00,0.00,0.00,1.00,128,2000,16,200,200,0.0,0.0,0.001,1e-05,False,5,5.0,0.0,200,1.0,0.024218,1.1952,0.0181,5,0.007193,nan,models/chua_orig_nint128_bs16_sig0.0_lr1e-03-1e-05_tfp0_ramp200_hLR1_m20_p10_seed14_minsym5_cand2_reducedp3_retained_sync_readout_retained_ga0p1_v1_rseed0.pth,retained_sync_readout_retained_ga0p1_v1,True,completed,5,5,1.195212
chua_orig_nint128_bs16_sig0.0_lr1e-03-1e-05_tfp0_ramp200_hLR1_m20_p10_seed14_minsym5_cand3_reducedp3_retained_sync_readout_retained_ga0p1_v1_rseed0,20,10,14,14,0,3,10,3,7,5,5,0;1;5;6;7;8;9,retained_preactivation,1.0,,True,0.1,4929.881964864879,159.4745931928451,3.0913275062588648,default,,0.1,True,readout_retained,128,0.00,0.00,0.00,1.00,128,2000,16,200,200,0.0,0.0,0.001,1e-05,False,5,5.0,0.0,200,1.0,0.481042,2.4693,0.0104,3,0.366362,nan,models/chua_orig_nint128_bs16_sig0.0_lr1e-03-1e-05_tfp0_ramp200_hLR1_m20_p10_seed14_minsym5_cand3_reducedp3_retained_sync_readout_retained_ga0p1_v1_rseed0.pth,retained_sync_readout_retained_ga0p1_v1,True,completed,3,4,2.469290
chua_orig_nint128_bs16_sig0.0_lr1e-03-1e-05_tfp0_ramp200_hLR1_m20_p10_seed14_minsym5_cand4_reducedp3_retained_sync_readout_retained_ga0p1_v1_rseed0,20,10,14,14,0,4,10,3,7,5,5,0;2;5;6;7;8;9,retained_preactivation,1.0,,True,0.1,5243.324041102171,146.18529822953138,3.586765635535649,default,,0.1,True,readout_retained,128,0.00,0.00,0.00,1.00,128,2000,16,200,200,0.0,0.0,0.001,1e-05,False,5,5.0,0.0,200,1.0,0.549303,3.0892,0.0094,3,0.393688,nan,models/chua_orig_nint128_bs16_sig0.0_lr1e-03-1e-05_tfp0_ramp200_hLR1_m20_p10_seed14_minsym5_cand4_reducedp3_retained_sync_readout_retained_ga0p1_v1_rseed0.pth,retained_sync_readout_retained_ga0p1_v1,True,completed,3,4,3.089152
chua_orig_nint128_bs16_sig0.0_lr1e-03-1e-05_tfp0_ramp200_hLR1_m20_p10_seed15_minsym5_cand0_reducedp3_retained_sync_readout_retained_ga0p1_v1_rseed0,20,10,15,15,0,0,10,3,7,5,5,0;2;3;5;6;7;8,retained_preactivation,1.0,,True,0.1,4436.504296740847,122.9932226779469,3.6071128149537395,default,,0.1,True,readout_retained,128,0.00,0.00,0.00,1.00,128,2000,16,200,200,0.0,0.0,0.001,1e-05,False,5,5.0,0.0,200,1.0,0.044494,1.1708,0.0065,4,0.030178,nan,models/chua_orig_nint128_bs16_sig0.0_lr1e-03-1e-05_tfp0_ramp200_hLR1_m20_p10_seed15_minsym5_cand0_reducedp3_retained_sync_readout_retained_ga0p1_v1_rseed0.pth,retained_sync_readout_retained_ga0p1_v1,True,completed,5,5,1.170774
chua_orig_nint128_bs16_sig0.0_lr1e-03-1e-05_tfp0_ramp200_hLR1_m20_p10_seed15_minsym5_cand1_reducedp3_retained_sync_readout_retained_ga0p1_v1_rseed0,20,10,15,15,0,1,10,3,7,5,5,0;2;3;5;6;7;9,retained_preactivation,1.0,,True,0.1,17387.543961123432,293.72807410691047,5.919605748953604,default,,0.1,True,readout_retained,128,0.00,0.00,0.00,1.00,128,2000,16,200,200,0.0,0.0,0.001,1e-05,False,5,5.0,0.0,200,1.0,0.053427,1.2903,0.0070,5,0.014897,nan,models/chua_orig_nint128_bs16_sig0.0_lr1e-03-1e-05_tfp0_ramp200_hLR1_m20_p10_seed15_minsym5_cand1_reducedp3_retained_sync_readout_retained_ga0p1_v1_rseed0.pth,retained_sync_readout_retained_ga0p1_v1,True,completed,5,5,1.290349
chua_orig_nint128_bs16_sig0.0_lr1e-03-1e-05_tfp0_ramp200_hLR1_m20_p10_seed15_minsym5_cand2_reducedp3_retained_sync_readout_retained_ga0p1_v1_rseed0,20,10,15,15,0,2,10,3,7,5,5,0;2;3;5;6;8;9,retained_preactivation,1.0,,True,0.1,43689.30944410915,2334.564792631829,1.8714113046679162,default,,0.1,True,readout_retained,128,0.00,0.00,0.00,1.00,128,2000,16,200,200,0.0,0.0,0.001,1e-05,False,5,5.0,0.0,200,1.0,6526002072823367353761792.000000,1.3264,0.0116,5,97385946428650662395904.000000,nan,models/chua_orig_nint128_bs16_sig0.0_lr1e-03-1e-05_tfp0_ramp200_hLR1_m20_p10_seed15_minsym5_cand2_reducedp3_retained_sync_readout_retained_ga0p1_v1_rseed0.pth,retained_sync_readout_retained_ga0p1_v1,True,completed,5,5,1.326359
chua_orig_nint128_bs16_sig0.0_lr1e-03-1e-05_tfp0_ramp200_hLR1_m20_p10_seed15_minsym5_cand3_reducedp3_retained_sync_readout_retained_ga0p1_v1_rseed0,20,10,15,15,0,3,10,3,7,5,5,0;2;3;5;7;8;9,retained_preactivation,1.0,,True,0.1,19742.34991078823,408.2561389020034,4.835775394311236,default,,0.1,True,readout_retained,128,0.00,0.00,0.00,1.00,128,2000,16,200,200,0.0,0.0,0.001,1e-05,False,5,5.0,0.0,200,1.0,0.486845,2.9542,0.0133,2,0.291553,nan,models/chua_orig_nint128_bs16_sig0.0_lr1e-03-1e-05_tfp0_ramp200_hLR1_m20_p10_seed15_minsym5_cand3_reducedp3_retained_sync_readout_retained_ga0p1_v1_rseed0.pth,retained_sync_readout_retained_ga0p1_v1,True,completed,3,4,2.954183
chua_orig_nint128_bs16_sig0.0_lr1e-03-1e-05_tfp0_ramp200_hLR1_m20_p10_seed15_minsym5_cand4_reducedp3_retained_sync_readout_retained_ga0p1_v1_rseed0,20,10,15,15,0,4,10,3,7,5,5,0;2;5;6;7;8;9,retained_preactivation,1.0,,True,0.1,2361.4911470297743,69.87065315715478,3.3798040240417064,default,,0.1,True,readout_retained,128,0.00,0.00,0.00,1.00,128,2000,16,200,200,0.0,0.0,0.001,1e-05,False,5,5.0,0.0,200,1.0,0.042961,1.1888,0.0108,6,0.028087,nan,models/chua_orig_nint128_bs16_sig0.0_lr1e-03-1e-05_tfp0_ramp200_hLR1_m20_p10_seed15_minsym5_cand4_reducedp3_retained_sync_readout_retained_ga0p1_v1_rseed0.pth,retained_sync_readout_retained_ga0p1_v1,True,completed,5,5,1.188816
chua_orig_nint128_bs16_sig0.0_lr1e-03-1e-05_tfp0_ramp200_hLR1_m20_p10_seed15_minsym5_cand5_reducedp3_retained_sync_readout_retained_ga0p1_v1_rseed0,20,10,15,15,0,5,10,3,7,5,5,0;3;5;6;7;8;9,retained_preactivation,1.0,,True,0.1,17582.104083413906,348.89040195058703,5.0394347293921795,default,,0.1,True,readout_retained,128,0.00,0.00,0.00,1.00,128,2000,16,200,200,0.0,0.0,0.001,1e-05,False,5,5.0,0.0,200,1.0,0.081963,1.4159,0.0062,5,0.039591,nan,models/chua_orig_nint128_bs16_sig0.0_lr1e-03-1e-05_tfp0_ramp200_hLR1_m20_p10_seed15_minsym5_cand5_reducedp3_retained_sync_readout_retained_ga0p1_v1_rseed0.pth,retained_sync_readout_retained_ga0p1_v1,True,completed,5,5,1.415885
chua_orig_nint128_bs16_sig0.0_lr1e-03-1e-05_tfp0_ramp200_hLR1_m20_p10_seed15_minsym5_cand6_reducedp3_retained_sync_readout_retained_ga0p1_v1_rseed0,20,10,15,15,0,6,10,3,7,5,5,2;3;5;6;7;8;9,retained_preactivation,1.0,,True,0.1,19586.656631492777,297.03593725753274,6.5940359985838715,default,,0.1,True,readout_retained,128,0.00,0.00,0.00,1.00,128,2000,16,200,200,0.0,0.0,0.001,1e-05,False,5,5.0,0.0,200,1.0,0.075513,1.3684,0.0099,4,0.042817,nan,models/chua_orig_nint128_bs16_sig0.0_lr1e-03-1e-05_tfp0_ramp200_hLR1_m20_p10_seed15_minsym5_cand6_reducedp3_retained_sync_readout_retained_ga0p1_v1_rseed0.pth,retained_sync_readout_retained_ga0p1_v1,True,completed,5,5,1.401433
chua_orig_nint128_bs16_sig0.0_lr1e-03-1e-05_tfp0_ramp200_hLR1_m20_p10_seed16_minsym5_cand0_reducedp3_retained_sync_readout_retained_ga0p1_v1_rseed0,20,10,16,16,0,0,10,3,7,5,5,0;1;2;3;4;5;8,retained_preactivation,1.0,,True,0.1,3663.825084525734,141.13234219233843,2.596020889055014,default,,0.1,True,readout_retained,128,0.00,0.00,0.00,1.00,128,2000,16,200,200,0.0,0.0,0.001,1e-05,False,5,5.0,0.0,200,1.0,0.056609,1.2000,0.0137,5,0.021369,nan,models/chua_orig_nint128_bs16_sig0.0_lr1e-03-1e-05_tfp0_ramp200_hLR1_m20_p10_seed16_minsym5_cand0_reducedp3_retained_sync_readout_retained_ga0p1_v1_rseed0.pth,retained_sync_readout_retained_ga0p1_v1,True,completed,5,5,1.200011
chua_orig_nint128_bs16_sig0.0_lr1e-03-1e-05_tfp0_ramp200_hLR1_m20_p10_seed16_minsym5_cand1_reducedp3_retained_sync_readout_retained_ga0p1_v1_rseed0,20,10,16,16,0,1,10,3,7,5,5,0;1;2;3;4;7;8,retained_preactivation,1.0,,True,0.1,2103.2176428332377,144.14439633447049,1.459104686909194,default,,0.1,True,readout_retained,128,0.00,0.00,0.00,1.00,128,2000,16,200,200,0.0,0.0,0.001,1e-05,False,5,5.0,0.0,200,1.0,0.031382,1.2179,0.0119,5,0.015355,nan,models/chua_orig_nint128_bs16_sig0.0_lr1e-03-1e-05_tfp0_ramp200_hLR1_m20_p10_seed16_minsym5_cand1_reducedp3_retained_sync_readout_retained_ga0p1_v1_rseed0.pth,retained_sync_readout_retained_ga0p1_v1,True,completed,5,5,1.217891
chua_orig_nint128_bs16_sig0.0_lr1e-03-1e-05_tfp0_ramp200_hLR1_m20_p10_seed17_minsym5_cand0_reducedp3_retained_sync_readout_retained_ga0p1_v1_rseed0,20,10,17,17,0,0,10,3,7,5,5,0;1;2;3;4;6;8,retained_preactivation,1.0,,True,0.1,2824.45871473633,15.533776643809553,18.182691688577474,default,,0.1,True,readout_retained,128,0.00,0.00,0.00,1.00,128,2000,16,200,200,0.0,0.0,0.001,1e-05,False,5,5.0,0.0,200,1.0,0.219743,1.6973,0.0083,4,0.050302,nan,models/chua_orig_nint128_bs16_sig0.0_lr1e-03-1e-05_tfp0_ramp200_hLR1_m20_p10_seed17_minsym5_cand0_reducedp3_retained_sync_readout_retained_ga0p1_v1_rseed0.pth,retained_sync_readout_retained_ga0p1_v1,True,completed,5,5,2.007740
chua_orig_nint128_bs16_sig0.0_lr1e-03-1e-05_tfp0_ramp200_hLR1_m20_p10_seed17_minsym5_cand1_reducedp3_retained_sync_readout_retained_ga0p1_v1_rseed0,20,10,17,17,0,1,10,3,7,5,5,0;1;2;3;4;8;9,retained_preactivation,1.0,,True,0.1,3309.394775672736,103.18526544583268,3.2072358019081495,default,,0.1,True,readout_retained,128,0.00,0.00,0.00,1.00,128,2000,16,200,200,0.0,0.0,0.001,1e-05,False,5,5.0,0.0,200,1.0,0.051191,1.3123,0.0112,5,0.022632,nan,models/chua_orig_nint128_bs16_sig0.0_lr1e-03-1e-05_tfp0_ramp200_hLR1_m20_p10_seed17_minsym5_cand1_reducedp3_retained_sync_readout_retained_ga0p1_v1_rseed0.pth,retained_sync_readout_retained_ga0p1_v1,True,completed,5,5,1.312289
chua_orig_nint128_bs16_sig0.0_lr1e-03-1e-05_tfp0_ramp200_hLR1_m20_p10_seed17_minsym5_cand2_reducedp3_retained_sync_readout_retained_ga0p1_v1_rseed0,20,10,17,17,0,2,10,3,7,5,5,0;2;3;4;6;7;8,retained_preactivation,1.0,,True,0.1,2821.982356761821,52.82096218955936,5.342542505444104,default,,0.1,True,readout_retained,128,0.00,0.00,0.00,1.00,128,2000,16,200,200,0.0,0.0,0.001,1e-05,False,5,5.0,0.0,200,1.0,0.047339,1.1067,0.0064,5,0.015375,nan,models/chua_orig_nint128_bs16_sig0.0_lr1e-03-1e-05_tfp0_ramp200_hLR1_m20_p10_seed17_minsym5_cand2_reducedp3_retained_sync_readout_retained_ga0p1_v1_rseed0.pth,retained_sync_readout_retained_ga0p1_v1,True,completed,5,5,1.106733
chua_orig_nint128_bs16_sig0.0_lr1e-03-1e-05_tfp0_ramp200_hLR1_m20_p10_seed17_minsym5_cand3_reducedp3_retained_sync_readout_retained_ga0p1_v1_rseed0,20,10,17,17,0,3,10,3,7,5,5,0;2;3;4;7;8;9,retained_preactivation,1.0,,True,0.1,3950.028643092351,364.4499768754709,1.0838328697279702,default,,0.1,True,readout_retained,128,0.00,0.00,0.00,1.00,128,2000,16,200,200,0.0,0.0,0.001,1e-05,False,5,5.0,0.0,200,1.0,0.012644,1.0969,0.0122,5,0.008476,nan,models/chua_orig_nint128_bs16_sig0.0_lr1e-03-1e-05_tfp0_ramp200_hLR1_m20_p10_seed17_minsym5_cand3_reducedp3_retained_sync_readout_retained_ga0p1_v1_rseed0.pth,retained_sync_readout_retained_ga0p1_v1,True,completed,5,5,1.096872
chua_orig_nint128_bs16_sig0.0_lr1e-03-1e-05_tfp0_ramp200_hLR1_m20_p10_seed17_minsym5_cand4_reducedp3_retained_sync_readout_retained_ga0p1_v1_rseed0,20,10,17,17,0,4,10,3,7,5,5,1;2;3;5;7;8;9,retained_preactivation,1.0,,True,0.1,3118.8202998088877,96.72291520968625,3.224489556634583,default,,0.1,True,readout_retained,128,0.00,0.00,0.00,1.00,128,2000,16,200,200,0.0,0.0,0.001,1e-05,False,5,5.0,0.0,200,1.0,1.873451,3.7381,0.0316,1,0.415029,nan,models/chua_orig_nint128_bs16_sig0.0_lr1e-03-1e-05_tfp0_ramp200_hLR1_m20_p10_seed17_minsym5_cand4_reducedp3_retained_sync_readout_retained_ga0p1_v1_rseed0.pth,retained_sync_readout_retained_ga0p1_v1,True,completed,3,5,3.738057
chua_orig_nint128_bs16_sig0.0_lr1e-03-1e-05_tfp0_ramp200_hLR1_m20_p10_seed17_minsym5_cand5_reducedp3_retained_sync_readout_retained_ga0p1_v1_rseed0,20,10,17,17,0,5,10,3,7,5,5,1;2;4;5;7;8;9,retained_preactivation,1.0,,True,0.1,1896.5388046385974,57.92003947895507,3.274408687735204,default,,0.1,True,readout_retained,128,0.00,0.00,0.00,1.00,128,2000,16,200,200,0.0,0.0,0.001,1e-05,False,5,5.0,0.0,200,1.0,0.397971,2.5232,0.0087,3,0.283307,nan,models/chua_orig_nint128_bs16_sig0.0_lr1e-03-1e-05_tfp0_ramp200_hLR1_m20_p10_seed17_minsym5_cand5_reducedp3_retained_sync_readout_retained_ga0p1_v1_rseed0.pth,retained_sync_readout_retained_ga0p1_v1,True,completed,4,7,5.379652
chua_orig_nint128_bs16_sig0.0_lr1e-03-1e-05_tfp0_ramp200_hLR1_m20_p10_seed18_minsym5_cand0_reducedp3_retained_sync_readout_retained_ga0p1_v1_rseed0,20,10,18,18,0,0,10,3,7,5,5,0;1;2;3;4;5;7,retained_preactivation,1.0,,True,0.1,563841196.2194911,94173676.72480543,0.5987248409841206,default,,0.1,True,readout_retained,128,0.00,0.00,0.00,1.00,128,2000,16,200,200,0.0,0.0,0.001,1e-05,False,5,5.0,0.0,200,1.0,0.032686,1.2053,0.0165,5,0.026412,nan,models/chua_orig_nint128_bs16_sig0.0_lr1e-03-1e-05_tfp0_ramp200_hLR1_m20_p10_seed18_minsym5_cand0_reducedp3_retained_sync_readout_retained_ga0p1_v1_rseed0.pth,retained_sync_readout_retained_ga0p1_v1,True,completed,5,5,1.205290
chua_orig_nint128_bs16_sig0.0_lr1e-03-1e-05_tfp0_ramp200_hLR1_m20_p10_seed18_minsym5_cand1_reducedp3_retained_sync_readout_retained_ga0p1_v1_rseed0,20,10,18,18,0,1,10,3,7,5,5,0;1;2;3;4;5;9,retained_preactivation,1.0,,True,0.1,1162177901.3642838,85123605.54620585,1.3652827484303909,default,,0.1,True,readout_retained,128,0.00,0.00,0.00,1.00,128,2000,16,200,200,0.0,0.0,0.001,1e-05,False,5,5.0,0.0,200,1.0,0.036705,1.1914,0.0095,4,0.023812,nan,models/chua_orig_nint128_bs16_sig0.0_lr1e-03-1e-05_tfp0_ramp200_hLR1_m20_p10_seed18_minsym5_cand1_reducedp3_retained_sync_readout_retained_ga0p1_v1_rseed0.pth,retained_sync_readout_retained_ga0p1_v1,True,completed,5,5,1.212556
chua_orig_nint128_bs16_sig0.0_lr1e-03-1e-05_tfp0_ramp200_hLR1_m20_p10_seed18_minsym5_cand2_reducedp3_retained_sync_readout_retained_ga0p1_v1_rseed0,20,10,18,18,0,2,10,3,7,5,5,0;1;2;3;4;6;7,retained_preactivation,1.0,,True,0.1,3214328.105905805,165318.737381762,1.9443217125976007,default,,0.1,True,readout_retained,128,0.00,0.00,0.00,1.00,128,2000,16,200,200,0.0,0.0,0.001,1e-05,False,5,5.0,0.0,200,1.0,0.035818,1.2165,0.0100,4,0.019998,nan,models/chua_orig_nint128_bs16_sig0.0_lr1e-03-1e-05_tfp0_ramp200_hLR1_m20_p10_seed18_minsym5_cand2_reducedp3_retained_sync_readout_retained_ga0p1_v1_rseed0.pth,retained_sync_readout_retained_ga0p1_v1,True,completed,5,5,1.216509
chua_orig_nint128_bs16_sig0.0_lr1e-03-1e-05_tfp0_ramp200_hLR1_m20_p10_seed18_minsym5_cand3_reducedp3_retained_sync_readout_retained_ga0p1_v1_rseed0,20,10,18,18,0,3,10,3,7,5,5,0;1;2;3;4;6;9,retained_preactivation,1.0,,True,0.1,1026345.1780215076,7477.1502091371685,13.726421822679196,default,,0.1,True,readout_retained,128,0.00,0.00,0.00,1.00,128,2000,16,200,200,0.0,0.0,0.001,1e-05,False,5,5.0,0.0,200,1.0,0.108102,1.3623,0.0063,4,0.022085,nan,models/chua_orig_nint128_bs16_sig0.0_lr1e-03-1e-05_tfp0_ramp200_hLR1_m20_p10_seed18_minsym5_cand3_reducedp3_retained_sync_readout_retained_ga0p1_v1_rseed0.pth,retained_sync_readout_retained_ga0p1_v1,True,completed,5,5,1.362293
chua_orig_nint128_bs16_sig0.0_lr1e-03-1e-05_tfp0_ramp200_hLR1_m20_p10_seed18_minsym5_cand4_reducedp3_retained_sync_readout_retained_ga0p1_v1_rseed0,20,10,18,18,0,4,10,3,7,5,5,0;1;3;4;5;7;9,retained_preactivation,1.0,,True,0.1,12281841.152567314,52817.78062830736,23.253232162475488,default,,0.1,True,readout_retained,128,0.00,0.00,0.00,1.00,128,2000,16,200,200,0.0,0.0,0.001,1e-05,False,5,5.0,0.0,200,1.0,0.173847,1.3943,0.0088,5,0.046977,nan,models/chua_orig_nint128_bs16_sig0.0_lr1e-03-1e-05_tfp0_ramp200_hLR1_m20_p10_seed18_minsym5_cand4_reducedp3_retained_sync_readout_retained_ga0p1_v1_rseed0.pth,retained_sync_readout_retained_ga0p1_v1,True,completed,5,5,1.394251
chua_orig_nint128_bs16_sig0.0_lr1e-03-1e-05_tfp0_ramp200_hLR1_m20_p10_seed18_minsym5_cand5_reducedp3_retained_sync_readout_retained_ga0p1_v1_rseed0,20,10,18,18,0,5,10,3,7,5,5,0;1;3;4;6;7;9,retained_preactivation,1.0,,True,0.1,928881.826817599,3987.2105096718306,23.296533367485807,default,,0.1,True,readout_retained,128,0.00,0.00,0.00,1.00,128,2000,16,200,200,0.0,0.0,0.001,1e-05,False,5,5.0,0.0,200,1.0,0.176736,1.6681,0.0104,5,0.034403,nan,models/chua_orig_nint128_bs16_sig0.0_lr1e-03-1e-05_tfp0_ramp200_hLR1_m20_p10_seed18_minsym5_cand5_reducedp3_retained_sync_readout_retained_ga0p1_v1_rseed0.pth,retained_sync_readout_retained_ga0p1_v1,True,completed,5,5,1.668083
chua_orig_nint128_bs16_sig0.0_lr1e-03-1e-05_tfp0_ramp200_hLR1_m20_p10_seed18_minsym5_cand6_reducedp3_retained_sync_readout_retained_ga0p1_v1_rseed0,20,10,18,18,0,6,10,3,7,5,5,1;2;3;4;5;7;9,retained_preactivation,1.0,,True,0.1,133983.86573016917,11469.028188724187,1.1682233535871491,default,,0.1,True,readout_retained,128,0.00,0.00,0.00,1.00,128,2000,16,200,200,0.0,0.0,0.001,1e-05,False,5,5.0,0.0,200,1.0,0.032335,1.1302,0.0083,5,0.026269,nan,models/chua_orig_nint128_bs16_sig0.0_lr1e-03-1e-05_tfp0_ramp200_hLR1_m20_p10_seed18_minsym5_cand6_reducedp3_retained_sync_readout_retained_ga0p1_v1_rseed0.pth,retained_sync_readout_retained_ga0p1_v1,True,completed,5,5,1.148978
chua_orig_nint128_bs16_sig0.0_lr1e-03-1e-05_tfp0_ramp200_hLR1_m20_p10_seed18_minsym5_cand7_reducedp3_retained_sync_readout_retained_ga0p1_v1_rseed0,20,10,18,18,0,7,10,3,7,5,5,1;2;3;4;6;7;9,retained_preactivation,1.0,,True,0.1,168836.64538837533,8859.858673745874,1.9056358753067173,default,,0.1,True,readout_retained,128,0.00,0.00,0.00,1.00,128,2000,16,200,200,0.0,0.0,0.001,1e-05,False,5,5.0,0.0,200,1.0,0.027849,1.1831,0.0187,5,0.017374,nan,models/chua_orig_nint128_bs16_sig0.0_lr1e-03-1e-05_tfp0_ramp200_hLR1_m20_p10_seed18_minsym5_cand7_reducedp3_retained_sync_readout_retained_ga0p1_v1_rseed0.pth,retained_sync_readout_retained_ga0p1_v1,True,completed,5,5,1.183123
chua_orig_nint128_bs16_sig0.0_lr1e-03-1e-05_tfp0_ramp200_hLR1_m20_p10_seed20_minsym5_cand0_reducedp3_retained_sync_readout_retained_ga0p1_v1_rseed0,20,10,20,20,0,0,10,3,7,5,5,0;1;2;3;5;7;8,retained_preactivation,1.0,,True,0.1,246728015.28332654,1322304.6400463094,18.658938932157547,default,,0.1,True,readout_retained,128,0.00,0.00,0.00,1.00,128,2000,16,200,200,0.0,0.0,0.001,1e-05,False,5,5.0,0.0,200,1.0,0.025446,1.2195,0.0145,5,0.008525,nan,models/chua_orig_nint128_bs16_sig0.0_lr1e-03-1e-05_tfp0_ramp200_hLR1_m20_p10_seed20_minsym5_cand0_reducedp3_retained_sync_readout_retained_ga0p1_v1_rseed0.pth,retained_sync_readout_retained_ga0p1_v1,True,completed,5,5,1.219480
chua_orig_nint128_bs16_sig0.0_lr1e-03-1e-05_tfp0_ramp200_hLR1_m20_p10_seed20_minsym5_cand1_reducedp3_retained_sync_readout_retained_ga0p1_v1_rseed0,20,10,20,20,0,1,10,3,7,5,5,0;1;3;4;5;7;8,retained_preactivation,1.0,,True,0.1,117698.86338873456,3558.114040800793,3.3079002538728384,default,,0.1,True,readout_retained,128,0.00,0.00,0.00,1.00,128,2000,16,200,200,0.0,0.0,0.001,1e-05,False,5,5.0,0.0,200,1.0,0.018228,1.2331,0.0128,3,0.007948,nan,models/chua_orig_nint128_bs16_sig0.0_lr1e-03-1e-05_tfp0_ramp200_hLR1_m20_p10_seed20_minsym5_cand1_reducedp3_retained_sync_readout_retained_ga0p1_v1_rseed0.pth,retained_sync_readout_retained_ga0p1_v1,True,completed,5,5,1.468965
chua_orig_nint128_bs16_sig0.0_lr1e-03-1e-05_tfp0_ramp200_hLR1_m20_p10_seed20_minsym5_cand2_reducedp3_retained_sync_readout_retained_ga0p1_v1_rseed0,20,10,20,20,0,2,10,3,7,5,5,1;2;3;4;5;7;8,retained_preactivation,1.0,,True,0.1,71784936.2395881,1716221.2885942184,4.1827319540120715,default,,0.1,True,readout_retained,128,0.00,0.00,0.00,1.00,128,2000,16,200,200,0.0,0.0,0.001,1e-05,False,5,5.0,0.0,200,1.0,0.015283,1.0534,0.0120,5,0.007398,nan,models/chua_orig_nint128_bs16_sig0.0_lr1e-03-1e-05_tfp0_ramp200_hLR1_m20_p10_seed20_minsym5_cand2_reducedp3_retained_sync_readout_retained_ga0p1_v1_rseed0.pth,retained_sync_readout_retained_ga0p1_v1,True,completed,5,5,1.053371
chua_orig_nint128_bs16_sig0.0_lr1e-03-1e-05_tfp0_ramp200_hLR1_m20_p10_seed21_minsym5_cand0_reducedp3_retained_sync_readout_retained_ga0p1_v1_rseed0,20,10,21,21,0,0,10,3,7,5,5,0;1;3;4;5;6;8,retained_preactivation,1.0,,True,0.1,539651.3551840669,43873.356276902276,1.23002067992727,default,,0.1,True,readout_retained,128,0.00,0.00,0.00,1.00,128,2000,16,200,200,0.0,0.0,0.001,1e-05,False,5,5.0,0.0,200,1.0,0.054679,1.2838,0.0054,4,0.025521,nan,models/chua_orig_nint128_bs16_sig0.0_lr1e-03-1e-05_tfp0_ramp200_hLR1_m20_p10_seed21_minsym5_cand0_reducedp3_retained_sync_readout_retained_ga0p1_v1_rseed0.pth,retained_sync_readout_retained_ga0p1_v1,True,completed,5,5,1.414786
chua_orig_nint128_bs16_sig0.0_lr1e-03-1e-05_tfp0_ramp200_hLR1_m20_p10_seed21_minsym5_cand1_reducedp3_retained_sync_readout_retained_ga0p1_v1_rseed0,20,10,21,21,0,1,10,3,7,5,5,0;1;3;4;5;8;9,retained_preactivation,1.0,,True,0.1,187514.72629103027,22023.721526458692,0.8514216185750226,default,,0.1,True,readout_retained,128,0.00,0.00,0.00,1.00,128,2000,16,200,200,0.0,0.0,0.001,1e-05,False,5,5.0,0.0,200,1.0,0.037076,1.1974,0.0071,5,0.023447,nan,models/chua_orig_nint128_bs16_sig0.0_lr1e-03-1e-05_tfp0_ramp200_hLR1_m20_p10_seed21_minsym5_cand1_reducedp3_retained_sync_readout_retained_ga0p1_v1_rseed0.pth,retained_sync_readout_retained_ga0p1_v1,True,completed,5,5,1.262092
chua_orig_nint128_bs16_sig0.0_lr1e-03-1e-05_tfp0_ramp200_hLR1_m20_p10_seed21_minsym5_cand2_reducedp3_retained_sync_readout_retained_ga0p1_v1_rseed0,20,10,21,21,0,2,10,3,7,5,5,0;1;3;4;6;8;9,retained_preactivation,1.0,,True,0.1,41873.3049209159,2490.872124659604,1.6810700359272026,default,,0.1,True,readout_retained,128,0.00,0.00,0.00,1.00,128,2000,16,200,200,0.0,0.0,0.001,1e-05,False,5,5.0,0.0,200,1.0,0.050062,1.2047,0.0095,5,0.027134,nan,models/chua_orig_nint128_bs16_sig0.0_lr1e-03-1e-05_tfp0_ramp200_hLR1_m20_p10_seed21_minsym5_cand2_reducedp3_retained_sync_readout_retained_ga0p1_v1_rseed0.pth,retained_sync_readout_retained_ga0p1_v1,True,completed,5,5,1.204660
chua_orig_nint128_bs16_sig0.0_lr1e-03-1e-05_tfp0_ramp200_hLR1_m20_p10_seed21_minsym5_cand3_reducedp3_retained_sync_readout_retained_ga0p1_v1_rseed0,20,10,21,21,0,3,10,3,7,5,5,0;3;4;5;6;8;9,retained_preactivation,1.0,,True,0.1,196988.268523788,22231.53891153287,0.8860757202084559,default,,0.1,True,readout_retained,128,0.00,0.00,0.00,1.00,128,2000,16,200,200,0.0,0.0,0.001,1e-05,False,5,5.0,0.0,200,1.0,0.041470,1.2808,0.0099,5,0.024836,nan,models/chua_orig_nint128_bs16_sig0.0_lr1e-03-1e-05_tfp0_ramp200_hLR1_m20_p10_seed21_minsym5_cand3_reducedp3_retained_sync_readout_retained_ga0p1_v1_rseed0.pth,retained_sync_readout_retained_ga0p1_v1,True,completed,5,5,1.280765
chua_orig_nint128_bs16_sig0.0_lr1e-03-1e-05_tfp0_ramp200_hLR1_m20_p10_seed22_minsym5_cand0_reducedp3_retained_sync_readout_retained_ga0p1_v1_rseed0,20,10,22,22,0,0,10,3,7,5,5,0;2;3;4;5;7;8,retained_preactivation,1.0,,True,0.1,2741.7746533951326,226.3079032863054,1.2115240402923366,default,,0.1,True,readout_retained,128,0.00,0.00,0.00,1.00,128,2000,16,200,200,0.0,0.0,0.001,1e-05,False,5,5.0,0.0,200,1.0,0.290129,4.4198,0.0147,2,0.180595,nan,models/chua_orig_nint128_bs16_sig0.0_lr1e-03-1e-05_tfp0_ramp200_hLR1_m20_p10_seed22_minsym5_cand0_reducedp3_retained_sync_readout_retained_ga0p1_v1_rseed0.pth,retained_sync_readout_retained_ga0p1_v1,True,completed,3,8,4.419767
chua_orig_nint128_bs16_sig0.0_lr1e-03-1e-05_tfp0_ramp200_hLR1_m20_p10_seed22_minsym5_cand1_reducedp3_retained_sync_readout_retained_ga0p1_v1_rseed0,20,10,22,22,0,1,10,3,7,5,5,0;2;3;4;5;8;9,retained_preactivation,1.0,,True,0.1,4910.296439625616,391.0377770635726,1.2557089692199523,default,,0.1,True,readout_retained,128,0.00,0.00,0.00,1.00,128,2000,16,200,200,0.0,0.0,0.001,1e-05,False,5,5.0,0.0,200,1.0,0.028978,1.3395,0.0083,5,0.017798,nan,models/chua_orig_nint128_bs16_sig0.0_lr1e-03-1e-05_tfp0_ramp200_hLR1_m20_p10_seed22_minsym5_cand1_reducedp3_retained_sync_readout_retained_ga0p1_v1_rseed0.pth,retained_sync_readout_retained_ga0p1_v1,True,completed,5,5,1.339470
chua_orig_nint128_bs16_sig0.0_lr1e-03-1e-05_tfp0_ramp200_hLR1_m20_p10_seed22_minsym5_cand2_reducedp3_retained_sync_readout_retained_ga0p1_v1_rseed0,20,10,22,22,0,2,10,3,7,5,5,0;2;3;4;7;8;9,retained_preactivation,1.0,,True,0.1,2701.9763137377795,207.64765063434945,1.3012313433277056,default,,0.1,True,readout_retained,128,0.00,0.00,0.00,1.00,128,2000,16,200,200,0.0,0.0,0.001,1e-05,False,5,5.0,0.0,200,1.0,0.018146,1.0006,0.0078,5,0.013207,nan,models/chua_orig_nint128_bs16_sig0.0_lr1e-03-1e-05_tfp0_ramp200_hLR1_m20_p10_seed22_minsym5_cand2_reducedp3_retained_sync_readout_retained_ga0p1_v1_rseed0.pth,retained_sync_readout_retained_ga0p1_v1,True,completed,5,5,1.000558
chua_orig_nint128_bs16_sig0.0_lr1e-03-1e-05_tfp0_ramp200_hLR1_m20_p10_seed22_minsym5_cand3_reducedp3_retained_sync_readout_retained_ga0p1_v1_rseed0,20,10,22,22,0,3,10,3,7,5,5,0;2;3;5;7;8;9,retained_preactivation,1.0,,True,0.1,5658.526746203467,430.3846435530083,1.314760373300011,default,,0.1,True,readout_retained,128,0.00,0.00,0.00,1.00,128,2000,16,200,200,0.0,0.0,0.001,1e-05,False,5,5.0,0.0,200,1.0,0.024381,1.1693,0.0057,5,0.015043,nan,models/chua_orig_nint128_bs16_sig0.0_lr1e-03-1e-05_tfp0_ramp200_hLR1_m20_p10_seed22_minsym5_cand3_reducedp3_retained_sync_readout_retained_ga0p1_v1_rseed0.pth,retained_sync_readout_retained_ga0p1_v1,True,completed,5,5,1.169291
chua_orig_nint128_bs16_sig0.0_lr1e-03-1e-05_tfp0_ramp200_hLR1_m20_p10_seed22_minsym5_cand4_reducedp3_retained_sync_readout_retained_ga0p1_v1_rseed0,20,10,22,22,0,4,10,3,7,5,5,0;2;4;5;7;8;9,retained_preactivation,1.0,,True,0.1,2034.0045745708144,189.55408376341228,1.073047087241603,default,,0.1,True,readout_retained,128,0.00,0.00,0.00,1.00,128,2000,16,200,200,0.0,0.0,0.001,1e-05,False,5,5.0,0.0,200,1.0,0.020859,1.1216,0.0104,4,0.011325,nan,models/chua_orig_nint128_bs16_sig0.0_lr1e-03-1e-05_tfp0_ramp200_hLR1_m20_p10_seed22_minsym5_cand4_reducedp3_retained_sync_readout_retained_ga0p1_v1_rseed0.pth,retained_sync_readout_retained_ga0p1_v1,True,completed,5,5,1.121561
chua_orig_nint128_bs16_sig0.0_lr1e-03-1e-05_tfp0_ramp200_hLR1_m20_p10_seed22_minsym5_cand5_reducedp4_retained_sync_readout_retained_ga0p1_v1_rseed0,20,10,22,22,0,5,10,4,6,5,5,1;2;3;4;5;7,retained_preactivation,1.0,,True,0.1,3350.071202601521,113.9649888200662,2.9395617349559493,default,,0.1,True,readout_retained,128,0.00,0.00,0.00,1.00,128,2000,16,200,200,0.0,0.0,0.001,1e-05,False,5,5.0,0.0,200,1.0,0.033399,1.1012,0.0052,5,0.018588,nan,models/chua_orig_nint128_bs16_sig0.0_lr1e-03-1e-05_tfp0_ramp200_hLR1_m20_p10_seed22_minsym5_cand5_reducedp4_retained_sync_readout_retained_ga0p1_v1_rseed0.pth,retained_sync_readout_retained_ga0p1_v1,True,completed,5,5,1.101207
chua_orig_nint128_bs16_sig0.0_lr1e-03-1e-05_tfp0_ramp200_hLR1_m20_p10_seed22_minsym5_cand6_reducedp4_retained_sync_readout_retained_ga0p1_v1_rseed0,20,10,22,22,0,6,10,4,6,5,5,1;2;3;4;7;9,retained_preactivation,1.0,,True,0.1,3341.722132748323,114.47593549357396,2.9191481321730537,default,,0.1,True,readout_retained,128,0.00,0.00,0.00,1.00,128,2000,16,200,200,0.0,0.0,0.001,1e-05,False,5,5.0,0.0,200,1.0,0.037255,1.1599,0.0104,5,0.019725,nan,models/chua_orig_nint128_bs16_sig0.0_lr1e-03-1e-05_tfp0_ramp200_hLR1_m20_p10_seed22_minsym5_cand6_reducedp4_retained_sync_readout_retained_ga0p1_v1_rseed0.pth,retained_sync_readout_retained_ga0p1_v1,True,completed,5,5,1.159911
chua_orig_nint128_bs16_sig0.0_lr1e-03-1e-05_tfp0_ramp200_hLR1_m20_p10_seed22_minsym5_cand7_reducedp4_retained_sync_readout_retained_ga0p1_v1_rseed0,20,10,22,22,0,7,10,4,6,5,5,1;2;3;5;7;9,retained_preactivation,1.0,,True,0.1,3049.5263105521813,115.41731598782734,2.642173996555056,default,,0.1,True,readout_retained,128,0.00,0.00,0.00,1.00,128,2000,16,200,200,0.0,0.0,0.001,1e-05,False,5,5.0,0.0,200,1.0,0.033605,1.0397,0.0081,4,0.017370,nan,models/chua_orig_nint128_bs16_sig0.0_lr1e-03-1e-05_tfp0_ramp200_hLR1_m20_p10_seed22_minsym5_cand7_reducedp4_retained_sync_readout_retained_ga0p1_v1_rseed0.pth,retained_sync_readout_retained_ga0p1_v1,True,completed,5,5,1.039689
chua_orig_nint128_bs16_sig0.0_lr1e-03-1e-05_tfp0_ramp200_hLR1_m20_p10_seed23_minsym5_cand0_reducedp3_retained_sync_readout_retained_ga0p1_v1_rseed0,20,10,23,23,0,0,10,3,7,5,5,0;1;3;4;6;7;9,retained_preactivation,1.0,,True,0.1,7261.762096764118,248.62820473931458,2.920731420788728,default,,0.1,True,readout_retained,128,0.00,0.00,0.00,1.00,128,2000,16,200,200,0.0,0.0,0.001,1e-05,False,5,5.0,0.0,200,1.0,342757141786642618785367851008.000000,1.9484,0.0145,3,9065143244888124758058598400.000000,nan,models/chua_orig_nint128_bs16_sig0.0_lr1e-03-1e-05_tfp0_ramp200_hLR1_m20_p10_seed23_minsym5_cand0_reducedp3_retained_sync_readout_retained_ga0p1_v1_rseed0.pth,retained_sync_readout_retained_ga0p1_v1,True,completed,5,5,1.948401
chua_orig_nint128_bs16_sig0.0_lr1e-03-1e-05_tfp0_ramp200_hLR1_m20_p10_seed23_minsym5_cand1_reducedp3_retained_sync_readout_retained_ga0p1_v1_rseed0,20,10,23,23,0,1,10,3,7,5,5,0;1;3;5;6;7;9,retained_preactivation,1.0,,True,0.1,514.2261631568351,100.890310115952,0.5096883561620895,default,,0.1,True,readout_retained,128,0.00,0.00,0.00,1.00,128,2000,16,200,200,0.0,0.0,0.001,1e-05,False,5,5.0,0.0,200,1.0,0.015973,1.1169,0.0079,4,0.011055,nan,models/chua_orig_nint128_bs16_sig0.0_lr1e-03-1e-05_tfp0_ramp200_hLR1_m20_p10_seed23_minsym5_cand1_reducedp3_retained_sync_readout_retained_ga0p1_v1_rseed0.pth,retained_sync_readout_retained_ga0p1_v1,True,completed,5,5,1.258262
chua_orig_nint128_bs16_sig0.0_lr1e-03-1e-05_tfp0_ramp200_hLR1_m20_p10_seed23_minsym5_cand2_reducedp3_retained_sync_readout_retained_ga0p1_v1_rseed0,20,10,23,23,0,2,10,3,7,5,5,0;1;4;5;6;7;9,retained_preactivation,1.0,,True,0.1,25387.966755925925,1538.6277914001,1.6500395285869436,default,,0.1,True,readout_retained,128,0.00,0.00,0.00,1.00,128,2000,16,200,200,0.0,0.0,0.001,1e-05,False,5,5.0,0.0,200,1.0,0.044949,1.3416,0.0094,4,0.019582,nan,models/chua_orig_nint128_bs16_sig0.0_lr1e-03-1e-05_tfp0_ramp200_hLR1_m20_p10_seed23_minsym5_cand2_reducedp3_retained_sync_readout_retained_ga0p1_v1_rseed0.pth,retained_sync_readout_retained_ga0p1_v1,True,completed,5,5,1.341570
chua_orig_nint128_bs16_sig0.0_lr1e-03-1e-05_tfp0_ramp200_hLR1_m20_p10_seed24_minsym5_cand0_reducedp3_retained_sync_readout_retained_ga0p1_v1_rseed0,20,10,24,24,0,0,10,3,7,5,5,0;1;2;3;5;6;9,retained_preactivation,1.0,,True,0.1,3737.119315896938,59.329220825716405,6.298952293465838,default,,0.1,True,readout_retained,128,0.00,0.00,0.00,1.00,128,2000,16,200,200,0.0,0.0,0.001,1e-05,False,5,5.0,0.0,200,1.0,973.056702,1.2129,0.0064,5,5.192491,nan,models/chua_orig_nint128_bs16_sig0.0_lr1e-03-1e-05_tfp0_ramp200_hLR1_m20_p10_seed24_minsym5_cand0_reducedp3_retained_sync_readout_retained_ga0p1_v1_rseed0.pth,retained_sync_readout_retained_ga0p1_v1,True,completed,5,5,1.212933
chua_orig_nint128_bs16_sig0.0_lr1e-03-1e-05_tfp0_ramp200_hLR1_m20_p10_seed24_minsym5_cand1_reducedp3_retained_sync_readout_retained_ga0p1_v1_rseed0,20,10,24,24,0,1,10,3,7,5,5,0;1;2;3;5;8;9,retained_preactivation,1.0,,True,0.1,2361.620319028865,48.75874657050225,4.843480370468618,default,,0.1,True,readout_retained,128,0.00,0.00,0.00,1.00,128,2000,16,200,200,0.0,0.0,0.001,1e-05,False,5,5.0,0.0,200,1.0,1187192631133741252608.000000,1.1680,0.0148,5,6043887874535849984.000000,nan,models/chua_orig_nint128_bs16_sig0.0_lr1e-03-1e-05_tfp0_ramp200_hLR1_m20_p10_seed24_minsym5_cand1_reducedp3_retained_sync_readout_retained_ga0p1_v1_rseed0.pth,retained_sync_readout_retained_ga0p1_v1,True,completed,5,5,1.168041
chua_orig_nint128_bs16_sig0.0_lr1e-03-1e-05_tfp0_ramp200_hLR1_m20_p10_seed24_minsym5_cand2_reducedp3_retained_sync_readout_retained_ga0p1_v1_rseed0,20,10,24,24,0,2,10,3,7,5,5,0;1;2;3;6;7;9,retained_preactivation,1.0,,True,0.1,8455.723276278617,444.7173945722792,1.9013700339765558,default,,0.1,True,readout_retained,128,0.00,0.00,0.00,1.00,128,2000,16,200,200,0.0,0.0,0.001,1e-05,False,5,5.0,0.0,200,1.0,0.046384,1.3027,0.0129,5,0.025960,nan,models/chua_orig_nint128_bs16_sig0.0_lr1e-03-1e-05_tfp0_ramp200_hLR1_m20_p10_seed24_minsym5_cand2_reducedp3_retained_sync_readout_retained_ga0p1_v1_rseed0.pth,retained_sync_readout_retained_ga0p1_v1,True,completed,5,5,1.302724
chua_orig_nint128_bs16_sig0.0_lr1e-03-1e-05_tfp0_ramp200_hLR1_m20_p10_seed24_minsym5_cand3_reducedp3_retained_sync_readout_retained_ga0p1_v1_rseed0,20,10,24,24,0,3,10,3,7,5,5,0;1;2;3;7;8;9,retained_preactivation,1.0,,True,0.1,3738.1191962001426,162.06593073734442,2.306542269058623,default,,0.1,True,readout_retained,128,0.00,0.00,0.00,1.00,128,2000,16,200,200,0.0,0.0,0.001,1e-05,False,5,5.0,0.0,200,1.0,0.066808,1.2131,0.0089,5,0.041078,nan,models/chua_orig_nint128_bs16_sig0.0_lr1e-03-1e-05_tfp0_ramp200_hLR1_m20_p10_seed24_minsym5_cand3_reducedp3_retained_sync_readout_retained_ga0p1_v1_rseed0.pth,retained_sync_readout_retained_ga0p1_v1,True,completed,5,5,1.213077
chua_orig_nint128_bs16_sig0.0_lr1e-03-1e-05_tfp0_ramp200_hLR1_m20_p10_seed24_minsym5_cand4_reducedp3_retained_sync_readout_retained_ga0p1_v1_rseed0,20,10,24,24,0,4,10,3,7,5,5,0;1;2;5;6;7;9,retained_preactivation,1.0,,True,0.1,10457.635661324217,211.78985516077827,4.9377415426179665,default,,0.1,True,readout_retained,128,0.00,0.00,0.00,1.00,128,2000,16,200,200,0.0,0.0,0.001,1e-05,False,5,5.0,0.0,200,1.0,0.034972,1.2252,0.0119,5,0.016464,nan,models/chua_orig_nint128_bs16_sig0.0_lr1e-03-1e-05_tfp0_ramp200_hLR1_m20_p10_seed24_minsym5_cand4_reducedp3_retained_sync_readout_retained_ga0p1_v1_rseed0.pth,retained_sync_readout_retained_ga0p1_v1,True,completed,5,5,1.225185
chua_orig_nint128_bs16_sig0.0_lr1e-03-1e-05_tfp0_ramp200_hLR1_m20_p10_seed24_minsym5_cand5_reducedp3_retained_sync_readout_retained_ga0p1_v1_rseed0,20,10,24,24,0,5,10,3,7,5,5,0;1;2;5;7;8;9,retained_preactivation,1.0,,True,0.1,3878.7450612279226,61.48390855624371,6.308553168313455,default,,0.1,True,readout_retained,128,0.00,0.00,0.00,1.00,128,2000,16,200,200,0.0,0.0,0.001,1e-05,False,5,5.0,0.0,200,1.0,0.046526,1.1735,0.0087,5,0.024308,nan,models/chua_orig_nint128_bs16_sig0.0_lr1e-03-1e-05_tfp0_ramp200_hLR1_m20_p10_seed24_minsym5_cand5_reducedp3_retained_sync_readout_retained_ga0p1_v1_rseed0.pth,retained_sync_readout_retained_ga0p1_v1,True,completed,5,5,1.173458
chua_orig_nint128_bs16_sig0.0_lr1e-03-1e-05_tfp0_ramp200_hLR1_m20_p10_seed24_minsym5_cand6_reducedp3_retained_sync_readout_retained_ga0p1_v1_rseed0,20,10,24,24,0,6,10,3,7,5,5,0;2;3;5;6;7;9,retained_preactivation,1.0,,True,0.1,11785.848760271787,156.2570447630632,7.54260313712122,default,,0.1,True,readout_retained,128,0.00,0.00,0.00,1.00,128,2000,16,200,200,0.0,0.0,0.001,1e-05,False,5,5.0,0.0,200,1.0,0.162636,1.8832,0.0096,5,0.070427,nan,models/chua_orig_nint128_bs16_sig0.0_lr1e-03-1e-05_tfp0_ramp200_hLR1_m20_p10_seed24_minsym5_cand6_reducedp3_retained_sync_readout_retained_ga0p1_v1_rseed0.pth,retained_sync_readout_retained_ga0p1_v1,True,completed,5,5,1.883220
chua_orig_nint128_bs16_sig0.0_lr1e-03-1e-05_tfp0_ramp200_hLR1_m20_p10_seed24_minsym5_cand7_reducedp3_retained_sync_readout_retained_ga0p1_v1_rseed0,20,10,24,24,0,7,10,3,7,5,5,0;2;3;5;7;8;9,retained_preactivation,1.0,,True,0.1,4092.1345514902123,41.43102396766555,9.8769814491763,default,,0.1,True,readout_retained,128,0.00,0.00,0.00,1.00,128,2000,16,200,200,0.0,0.0,0.001,1e-05,False,5,5.0,0.0,200,1.0,0.144370,1.9420,0.0132,5,0.050009,nan,models/chua_orig_nint128_bs16_sig0.0_lr1e-03-1e-05_tfp0_ramp200_hLR1_m20_p10_seed24_minsym5_cand7_reducedp3_retained_sync_readout_retained_ga0p1_v1_rseed0.pth,retained_sync_readout_retained_ga0p1_v1,True,completed,5,5,1.941962
chua_orig_nint128_bs16_sig0.0_lr1e-03-1e-05_tfp0_ramp200_hLR1_m20_p10_seed25_minsym5_cand0_reducedp3_retained_sync_readout_retained_ga0p1_v1_rseed0,20,10,25,25,0,0,10,3,7,5,5,0;1;2;3;4;5;8,retained_preactivation,1.0,,True,0.1,27886.763620936727,1220.229619064456,2.2853701619140625,default,,0.1,True,readout_retained,128,0.00,0.00,0.00,1.00,128,2000,16,200,200,0.0,0.0,0.001,1e-05,False,5,5.0,0.0,200,1.0,0.029974,1.0808,0.0102,5,0.015605,nan,models/chua_orig_nint128_bs16_sig0.0_lr1e-03-1e-05_tfp0_ramp200_hLR1_m20_p10_seed25_minsym5_cand0_reducedp3_retained_sync_readout_retained_ga0p1_v1_rseed0.pth,retained_sync_readout_retained_ga0p1_v1,True,completed,5,5,1.080761
chua_orig_nint128_bs16_sig0.0_lr1e-03-1e-05_tfp0_ramp200_hLR1_m20_p10_seed25_minsym5_cand1_reducedp3_retained_sync_readout_retained_ga0p1_v1_rseed0,20,10,25,25,0,1,10,3,7,5,5,0;1;2;3;4;8;9,retained_preactivation,1.0,,True,0.1,30497791.44021757,3727189.341560206,0.8182517346288385,default,,0.1,True,readout_retained,128,0.00,0.00,0.00,1.00,128,2000,16,200,200,0.0,0.0,0.001,1e-05,False,5,5.0,0.0,200,1.0,0.027447,1.3428,0.0094,5,0.021658,nan,models/chua_orig_nint128_bs16_sig0.0_lr1e-03-1e-05_tfp0_ramp200_hLR1_m20_p10_seed25_minsym5_cand1_reducedp3_retained_sync_readout_retained_ga0p1_v1_rseed0.pth,retained_sync_readout_retained_ga0p1_v1,True,completed,5,5,1.342769
chua_orig_nint128_bs16_sig0.0_lr1e-03-1e-05_tfp0_ramp200_hLR1_m20_p10_seed25_minsym5_cand2_reducedp3_retained_sync_readout_retained_ga0p1_v1_rseed0,20,10,25,25,0,2,10,3,7,5,5,0;1;2;4;5;7;8,retained_preactivation,1.0,,True,0.1,98565.2461063229,6346.941509991249,1.5529565846977338,default,,0.1,True,readout_retained,128,0.00,0.00,0.00,1.00,128,2000,16,200,200,0.0,0.0,0.001,1e-05,False,5,5.0,0.0,200,1.0,0.020826,1.2288,0.0069,5,0.010111,nan,models/chua_orig_nint128_bs16_sig0.0_lr1e-03-1e-05_tfp0_ramp200_hLR1_m20_p10_seed25_minsym5_cand2_reducedp3_retained_sync_readout_retained_ga0p1_v1_rseed0.pth,retained_sync_readout_retained_ga0p1_v1,True,completed,5,5,1.228786
chua_orig_nint128_bs16_sig0.0_lr1e-03-1e-05_tfp0_ramp200_hLR1_m20_p10_seed25_minsym5_cand3_reducedp3_retained_sync_readout_retained_ga0p1_v1_rseed0,20,10,25,25,0,3,10,3,7,5,5,0;1;2;4;7;8;9,retained_preactivation,1.0,,True,0.1,2600846.034707937,178486.59696459002,1.4571660163501907,default,,0.1,True,readout_retained,128,0.00,0.00,0.00,1.00,128,2000,16,200,200,0.0,0.0,0.001,1e-05,False,5,5.0,0.0,200,1.0,0.027107,1.2905,0.0110,3,0.016324,nan,models/chua_orig_nint128_bs16_sig0.0_lr1e-03-1e-05_tfp0_ramp200_hLR1_m20_p10_seed25_minsym5_cand3_reducedp3_retained_sync_readout_retained_ga0p1_v1_rseed0.pth,retained_sync_readout_retained_ga0p1_v1,True,completed,5,5,1.290479
chua_orig_nint128_bs16_sig0.0_lr1e-03-1e-05_tfp0_ramp200_hLR1_m20_p10_seed25_minsym5_cand4_reducedp3_retained_sync_readout_retained_ga0p1_v1_rseed0,20,10,25,25,0,4,10,3,7,5,5,0;2;3;4;5;8;9,retained_preactivation,1.0,,True,0.1,177310.19632271575,19220.379982911367,0.922511399256208,default,,0.1,True,readout_retained,128,0.00,0.00,0.00,1.00,128,2000,16,200,200,0.0,0.0,0.001,1e-05,False,5,5.0,0.0,200,1.0,0.028427,1.2436,0.0122,5,0.019627,nan,models/chua_orig_nint128_bs16_sig0.0_lr1e-03-1e-05_tfp0_ramp200_hLR1_m20_p10_seed25_minsym5_cand4_reducedp3_retained_sync_readout_retained_ga0p1_v1_rseed0.pth,retained_sync_readout_retained_ga0p1_v1,True,completed,5,5,1.243644
chua_orig_nint128_bs16_sig0.0_lr1e-03-1e-05_tfp0_ramp200_hLR1_m20_p10_seed25_minsym5_cand5_reducedp3_retained_sync_readout_retained_ga0p1_v1_rseed0,20,10,25,25,0,5,10,3,7,5,5,0;2;4;5;7;8;9,retained_preactivation,1.0,,True,0.1,221291.1037344249,15841.560600206029,1.3969021696735286,default,,0.1,True,readout_retained,128,0.00,0.00,0.00,1.00,128,2000,16,200,200,0.0,0.0,0.001,1e-05,False,5,5.0,0.0,200,1.0,0.024692,1.1921,0.0130,5,0.012277,nan,models/chua_orig_nint128_bs16_sig0.0_lr1e-03-1e-05_tfp0_ramp200_hLR1_m20_p10_seed25_minsym5_cand5_reducedp3_retained_sync_readout_retained_ga0p1_v1_rseed0.pth,retained_sync_readout_retained_ga0p1_v1,True,completed,5,5,1.192133
chua_orig_nint128_bs16_sig0.0_lr1e-03-1e-05_tfp0_ramp200_hLR1_m20_p10_seed25_minsym5_cand6_reducedp3_retained_sync_readout_retained_ga0p1_v1_rseed0,20,10,25,25,0,6,10,3,7,5,5,1;2;3;4;5;7;8,retained_preactivation,1.0,,True,0.1,16673.221659295483,853.6736416942001,1.953114263456208,default,,0.1,True,readout_retained,128,0.00,0.00,0.00,1.00,128,2000,16,200,200,0.0,0.0,0.001,1e-05,False,5,5.0,0.0,200,1.0,0.024072,1.1195,0.0079,5,0.014144,nan,models/chua_orig_nint128_bs16_sig0.0_lr1e-03-1e-05_tfp0_ramp200_hLR1_m20_p10_seed25_minsym5_cand6_reducedp3_retained_sync_readout_retained_ga0p1_v1_rseed0.pth,retained_sync_readout_retained_ga0p1_v1,True,completed,5,5,1.119539
chua_orig_nint128_bs16_sig0.0_lr1e-03-1e-05_tfp0_ramp200_hLR1_m20_p10_seed25_minsym5_cand7_reducedp3_retained_sync_readout_retained_ga0p1_v1_rseed0,20,10,25,25,0,7,10,3,7,5,5,1;2;3;4;7;8;9,retained_preactivation,1.0,,True,0.1,34366.67179114091,1741.8892625896171,1.9729538799756385,default,,0.1,True,readout_retained,128,0.00,0.00,0.00,1.00,128,2000,16,200,200,0.0,0.0,0.001,1e-05,False,5,5.0,0.0,200,1.0,0.030687,1.2410,0.0093,5,0.021271,nan,models/chua_orig_nint128_bs16_sig0.0_lr1e-03-1e-05_tfp0_ramp200_hLR1_m20_p10_seed25_minsym5_cand7_reducedp3_retained_sync_readout_retained_ga0p1_v1_rseed0.pth,retained_sync_readout_retained_ga0p1_v1,True,completed,5,5,1.240990
chua_orig_nint128_bs16_sig0.0_lr1e-03-1e-05_tfp0_ramp200_hLR1_m20_p10_seed25_minsym5_cand8_reducedp3_retained_sync_readout_retained_ga0p1_v1_rseed0,20,10,25,25,0,8,10,3,7,5,5,2;3;4;5;7;8;9,retained_preactivation,1.0,,True,0.1,16345.155689071915,726.1163468885342,2.251038109679279,default,,0.1,True,readout_retained,128,0.00,0.00,0.00,1.00,128,2000,16,200,200,0.0,0.0,0.001,1e-05,False,5,5.0,0.0,200,1.0,0.028971,1.1184,0.0095,5,0.014833,nan,models/chua_orig_nint128_bs16_sig0.0_lr1e-03-1e-05_tfp0_ramp200_hLR1_m20_p10_seed25_minsym5_cand8_reducedp3_retained_sync_readout_retained_ga0p1_v1_rseed0.pth,retained_sync_readout_retained_ga0p1_v1,True,completed,5,5,1.118418
chua_orig_nint128_bs16_sig0.0_lr1e-03-1e-05_tfp0_ramp200_hLR1_m20_p10_seed26_minsym5_cand0_reducedp3_retained_sync_readout_retained_ga0p1_v1_rseed0,20,10,26,26,0,0,10,3,7,5,5,0;1;2;4;5;7;9,retained_preactivation,1.0,,True,0.1,22097977.50353964,1428521.9552082494,1.5469119969050953,default,,0.1,True,readout_retained,128,0.00,0.00,0.00,1.00,128,2000,16,200,200,0.0,0.0,0.001,1e-05,False,5,5.0,0.0,200,1.0,0.022135,1.1960,0.0115,5,0.013762,nan,models/chua_orig_nint128_bs16_sig0.0_lr1e-03-1e-05_tfp0_ramp200_hLR1_m20_p10_seed26_minsym5_cand0_reducedp3_retained_sync_readout_retained_ga0p1_v1_rseed0.pth,retained_sync_readout_retained_ga0p1_v1,True,completed,5,5,1.195994
chua_orig_nint128_bs16_sig0.0_lr1e-03-1e-05_tfp0_ramp200_hLR1_m20_p10_seed26_minsym5_cand1_reducedp3_retained_sync_readout_retained_ga0p1_v1_rseed0,20,10,26,26,0,1,10,3,7,5,5,0;1;2;4;7;8;9,retained_preactivation,1.0,,True,0.1,328921222.4284248,10444820.203902029,3.149132450413505,default,,0.1,True,readout_retained,128,0.00,0.00,0.00,1.00,128,2000,16,200,200,0.0,0.0,0.001,1e-05,False,5,5.0,0.0,200,1.0,0.030669,1.1555,0.0222,5,0.014147,nan,models/chua_orig_nint128_bs16_sig0.0_lr1e-03-1e-05_tfp0_ramp200_hLR1_m20_p10_seed26_minsym5_cand1_reducedp3_retained_sync_readout_retained_ga0p1_v1_rseed0.pth,retained_sync_readout_retained_ga0p1_v1,True,completed,5,5,1.155467
chua_orig_nint128_bs16_sig0.0_lr1e-03-1e-05_tfp0_ramp200_hLR1_m20_p10_seed26_minsym5_cand2_reducedp3_retained_sync_readout_retained_ga0p1_v1_rseed0,20,10,26,26,0,2,10,3,7,5,5,0;1;4;5;6;7;9,retained_preactivation,1.0,,True,0.1,30690625.776031613,1946931.695368895,1.576358628761062,default,,0.1,True,readout_retained,128,0.00,0.00,0.00,1.00,128,2000,16,200,200,0.0,0.0,0.001,1e-05,False,5,5.0,0.0,200,1.0,0.018258,1.0748,0.0109,5,0.010705,nan,models/chua_orig_nint128_bs16_sig0.0_lr1e-03-1e-05_tfp0_ramp200_hLR1_m20_p10_seed26_minsym5_cand2_reducedp3_retained_sync_readout_retained_ga0p1_v1_rseed0.pth,retained_sync_readout_retained_ga0p1_v1,True,completed,5,5,1.074845
chua_orig_nint128_bs16_sig0.0_lr1e-03-1e-05_tfp0_ramp200_hLR1_m20_p10_seed26_minsym5_cand3_reducedp3_retained_sync_readout_retained_ga0p1_v1_rseed0,20,10,26,26,0,3,10,3,7,5,5,0;1;4;6;7;8;9,retained_preactivation,1.0,,True,0.1,118242690.98678349,3305604.7956596385,3.577036527235192,default,,0.1,True,readout_retained,128,0.00,0.00,0.00,1.00,128,2000,16,200,200,0.0,0.0,0.001,1e-05,False,5,5.0,0.0,200,1.0,0.030746,1.1782,0.0225,5,0.014829,nan,models/chua_orig_nint128_bs16_sig0.0_lr1e-03-1e-05_tfp0_ramp200_hLR1_m20_p10_seed26_minsym5_cand3_reducedp3_retained_sync_readout_retained_ga0p1_v1_rseed0.pth,retained_sync_readout_retained_ga0p1_v1,True,completed,5,5,1.178232
chua_orig_nint128_bs16_sig0.0_lr1e-03-1e-05_tfp0_ramp200_hLR1_m20_p10_seed26_minsym5_cand4_reducedp3_retained_sync_readout_retained_ga0p1_v1_rseed0,20,10,26,26,0,4,10,3,7,5,5,0;2;3;4;5;6;9,retained_preactivation,1.0,,True,0.1,139246408.67719927,15451177.480758157,0.901202570811236,default,,0.1,True,readout_retained,128,0.00,0.00,0.00,1.00,128,2000,16,200,200,0.0,0.0,0.001,1e-05,False,5,5.0,0.0,200,1.0,0.353762,2.7092,0.0097,2,0.309019,nan,models/chua_orig_nint128_bs16_sig0.0_lr1e-03-1e-05_tfp0_ramp200_hLR1_m20_p10_seed26_minsym5_cand4_reducedp3_retained_sync_readout_retained_ga0p1_v1_rseed0.pth,retained_sync_readout_retained_ga0p1_v1,True,completed,3,4,2.943933
chua_orig_nint128_bs16_sig0.0_lr1e-03-1e-05_tfp0_ramp200_hLR1_m20_p10_seed26_minsym5_cand5_reducedp3_retained_sync_readout_retained_ga0p1_v1_rseed0,20,10,26,26,0,5,10,3,7,5,5,0;2;3;4;6;8;9,retained_preactivation,1.0,,True,0.1,6685249054.910881,3041877096.5472875,0.21977380553931777,default,,0.1,True,readout_retained,128,0.00,0.00,0.00,1.00,128,2000,16,200,200,0.0,0.0,0.001,1e-05,False,5,5.0,0.0,200,1.0,0.178102,2.3698,0.0101,2,0.169058,nan,models/chua_orig_nint128_bs16_sig0.0_lr1e-03-1e-05_tfp0_ramp200_hLR1_m20_p10_seed26_minsym5_cand5_reducedp3_retained_sync_readout_retained_ga0p1_v1_rseed0.pth,retained_sync_readout_retained_ga0p1_v1,True,completed,4,8,2.369758
chua_orig_nint128_bs16_sig0.0_lr1e-03-1e-05_tfp0_ramp200_hLR1_m20_p10_seed26_minsym5_cand6_reducedp3_retained_sync_readout_retained_ga0p1_v1_rseed0,20,10,26,26,0,6,10,3,7,5,5,1;2;4;5;7;8;9,retained_preactivation,1.0,,True,0.1,401725039.0081759,18062431.458220456,2.2240917007070244,default,,0.1,True,readout_retained,128,0.00,0.00,0.00,1.00,128,2000,16,200,200,0.0,0.0,0.001,1e-05,False,5,5.0,0.0,200,1.0,0.018461,1.0461,0.0108,3,0.011160,nan,models/chua_orig_nint128_bs16_sig0.0_lr1e-03-1e-05_tfp0_ramp200_hLR1_m20_p10_seed26_minsym5_cand6_reducedp3_retained_sync_readout_retained_ga0p1_v1_rseed0.pth,retained_sync_readout_retained_ga0p1_v1,True,completed,5,5,1.046088
chua_orig_nint128_bs16_sig0.0_lr1e-03-1e-05_tfp0_ramp200_hLR1_m20_p10_seed26_minsym5_cand7_reducedp3_retained_sync_readout_retained_ga0p1_v1_rseed0,20,10,26,26,0,7,10,3,7,5,5,1;4;5;6;7;8;9,retained_preactivation,1.0,,True,0.1,107816233.7054462,4297696.662859304,2.508698080932378,default,,0.1,True,readout_retained,128,0.00,0.00,0.00,1.00,128,2000,16,200,200,0.0,0.0,0.001,1e-05,False,5,5.0,0.0,200,1.0,0.018336,1.1753,0.0089,3,0.011365,nan,models/chua_orig_nint128_bs16_sig0.0_lr1e-03-1e-05_tfp0_ramp200_hLR1_m20_p10_seed26_minsym5_cand7_reducedp3_retained_sync_readout_retained_ga0p1_v1_rseed0.pth,retained_sync_readout_retained_ga0p1_v1,True,completed,5,5,1.175280
chua_orig_nint128_bs16_sig0.0_lr1e-03-1e-05_tfp0_ramp200_hLR1_m20_p10_seed26_minsym5_cand8_reducedp3_retained_sync_readout_retained_ga0p1_v1_rseed0,20,10,26,26,0,8,10,3,7,5,5,2;3;4;5;6;8;9,retained_preactivation,1.0,,True,0.1,2991083597.9184837,1012320066.9824808,0.2954681721201371,default,,0.1,True,readout_retained,128,0.00,0.00,0.00,1.00,128,2000,16,200,200,0.0,0.0,0.001,1e-05,False,5,5.0,0.0,200,1.0,0.028532,1.6503,0.0115,5,0.024181,nan,models/chua_orig_nint128_bs16_sig0.0_lr1e-03-1e-05_tfp0_ramp200_hLR1_m20_p10_seed26_minsym5_cand8_reducedp3_retained_sync_readout_retained_ga0p1_v1_rseed0.pth,retained_sync_readout_retained_ga0p1_v1,True,completed,5,5,1.650293
chua_orig_nint128_bs16_sig0.0_lr1e-03-1e-05_tfp0_ramp200_hLR1_m20_p10_seed27_minsym5_cand0_reducedp3_retained_sync_readout_retained_ga0p1_v1_rseed0,20,10,27,27,0,0,10,3,7,5,5,1;2;3;4;5;6;7,retained_preactivation,1.0,,True,0.1,1605.9943814114047,93.77266360173867,1.7126466495952348,default,,0.1,True,readout_retained,128,0.00,0.00,0.00,1.00,128,2000,16,200,200,0.0,0.0,0.001,1e-05,False,5,5.0,0.0,200,1.0,0.052452,1.2278,0.0126,5,0.024583,nan,models/chua_orig_nint128_bs16_sig0.0_lr1e-03-1e-05_tfp0_ramp200_hLR1_m20_p10_seed27_minsym5_cand0_reducedp3_retained_sync_readout_retained_ga0p1_v1_rseed0.pth,retained_sync_readout_retained_ga0p1_v1,True,completed,5,5,1.227781
,,,,27,,1,,,,,,,,,,,,,,,,,,,,,,,,,,,,,,,,,,,,,,,,,,,,,,,retained_sync_readout_retained_ga0p1_v1,True,missing_or_failed,,,
,,,,27,,2,,,,,,,,,,,,,,,,,,,,,,,,,,,,,,,,,,,,,,,,,,,,,,,retained_sync_readout_retained_ga0p1_v1,True,missing_or_failed,,,
chua_orig_nint128_bs16_sig0.0_lr1e-03-1e-05_tfp0_ramp200_hLR1_m20_p10_seed28_minsym5_cand0_reducedp3_retained_sync_readout_retained_ga0p1_v1_rseed0,20,10,28,28,0,0,10,3,7,5,5,0;1;2;3;5;6;9,retained_preactivation,1.0,,True,0.1,528.6487233090136,12.35561374382646,4.278611603354084,default,,0.1,True,readout_retained,128,0.00,0.00,0.00,1.00,128,2000,16,200,200,0.0,0.0,0.001,1e-05,False,5,5.0,0.0,200,1.0,0.052182,1.1707,0.0093,5,0.028913,nan,models/chua_orig_nint128_bs16_sig0.0_lr1e-03-1e-05_tfp0_ramp200_hLR1_m20_p10_seed28_minsym5_cand0_reducedp3_retained_sync_readout_retained_ga0p1_v1_rseed0.pth,retained_sync_readout_retained_ga0p1_v1,True,completed,5,5,1.170693
chua_orig_nint128_bs16_sig0.0_lr1e-03-1e-05_tfp0_ramp200_hLR1_m20_p10_seed28_minsym5_cand1_reducedp3_retained_sync_readout_retained_ga0p1_v1_rseed0,20,10,28,28,0,1,10,3,7,5,5,0;1;2;3;6;7;9,retained_preactivation,1.0,,True,0.1,2704.5041423983807,10.997326612725164,24.592378108227816,default,,0.1,True,readout_retained,128,0.00,0.00,0.00,1.00,128,2000,16,200,200,0.0,0.0,0.001,1e-05,False,5,5.0,0.0,200,1.0,0.292977,1.7472,0.0107,4,0.039407,nan,models/chua_orig_nint128_bs16_sig0.0_lr1e-03-1e-05_tfp0_ramp200_hLR1_m20_p10_seed28_minsym5_cand1_reducedp3_retained_sync_readout_retained_ga0p1_v1_rseed0.pth,retained_sync_readout_retained_ga0p1_v1,True,completed,5,5,1.966863
chua_orig_nint128_bs16_sig0.0_lr1e-03-1e-05_tfp0_ramp200_hLR1_m20_p10_seed28_minsym5_cand2_reducedp3_retained_sync_readout_retained_ga0p1_v1_rseed0,20,10,28,28,0,2,10,3,7,5,5,0;1;2;5;6;7;9,retained_preactivation,1.0,,True,0.1,57813.428768755795,1031.4064535676212,5.605300274084952,default,,0.1,True,readout_retained,128,0.00,0.00,0.00,1.00,128,2000,16,200,200,0.0,0.0,0.001,1e-05,False,5,5.0,0.0,200,1.0,0.066961,1.1575,0.0123,5,0.034069,nan,models/chua_orig_nint128_bs16_sig0.0_lr1e-03-1e-05_tfp0_ramp200_hLR1_m20_p10_seed28_minsym5_cand2_reducedp3_retained_sync_readout_retained_ga0p1_v1_rseed0.pth,retained_sync_readout_retained_ga0p1_v1,True,completed,5,5,1.157537
chua_orig_nint128_bs16_sig0.0_lr1e-03-1e-05_tfp0_ramp200_hLR1_m20_p10_seed29_minsym5_cand0_reducedp3_retained_sync_readout_retained_ga0p1_v1_rseed0,20,10,29,29,0,0,10,3,7,5,5,0;1;2;3;5;8;9,retained_preactivation,1.0,,True,0.1,1009.5674661705378,25.929411102504442,3.8935225415628048,default,,0.1,True,readout_retained,128,0.00,0.00,0.00,1.00,128,2000,16,200,200,0.0,0.0,0.001,1e-05,False,5,5.0,0.0,200,1.0,0.041048,1.1782,0.0085,5,0.013727,nan,models/chua_orig_nint128_bs16_sig0.0_lr1e-03-1e-05_tfp0_ramp200_hLR1_m20_p10_seed29_minsym5_cand0_reducedp3_retained_sync_readout_retained_ga0p1_v1_rseed0.pth,retained_sync_readout_retained_ga0p1_v1,True,completed,5,5,1.178247
chua_orig_nint128_bs16_sig0.0_lr1e-03-1e-05_tfp0_ramp200_hLR1_m20_p10_seed29_minsym5_cand1_reducedp3_retained_sync_readout_retained_ga0p1_v1_rseed0,20,10,29,29,0,1,10,3,7,5,5,0;1;2;3;6;8;9,retained_preactivation,1.0,,True,0.1,11460.466128172973,2429.616380389994,0.4716985866852516,default,,0.1,True,readout_retained,128,0.00,0.00,0.00,1.00,128,2000,16,200,200,0.0,0.0,0.001,1e-05,False,5,5.0,0.0,200,1.0,0.012227,1.1433,0.0146,5,0.008706,nan,models/chua_orig_nint128_bs16_sig0.0_lr1e-03-1e-05_tfp0_ramp200_hLR1_m20_p10_seed29_minsym5_cand1_reducedp3_retained_sync_readout_retained_ga0p1_v1_rseed0.pth,retained_sync_readout_retained_ga0p1_v1,True,completed,5,5,1.143334
chua_orig_nint128_bs16_sig0.0_lr1e-03-1e-05_tfp0_ramp200_hLR1_m20_p10_seed29_minsym5_cand2_reducedp3_retained_sync_readout_retained_ga0p1_v1_rseed0,20,10,29,29,0,2,10,3,7,5,5,1;2;3;5;6;8;9,retained_preactivation,1.0,,True,0.1,880.2669106494774,9.29314331044674,9.472219261483298,default,,0.1,True,readout_retained,128,0.00,0.00,0.00,1.00,128,2000,16,200,200,0.0,0.0,0.001,1e-05,False,5,5.0,0.0,200,1.0,0.117333,1.7918,0.0086,5,0.033707,nan,models/chua_orig_nint128_bs16_sig0.0_lr1e-03-1e-05_tfp0_ramp200_hLR1_m20_p10_seed29_minsym5_cand2_reducedp3_retained_sync_readout_retained_ga0p1_v1_rseed0.pth,retained_sync_readout_retained_ga0p1_v1,True,completed,5,5,1.791802
,,,,0,,0,,,,,,,,,,,,,,,,,,,,,,,,,,,,,,,,,,,,,,,,,,,,,,,symbol_sync_readout_ga0p1_v1,True,missing_or_failed,,,
,,,,2,,0,,,,,,,,,,,,,,,,,,,,,,,,,,,,,,,,,,,,,,,,,,,,,,,symbol_sync_readout_ga0p1_v1,True,missing_or_failed,,,
,,,,3,,0,,,,,,,,,,,,,,,,,,,,,,,,,,,,,,,,,,,,,,,,,,,,,,,symbol_sync_readout_ga0p1_v1,True,missing_or_failed,,,
,,,,3,,1,,,,,,,,,,,,,,,,,,,,,,,,,,,,,,,,,,,,,,,,,,,,,,,symbol_sync_readout_ga0p1_v1,True,missing_or_failed,,,
,,,,3,,2,,,,,,,,,,,,,,,,,,,,,,,,,,,,,,,,,,,,,,,,,,,,,,,symbol_sync_readout_ga0p1_v1,True,missing_or_failed,,,
,,,,3,,3,,,,,,,,,,,,,,,,,,,,,,,,,,,,,,,,,,,,,,,,,,,,,,,symbol_sync_readout_ga0p1_v1,True,missing_or_failed,,,
,,,,4,,0,,,,,,,,,,,,,,,,,,,,,,,,,,,,,,,,,,,,,,,,,,,,,,,symbol_sync_readout_ga0p1_v1,True,missing_or_failed,,,
,,,,4,,1,,,,,,,,,,,,,,,,,,,,,,,,,,,,,,,,,,,,,,,,,,,,,,,symbol_sync_readout_ga0p1_v1,True,missing_or_failed,,,
,,,,4,,2,,,,,,,,,,,,,,,,,,,,,,,,,,,,,,,,,,,,,,,,,,,,,,,symbol_sync_readout_ga0p1_v1,True,missing_or_failed,,,
,,,,4,,3,,,,,,,,,,,,,,,,,,,,,,,,,,,,,,,,,,,,,,,,,,,,,,,symbol_sync_readout_ga0p1_v1,True,missing_or_failed,,,
,,,,6,,0,,,,,,,,,,,,,,,,,,,,,,,,,,,,,,,,,,,,,,,,,,,,,,,symbol_sync_readout_ga0p1_v1,True,missing_or_failed,,,
,,,,6,,1,,,,,,,,,,,,,,,,,,,,,,,,,,,,,,,,,,,,,,,,,,,,,,,symbol_sync_readout_ga0p1_v1,True,missing_or_failed,,,
,,,,6,,2,,,,,,,,,,,,,,,,,,,,,,,,,,,,,,,,,,,,,,,,,,,,,,,symbol_sync_readout_ga0p1_v1,True,missing_or_failed,,,
,,,,6,,3,,,,,,,,,,,,,,,,,,,,,,,,,,,,,,,,,,,,,,,,,,,,,,,symbol_sync_readout_ga0p1_v1,True,missing_or_failed,,,
,,,,6,,4,,,,,,,,,,,,,,,,,,,,,,,,,,,,,,,,,,,,,,,,,,,,,,,symbol_sync_readout_ga0p1_v1,True,missing_or_failed,,,
,,,,6,,5,,,,,,,,,,,,,,,,,,,,,,,,,,,,,,,,,,,,,,,,,,,,,,,symbol_sync_readout_ga0p1_v1,True,missing_or_failed,,,
,,,,6,,6,,,,,,,,,,,,,,,,,,,,,,,,,,,,,,,,,,,,,,,,,,,,,,,symbol_sync_readout_ga0p1_v1,True,missing_or_failed,,,
,,,,6,,7,,,,,,,,,,,,,,,,,,,,,,,,,,,,,,,,,,,,,,,,,,,,,,,symbol_sync_readout_ga0p1_v1,True,missing_or_failed,,,
,,,,6,,8,,,,,,,,,,,,,,,,,,,,,,,,,,,,,,,,,,,,,,,,,,,,,,,symbol_sync_readout_ga0p1_v1,True,missing_or_failed,,,
,,,,6,,9,,,,,,,,,,,,,,,,,,,,,,,,,,,,,,,,,,,,,,,,,,,,,,,symbol_sync_readout_ga0p1_v1,True,missing_or_failed,,,
,,,,6,,10,,,,,,,,,,,,,,,,,,,,,,,,,,,,,,,,,,,,,,,,,,,,,,,symbol_sync_readout_ga0p1_v1,True,missing_or_failed,,,
,,,,6,,11,,,,,,,,,,,,,,,,,,,,,,,,,,,,,,,,,,,,,,,,,,,,,,,symbol_sync_readout_ga0p1_v1,True,missing_or_failed,,,
,,,,7,,0,,,,,,,,,,,,,,,,,,,,,,,,,,,,,,,,,,,,,,,,,,,,,,,symbol_sync_readout_ga0p1_v1,True,missing_or_failed,,,
,,,,7,,1,,,,,,,,,,,,,,,,,,,,,,,,,,,,,,,,,,,,,,,,,,,,,,,symbol_sync_readout_ga0p1_v1,True,missing_or_failed,,,
,,,,7,,2,,,,,,,,,,,,,,,,,,,,,,,,,,,,,,,,,,,,,,,,,,,,,,,symbol_sync_readout_ga0p1_v1,True,missing_or_failed,,,
,,,,7,,3,,,,,,,,,,,,,,,,,,,,,,,,,,,,,,,,,,,,,,,,,,,,,,,symbol_sync_readout_ga0p1_v1,True,missing_or_failed,,,
,,,,8,,0,,,,,,,,,,,,,,,,,,,,,,,,,,,,,,,,,,,,,,,,,,,,,,,symbol_sync_readout_ga0p1_v1,True,missing_or_failed,,,
,,,,8,,1,,,,,,,,,,,,,,,,,,,,,,,,,,,,,,,,,,,,,,,,,,,,,,,symbol_sync_readout_ga0p1_v1,True,missing_or_failed,,,
,,,,9,,0,,,,,,,,,,,,,,,,,,,,,,,,,,,,,,,,,,,,,,,,,,,,,,,symbol_sync_readout_ga0p1_v1,True,missing_or_failed,,,
,,,,9,,1,,,,,,,,,,,,,,,,,,,,,,,,,,,,,,,,,,,,,,,,,,,,,,,symbol_sync_readout_ga0p1_v1,True,missing_or_failed,,,
,,,,9,,2,,,,,,,,,,,,,,,,,,,,,,,,,,,,,,,,,,,,,,,,,,,,,,,symbol_sync_readout_ga0p1_v1,True,missing_or_failed,,,
,,,,9,,3,,,,,,,,,,,,,,,,,,,,,,,,,,,,,,,,,,,,,,,,,,,,,,,symbol_sync_readout_ga0p1_v1,True,missing_or_failed,,,
,,,,10,,0,,,,,,,,,,,,,,,,,,,,,,,,,,,,,,,,,,,,,,,,,,,,,,,symbol_sync_readout_ga0p1_v1,True,missing_or_failed,,,
,,,,10,,1,,,,,,,,,,,,,,,,,,,,,,,,,,,,,,,,,,,,,,,,,,,,,,,symbol_sync_readout_ga0p1_v1,True,missing_or_failed,,,
,,,,10,,2,,,,,,,,,,,,,,,,,,,,,,,,,,,,,,,,,,,,,,,,,,,,,,,symbol_sync_readout_ga0p1_v1,True,missing_or_failed,,,
,,,,10,,3,,,,,,,,,,,,,,,,,,,,,,,,,,,,,,,,,,,,,,,,,,,,,,,symbol_sync_readout_ga0p1_v1,True,missing_or_failed,,,
,,,,10,,4,,,,,,,,,,,,,,,,,,,,,,,,,,,,,,,,,,,,,,,,,,,,,,,symbol_sync_readout_ga0p1_v1,True,missing_or_failed,,,
,,,,10,,5,,,,,,,,,,,,,,,,,,,,,,,,,,,,,,,,,,,,,,,,,,,,,,,symbol_sync_readout_ga0p1_v1,True,missing_or_failed,,,
,,,,10,,6,,,,,,,,,,,,,,,,,,,,,,,,,,,,,,,,,,,,,,,,,,,,,,,symbol_sync_readout_ga0p1_v1,True,missing_or_failed,,,
,,,,10,,7,,,,,,,,,,,,,,,,,,,,,,,,,,,,,,,,,,,,,,,,,,,,,,,symbol_sync_readout_ga0p1_v1,True,missing_or_failed,,,
,,,,10,,8,,,,,,,,,,,,,,,,,,,,,,,,,,,,,,,,,,,,,,,,,,,,,,,symbol_sync_readout_ga0p1_v1,True,missing_or_failed,,,
,,,,10,,9,,,,,,,,,,,,,,,,,,,,,,,,,,,,,,,,,,,,,,,,,,,,,,,symbol_sync_readout_ga0p1_v1,True,missing_or_failed,,,
,,,,10,,10,,,,,,,,,,,,,,,,,,,,,,,,,,,,,,,,,,,,,,,,,,,,,,,symbol_sync_readout_ga0p1_v1,True,missing_or_failed,,,
,,,,10,,11,,,,,,,,,,,,,,,,,,,,,,,,,,,,,,,,,,,,,,,,,,,,,,,symbol_sync_readout_ga0p1_v1,True,missing_or_failed,,,
,,,,11,,0,,,,,,,,,,,,,,,,,,,,,,,,,,,,,,,,,,,,,,,,,,,,,,,symbol_sync_readout_ga0p1_v1,True,missing_or_failed,,,
,,,,11,,1,,,,,,,,,,,,,,,,,,,,,,,,,,,,,,,,,,,,,,,,,,,,,,,symbol_sync_readout_ga0p1_v1,True,missing_or_failed,,,
,,,,11,,2,,,,,,,,,,,,,,,,,,,,,,,,,,,,,,,,,,,,,,,,,,,,,,,symbol_sync_readout_ga0p1_v1,True,missing_or_failed,,,
,,,,11,,3,,,,,,,,,,,,,,,,,,,,,,,,,,,,,,,,,,,,,,,,,,,,,,,symbol_sync_readout_ga0p1_v1,True,missing_or_failed,,,
,,,,11,,4,,,,,,,,,,,,,,,,,,,,,,,,,,,,,,,,,,,,,,,,,,,,,,,symbol_sync_readout_ga0p1_v1,True,missing_or_failed,,,
,,,,11,,5,,,,,,,,,,,,,,,,,,,,,,,,,,,,,,,,,,,,,,,,,,,,,,,symbol_sync_readout_ga0p1_v1,True,missing_or_failed,,,
,,,,11,,6,,,,,,,,,,,,,,,,,,,,,,,,,,,,,,,,,,,,,,,,,,,,,,,symbol_sync_readout_ga0p1_v1,True,missing_or_failed,,,
,,,,11,,7,,,,,,,,,,,,,,,,,,,,,,,,,,,,,,,,,,,,,,,,,,,,,,,symbol_sync_readout_ga0p1_v1,True,missing_or_failed,,,
,,,,13,,0,,,,,,,,,,,,,,,,,,,,,,,,,,,,,,,,,,,,,,,,,,,,,,,symbol_sync_readout_ga0p1_v1,True,missing_or_failed,,,
,,,,13,,1,,,,,,,,,,,,,,,,,,,,,,,,,,,,,,,,,,,,,,,,,,,,,,,symbol_sync_readout_ga0p1_v1,True,missing_or_failed,,,
,,,,13,,2,,,,,,,,,,,,,,,,,,,,,,,,,,,,,,,,,,,,,,,,,,,,,,,symbol_sync_readout_ga0p1_v1,True,missing_or_failed,,,
,,,,13,,3,,,,,,,,,,,,,,,,,,,,,,,,,,,,,,,,,,,,,,,,,,,,,,,symbol_sync_readout_ga0p1_v1,True,missing_or_failed,,,
,,,,13,,4,,,,,,,,,,,,,,,,,,,,,,,,,,,,,,,,,,,,,,,,,,,,,,,symbol_sync_readout_ga0p1_v1,True,missing_or_failed,,,
,,,,13,,5,,,,,,,,,,,,,,,,,,,,,,,,,,,,,,,,,,,,,,,,,,,,,,,symbol_sync_readout_ga0p1_v1,True,missing_or_failed,,,
,,,,13,,6,,,,,,,,,,,,,,,,,,,,,,,,,,,,,,,,,,,,,,,,,,,,,,,symbol_sync_readout_ga0p1_v1,True,missing_or_failed,,,
,,,,13,,7,,,,,,,,,,,,,,,,,,,,,,,,,,,,,,,,,,,,,,,,,,,,,,,symbol_sync_readout_ga0p1_v1,True,missing_or_failed,,,
,,,,14,,0,,,,,,,,,,,,,,,,,,,,,,,,,,,,,,,,,,,,,,,,,,,,,,,symbol_sync_readout_ga0p1_v1,True,missing_or_failed,,,
,,,,14,,1,,,,,,,,,,,,,,,,,,,,,,,,,,,,,,,,,,,,,,,,,,,,,,,symbol_sync_readout_ga0p1_v1,True,missing_or_failed,,,
,,,,14,,2,,,,,,,,,,,,,,,,,,,,,,,,,,,,,,,,,,,,,,,,,,,,,,,symbol_sync_readout_ga0p1_v1,True,missing_or_failed,,,
,,,,14,,3,,,,,,,,,,,,,,,,,,,,,,,,,,,,,,,,,,,,,,,,,,,,,,,symbol_sync_readout_ga0p1_v1,True,missing_or_failed,,,
,,,,14,,4,,,,,,,,,,,,,,,,,,,,,,,,,,,,,,,,,,,,,,,,,,,,,,,symbol_sync_readout_ga0p1_v1,True,missing_or_failed,,,
,,,,15,,0,,,,,,,,,,,,,,,,,,,,,,,,,,,,,,,,,,,,,,,,,,,,,,,symbol_sync_readout_ga0p1_v1,True,missing_or_failed,,,
,,,,15,,1,,,,,,,,,,,,,,,,,,,,,,,,,,,,,,,,,,,,,,,,,,,,,,,symbol_sync_readout_ga0p1_v1,True,missing_or_failed,,,
,,,,15,,2,,,,,,,,,,,,,,,,,,,,,,,,,,,,,,,,,,,,,,,,,,,,,,,symbol_sync_readout_ga0p1_v1,True,missing_or_failed,,,
,,,,15,,3,,,,,,,,,,,,,,,,,,,,,,,,,,,,,,,,,,,,,,,,,,,,,,,symbol_sync_readout_ga0p1_v1,True,missing_or_failed,,,
,,,,15,,4,,,,,,,,,,,,,,,,,,,,,,,,,,,,,,,,,,,,,,,,,,,,,,,symbol_sync_readout_ga0p1_v1,True,missing_or_failed,,,
,,,,15,,5,,,,,,,,,,,,,,,,,,,,,,,,,,,,,,,,,,,,,,,,,,,,,,,symbol_sync_readout_ga0p1_v1,True,missing_or_failed,,,
,,,,15,,6,,,,,,,,,,,,,,,,,,,,,,,,,,,,,,,,,,,,,,,,,,,,,,,symbol_sync_readout_ga0p1_v1,True,missing_or_failed,,,
,,,,16,,0,,,,,,,,,,,,,,,,,,,,,,,,,,,,,,,,,,,,,,,,,,,,,,,symbol_sync_readout_ga0p1_v1,True,missing_or_failed,,,
,,,,16,,1,,,,,,,,,,,,,,,,,,,,,,,,,,,,,,,,,,,,,,,,,,,,,,,symbol_sync_readout_ga0p1_v1,True,missing_or_failed,,,
,,,,17,,0,,,,,,,,,,,,,,,,,,,,,,,,,,,,,,,,,,,,,,,,,,,,,,,symbol_sync_readout_ga0p1_v1,True,missing_or_failed,,,
,,,,17,,1,,,,,,,,,,,,,,,,,,,,,,,,,,,,,,,,,,,,,,,,,,,,,,,symbol_sync_readout_ga0p1_v1,True,missing_or_failed,,,
,,,,17,,2,,,,,,,,,,,,,,,,,,,,,,,,,,,,,,,,,,,,,,,,,,,,,,,symbol_sync_readout_ga0p1_v1,True,missing_or_failed,,,
,,,,17,,3,,,,,,,,,,,,,,,,,,,,,,,,,,,,,,,,,,,,,,,,,,,,,,,symbol_sync_readout_ga0p1_v1,True,missing_or_failed,,,
,,,,17,,4,,,,,,,,,,,,,,,,,,,,,,,,,,,,,,,,,,,,,,,,,,,,,,,symbol_sync_readout_ga0p1_v1,True,missing_or_failed,,,
,,,,17,,5,,,,,,,,,,,,,,,,,,,,,,,,,,,,,,,,,,,,,,,,,,,,,,,symbol_sync_readout_ga0p1_v1,True,missing_or_failed,,,
,,,,18,,0,,,,,,,,,,,,,,,,,,,,,,,,,,,,,,,,,,,,,,,,,,,,,,,symbol_sync_readout_ga0p1_v1,True,missing_or_failed,,,
,,,,18,,1,,,,,,,,,,,,,,,,,,,,,,,,,,,,,,,,,,,,,,,,,,,,,,,symbol_sync_readout_ga0p1_v1,True,missing_or_failed,,,
,,,,18,,2,,,,,,,,,,,,,,,,,,,,,,,,,,,,,,,,,,,,,,,,,,,,,,,symbol_sync_readout_ga0p1_v1,True,missing_or_failed,,,
,,,,18,,3,,,,,,,,,,,,,,,,,,,,,,,,,,,,,,,,,,,,,,,,,,,,,,,symbol_sync_readout_ga0p1_v1,True,missing_or_failed,,,
,,,,18,,4,,,,,,,,,,,,,,,,,,,,,,,,,,,,,,,,,,,,,,,,,,,,,,,symbol_sync_readout_ga0p1_v1,True,missing_or_failed,,,
,,,,18,,5,,,,,,,,,,,,,,,,,,,,,,,,,,,,,,,,,,,,,,,,,,,,,,,symbol_sync_readout_ga0p1_v1,True,missing_or_failed,,,
,,,,18,,6,,,,,,,,,,,,,,,,,,,,,,,,,,,,,,,,,,,,,,,,,,,,,,,symbol_sync_readout_ga0p1_v1,True,missing_or_failed,,,
,,,,18,,7,,,,,,,,,,,,,,,,,,,,,,,,,,,,,,,,,,,,,,,,,,,,,,,symbol_sync_readout_ga0p1_v1,True,missing_or_failed,,,
,,,,20,,0,,,,,,,,,,,,,,,,,,,,,,,,,,,,,,,,,,,,,,,,,,,,,,,symbol_sync_readout_ga0p1_v1,True,missing_or_failed,,,
,,,,20,,1,,,,,,,,,,,,,,,,,,,,,,,,,,,,,,,,,,,,,,,,,,,,,,,symbol_sync_readout_ga0p1_v1,True,missing_or_failed,,,
,,,,20,,2,,,,,,,,,,,,,,,,,,,,,,,,,,,,,,,,,,,,,,,,,,,,,,,symbol_sync_readout_ga0p1_v1,True,missing_or_failed,,,
,,,,21,,0,,,,,,,,,,,,,,,,,,,,,,,,,,,,,,,,,,,,,,,,,,,,,,,symbol_sync_readout_ga0p1_v1,True,missing_or_failed,,,
,,,,21,,1,,,,,,,,,,,,,,,,,,,,,,,,,,,,,,,,,,,,,,,,,,,,,,,symbol_sync_readout_ga0p1_v1,True,missing_or_failed,,,
,,,,21,,2,,,,,,,,,,,,,,,,,,,,,,,,,,,,,,,,,,,,,,,,,,,,,,,symbol_sync_readout_ga0p1_v1,True,missing_or_failed,,,
,,,,21,,3,,,,,,,,,,,,,,,,,,,,,,,,,,,,,,,,,,,,,,,,,,,,,,,symbol_sync_readout_ga0p1_v1,True,missing_or_failed,,,
,,,,22,,0,,,,,,,,,,,,,,,,,,,,,,,,,,,,,,,,,,,,,,,,,,,,,,,symbol_sync_readout_ga0p1_v1,True,missing_or_failed,,,
,,,,22,,1,,,,,,,,,,,,,,,,,,,,,,,,,,,,,,,,,,,,,,,,,,,,,,,symbol_sync_readout_ga0p1_v1,True,missing_or_failed,,,
,,,,22,,2,,,,,,,,,,,,,,,,,,,,,,,,,,,,,,,,,,,,,,,,,,,,,,,symbol_sync_readout_ga0p1_v1,True,missing_or_failed,,,
,,,,22,,3,,,,,,,,,,,,,,,,,,,,,,,,,,,,,,,,,,,,,,,,,,,,,,,symbol_sync_readout_ga0p1_v1,True,missing_or_failed,,,
,,,,22,,4,,,,,,,,,,,,,,,,,,,,,,,,,,,,,,,,,,,,,,,,,,,,,,,symbol_sync_readout_ga0p1_v1,True,missing_or_failed,,,
,,,,22,,5,,,,,,,,,,,,,,,,,,,,,,,,,,,,,,,,,,,,,,,,,,,,,,,symbol_sync_readout_ga0p1_v1,True,missing_or_failed,,,
,,,,22,,6,,,,,,,,,,,,,,,,,,,,,,,,,,,,,,,,,,,,,,,,,,,,,,,symbol_sync_readout_ga0p1_v1,True,missing_or_failed,,,
,,,,22,,7,,,,,,,,,,,,,,,,,,,,,,,,,,,,,,,,,,,,,,,,,,,,,,,symbol_sync_readout_ga0p1_v1,True,missing_or_failed,,,
,,,,23,,0,,,,,,,,,,,,,,,,,,,,,,,,,,,,,,,,,,,,,,,,,,,,,,,symbol_sync_readout_ga0p1_v1,True,missing_or_failed,,,
,,,,23,,1,,,,,,,,,,,,,,,,,,,,,,,,,,,,,,,,,,,,,,,,,,,,,,,symbol_sync_readout_ga0p1_v1,True,missing_or_failed,,,
,,,,23,,2,,,,,,,,,,,,,,,,,,,,,,,,,,,,,,,,,,,,,,,,,,,,,,,symbol_sync_readout_ga0p1_v1,True,missing_or_failed,,,
,,,,24,,0,,,,,,,,,,,,,,,,,,,,,,,,,,,,,,,,,,,,,,,,,,,,,,,symbol_sync_readout_ga0p1_v1,True,missing_or_failed,,,
,,,,24,,1,,,,,,,,,,,,,,,,,,,,,,,,,,,,,,,,,,,,,,,,,,,,,,,symbol_sync_readout_ga0p1_v1,True,missing_or_failed,,,
,,,,24,,2,,,,,,,,,,,,,,,,,,,,,,,,,,,,,,,,,,,,,,,,,,,,,,,symbol_sync_readout_ga0p1_v1,True,missing_or_failed,,,
,,,,24,,3,,,,,,,,,,,,,,,,,,,,,,,,,,,,,,,,,,,,,,,,,,,,,,,symbol_sync_readout_ga0p1_v1,True,missing_or_failed,,,
,,,,24,,4,,,,,,,,,,,,,,,,,,,,,,,,,,,,,,,,,,,,,,,,,,,,,,,symbol_sync_readout_ga0p1_v1,True,missing_or_failed,,,
,,,,24,,5,,,,,,,,,,,,,,,,,,,,,,,,,,,,,,,,,,,,,,,,,,,,,,,symbol_sync_readout_ga0p1_v1,True,missing_or_failed,,,
,,,,24,,6,,,,,,,,,,,,,,,,,,,,,,,,,,,,,,,,,,,,,,,,,,,,,,,symbol_sync_readout_ga0p1_v1,True,missing_or_failed,,,
,,,,24,,7,,,,,,,,,,,,,,,,,,,,,,,,,,,,,,,,,,,,,,,,,,,,,,,symbol_sync_readout_ga0p1_v1,True,missing_or_failed,,,
,,,,25,,0,,,,,,,,,,,,,,,,,,,,,,,,,,,,,,,,,,,,,,,,,,,,,,,symbol_sync_readout_ga0p1_v1,True,missing_or_failed,,,
,,,,25,,1,,,,,,,,,,,,,,,,,,,,,,,,,,,,,,,,,,,,,,,,,,,,,,,symbol_sync_readout_ga0p1_v1,True,missing_or_failed,,,
,,,,25,,2,,,,,,,,,,,,,,,,,,,,,,,,,,,,,,,,,,,,,,,,,,,,,,,symbol_sync_readout_ga0p1_v1,True,missing_or_failed,,,
,,,,25,,3,,,,,,,,,,,,,,,,,,,,,,,,,,,,,,,,,,,,,,,,,,,,,,,symbol_sync_readout_ga0p1_v1,True,missing_or_failed,,,
,,,,25,,4,,,,,,,,,,,,,,,,,,,,,,,,,,,,,,,,,,,,,,,,,,,,,,,symbol_sync_readout_ga0p1_v1,True,missing_or_failed,,,
,,,,25,,5,,,,,,,,,,,,,,,,,,,,,,,,,,,,,,,,,,,,,,,,,,,,,,,symbol_sync_readout_ga0p1_v1,True,missing_or_failed,,,
,,,,25,,6,,,,,,,,,,,,,,,,,,,,,,,,,,,,,,,,,,,,,,,,,,,,,,,symbol_sync_readout_ga0p1_v1,True,missing_or_failed,,,
,,,,25,,7,,,,,,,,,,,,,,,,,,,,,,,,,,,,,,,,,,,,,,,,,,,,,,,symbol_sync_readout_ga0p1_v1,True,missing_or_failed,,,
,,,,25,,8,,,,,,,,,,,,,,,,,,,,,,,,,,,,,,,,,,,,,,,,,,,,,,,symbol_sync_readout_ga0p1_v1,True,missing_or_failed,,,
,,,,26,,0,,,,,,,,,,,,,,,,,,,,,,,,,,,,,,,,,,,,,,,,,,,,,,,symbol_sync_readout_ga0p1_v1,True,missing_or_failed,,,
,,,,26,,1,,,,,,,,,,,,,,,,,,,,,,,,,,,,,,,,,,,,,,,,,,,,,,,symbol_sync_readout_ga0p1_v1,True,missing_or_failed,,,
,,,,26,,2,,,,,,,,,,,,,,,,,,,,,,,,,,,,,,,,,,,,,,,,,,,,,,,symbol_sync_readout_ga0p1_v1,True,missing_or_failed,,,
,,,,26,,3,,,,,,,,,,,,,,,,,,,,,,,,,,,,,,,,,,,,,,,,,,,,,,,symbol_sync_readout_ga0p1_v1,True,missing_or_failed,,,
,,,,26,,4,,,,,,,,,,,,,,,,,,,,,,,,,,,,,,,,,,,,,,,,,,,,,,,symbol_sync_readout_ga0p1_v1,True,missing_or_failed,,,
,,,,26,,5,,,,,,,,,,,,,,,,,,,,,,,,,,,,,,,,,,,,,,,,,,,,,,,symbol_sync_readout_ga0p1_v1,True,missing_or_failed,,,
,,,,26,,6,,,,,,,,,,,,,,,,,,,,,,,,,,,,,,,,,,,,,,,,,,,,,,,symbol_sync_readout_ga0p1_v1,True,missing_or_failed,,,
,,,,26,,7,,,,,,,,,,,,,,,,,,,,,,,,,,,,,,,,,,,,,,,,,,,,,,,symbol_sync_readout_ga0p1_v1,True,missing_or_failed,,,
,,,,26,,8,,,,,,,,,,,,,,,,,,,,,,,,,,,,,,,,,,,,,,,,,,,,,,,symbol_sync_readout_ga0p1_v1,True,missing_or_failed,,,
,,,,27,,0,,,,,,,,,,,,,,,,,,,,,,,,,,,,,,,,,,,,,,,,,,,,,,,symbol_sync_readout_ga0p1_v1,True,missing_or_failed,,,
,,,,27,,1,,,,,,,,,,,,,,,,,,,,,,,,,,,,,,,,,,,,,,,,,,,,,,,symbol_sync_readout_ga0p1_v1,True,missing_or_failed,,,
,,,,27,,2,,,,,,,,,,,,,,,,,,,,,,,,,,,,,,,,,,,,,,,,,,,,,,,symbol_sync_readout_ga0p1_v1,True,missing_or_failed,,,
,,,,28,,0,,,,,,,,,,,,,,,,,,,,,,,,,,,,,,,,,,,,,,,,,,,,,,,symbol_sync_readout_ga0p1_v1,True,missing_or_failed,,,
,,,,28,,1,,,,,,,,,,,,,,,,,,,,,,,,,,,,,,,,,,,,,,,,,,,,,,,symbol_sync_readout_ga0p1_v1,True,missing_or_failed,,,
,,,,28,,2,,,,,,,,,,,,,,,,,,,,,,,,,,,,,,,,,,,,,,,,,,,,,,,symbol_sync_readout_ga0p1_v1,True,missing_or_failed,,,
,,,,29,,0,,,,,,,,,,,,,,,,,,,,,,,,,,,,,,,,,,,,,,,,,,,,,,,symbol_sync_readout_ga0p1_v1,True,missing_or_failed,,,
,,,,29,,1,,,,,,,,,,,,,,,,,,,,,,,,,,,,,,,,,,,,,,,,,,,,,,,symbol_sync_readout_ga0p1_v1,True,missing_or_failed,,,
,,,,29,,2,,,,,,,,,,,,,,,,,,,,,,,,,,,,,,,,,,,,,,,,,,,,,,,symbol_sync_readout_ga0p1_v1,True,missing_or_failed,,,
chua_orig_nint128_bs16_sig0.0_lr1e-03-1e-05_tfp0_ramp200_hLR1_m20_p10_seed0_minsym5_cand0_reducedp3_full_sync_fullstate_ga0p1_v1_rseed0,20,10,0,0,0,0,10,3,7,5,5,0;1;3;4;5;7;9,full_preactivation,1.0,,True,0.1,4174.650194926517,89.10167107347615,4.6852658818081165,default,,0.1,True,full,128,0.00,0.00,0.00,1.00,128,2000,16,200,200,0.0,0.0,0.001,1e-05,False,5,5.0,0.0,200,1.0,0.023212,1.1407,0.0089,5,0.010884,nan,models/chua_orig_nint128_bs16_sig0.0_lr1e-03-1e-05_tfp0_ramp200_hLR1_m20_p10_seed0_minsym5_cand0_reducedp3_full_sync_fullstate_ga0p1_v1_rseed0.pth,full_sync_fullstate_ga0p1_v1,True,completed,5,5,1.140663
chua_orig_nint128_bs16_sig0.0_lr1e-03-1e-05_tfp0_ramp200_hLR1_m20_p10_seed2_minsym5_cand0_reducedp3_full_sync_fullstate_ga0p1_v1_rseed0,20,10,2,2,0,0,10,3,7,5,5,2;4;5;6;7;8;9,full_preactivation,1.0,,True,0.1,24358531.397732828,11160163.322584128,0.21826321617032238,default,,0.1,True,full,128,0.00,0.00,0.00,1.00,128,2000,16,200,200,0.0,0.0,0.001,1e-05,False,5,5.0,0.0,200,1.0,0.019967,1.0653,0.0127,4,0.011394,nan,models/chua_orig_nint128_bs16_sig0.0_lr1e-03-1e-05_tfp0_ramp200_hLR1_m20_p10_seed2_minsym5_cand0_reducedp3_full_sync_fullstate_ga0p1_v1_rseed0.pth,full_sync_fullstate_ga0p1_v1,True,completed,4,8,1.130174
chua_orig_nint128_bs16_sig0.0_lr1e-03-1e-05_tfp0_ramp200_hLR1_m20_p10_seed3_minsym5_cand0_reducedp3_full_sync_fullstate_ga0p1_v1_rseed0,20,10,3,3,0,0,10,3,7,5,5,0;1;2;3;4;5;8,full_preactivation,1.0,,True,0.1,77291.67246217409,1606.1504133768497,4.812231271644866,default,,0.1,True,full,128,0.00,0.00,0.00,1.00,128,2000,16,200,200,0.0,0.0,0.001,1e-05,False,5,5.0,0.0,200,1.0,0.029679,1.0410,0.0060,5,0.013115,nan,models/chua_orig_nint128_bs16_sig0.0_lr1e-03-1e-05_tfp0_ramp200_hLR1_m20_p10_seed3_minsym5_cand0_reducedp3_full_sync_fullstate_ga0p1_v1_rseed0.pth,full_sync_fullstate_ga0p1_v1,True,completed,5,5,1.040992
chua_orig_nint128_bs16_sig0.0_lr1e-03-1e-05_tfp0_ramp200_hLR1_m20_p10_seed3_minsym5_cand1_reducedp3_full_sync_fullstate_ga0p1_v1_rseed0,20,10,3,3,0,1,10,3,7,5,5,0;1;2;3;4;6;8,full_preactivation,1.0,,True,0.1,143567.71316699308,3146.0524607732623,4.563424003797629,default,,0.1,True,full,128,0.00,0.00,0.00,1.00,128,2000,16,200,200,0.0,0.0,0.001,1e-05,False,5,5.0,0.0,200,1.0,0.030229,1.2012,0.0087,5,0.014607,nan,models/chua_orig_nint128_bs16_sig0.0_lr1e-03-1e-05_tfp0_ramp200_hLR1_m20_p10_seed3_minsym5_cand1_reducedp3_full_sync_fullstate_ga0p1_v1_rseed0.pth,full_sync_fullstate_ga0p1_v1,True,completed,5,5,1.201205
chua_orig_nint128_bs16_sig0.0_lr1e-03-1e-05_tfp0_ramp200_hLR1_m20_p10_seed3_minsym5_cand2_reducedp3_full_sync_fullstate_ga0p1_v1_rseed0,20,10,3,3,0,2,10,3,7,5,5,0;1;3;4;5;7;8,full_preactivation,1.0,,True,0.1,128541.97104448025,1639.194013730052,7.841778945493935,default,,0.1,True,full,128,0.00,0.00,0.00,1.00,128,2000,16,200,200,0.0,0.0,0.001,1e-05,False,5,5.0,0.0,200,1.0,0.026932,1.0761,0.0079,5,0.011265,nan,models/chua_orig_nint128_bs16_sig0.0_lr1e-03-1e-05_tfp0_ramp200_hLR1_m20_p10_seed3_minsym5_cand2_reducedp3_full_sync_fullstate_ga0p1_v1_rseed0.pth,full_sync_fullstate_ga0p1_v1,True,completed,5,5,1.076098
chua_orig_nint128_bs16_sig0.0_lr1e-03-1e-05_tfp0_ramp200_hLR1_m20_p10_seed3_minsym5_cand3_reducedp3_full_sync_fullstate_ga0p1_v1_rseed0,20,10,3,3,0,3,10,3,7,5,5,0;1;3;4;6;7;8,full_preactivation,1.0,,True,0.1,110970.26513440436,1309.3391908513313,8.475287832960342,default,,0.1,True,full,128,0.00,0.00,0.00,1.00,128,2000,16,200,200,0.0,0.0,0.001,1e-05,False,5,5.0,0.0,200,1.0,0.024995,1.2075,0.0096,4,0.010585,nan,models/chua_orig_nint128_bs16_sig0.0_lr1e-03-1e-05_tfp0_ramp200_hLR1_m20_p10_seed3_minsym5_cand3_reducedp3_full_sync_fullstate_ga0p1_v1_rseed0.pth,full_sync_fullstate_ga0p1_v1,True,completed,5,5,1.207528
chua_orig_nint128_bs16_sig0.0_lr1e-03-1e-05_tfp0_ramp200_hLR1_m20_p10_seed4_minsym5_cand0_reducedp3_full_sync_fullstate_ga0p1_v1_rseed0,20,10,4,4,0,0,10,3,7,5,5,0;1;2;3;4;5;8,full_preactivation,1.0,,True,0.1,573.8987960651251,24.3296620024923,2.3588440974079794,default,,0.1,True,full,128,0.00,0.00,0.00,1.00,128,2000,16,200,200,0.0,0.0,0.001,1e-05,False,5,5.0,0.0,200,1.0,0.415030,2.3689,0.0074,3,0.285352,nan,models/chua_orig_nint128_bs16_sig0.0_lr1e-03-1e-05_tfp0_ramp200_hLR1_m20_p10_seed4_minsym5_cand0_reducedp3_full_sync_fullstate_ga0p1_v1_rseed0.pth,full_sync_fullstate_ga0p1_v1,True,completed,4,4,4.742429
chua_orig_nint128_bs16_sig0.0_lr1e-03-1e-05_tfp0_ramp200_hLR1_m20_p10_seed4_minsym5_cand1_reducedp3_full_sync_fullstate_ga0p1_v1_rseed0,20,10,4,4,0,1,10,3,7,5,5,0;1;4;6;7;8;9,full_preactivation,1.0,,True,0.1,381442.4952938516,26952.111559208122,1.4152601530158506,default,,0.1,True,full,128,0.00,0.00,0.00,1.00,128,2000,16,200,200,0.0,0.0,0.001,1e-05,False,5,5.0,0.0,200,1.0,0.267807,2.2490,0.0086,4,0.178500,nan,models/chua_orig_nint128_bs16_sig0.0_lr1e-03-1e-05_tfp0_ramp200_hLR1_m20_p10_seed4_minsym5_cand1_reducedp3_full_sync_fullstate_ga0p1_v1_rseed0.pth,full_sync_fullstate_ga0p1_v1,True,completed,4,8,2.305572
chua_orig_nint128_bs16_sig0.0_lr1e-03-1e-05_tfp0_ramp200_hLR1_m20_p10_seed4_minsym5_cand2_reducedp3_full_sync_fullstate_ga0p1_v1_rseed0,20,10,4,4,0,2,10,3,7,5,5,1;2;3;4;5;6;8,full_preactivation,1.0,,True,0.1,2405.025123309526,43.82912139575945,5.487276602223109,default,,0.1,True,full,128,0.00,0.00,0.00,1.00,128,2000,16,200,200,0.0,0.0,0.001,1e-05,False,5,5.0,0.0,200,1.0,0.107997,1.1439,0.0061,5,0.051668,nan,models/chua_orig_nint128_bs16_sig0.0_lr1e-03-1e-05_tfp0_ramp200_hLR1_m20_p10_seed4_minsym5_cand2_reducedp3_full_sync_fullstate_ga0p1_v1_rseed0.pth,full_sync_fullstate_ga0p1_v1,True,completed,5,5,1.143923
chua_orig_nint128_bs16_sig0.0_lr1e-03-1e-05_tfp0_ramp200_hLR1_m20_p10_seed4_minsym5_cand3_reducedp3_full_sync_fullstate_ga0p1_v1_rseed0,20,10,4,4,0,3,10,3,7,5,5,1;2;3;4;5;7;8,full_preactivation,1.0,,True,0.1,430398.7574703254,22437.406696184833,1.9182197091587627,default,,0.1,True,full,128,0.00,0.00,0.00,1.00,128,2000,16,200,200,0.0,0.0,0.001,1e-05,False,5,5.0,0.0,200,1.0,0.178427,2.4302,0.0127,5,0.080257,nan,models/chua_orig_nint128_bs16_sig0.0_lr1e-03-1e-05_tfp0_ramp200_hLR1_m20_p10_seed4_minsym5_cand3_reducedp3_full_sync_fullstate_ga0p1_v1_rseed0.pth,full_sync_fullstate_ga0p1_v1,True,completed,5,5,2.430185
chua_orig_nint128_bs16_sig0.0_lr1e-03-1e-05_tfp0_ramp200_hLR1_m20_p10_seed6_minsym5_cand0_reducedp4_full_sync_fullstate_ga0p1_v1_rseed0,20,10,6,6,0,0,10,4,6,5,5,0;1;2;4;5;9,full_preactivation,1.0,,True,0.1,481744.15829151473,7711.559150979943,6.247039656439609,default,,0.1,True,full,128,0.00,0.00,0.00,1.00,128,2000,16,200,200,0.0,0.0,0.001,1e-05,False,5,5.0,0.0,200,1.0,0.043937,1.3595,0.0061,5,0.023592,nan,models/chua_orig_nint128_bs16_sig0.0_lr1e-03-1e-05_tfp0_ramp200_hLR1_m20_p10_seed6_minsym5_cand0_reducedp4_full_sync_fullstate_ga0p1_v1_rseed0.pth,full_sync_fullstate_ga0p1_v1,True,completed,5,7,1.359514
chua_orig_nint128_bs16_sig0.0_lr1e-03-1e-05_tfp0_ramp200_hLR1_m20_p10_seed6_minsym5_cand1_reducedp4_full_sync_fullstate_ga0p1_v1_rseed0,20,10,6,6,0,1,10,4,6,5,5,0;1;2;4;7;9,full_preactivation,1.0,,True,0.1,78891.36477143744,1264.1069205730284,6.2408775308085,default,,0.1,True,full,128,0.00,0.00,0.00,1.00,128,2000,16,200,200,0.0,0.0,0.001,1e-05,False,5,5.0,0.0,200,1.0,0.045173,1.4355,0.0058,5,0.011362,nan,models/chua_orig_nint128_bs16_sig0.0_lr1e-03-1e-05_tfp0_ramp200_hLR1_m20_p10_seed6_minsym5_cand1_reducedp4_full_sync_fullstate_ga0p1_v1_rseed0.pth,full_sync_fullstate_ga0p1_v1,True,completed,5,8,1.435489
chua_orig_nint128_bs16_sig0.0_lr1e-03-1e-05_tfp0_ramp200_hLR1_m20_p10_seed6_minsym5_cand2_reducedp4_full_sync_fullstate_ga0p1_v1_rseed0,20,10,6,6,0,2,10,4,6,5,5,0;1;2;5;7;9,full_preactivation,1.0,,True,0.1,250585.81193674952,3109.22140198515,8.059439310972113,default,,0.1,True,full,128,0.00,0.00,0.00,1.00,128,2000,16,200,200,0.0,0.0,0.001,1e-05,False,5,5.0,0.0,200,1.0,0.032876,1.3630,0.0072,5,0.012461,nan,models/chua_orig_nint128_bs16_sig0.0_lr1e-03-1e-05_tfp0_ramp200_hLR1_m20_p10_seed6_minsym5_cand2_reducedp4_full_sync_fullstate_ga0p1_v1_rseed0.pth,full_sync_fullstate_ga0p1_v1,True,completed,5,5,1.362978
chua_orig_nint128_bs16_sig0.0_lr1e-03-1e-05_tfp0_ramp200_hLR1_m20_p10_seed6_minsym5_cand3_reducedp4_full_sync_fullstate_ga0p1_v1_rseed0,20,10,6,6,0,3,10,4,6,5,5,0;1;4;5;8;9,full_preactivation,1.0,,True,0.1,72457.67476258123,748.5681644813651,9.679502575798479,default,,0.1,True,full,128,0.00,0.00,0.00,1.00,128,2000,16,200,200,0.0,0.0,0.001,1e-05,False,5,5.0,0.0,200,1.0,0.056583,1.2987,0.0080,5,0.029368,nan,models/chua_orig_nint128_bs16_sig0.0_lr1e-03-1e-05_tfp0_ramp200_hLR1_m20_p10_seed6_minsym5_cand3_reducedp4_full_sync_fullstate_ga0p1_v1_rseed0.pth,full_sync_fullstate_ga0p1_v1,True,completed,5,5,1.298677
chua_orig_nint128_bs16_sig0.0_lr1e-03-1e-05_tfp0_ramp200_hLR1_m20_p10_seed6_minsym5_cand4_reducedp4_full_sync_fullstate_ga0p1_v1_rseed0,20,10,6,6,0,4,10,4,6,5,5,0;1;4;7;8;9,full_preactivation,1.0,,True,0.1,14594.948518237397,137.9689874493639,10.578426926263987,default,,0.1,True,full,128,0.00,0.00,0.00,1.00,128,2000,16,200,200,0.0,0.0,0.001,1e-05,False,5,5.0,0.0,200,1.0,0.077972,1.4594,0.0064,5,0.028867,nan,models/chua_orig_nint128_bs16_sig0.0_lr1e-03-1e-05_tfp0_ramp200_hLR1_m20_p10_seed6_minsym5_cand4_reducedp4_full_sync_fullstate_ga0p1_v1_rseed0.pth,full_sync_fullstate_ga0p1_v1,True,completed,5,7,1.459439
chua_orig_nint128_bs16_sig0.0_lr1e-03-1e-05_tfp0_ramp200_hLR1_m20_p10_seed6_minsym5_cand5_reducedp4_full_sync_fullstate_ga0p1_v1_rseed0,20,10,6,6,0,5,10,4,6,5,5,0;1;5;7;8;9,full_preactivation,1.0,,True,0.1,64588.3331570029,661.349989117312,9.766135060077236,default,,0.1,True,full,128,0.00,0.00,0.00,1.00,128,2000,16,200,200,0.0,0.0,0.001,1e-05,False,5,5.0,0.0,200,1.0,0.030357,1.2166,0.0107,5,0.009160,nan,models/chua_orig_nint128_bs16_sig0.0_lr1e-03-1e-05_tfp0_ramp200_hLR1_m20_p10_seed6_minsym5_cand5_reducedp4_full_sync_fullstate_ga0p1_v1_rseed0.pth,full_sync_fullstate_ga0p1_v1,True,completed,5,5,1.216611
chua_orig_nint128_bs16_sig0.0_lr1e-03-1e-05_tfp0_ramp200_hLR1_m20_p10_seed6_minsym5_cand6_reducedp4_full_sync_fullstate_ga0p1_v1_rseed0,20,10,6,6,0,6,10,4,6,5,5,0;2;4;5;7;9,full_preactivation,1.0,,True,0.1,145860.37948668582,3035.3299527193085,4.80542088533115,default,,0.1,True,full,128,0.00,0.00,0.00,1.00,128,2000,16,200,200,0.0,0.0,0.001,1e-05,False,5,5.0,0.0,200,1.0,0.254428,2.3918,0.0089,4,0.188922,nan,models/chua_orig_nint128_bs16_sig0.0_lr1e-03-1e-05_tfp0_ramp200_hLR1_m20_p10_seed6_minsym5_cand6_reducedp4_full_sync_fullstate_ga0p1_v1_rseed0.pth,full_sync_fullstate_ga0p1_v1,True,completed,4,7,2.391837
chua_orig_nint128_bs16_sig0.0_lr1e-03-1e-05_tfp0_ramp200_hLR1_m20_p10_seed6_minsym5_cand7_reducedp4_full_sync_fullstate_ga0p1_v1_rseed0,20,10,6,6,0,7,10,4,6,5,5,0;4;5;7;8;9,full_preactivation,1.0,,True,0.1,82379.97509103775,1806.9870987364575,4.558968636170243,default,,0.1,True,full,128,0.00,0.00,0.00,1.00,128,2000,16,200,200,0.0,0.0,0.001,1e-05,False,5,5.0,0.0,200,1.0,0.035375,1.1952,0.0053,5,0.015664,nan,models/chua_orig_nint128_bs16_sig0.0_lr1e-03-1e-05_tfp0_ramp200_hLR1_m20_p10_seed6_minsym5_cand7_reducedp4_full_sync_fullstate_ga0p1_v1_rseed0.pth,full_sync_fullstate_ga0p1_v1,True,completed,5,6,1.195213
chua_orig_nint128_bs16_sig0.0_lr1e-03-1e-05_tfp0_ramp200_hLR1_m20_p10_seed6_minsym5_cand8_reducedp4_full_sync_fullstate_ga0p1_v1_rseed0,20,10,6,6,0,8,10,4,6,5,5,1;2;4;5;8;9,full_preactivation,1.0,,True,0.1,34807.5682718572,354.8451176148788,9.809228461650843,default,,0.1,True,full,128,0.00,0.00,0.00,1.00,128,2000,16,200,200,0.0,0.0,0.001,1e-05,False,5,5.0,0.0,200,1.0,0.055605,1.3165,0.0056,5,0.032886,nan,models/chua_orig_nint128_bs16_sig0.0_lr1e-03-1e-05_tfp0_ramp200_hLR1_m20_p10_seed6_minsym5_cand8_reducedp4_full_sync_fullstate_ga0p1_v1_rseed0.pth,full_sync_fullstate_ga0p1_v1,True,completed,5,5,1.316500
chua_orig_nint128_bs16_sig0.0_lr1e-03-1e-05_tfp0_ramp200_hLR1_m20_p10_seed6_minsym5_cand9_reducedp4_full_sync_fullstate_ga0p1_v1_rseed0,20,10,6,6,0,9,10,4,6,5,5,1;2;4;7;8;9,full_preactivation,1.0,,True,0.1,7747.604855695727,72.61166112267128,10.669918214109845,default,,0.1,True,full,128,0.00,0.00,0.00,1.00,128,2000,16,200,200,0.0,0.0,0.001,1e-05,False,5,5.0,0.0,200,1.0,0.514057,2.1774,0.0080,3,0.247640,nan,models/chua_orig_nint128_bs16_sig0.0_lr1e-03-1e-05_tfp0_ramp200_hLR1_m20_p10_seed6_minsym5_cand9_reducedp4_full_sync_fullstate_ga0p1_v1_rseed0.pth,full_sync_fullstate_ga0p1_v1,True,completed,5,9,5.636041
chua_orig_nint128_bs16_sig0.0_lr1e-03-1e-05_tfp0_ramp200_hLR1_m20_p10_seed6_minsym5_cand10_reducedp4_full_sync_fullstate_ga0p1_v1_rseed0,20,10,6,6,0,10,10,4,6,5,5,1;2;5;7;8;9,full_preactivation,1.0,,True,0.1,34535.05144052923,356.22415236549534,9.694752927672141,default,,0.1,True,full,128,0.00,0.00,0.00,1.00,128,2000,16,200,200,0.0,0.0,0.001,1e-05,False,5,5.0,0.0,200,1.0,0.029854,1.2677,0.0086,4,0.010660,nan,models/chua_orig_nint128_bs16_sig0.0_lr1e-03-1e-05_tfp0_ramp200_hLR1_m20_p10_seed6_minsym5_cand10_reducedp4_full_sync_fullstate_ga0p1_v1_rseed0.pth,full_sync_fullstate_ga0p1_v1,True,completed,5,5,1.267667
chua_orig_nint128_bs16_sig0.0_lr1e-03-1e-05_tfp0_ramp200_hLR1_m20_p10_seed6_minsym5_cand11_reducedp4_full_sync_fullstate_ga0p1_v1_rseed0,20,10,6,6,0,11,10,4,6,5,5,2;4;5;7;8;9,full_preactivation,1.0,,True,0.1,46498.37476729698,1006.1567988669808,4.621384541619965,default,,0.1,True,full,128,0.00,0.00,0.00,1.00,128,2000,16,200,200,0.0,0.0,0.001,1e-05,False,5,5.0,0.0,200,1.0,0.161677,2.4123,0.0114,4,0.111364,nan,models/chua_orig_nint128_bs16_sig0.0_lr1e-03-1e-05_tfp0_ramp200_hLR1_m20_p10_seed6_minsym5_cand11_reducedp4_full_sync_fullstate_ga0p1_v1_rseed0.pth,full_sync_fullstate_ga0p1_v1,True,completed,5,8,2.496215
chua_orig_nint128_bs16_sig0.0_lr1e-03-1e-05_tfp0_ramp200_hLR1_m20_p10_seed7_minsym5_cand0_reducedp3_full_sync_fullstate_ga0p1_v1_rseed0,20,10,7,7,0,0,10,3,7,5,5,0;1;2;4;5;7;9,full_preactivation,1.0,,True,0.1,721.9065878505551,1255.0554021635858,0.05751989805438566,default,,0.1,True,full,128,0.00,0.00,0.00,1.00,128,2000,16,200,200,0.0,0.0,0.001,1e-05,False,5,5.0,0.0,200,1.0,0.139226,6.7410,0.0158,0,0.128466,nan,models/chua_orig_nint128_bs16_sig0.0_lr1e-03-1e-05_tfp0_ramp200_hLR1_m20_p10_seed7_minsym5_cand0_reducedp3_full_sync_fullstate_ga0p1_v1_rseed0.pth,full_sync_fullstate_ga0p1_v1,True,completed,3,4,8.062910
chua_orig_nint128_bs16_sig0.0_lr1e-03-1e-05_tfp0_ramp200_hLR1_m20_p10_seed7_minsym5_cand1_reducedp3_full_sync_fullstate_ga0p1_v1_rseed0,20,10,7,7,0,1,10,3,7,5,5,0;1;4;5;6;7;9,full_preactivation,1.0,,True,0.1,959065.1223936777,9406.637986807176,10.195620621722318,default,,0.1,True,full,128,0.00,0.00,0.00,1.00,128,2000,16,200,200,0.0,0.0,0.001,1e-05,False,5,5.0,0.0,200,1.0,0.025855,1.1429,0.0115,4,0.009613,nan,models/chua_orig_nint128_bs16_sig0.0_lr1e-03-1e-05_tfp0_ramp200_hLR1_m20_p10_seed7_minsym5_cand1_reducedp3_full_sync_fullstate_ga0p1_v1_rseed0.pth,full_sync_fullstate_ga0p1_v1,True,completed,5,5,1.142884
chua_orig_nint128_bs16_sig0.0_lr1e-03-1e-05_tfp0_ramp200_hLR1_m20_p10_seed7_minsym5_cand2_reducedp3_full_sync_fullstate_ga0p1_v1_rseed0,20,10,7,7,0,2,10,3,7,5,5,1;2;4;5;7;8;9,full_preactivation,1.0,,True,0.1,1072.721049117034,185.9059794711429,0.5770234245120344,default,,0.1,True,full,128,0.00,0.00,0.00,1.00,128,2000,16,200,200,0.0,0.0,0.001,1e-05,False,5,5.0,0.0,200,1.0,0.009749,1.0549,0.0054,5,0.005178,nan,models/chua_orig_nint128_bs16_sig0.0_lr1e-03-1e-05_tfp0_ramp200_hLR1_m20_p10_seed7_minsym5_cand2_reducedp3_full_sync_fullstate_ga0p1_v1_rseed0.pth,full_sync_fullstate_ga0p1_v1,True,completed,5,5,1.054931
chua_orig_nint128_bs16_sig0.0_lr1e-03-1e-05_tfp0_ramp200_hLR1_m20_p10_seed7_minsym5_cand3_reducedp3_full_sync_fullstate_ga0p1_v1_rseed0,20,10,7,7,0,3,10,3,7,5,5,1;4;5;6;7;8;9,full_preactivation,1.0,,True,0.1,1004709.5944042737,9798.851595061089,10.253340247653886,default,,0.1,True,full,128,0.00,0.00,0.00,1.00,128,2000,16,200,200,0.0,0.0,0.001,1e-05,False,5,5.0,0.0,200,1.0,0.034546,1.2679,0.0107,5,0.013266,nan,models/chua_orig_nint128_bs16_sig0.0_lr1e-03-1e-05_tfp0_ramp200_hLR1_m20_p10_seed7_minsym5_cand3_reducedp3_full_sync_fullstate_ga0p1_v1_rseed0.pth,full_sync_fullstate_ga0p1_v1,True,completed,5,5,1.267946
chua_orig_nint128_bs16_sig0.0_lr1e-03-1e-05_tfp0_ramp200_hLR1_m20_p10_seed8_minsym5_cand0_reducedp3_full_sync_fullstate_ga0p1_v1_rseed0,20,10,8,8,0,0,10,3,7,5,5,0;3;4;5;6;7;8,full_preactivation,1.0,,True,0.1,175844.08839651107,3719.162199844207,4.72805645324845,default,,0.1,True,full,128,0.00,0.00,0.00,1.00,128,2000,16,200,200,0.0,0.0,0.001,1e-05,False,5,5.0,0.0,200,1.0,0.031358,1.1940,0.0079,5,0.017065,nan,models/chua_orig_nint128_bs16_sig0.0_lr1e-03-1e-05_tfp0_ramp200_hLR1_m20_p10_seed8_minsym5_cand0_reducedp3_full_sync_fullstate_ga0p1_v1_rseed0.pth,full_sync_fullstate_ga0p1_v1,True,completed,5,5,1.193984
chua_orig_nint128_bs16_sig0.0_lr1e-03-1e-05_tfp0_ramp200_hLR1_m20_p10_seed8_minsym5_cand1_reducedp3_full_sync_fullstate_ga0p1_v1_rseed0,20,10,8,8,0,1,10,3,7,5,5,0;3;4;6;7;8;9,full_preactivation,1.0,,True,0.1,390772.1691318357,7523.740306081768,5.193855093801648,default,,0.1,True,full,128,0.00,0.00,0.00,1.00,128,2000,16,200,200,0.0,0.0,0.001,1e-05,False,5,5.0,0.0,200,1.0,0.039520,1.0954,0.0101,5,0.016292,nan,models/chua_orig_nint128_bs16_sig0.0_lr1e-03-1e-05_tfp0_ramp200_hLR1_m20_p10_seed8_minsym5_cand1_reducedp3_full_sync_fullstate_ga0p1_v1_rseed0.pth,full_sync_fullstate_ga0p1_v1,True,completed,5,5,1.095366
chua_orig_nint128_bs16_sig0.0_lr1e-03-1e-05_tfp0_ramp200_hLR1_m20_p10_seed9_minsym5_cand0_reducedp3_full_sync_fullstate_ga0p1_v1_rseed0,20,10,9,9,0,0,10,3,7,5,5,0;1;2;3;5;6;8,full_preactivation,1.0,,True,0.1,38809810.48343977,3056562.5614981283,1.2697207959132277,default,,0.1,True,full,128,0.00,0.00,0.00,1.00,128,2000,16,200,200,0.0,0.0,0.001,1e-05,False,5,5.0,0.0,200,1.0,0.012517,1.1465,0.0150,5,0.008084,nan,models/chua_orig_nint128_bs16_sig0.0_lr1e-03-1e-05_tfp0_ramp200_hLR1_m20_p10_seed9_minsym5_cand0_reducedp3_full_sync_fullstate_ga0p1_v1_rseed0.pth,full_sync_fullstate_ga0p1_v1,True,completed,5,5,1.146493
chua_orig_nint128_bs16_sig0.0_lr1e-03-1e-05_tfp0_ramp200_hLR1_m20_p10_seed9_minsym5_cand1_reducedp3_full_sync_fullstate_ga0p1_v1_rseed0,20,10,9,9,0,1,10,3,7,5,5,0;1;2;3;5;7;8,full_preactivation,1.0,,True,0.1,39321231.75994241,3097184.116379264,1.2695800534425625,default,,0.1,True,full,128,0.00,0.00,0.00,1.00,128,2000,16,200,200,0.0,0.0,0.001,1e-05,False,5,5.0,0.0,200,1.0,0.017125,1.1278,0.0143,5,0.011290,nan,models/chua_orig_nint128_bs16_sig0.0_lr1e-03-1e-05_tfp0_ramp200_hLR1_m20_p10_seed9_minsym5_cand1_reducedp3_full_sync_fullstate_ga0p1_v1_rseed0.pth,full_sync_fullstate_ga0p1_v1,True,completed,5,5,1.127809
chua_orig_nint128_bs16_sig0.0_lr1e-03-1e-05_tfp0_ramp200_hLR1_m20_p10_seed9_minsym5_cand2_reducedp3_full_sync_fullstate_ga0p1_v1_rseed0,20,10,9,9,0,2,10,3,7,5,5,0;2;3;5;6;7;8,full_preactivation,1.0,,True,0.1,87739064.21254551,6366555.123397896,1.378124629599033,default,,0.1,True,full,128,0.00,0.00,0.00,1.00,128,2000,16,200,200,0.0,0.0,0.001,1e-05,False,5,5.0,0.0,200,1.0,0.013802,1.1873,0.0089,5,0.008482,nan,models/chua_orig_nint128_bs16_sig0.0_lr1e-03-1e-05_tfp0_ramp200_hLR1_m20_p10_seed9_minsym5_cand2_reducedp3_full_sync_fullstate_ga0p1_v1_rseed0.pth,full_sync_fullstate_ga0p1_v1,True,completed,5,5,1.187268
chua_orig_nint128_bs16_sig0.0_lr1e-03-1e-05_tfp0_ramp200_hLR1_m20_p10_seed9_minsym5_cand3_reducedp3_full_sync_fullstate_ga0p1_v1_rseed0,20,10,9,9,0,3,10,3,7,5,5,1;2;3;5;6;7;8,full_preactivation,1.0,,True,0.1,39999649.910071164,3143540.242658904,1.272439568842237,default,,0.1,True,full,128,0.00,0.00,0.00,1.00,128,2000,16,200,200,0.0,0.0,0.001,1e-05,False,5,5.0,0.0,200,1.0,0.499637,4.4298,0.0153,3,0.435772,nan,models/chua_orig_nint128_bs16_sig0.0_lr1e-03-1e-05_tfp0_ramp200_hLR1_m20_p10_seed9_minsym5_cand3_reducedp3_full_sync_fullstate_ga0p1_v1_rseed0.pth,full_sync_fullstate_ga0p1_v1,True,completed,3,7,5.774380
chua_orig_nint128_bs16_sig0.0_lr1e-03-1e-05_tfp0_ramp200_hLR1_m20_p10_seed10_minsym5_cand0_reducedp3_full_sync_fullstate_ga0p1_v1_rseed0,20,10,10,10,0,0,10,3,7,5,5,0;1;2;4;5;6;7,full_preactivation,1.0,,True,0.1,6096.919265600456,132.99288015023322,4.584395238837693,default,,0.1,True,full,128,0.00,0.00,0.00,1.00,128,2000,16,200,200,0.0,0.0,0.001,1e-05,False,5,5.0,0.0,200,1.0,0.038885,1.1004,0.0105,5,0.021352,nan,models/chua_orig_nint128_bs16_sig0.0_lr1e-03-1e-05_tfp0_ramp200_hLR1_m20_p10_seed10_minsym5_cand0_reducedp3_full_sync_fullstate_ga0p1_v1_rseed0.pth,full_sync_fullstate_ga0p1_v1,True,completed,5,5,1.100434
chua_orig_nint128_bs16_sig0.0_lr1e-03-1e-05_tfp0_ramp200_hLR1_m20_p10_seed10_minsym5_cand1_reducedp3_full_sync_fullstate_ga0p1_v1_rseed0,20,10,10,10,0,1,10,3,7,5,5,0;1;2;4;5;6;8,full_preactivation,1.0,,True,0.1,5636.1238287053275,116.05904930954648,4.856255382269168,default,,0.1,True,full,128,0.00,0.00,0.00,1.00,128,2000,16,200,200,0.0,0.0,0.001,1e-05,False,5,5.0,0.0,200,1.0,0.045873,1.1972,0.0081,5,0.023059,nan,models/chua_orig_nint128_bs16_sig0.0_lr1e-03-1e-05_tfp0_ramp200_hLR1_m20_p10_seed10_minsym5_cand1_reducedp3_full_sync_fullstate_ga0p1_v1_rseed0.pth,full_sync_fullstate_ga0p1_v1,True,completed,5,5,1.197226
chua_orig_nint128_bs16_sig0.0_lr1e-03-1e-05_tfp0_ramp200_hLR1_m20_p10_seed10_minsym5_cand2_reducedp3_full_sync_fullstate_ga0p1_v1_rseed0,20,10,10,10,0,2,10,3,7,5,5,0;1;2;4;5;7;8,full_preactivation,1.0,,True,0.1,4575.742518296894,93.87119920454887,4.874490319790344,default,,0.1,True,full,128,0.00,0.00,0.00,1.00,128,2000,16,200,200,0.0,0.0,0.001,1e-05,False,5,5.0,0.0,200,1.0,0.049586,1.1846,0.0076,5,0.028892,nan,models/chua_orig_nint128_bs16_sig0.0_lr1e-03-1e-05_tfp0_ramp200_hLR1_m20_p10_seed10_minsym5_cand2_reducedp3_full_sync_fullstate_ga0p1_v1_rseed0.pth,full_sync_fullstate_ga0p1_v1,True,completed,5,5,1.184552
chua_orig_nint128_bs16_sig0.0_lr1e-03-1e-05_tfp0_ramp200_hLR1_m20_p10_seed10_minsym5_cand3_reducedp3_full_sync_fullstate_ga0p1_v1_rseed0,20,10,10,10,0,3,10,3,7,5,5,0;1;2;4;6;7;8,full_preactivation,1.0,,True,0.1,6994.968924162566,144.62640163893101,4.836578138496387,default,,0.1,True,full,128,0.00,0.00,0.00,1.00,128,2000,16,200,200,0.0,0.0,0.001,1e-05,False,5,5.0,0.0,200,1.0,0.031305,1.1542,0.0080,5,0.019504,nan,models/chua_orig_nint128_bs16_sig0.0_lr1e-03-1e-05_tfp0_ramp200_hLR1_m20_p10_seed10_minsym5_cand3_reducedp3_full_sync_fullstate_ga0p1_v1_rseed0.pth,full_sync_fullstate_ga0p1_v1,True,completed,5,5,1.154196
chua_orig_nint128_bs16_sig0.0_lr1e-03-1e-05_tfp0_ramp200_hLR1_m20_p10_seed10_minsym5_cand4_reducedp3_full_sync_fullstate_ga0p1_v1_rseed0,20,10,10,10,0,4,10,3,7,5,5,0;1;2;5;6;7;8,full_preactivation,1.0,,True,0.1,6924.777144428548,143.41854338200284,4.82836945706804,default,,0.1,True,full,128,0.00,0.00,0.00,1.00,128,2000,16,200,200,0.0,0.0,0.001,1e-05,False,5,5.0,0.0,200,1.0,0.376520,2.4085,0.0105,2,0.218975,nan,models/chua_orig_nint128_bs16_sig0.0_lr1e-03-1e-05_tfp0_ramp200_hLR1_m20_p10_seed10_minsym5_cand4_reducedp3_full_sync_fullstate_ga0p1_v1_rseed0.pth,full_sync_fullstate_ga0p1_v1,True,completed,4,6,2.408457
chua_orig_nint128_bs16_sig0.0_lr1e-03-1e-05_tfp0_ramp200_hLR1_m20_p10_seed10_minsym5_cand5_reducedp3_full_sync_fullstate_ga0p1_v1_rseed0,20,10,10,10,0,5,10,3,7,5,5,0;1;3;4;5;6;7,full_preactivation,1.0,,True,0.1,5495.869596797216,122.9872423704535,4.468650154983474,default,,0.1,True,full,128,0.00,0.00,0.00,1.00,128,2000,16,200,200,0.0,0.0,0.001,1e-05,False,5,5.0,0.0,200,1.0,0.034964,1.1528,0.0078,5,0.020151,nan,models/chua_orig_nint128_bs16_sig0.0_lr1e-03-1e-05_tfp0_ramp200_hLR1_m20_p10_seed10_minsym5_cand5_reducedp3_full_sync_fullstate_ga0p1_v1_rseed0.pth,full_sync_fullstate_ga0p1_v1,True,completed,5,5,1.152792
chua_orig_nint128_bs16_sig0.0_lr1e-03-1e-05_tfp0_ramp200_hLR1_m20_p10_seed10_minsym5_cand6_reducedp3_full_sync_fullstate_ga0p1_v1_rseed0,20,10,10,10,0,6,10,3,7,5,5,0;1;3;4;5;6;8,full_preactivation,1.0,,True,0.1,4630.515640158232,104.87045281865454,4.415462616687113,default,,0.1,True,full,128,0.00,0.00,0.00,1.00,128,2000,16,200,200,0.0,0.0,0.001,1e-05,False,5,5.0,0.0,200,1.0,0.041158,1.1550,0.0144,5,0.021889,nan,models/chua_orig_nint128_bs16_sig0.0_lr1e-03-1e-05_tfp0_ramp200_hLR1_m20_p10_seed10_minsym5_cand6_reducedp3_full_sync_fullstate_ga0p1_v1_rseed0.pth,full_sync_fullstate_ga0p1_v1,True,completed,5,5,1.155038
chua_orig_nint128_bs16_sig0.0_lr1e-03-1e-05_tfp0_ramp200_hLR1_m20_p10_seed10_minsym5_cand7_reducedp3_full_sync_fullstate_ga0p1_v1_rseed0,20,10,10,10,0,7,10,3,7,5,5,0;1;3;4;5;7;8,full_preactivation,1.0,,True,0.1,3936.447176706427,86.7054598135239,4.540022260619387,default,,0.1,True,full,128,0.00,0.00,0.00,1.00,128,2000,16,200,200,0.0,0.0,0.001,1e-05,False,5,5.0,0.0,200,1.0,0.050563,1.2084,0.0087,5,0.031718,nan,models/chua_orig_nint128_bs16_sig0.0_lr1e-03-1e-05_tfp0_ramp200_hLR1_m20_p10_seed10_minsym5_cand7_reducedp3_full_sync_fullstate_ga0p1_v1_rseed0.pth,full_sync_fullstate_ga0p1_v1,True,completed,5,5,1.208375
chua_orig_nint128_bs16_sig0.0_lr1e-03-1e-05_tfp0_ramp200_hLR1_m20_p10_seed10_minsym5_cand8_reducedp3_full_sync_fullstate_ga0p1_v1_rseed0,20,10,10,10,0,8,10,3,7,5,5,0;1;3;4;6;7;8,full_preactivation,1.0,,True,0.1,6354.538284761529,134.83709698969855,4.712752222221874,default,,0.1,True,full,128,0.00,0.00,0.00,1.00,128,2000,16,200,200,0.0,0.0,0.001,1e-05,False,5,5.0,0.0,200,1.0,0.029353,1.1483,0.0106,5,0.019636,nan,models/chua_orig_nint128_bs16_sig0.0_lr1e-03-1e-05_tfp0_ramp200_hLR1_m20_p10_seed10_minsym5_cand8_reducedp3_full_sync_fullstate_ga0p1_v1_rseed0.pth,full_sync_fullstate_ga0p1_v1,True,completed,5,5,1.148310
chua_orig_nint128_bs16_sig0.0_lr1e-03-1e-05_tfp0_ramp200_hLR1_m20_p10_seed10_minsym5_cand9_reducedp3_full_sync_fullstate_ga0p1_v1_rseed0,20,10,10,10,0,9,10,3,7,5,5,0;1;3;5;6;7;8,full_preactivation,1.0,,True,0.1,6248.648613900449,132.57900712591405,4.713150859521737,default,,0.1,True,full,128,0.00,0.00,0.00,1.00,128,2000,16,200,200,0.0,0.0,0.001,1e-05,False,5,5.0,0.0,200,1.0,0.028082,1.0971,0.0082,5,0.018513,nan,models/chua_orig_nint128_bs16_sig0.0_lr1e-03-1e-05_tfp0_ramp200_hLR1_m20_p10_seed10_minsym5_cand9_reducedp3_full_sync_fullstate_ga0p1_v1_rseed0.pth,full_sync_fullstate_ga0p1_v1,True,completed,5,5,1.097146
chua_orig_nint128_bs16_sig0.0_lr1e-03-1e-05_tfp0_ramp200_hLR1_m20_p10_seed10_minsym5_cand10_reducedp3_full_sync_fullstate_ga0p1_v1_rseed0,20,10,10,10,0,10,10,3,7,5,5,1;2;4;5;6;7;8,full_preactivation,1.0,,True,0.1,6840.27200208442,143.26568922369458,4.774536065927129,default,,0.1,True,full,128,0.00,0.00,0.00,1.00,128,2000,16,200,200,0.0,0.0,0.001,1e-05,False,5,5.0,0.0,200,1.0,0.034138,1.2088,0.0069,5,0.018258,nan,models/chua_orig_nint128_bs16_sig0.0_lr1e-03-1e-05_tfp0_ramp200_hLR1_m20_p10_seed10_minsym5_cand10_reducedp3_full_sync_fullstate_ga0p1_v1_rseed0.pth,full_sync_fullstate_ga0p1_v1,True,completed,5,5,1.208762
chua_orig_nint128_bs16_sig0.0_lr1e-03-1e-05_tfp0_ramp200_hLR1_m20_p10_seed10_minsym5_cand11_reducedp3_full_sync_fullstate_ga0p1_v1_rseed0,20,10,10,10,0,11,10,3,7,5,5,1;3;4;5;6;7;8,full_preactivation,1.0,,True,0.1,6087.870584202657,129.54747399856618,4.699335615196936,default,,0.1,True,full,128,0.00,0.00,0.00,1.00,128,2000,16,200,200,0.0,0.0,0.001,1e-05,False,5,5.0,0.0,200,1.0,0.030828,1.1288,0.0133,5,0.017576,nan,models/chua_orig_nint128_bs16_sig0.0_lr1e-03-1e-05_tfp0_ramp200_hLR1_m20_p10_seed10_minsym5_cand11_reducedp3_full_sync_fullstate_ga0p1_v1_rseed0.pth,full_sync_fullstate_ga0p1_v1,True,completed,5,5,1.128771
chua_orig_nint128_bs16_sig0.0_lr1e-03-1e-05_tfp0_ramp200_hLR1_m20_p10_seed11_minsym5_cand0_reducedp3_full_sync_fullstate_ga0p1_v1_rseed0,20,10,11,11,0,0,10,3,7,5,5,0;1;3;4;5;6;9,full_preactivation,1.0,,True,0.1,163374.03370180953,4478.723623631514,3.647781096377182,default,,0.1,True,full,128,0.00,0.00,0.00,1.00,128,2000,16,200,200,0.0,0.0,0.001,1e-05,False,5,5.0,0.0,200,1.0,0.037640,1.1307,0.0056,5,0.024580,nan,models/chua_orig_nint128_bs16_sig0.0_lr1e-03-1e-05_tfp0_ramp200_hLR1_m20_p10_seed11_minsym5_cand0_reducedp3_full_sync_fullstate_ga0p1_v1_rseed0.pth,full_sync_fullstate_ga0p1_v1,True,completed,5,5,1.130748
chua_orig_nint128_bs16_sig0.0_lr1e-03-1e-05_tfp0_ramp200_hLR1_m20_p10_seed11_minsym5_cand1_reducedp3_full_sync_fullstate_ga0p1_v1_rseed0,20,10,11,11,0,1,10,3,7,5,5,0;1;3;5;6;7;9,full_preactivation,1.0,,True,0.1,73767.44864776063,1599.8961971943288,4.610764671928309,default,,0.1,True,full,128,0.00,0.00,0.00,1.00,128,2000,16,200,200,0.0,0.0,0.001,1e-05,False,5,5.0,0.0,200,1.0,0.039027,1.1882,0.0072,5,0.027696,nan,models/chua_orig_nint128_bs16_sig0.0_lr1e-03-1e-05_tfp0_ramp200_hLR1_m20_p10_seed11_minsym5_cand1_reducedp3_full_sync_fullstate_ga0p1_v1_rseed0.pth,full_sync_fullstate_ga0p1_v1,True,completed,5,5,1.188174
chua_orig_nint128_bs16_sig0.0_lr1e-03-1e-05_tfp0_ramp200_hLR1_m20_p10_seed11_minsym5_cand2_reducedp3_full_sync_fullstate_ga0p1_v1_rseed0,20,10,11,11,0,2,10,3,7,5,5,0;1;4;5;6;7;9,full_preactivation,1.0,,True,0.1,808.5787613345097,13.136415512664112,6.1552465400850105,default,,0.1,True,full,128,0.00,0.00,0.00,1.00,128,2000,16,200,200,0.0,0.0,0.001,1e-05,False,5,5.0,0.0,200,1.0,0.063850,1.2203,0.0107,5,0.038432,nan,models/chua_orig_nint128_bs16_sig0.0_lr1e-03-1e-05_tfp0_ramp200_hLR1_m20_p10_seed11_minsym5_cand2_reducedp3_full_sync_fullstate_ga0p1_v1_rseed0.pth,full_sync_fullstate_ga0p1_v1,True,completed,5,5,1.220300
chua_orig_nint128_bs16_sig0.0_lr1e-03-1e-05_tfp0_ramp200_hLR1_m20_p10_seed11_minsym5_cand3_reducedp3_full_sync_fullstate_ga0p1_v1_rseed0,20,10,11,11,0,3,10,3,7,5,5,0;3;4;5;6;8;9,full_preactivation,1.0,,True,0.1,4172.054675906105,56.622404666395774,7.368204689445236,default,,0.1,True,full,128,0.00,0.00,0.00,1.00,128,2000,16,200,200,0.0,0.0,0.001,1e-05,False,5,5.0,0.0,200,1.0,0.050576,1.2165,0.0096,4,0.023572,nan,models/chua_orig_nint128_bs16_sig0.0_lr1e-03-1e-05_tfp0_ramp200_hLR1_m20_p10_seed11_minsym5_cand3_reducedp3_full_sync_fullstate_ga0p1_v1_rseed0.pth,full_sync_fullstate_ga0p1_v1,True,completed,5,5,1.216527
chua_orig_nint128_bs16_sig0.0_lr1e-03-1e-05_tfp0_ramp200_hLR1_m20_p10_seed11_minsym5_cand4_reducedp3_full_sync_fullstate_ga0p1_v1_rseed0,20,10,11,11,0,4,10,3,7,5,5,0;3;5;6;7;8;9,full_preactivation,1.0,,True,0.1,3386.876995293747,52.35294385646554,6.469315277817765,default,,0.1,True,full,128,0.00,0.00,0.00,1.00,128,2000,16,200,200,0.0,0.0,0.001,1e-05,False,5,5.0,0.0,200,1.0,0.043970,1.1570,0.0110,4,0.026041,nan,models/chua_orig_nint128_bs16_sig0.0_lr1e-03-1e-05_tfp0_ramp200_hLR1_m20_p10_seed11_minsym5_cand4_reducedp3_full_sync_fullstate_ga0p1_v1_rseed0.pth,full_sync_fullstate_ga0p1_v1,True,completed,5,5,1.157002
chua_orig_nint128_bs16_sig0.0_lr1e-03-1e-05_tfp0_ramp200_hLR1_m20_p10_seed11_minsym5_cand5_reducedp3_full_sync_fullstate_ga0p1_v1_rseed0,20,10,11,11,0,5,10,3,7,5,5,0;4;5;6;7;8;9,full_preactivation,1.0,,True,0.1,3470.6292206889516,48.39399086243061,7.171611927098186,default,,0.1,True,full,128,0.00,0.00,0.00,1.00,128,2000,16,200,200,0.0,0.0,0.001,1e-05,False,5,5.0,0.0,200,1.0,0.070227,1.1758,0.0059,5,0.038124,nan,models/chua_orig_nint128_bs16_sig0.0_lr1e-03-1e-05_tfp0_ramp200_hLR1_m20_p10_seed11_minsym5_cand5_reducedp3_full_sync_fullstate_ga0p1_v1_rseed0.pth,full_sync_fullstate_ga0p1_v1,True,completed,5,5,1.175767
chua_orig_nint128_bs16_sig0.0_lr1e-03-1e-05_tfp0_ramp200_hLR1_m20_p10_seed11_minsym5_cand6_reducedp3_full_sync_fullstate_ga0p1_v1_rseed0,20,10,11,11,0,6,10,3,7,5,5,1;3;4;5;6;7;9,full_preactivation,1.0,,True,0.1,40779.36102981507,2881.847656289711,1.415042219210061,default,,0.1,True,full,128,0.00,0.00,0.00,1.00,128,2000,16,200,200,0.0,0.0,0.001,1e-05,False,5,5.0,0.0,200,1.0,0.027170,1.1756,0.0118,4,0.021897,nan,models/chua_orig_nint128_bs16_sig0.0_lr1e-03-1e-05_tfp0_ramp200_hLR1_m20_p10_seed11_minsym5_cand6_reducedp3_full_sync_fullstate_ga0p1_v1_rseed0.pth,full_sync_fullstate_ga0p1_v1,True,completed,5,5,1.175609
chua_orig_nint128_bs16_sig0.0_lr1e-03-1e-05_tfp0_ramp200_hLR1_m20_p10_seed11_minsym5_cand7_reducedp3_full_sync_fullstate_ga0p1_v1_rseed0,20,10,11,11,0,7,10,3,7,5,5,3;4;5;6;7;8;9,full_preactivation,1.0,,True,0.1,4231.378882822951,54.365344433324466,7.783228317466804,default,,0.1,True,full,128,0.00,0.00,0.00,1.00,128,2000,16,200,200,0.0,0.0,0.001,1e-05,False,5,5.0,0.0,200,1.0,0.044995,1.2424,0.0075,5,0.019735,nan,models/chua_orig_nint128_bs16_sig0.0_lr1e-03-1e-05_tfp0_ramp200_hLR1_m20_p10_seed11_minsym5_cand7_reducedp3_full_sync_fullstate_ga0p1_v1_rseed0.pth,full_sync_fullstate_ga0p1_v1,True,completed,5,5,1.242416
chua_orig_nint128_bs16_sig0.0_lr1e-03-1e-05_tfp0_ramp200_hLR1_m20_p10_seed13_minsym5_cand0_reducedp3_full_sync_fullstate_ga0p1_v1_rseed0,20,10,13,13,0,0,10,3,7,5,5,0;1;2;3;5;7;8,full_preactivation,1.0,,True,0.1,594423.0324474314,45506.262173463554,1.3062444684680392,default,,0.1,True,full,128,0.00,0.00,0.00,1.00,128,2000,16,200,200,0.0,0.0,0.001,1e-05,False,5,5.0,0.0,200,1.0,0.020119,1.2259,0.0082,6,0.012730,nan,models/chua_orig_nint128_bs16_sig0.0_lr1e-03-1e-05_tfp0_ramp200_hLR1_m20_p10_seed13_minsym5_cand0_reducedp3_full_sync_fullstate_ga0p1_v1_rseed0.pth,full_sync_fullstate_ga0p1_v1,True,completed,5,5,2.117768
chua_orig_nint128_bs16_sig0.0_lr1e-03-1e-05_tfp0_ramp200_hLR1_m20_p10_seed13_minsym5_cand1_reducedp3_full_sync_fullstate_ga0p1_v1_rseed0,20,10,13,13,0,1,10,3,7,5,5,0;1;2;5;7;8;9,full_preactivation,1.0,,True,0.1,790646.1839280577,53811.35530722117,1.4692924558656444,default,,0.1,True,full,128,0.00,0.00,0.00,1.00,128,2000,16,200,200,0.0,0.0,0.001,1e-05,False,5,5.0,0.0,200,1.0,0.259332,7.1912,0.0186,3,0.160146,nan,models/chua_orig_nint128_bs16_sig0.0_lr1e-03-1e-05_tfp0_ramp200_hLR1_m20_p10_seed13_minsym5_cand1_reducedp3_full_sync_fullstate_ga0p1_v1_rseed0.pth,full_sync_fullstate_ga0p1_v1,True,completed,3,5,7.979142
chua_orig_nint128_bs16_sig0.0_lr1e-03-1e-05_tfp0_ramp200_hLR1_m20_p10_seed13_minsym5_cand2_reducedp3_full_sync_fullstate_ga0p1_v1_rseed0,20,10,13,13,0,2,10,3,7,5,5,0;1;3;5;7;8;9,full_preactivation,1.0,,True,0.1,566976.8428145897,44117.94573073411,1.2851388101228245,default,,0.1,True,full,128,0.00,0.00,0.00,1.00,128,2000,16,200,200,0.0,0.0,0.001,1e-05,False,5,5.0,0.0,200,1.0,0.022445,1.1972,0.0060,6,0.014498,nan,models/chua_orig_nint128_bs16_sig0.0_lr1e-03-1e-05_tfp0_ramp200_hLR1_m20_p10_seed13_minsym5_cand2_reducedp3_full_sync_fullstate_ga0p1_v1_rseed0.pth,full_sync_fullstate_ga0p1_v1,True,completed,5,5,1.494478
chua_orig_nint128_bs16_sig0.0_lr1e-03-1e-05_tfp0_ramp200_hLR1_m20_p10_seed13_minsym5_cand3_reducedp3_full_sync_fullstate_ga0p1_v1_rseed0,20,10,13,13,0,3,10,3,7,5,5,0;2;3;5;6;7;8,full_preactivation,1.0,,True,0.1,1077878.5464346157,78858.94328146143,1.366843761255433,default,,0.1,True,full,128,0.00,0.00,0.00,1.00,128,2000,16,200,200,0.0,0.0,0.001,1e-05,False,5,5.0,0.0,200,1.0,0.024238,1.2638,0.0073,5,0.015914,nan,models/chua_orig_nint128_bs16_sig0.0_lr1e-03-1e-05_tfp0_ramp200_hLR1_m20_p10_seed13_minsym5_cand3_reducedp3_full_sync_fullstate_ga0p1_v1_rseed0.pth,full_sync_fullstate_ga0p1_v1,True,completed,5,5,1.263767
chua_orig_nint128_bs16_sig0.0_lr1e-03-1e-05_tfp0_ramp200_hLR1_m20_p10_seed13_minsym5_cand4_reducedp3_full_sync_fullstate_ga0p1_v1_rseed0,20,10,13,13,0,4,10,3,7,5,5,0;2;5;6;7;8;9,full_preactivation,1.0,,True,0.1,788469.3612918641,53676.14712328,1.468938073146266,default,,0.1,True,full,128,0.00,0.00,0.00,1.00,128,2000,16,200,200,0.0,0.0,0.001,1e-05,False,5,5.0,0.0,200,1.0,0.234109,7.3526,0.0196,1,0.140410,nan,models/chua_orig_nint128_bs16_sig0.0_lr1e-03-1e-05_tfp0_ramp200_hLR1_m20_p10_seed13_minsym5_cand4_reducedp3_full_sync_fullstate_ga0p1_v1_rseed0.pth,full_sync_fullstate_ga0p1_v1,True,completed,4,7,8.366751
chua_orig_nint128_bs16_sig0.0_lr1e-03-1e-05_tfp0_ramp200_hLR1_m20_p10_seed13_minsym5_cand5_reducedp3_full_sync_fullstate_ga0p1_v1_rseed0,20,10,13,13,0,5,10,3,7,5,5,0;3;5;6;7;8;9,full_preactivation,1.0,,True,0.1,569108.7698638986,44299.09795357012,1.2846960686657356,default,,0.1,True,full,128,0.00,0.00,0.00,1.00,128,2000,16,200,200,0.0,0.0,0.001,1e-05,False,5,5.0,0.0,200,1.0,0.021566,1.2204,0.0088,5,0.015988,nan,models/chua_orig_nint128_bs16_sig0.0_lr1e-03-1e-05_tfp0_ramp200_hLR1_m20_p10_seed13_minsym5_cand5_reducedp3_full_sync_fullstate_ga0p1_v1_rseed0.pth,full_sync_fullstate_ga0p1_v1,True,completed,5,5,1.220445
chua_orig_nint128_bs16_sig0.0_lr1e-03-1e-05_tfp0_ramp200_hLR1_m20_p10_seed13_minsym5_cand6_reducedp3_full_sync_fullstate_ga0p1_v1_rseed0,20,10,13,13,0,6,10,3,7,5,5,1;2;3;5;7;8;9,full_preactivation,1.0,,True,0.1,307.32358095193194,2.794327124140935,10.998124675410114,default,,0.1,True,full,128,0.00,0.00,0.00,1.00,128,2000,16,200,200,0.0,0.0,0.001,1e-05,False,5,5.0,0.0,200,1.0,0.043923,1.2588,0.0080,7,0.013806,nan,models/chua_orig_nint128_bs16_sig0.0_lr1e-03-1e-05_tfp0_ramp200_hLR1_m20_p10_seed13_minsym5_cand6_reducedp3_full_sync_fullstate_ga0p1_v1_rseed0.pth,full_sync_fullstate_ga0p1_v1,True,completed,5,4,2.487992
chua_orig_nint128_bs16_sig0.0_lr1e-03-1e-05_tfp0_ramp200_hLR1_m20_p10_seed13_minsym5_cand7_reducedp3_full_sync_fullstate_ga0p1_v1_rseed0,20,10,13,13,0,7,10,3,7,5,5,2;3;5;6;7;8;9,full_preactivation,1.0,,True,0.1,273.2644195521328,2.7015014321207844,10.115279462854415,default,,0.1,True,full,128,0.00,0.00,0.00,1.00,128,2000,16,200,200,0.0,0.0,0.001,1e-05,False,5,5.0,0.0,200,1.0,0.045827,1.2515,0.0076,5,0.019447,nan,models/chua_orig_nint128_bs16_sig0.0_lr1e-03-1e-05_tfp0_ramp200_hLR1_m20_p10_seed13_minsym5_cand7_reducedp3_full_sync_fullstate_ga0p1_v1_rseed0.pth,full_sync_fullstate_ga0p1_v1,True,completed,5,5,1.251489
chua_orig_nint128_bs16_sig0.0_lr1e-03-1e-05_tfp0_ramp200_hLR1_m20_p10_seed14_minsym5_cand0_reducedp3_full_sync_fullstate_ga0p1_v1_rseed0,20,10,14,14,0,0,10,3,7,5,5,0;1;2;5;6;7;8,full_preactivation,1.0,,True,0.1,6204.116471142365,132.32415270408868,4.688574492531489,default,,0.1,True,full,128,0.00,0.00,0.00,1.00,128,2000,16,200,200,0.0,0.0,0.001,1e-05,False,5,5.0,0.0,200,1.0,0.445528,2.8389,0.0117,2,0.356536,nan,models/chua_orig_nint128_bs16_sig0.0_lr1e-03-1e-05_tfp0_ramp200_hLR1_m20_p10_seed14_minsym5_cand0_reducedp3_full_sync_fullstate_ga0p1_v1_rseed0.pth,full_sync_fullstate_ga0p1_v1,True,completed,4,4,4.748024
chua_orig_nint128_bs16_sig0.0_lr1e-03-1e-05_tfp0_ramp200_hLR1_m20_p10_seed14_minsym5_cand1_reducedp3_full_sync_fullstate_ga0p1_v1_rseed0,20,10,14,14,0,1,10,3,7,5,5,0;1;2;5;6;7;9,full_preactivation,1.0,,True,0.1,6360.239613214269,118.30804873484634,5.37599908140559,default,,0.1,True,full,128,0.00,0.00,0.00,1.00,128,2000,16,200,200,0.0,0.0,0.001,1e-05,False,5,5.0,0.0,200,1.0,0.042554,1.1811,0.0055,5,0.020171,nan,models/chua_orig_nint128_bs16_sig0.0_lr1e-03-1e-05_tfp0_ramp200_hLR1_m20_p10_seed14_minsym5_cand1_reducedp3_full_sync_fullstate_ga0p1_v1_rseed0.pth,full_sync_fullstate_ga0p1_v1,True,completed,5,5,1.181102
chua_orig_nint128_bs16_sig0.0_lr1e-03-1e-05_tfp0_ramp200_hLR1_m20_p10_seed14_minsym5_cand2_reducedp3_full_sync_fullstate_ga0p1_v1_rseed0,20,10,14,14,0,2,10,3,7,5,5,0;1;2;5;6;8;9,full_preactivation,1.0,,True,0.1,6184.345468600537,121.9344832429914,5.071859333078326,default,,0.1,True,full,128,0.00,0.00,0.00,1.00,128,2000,16,200,200,0.0,0.0,0.001,1e-05,False,5,5.0,0.0,200,1.0,0.031119,1.1988,0.0085,5,0.013274,nan,models/chua_orig_nint128_bs16_sig0.0_lr1e-03-1e-05_tfp0_ramp200_hLR1_m20_p10_seed14_minsym5_cand2_reducedp3_full_sync_fullstate_ga0p1_v1_rseed0.pth,full_sync_fullstate_ga0p1_v1,True,completed,5,5,1.198850
chua_orig_nint128_bs16_sig0.0_lr1e-03-1e-05_tfp0_ramp200_hLR1_m20_p10_seed14_minsym5_cand3_reducedp3_full_sync_fullstate_ga0p1_v1_rseed0,20,10,14,14,0,3,10,3,7,5,5,0;1;5;6;7;8;9,full_preactivation,1.0,,True,0.1,5509.059646391569,100.9770815690237,5.455752494317983,default,,0.1,True,full,128,0.00,0.00,0.00,1.00,128,2000,16,200,200,0.0,0.0,0.001,1e-05,False,5,5.0,0.0,200,1.0,0.473933,2.7358,0.0070,2,0.361945,nan,models/chua_orig_nint128_bs16_sig0.0_lr1e-03-1e-05_tfp0_ramp200_hLR1_m20_p10_seed14_minsym5_cand3_reducedp3_full_sync_fullstate_ga0p1_v1_rseed0.pth,full_sync_fullstate_ga0p1_v1,True,completed,3,6,2.735847
chua_orig_nint128_bs16_sig0.0_lr1e-03-1e-05_tfp0_ramp200_hLR1_m20_p10_seed14_minsym5_cand4_reducedp3_full_sync_fullstate_ga0p1_v1_rseed0,20,10,14,14,0,4,10,3,7,5,5,0;2;5;6;7;8;9,full_preactivation,1.0,,True,0.1,5441.872075628019,116.9837746414344,4.651817820298406,default,,0.1,True,full,128,0.00,0.00,0.00,1.00,128,2000,16,200,200,0.0,0.0,0.001,1e-05,False,5,5.0,0.0,200,1.0,0.464528,2.7701,0.0080,2,0.363605,nan,models/chua_orig_nint128_bs16_sig0.0_lr1e-03-1e-05_tfp0_ramp200_hLR1_m20_p10_seed14_minsym5_cand4_reducedp3_full_sync_fullstate_ga0p1_v1_rseed0.pth,full_sync_fullstate_ga0p1_v1,True,completed,4,7,7.302717
chua_orig_nint128_bs16_sig0.0_lr1e-03-1e-05_tfp0_ramp200_hLR1_m20_p10_seed15_minsym5_cand0_reducedp3_full_sync_fullstate_ga0p1_v1_rseed0,20,10,15,15,0,0,10,3,7,5,5,0;2;3;5;6;7;8,full_preactivation,1.0,,True,0.1,3630.534826303144,131.8157632712315,2.7542493676061524,default,,0.1,True,full,128,0.00,0.00,0.00,1.00,128,2000,16,200,200,0.0,0.0,0.001,1e-05,False,5,5.0,0.0,200,1.0,0.032314,1.0483,0.0123,5,0.021687,nan,models/chua_orig_nint128_bs16_sig0.0_lr1e-03-1e-05_tfp0_ramp200_hLR1_m20_p10_seed15_minsym5_cand0_reducedp3_full_sync_fullstate_ga0p1_v1_rseed0.pth,full_sync_fullstate_ga0p1_v1,True,completed,5,5,1.048331
chua_orig_nint128_bs16_sig0.0_lr1e-03-1e-05_tfp0_ramp200_hLR1_m20_p10_seed15_minsym5_cand1_reducedp3_full_sync_fullstate_ga0p1_v1_rseed0,20,10,15,15,0,1,10,3,7,5,5,0;2;3;5;6;7;9,full_preactivation,1.0,,True,0.1,16877.58863108116,699.2511654497349,2.41366614244054,default,,0.1,True,full,128,0.00,0.00,0.00,1.00,128,2000,16,200,200,0.0,0.0,0.001,1e-05,False,5,5.0,0.0,200,1.0,0.033468,1.2694,0.0060,5,0.023028,nan,models/chua_orig_nint128_bs16_sig0.0_lr1e-03-1e-05_tfp0_ramp200_hLR1_m20_p10_seed15_minsym5_cand1_reducedp3_full_sync_fullstate_ga0p1_v1_rseed0.pth,full_sync_fullstate_ga0p1_v1,True,completed,5,5,1.269392
chua_orig_nint128_bs16_sig0.0_lr1e-03-1e-05_tfp0_ramp200_hLR1_m20_p10_seed15_minsym5_cand2_reducedp3_full_sync_fullstate_ga0p1_v1_rseed0,20,10,15,15,0,2,10,3,7,5,5,0;2;3;5;6;8;9,full_preactivation,1.0,,True,0.1,40094.681065572775,1885.4100279624217,2.126576207346442,default,,0.1,True,full,128,0.00,0.00,0.00,1.00,128,2000,16,200,200,0.0,0.0,0.001,1e-05,False,5,5.0,0.0,200,1.0,0.066324,1.3069,0.0073,5,0.045420,nan,models/chua_orig_nint128_bs16_sig0.0_lr1e-03-1e-05_tfp0_ramp200_hLR1_m20_p10_seed15_minsym5_cand2_reducedp3_full_sync_fullstate_ga0p1_v1_rseed0.pth,full_sync_fullstate_ga0p1_v1,True,completed,5,5,1.306870
chua_orig_nint128_bs16_sig0.0_lr1e-03-1e-05_tfp0_ramp200_hLR1_m20_p10_seed15_minsym5_cand3_reducedp3_full_sync_fullstate_ga0p1_v1_rseed0,20,10,15,15,0,3,10,3,7,5,5,0;2;3;5;7;8;9,full_preactivation,1.0,,True,0.1,20098.528105311594,725.5444510767629,2.770130496551084,default,,0.1,True,full,128,0.00,0.00,0.00,1.00,128,2000,16,200,200,0.0,0.0,0.001,1e-05,False,5,5.0,0.0,200,1.0,0.422511,2.8424,0.0107,2,0.337375,nan,models/chua_orig_nint128_bs16_sig0.0_lr1e-03-1e-05_tfp0_ramp200_hLR1_m20_p10_seed15_minsym5_cand3_reducedp3_full_sync_fullstate_ga0p1_v1_rseed0.pth,full_sync_fullstate_ga0p1_v1,True,completed,3,4,2.842439
chua_orig_nint128_bs16_sig0.0_lr1e-03-1e-05_tfp0_ramp200_hLR1_m20_p10_seed15_minsym5_cand4_reducedp3_full_sync_fullstate_ga0p1_v1_rseed0,20,10,15,15,0,4,10,3,7,5,5,0;2;5;6;7;8;9,full_preactivation,1.0,,True,0.1,2448.169979801239,128.18101148025616,1.9099318623946995,default,,0.1,True,full,128,0.00,0.00,0.00,1.00,128,2000,16,200,200,0.0,0.0,0.001,1e-05,False,5,5.0,0.0,200,1.0,0.089943,1.4067,0.0058,5,0.052670,nan,models/chua_orig_nint128_bs16_sig0.0_lr1e-03-1e-05_tfp0_ramp200_hLR1_m20_p10_seed15_minsym5_cand4_reducedp3_full_sync_fullstate_ga0p1_v1_rseed0.pth,full_sync_fullstate_ga0p1_v1,True,completed,5,7,1.406735
chua_orig_nint128_bs16_sig0.0_lr1e-03-1e-05_tfp0_ramp200_hLR1_m20_p10_seed15_minsym5_cand5_reducedp3_full_sync_fullstate_ga0p1_v1_rseed0,20,10,15,15,0,5,10,3,7,5,5,0;3;5;6;7;8;9,full_preactivation,1.0,,True,0.1,15655.656805129576,586.6723525263058,2.668552001421878,default,,0.1,True,full,128,0.00,0.00,0.00,1.00,128,2000,16,200,200,0.0,0.0,0.001,1e-05,False,5,5.0,0.0,200,1.0,0.502354,5.9299,0.0157,3,0.196486,nan,models/chua_orig_nint128_bs16_sig0.0_lr1e-03-1e-05_tfp0_ramp200_hLR1_m20_p10_seed15_minsym5_cand5_reducedp3_full_sync_fullstate_ga0p1_v1_rseed0.pth,full_sync_fullstate_ga0p1_v1,True,completed,3,6,6.988856
chua_orig_nint128_bs16_sig0.0_lr1e-03-1e-05_tfp0_ramp200_hLR1_m20_p10_seed15_minsym5_cand6_reducedp3_full_sync_fullstate_ga0p1_v1_rseed0,20,10,15,15,0,6,10,3,7,5,5,2;3;5;6;7;8;9,full_preactivation,1.0,,True,0.1,19513.023497141596,723.9120851534736,2.6954963036712796,default,,0.1,True,full,128,0.00,0.00,0.00,1.00,128,2000,16,200,200,0.0,0.0,0.001,1e-05,False,5,5.0,0.0,200,1.0,0.369821,2.9067,0.0140,4,0.281646,nan,models/chua_orig_nint128_bs16_sig0.0_lr1e-03-1e-05_tfp0_ramp200_hLR1_m20_p10_seed15_minsym5_cand6_reducedp3_full_sync_fullstate_ga0p1_v1_rseed0.pth,full_sync_fullstate_ga0p1_v1,True,completed,4,6,2.906673
chua_orig_nint128_bs16_sig0.0_lr1e-03-1e-05_tfp0_ramp200_hLR1_m20_p10_seed16_minsym5_cand0_reducedp3_full_sync_fullstate_ga0p1_v1_rseed0,20,10,16,16,0,0,10,3,7,5,5,0;1;2;3;4;5;8,full_preactivation,1.0,,True,0.1,3763.286105586446,71.56156309089202,5.258809258828732,default,,0.1,True,full,128,0.00,0.00,0.00,1.00,128,2000,16,200,200,0.0,0.0,0.001,1e-05,False,5,5.0,0.0,200,1.0,0.041331,1.2411,0.0094,5,0.015948,nan,models/chua_orig_nint128_bs16_sig0.0_lr1e-03-1e-05_tfp0_ramp200_hLR1_m20_p10_seed16_minsym5_cand0_reducedp3_full_sync_fullstate_ga0p1_v1_rseed0.pth,full_sync_fullstate_ga0p1_v1,True,completed,5,5,1.241139
chua_orig_nint128_bs16_sig0.0_lr1e-03-1e-05_tfp0_ramp200_hLR1_m20_p10_seed16_minsym5_cand1_reducedp3_full_sync_fullstate_ga0p1_v1_rseed0,20,10,16,16,0,1,10,3,7,5,5,0;1;2;3;4;7;8,full_preactivation,1.0,,True,0.1,2121.552201146015,60.85719512051974,3.486115646546842,default,,0.1,True,full,128,0.00,0.00,0.00,1.00,128,2000,16,200,200,0.0,0.0,0.001,1e-05,False,5,5.0,0.0,200,1.0,0.037307,1.1149,0.0112,5,0.021615,nan,models/chua_orig_nint128_bs16_sig0.0_lr1e-03-1e-05_tfp0_ramp200_hLR1_m20_p10_seed16_minsym5_cand1_reducedp3_full_sync_fullstate_ga0p1_v1_rseed0.pth,full_sync_fullstate_ga0p1_v1,True,completed,5,5,1.114867
chua_orig_nint128_bs16_sig0.0_lr1e-03-1e-05_tfp0_ramp200_hLR1_m20_p10_seed17_minsym5_cand0_reducedp3_full_sync_fullstate_ga0p1_v1_rseed0,20,10,17,17,0,0,10,3,7,5,5,0;1;2;3;4;6;8,full_preactivation,1.0,,True,0.1,2862.1817454085617,48.41062916303292,5.912300242513905,default,,0.1,True,full,128,0.00,0.00,0.00,1.00,128,2000,16,200,200,0.0,0.0,0.001,1e-05,False,5,5.0,0.0,200,1.0,0.034935,1.1634,0.0060,5,0.013321,nan,models/chua_orig_nint128_bs16_sig0.0_lr1e-03-1e-05_tfp0_ramp200_hLR1_m20_p10_seed17_minsym5_cand0_reducedp3_full_sync_fullstate_ga0p1_v1_rseed0.pth,full_sync_fullstate_ga0p1_v1,True,completed,5,5,1.163381
chua_orig_nint128_bs16_sig0.0_lr1e-03-1e-05_tfp0_ramp200_hLR1_m20_p10_seed17_minsym5_cand1_reducedp3_full_sync_fullstate_ga0p1_v1_rseed0,20,10,17,17,0,1,10,3,7,5,5,0;1;2;3;4;8;9,full_preactivation,1.0,,True,0.1,3394.252352322968,104.97568324848535,3.2333700979954423,default,,0.1,True,full,128,0.00,0.00,0.00,1.00,128,2000,16,200,200,0.0,0.0,0.001,1e-05,False,5,5.0,0.0,200,1.0,0.026798,1.1489,0.0075,5,0.014439,nan,models/chua_orig_nint128_bs16_sig0.0_lr1e-03-1e-05_tfp0_ramp200_hLR1_m20_p10_seed17_minsym5_cand1_reducedp3_full_sync_fullstate_ga0p1_v1_rseed0.pth,full_sync_fullstate_ga0p1_v1,True,completed,5,5,1.148853
chua_orig_nint128_bs16_sig0.0_lr1e-03-1e-05_tfp0_ramp200_hLR1_m20_p10_seed17_minsym5_cand2_reducedp3_full_sync_fullstate_ga0p1_v1_rseed0,20,10,17,17,0,2,10,3,7,5,5,0;2;3;4;6;7;8,full_preactivation,1.0,,True,0.1,2868.0075073995185,46.763532118227396,6.133000176608924,default,,0.1,True,full,128,0.00,0.00,0.00,1.00,128,2000,16,200,200,0.0,0.0,0.001,1e-05,False,5,5.0,0.0,200,1.0,0.030927,1.0822,0.0078,5,0.015373,nan,models/chua_orig_nint128_bs16_sig0.0_lr1e-03-1e-05_tfp0_ramp200_hLR1_m20_p10_seed17_minsym5_cand2_reducedp3_full_sync_fullstate_ga0p1_v1_rseed0.pth,full_sync_fullstate_ga0p1_v1,True,completed,5,5,1.082157
chua_orig_nint128_bs16_sig0.0_lr1e-03-1e-05_tfp0_ramp200_hLR1_m20_p10_seed17_minsym5_cand3_reducedp3_full_sync_fullstate_ga0p1_v1_rseed0,20,10,17,17,0,3,10,3,7,5,5,0;2;3;4;7;8;9,full_preactivation,1.0,,True,0.1,4194.802163094227,337.21382380303925,1.24395913423298,default,,0.1,True,full,128,0.00,0.00,0.00,1.00,128,2000,16,200,200,0.0,0.0,0.001,1e-05,False,5,5.0,0.0,200,1.0,0.015685,1.0713,0.0165,5,0.011687,nan,models/chua_orig_nint128_bs16_sig0.0_lr1e-03-1e-05_tfp0_ramp200_hLR1_m20_p10_seed17_minsym5_cand3_reducedp3_full_sync_fullstate_ga0p1_v1_rseed0.pth,full_sync_fullstate_ga0p1_v1,True,completed,5,5,1.071306
chua_orig_nint128_bs16_sig0.0_lr1e-03-1e-05_tfp0_ramp200_hLR1_m20_p10_seed17_minsym5_cand4_reducedp3_full_sync_fullstate_ga0p1_v1_rseed0,20,10,17,17,0,4,10,3,7,5,5,1;2;3;5;7;8;9,full_preactivation,1.0,,True,0.1,3004.52501445736,62.308338573469705,4.822027168826822,default,,0.1,True,full,128,0.00,0.00,0.00,1.00,128,2000,16,200,200,0.0,0.0,0.001,1e-05,False,5,5.0,0.0,200,1.0,0.502895,3.2002,0.0107,2,0.334457,nan,models/chua_orig_nint128_bs16_sig0.0_lr1e-03-1e-05_tfp0_ramp200_hLR1_m20_p10_seed17_minsym5_cand4_reducedp3_full_sync_fullstate_ga0p1_v1_rseed0.pth,full_sync_fullstate_ga0p1_v1,True,completed,3,6,3.200205
chua_orig_nint128_bs16_sig0.0_lr1e-03-1e-05_tfp0_ramp200_hLR1_m20_p10_seed17_minsym5_cand5_reducedp3_full_sync_fullstate_ga0p1_v1_rseed0,20,10,17,17,0,5,10,3,7,5,5,1;2;4;5;7;8;9,full_preactivation,1.0,,True,0.1,1896.68226780344,36.34199347806497,5.218982467068498,default,,0.1,True,full,128,0.00,0.00,0.00,1.00,128,2000,16,200,200,0.0,0.0,0.001,1e-05,False,5,5.0,0.0,200,1.0,0.504348,3.7023,0.0115,1,0.323904,nan,models/chua_orig_nint128_bs16_sig0.0_lr1e-03-1e-05_tfp0_ramp200_hLR1_m20_p10_seed17_minsym5_cand5_reducedp3_full_sync_fullstate_ga0p1_v1_rseed0.pth,full_sync_fullstate_ga0p1_v1,True,completed,4,8,6.187551
chua_orig_nint128_bs16_sig0.0_lr1e-03-1e-05_tfp0_ramp200_hLR1_m20_p10_seed18_minsym5_cand0_reducedp3_full_sync_fullstate_ga0p1_v1_rseed0,20,10,18,18,0,0,10,3,7,5,5,0;1;2;3;4;5;7,full_preactivation,1.0,,True,0.1,8556342.727168424,393518.95946192986,2.1743152449040233,default,,0.1,True,full,128,0.00,0.00,0.00,1.00,128,2000,16,200,200,0.0,0.0,0.001,1e-05,False,5,5.0,0.0,200,1.0,11867.095703,1.9333,0.0187,4,2019.347412,nan,models/chua_orig_nint128_bs16_sig0.0_lr1e-03-1e-05_tfp0_ramp200_hLR1_m20_p10_seed18_minsym5_cand0_reducedp3_full_sync_fullstate_ga0p1_v1_rseed0.pth,full_sync_fullstate_ga0p1_v1,True,completed,4,7,1.933340
chua_orig_nint128_bs16_sig0.0_lr1e-03-1e-05_tfp0_ramp200_hLR1_m20_p10_seed18_minsym5_cand1_reducedp3_full_sync_fullstate_ga0p1_v1_rseed0,20,10,18,18,0,1,10,3,7,5,5,0;1;2;3;4;5;9,full_preactivation,1.0,,True,0.1,16603894.307587482,326603.62756099325,5.0838058448957995,default,,0.1,True,full,128,0.00,0.00,0.00,1.00,128,2000,16,200,200,0.0,0.0,0.001,1e-05,False,5,5.0,0.0,200,1.0,0.058082,1.1489,0.0054,5,0.035921,nan,models/chua_orig_nint128_bs16_sig0.0_lr1e-03-1e-05_tfp0_ramp200_hLR1_m20_p10_seed18_minsym5_cand1_reducedp3_full_sync_fullstate_ga0p1_v1_rseed0.pth,full_sync_fullstate_ga0p1_v1,True,completed,5,5,1.148882
chua_orig_nint128_bs16_sig0.0_lr1e-03-1e-05_tfp0_ramp200_hLR1_m20_p10_seed18_minsym5_cand2_reducedp3_full_sync_fullstate_ga0p1_v1_rseed0,20,10,18,18,0,2,10,3,7,5,5,0;1;2;3;4;6;7,full_preactivation,1.0,,True,0.1,1496800.195782991,29129.226311286413,5.138482497913241,default,,0.1,True,full,128,0.00,0.00,0.00,1.00,128,2000,16,200,200,0.0,0.0,0.001,1e-05,False,5,5.0,0.0,200,1.0,0.048770,1.2870,0.0094,5,0.031488,nan,models/chua_orig_nint128_bs16_sig0.0_lr1e-03-1e-05_tfp0_ramp200_hLR1_m20_p10_seed18_minsym5_cand2_reducedp3_full_sync_fullstate_ga0p1_v1_rseed0.pth,full_sync_fullstate_ga0p1_v1,True,completed,5,5,1.287023
chua_orig_nint128_bs16_sig0.0_lr1e-03-1e-05_tfp0_ramp200_hLR1_m20_p10_seed18_minsym5_cand3_reducedp3_full_sync_fullstate_ga0p1_v1_rseed0,20,10,18,18,0,3,10,3,7,5,5,0;1;2;3;4;6;9,full_preactivation,1.0,,True,0.1,695655.7697712282,9493.948747096752,7.327359650892991,default,,0.1,True,full,128,0.00,0.00,0.00,1.00,128,2000,16,200,200,0.0,0.0,0.001,1e-05,False,5,5.0,0.0,200,1.0,0.051927,1.1080,0.0112,5,0.026371,nan,models/chua_orig_nint128_bs16_sig0.0_lr1e-03-1e-05_tfp0_ramp200_hLR1_m20_p10_seed18_minsym5_cand3_reducedp3_full_sync_fullstate_ga0p1_v1_rseed0.pth,full_sync_fullstate_ga0p1_v1,True,completed,5,5,1.108033
chua_orig_nint128_bs16_sig0.0_lr1e-03-1e-05_tfp0_ramp200_hLR1_m20_p10_seed18_minsym5_cand4_reducedp3_full_sync_fullstate_ga0p1_v1_rseed0,20,10,18,18,0,4,10,3,7,5,5,0;1;3;4;5;7;9,full_preactivation,1.0,,True,0.1,4191646.808449395,54924.42045666026,7.631663244871084,default,,0.1,True,full,128,0.00,0.00,0.00,1.00,128,2000,16,200,200,0.0,0.0,0.001,1e-05,False,5,5.0,0.0,200,1.0,0.062981,1.2287,0.0096,5,0.035777,nan,models/chua_orig_nint128_bs16_sig0.0_lr1e-03-1e-05_tfp0_ramp200_hLR1_m20_p10_seed18_minsym5_cand4_reducedp3_full_sync_fullstate_ga0p1_v1_rseed0.pth,full_sync_fullstate_ga0p1_v1,True,completed,5,5,1.228723
chua_orig_nint128_bs16_sig0.0_lr1e-03-1e-05_tfp0_ramp200_hLR1_m20_p10_seed18_minsym5_cand5_reducedp3_full_sync_fullstate_ga0p1_v1_rseed0,20,10,18,18,0,5,10,3,7,5,5,0;1;3;4;6;7;9,full_preactivation,1.0,,True,0.1,762517.6908111706,10338.111124620396,7.375793136864441,default,,0.1,True,full,128,0.00,0.00,0.00,1.00,128,2000,16,200,200,0.0,0.0,0.001,1e-05,False,5,5.0,0.0,200,1.0,0.050154,1.1594,0.0095,5,0.026696,nan,models/chua_orig_nint128_bs16_sig0.0_lr1e-03-1e-05_tfp0_ramp200_hLR1_m20_p10_seed18_minsym5_cand5_reducedp3_full_sync_fullstate_ga0p1_v1_rseed0.pth,full_sync_fullstate_ga0p1_v1,True,completed,5,5,1.159427
chua_orig_nint128_bs16_sig0.0_lr1e-03-1e-05_tfp0_ramp200_hLR1_m20_p10_seed18_minsym5_cand6_reducedp3_full_sync_fullstate_ga0p1_v1_rseed0,20,10,18,18,0,6,10,3,7,5,5,1;2;3;4;5;7;9,full_preactivation,1.0,,True,0.1,143877.99399491222,4206.016533268147,3.4207662489409314,default,,0.1,True,full,128,0.00,0.00,0.00,1.00,128,2000,16,200,200,0.0,0.0,0.001,1e-05,False,5,5.0,0.0,200,1.0,0.179100,1.5055,0.0159,3,0.063839,nan,models/chua_orig_nint128_bs16_sig0.0_lr1e-03-1e-05_tfp0_ramp200_hLR1_m20_p10_seed18_minsym5_cand6_reducedp3_full_sync_fullstate_ga0p1_v1_rseed0.pth,full_sync_fullstate_ga0p1_v1,True,completed,4,7,5.041734
chua_orig_nint128_bs16_sig0.0_lr1e-03-1e-05_tfp0_ramp200_hLR1_m20_p10_seed18_minsym5_cand7_reducedp3_full_sync_fullstate_ga0p1_v1_rseed0,20,10,18,18,0,7,10,3,7,5,5,1;2;3;4;6;7;9,full_preactivation,1.0,,True,0.1,157226.10065761983,3423.8450527604928,4.592091588106635,default,,0.1,True,full,128,0.00,0.00,0.00,1.00,128,2000,16,200,200,0.0,0.0,0.001,1e-05,False,5,5.0,0.0,200,1.0,0.041610,1.0892,0.0101,5,0.028497,nan,models/chua_orig_nint128_bs16_sig0.0_lr1e-03-1e-05_tfp0_ramp200_hLR1_m20_p10_seed18_minsym5_cand7_reducedp3_full_sync_fullstate_ga0p1_v1_rseed0.pth,full_sync_fullstate_ga0p1_v1,True,completed,5,5,1.089186
chua_orig_nint128_bs16_sig0.0_lr1e-03-1e-05_tfp0_ramp200_hLR1_m20_p10_seed20_minsym5_cand0_reducedp3_full_sync_fullstate_ga0p1_v1_rseed0,20,10,20,20,0,0,10,3,7,5,5,0;1;2;3;5;7;8,full_preactivation,1.0,,True,0.1,3994996.5814453457,234719.52286931736,1.7020299515816601,default,,0.1,True,full,128,0.00,0.00,0.00,1.00,128,2000,16,200,200,0.0,0.0,0.001,1e-05,False,5,5.0,0.0,200,1.0,0.008552,1.0990,0.0080,5,0.005718,nan,models/chua_orig_nint128_bs16_sig0.0_lr1e-03-1e-05_tfp0_ramp200_hLR1_m20_p10_seed20_minsym5_cand0_reducedp3_full_sync_fullstate_ga0p1_v1_rseed0.pth,full_sync_fullstate_ga0p1_v1,True,completed,5,5,1.098951
chua_orig_nint128_bs16_sig0.0_lr1e-03-1e-05_tfp0_ramp200_hLR1_m20_p10_seed20_minsym5_cand1_reducedp3_full_sync_fullstate_ga0p1_v1_rseed0,20,10,20,20,0,1,10,3,7,5,5,0;1;3;4;5;7;8,full_preactivation,1.0,,True,0.1,54395.86948473202,1569.0148555132578,3.4668804628327092,default,,0.1,True,full,128,0.00,0.00,0.00,1.00,128,2000,16,200,200,0.0,0.0,0.001,1e-05,False,5,5.0,0.0,200,1.0,0.011956,1.1831,0.0122,5,0.007194,nan,models/chua_orig_nint128_bs16_sig0.0_lr1e-03-1e-05_tfp0_ramp200_hLR1_m20_p10_seed20_minsym5_cand1_reducedp3_full_sync_fullstate_ga0p1_v1_rseed0.pth,full_sync_fullstate_ga0p1_v1,True,completed,5,5,1.183139
chua_orig_nint128_bs16_sig0.0_lr1e-03-1e-05_tfp0_ramp200_hLR1_m20_p10_seed20_minsym5_cand2_reducedp3_full_sync_fullstate_ga0p1_v1_rseed0,20,10,20,20,0,2,10,3,7,5,5,1;2;3;4;5;7;8,full_preactivation,1.0,,True,0.1,1938799.7400783815,148556.6323123946,1.305091337828221,default,,0.1,True,full,128,0.00,0.00,0.00,1.00,128,2000,16,200,200,0.0,0.0,0.001,1e-05,False,5,5.0,0.0,200,1.0,0.007658,1.1173,0.0100,5,0.005446,nan,models/chua_orig_nint128_bs16_sig0.0_lr1e-03-1e-05_tfp0_ramp200_hLR1_m20_p10_seed20_minsym5_cand2_reducedp3_full_sync_fullstate_ga0p1_v1_rseed0.pth,full_sync_fullstate_ga0p1_v1,True,completed,5,5,1.117310
chua_orig_nint128_bs16_sig0.0_lr1e-03-1e-05_tfp0_ramp200_hLR1_m20_p10_seed21_minsym5_cand0_reducedp3_full_sync_fullstate_ga0p1_v1_rseed0,20,10,21,21,0,0,10,3,7,5,5,0;1;3;4;5;6;8,full_preactivation,1.0,,True,0.1,390861.38265119004,19029.359906142403,2.0539912250281507,default,,0.1,True,full,128,0.00,0.00,0.00,1.00,128,2000,16,200,200,0.0,0.0,0.001,1e-05,False,5,5.0,0.0,200,1.0,0.046142,1.3545,0.0061,5,0.025681,nan,models/chua_orig_nint128_bs16_sig0.0_lr1e-03-1e-05_tfp0_ramp200_hLR1_m20_p10_seed21_minsym5_cand0_reducedp3_full_sync_fullstate_ga0p1_v1_rseed0.pth,full_sync_fullstate_ga0p1_v1,True,completed,5,5,1.354490
chua_orig_nint128_bs16_sig0.0_lr1e-03-1e-05_tfp0_ramp200_hLR1_m20_p10_seed21_minsym5_cand1_reducedp3_full_sync_fullstate_ga0p1_v1_rseed0,20,10,21,21,0,1,10,3,7,5,5,0;1;3;4;5;8;9,full_preactivation,1.0,,True,0.1,178029.20230119553,16298.502929717195,1.0923040175462582,default,,0.1,True,full,128,0.00,0.00,0.00,1.00,128,2000,16,200,200,0.0,0.0,0.001,1e-05,False,5,5.0,0.0,200,1.0,0.020422,0.9717,0.0093,4,0.012560,nan,models/chua_orig_nint128_bs16_sig0.0_lr1e-03-1e-05_tfp0_ramp200_hLR1_m20_p10_seed21_minsym5_cand1_reducedp3_full_sync_fullstate_ga0p1_v1_rseed0.pth,full_sync_fullstate_ga0p1_v1,True,completed,5,5,0.971682
chua_orig_nint128_bs16_sig0.0_lr1e-03-1e-05_tfp0_ramp200_hLR1_m20_p10_seed21_minsym5_cand2_reducedp3_full_sync_fullstate_ga0p1_v1_rseed0,20,10,21,21,0,2,10,3,7,5,5,0;1;3;4;6;8;9,full_preactivation,1.0,,True,0.1,42397.008903930946,1798.7757864942826,2.3569924179689132,default,,0.1,True,full,128,0.00,0.00,0.00,1.00,128,2000,16,200,200,0.0,0.0,0.001,1e-05,False,5,5.0,0.0,200,1.0,0.029004,1.1845,0.0078,5,0.015925,nan,models/chua_orig_nint128_bs16_sig0.0_lr1e-03-1e-05_tfp0_ramp200_hLR1_m20_p10_seed21_minsym5_cand2_reducedp3_full_sync_fullstate_ga0p1_v1_rseed0.pth,full_sync_fullstate_ga0p1_v1,True,completed,5,5,1.184519
chua_orig_nint128_bs16_sig0.0_lr1e-03-1e-05_tfp0_ramp200_hLR1_m20_p10_seed21_minsym5_cand3_reducedp3_full_sync_fullstate_ga0p1_v1_rseed0,20,10,21,21,0,3,10,3,7,5,5,0;3;4;5;6;8;9,full_preactivation,1.0,,True,0.1,158040.3314347322,7744.338329144072,2.040720907556208,default,,0.1,True,full,128,0.00,0.00,0.00,1.00,128,2000,16,200,200,0.0,0.0,0.001,1e-05,False,5,5.0,0.0,200,1.0,0.025700,1.2075,0.0050,5,0.013082,nan,models/chua_orig_nint128_bs16_sig0.0_lr1e-03-1e-05_tfp0_ramp200_hLR1_m20_p10_seed21_minsym5_cand3_reducedp3_full_sync_fullstate_ga0p1_v1_rseed0.pth,full_sync_fullstate_ga0p1_v1,True,completed,5,5,1.207506
chua_orig_nint128_bs16_sig0.0_lr1e-03-1e-05_tfp0_ramp200_hLR1_m20_p10_seed22_minsym5_cand0_reducedp3_full_sync_fullstate_ga0p1_v1_rseed0,20,10,22,22,0,0,10,3,7,5,5,0;2;3;4;5;7;8,full_preactivation,1.0,,True,0.1,2579.093817966884,101.4263473650675,2.5428243104169312,default,,0.1,True,full,128,0.00,0.00,0.00,1.00,128,2000,16,200,200,0.0,0.0,0.001,1e-05,False,5,5.0,0.0,200,1.0,0.158895,4.4384,0.0177,3,0.086725,nan,models/chua_orig_nint128_bs16_sig0.0_lr1e-03-1e-05_tfp0_ramp200_hLR1_m20_p10_seed22_minsym5_cand0_reducedp3_full_sync_fullstate_ga0p1_v1_rseed0.pth,full_sync_fullstate_ga0p1_v1,True,completed,4,8,7.646147
chua_orig_nint128_bs16_sig0.0_lr1e-03-1e-05_tfp0_ramp200_hLR1_m20_p10_seed22_minsym5_cand1_reducedp3_full_sync_fullstate_ga0p1_v1_rseed0,20,10,22,22,0,1,10,3,7,5,5,0;2;3;4;5;8;9,full_preactivation,1.0,,True,0.1,4961.570133284422,252.44180781520285,1.9654312319441412,default,,0.1,True,full,128,0.00,0.00,0.00,1.00,128,2000,16,200,200,0.0,0.0,0.001,1e-05,False,5,5.0,0.0,200,1.0,0.213458,5.4748,0.0207,2,0.137946,nan,models/chua_orig_nint128_bs16_sig0.0_lr1e-03-1e-05_tfp0_ramp200_hLR1_m20_p10_seed22_minsym5_cand1_reducedp3_full_sync_fullstate_ga0p1_v1_rseed0.pth,full_sync_fullstate_ga0p1_v1,True,completed,4,7,10.963721
chua_orig_nint128_bs16_sig0.0_lr1e-03-1e-05_tfp0_ramp200_hLR1_m20_p10_seed22_minsym5_cand2_reducedp3_full_sync_fullstate_ga0p1_v1_rseed0,20,10,22,22,0,2,10,3,7,5,5,0;2;3;4;7;8;9,full_preactivation,1.0,,True,0.1,1895.791700550195,94.02212069341714,2.0163251866354757,default,,0.1,True,full,128,0.00,0.00,0.00,1.00,128,2000,16,200,200,0.0,0.0,0.001,1e-05,False,5,5.0,0.0,200,1.0,0.018942,1.2259,0.0061,5,0.013154,nan,models/chua_orig_nint128_bs16_sig0.0_lr1e-03-1e-05_tfp0_ramp200_hLR1_m20_p10_seed22_minsym5_cand2_reducedp3_full_sync_fullstate_ga0p1_v1_rseed0.pth,full_sync_fullstate_ga0p1_v1,True,completed,5,5,1.225893
chua_orig_nint128_bs16_sig0.0_lr1e-03-1e-05_tfp0_ramp200_hLR1_m20_p10_seed22_minsym5_cand3_reducedp3_full_sync_fullstate_ga0p1_v1_rseed0,20,10,22,22,0,3,10,3,7,5,5,0;2;3;5;7;8;9,full_preactivation,1.0,,True,0.1,5917.589754283411,195.6976413590519,3.02384316601252,default,,0.1,True,full,128,0.00,0.00,0.00,1.00,128,2000,16,200,200,0.0,0.0,0.001,1e-05,False,5,5.0,0.0,200,1.0,0.250554,3.9991,0.0231,3,0.139415,nan,models/chua_orig_nint128_bs16_sig0.0_lr1e-03-1e-05_tfp0_ramp200_hLR1_m20_p10_seed22_minsym5_cand3_reducedp3_full_sync_fullstate_ga0p1_v1_rseed0.pth,full_sync_fullstate_ga0p1_v1,True,completed,3,7,3.999143
chua_orig_nint128_bs16_sig0.0_lr1e-03-1e-05_tfp0_ramp200_hLR1_m20_p10_seed22_minsym5_cand4_reducedp3_full_sync_fullstate_ga0p1_v1_rseed0,20,10,22,22,0,4,10,3,7,5,5,0;2;4;5;7;8;9,full_preactivation,1.0,,True,0.1,1775.9980952622107,59.72397650140708,2.9736769038149005,default,,0.1,True,full,128,0.00,0.00,0.00,1.00,128,2000,16,200,200,0.0,0.0,0.001,1e-05,False,5,5.0,0.0,200,1.0,0.291651,3.3044,0.0175,3,0.160938,nan,models/chua_orig_nint128_bs16_sig0.0_lr1e-03-1e-05_tfp0_ramp200_hLR1_m20_p10_seed22_minsym5_cand4_reducedp3_full_sync_fullstate_ga0p1_v1_rseed0.pth,full_sync_fullstate_ga0p1_v1,True,completed,4,8,3.304439
chua_orig_nint128_bs16_sig0.0_lr1e-03-1e-05_tfp0_ramp200_hLR1_m20_p10_seed22_minsym5_cand5_reducedp4_full_sync_fullstate_ga0p1_v1_rseed0,20,10,22,22,0,5,10,4,6,5,5,1;2;3;4;5;7,full_preactivation,1.0,,True,0.1,3809.3867780785927,102.03834007596842,3.7332896392105503,default,,0.1,True,full,128,0.00,0.00,0.00,1.00,128,2000,16,200,200,0.0,0.0,0.001,1e-05,False,5,5.0,0.0,200,1.0,0.049887,1.0764,0.0090,5,0.033628,nan,models/chua_orig_nint128_bs16_sig0.0_lr1e-03-1e-05_tfp0_ramp200_hLR1_m20_p10_seed22_minsym5_cand5_reducedp4_full_sync_fullstate_ga0p1_v1_rseed0.pth,full_sync_fullstate_ga0p1_v1,True,completed,5,5,1.076443
chua_orig_nint128_bs16_sig0.0_lr1e-03-1e-05_tfp0_ramp200_hLR1_m20_p10_seed22_minsym5_cand6_reducedp4_full_sync_fullstate_ga0p1_v1_rseed0,20,10,22,22,0,6,10,4,6,5,5,1;2;3;4;7;9,full_preactivation,1.0,,True,0.1,3796.2032389283377,101.3015689589019,3.747427880873614,default,,0.1,True,full,128,0.00,0.00,0.00,1.00,128,2000,16,200,200,0.0,0.0,0.001,1e-05,False,5,5.0,0.0,200,1.0,0.046641,1.1710,0.0084,5,0.030555,nan,models/chua_orig_nint128_bs16_sig0.0_lr1e-03-1e-05_tfp0_ramp200_hLR1_m20_p10_seed22_minsym5_cand6_reducedp4_full_sync_fullstate_ga0p1_v1_rseed0.pth,full_sync_fullstate_ga0p1_v1,True,completed,5,5,1.170969
chua_orig_nint128_bs16_sig0.0_lr1e-03-1e-05_tfp0_ramp200_hLR1_m20_p10_seed22_minsym5_cand7_reducedp4_full_sync_fullstate_ga0p1_v1_rseed0,20,10,22,22,0,7,10,4,6,5,5,1;2;3;5;7;9,full_preactivation,1.0,,True,0.1,3485.982886862757,92.69128830023786,3.760852773532736,default,,0.1,True,full,128,0.00,0.00,0.00,1.00,128,2000,16,200,200,0.0,0.0,0.001,1e-05,False,5,5.0,0.0,200,1.0,0.054443,1.1330,0.0075,5,0.036028,nan,models/chua_orig_nint128_bs16_sig0.0_lr1e-03-1e-05_tfp0_ramp200_hLR1_m20_p10_seed22_minsym5_cand7_reducedp4_full_sync_fullstate_ga0p1_v1_rseed0.pth,full_sync_fullstate_ga0p1_v1,True,completed,5,5,1.133036
chua_orig_nint128_bs16_sig0.0_lr1e-03-1e-05_tfp0_ramp200_hLR1_m20_p10_seed23_minsym5_cand0_reducedp3_full_sync_fullstate_ga0p1_v1_rseed0,20,10,23,23,0,0,10,3,7,5,5,0;1;3;4;6;7;9,full_preactivation,1.0,,True,0.1,6597.158860543681,210.8694865032273,3.128550730568921,default,,0.1,True,full,128,0.00,0.00,0.00,1.00,128,2000,16,200,200,0.0,0.0,0.001,1e-05,False,5,5.0,0.0,200,1.0,0.076165,1.5079,0.0077,6,0.014613,nan,models/chua_orig_nint128_bs16_sig0.0_lr1e-03-1e-05_tfp0_ramp200_hLR1_m20_p10_seed23_minsym5_cand0_reducedp3_full_sync_fullstate_ga0p1_v1_rseed0.pth,full_sync_fullstate_ga0p1_v1,True,completed,5,7,2.117454
chua_orig_nint128_bs16_sig0.0_lr1e-03-1e-05_tfp0_ramp200_hLR1_m20_p10_seed23_minsym5_cand1_reducedp3_full_sync_fullstate_ga0p1_v1_rseed0,20,10,23,23,0,1,10,3,7,5,5,0;1;3;5;6;7;9,full_preactivation,1.0,,True,0.1,624.656906610791,63.44200549733148,0.9846109083626867,default,,0.1,True,full,128,0.00,0.00,0.00,1.00,128,2000,16,200,200,0.0,0.0,0.001,1e-05,False,5,5.0,0.0,200,1.0,0.226209,6.0469,0.0177,2,0.178360,nan,models/chua_orig_nint128_bs16_sig0.0_lr1e-03-1e-05_tfp0_ramp200_hLR1_m20_p10_seed23_minsym5_cand1_reducedp3_full_sync_fullstate_ga0p1_v1_rseed0.pth,full_sync_fullstate_ga0p1_v1,True,completed,4,6,8.685343
chua_orig_nint128_bs16_sig0.0_lr1e-03-1e-05_tfp0_ramp200_hLR1_m20_p10_seed23_minsym5_cand2_reducedp3_full_sync_fullstate_ga0p1_v1_rseed0,20,10,23,23,0,2,10,3,7,5,5,0;1;4;5;6;7;9,full_preactivation,1.0,,True,0.1,22745.745701119584,625.819167078488,3.634555618886447,default,,0.1,True,full,128,0.00,0.00,0.00,1.00,128,2000,16,200,200,0.0,0.0,0.001,1e-05,False,5,5.0,0.0,200,1.0,0.048716,1.2139,0.0102,5,0.022102,nan,models/chua_orig_nint128_bs16_sig0.0_lr1e-03-1e-05_tfp0_ramp200_hLR1_m20_p10_seed23_minsym5_cand2_reducedp3_full_sync_fullstate_ga0p1_v1_rseed0.pth,full_sync_fullstate_ga0p1_v1,True,completed,5,5,1.213873
chua_orig_nint128_bs16_sig0.0_lr1e-03-1e-05_tfp0_ramp200_hLR1_m20_p10_seed24_minsym5_cand0_reducedp3_full_sync_fullstate_ga0p1_v1_rseed0,20,10,24,24,0,0,10,3,7,5,5,0;1;2;3;5;6;9,full_preactivation,1.0,,True,0.1,4089.829431803972,67.85708882035706,6.027121856982711,default,,0.1,True,full,128,0.00,0.00,0.00,1.00,128,2000,16,200,200,0.0,0.0,0.001,1e-05,False,5,5.0,0.0,200,1.0,0.050198,1.1425,0.0109,5,0.026551,nan,models/chua_orig_nint128_bs16_sig0.0_lr1e-03-1e-05_tfp0_ramp200_hLR1_m20_p10_seed24_minsym5_cand0_reducedp3_full_sync_fullstate_ga0p1_v1_rseed0.pth,full_sync_fullstate_ga0p1_v1,True,completed,5,5,1.142509
chua_orig_nint128_bs16_sig0.0_lr1e-03-1e-05_tfp0_ramp200_hLR1_m20_p10_seed24_minsym5_cand1_reducedp3_full_sync_fullstate_ga0p1_v1_rseed0,20,10,24,24,0,1,10,3,7,5,5,0;1;2;3;5;8;9,full_preactivation,1.0,,True,0.1,2565.325929584777,46.783256207438676,5.483427485701236,default,,0.1,True,full,128,0.00,0.00,0.00,1.00,128,2000,16,200,200,0.0,0.0,0.001,1e-05,False,5,5.0,0.0,200,1.0,0.054271,1.1715,0.0092,5,0.031390,nan,models/chua_orig_nint128_bs16_sig0.0_lr1e-03-1e-05_tfp0_ramp200_hLR1_m20_p10_seed24_minsym5_cand1_reducedp3_full_sync_fullstate_ga0p1_v1_rseed0.pth,full_sync_fullstate_ga0p1_v1,True,completed,5,5,1.171541
chua_orig_nint128_bs16_sig0.0_lr1e-03-1e-05_tfp0_ramp200_hLR1_m20_p10_seed24_minsym5_cand2_reducedp3_full_sync_fullstate_ga0p1_v1_rseed0,20,10,24,24,0,2,10,3,7,5,5,0;1;2;3;6;7;9,full_preactivation,1.0,,True,0.1,8469.336153146833,101.28873559771775,8.361577527025208,default,,0.1,True,full,128,0.00,0.00,0.00,1.00,128,2000,16,200,200,0.0,0.0,0.001,1e-05,False,5,5.0,0.0,200,1.0,0.066953,1.2225,0.0090,5,0.031097,nan,models/chua_orig_nint128_bs16_sig0.0_lr1e-03-1e-05_tfp0_ramp200_hLR1_m20_p10_seed24_minsym5_cand2_reducedp3_full_sync_fullstate_ga0p1_v1_rseed0.pth,full_sync_fullstate_ga0p1_v1,True,completed,5,5,1.222456
chua_orig_nint128_bs16_sig0.0_lr1e-03-1e-05_tfp0_ramp200_hLR1_m20_p10_seed24_minsym5_cand3_reducedp3_full_sync_fullstate_ga0p1_v1_rseed0,20,10,24,24,0,3,10,3,7,5,5,0;1;2;3;7;8;9,full_preactivation,1.0,,True,0.1,3860.8556936901955,46.60731854251683,8.28379708257214,default,,0.1,True,full,128,0.00,0.00,0.00,1.00,128,2000,16,200,200,0.0,0.0,0.001,1e-05,False,5,5.0,0.0,200,1.0,0.074644,1.2617,0.0080,5,0.036803,nan,models/chua_orig_nint128_bs16_sig0.0_lr1e-03-1e-05_tfp0_ramp200_hLR1_m20_p10_seed24_minsym5_cand3_reducedp3_full_sync_fullstate_ga0p1_v1_rseed0.pth,full_sync_fullstate_ga0p1_v1,True,completed,5,5,1.261717
chua_orig_nint128_bs16_sig0.0_lr1e-03-1e-05_tfp0_ramp200_hLR1_m20_p10_seed24_minsym5_cand4_reducedp3_full_sync_fullstate_ga0p1_v1_rseed0,20,10,24,24,0,4,10,3,7,5,5,0;1;2;5;6;7;9,full_preactivation,1.0,,True,0.1,11027.116508861236,149.22613303888258,7.3895344496985125,default,,0.1,True,full,128,0.00,0.00,0.00,1.00,128,2000,16,200,200,0.0,0.0,0.001,1e-05,False,5,5.0,0.0,200,1.0,0.039830,1.0030,0.0123,5,0.022154,nan,models/chua_orig_nint128_bs16_sig0.0_lr1e-03-1e-05_tfp0_ramp200_hLR1_m20_p10_seed24_minsym5_cand4_reducedp3_full_sync_fullstate_ga0p1_v1_rseed0.pth,full_sync_fullstate_ga0p1_v1,True,completed,5,5,1.002991
chua_orig_nint128_bs16_sig0.0_lr1e-03-1e-05_tfp0_ramp200_hLR1_m20_p10_seed24_minsym5_cand5_reducedp3_full_sync_fullstate_ga0p1_v1_rseed0,20,10,24,24,0,5,10,3,7,5,5,0;1;2;5;7;8;9,full_preactivation,1.0,,True,0.1,4059.347584587947,51.01959757037168,7.9564476748151165,default,,0.1,True,full,128,0.00,0.00,0.00,1.00,128,2000,16,200,200,0.0,0.0,0.001,1e-05,False,5,5.0,0.0,200,1.0,0.044472,1.1468,0.0145,4,0.025010,nan,models/chua_orig_nint128_bs16_sig0.0_lr1e-03-1e-05_tfp0_ramp200_hLR1_m20_p10_seed24_minsym5_cand5_reducedp3_full_sync_fullstate_ga0p1_v1_rseed0.pth,full_sync_fullstate_ga0p1_v1,True,completed,5,5,1.146801
chua_orig_nint128_bs16_sig0.0_lr1e-03-1e-05_tfp0_ramp200_hLR1_m20_p10_seed24_minsym5_cand6_reducedp3_full_sync_fullstate_ga0p1_v1_rseed0,20,10,24,24,0,6,10,3,7,5,5,0;2;3;5;6;7;9,full_preactivation,1.0,,True,0.1,12191.376850052664,165.147095188854,7.382132175023205,default,,0.1,True,full,128,0.00,0.00,0.00,1.00,128,2000,16,200,200,0.0,0.0,0.001,1e-05,False,5,5.0,0.0,200,1.0,0.062208,1.3318,0.0124,5,0.022631,nan,models/chua_orig_nint128_bs16_sig0.0_lr1e-03-1e-05_tfp0_ramp200_hLR1_m20_p10_seed24_minsym5_cand6_reducedp3_full_sync_fullstate_ga0p1_v1_rseed0.pth,full_sync_fullstate_ga0p1_v1,True,completed,5,5,1.331825
chua_orig_nint128_bs16_sig0.0_lr1e-03-1e-05_tfp0_ramp200_hLR1_m20_p10_seed24_minsym5_cand7_reducedp3_full_sync_fullstate_ga0p1_v1_rseed0,20,10,24,24,0,7,10,3,7,5,5,0;2;3;5;7;8;9,full_preactivation,1.0,,True,0.1,4229.80334944782,53.36461272106395,7.9262326357671915,default,,0.1,True,full,128,0.00,0.00,0.00,1.00,128,2000,16,200,200,0.0,0.0,0.001,1e-05,False,5,5.0,0.0,200,1.0,0.070990,1.2810,0.0097,5,0.030194,nan,models/chua_orig_nint128_bs16_sig0.0_lr1e-03-1e-05_tfp0_ramp200_hLR1_m20_p10_seed24_minsym5_cand7_reducedp3_full_sync_fullstate_ga0p1_v1_rseed0.pth,full_sync_fullstate_ga0p1_v1,True,completed,5,5,1.280983
chua_orig_nint128_bs16_sig0.0_lr1e-03-1e-05_tfp0_ramp200_hLR1_m20_p10_seed25_minsym5_cand0_reducedp3_full_sync_fullstate_ga0p1_v1_rseed0,20,10,25,25,0,0,10,3,7,5,5,0;1;2;3;4;5;8,full_preactivation,1.0,,True,0.1,24218.683500553863,302.52218390215563,8.005589272219058,default,,0.1,True,full,128,0.00,0.00,0.00,1.00,128,2000,16,200,200,0.0,0.0,0.001,1e-05,False,5,5.0,0.0,200,1.0,0.040659,1.1649,0.0070,5,0.023778,nan,models/chua_orig_nint128_bs16_sig0.0_lr1e-03-1e-05_tfp0_ramp200_hLR1_m20_p10_seed25_minsym5_cand0_reducedp3_full_sync_fullstate_ga0p1_v1_rseed0.pth,full_sync_fullstate_ga0p1_v1,True,completed,5,5,1.164903
chua_orig_nint128_bs16_sig0.0_lr1e-03-1e-05_tfp0_ramp200_hLR1_m20_p10_seed25_minsym5_cand1_reducedp3_full_sync_fullstate_ga0p1_v1_rseed0,20,10,25,25,0,1,10,3,7,5,5,0;1;2;3;4;8;9,full_preactivation,1.0,,True,0.1,569522.550549142,21841.534362596874,2.6075207954457458,default,,0.1,True,full,128,0.00,0.00,0.00,1.00,128,2000,16,200,200,0.0,0.0,0.001,1e-05,False,5,5.0,0.0,200,1.0,0.031943,1.2949,0.0078,5,0.021369,nan,models/chua_orig_nint128_bs16_sig0.0_lr1e-03-1e-05_tfp0_ramp200_hLR1_m20_p10_seed25_minsym5_cand1_reducedp3_full_sync_fullstate_ga0p1_v1_rseed0.pth,full_sync_fullstate_ga0p1_v1,True,completed,5,5,1.294866
chua_orig_nint128_bs16_sig0.0_lr1e-03-1e-05_tfp0_ramp200_hLR1_m20_p10_seed25_minsym5_cand2_reducedp3_full_sync_fullstate_ga0p1_v1_rseed0,20,10,25,25,0,2,10,3,7,5,5,0;1;2;4;5;7;8,full_preactivation,1.0,,True,0.1,81303.91318995661,1523.867798845876,5.335365262756605,default,,0.1,True,full,128,0.00,0.00,0.00,1.00,128,2000,16,200,200,0.0,0.0,0.001,1e-05,False,5,5.0,0.0,200,1.0,0.027384,1.1008,0.0083,5,0.016508,nan,models/chua_orig_nint128_bs16_sig0.0_lr1e-03-1e-05_tfp0_ramp200_hLR1_m20_p10_seed25_minsym5_cand2_reducedp3_full_sync_fullstate_ga0p1_v1_rseed0.pth,full_sync_fullstate_ga0p1_v1,True,completed,5,5,1.100779
chua_orig_nint128_bs16_sig0.0_lr1e-03-1e-05_tfp0_ramp200_hLR1_m20_p10_seed25_minsym5_cand3_reducedp3_full_sync_fullstate_ga0p1_v1_rseed0,20,10,25,25,0,3,10,3,7,5,5,0;1;2;4;7;8;9,full_preactivation,1.0,,True,0.1,447357.84441540757,9190.812804099538,4.86744593705428,default,,0.1,True,full,128,0.00,0.00,0.00,1.00,128,2000,16,200,200,0.0,0.0,0.001,1e-05,False,5,5.0,0.0,200,1.0,0.034459,1.2899,0.0095,5,0.020147,nan,models/chua_orig_nint128_bs16_sig0.0_lr1e-03-1e-05_tfp0_ramp200_hLR1_m20_p10_seed25_minsym5_cand3_reducedp3_full_sync_fullstate_ga0p1_v1_rseed0.pth,full_sync_fullstate_ga0p1_v1,True,completed,5,5,1.289901
chua_orig_nint128_bs16_sig0.0_lr1e-03-1e-05_tfp0_ramp200_hLR1_m20_p10_seed25_minsym5_cand4_reducedp3_full_sync_fullstate_ga0p1_v1_rseed0,20,10,25,25,0,4,10,3,7,5,5,0;2;3;4;5;8;9,full_preactivation,1.0,,True,0.1,80873.89606047183,1244.2708555270683,6.4997018696716085,default,,0.1,True,full,128,0.00,0.00,0.00,1.00,128,2000,16,200,200,0.0,0.0,0.001,1e-05,False,5,5.0,0.0,200,1.0,0.037921,1.1993,0.0097,5,0.021551,nan,models/chua_orig_nint128_bs16_sig0.0_lr1e-03-1e-05_tfp0_ramp200_hLR1_m20_p10_seed25_minsym5_cand4_reducedp3_full_sync_fullstate_ga0p1_v1_rseed0.pth,full_sync_fullstate_ga0p1_v1,True,completed,5,5,1.199258
chua_orig_nint128_bs16_sig0.0_lr1e-03-1e-05_tfp0_ramp200_hLR1_m20_p10_seed25_minsym5_cand5_reducedp3_full_sync_fullstate_ga0p1_v1_rseed0,20,10,25,25,0,5,10,3,7,5,5,0;2;4;5;7;8;9,full_preactivation,1.0,,True,0.1,156561.2192594322,3114.8403437716515,5.0262999698359385,default,,0.1,True,full,128,0.00,0.00,0.00,1.00,128,2000,16,200,200,0.0,0.0,0.001,1e-05,False,5,5.0,0.0,200,1.0,0.025796,1.0940,0.0102,5,0.014270,nan,models/chua_orig_nint128_bs16_sig0.0_lr1e-03-1e-05_tfp0_ramp200_hLR1_m20_p10_seed25_minsym5_cand5_reducedp3_full_sync_fullstate_ga0p1_v1_rseed0.pth,full_sync_fullstate_ga0p1_v1,True,completed,5,5,1.093963
chua_orig_nint128_bs16_sig0.0_lr1e-03-1e-05_tfp0_ramp200_hLR1_m20_p10_seed25_minsym5_cand6_reducedp3_full_sync_fullstate_ga0p1_v1_rseed0,20,10,25,25,0,6,10,3,7,5,5,1;2;3;4;5;7;8,full_preactivation,1.0,,True,0.1,14552.972574357447,223.361466657966,6.515435626433447,default,,0.1,True,full,128,0.00,0.00,0.00,1.00,128,2000,16,200,200,0.0,0.0,0.001,1e-05,False,5,5.0,0.0,200,1.0,0.031013,1.1276,0.0090,5,0.020147,nan,models/chua_orig_nint128_bs16_sig0.0_lr1e-03-1e-05_tfp0_ramp200_hLR1_m20_p10_seed25_minsym5_cand6_reducedp3_full_sync_fullstate_ga0p1_v1_rseed0.pth,full_sync_fullstate_ga0p1_v1,True,completed,5,5,1.127636
chua_orig_nint128_bs16_sig0.0_lr1e-03-1e-05_tfp0_ramp200_hLR1_m20_p10_seed25_minsym5_cand7_reducedp3_full_sync_fullstate_ga0p1_v1_rseed0,20,10,25,25,0,7,10,3,7,5,5,1;2;3;4;7;8;9,full_preactivation,1.0,,True,0.1,18373.84131040649,208.82645997804707,8.798617432071566,default,,0.1,True,full,128,0.00,0.00,0.00,1.00,128,2000,16,200,200,0.0,0.0,0.001,1e-05,False,5,5.0,0.0,200,1.0,0.040598,1.2021,0.0109,4,0.023330,nan,models/chua_orig_nint128_bs16_sig0.0_lr1e-03-1e-05_tfp0_ramp200_hLR1_m20_p10_seed25_minsym5_cand7_reducedp3_full_sync_fullstate_ga0p1_v1_rseed0.pth,full_sync_fullstate_ga0p1_v1,True,completed,5,5,1.202099
chua_orig_nint128_bs16_sig0.0_lr1e-03-1e-05_tfp0_ramp200_hLR1_m20_p10_seed25_minsym5_cand8_reducedp3_full_sync_fullstate_ga0p1_v1_rseed0,20,10,25,25,0,8,10,3,7,5,5,2;3;4;5;7;8;9,full_preactivation,1.0,,True,0.1,14046.363426168355,173.75756696511584,8.083885882787637,default,,0.1,True,full,128,0.00,0.00,0.00,1.00,128,2000,16,200,200,0.0,0.0,0.001,1e-05,False,5,5.0,0.0,200,1.0,0.031574,1.1619,0.0070,5,0.016897,nan,models/chua_orig_nint128_bs16_sig0.0_lr1e-03-1e-05_tfp0_ramp200_hLR1_m20_p10_seed25_minsym5_cand8_reducedp3_full_sync_fullstate_ga0p1_v1_rseed0.pth,full_sync_fullstate_ga0p1_v1,True,completed,5,5,1.161892
chua_orig_nint128_bs16_sig0.0_lr1e-03-1e-05_tfp0_ramp200_hLR1_m20_p10_seed26_minsym5_cand0_reducedp3_full_sync_fullstate_ga0p1_v1_rseed0,20,10,26,26,0,0,10,3,7,5,5,0;1;2;4;5;7;9,full_preactivation,1.0,,True,0.1,8272171.2122165365,274852.62296729133,3.009675193531248,default,,0.1,True,full,128,0.00,0.00,0.00,1.00,128,2000,16,200,200,0.0,0.0,0.001,1e-05,False,5,5.0,0.0,200,1.0,0.020034,1.1193,0.0074,5,0.010769,nan,models/chua_orig_nint128_bs16_sig0.0_lr1e-03-1e-05_tfp0_ramp200_hLR1_m20_p10_seed26_minsym5_cand0_reducedp3_full_sync_fullstate_ga0p1_v1_rseed0.pth,full_sync_fullstate_ga0p1_v1,True,completed,5,5,1.119301
chua_orig_nint128_bs16_sig0.0_lr1e-03-1e-05_tfp0_ramp200_hLR1_m20_p10_seed26_minsym5_cand1_reducedp3_full_sync_fullstate_ga0p1_v1_rseed0,20,10,26,26,0,1,10,3,7,5,5,0;1;2;4;7;8;9,full_preactivation,1.0,,True,0.1,10225363.971564826,295936.17463230144,3.455259899966527,default,,0.1,True,full,128,0.00,0.00,0.00,1.00,128,2000,16,200,200,0.0,0.0,0.001,1e-05,False,5,5.0,0.0,200,1.0,0.431385,2.7894,0.0188,2,0.300969,nan,models/chua_orig_nint128_bs16_sig0.0_lr1e-03-1e-05_tfp0_ramp200_hLR1_m20_p10_seed26_minsym5_cand1_reducedp3_full_sync_fullstate_ga0p1_v1_rseed0.pth,full_sync_fullstate_ga0p1_v1,True,completed,4,5,3.075912
chua_orig_nint128_bs16_sig0.0_lr1e-03-1e-05_tfp0_ramp200_hLR1_m20_p10_seed26_minsym5_cand2_reducedp3_full_sync_fullstate_ga0p1_v1_rseed0,20,10,26,26,0,2,10,3,7,5,5,0;1;4;5;6;7;9,full_preactivation,1.0,,True,0.1,8276731.60644466,274729.5833506104,3.012683055643804,default,,0.1,True,full,128,0.00,0.00,0.00,1.00,128,2000,16,200,200,0.0,0.0,0.001,1e-05,False,5,5.0,0.0,200,1.0,0.033983,1.1112,0.0099,4,0.019422,nan,models/chua_orig_nint128_bs16_sig0.0_lr1e-03-1e-05_tfp0_ramp200_hLR1_m20_p10_seed26_minsym5_cand2_reducedp3_full_sync_fullstate_ga0p1_v1_rseed0.pth,full_sync_fullstate_ga0p1_v1,True,completed,5,6,1.111195
chua_orig_nint128_bs16_sig0.0_lr1e-03-1e-05_tfp0_ramp200_hLR1_m20_p10_seed26_minsym5_cand3_reducedp3_full_sync_fullstate_ga0p1_v1_rseed0,20,10,26,26,0,3,10,3,7,5,5,0;1;4;6;7;8;9,full_preactivation,1.0,,True,0.1,8863263.895500347,233419.88672775932,3.797133149086688,default,,0.1,True,full,128,0.00,0.00,0.00,1.00,128,2000,16,200,200,0.0,0.0,0.001,1e-05,False,5,5.0,0.0,200,1.0,0.388137,2.9315,0.0182,4,0.307173,nan,models/chua_orig_nint128_bs16_sig0.0_lr1e-03-1e-05_tfp0_ramp200_hLR1_m20_p10_seed26_minsym5_cand3_reducedp3_full_sync_fullstate_ga0p1_v1_rseed0.pth,full_sync_fullstate_ga0p1_v1,True,completed,4,4,2.931457
chua_orig_nint128_bs16_sig0.0_lr1e-03-1e-05_tfp0_ramp200_hLR1_m20_p10_seed26_minsym5_cand4_reducedp3_full_sync_fullstate_ga0p1_v1_rseed0,20,10,26,26,0,4,10,3,7,5,5,0;2;3;4;5;6;9,full_preactivation,1.0,,True,0.1,2298233.1963140727,101191.47669640956,2.271172702824701,default,,0.1,True,full,128,0.00,0.00,0.00,1.00,128,2000,16,200,200,0.0,0.0,0.001,1e-05,False,5,5.0,0.0,200,1.0,0.401967,3.0090,0.0204,2,0.350658,nan,models/chua_orig_nint128_bs16_sig0.0_lr1e-03-1e-05_tfp0_ramp200_hLR1_m20_p10_seed26_minsym5_cand4_reducedp3_full_sync_fullstate_ga0p1_v1_rseed0.pth,full_sync_fullstate_ga0p1_v1,True,completed,4,4,4.310815
chua_orig_nint128_bs16_sig0.0_lr1e-03-1e-05_tfp0_ramp200_hLR1_m20_p10_seed26_minsym5_cand5_reducedp3_full_sync_fullstate_ga0p1_v1_rseed0,20,10,26,26,0,5,10,3,7,5,5,0;2;3;4;6;8;9,full_preactivation,1.0,,True,0.1,3282041.9896204863,2002378.0506667567,0.16390720965641947,default,,0.1,True,full,128,0.00,0.00,0.00,1.00,128,2000,16,200,200,0.0,0.0,0.001,1e-05,False,5,5.0,0.0,200,1.0,0.358010,4.0187,0.0150,4,0.348130,nan,models/chua_orig_nint128_bs16_sig0.0_lr1e-03-1e-05_tfp0_ramp200_hLR1_m20_p10_seed26_minsym5_cand5_reducedp3_full_sync_fullstate_ga0p1_v1_rseed0.pth,full_sync_fullstate_ga0p1_v1,True,completed,4,6,4.018680
chua_orig_nint128_bs16_sig0.0_lr1e-03-1e-05_tfp0_ramp200_hLR1_m20_p10_seed26_minsym5_cand6_reducedp3_full_sync_fullstate_ga0p1_v1_rseed0,20,10,26,26,0,6,10,3,7,5,5,1;2;4;5;7;8;9,full_preactivation,1.0,,True,0.1,16011915.3564108,561934.7418339606,2.8494261280506428,default,,0.1,True,full,128,0.00,0.00,0.00,1.00,128,2000,16,200,200,0.0,0.0,0.001,1e-05,False,5,5.0,0.0,200,1.0,0.017220,1.0557,0.0170,5,0.009945,nan,models/chua_orig_nint128_bs16_sig0.0_lr1e-03-1e-05_tfp0_ramp200_hLR1_m20_p10_seed26_minsym5_cand6_reducedp3_full_sync_fullstate_ga0p1_v1_rseed0.pth,full_sync_fullstate_ga0p1_v1,True,completed,5,5,1.055716
chua_orig_nint128_bs16_sig0.0_lr1e-03-1e-05_tfp0_ramp200_hLR1_m20_p10_seed26_minsym5_cand7_reducedp3_full_sync_fullstate_ga0p1_v1_rseed0,20,10,26,26,0,7,10,3,7,5,5,1;4;5;6;7;8;9,full_preactivation,1.0,,True,0.1,11784263.579900783,370183.40773189714,3.1833581229646732,default,,0.1,True,full,128,0.00,0.00,0.00,1.00,128,2000,16,200,200,0.0,0.0,0.001,1e-05,False,5,5.0,0.0,200,1.0,0.157799,1.8879,0.0238,2,0.066806,nan,models/chua_orig_nint128_bs16_sig0.0_lr1e-03-1e-05_tfp0_ramp200_hLR1_m20_p10_seed26_minsym5_cand7_reducedp3_full_sync_fullstate_ga0p1_v1_rseed0.pth,full_sync_fullstate_ga0p1_v1,True,completed,3,7,1.887861
chua_orig_nint128_bs16_sig0.0_lr1e-03-1e-05_tfp0_ramp200_hLR1_m20_p10_seed26_minsym5_cand8_reducedp3_full_sync_fullstate_ga0p1_v1_rseed0,20,10,26,26,0,8,10,3,7,5,5,2;3;4;5;6;8;9,full_preactivation,1.0,,True,0.1,2466489.381864029,1484162.061274981,0.16618733534700195,default,,0.1,True,full,128,0.00,0.00,0.00,1.00,128,2000,16,200,200,0.0,0.0,0.001,1e-05,False,5,5.0,0.0,200,1.0,0.067171,2.1134,0.0129,4,0.049997,nan,models/chua_orig_nint128_bs16_sig0.0_lr1e-03-1e-05_tfp0_ramp200_hLR1_m20_p10_seed26_minsym5_cand8_reducedp3_full_sync_fullstate_ga0p1_v1_rseed0.pth,full_sync_fullstate_ga0p1_v1,True,completed,4,7,2.113406
chua_orig_nint128_bs16_sig0.0_lr1e-03-1e-05_tfp0_ramp200_hLR1_m20_p10_seed27_minsym5_cand0_reducedp3_full_sync_fullstate_ga0p1_v1_rseed0,20,10,27,27,0,0,10,3,7,5,5,1;2;3;4;5;6;7,full_preactivation,1.0,,True,0.1,1685.4347315677935,24.529482171572003,6.871057121299645,default,,0.1,True,full,128,0.00,0.00,0.00,1.00,128,2000,16,200,200,0.0,0.0,0.001,1e-05,False,5,5.0,0.0,200,1.0,0.099685,1.2303,0.0109,5,0.040695,nan,models/chua_orig_nint128_bs16_sig0.0_lr1e-03-1e-05_tfp0_ramp200_hLR1_m20_p10_seed27_minsym5_cand0_reducedp3_full_sync_fullstate_ga0p1_v1_rseed0.pth,full_sync_fullstate_ga0p1_v1,True,completed,5,5,1.230337
chua_orig_nint128_bs16_sig0.0_lr1e-03-1e-05_tfp0_ramp200_hLR1_m20_p10_seed27_minsym5_cand1_reducedp3_full_sync_fullstate_ga0p1_v1_rseed0,20,10,27,27,0,1,10,3,7,5,5,1;2;3;4;5;7;8,full_preactivation,1.0,,True,0.1,1.2029190995694648e+18,4.870240678713511e+18,0.0246993768670837,default,,0.1,True,full,128,0.00,0.00,0.00,1.00,128,2000,16,200,200,0.0,0.0,0.001,1e-05,False,5,5.0,0.0,200,1.0,0.170266,2.2685,0.0085,4,0.165860,nan,models/chua_orig_nint128_bs16_sig0.0_lr1e-03-1e-05_tfp0_ramp200_hLR1_m20_p10_seed27_minsym5_cand1_reducedp3_full_sync_fullstate_ga0p1_v1_rseed0.pth,full_sync_fullstate_ga0p1_v1,True,completed,5,5,2.720537
chua_orig_nint128_bs16_sig0.0_lr1e-03-1e-05_tfp0_ramp200_hLR1_m20_p10_seed27_minsym5_cand2_reducedp3_full_sync_fullstate_ga0p1_v1_rseed0,20,10,27,27,0,2,10,3,7,5,5,2;3;4;5;6;7;8,full_preactivation,1.0,,True,0.1,4806246580145864.0,2.138001564700484e+16,0.02248008916129666,default,,0.1,True,full,128,0.00,0.00,0.00,1.00,128,2000,16,200,200,0.0,0.0,0.001,1e-05,False,5,5.0,0.0,200,1.0,0.224730,2.1913,0.0126,3,0.216975,nan,models/chua_orig_nint128_bs16_sig0.0_lr1e-03-1e-05_tfp0_ramp200_hLR1_m20_p10_seed27_minsym5_cand2_reducedp3_full_sync_fullstate_ga0p1_v1_rseed0.pth,full_sync_fullstate_ga0p1_v1,True,completed,4,8,2.668445
chua_orig_nint128_bs16_sig0.0_lr1e-03-1e-05_tfp0_ramp200_hLR1_m20_p10_seed28_minsym5_cand0_reducedp3_full_sync_fullstate_ga0p1_v1_rseed0,20,10,28,28,0,0,10,3,7,5,5,0;1;2;3;5;6;9,full_preactivation,1.0,,True,0.1,518.2952402392747,9.853052932567651,5.26025023702128,default,,0.1,True,full,128,0.00,0.00,0.00,1.00,128,2000,16,200,200,0.0,0.0,0.001,1e-05,False,5,5.0,0.0,200,1.0,0.052224,1.3483,0.0103,5,0.032201,nan,models/chua_orig_nint128_bs16_sig0.0_lr1e-03-1e-05_tfp0_ramp200_hLR1_m20_p10_seed28_minsym5_cand0_reducedp3_full_sync_fullstate_ga0p1_v1_rseed0.pth,full_sync_fullstate_ga0p1_v1,True,completed,5,5,1.348301
chua_orig_nint128_bs16_sig0.0_lr1e-03-1e-05_tfp0_ramp200_hLR1_m20_p10_seed28_minsym5_cand1_reducedp3_full_sync_fullstate_ga0p1_v1_rseed0,20,10,28,28,0,1,10,3,7,5,5,0;1;2;3;6;7;9,full_preactivation,1.0,,True,0.1,2685.7695184527656,57.5326222303227,4.668255007916497,default,,0.1,True,full,128,0.00,0.00,0.00,1.00,128,2000,16,200,200,0.0,0.0,0.001,1e-05,False,5,5.0,0.0,200,1.0,0.044754,1.1987,0.0064,4,0.023219,nan,models/chua_orig_nint128_bs16_sig0.0_lr1e-03-1e-05_tfp0_ramp200_hLR1_m20_p10_seed28_minsym5_cand1_reducedp3_full_sync_fullstate_ga0p1_v1_rseed0.pth,full_sync_fullstate_ga0p1_v1,True,completed,5,5,1.205218
chua_orig_nint128_bs16_sig0.0_lr1e-03-1e-05_tfp0_ramp200_hLR1_m20_p10_seed28_minsym5_cand2_reducedp3_full_sync_fullstate_ga0p1_v1_rseed0,20,10,28,28,0,2,10,3,7,5,5,0;1;2;5;6;7;9,full_preactivation,1.0,,True,0.1,56209.26048259308,936.3575831046064,6.0029695382211194,default,,0.1,True,full,128,0.00,0.00,0.00,1.00,128,2000,16,200,200,0.0,0.0,0.001,1e-05,False,5,5.0,0.0,200,1.0,0.065624,1.2916,0.0103,5,0.041040,nan,models/chua_orig_nint128_bs16_sig0.0_lr1e-03-1e-05_tfp0_ramp200_hLR1_m20_p10_seed28_minsym5_cand2_reducedp3_full_sync_fullstate_ga0p1_v1_rseed0.pth,full_sync_fullstate_ga0p1_v1,True,completed,5,5,1.291616
chua_orig_nint128_bs16_sig0.0_lr1e-03-1e-05_tfp0_ramp200_hLR1_m20_p10_seed29_minsym5_cand0_reducedp3_full_sync_fullstate_ga0p1_v1_rseed0,20,10,29,29,0,0,10,3,7,5,5,0;1;2;3;5;8;9,full_preactivation,1.0,,True,0.1,1031.6003420050808,14.450590664100268,7.138810903887988,default,,0.1,True,full,128,0.00,0.00,0.00,1.00,128,2000,16,200,200,0.0,0.0,0.001,1e-05,False,5,5.0,0.0,200,1.0,0.039411,1.3455,0.0069,5,0.018325,nan,models/chua_orig_nint128_bs16_sig0.0_lr1e-03-1e-05_tfp0_ramp200_hLR1_m20_p10_seed29_minsym5_cand0_reducedp3_full_sync_fullstate_ga0p1_v1_rseed0.pth,full_sync_fullstate_ga0p1_v1,True,completed,5,5,1.345512
chua_orig_nint128_bs16_sig0.0_lr1e-03-1e-05_tfp0_ramp200_hLR1_m20_p10_seed29_minsym5_cand1_reducedp3_full_sync_fullstate_ga0p1_v1_rseed0,20,10,29,29,0,1,10,3,7,5,5,0;1;2;3;6;8;9,full_preactivation,1.0,,True,0.1,5235.662183525595,445.16480335763015,1.176117730790013,default,,0.1,True,full,128,0.00,0.00,0.00,1.00,128,2000,16,200,200,0.0,0.0,0.001,1e-05,False,5,5.0,0.0,200,1.0,0.014402,1.1759,0.0096,5,0.009992,nan,models/chua_orig_nint128_bs16_sig0.0_lr1e-03-1e-05_tfp0_ramp200_hLR1_m20_p10_seed29_minsym5_cand1_reducedp3_full_sync_fullstate_ga0p1_v1_rseed0.pth,full_sync_fullstate_ga0p1_v1,True,completed,5,6,1.175903
chua_orig_nint128_bs16_sig0.0_lr1e-03-1e-05_tfp0_ramp200_hLR1_m20_p10_seed29_minsym5_cand2_reducedp3_full_sync_fullstate_ga0p1_v1_rseed0,20,10,29,29,0,2,10,3,7,5,5,1;2;3;5;6;8;9,full_preactivation,1.0,,True,0.1,919.962990721298,11.538548793218279,7.972952294156104,default,,0.1,True,full,128,0.00,0.00,0.00,1.00,128,2000,16,200,200,0.0,0.0,0.001,1e-05,False,5,5.0,0.0,200,1.0,0.048278,1.3333,0.0095,5,0.015084,nan,models/chua_orig_nint128_bs16_sig0.0_lr1e-03-1e-05_tfp0_ramp200_hLR1_m20_p10_seed29_minsym5_cand2_reducedp3_full_sync_fullstate_ga0p1_v1_rseed0.pth,full_sync_fullstate_ga0p1_v1,True,completed,5,5,1.333338
