E_stsp,M,P,P_effective,P_original,Q_vis,alpha,auto_lambda_enabled,batch_episodes,best_DH,best_Dstsp,candidate_id,ckpt,deleted_set_str,distill_auto_lambda,distill_grad_ratio_alpha,distill_lambda,distill_lambda_effective,distill_mode,final_loss,final_target_fp_residual,final_traj_loss,final_vis_fps,fp_count_weight,fp_hidden_lr_mult,grad_norm_aux_initial,grad_norm_out_initial,guidance,input_sigma,lambda_formula,lambda_target_fp_residual,lr_end,lr_fixed,lr_start,max_bridge_len,minimal_num_clusters,n_interleave,n_posttransient_symbols,num_clusters,num_deleted,num_epochs,r_anchor,r_bridge,r_local,r_long,retrain_seed,run_status,seed,segment_len,source_seed,state_sigma,symbol_margin,sync_interval,sync_scope,tag,target_fp_count,target_fp_residual_ramp_epochs,teacher,weighting_scheme
1.140663,20,10,3,10,5,0.1,True,16,0.0089,1.1407,0,models/chua_orig_nint128_bs16_sig0.0_lr1e-03-1e-05_tfp0_ramp200_hLR1_m20_p10_seed0_minsym5_cand0_reducedp3_full_sync_fullstate_ga0p1_v1_rseed0.pth,0;1;3;4;5;7;9,True,0.1,1.0,4.6852658818081165,full_preactivation,0.023212,nan,0.010884,5,5.0,1.0,89.10167107347615,4174.650194926517,full,0.0,,0.0,1e-05,False,0.001,200,5,128,5,5,7,2000,0.00,0.00,0.00,1.00,0,completed,0,200,0,0.0,,128,full,chua_orig_nint128_bs16_sig0.0_lr1e-03-1e-05_tfp0_ramp200_hLR1_m20_p10_seed0_minsym5_cand0_reducedp3_full_sync_fullstate_ga0p1_v1_rseed0,5,200,parent_free_run,default
1.130174,20,10,3,10,4,0.1,True,16,0.0127,1.0653,0,models/chua_orig_nint128_bs16_sig0.0_lr1e-03-1e-05_tfp0_ramp200_hLR1_m20_p10_seed2_minsym5_cand0_reducedp3_full_sync_fullstate_ga0p1_v1_rseed0.pth,2;4;5;6;7;8;9,True,0.1,1.0,0.21826321617032238,full_preactivation,0.019967,nan,0.011394,4,5.0,1.0,11160163.322584128,24358531.397732828,full,0.0,,0.0,1e-05,False,0.001,200,5,128,8,5,7,2000,0.00,0.00,0.00,1.00,0,completed,2,200,2,0.0,,128,full,chua_orig_nint128_bs16_sig0.0_lr1e-03-1e-05_tfp0_ramp200_hLR1_m20_p10_seed2_minsym5_cand0_reducedp3_full_sync_fullstate_ga0p1_v1_rseed0,5,200,parent_free_run,default
1.040992,20,10,3,10,5,0.1,True,16,0.0060,1.0410,0,models/chua_orig_nint128_bs16_sig0.0_lr1e-03-1e-05_tfp0_ramp200_hLR1_m20_p10_seed3_minsym5_cand0_reducedp3_full_sync_fullstate_ga0p1_v1_rseed0.pth,0;1;2;3;4;5;8,True,0.1,1.0,4.812231271644866,full_preactivation,0.029679,nan,0.013115,5,5.0,1.0,1606.1504133768497,77291.67246217409,full,0.0,,0.0,1e-05,False,0.001,200,5,128,5,5,7,2000,0.00,0.00,0.00,1.00,0,completed,3,200,3,0.0,,128,full,chua_orig_nint128_bs16_sig0.0_lr1e-03-1e-05_tfp0_ramp200_hLR1_m20_p10_seed3_minsym5_cand0_reducedp3_full_sync_fullstate_ga0p1_v1_rseed0,5,200,parent_free_run,default
1.201205,20,10,3,10,5,0.1,True,16,0.0087,1.2012,1,models/chua_orig_nint128_bs16_sig0.0_lr1e-03-1e-05_tfp0_ramp200_hLR1_m20_p10_seed3_minsym5_cand1_reducedp3_full_sync_fullstate_ga0p1_v1_rseed0.pth,0;1;2;3;4;6;8,True,0.1,1.0,4.563424003797629,full_preactivation,0.030229,nan,0.014607,5,5.0,1.0,3146.0524607732623,143567.71316699308,full,0.0,,0.0,1e-05,False,0.001,200,5,128,5,5,7,2000,0.00,0.00,0.00,1.00,0,completed,3,200,3,0.0,,128,full,chua_orig_nint128_bs16_sig0.0_lr1e-03-1e-05_tfp0_ramp200_hLR1_m20_p10_seed3_minsym5_cand1_reducedp3_full_sync_fullstate_ga0p1_v1_rseed0,5,200,parent_free_run,default
1.076098,20,10,3,10,5,0.1,True,16,0.0079,1.0761,2,models/chua_orig_nint128_bs16_sig0.0_lr1e-03-1e-05_tfp0_ramp200_hLR1_m20_p10_seed3_minsym5_cand2_reducedp3_full_sync_fullstate_ga0p1_v1_rseed0.pth,0;1;3;4;5;7;8,True,0.1,1.0,7.841778945493935,full_preactivation,0.026932,nan,0.011265,5,5.0,1.0,1639.194013730052,128541.97104448025,full,0.0,,0.0,1e-05,False,0.001,200,5,128,5,5,7,2000,0.00,0.00,0.00,1.00,0,completed,3,200,3,0.0,,128,full,chua_orig_nint128_bs16_sig0.0_lr1e-03-1e-05_tfp0_ramp200_hLR1_m20_p10_seed3_minsym5_cand2_reducedp3_full_sync_fullstate_ga0p1_v1_rseed0,5,200,parent_free_run,default
1.207528,20,10,3,10,5,0.1,True,16,0.0096,1.2075,3,models/chua_orig_nint128_bs16_sig0.0_lr1e-03-1e-05_tfp0_ramp200_hLR1_m20_p10_seed3_minsym5_cand3_reducedp3_full_sync_fullstate_ga0p1_v1_rseed0.pth,0;1;3;4;6;7;8,True,0.1,1.0,8.475287832960342,full_preactivation,0.024995,nan,0.010585,4,5.0,1.0,1309.3391908513313,110970.26513440436,full,0.0,,0.0,1e-05,False,0.001,200,5,128,5,5,7,2000,0.00,0.00,0.00,1.00,0,completed,3,200,3,0.0,,128,full,chua_orig_nint128_bs16_sig0.0_lr1e-03-1e-05_tfp0_ramp200_hLR1_m20_p10_seed3_minsym5_cand3_reducedp3_full_sync_fullstate_ga0p1_v1_rseed0,5,200,parent_free_run,default
4.742429,20,10,3,10,4,0.1,True,16,0.0074,2.3689,0,models/chua_orig_nint128_bs16_sig0.0_lr1e-03-1e-05_tfp0_ramp200_hLR1_m20_p10_seed4_minsym5_cand0_reducedp3_full_sync_fullstate_ga0p1_v1_rseed0.pth,0;1;2;3;4;5;8,True,0.1,1.0,2.3588440974079794,full_preactivation,0.415030,nan,0.285352,3,5.0,1.0,24.3296620024923,573.8987960651251,full,0.0,,0.0,1e-05,False,0.001,200,5,128,4,5,7,2000,0.00,0.00,0.00,1.00,0,completed,4,200,4,0.0,,128,full,chua_orig_nint128_bs16_sig0.0_lr1e-03-1e-05_tfp0_ramp200_hLR1_m20_p10_seed4_minsym5_cand0_reducedp3_full_sync_fullstate_ga0p1_v1_rseed0,5,200,parent_free_run,default
2.305572,20,10,3,10,4,0.1,True,16,0.0086,2.2490,1,models/chua_orig_nint128_bs16_sig0.0_lr1e-03-1e-05_tfp0_ramp200_hLR1_m20_p10_seed4_minsym5_cand1_reducedp3_full_sync_fullstate_ga0p1_v1_rseed0.pth,0;1;4;6;7;8;9,True,0.1,1.0,1.4152601530158506,full_preactivation,0.267807,nan,0.178500,4,5.0,1.0,26952.111559208122,381442.4952938516,full,0.0,,0.0,1e-05,False,0.001,200,5,128,8,5,7,2000,0.00,0.00,0.00,1.00,0,completed,4,200,4,0.0,,128,full,chua_orig_nint128_bs16_sig0.0_lr1e-03-1e-05_tfp0_ramp200_hLR1_m20_p10_seed4_minsym5_cand1_reducedp3_full_sync_fullstate_ga0p1_v1_rseed0,5,200,parent_free_run,default
1.143923,20,10,3,10,5,0.1,True,16,0.0061,1.1439,2,models/chua_orig_nint128_bs16_sig0.0_lr1e-03-1e-05_tfp0_ramp200_hLR1_m20_p10_seed4_minsym5_cand2_reducedp3_full_sync_fullstate_ga0p1_v1_rseed0.pth,1;2;3;4;5;6;8,True,0.1,1.0,5.487276602223109,full_preactivation,0.107997,nan,0.051668,5,5.0,1.0,43.82912139575945,2405.025123309526,full,0.0,,0.0,1e-05,False,0.001,200,5,128,5,5,7,2000,0.00,0.00,0.00,1.00,0,completed,4,200,4,0.0,,128,full,chua_orig_nint128_bs16_sig0.0_lr1e-03-1e-05_tfp0_ramp200_hLR1_m20_p10_seed4_minsym5_cand2_reducedp3_full_sync_fullstate_ga0p1_v1_rseed0,5,200,parent_free_run,default
2.430185,20,10,3,10,5,0.1,True,16,0.0127,2.4302,3,models/chua_orig_nint128_bs16_sig0.0_lr1e-03-1e-05_tfp0_ramp200_hLR1_m20_p10_seed4_minsym5_cand3_reducedp3_full_sync_fullstate_ga0p1_v1_rseed0.pth,1;2;3;4;5;7;8,True,0.1,1.0,1.9182197091587627,full_preactivation,0.178427,nan,0.080257,5,5.0,1.0,22437.406696184833,430398.7574703254,full,0.0,,0.0,1e-05,False,0.001,200,5,128,5,5,7,2000,0.00,0.00,0.00,1.00,0,completed,4,200,4,0.0,,128,full,chua_orig_nint128_bs16_sig0.0_lr1e-03-1e-05_tfp0_ramp200_hLR1_m20_p10_seed4_minsym5_cand3_reducedp3_full_sync_fullstate_ga0p1_v1_rseed0,5,200,parent_free_run,default
1.359514,20,10,4,10,5,0.1,True,16,0.0061,1.3595,0,models/chua_orig_nint128_bs16_sig0.0_lr1e-03-1e-05_tfp0_ramp200_hLR1_m20_p10_seed6_minsym5_cand0_reducedp4_full_sync_fullstate_ga0p1_v1_rseed0.pth,0;1;2;4;5;9,True,0.1,1.0,6.247039656439609,full_preactivation,0.043937,nan,0.023592,5,5.0,1.0,7711.559150979943,481744.15829151473,full,0.0,,0.0,1e-05,False,0.001,200,5,128,7,5,6,2000,0.00,0.00,0.00,1.00,0,completed,6,200,6,0.0,,128,full,chua_orig_nint128_bs16_sig0.0_lr1e-03-1e-05_tfp0_ramp200_hLR1_m20_p10_seed6_minsym5_cand0_reducedp4_full_sync_fullstate_ga0p1_v1_rseed0,5,200,parent_free_run,default
1.435489,20,10,4,10,5,0.1,True,16,0.0058,1.4355,1,models/chua_orig_nint128_bs16_sig0.0_lr1e-03-1e-05_tfp0_ramp200_hLR1_m20_p10_seed6_minsym5_cand1_reducedp4_full_sync_fullstate_ga0p1_v1_rseed0.pth,0;1;2;4;7;9,True,0.1,1.0,6.2408775308085,full_preactivation,0.045173,nan,0.011362,5,5.0,1.0,1264.1069205730284,78891.36477143744,full,0.0,,0.0,1e-05,False,0.001,200,5,128,8,5,6,2000,0.00,0.00,0.00,1.00,0,completed,6,200,6,0.0,,128,full,chua_orig_nint128_bs16_sig0.0_lr1e-03-1e-05_tfp0_ramp200_hLR1_m20_p10_seed6_minsym5_cand1_reducedp4_full_sync_fullstate_ga0p1_v1_rseed0,5,200,parent_free_run,default
1.362978,20,10,4,10,5,0.1,True,16,0.0072,1.3630,2,models/chua_orig_nint128_bs16_sig0.0_lr1e-03-1e-05_tfp0_ramp200_hLR1_m20_p10_seed6_minsym5_cand2_reducedp4_full_sync_fullstate_ga0p1_v1_rseed0.pth,0;1;2;5;7;9,True,0.1,1.0,8.059439310972113,full_preactivation,0.032876,nan,0.012461,5,5.0,1.0,3109.22140198515,250585.81193674952,full,0.0,,0.0,1e-05,False,0.001,200,5,128,5,5,6,2000,0.00,0.00,0.00,1.00,0,completed,6,200,6,0.0,,128,full,chua_orig_nint128_bs16_sig0.0_lr1e-03-1e-05_tfp0_ramp200_hLR1_m20_p10_seed6_minsym5_cand2_reducedp4_full_sync_fullstate_ga0p1_v1_rseed0,5,200,parent_free_run,default
1.298677,20,10,4,10,5,0.1,True,16,0.0080,1.2987,3,models/chua_orig_nint128_bs16_sig0.0_lr1e-03-1e-05_tfp0_ramp200_hLR1_m20_p10_seed6_minsym5_cand3_reducedp4_full_sync_fullstate_ga0p1_v1_rseed0.pth,0;1;4;5;8;9,True,0.1,1.0,9.679502575798479,full_preactivation,0.056583,nan,0.029368,5,5.0,1.0,748.5681644813651,72457.67476258123,full,0.0,,0.0,1e-05,False,0.001,200,5,128,5,5,6,2000,0.00,0.00,0.00,1.00,0,completed,6,200,6,0.0,,128,full,chua_orig_nint128_bs16_sig0.0_lr1e-03-1e-05_tfp0_ramp200_hLR1_m20_p10_seed6_minsym5_cand3_reducedp4_full_sync_fullstate_ga0p1_v1_rseed0,5,200,parent_free_run,default
1.459439,20,10,4,10,5,0.1,True,16,0.0064,1.4594,4,models/chua_orig_nint128_bs16_sig0.0_lr1e-03-1e-05_tfp0_ramp200_hLR1_m20_p10_seed6_minsym5_cand4_reducedp4_full_sync_fullstate_ga0p1_v1_rseed0.pth,0;1;4;7;8;9,True,0.1,1.0,10.578426926263987,full_preactivation,0.077972,nan,0.028867,5,5.0,1.0,137.9689874493639,14594.948518237397,full,0.0,,0.0,1e-05,False,0.001,200,5,128,7,5,6,2000,0.00,0.00,0.00,1.00,0,completed,6,200,6,0.0,,128,full,chua_orig_nint128_bs16_sig0.0_lr1e-03-1e-05_tfp0_ramp200_hLR1_m20_p10_seed6_minsym5_cand4_reducedp4_full_sync_fullstate_ga0p1_v1_rseed0,5,200,parent_free_run,default
1.216611,20,10,4,10,5,0.1,True,16,0.0107,1.2166,5,models/chua_orig_nint128_bs16_sig0.0_lr1e-03-1e-05_tfp0_ramp200_hLR1_m20_p10_seed6_minsym5_cand5_reducedp4_full_sync_fullstate_ga0p1_v1_rseed0.pth,0;1;5;7;8;9,True,0.1,1.0,9.766135060077236,full_preactivation,0.030357,nan,0.009160,5,5.0,1.0,661.349989117312,64588.3331570029,full,0.0,,0.0,1e-05,False,0.001,200,5,128,5,5,6,2000,0.00,0.00,0.00,1.00,0,completed,6,200,6,0.0,,128,full,chua_orig_nint128_bs16_sig0.0_lr1e-03-1e-05_tfp0_ramp200_hLR1_m20_p10_seed6_minsym5_cand5_reducedp4_full_sync_fullstate_ga0p1_v1_rseed0,5,200,parent_free_run,default
2.391837,20,10,4,10,4,0.1,True,16,0.0089,2.3918,6,models/chua_orig_nint128_bs16_sig0.0_lr1e-03-1e-05_tfp0_ramp200_hLR1_m20_p10_seed6_minsym5_cand6_reducedp4_full_sync_fullstate_ga0p1_v1_rseed0.pth,0;2;4;5;7;9,True,0.1,1.0,4.80542088533115,full_preactivation,0.254428,nan,0.188922,4,5.0,1.0,3035.3299527193085,145860.37948668582,full,0.0,,0.0,1e-05,False,0.001,200,5,128,7,5,6,2000,0.00,0.00,0.00,1.00,0,completed,6,200,6,0.0,,128,full,chua_orig_nint128_bs16_sig0.0_lr1e-03-1e-05_tfp0_ramp200_hLR1_m20_p10_seed6_minsym5_cand6_reducedp4_full_sync_fullstate_ga0p1_v1_rseed0,5,200,parent_free_run,default
1.195213,20,10,4,10,5,0.1,True,16,0.0053,1.1952,7,models/chua_orig_nint128_bs16_sig0.0_lr1e-03-1e-05_tfp0_ramp200_hLR1_m20_p10_seed6_minsym5_cand7_reducedp4_full_sync_fullstate_ga0p1_v1_rseed0.pth,0;4;5;7;8;9,True,0.1,1.0,4.558968636170243,full_preactivation,0.035375,nan,0.015664,5,5.0,1.0,1806.9870987364575,82379.97509103775,full,0.0,,0.0,1e-05,False,0.001,200,5,128,6,5,6,2000,0.00,0.00,0.00,1.00,0,completed,6,200,6,0.0,,128,full,chua_orig_nint128_bs16_sig0.0_lr1e-03-1e-05_tfp0_ramp200_hLR1_m20_p10_seed6_minsym5_cand7_reducedp4_full_sync_fullstate_ga0p1_v1_rseed0,5,200,parent_free_run,default
1.316500,20,10,4,10,5,0.1,True,16,0.0056,1.3165,8,models/chua_orig_nint128_bs16_sig0.0_lr1e-03-1e-05_tfp0_ramp200_hLR1_m20_p10_seed6_minsym5_cand8_reducedp4_full_sync_fullstate_ga0p1_v1_rseed0.pth,1;2;4;5;8;9,True,0.1,1.0,9.809228461650843,full_preactivation,0.055605,nan,0.032886,5,5.0,1.0,354.8451176148788,34807.5682718572,full,0.0,,0.0,1e-05,False,0.001,200,5,128,5,5,6,2000,0.00,0.00,0.00,1.00,0,completed,6,200,6,0.0,,128,full,chua_orig_nint128_bs16_sig0.0_lr1e-03-1e-05_tfp0_ramp200_hLR1_m20_p10_seed6_minsym5_cand8_reducedp4_full_sync_fullstate_ga0p1_v1_rseed0,5,200,parent_free_run,default
5.636041,20,10,4,10,5,0.1,True,16,0.0080,2.1774,9,models/chua_orig_nint128_bs16_sig0.0_lr1e-03-1e-05_tfp0_ramp200_hLR1_m20_p10_seed6_minsym5_cand9_reducedp4_full_sync_fullstate_ga0p1_v1_rseed0.pth,1;2;4;7;8;9,True,0.1,1.0,10.669918214109845,full_preactivation,0.514057,nan,0.247640,3,5.0,1.0,72.61166112267128,7747.604855695727,full,0.0,,0.0,1e-05,False,0.001,200,5,128,9,5,6,2000,0.00,0.00,0.00,1.00,0,completed,6,200,6,0.0,,128,full,chua_orig_nint128_bs16_sig0.0_lr1e-03-1e-05_tfp0_ramp200_hLR1_m20_p10_seed6_minsym5_cand9_reducedp4_full_sync_fullstate_ga0p1_v1_rseed0,5,200,parent_free_run,default
1.267667,20,10,4,10,5,0.1,True,16,0.0086,1.2677,10,models/chua_orig_nint128_bs16_sig0.0_lr1e-03-1e-05_tfp0_ramp200_hLR1_m20_p10_seed6_minsym5_cand10_reducedp4_full_sync_fullstate_ga0p1_v1_rseed0.pth,1;2;5;7;8;9,True,0.1,1.0,9.694752927672141,full_preactivation,0.029854,nan,0.010660,4,5.0,1.0,356.22415236549534,34535.05144052923,full,0.0,,0.0,1e-05,False,0.001,200,5,128,5,5,6,2000,0.00,0.00,0.00,1.00,0,completed,6,200,6,0.0,,128,full,chua_orig_nint128_bs16_sig0.0_lr1e-03-1e-05_tfp0_ramp200_hLR1_m20_p10_seed6_minsym5_cand10_reducedp4_full_sync_fullstate_ga0p1_v1_rseed0,5,200,parent_free_run,default
2.496215,20,10,4,10,5,0.1,True,16,0.0114,2.4123,11,models/chua_orig_nint128_bs16_sig0.0_lr1e-03-1e-05_tfp0_ramp200_hLR1_m20_p10_seed6_minsym5_cand11_reducedp4_full_sync_fullstate_ga0p1_v1_rseed0.pth,2;4;5;7;8;9,True,0.1,1.0,4.621384541619965,full_preactivation,0.161677,nan,0.111364,4,5.0,1.0,1006.1567988669808,46498.37476729698,full,0.0,,0.0,1e-05,False,0.001,200,5,128,8,5,6,2000,0.00,0.00,0.00,1.00,0,completed,6,200,6,0.0,,128,full,chua_orig_nint128_bs16_sig0.0_lr1e-03-1e-05_tfp0_ramp200_hLR1_m20_p10_seed6_minsym5_cand11_reducedp4_full_sync_fullstate_ga0p1_v1_rseed0,5,200,parent_free_run,default
8.062910,20,10,3,10,3,0.1,True,16,0.0158,6.7410,0,models/chua_orig_nint128_bs16_sig0.0_lr1e-03-1e-05_tfp0_ramp200_hLR1_m20_p10_seed7_minsym5_cand0_reducedp3_full_sync_fullstate_ga0p1_v1_rseed0.pth,0;1;2;4;5;7;9,True,0.1,1.0,0.05751989805438566,full_preactivation,0.139226,nan,0.128466,0,5.0,1.0,1255.0554021635858,721.9065878505551,full,0.0,,0.0,1e-05,False,0.001,200,5,128,4,5,7,2000,0.00,0.00,0.00,1.00,0,completed,7,200,7,0.0,,128,full,chua_orig_nint128_bs16_sig0.0_lr1e-03-1e-05_tfp0_ramp200_hLR1_m20_p10_seed7_minsym5_cand0_reducedp3_full_sync_fullstate_ga0p1_v1_rseed0,5,200,parent_free_run,default
1.142884,20,10,3,10,5,0.1,True,16,0.0115,1.1429,1,models/chua_orig_nint128_bs16_sig0.0_lr1e-03-1e-05_tfp0_ramp200_hLR1_m20_p10_seed7_minsym5_cand1_reducedp3_full_sync_fullstate_ga0p1_v1_rseed0.pth,0;1;4;5;6;7;9,True,0.1,1.0,10.195620621722318,full_preactivation,0.025855,nan,0.009613,4,5.0,1.0,9406.637986807176,959065.1223936777,full,0.0,,0.0,1e-05,False,0.001,200,5,128,5,5,7,2000,0.00,0.00,0.00,1.00,0,completed,7,200,7,0.0,,128,full,chua_orig_nint128_bs16_sig0.0_lr1e-03-1e-05_tfp0_ramp200_hLR1_m20_p10_seed7_minsym5_cand1_reducedp3_full_sync_fullstate_ga0p1_v1_rseed0,5,200,parent_free_run,default
1.054931,20,10,3,10,5,0.1,True,16,0.0054,1.0549,2,models/chua_orig_nint128_bs16_sig0.0_lr1e-03-1e-05_tfp0_ramp200_hLR1_m20_p10_seed7_minsym5_cand2_reducedp3_full_sync_fullstate_ga0p1_v1_rseed0.pth,1;2;4;5;7;8;9,True,0.1,1.0,0.5770234245120344,full_preactivation,0.009749,nan,0.005178,5,5.0,1.0,185.9059794711429,1072.721049117034,full,0.0,,0.0,1e-05,False,0.001,200,5,128,5,5,7,2000,0.00,0.00,0.00,1.00,0,completed,7,200,7,0.0,,128,full,chua_orig_nint128_bs16_sig0.0_lr1e-03-1e-05_tfp0_ramp200_hLR1_m20_p10_seed7_minsym5_cand2_reducedp3_full_sync_fullstate_ga0p1_v1_rseed0,5,200,parent_free_run,default
1.267946,20,10,3,10,5,0.1,True,16,0.0107,1.2679,3,models/chua_orig_nint128_bs16_sig0.0_lr1e-03-1e-05_tfp0_ramp200_hLR1_m20_p10_seed7_minsym5_cand3_reducedp3_full_sync_fullstate_ga0p1_v1_rseed0.pth,1;4;5;6;7;8;9,True,0.1,1.0,10.253340247653886,full_preactivation,0.034546,nan,0.013266,5,5.0,1.0,9798.851595061089,1004709.5944042737,full,0.0,,0.0,1e-05,False,0.001,200,5,128,5,5,7,2000,0.00,0.00,0.00,1.00,0,completed,7,200,7,0.0,,128,full,chua_orig_nint128_bs16_sig0.0_lr1e-03-1e-05_tfp0_ramp200_hLR1_m20_p10_seed7_minsym5_cand3_reducedp3_full_sync_fullstate_ga0p1_v1_rseed0,5,200,parent_free_run,default
1.193984,20,10,3,10,5,0.1,True,16,0.0079,1.1940,0,models/chua_orig_nint128_bs16_sig0.0_lr1e-03-1e-05_tfp0_ramp200_hLR1_m20_p10_seed8_minsym5_cand0_reducedp3_full_sync_fullstate_ga0p1_v1_rseed0.pth,0;3;4;5;6;7;8,True,0.1,1.0,4.72805645324845,full_preactivation,0.031358,nan,0.017065,5,5.0,1.0,3719.162199844207,175844.08839651107,full,0.0,,0.0,1e-05,False,0.001,200,5,128,5,5,7,2000,0.00,0.00,0.00,1.00,0,completed,8,200,8,0.0,,128,full,chua_orig_nint128_bs16_sig0.0_lr1e-03-1e-05_tfp0_ramp200_hLR1_m20_p10_seed8_minsym5_cand0_reducedp3_full_sync_fullstate_ga0p1_v1_rseed0,5,200,parent_free_run,default
1.095366,20,10,3,10,5,0.1,True,16,0.0101,1.0954,1,models/chua_orig_nint128_bs16_sig0.0_lr1e-03-1e-05_tfp0_ramp200_hLR1_m20_p10_seed8_minsym5_cand1_reducedp3_full_sync_fullstate_ga0p1_v1_rseed0.pth,0;3;4;6;7;8;9,True,0.1,1.0,5.193855093801648,full_preactivation,0.039520,nan,0.016292,5,5.0,1.0,7523.740306081768,390772.1691318357,full,0.0,,0.0,1e-05,False,0.001,200,5,128,5,5,7,2000,0.00,0.00,0.00,1.00,0,completed,8,200,8,0.0,,128,full,chua_orig_nint128_bs16_sig0.0_lr1e-03-1e-05_tfp0_ramp200_hLR1_m20_p10_seed8_minsym5_cand1_reducedp3_full_sync_fullstate_ga0p1_v1_rseed0,5,200,parent_free_run,default
1.146493,20,10,3,10,5,0.1,True,16,0.0150,1.1465,0,models/chua_orig_nint128_bs16_sig0.0_lr1e-03-1e-05_tfp0_ramp200_hLR1_m20_p10_seed9_minsym5_cand0_reducedp3_full_sync_fullstate_ga0p1_v1_rseed0.pth,0;1;2;3;5;6;8,True,0.1,1.0,1.2697207959132277,full_preactivation,0.012517,nan,0.008084,5,5.0,1.0,3056562.5614981283,38809810.48343977,full,0.0,,0.0,1e-05,False,0.001,200,5,128,5,5,7,2000,0.00,0.00,0.00,1.00,0,completed,9,200,9,0.0,,128,full,chua_orig_nint128_bs16_sig0.0_lr1e-03-1e-05_tfp0_ramp200_hLR1_m20_p10_seed9_minsym5_cand0_reducedp3_full_sync_fullstate_ga0p1_v1_rseed0,5,200,parent_free_run,default
1.127809,20,10,3,10,5,0.1,True,16,0.0143,1.1278,1,models/chua_orig_nint128_bs16_sig0.0_lr1e-03-1e-05_tfp0_ramp200_hLR1_m20_p10_seed9_minsym5_cand1_reducedp3_full_sync_fullstate_ga0p1_v1_rseed0.pth,0;1;2;3;5;7;8,True,0.1,1.0,1.2695800534425625,full_preactivation,0.017125,nan,0.011290,5,5.0,1.0,3097184.116379264,39321231.75994241,full,0.0,,0.0,1e-05,False,0.001,200,5,128,5,5,7,2000,0.00,0.00,0.00,1.00,0,completed,9,200,9,0.0,,128,full,chua_orig_nint128_bs16_sig0.0_lr1e-03-1e-05_tfp0_ramp200_hLR1_m20_p10_seed9_minsym5_cand1_reducedp3_full_sync_fullstate_ga0p1_v1_rseed0,5,200,parent_free_run,default
1.187268,20,10,3,10,5,0.1,True,16,0.0089,1.1873,2,models/chua_orig_nint128_bs16_sig0.0_lr1e-03-1e-05_tfp0_ramp200_hLR1_m20_p10_seed9_minsym5_cand2_reducedp3_full_sync_fullstate_ga0p1_v1_rseed0.pth,0;2;3;5;6;7;8,True,0.1,1.0,1.378124629599033,full_preactivation,0.013802,nan,0.008482,5,5.0,1.0,6366555.123397896,87739064.21254551,full,0.0,,0.0,1e-05,False,0.001,200,5,128,5,5,7,2000,0.00,0.00,0.00,1.00,0,completed,9,200,9,0.0,,128,full,chua_orig_nint128_bs16_sig0.0_lr1e-03-1e-05_tfp0_ramp200_hLR1_m20_p10_seed9_minsym5_cand2_reducedp3_full_sync_fullstate_ga0p1_v1_rseed0,5,200,parent_free_run,default
5.774380,20,10,3,10,3,0.1,True,16,0.0153,4.4298,3,models/chua_orig_nint128_bs16_sig0.0_lr1e-03-1e-05_tfp0_ramp200_hLR1_m20_p10_seed9_minsym5_cand3_reducedp3_full_sync_fullstate_ga0p1_v1_rseed0.pth,1;2;3;5;6;7;8,True,0.1,1.0,1.272439568842237,full_preactivation,0.499637,nan,0.435772,3,5.0,1.0,3143540.242658904,39999649.910071164,full,0.0,,0.0,1e-05,False,0.001,200,5,128,7,5,7,2000,0.00,0.00,0.00,1.00,0,completed,9,200,9,0.0,,128,full,chua_orig_nint128_bs16_sig0.0_lr1e-03-1e-05_tfp0_ramp200_hLR1_m20_p10_seed9_minsym5_cand3_reducedp3_full_sync_fullstate_ga0p1_v1_rseed0,5,200,parent_free_run,default
1.100434,20,10,3,10,5,0.1,True,16,0.0105,1.1004,0,models/chua_orig_nint128_bs16_sig0.0_lr1e-03-1e-05_tfp0_ramp200_hLR1_m20_p10_seed10_minsym5_cand0_reducedp3_full_sync_fullstate_ga0p1_v1_rseed0.pth,0;1;2;4;5;6;7,True,0.1,1.0,4.584395238837693,full_preactivation,0.038885,nan,0.021352,5,5.0,1.0,132.99288015023322,6096.919265600456,full,0.0,,0.0,1e-05,False,0.001,200,5,128,5,5,7,2000,0.00,0.00,0.00,1.00,0,completed,10,200,10,0.0,,128,full,chua_orig_nint128_bs16_sig0.0_lr1e-03-1e-05_tfp0_ramp200_hLR1_m20_p10_seed10_minsym5_cand0_reducedp3_full_sync_fullstate_ga0p1_v1_rseed0,5,200,parent_free_run,default
1.197226,20,10,3,10,5,0.1,True,16,0.0081,1.1972,1,models/chua_orig_nint128_bs16_sig0.0_lr1e-03-1e-05_tfp0_ramp200_hLR1_m20_p10_seed10_minsym5_cand1_reducedp3_full_sync_fullstate_ga0p1_v1_rseed0.pth,0;1;2;4;5;6;8,True,0.1,1.0,4.856255382269168,full_preactivation,0.045873,nan,0.023059,5,5.0,1.0,116.05904930954648,5636.1238287053275,full,0.0,,0.0,1e-05,False,0.001,200,5,128,5,5,7,2000,0.00,0.00,0.00,1.00,0,completed,10,200,10,0.0,,128,full,chua_orig_nint128_bs16_sig0.0_lr1e-03-1e-05_tfp0_ramp200_hLR1_m20_p10_seed10_minsym5_cand1_reducedp3_full_sync_fullstate_ga0p1_v1_rseed0,5,200,parent_free_run,default
1.184552,20,10,3,10,5,0.1,True,16,0.0076,1.1846,2,models/chua_orig_nint128_bs16_sig0.0_lr1e-03-1e-05_tfp0_ramp200_hLR1_m20_p10_seed10_minsym5_cand2_reducedp3_full_sync_fullstate_ga0p1_v1_rseed0.pth,0;1;2;4;5;7;8,True,0.1,1.0,4.874490319790344,full_preactivation,0.049586,nan,0.028892,5,5.0,1.0,93.87119920454887,4575.742518296894,full,0.0,,0.0,1e-05,False,0.001,200,5,128,5,5,7,2000,0.00,0.00,0.00,1.00,0,completed,10,200,10,0.0,,128,full,chua_orig_nint128_bs16_sig0.0_lr1e-03-1e-05_tfp0_ramp200_hLR1_m20_p10_seed10_minsym5_cand2_reducedp3_full_sync_fullstate_ga0p1_v1_rseed0,5,200,parent_free_run,default
1.154196,20,10,3,10,5,0.1,True,16,0.0080,1.1542,3,models/chua_orig_nint128_bs16_sig0.0_lr1e-03-1e-05_tfp0_ramp200_hLR1_m20_p10_seed10_minsym5_cand3_reducedp3_full_sync_fullstate_ga0p1_v1_rseed0.pth,0;1;2;4;6;7;8,True,0.1,1.0,4.836578138496387,full_preactivation,0.031305,nan,0.019504,5,5.0,1.0,144.62640163893101,6994.968924162566,full,0.0,,0.0,1e-05,False,0.001,200,5,128,5,5,7,2000,0.00,0.00,0.00,1.00,0,completed,10,200,10,0.0,,128,full,chua_orig_nint128_bs16_sig0.0_lr1e-03-1e-05_tfp0_ramp200_hLR1_m20_p10_seed10_minsym5_cand3_reducedp3_full_sync_fullstate_ga0p1_v1_rseed0,5,200,parent_free_run,default
2.408457,20,10,3,10,4,0.1,True,16,0.0105,2.4085,4,models/chua_orig_nint128_bs16_sig0.0_lr1e-03-1e-05_tfp0_ramp200_hLR1_m20_p10_seed10_minsym5_cand4_reducedp3_full_sync_fullstate_ga0p1_v1_rseed0.pth,0;1;2;5;6;7;8,True,0.1,1.0,4.82836945706804,full_preactivation,0.376520,nan,0.218975,2,5.0,1.0,143.41854338200284,6924.777144428548,full,0.0,,0.0,1e-05,False,0.001,200,5,128,6,5,7,2000,0.00,0.00,0.00,1.00,0,completed,10,200,10,0.0,,128,full,chua_orig_nint128_bs16_sig0.0_lr1e-03-1e-05_tfp0_ramp200_hLR1_m20_p10_seed10_minsym5_cand4_reducedp3_full_sync_fullstate_ga0p1_v1_rseed0,5,200,parent_free_run,default
1.152792,20,10,3,10,5,0.1,True,16,0.0078,1.1528,5,models/chua_orig_nint128_bs16_sig0.0_lr1e-03-1e-05_tfp0_ramp200_hLR1_m20_p10_seed10_minsym5_cand5_reducedp3_full_sync_fullstate_ga0p1_v1_rseed0.pth,0;1;3;4;5;6;7,True,0.1,1.0,4.468650154983474,full_preactivation,0.034964,nan,0.020151,5,5.0,1.0,122.9872423704535,5495.869596797216,full,0.0,,0.0,1e-05,False,0.001,200,5,128,5,5,7,2000,0.00,0.00,0.00,1.00,0,completed,10,200,10,0.0,,128,full,chua_orig_nint128_bs16_sig0.0_lr1e-03-1e-05_tfp0_ramp200_hLR1_m20_p10_seed10_minsym5_cand5_reducedp3_full_sync_fullstate_ga0p1_v1_rseed0,5,200,parent_free_run,default
1.155038,20,10,3,10,5,0.1,True,16,0.0144,1.1550,6,models/chua_orig_nint128_bs16_sig0.0_lr1e-03-1e-05_tfp0_ramp200_hLR1_m20_p10_seed10_minsym5_cand6_reducedp3_full_sync_fullstate_ga0p1_v1_rseed0.pth,0;1;3;4;5;6;8,True,0.1,1.0,4.415462616687113,full_preactivation,0.041158,nan,0.021889,5,5.0,1.0,104.87045281865454,4630.515640158232,full,0.0,,0.0,1e-05,False,0.001,200,5,128,5,5,7,2000,0.00,0.00,0.00,1.00,0,completed,10,200,10,0.0,,128,full,chua_orig_nint128_bs16_sig0.0_lr1e-03-1e-05_tfp0_ramp200_hLR1_m20_p10_seed10_minsym5_cand6_reducedp3_full_sync_fullstate_ga0p1_v1_rseed0,5,200,parent_free_run,default
1.208375,20,10,3,10,5,0.1,True,16,0.0087,1.2084,7,models/chua_orig_nint128_bs16_sig0.0_lr1e-03-1e-05_tfp0_ramp200_hLR1_m20_p10_seed10_minsym5_cand7_reducedp3_full_sync_fullstate_ga0p1_v1_rseed0.pth,0;1;3;4;5;7;8,True,0.1,1.0,4.540022260619387,full_preactivation,0.050563,nan,0.031718,5,5.0,1.0,86.7054598135239,3936.447176706427,full,0.0,,0.0,1e-05,False,0.001,200,5,128,5,5,7,2000,0.00,0.00,0.00,1.00,0,completed,10,200,10,0.0,,128,full,chua_orig_nint128_bs16_sig0.0_lr1e-03-1e-05_tfp0_ramp200_hLR1_m20_p10_seed10_minsym5_cand7_reducedp3_full_sync_fullstate_ga0p1_v1_rseed0,5,200,parent_free_run,default
1.148310,20,10,3,10,5,0.1,True,16,0.0106,1.1483,8,models/chua_orig_nint128_bs16_sig0.0_lr1e-03-1e-05_tfp0_ramp200_hLR1_m20_p10_seed10_minsym5_cand8_reducedp3_full_sync_fullstate_ga0p1_v1_rseed0.pth,0;1;3;4;6;7;8,True,0.1,1.0,4.712752222221874,full_preactivation,0.029353,nan,0.019636,5,5.0,1.0,134.83709698969855,6354.538284761529,full,0.0,,0.0,1e-05,False,0.001,200,5,128,5,5,7,2000,0.00,0.00,0.00,1.00,0,completed,10,200,10,0.0,,128,full,chua_orig_nint128_bs16_sig0.0_lr1e-03-1e-05_tfp0_ramp200_hLR1_m20_p10_seed10_minsym5_cand8_reducedp3_full_sync_fullstate_ga0p1_v1_rseed0,5,200,parent_free_run,default
1.097146,20,10,3,10,5,0.1,True,16,0.0082,1.0971,9,models/chua_orig_nint128_bs16_sig0.0_lr1e-03-1e-05_tfp0_ramp200_hLR1_m20_p10_seed10_minsym5_cand9_reducedp3_full_sync_fullstate_ga0p1_v1_rseed0.pth,0;1;3;5;6;7;8,True,0.1,1.0,4.713150859521737,full_preactivation,0.028082,nan,0.018513,5,5.0,1.0,132.57900712591405,6248.648613900449,full,0.0,,0.0,1e-05,False,0.001,200,5,128,5,5,7,2000,0.00,0.00,0.00,1.00,0,completed,10,200,10,0.0,,128,full,chua_orig_nint128_bs16_sig0.0_lr1e-03-1e-05_tfp0_ramp200_hLR1_m20_p10_seed10_minsym5_cand9_reducedp3_full_sync_fullstate_ga0p1_v1_rseed0,5,200,parent_free_run,default
1.208762,20,10,3,10,5,0.1,True,16,0.0069,1.2088,10,models/chua_orig_nint128_bs16_sig0.0_lr1e-03-1e-05_tfp0_ramp200_hLR1_m20_p10_seed10_minsym5_cand10_reducedp3_full_sync_fullstate_ga0p1_v1_rseed0.pth,1;2;4;5;6;7;8,True,0.1,1.0,4.774536065927129,full_preactivation,0.034138,nan,0.018258,5,5.0,1.0,143.26568922369458,6840.27200208442,full,0.0,,0.0,1e-05,False,0.001,200,5,128,5,5,7,2000,0.00,0.00,0.00,1.00,0,completed,10,200,10,0.0,,128,full,chua_orig_nint128_bs16_sig0.0_lr1e-03-1e-05_tfp0_ramp200_hLR1_m20_p10_seed10_minsym5_cand10_reducedp3_full_sync_fullstate_ga0p1_v1_rseed0,5,200,parent_free_run,default
1.128771,20,10,3,10,5,0.1,True,16,0.0133,1.1288,11,models/chua_orig_nint128_bs16_sig0.0_lr1e-03-1e-05_tfp0_ramp200_hLR1_m20_p10_seed10_minsym5_cand11_reducedp3_full_sync_fullstate_ga0p1_v1_rseed0.pth,1;3;4;5;6;7;8,True,0.1,1.0,4.699335615196936,full_preactivation,0.030828,nan,0.017576,5,5.0,1.0,129.54747399856618,6087.870584202657,full,0.0,,0.0,1e-05,False,0.001,200,5,128,5,5,7,2000,0.00,0.00,0.00,1.00,0,completed,10,200,10,0.0,,128,full,chua_orig_nint128_bs16_sig0.0_lr1e-03-1e-05_tfp0_ramp200_hLR1_m20_p10_seed10_minsym5_cand11_reducedp3_full_sync_fullstate_ga0p1_v1_rseed0,5,200,parent_free_run,default
1.130748,20,10,3,10,5,0.1,True,16,0.0056,1.1307,0,models/chua_orig_nint128_bs16_sig0.0_lr1e-03-1e-05_tfp0_ramp200_hLR1_m20_p10_seed11_minsym5_cand0_reducedp3_full_sync_fullstate_ga0p1_v1_rseed0.pth,0;1;3;4;5;6;9,True,0.1,1.0,3.647781096377182,full_preactivation,0.037640,nan,0.024580,5,5.0,1.0,4478.723623631514,163374.03370180953,full,0.0,,0.0,1e-05,False,0.001,200,5,128,5,5,7,2000,0.00,0.00,0.00,1.00,0,completed,11,200,11,0.0,,128,full,chua_orig_nint128_bs16_sig0.0_lr1e-03-1e-05_tfp0_ramp200_hLR1_m20_p10_seed11_minsym5_cand0_reducedp3_full_sync_fullstate_ga0p1_v1_rseed0,5,200,parent_free_run,default
1.188174,20,10,3,10,5,0.1,True,16,0.0072,1.1882,1,models/chua_orig_nint128_bs16_sig0.0_lr1e-03-1e-05_tfp0_ramp200_hLR1_m20_p10_seed11_minsym5_cand1_reducedp3_full_sync_fullstate_ga0p1_v1_rseed0.pth,0;1;3;5;6;7;9,True,0.1,1.0,4.610764671928309,full_preactivation,0.039027,nan,0.027696,5,5.0,1.0,1599.8961971943288,73767.44864776063,full,0.0,,0.0,1e-05,False,0.001,200,5,128,5,5,7,2000,0.00,0.00,0.00,1.00,0,completed,11,200,11,0.0,,128,full,chua_orig_nint128_bs16_sig0.0_lr1e-03-1e-05_tfp0_ramp200_hLR1_m20_p10_seed11_minsym5_cand1_reducedp3_full_sync_fullstate_ga0p1_v1_rseed0,5,200,parent_free_run,default
1.220300,20,10,3,10,5,0.1,True,16,0.0107,1.2203,2,models/chua_orig_nint128_bs16_sig0.0_lr1e-03-1e-05_tfp0_ramp200_hLR1_m20_p10_seed11_minsym5_cand2_reducedp3_full_sync_fullstate_ga0p1_v1_rseed0.pth,0;1;4;5;6;7;9,True,0.1,1.0,6.1552465400850105,full_preactivation,0.063850,nan,0.038432,5,5.0,1.0,13.136415512664112,808.5787613345097,full,0.0,,0.0,1e-05,False,0.001,200,5,128,5,5,7,2000,0.00,0.00,0.00,1.00,0,completed,11,200,11,0.0,,128,full,chua_orig_nint128_bs16_sig0.0_lr1e-03-1e-05_tfp0_ramp200_hLR1_m20_p10_seed11_minsym5_cand2_reducedp3_full_sync_fullstate_ga0p1_v1_rseed0,5,200,parent_free_run,default
1.216527,20,10,3,10,5,0.1,True,16,0.0096,1.2165,3,models/chua_orig_nint128_bs16_sig0.0_lr1e-03-1e-05_tfp0_ramp200_hLR1_m20_p10_seed11_minsym5_cand3_reducedp3_full_sync_fullstate_ga0p1_v1_rseed0.pth,0;3;4;5;6;8;9,True,0.1,1.0,7.368204689445236,full_preactivation,0.050576,nan,0.023572,4,5.0,1.0,56.622404666395774,4172.054675906105,full,0.0,,0.0,1e-05,False,0.001,200,5,128,5,5,7,2000,0.00,0.00,0.00,1.00,0,completed,11,200,11,0.0,,128,full,chua_orig_nint128_bs16_sig0.0_lr1e-03-1e-05_tfp0_ramp200_hLR1_m20_p10_seed11_minsym5_cand3_reducedp3_full_sync_fullstate_ga0p1_v1_rseed0,5,200,parent_free_run,default
1.157002,20,10,3,10,5,0.1,True,16,0.0110,1.1570,4,models/chua_orig_nint128_bs16_sig0.0_lr1e-03-1e-05_tfp0_ramp200_hLR1_m20_p10_seed11_minsym5_cand4_reducedp3_full_sync_fullstate_ga0p1_v1_rseed0.pth,0;3;5;6;7;8;9,True,0.1,1.0,6.469315277817765,full_preactivation,0.043970,nan,0.026041,4,5.0,1.0,52.35294385646554,3386.876995293747,full,0.0,,0.0,1e-05,False,0.001,200,5,128,5,5,7,2000,0.00,0.00,0.00,1.00,0,completed,11,200,11,0.0,,128,full,chua_orig_nint128_bs16_sig0.0_lr1e-03-1e-05_tfp0_ramp200_hLR1_m20_p10_seed11_minsym5_cand4_reducedp3_full_sync_fullstate_ga0p1_v1_rseed0,5,200,parent_free_run,default
1.175767,20,10,3,10,5,0.1,True,16,0.0059,1.1758,5,models/chua_orig_nint128_bs16_sig0.0_lr1e-03-1e-05_tfp0_ramp200_hLR1_m20_p10_seed11_minsym5_cand5_reducedp3_full_sync_fullstate_ga0p1_v1_rseed0.pth,0;4;5;6;7;8;9,True,0.1,1.0,7.171611927098186,full_preactivation,0.070227,nan,0.038124,5,5.0,1.0,48.39399086243061,3470.6292206889516,full,0.0,,0.0,1e-05,False,0.001,200,5,128,5,5,7,2000,0.00,0.00,0.00,1.00,0,completed,11,200,11,0.0,,128,full,chua_orig_nint128_bs16_sig0.0_lr1e-03-1e-05_tfp0_ramp200_hLR1_m20_p10_seed11_minsym5_cand5_reducedp3_full_sync_fullstate_ga0p1_v1_rseed0,5,200,parent_free_run,default
1.175609,20,10,3,10,5,0.1,True,16,0.0118,1.1756,6,models/chua_orig_nint128_bs16_sig0.0_lr1e-03-1e-05_tfp0_ramp200_hLR1_m20_p10_seed11_minsym5_cand6_reducedp3_full_sync_fullstate_ga0p1_v1_rseed0.pth,1;3;4;5;6;7;9,True,0.1,1.0,1.415042219210061,full_preactivation,0.027170,nan,0.021897,4,5.0,1.0,2881.847656289711,40779.36102981507,full,0.0,,0.0,1e-05,False,0.001,200,5,128,5,5,7,2000,0.00,0.00,0.00,1.00,0,completed,11,200,11,0.0,,128,full,chua_orig_nint128_bs16_sig0.0_lr1e-03-1e-05_tfp0_ramp200_hLR1_m20_p10_seed11_minsym5_cand6_reducedp3_full_sync_fullstate_ga0p1_v1_rseed0,5,200,parent_free_run,default
1.242416,20,10,3,10,5,0.1,True,16,0.0075,1.2424,7,models/chua_orig_nint128_bs16_sig0.0_lr1e-03-1e-05_tfp0_ramp200_hLR1_m20_p10_seed11_minsym5_cand7_reducedp3_full_sync_fullstate_ga0p1_v1_rseed0.pth,3;4;5;6;7;8;9,True,0.1,1.0,7.783228317466804,full_preactivation,0.044995,nan,0.019735,5,5.0,1.0,54.365344433324466,4231.378882822951,full,0.0,,0.0,1e-05,False,0.001,200,5,128,5,5,7,2000,0.00,0.00,0.00,1.00,0,completed,11,200,11,0.0,,128,full,chua_orig_nint128_bs16_sig0.0_lr1e-03-1e-05_tfp0_ramp200_hLR1_m20_p10_seed11_minsym5_cand7_reducedp3_full_sync_fullstate_ga0p1_v1_rseed0,5,200,parent_free_run,default
2.117768,20,10,3,10,5,0.1,True,16,0.0082,1.2259,0,models/chua_orig_nint128_bs16_sig0.0_lr1e-03-1e-05_tfp0_ramp200_hLR1_m20_p10_seed13_minsym5_cand0_reducedp3_full_sync_fullstate_ga0p1_v1_rseed0.pth,0;1;2;3;5;7;8,True,0.1,1.0,1.3062444684680392,full_preactivation,0.020119,nan,0.012730,6,5.0,1.0,45506.262173463554,594423.0324474314,full,0.0,,0.0,1e-05,False,0.001,200,5,128,5,5,7,2000,0.00,0.00,0.00,1.00,0,completed,13,200,13,0.0,,128,full,chua_orig_nint128_bs16_sig0.0_lr1e-03-1e-05_tfp0_ramp200_hLR1_m20_p10_seed13_minsym5_cand0_reducedp3_full_sync_fullstate_ga0p1_v1_rseed0,5,200,parent_free_run,default
7.979142,20,10,3,10,3,0.1,True,16,0.0186,7.1912,1,models/chua_orig_nint128_bs16_sig0.0_lr1e-03-1e-05_tfp0_ramp200_hLR1_m20_p10_seed13_minsym5_cand1_reducedp3_full_sync_fullstate_ga0p1_v1_rseed0.pth,0;1;2;5;7;8;9,True,0.1,1.0,1.4692924558656444,full_preactivation,0.259332,nan,0.160146,3,5.0,1.0,53811.35530722117,790646.1839280577,full,0.0,,0.0,1e-05,False,0.001,200,5,128,5,5,7,2000,0.00,0.00,0.00,1.00,0,completed,13,200,13,0.0,,128,full,chua_orig_nint128_bs16_sig0.0_lr1e-03-1e-05_tfp0_ramp200_hLR1_m20_p10_seed13_minsym5_cand1_reducedp3_full_sync_fullstate_ga0p1_v1_rseed0,5,200,parent_free_run,default
1.494478,20,10,3,10,5,0.1,True,16,0.0060,1.1972,2,models/chua_orig_nint128_bs16_sig0.0_lr1e-03-1e-05_tfp0_ramp200_hLR1_m20_p10_seed13_minsym5_cand2_reducedp3_full_sync_fullstate_ga0p1_v1_rseed0.pth,0;1;3;5;7;8;9,True,0.1,1.0,1.2851388101228245,full_preactivation,0.022445,nan,0.014498,6,5.0,1.0,44117.94573073411,566976.8428145897,full,0.0,,0.0,1e-05,False,0.001,200,5,128,5,5,7,2000,0.00,0.00,0.00,1.00,0,completed,13,200,13,0.0,,128,full,chua_orig_nint128_bs16_sig0.0_lr1e-03-1e-05_tfp0_ramp200_hLR1_m20_p10_seed13_minsym5_cand2_reducedp3_full_sync_fullstate_ga0p1_v1_rseed0,5,200,parent_free_run,default
1.263767,20,10,3,10,5,0.1,True,16,0.0073,1.2638,3,models/chua_orig_nint128_bs16_sig0.0_lr1e-03-1e-05_tfp0_ramp200_hLR1_m20_p10_seed13_minsym5_cand3_reducedp3_full_sync_fullstate_ga0p1_v1_rseed0.pth,0;2;3;5;6;7;8,True,0.1,1.0,1.366843761255433,full_preactivation,0.024238,nan,0.015914,5,5.0,1.0,78858.94328146143,1077878.5464346157,full,0.0,,0.0,1e-05,False,0.001,200,5,128,5,5,7,2000,0.00,0.00,0.00,1.00,0,completed,13,200,13,0.0,,128,full,chua_orig_nint128_bs16_sig0.0_lr1e-03-1e-05_tfp0_ramp200_hLR1_m20_p10_seed13_minsym5_cand3_reducedp3_full_sync_fullstate_ga0p1_v1_rseed0,5,200,parent_free_run,default
8.366751,20,10,3,10,4,0.1,True,16,0.0196,7.3526,4,models/chua_orig_nint128_bs16_sig0.0_lr1e-03-1e-05_tfp0_ramp200_hLR1_m20_p10_seed13_minsym5_cand4_reducedp3_full_sync_fullstate_ga0p1_v1_rseed0.pth,0;2;5;6;7;8;9,True,0.1,1.0,1.468938073146266,full_preactivation,0.234109,nan,0.140410,1,5.0,1.0,53676.14712328,788469.3612918641,full,0.0,,0.0,1e-05,False,0.001,200,5,128,7,5,7,2000,0.00,0.00,0.00,1.00,0,completed,13,200,13,0.0,,128,full,chua_orig_nint128_bs16_sig0.0_lr1e-03-1e-05_tfp0_ramp200_hLR1_m20_p10_seed13_minsym5_cand4_reducedp3_full_sync_fullstate_ga0p1_v1_rseed0,5,200,parent_free_run,default
1.220445,20,10,3,10,5,0.1,True,16,0.0088,1.2204,5,models/chua_orig_nint128_bs16_sig0.0_lr1e-03-1e-05_tfp0_ramp200_hLR1_m20_p10_seed13_minsym5_cand5_reducedp3_full_sync_fullstate_ga0p1_v1_rseed0.pth,0;3;5;6;7;8;9,True,0.1,1.0,1.2846960686657356,full_preactivation,0.021566,nan,0.015988,5,5.0,1.0,44299.09795357012,569108.7698638986,full,0.0,,0.0,1e-05,False,0.001,200,5,128,5,5,7,2000,0.00,0.00,0.00,1.00,0,completed,13,200,13,0.0,,128,full,chua_orig_nint128_bs16_sig0.0_lr1e-03-1e-05_tfp0_ramp200_hLR1_m20_p10_seed13_minsym5_cand5_reducedp3_full_sync_fullstate_ga0p1_v1_rseed0,5,200,parent_free_run,default
2.487992,20,10,3,10,5,0.1,True,16,0.0080,1.2588,6,models/chua_orig_nint128_bs16_sig0.0_lr1e-03-1e-05_tfp0_ramp200_hLR1_m20_p10_seed13_minsym5_cand6_reducedp3_full_sync_fullstate_ga0p1_v1_rseed0.pth,1;2;3;5;7;8;9,True,0.1,1.0,10.998124675410114,full_preactivation,0.043923,nan,0.013806,7,5.0,1.0,2.794327124140935,307.32358095193194,full,0.0,,0.0,1e-05,False,0.001,200,5,128,4,5,7,2000,0.00,0.00,0.00,1.00,0,completed,13,200,13,0.0,,128,full,chua_orig_nint128_bs16_sig0.0_lr1e-03-1e-05_tfp0_ramp200_hLR1_m20_p10_seed13_minsym5_cand6_reducedp3_full_sync_fullstate_ga0p1_v1_rseed0,5,200,parent_free_run,default
1.251489,20,10,3,10,5,0.1,True,16,0.0076,1.2515,7,models/chua_orig_nint128_bs16_sig0.0_lr1e-03-1e-05_tfp0_ramp200_hLR1_m20_p10_seed13_minsym5_cand7_reducedp3_full_sync_fullstate_ga0p1_v1_rseed0.pth,2;3;5;6;7;8;9,True,0.1,1.0,10.115279462854415,full_preactivation,0.045827,nan,0.019447,5,5.0,1.0,2.7015014321207844,273.2644195521328,full,0.0,,0.0,1e-05,False,0.001,200,5,128,5,5,7,2000,0.00,0.00,0.00,1.00,0,completed,13,200,13,0.0,,128,full,chua_orig_nint128_bs16_sig0.0_lr1e-03-1e-05_tfp0_ramp200_hLR1_m20_p10_seed13_minsym5_cand7_reducedp3_full_sync_fullstate_ga0p1_v1_rseed0,5,200,parent_free_run,default
4.748024,20,10,3,10,4,0.1,True,16,0.0117,2.8389,0,models/chua_orig_nint128_bs16_sig0.0_lr1e-03-1e-05_tfp0_ramp200_hLR1_m20_p10_seed14_minsym5_cand0_reducedp3_full_sync_fullstate_ga0p1_v1_rseed0.pth,0;1;2;5;6;7;8,True,0.1,1.0,4.688574492531489,full_preactivation,0.445528,nan,0.356536,2,5.0,1.0,132.32415270408868,6204.116471142365,full,0.0,,0.0,1e-05,False,0.001,200,5,128,4,5,7,2000,0.00,0.00,0.00,1.00,0,completed,14,200,14,0.0,,128,full,chua_orig_nint128_bs16_sig0.0_lr1e-03-1e-05_tfp0_ramp200_hLR1_m20_p10_seed14_minsym5_cand0_reducedp3_full_sync_fullstate_ga0p1_v1_rseed0,5,200,parent_free_run,default
1.181102,20,10,3,10,5,0.1,True,16,0.0055,1.1811,1,models/chua_orig_nint128_bs16_sig0.0_lr1e-03-1e-05_tfp0_ramp200_hLR1_m20_p10_seed14_minsym5_cand1_reducedp3_full_sync_fullstate_ga0p1_v1_rseed0.pth,0;1;2;5;6;7;9,True,0.1,1.0,5.37599908140559,full_preactivation,0.042554,nan,0.020171,5,5.0,1.0,118.30804873484634,6360.239613214269,full,0.0,,0.0,1e-05,False,0.001,200,5,128,5,5,7,2000,0.00,0.00,0.00,1.00,0,completed,14,200,14,0.0,,128,full,chua_orig_nint128_bs16_sig0.0_lr1e-03-1e-05_tfp0_ramp200_hLR1_m20_p10_seed14_minsym5_cand1_reducedp3_full_sync_fullstate_ga0p1_v1_rseed0,5,200,parent_free_run,default
1.198850,20,10,3,10,5,0.1,True,16,0.0085,1.1988,2,models/chua_orig_nint128_bs16_sig0.0_lr1e-03-1e-05_tfp0_ramp200_hLR1_m20_p10_seed14_minsym5_cand2_reducedp3_full_sync_fullstate_ga0p1_v1_rseed0.pth,0;1;2;5;6;8;9,True,0.1,1.0,5.071859333078326,full_preactivation,0.031119,nan,0.013274,5,5.0,1.0,121.9344832429914,6184.345468600537,full,0.0,,0.0,1e-05,False,0.001,200,5,128,5,5,7,2000,0.00,0.00,0.00,1.00,0,completed,14,200,14,0.0,,128,full,chua_orig_nint128_bs16_sig0.0_lr1e-03-1e-05_tfp0_ramp200_hLR1_m20_p10_seed14_minsym5_cand2_reducedp3_full_sync_fullstate_ga0p1_v1_rseed0,5,200,parent_free_run,default
2.735847,20,10,3,10,3,0.1,True,16,0.0070,2.7358,3,models/chua_orig_nint128_bs16_sig0.0_lr1e-03-1e-05_tfp0_ramp200_hLR1_m20_p10_seed14_minsym5_cand3_reducedp3_full_sync_fullstate_ga0p1_v1_rseed0.pth,0;1;5;6;7;8;9,True,0.1,1.0,5.455752494317983,full_preactivation,0.473933,nan,0.361945,2,5.0,1.0,100.9770815690237,5509.059646391569,full,0.0,,0.0,1e-05,False,0.001,200,5,128,6,5,7,2000,0.00,0.00,0.00,1.00,0,completed,14,200,14,0.0,,128,full,chua_orig_nint128_bs16_sig0.0_lr1e-03-1e-05_tfp0_ramp200_hLR1_m20_p10_seed14_minsym5_cand3_reducedp3_full_sync_fullstate_ga0p1_v1_rseed0,5,200,parent_free_run,default
7.302717,20,10,3,10,4,0.1,True,16,0.0080,2.7701,4,models/chua_orig_nint128_bs16_sig0.0_lr1e-03-1e-05_tfp0_ramp200_hLR1_m20_p10_seed14_minsym5_cand4_reducedp3_full_sync_fullstate_ga0p1_v1_rseed0.pth,0;2;5;6;7;8;9,True,0.1,1.0,4.651817820298406,full_preactivation,0.464528,nan,0.363605,2,5.0,1.0,116.9837746414344,5441.872075628019,full,0.0,,0.0,1e-05,False,0.001,200,5,128,7,5,7,2000,0.00,0.00,0.00,1.00,0,completed,14,200,14,0.0,,128,full,chua_orig_nint128_bs16_sig0.0_lr1e-03-1e-05_tfp0_ramp200_hLR1_m20_p10_seed14_minsym5_cand4_reducedp3_full_sync_fullstate_ga0p1_v1_rseed0,5,200,parent_free_run,default
1.048331,20,10,3,10,5,0.1,True,16,0.0123,1.0483,0,models/chua_orig_nint128_bs16_sig0.0_lr1e-03-1e-05_tfp0_ramp200_hLR1_m20_p10_seed15_minsym5_cand0_reducedp3_full_sync_fullstate_ga0p1_v1_rseed0.pth,0;2;3;5;6;7;8,True,0.1,1.0,2.7542493676061524,full_preactivation,0.032314,nan,0.021687,5,5.0,1.0,131.8157632712315,3630.534826303144,full,0.0,,0.0,1e-05,False,0.001,200,5,128,5,5,7,2000,0.00,0.00,0.00,1.00,0,completed,15,200,15,0.0,,128,full,chua_orig_nint128_bs16_sig0.0_lr1e-03-1e-05_tfp0_ramp200_hLR1_m20_p10_seed15_minsym5_cand0_reducedp3_full_sync_fullstate_ga0p1_v1_rseed0,5,200,parent_free_run,default
1.269392,20,10,3,10,5,0.1,True,16,0.0060,1.2694,1,models/chua_orig_nint128_bs16_sig0.0_lr1e-03-1e-05_tfp0_ramp200_hLR1_m20_p10_seed15_minsym5_cand1_reducedp3_full_sync_fullstate_ga0p1_v1_rseed0.pth,0;2;3;5;6;7;9,True,0.1,1.0,2.41366614244054,full_preactivation,0.033468,nan,0.023028,5,5.0,1.0,699.2511654497349,16877.58863108116,full,0.0,,0.0,1e-05,False,0.001,200,5,128,5,5,7,2000,0.00,0.00,0.00,1.00,0,completed,15,200,15,0.0,,128,full,chua_orig_nint128_bs16_sig0.0_lr1e-03-1e-05_tfp0_ramp200_hLR1_m20_p10_seed15_minsym5_cand1_reducedp3_full_sync_fullstate_ga0p1_v1_rseed0,5,200,parent_free_run,default
1.306870,20,10,3,10,5,0.1,True,16,0.0073,1.3069,2,models/chua_orig_nint128_bs16_sig0.0_lr1e-03-1e-05_tfp0_ramp200_hLR1_m20_p10_seed15_minsym5_cand2_reducedp3_full_sync_fullstate_ga0p1_v1_rseed0.pth,0;2;3;5;6;8;9,True,0.1,1.0,2.126576207346442,full_preactivation,0.066324,nan,0.045420,5,5.0,1.0,1885.4100279624217,40094.681065572775,full,0.0,,0.0,1e-05,False,0.001,200,5,128,5,5,7,2000,0.00,0.00,0.00,1.00,0,completed,15,200,15,0.0,,128,full,chua_orig_nint128_bs16_sig0.0_lr1e-03-1e-05_tfp0_ramp200_hLR1_m20_p10_seed15_minsym5_cand2_reducedp3_full_sync_fullstate_ga0p1_v1_rseed0,5,200,parent_free_run,default
2.842439,20,10,3,10,3,0.1,True,16,0.0107,2.8424,3,models/chua_orig_nint128_bs16_sig0.0_lr1e-03-1e-05_tfp0_ramp200_hLR1_m20_p10_seed15_minsym5_cand3_reducedp3_full_sync_fullstate_ga0p1_v1_rseed0.pth,0;2;3;5;7;8;9,True,0.1,1.0,2.770130496551084,full_preactivation,0.422511,nan,0.337375,2,5.0,1.0,725.5444510767629,20098.528105311594,full,0.0,,0.0,1e-05,False,0.001,200,5,128,4,5,7,2000,0.00,0.00,0.00,1.00,0,completed,15,200,15,0.0,,128,full,chua_orig_nint128_bs16_sig0.0_lr1e-03-1e-05_tfp0_ramp200_hLR1_m20_p10_seed15_minsym5_cand3_reducedp3_full_sync_fullstate_ga0p1_v1_rseed0,5,200,parent_free_run,default
1.406735,20,10,3,10,5,0.1,True,16,0.0058,1.4067,4,models/chua_orig_nint128_bs16_sig0.0_lr1e-03-1e-05_tfp0_ramp200_hLR1_m20_p10_seed15_minsym5_cand4_reducedp3_full_sync_fullstate_ga0p1_v1_rseed0.pth,0;2;5;6;7;8;9,True,0.1,1.0,1.9099318623946995,full_preactivation,0.089943,nan,0.052670,5,5.0,1.0,128.18101148025616,2448.169979801239,full,0.0,,0.0,1e-05,False,0.001,200,5,128,7,5,7,2000,0.00,0.00,0.00,1.00,0,completed,15,200,15,0.0,,128,full,chua_orig_nint128_bs16_sig0.0_lr1e-03-1e-05_tfp0_ramp200_hLR1_m20_p10_seed15_minsym5_cand4_reducedp3_full_sync_fullstate_ga0p1_v1_rseed0,5,200,parent_free_run,default
6.988856,20,10,3,10,3,0.1,True,16,0.0157,5.9299,5,models/chua_orig_nint128_bs16_sig0.0_lr1e-03-1e-05_tfp0_ramp200_hLR1_m20_p10_seed15_minsym5_cand5_reducedp3_full_sync_fullstate_ga0p1_v1_rseed0.pth,0;3;5;6;7;8;9,True,0.1,1.0,2.668552001421878,full_preactivation,0.502354,nan,0.196486,3,5.0,1.0,586.6723525263058,15655.656805129576,full,0.0,,0.0,1e-05,False,0.001,200,5,128,6,5,7,2000,0.00,0.00,0.00,1.00,0,completed,15,200,15,0.0,,128,full,chua_orig_nint128_bs16_sig0.0_lr1e-03-1e-05_tfp0_ramp200_hLR1_m20_p10_seed15_minsym5_cand5_reducedp3_full_sync_fullstate_ga0p1_v1_rseed0,5,200,parent_free_run,default
2.906673,20,10,3,10,4,0.1,True,16,0.0140,2.9067,6,models/chua_orig_nint128_bs16_sig0.0_lr1e-03-1e-05_tfp0_ramp200_hLR1_m20_p10_seed15_minsym5_cand6_reducedp3_full_sync_fullstate_ga0p1_v1_rseed0.pth,2;3;5;6;7;8;9,True,0.1,1.0,2.6954963036712796,full_preactivation,0.369821,nan,0.281646,4,5.0,1.0,723.9120851534736,19513.023497141596,full,0.0,,0.0,1e-05,False,0.001,200,5,128,6,5,7,2000,0.00,0.00,0.00,1.00,0,completed,15,200,15,0.0,,128,full,chua_orig_nint128_bs16_sig0.0_lr1e-03-1e-05_tfp0_ramp200_hLR1_m20_p10_seed15_minsym5_cand6_reducedp3_full_sync_fullstate_ga0p1_v1_rseed0,5,200,parent_free_run,default
1.241139,20,10,3,10,5,0.1,True,16,0.0094,1.2411,0,models/chua_orig_nint128_bs16_sig0.0_lr1e-03-1e-05_tfp0_ramp200_hLR1_m20_p10_seed16_minsym5_cand0_reducedp3_full_sync_fullstate_ga0p1_v1_rseed0.pth,0;1;2;3;4;5;8,True,0.1,1.0,5.258809258828732,full_preactivation,0.041331,nan,0.015948,5,5.0,1.0,71.56156309089202,3763.286105586446,full,0.0,,0.0,1e-05,False,0.001,200,5,128,5,5,7,2000,0.00,0.00,0.00,1.00,0,completed,16,200,16,0.0,,128,full,chua_orig_nint128_bs16_sig0.0_lr1e-03-1e-05_tfp0_ramp200_hLR1_m20_p10_seed16_minsym5_cand0_reducedp3_full_sync_fullstate_ga0p1_v1_rseed0,5,200,parent_free_run,default
1.114867,20,10,3,10,5,0.1,True,16,0.0112,1.1149,1,models/chua_orig_nint128_bs16_sig0.0_lr1e-03-1e-05_tfp0_ramp200_hLR1_m20_p10_seed16_minsym5_cand1_reducedp3_full_sync_fullstate_ga0p1_v1_rseed0.pth,0;1;2;3;4;7;8,True,0.1,1.0,3.486115646546842,full_preactivation,0.037307,nan,0.021615,5,5.0,1.0,60.85719512051974,2121.552201146015,full,0.0,,0.0,1e-05,False,0.001,200,5,128,5,5,7,2000,0.00,0.00,0.00,1.00,0,completed,16,200,16,0.0,,128,full,chua_orig_nint128_bs16_sig0.0_lr1e-03-1e-05_tfp0_ramp200_hLR1_m20_p10_seed16_minsym5_cand1_reducedp3_full_sync_fullstate_ga0p1_v1_rseed0,5,200,parent_free_run,default
1.163381,20,10,3,10,5,0.1,True,16,0.0060,1.1634,0,models/chua_orig_nint128_bs16_sig0.0_lr1e-03-1e-05_tfp0_ramp200_hLR1_m20_p10_seed17_minsym5_cand0_reducedp3_full_sync_fullstate_ga0p1_v1_rseed0.pth,0;1;2;3;4;6;8,True,0.1,1.0,5.912300242513905,full_preactivation,0.034935,nan,0.013321,5,5.0,1.0,48.41062916303292,2862.1817454085617,full,0.0,,0.0,1e-05,False,0.001,200,5,128,5,5,7,2000,0.00,0.00,0.00,1.00,0,completed,17,200,17,0.0,,128,full,chua_orig_nint128_bs16_sig0.0_lr1e-03-1e-05_tfp0_ramp200_hLR1_m20_p10_seed17_minsym5_cand0_reducedp3_full_sync_fullstate_ga0p1_v1_rseed0,5,200,parent_free_run,default
1.148853,20,10,3,10,5,0.1,True,16,0.0075,1.1489,1,models/chua_orig_nint128_bs16_sig0.0_lr1e-03-1e-05_tfp0_ramp200_hLR1_m20_p10_seed17_minsym5_cand1_reducedp3_full_sync_fullstate_ga0p1_v1_rseed0.pth,0;1;2;3;4;8;9,True,0.1,1.0,3.2333700979954423,full_preactivation,0.026798,nan,0.014439,5,5.0,1.0,104.97568324848535,3394.252352322968,full,0.0,,0.0,1e-05,False,0.001,200,5,128,5,5,7,2000,0.00,0.00,0.00,1.00,0,completed,17,200,17,0.0,,128,full,chua_orig_nint128_bs16_sig0.0_lr1e-03-1e-05_tfp0_ramp200_hLR1_m20_p10_seed17_minsym5_cand1_reducedp3_full_sync_fullstate_ga0p1_v1_rseed0,5,200,parent_free_run,default
1.082157,20,10,3,10,5,0.1,True,16,0.0078,1.0822,2,models/chua_orig_nint128_bs16_sig0.0_lr1e-03-1e-05_tfp0_ramp200_hLR1_m20_p10_seed17_minsym5_cand2_reducedp3_full_sync_fullstate_ga0p1_v1_rseed0.pth,0;2;3;4;6;7;8,True,0.1,1.0,6.133000176608924,full_preactivation,0.030927,nan,0.015373,5,5.0,1.0,46.763532118227396,2868.0075073995185,full,0.0,,0.0,1e-05,False,0.001,200,5,128,5,5,7,2000,0.00,0.00,0.00,1.00,0,completed,17,200,17,0.0,,128,full,chua_orig_nint128_bs16_sig0.0_lr1e-03-1e-05_tfp0_ramp200_hLR1_m20_p10_seed17_minsym5_cand2_reducedp3_full_sync_fullstate_ga0p1_v1_rseed0,5,200,parent_free_run,default
1.071306,20,10,3,10,5,0.1,True,16,0.0165,1.0713,3,models/chua_orig_nint128_bs16_sig0.0_lr1e-03-1e-05_tfp0_ramp200_hLR1_m20_p10_seed17_minsym5_cand3_reducedp3_full_sync_fullstate_ga0p1_v1_rseed0.pth,0;2;3;4;7;8;9,True,0.1,1.0,1.24395913423298,full_preactivation,0.015685,nan,0.011687,5,5.0,1.0,337.21382380303925,4194.802163094227,full,0.0,,0.0,1e-05,False,0.001,200,5,128,5,5,7,2000,0.00,0.00,0.00,1.00,0,completed,17,200,17,0.0,,128,full,chua_orig_nint128_bs16_sig0.0_lr1e-03-1e-05_tfp0_ramp200_hLR1_m20_p10_seed17_minsym5_cand3_reducedp3_full_sync_fullstate_ga0p1_v1_rseed0,5,200,parent_free_run,default
3.200205,20,10,3,10,3,0.1,True,16,0.0107,3.2002,4,models/chua_orig_nint128_bs16_sig0.0_lr1e-03-1e-05_tfp0_ramp200_hLR1_m20_p10_seed17_minsym5_cand4_reducedp3_full_sync_fullstate_ga0p1_v1_rseed0.pth,1;2;3;5;7;8;9,True,0.1,1.0,4.822027168826822,full_preactivation,0.502895,nan,0.334457,2,5.0,1.0,62.308338573469705,3004.52501445736,full,0.0,,0.0,1e-05,False,0.001,200,5,128,6,5,7,2000,0.00,0.00,0.00,1.00,0,completed,17,200,17,0.0,,128,full,chua_orig_nint128_bs16_sig0.0_lr1e-03-1e-05_tfp0_ramp200_hLR1_m20_p10_seed17_minsym5_cand4_reducedp3_full_sync_fullstate_ga0p1_v1_rseed0,5,200,parent_free_run,default
6.187551,20,10,3,10,4,0.1,True,16,0.0115,3.7023,5,models/chua_orig_nint128_bs16_sig0.0_lr1e-03-1e-05_tfp0_ramp200_hLR1_m20_p10_seed17_minsym5_cand5_reducedp3_full_sync_fullstate_ga0p1_v1_rseed0.pth,1;2;4;5;7;8;9,True,0.1,1.0,5.218982467068498,full_preactivation,0.504348,nan,0.323904,1,5.0,1.0,36.34199347806497,1896.68226780344,full,0.0,,0.0,1e-05,False,0.001,200,5,128,8,5,7,2000,0.00,0.00,0.00,1.00,0,completed,17,200,17,0.0,,128,full,chua_orig_nint128_bs16_sig0.0_lr1e-03-1e-05_tfp0_ramp200_hLR1_m20_p10_seed17_minsym5_cand5_reducedp3_full_sync_fullstate_ga0p1_v1_rseed0,5,200,parent_free_run,default
1.933340,20,10,3,10,4,0.1,True,16,0.0187,1.9333,0,models/chua_orig_nint128_bs16_sig0.0_lr1e-03-1e-05_tfp0_ramp200_hLR1_m20_p10_seed18_minsym5_cand0_reducedp3_full_sync_fullstate_ga0p1_v1_rseed0.pth,0;1;2;3;4;5;7,True,0.1,1.0,2.1743152449040233,full_preactivation,11867.095703,nan,2019.347412,4,5.0,1.0,393518.95946192986,8556342.727168424,full,0.0,,0.0,1e-05,False,0.001,200,5,128,7,5,7,2000,0.00,0.00,0.00,1.00,0,completed,18,200,18,0.0,,128,full,chua_orig_nint128_bs16_sig0.0_lr1e-03-1e-05_tfp0_ramp200_hLR1_m20_p10_seed18_minsym5_cand0_reducedp3_full_sync_fullstate_ga0p1_v1_rseed0,5,200,parent_free_run,default
1.148882,20,10,3,10,5,0.1,True,16,0.0054,1.1489,1,models/chua_orig_nint128_bs16_sig0.0_lr1e-03-1e-05_tfp0_ramp200_hLR1_m20_p10_seed18_minsym5_cand1_reducedp3_full_sync_fullstate_ga0p1_v1_rseed0.pth,0;1;2;3;4;5;9,True,0.1,1.0,5.0838058448957995,full_preactivation,0.058082,nan,0.035921,5,5.0,1.0,326603.62756099325,16603894.307587482,full,0.0,,0.0,1e-05,False,0.001,200,5,128,5,5,7,2000,0.00,0.00,0.00,1.00,0,completed,18,200,18,0.0,,128,full,chua_orig_nint128_bs16_sig0.0_lr1e-03-1e-05_tfp0_ramp200_hLR1_m20_p10_seed18_minsym5_cand1_reducedp3_full_sync_fullstate_ga0p1_v1_rseed0,5,200,parent_free_run,default
1.287023,20,10,3,10,5,0.1,True,16,0.0094,1.2870,2,models/chua_orig_nint128_bs16_sig0.0_lr1e-03-1e-05_tfp0_ramp200_hLR1_m20_p10_seed18_minsym5_cand2_reducedp3_full_sync_fullstate_ga0p1_v1_rseed0.pth,0;1;2;3;4;6;7,True,0.1,1.0,5.138482497913241,full_preactivation,0.048770,nan,0.031488,5,5.0,1.0,29129.226311286413,1496800.195782991,full,0.0,,0.0,1e-05,False,0.001,200,5,128,5,5,7,2000,0.00,0.00,0.00,1.00,0,completed,18,200,18,0.0,,128,full,chua_orig_nint128_bs16_sig0.0_lr1e-03-1e-05_tfp0_ramp200_hLR1_m20_p10_seed18_minsym5_cand2_reducedp3_full_sync_fullstate_ga0p1_v1_rseed0,5,200,parent_free_run,default
1.108033,20,10,3,10,5,0.1,True,16,0.0112,1.1080,3,models/chua_orig_nint128_bs16_sig0.0_lr1e-03-1e-05_tfp0_ramp200_hLR1_m20_p10_seed18_minsym5_cand3_reducedp3_full_sync_fullstate_ga0p1_v1_rseed0.pth,0;1;2;3;4;6;9,True,0.1,1.0,7.327359650892991,full_preactivation,0.051927,nan,0.026371,5,5.0,1.0,9493.948747096752,695655.7697712282,full,0.0,,0.0,1e-05,False,0.001,200,5,128,5,5,7,2000,0.00,0.00,0.00,1.00,0,completed,18,200,18,0.0,,128,full,chua_orig_nint128_bs16_sig0.0_lr1e-03-1e-05_tfp0_ramp200_hLR1_m20_p10_seed18_minsym5_cand3_reducedp3_full_sync_fullstate_ga0p1_v1_rseed0,5,200,parent_free_run,default
1.228723,20,10,3,10,5,0.1,True,16,0.0096,1.2287,4,models/chua_orig_nint128_bs16_sig0.0_lr1e-03-1e-05_tfp0_ramp200_hLR1_m20_p10_seed18_minsym5_cand4_reducedp3_full_sync_fullstate_ga0p1_v1_rseed0.pth,0;1;3;4;5;7;9,True,0.1,1.0,7.631663244871084,full_preactivation,0.062981,nan,0.035777,5,5.0,1.0,54924.42045666026,4191646.808449395,full,0.0,,0.0,1e-05,False,0.001,200,5,128,5,5,7,2000,0.00,0.00,0.00,1.00,0,completed,18,200,18,0.0,,128,full,chua_orig_nint128_bs16_sig0.0_lr1e-03-1e-05_tfp0_ramp200_hLR1_m20_p10_seed18_minsym5_cand4_reducedp3_full_sync_fullstate_ga0p1_v1_rseed0,5,200,parent_free_run,default
1.159427,20,10,3,10,5,0.1,True,16,0.0095,1.1594,5,models/chua_orig_nint128_bs16_sig0.0_lr1e-03-1e-05_tfp0_ramp200_hLR1_m20_p10_seed18_minsym5_cand5_reducedp3_full_sync_fullstate_ga0p1_v1_rseed0.pth,0;1;3;4;6;7;9,True,0.1,1.0,7.375793136864441,full_preactivation,0.050154,nan,0.026696,5,5.0,1.0,10338.111124620396,762517.6908111706,full,0.0,,0.0,1e-05,False,0.001,200,5,128,5,5,7,2000,0.00,0.00,0.00,1.00,0,completed,18,200,18,0.0,,128,full,chua_orig_nint128_bs16_sig0.0_lr1e-03-1e-05_tfp0_ramp200_hLR1_m20_p10_seed18_minsym5_cand5_reducedp3_full_sync_fullstate_ga0p1_v1_rseed0,5,200,parent_free_run,default
5.041734,20,10,3,10,4,0.1,True,16,0.0159,1.5055,6,models/chua_orig_nint128_bs16_sig0.0_lr1e-03-1e-05_tfp0_ramp200_hLR1_m20_p10_seed18_minsym5_cand6_reducedp3_full_sync_fullstate_ga0p1_v1_rseed0.pth,1;2;3;4;5;7;9,True,0.1,1.0,3.4207662489409314,full_preactivation,0.179100,nan,0.063839,3,5.0,1.0,4206.016533268147,143877.99399491222,full,0.0,,0.0,1e-05,False,0.001,200,5,128,7,5,7,2000,0.00,0.00,0.00,1.00,0,completed,18,200,18,0.0,,128,full,chua_orig_nint128_bs16_sig0.0_lr1e-03-1e-05_tfp0_ramp200_hLR1_m20_p10_seed18_minsym5_cand6_reducedp3_full_sync_fullstate_ga0p1_v1_rseed0,5,200,parent_free_run,default
1.089186,20,10,3,10,5,0.1,True,16,0.0101,1.0892,7,models/chua_orig_nint128_bs16_sig0.0_lr1e-03-1e-05_tfp0_ramp200_hLR1_m20_p10_seed18_minsym5_cand7_reducedp3_full_sync_fullstate_ga0p1_v1_rseed0.pth,1;2;3;4;6;7;9,True,0.1,1.0,4.592091588106635,full_preactivation,0.041610,nan,0.028497,5,5.0,1.0,3423.8450527604928,157226.10065761983,full,0.0,,0.0,1e-05,False,0.001,200,5,128,5,5,7,2000,0.00,0.00,0.00,1.00,0,completed,18,200,18,0.0,,128,full,chua_orig_nint128_bs16_sig0.0_lr1e-03-1e-05_tfp0_ramp200_hLR1_m20_p10_seed18_minsym5_cand7_reducedp3_full_sync_fullstate_ga0p1_v1_rseed0,5,200,parent_free_run,default
1.098951,20,10,3,10,5,0.1,True,16,0.0080,1.0990,0,models/chua_orig_nint128_bs16_sig0.0_lr1e-03-1e-05_tfp0_ramp200_hLR1_m20_p10_seed20_minsym5_cand0_reducedp3_full_sync_fullstate_ga0p1_v1_rseed0.pth,0;1;2;3;5;7;8,True,0.1,1.0,1.7020299515816601,full_preactivation,0.008552,nan,0.005718,5,5.0,1.0,234719.52286931736,3994996.5814453457,full,0.0,,0.0,1e-05,False,0.001,200,5,128,5,5,7,2000,0.00,0.00,0.00,1.00,0,completed,20,200,20,0.0,,128,full,chua_orig_nint128_bs16_sig0.0_lr1e-03-1e-05_tfp0_ramp200_hLR1_m20_p10_seed20_minsym5_cand0_reducedp3_full_sync_fullstate_ga0p1_v1_rseed0,5,200,parent_free_run,default
1.183139,20,10,3,10,5,0.1,True,16,0.0122,1.1831,1,models/chua_orig_nint128_bs16_sig0.0_lr1e-03-1e-05_tfp0_ramp200_hLR1_m20_p10_seed20_minsym5_cand1_reducedp3_full_sync_fullstate_ga0p1_v1_rseed0.pth,0;1;3;4;5;7;8,True,0.1,1.0,3.4668804628327092,full_preactivation,0.011956,nan,0.007194,5,5.0,1.0,1569.0148555132578,54395.86948473202,full,0.0,,0.0,1e-05,False,0.001,200,5,128,5,5,7,2000,0.00,0.00,0.00,1.00,0,completed,20,200,20,0.0,,128,full,chua_orig_nint128_bs16_sig0.0_lr1e-03-1e-05_tfp0_ramp200_hLR1_m20_p10_seed20_minsym5_cand1_reducedp3_full_sync_fullstate_ga0p1_v1_rseed0,5,200,parent_free_run,default
1.117310,20,10,3,10,5,0.1,True,16,0.0100,1.1173,2,models/chua_orig_nint128_bs16_sig0.0_lr1e-03-1e-05_tfp0_ramp200_hLR1_m20_p10_seed20_minsym5_cand2_reducedp3_full_sync_fullstate_ga0p1_v1_rseed0.pth,1;2;3;4;5;7;8,True,0.1,1.0,1.305091337828221,full_preactivation,0.007658,nan,0.005446,5,5.0,1.0,148556.6323123946,1938799.7400783815,full,0.0,,0.0,1e-05,False,0.001,200,5,128,5,5,7,2000,0.00,0.00,0.00,1.00,0,completed,20,200,20,0.0,,128,full,chua_orig_nint128_bs16_sig0.0_lr1e-03-1e-05_tfp0_ramp200_hLR1_m20_p10_seed20_minsym5_cand2_reducedp3_full_sync_fullstate_ga0p1_v1_rseed0,5,200,parent_free_run,default
1.354490,20,10,3,10,5,0.1,True,16,0.0061,1.3545,0,models/chua_orig_nint128_bs16_sig0.0_lr1e-03-1e-05_tfp0_ramp200_hLR1_m20_p10_seed21_minsym5_cand0_reducedp3_full_sync_fullstate_ga0p1_v1_rseed0.pth,0;1;3;4;5;6;8,True,0.1,1.0,2.0539912250281507,full_preactivation,0.046142,nan,0.025681,5,5.0,1.0,19029.359906142403,390861.38265119004,full,0.0,,0.0,1e-05,False,0.001,200,5,128,5,5,7,2000,0.00,0.00,0.00,1.00,0,completed,21,200,21,0.0,,128,full,chua_orig_nint128_bs16_sig0.0_lr1e-03-1e-05_tfp0_ramp200_hLR1_m20_p10_seed21_minsym5_cand0_reducedp3_full_sync_fullstate_ga0p1_v1_rseed0,5,200,parent_free_run,default
0.971682,20,10,3,10,5,0.1,True,16,0.0093,0.9717,1,models/chua_orig_nint128_bs16_sig0.0_lr1e-03-1e-05_tfp0_ramp200_hLR1_m20_p10_seed21_minsym5_cand1_reducedp3_full_sync_fullstate_ga0p1_v1_rseed0.pth,0;1;3;4;5;8;9,True,0.1,1.0,1.0923040175462582,full_preactivation,0.020422,nan,0.012560,4,5.0,1.0,16298.502929717195,178029.20230119553,full,0.0,,0.0,1e-05,False,0.001,200,5,128,5,5,7,2000,0.00,0.00,0.00,1.00,0,completed,21,200,21,0.0,,128,full,chua_orig_nint128_bs16_sig0.0_lr1e-03-1e-05_tfp0_ramp200_hLR1_m20_p10_seed21_minsym5_cand1_reducedp3_full_sync_fullstate_ga0p1_v1_rseed0,5,200,parent_free_run,default
1.184519,20,10,3,10,5,0.1,True,16,0.0078,1.1845,2,models/chua_orig_nint128_bs16_sig0.0_lr1e-03-1e-05_tfp0_ramp200_hLR1_m20_p10_seed21_minsym5_cand2_reducedp3_full_sync_fullstate_ga0p1_v1_rseed0.pth,0;1;3;4;6;8;9,True,0.1,1.0,2.3569924179689132,full_preactivation,0.029004,nan,0.015925,5,5.0,1.0,1798.7757864942826,42397.008903930946,full,0.0,,0.0,1e-05,False,0.001,200,5,128,5,5,7,2000,0.00,0.00,0.00,1.00,0,completed,21,200,21,0.0,,128,full,chua_orig_nint128_bs16_sig0.0_lr1e-03-1e-05_tfp0_ramp200_hLR1_m20_p10_seed21_minsym5_cand2_reducedp3_full_sync_fullstate_ga0p1_v1_rseed0,5,200,parent_free_run,default
1.207506,20,10,3,10,5,0.1,True,16,0.0050,1.2075,3,models/chua_orig_nint128_bs16_sig0.0_lr1e-03-1e-05_tfp0_ramp200_hLR1_m20_p10_seed21_minsym5_cand3_reducedp3_full_sync_fullstate_ga0p1_v1_rseed0.pth,0;3;4;5;6;8;9,True,0.1,1.0,2.040720907556208,full_preactivation,0.025700,nan,0.013082,5,5.0,1.0,7744.338329144072,158040.3314347322,full,0.0,,0.0,1e-05,False,0.001,200,5,128,5,5,7,2000,0.00,0.00,0.00,1.00,0,completed,21,200,21,0.0,,128,full,chua_orig_nint128_bs16_sig0.0_lr1e-03-1e-05_tfp0_ramp200_hLR1_m20_p10_seed21_minsym5_cand3_reducedp3_full_sync_fullstate_ga0p1_v1_rseed0,5,200,parent_free_run,default
7.646147,20,10,3,10,4,0.1,True,16,0.0177,4.4384,0,models/chua_orig_nint128_bs16_sig0.0_lr1e-03-1e-05_tfp0_ramp200_hLR1_m20_p10_seed22_minsym5_cand0_reducedp3_full_sync_fullstate_ga0p1_v1_rseed0.pth,0;2;3;4;5;7;8,True,0.1,1.0,2.5428243104169312,full_preactivation,0.158895,nan,0.086725,3,5.0,1.0,101.4263473650675,2579.093817966884,full,0.0,,0.0,1e-05,False,0.001,200,5,128,8,5,7,2000,0.00,0.00,0.00,1.00,0,completed,22,200,22,0.0,,128,full,chua_orig_nint128_bs16_sig0.0_lr1e-03-1e-05_tfp0_ramp200_hLR1_m20_p10_seed22_minsym5_cand0_reducedp3_full_sync_fullstate_ga0p1_v1_rseed0,5,200,parent_free_run,default
10.963721,20,10,3,10,4,0.1,True,16,0.0207,5.4748,1,models/chua_orig_nint128_bs16_sig0.0_lr1e-03-1e-05_tfp0_ramp200_hLR1_m20_p10_seed22_minsym5_cand1_reducedp3_full_sync_fullstate_ga0p1_v1_rseed0.pth,0;2;3;4;5;8;9,True,0.1,1.0,1.9654312319441412,full_preactivation,0.213458,nan,0.137946,2,5.0,1.0,252.44180781520285,4961.570133284422,full,0.0,,0.0,1e-05,False,0.001,200,5,128,7,5,7,2000,0.00,0.00,0.00,1.00,0,completed,22,200,22,0.0,,128,full,chua_orig_nint128_bs16_sig0.0_lr1e-03-1e-05_tfp0_ramp200_hLR1_m20_p10_seed22_minsym5_cand1_reducedp3_full_sync_fullstate_ga0p1_v1_rseed0,5,200,parent_free_run,default
1.225893,20,10,3,10,5,0.1,True,16,0.0061,1.2259,2,models/chua_orig_nint128_bs16_sig0.0_lr1e-03-1e-05_tfp0_ramp200_hLR1_m20_p10_seed22_minsym5_cand2_reducedp3_full_sync_fullstate_ga0p1_v1_rseed0.pth,0;2;3;4;7;8;9,True,0.1,1.0,2.0163251866354757,full_preactivation,0.018942,nan,0.013154,5,5.0,1.0,94.02212069341714,1895.791700550195,full,0.0,,0.0,1e-05,False,0.001,200,5,128,5,5,7,2000,0.00,0.00,0.00,1.00,0,completed,22,200,22,0.0,,128,full,chua_orig_nint128_bs16_sig0.0_lr1e-03-1e-05_tfp0_ramp200_hLR1_m20_p10_seed22_minsym5_cand2_reducedp3_full_sync_fullstate_ga0p1_v1_rseed0,5,200,parent_free_run,default
3.999143,20,10,3,10,3,0.1,True,16,0.0231,3.9991,3,models/chua_orig_nint128_bs16_sig0.0_lr1e-03-1e-05_tfp0_ramp200_hLR1_m20_p10_seed22_minsym5_cand3_reducedp3_full_sync_fullstate_ga0p1_v1_rseed0.pth,0;2;3;5;7;8;9,True,0.1,1.0,3.02384316601252,full_preactivation,0.250554,nan,0.139415,3,5.0,1.0,195.6976413590519,5917.589754283411,full,0.0,,0.0,1e-05,False,0.001,200,5,128,7,5,7,2000,0.00,0.00,0.00,1.00,0,completed,22,200,22,0.0,,128,full,chua_orig_nint128_bs16_sig0.0_lr1e-03-1e-05_tfp0_ramp200_hLR1_m20_p10_seed22_minsym5_cand3_reducedp3_full_sync_fullstate_ga0p1_v1_rseed0,5,200,parent_free_run,default
3.304439,20,10,3,10,4,0.1,True,16,0.0175,3.3044,4,models/chua_orig_nint128_bs16_sig0.0_lr1e-03-1e-05_tfp0_ramp200_hLR1_m20_p10_seed22_minsym5_cand4_reducedp3_full_sync_fullstate_ga0p1_v1_rseed0.pth,0;2;4;5;7;8;9,True,0.1,1.0,2.9736769038149005,full_preactivation,0.291651,nan,0.160938,3,5.0,1.0,59.72397650140708,1775.9980952622107,full,0.0,,0.0,1e-05,False,0.001,200,5,128,8,5,7,2000,0.00,0.00,0.00,1.00,0,completed,22,200,22,0.0,,128,full,chua_orig_nint128_bs16_sig0.0_lr1e-03-1e-05_tfp0_ramp200_hLR1_m20_p10_seed22_minsym5_cand4_reducedp3_full_sync_fullstate_ga0p1_v1_rseed0,5,200,parent_free_run,default
1.076443,20,10,4,10,5,0.1,True,16,0.0090,1.0764,5,models/chua_orig_nint128_bs16_sig0.0_lr1e-03-1e-05_tfp0_ramp200_hLR1_m20_p10_seed22_minsym5_cand5_reducedp4_full_sync_fullstate_ga0p1_v1_rseed0.pth,1;2;3;4;5;7,True,0.1,1.0,3.7332896392105503,full_preactivation,0.049887,nan,0.033628,5,5.0,1.0,102.03834007596842,3809.3867780785927,full,0.0,,0.0,1e-05,False,0.001,200,5,128,5,5,6,2000,0.00,0.00,0.00,1.00,0,completed,22,200,22,0.0,,128,full,chua_orig_nint128_bs16_sig0.0_lr1e-03-1e-05_tfp0_ramp200_hLR1_m20_p10_seed22_minsym5_cand5_reducedp4_full_sync_fullstate_ga0p1_v1_rseed0,5,200,parent_free_run,default
1.170969,20,10,4,10,5,0.1,True,16,0.0084,1.1710,6,models/chua_orig_nint128_bs16_sig0.0_lr1e-03-1e-05_tfp0_ramp200_hLR1_m20_p10_seed22_minsym5_cand6_reducedp4_full_sync_fullstate_ga0p1_v1_rseed0.pth,1;2;3;4;7;9,True,0.1,1.0,3.747427880873614,full_preactivation,0.046641,nan,0.030555,5,5.0,1.0,101.3015689589019,3796.2032389283377,full,0.0,,0.0,1e-05,False,0.001,200,5,128,5,5,6,2000,0.00,0.00,0.00,1.00,0,completed,22,200,22,0.0,,128,full,chua_orig_nint128_bs16_sig0.0_lr1e-03-1e-05_tfp0_ramp200_hLR1_m20_p10_seed22_minsym5_cand6_reducedp4_full_sync_fullstate_ga0p1_v1_rseed0,5,200,parent_free_run,default
1.133036,20,10,4,10,5,0.1,True,16,0.0075,1.1330,7,models/chua_orig_nint128_bs16_sig0.0_lr1e-03-1e-05_tfp0_ramp200_hLR1_m20_p10_seed22_minsym5_cand7_reducedp4_full_sync_fullstate_ga0p1_v1_rseed0.pth,1;2;3;5;7;9,True,0.1,1.0,3.760852773532736,full_preactivation,0.054443,nan,0.036028,5,5.0,1.0,92.69128830023786,3485.982886862757,full,0.0,,0.0,1e-05,False,0.001,200,5,128,5,5,6,2000,0.00,0.00,0.00,1.00,0,completed,22,200,22,0.0,,128,full,chua_orig_nint128_bs16_sig0.0_lr1e-03-1e-05_tfp0_ramp200_hLR1_m20_p10_seed22_minsym5_cand7_reducedp4_full_sync_fullstate_ga0p1_v1_rseed0,5,200,parent_free_run,default
2.117454,20,10,3,10,5,0.1,True,16,0.0077,1.5079,0,models/chua_orig_nint128_bs16_sig0.0_lr1e-03-1e-05_tfp0_ramp200_hLR1_m20_p10_seed23_minsym5_cand0_reducedp3_full_sync_fullstate_ga0p1_v1_rseed0.pth,0;1;3;4;6;7;9,True,0.1,1.0,3.128550730568921,full_preactivation,0.076165,nan,0.014613,6,5.0,1.0,210.8694865032273,6597.158860543681,full,0.0,,0.0,1e-05,False,0.001,200,5,128,7,5,7,2000,0.00,0.00,0.00,1.00,0,completed,23,200,23,0.0,,128,full,chua_orig_nint128_bs16_sig0.0_lr1e-03-1e-05_tfp0_ramp200_hLR1_m20_p10_seed23_minsym5_cand0_reducedp3_full_sync_fullstate_ga0p1_v1_rseed0,5,200,parent_free_run,default
8.685343,20,10,3,10,4,0.1,True,16,0.0177,6.0469,1,models/chua_orig_nint128_bs16_sig0.0_lr1e-03-1e-05_tfp0_ramp200_hLR1_m20_p10_seed23_minsym5_cand1_reducedp3_full_sync_fullstate_ga0p1_v1_rseed0.pth,0;1;3;5;6;7;9,True,0.1,1.0,0.9846109083626867,full_preactivation,0.226209,nan,0.178360,2,5.0,1.0,63.44200549733148,624.656906610791,full,0.0,,0.0,1e-05,False,0.001,200,5,128,6,5,7,2000,0.00,0.00,0.00,1.00,0,completed,23,200,23,0.0,,128,full,chua_orig_nint128_bs16_sig0.0_lr1e-03-1e-05_tfp0_ramp200_hLR1_m20_p10_seed23_minsym5_cand1_reducedp3_full_sync_fullstate_ga0p1_v1_rseed0,5,200,parent_free_run,default
1.213873,20,10,3,10,5,0.1,True,16,0.0102,1.2139,2,models/chua_orig_nint128_bs16_sig0.0_lr1e-03-1e-05_tfp0_ramp200_hLR1_m20_p10_seed23_minsym5_cand2_reducedp3_full_sync_fullstate_ga0p1_v1_rseed0.pth,0;1;4;5;6;7;9,True,0.1,1.0,3.634555618886447,full_preactivation,0.048716,nan,0.022102,5,5.0,1.0,625.819167078488,22745.745701119584,full,0.0,,0.0,1e-05,False,0.001,200,5,128,5,5,7,2000,0.00,0.00,0.00,1.00,0,completed,23,200,23,0.0,,128,full,chua_orig_nint128_bs16_sig0.0_lr1e-03-1e-05_tfp0_ramp200_hLR1_m20_p10_seed23_minsym5_cand2_reducedp3_full_sync_fullstate_ga0p1_v1_rseed0,5,200,parent_free_run,default
1.142509,20,10,3,10,5,0.1,True,16,0.0109,1.1425,0,models/chua_orig_nint128_bs16_sig0.0_lr1e-03-1e-05_tfp0_ramp200_hLR1_m20_p10_seed24_minsym5_cand0_reducedp3_full_sync_fullstate_ga0p1_v1_rseed0.pth,0;1;2;3;5;6;9,True,0.1,1.0,6.027121856982711,full_preactivation,0.050198,nan,0.026551,5,5.0,1.0,67.85708882035706,4089.829431803972,full,0.0,,0.0,1e-05,False,0.001,200,5,128,5,5,7,2000,0.00,0.00,0.00,1.00,0,completed,24,200,24,0.0,,128,full,chua_orig_nint128_bs16_sig0.0_lr1e-03-1e-05_tfp0_ramp200_hLR1_m20_p10_seed24_minsym5_cand0_reducedp3_full_sync_fullstate_ga0p1_v1_rseed0,5,200,parent_free_run,default
1.171541,20,10,3,10,5,0.1,True,16,0.0092,1.1715,1,models/chua_orig_nint128_bs16_sig0.0_lr1e-03-1e-05_tfp0_ramp200_hLR1_m20_p10_seed24_minsym5_cand1_reducedp3_full_sync_fullstate_ga0p1_v1_rseed0.pth,0;1;2;3;5;8;9,True,0.1,1.0,5.483427485701236,full_preactivation,0.054271,nan,0.031390,5,5.0,1.0,46.783256207438676,2565.325929584777,full,0.0,,0.0,1e-05,False,0.001,200,5,128,5,5,7,2000,0.00,0.00,0.00,1.00,0,completed,24,200,24,0.0,,128,full,chua_orig_nint128_bs16_sig0.0_lr1e-03-1e-05_tfp0_ramp200_hLR1_m20_p10_seed24_minsym5_cand1_reducedp3_full_sync_fullstate_ga0p1_v1_rseed0,5,200,parent_free_run,default
1.222456,20,10,3,10,5,0.1,True,16,0.0090,1.2225,2,models/chua_orig_nint128_bs16_sig0.0_lr1e-03-1e-05_tfp0_ramp200_hLR1_m20_p10_seed24_minsym5_cand2_reducedp3_full_sync_fullstate_ga0p1_v1_rseed0.pth,0;1;2;3;6;7;9,True,0.1,1.0,8.361577527025208,full_preactivation,0.066953,nan,0.031097,5,5.0,1.0,101.28873559771775,8469.336153146833,full,0.0,,0.0,1e-05,False,0.001,200,5,128,5,5,7,2000,0.00,0.00,0.00,1.00,0,completed,24,200,24,0.0,,128,full,chua_orig_nint128_bs16_sig0.0_lr1e-03-1e-05_tfp0_ramp200_hLR1_m20_p10_seed24_minsym5_cand2_reducedp3_full_sync_fullstate_ga0p1_v1_rseed0,5,200,parent_free_run,default
1.261717,20,10,3,10,5,0.1,True,16,0.0080,1.2617,3,models/chua_orig_nint128_bs16_sig0.0_lr1e-03-1e-05_tfp0_ramp200_hLR1_m20_p10_seed24_minsym5_cand3_reducedp3_full_sync_fullstate_ga0p1_v1_rseed0.pth,0;1;2;3;7;8;9,True,0.1,1.0,8.28379708257214,full_preactivation,0.074644,nan,0.036803,5,5.0,1.0,46.60731854251683,3860.8556936901955,full,0.0,,0.0,1e-05,False,0.001,200,5,128,5,5,7,2000,0.00,0.00,0.00,1.00,0,completed,24,200,24,0.0,,128,full,chua_orig_nint128_bs16_sig0.0_lr1e-03-1e-05_tfp0_ramp200_hLR1_m20_p10_seed24_minsym5_cand3_reducedp3_full_sync_fullstate_ga0p1_v1_rseed0,5,200,parent_free_run,default
1.002991,20,10,3,10,5,0.1,True,16,0.0123,1.0030,4,models/chua_orig_nint128_bs16_sig0.0_lr1e-03-1e-05_tfp0_ramp200_hLR1_m20_p10_seed24_minsym5_cand4_reducedp3_full_sync_fullstate_ga0p1_v1_rseed0.pth,0;1;2;5;6;7;9,True,0.1,1.0,7.3895344496985125,full_preactivation,0.039830,nan,0.022154,5,5.0,1.0,149.22613303888258,11027.116508861236,full,0.0,,0.0,1e-05,False,0.001,200,5,128,5,5,7,2000,0.00,0.00,0.00,1.00,0,completed,24,200,24,0.0,,128,full,chua_orig_nint128_bs16_sig0.0_lr1e-03-1e-05_tfp0_ramp200_hLR1_m20_p10_seed24_minsym5_cand4_reducedp3_full_sync_fullstate_ga0p1_v1_rseed0,5,200,parent_free_run,default
1.146801,20,10,3,10,5,0.1,True,16,0.0145,1.1468,5,models/chua_orig_nint128_bs16_sig0.0_lr1e-03-1e-05_tfp0_ramp200_hLR1_m20_p10_seed24_minsym5_cand5_reducedp3_full_sync_fullstate_ga0p1_v1_rseed0.pth,0;1;2;5;7;8;9,True,0.1,1.0,7.9564476748151165,full_preactivation,0.044472,nan,0.025010,4,5.0,1.0,51.01959757037168,4059.347584587947,full,0.0,,0.0,1e-05,False,0.001,200,5,128,5,5,7,2000,0.00,0.00,0.00,1.00,0,completed,24,200,24,0.0,,128,full,chua_orig_nint128_bs16_sig0.0_lr1e-03-1e-05_tfp0_ramp200_hLR1_m20_p10_seed24_minsym5_cand5_reducedp3_full_sync_fullstate_ga0p1_v1_rseed0,5,200,parent_free_run,default
1.331825,20,10,3,10,5,0.1,True,16,0.0124,1.3318,6,models/chua_orig_nint128_bs16_sig0.0_lr1e-03-1e-05_tfp0_ramp200_hLR1_m20_p10_seed24_minsym5_cand6_reducedp3_full_sync_fullstate_ga0p1_v1_rseed0.pth,0;2;3;5;6;7;9,True,0.1,1.0,7.382132175023205,full_preactivation,0.062208,nan,0.022631,5,5.0,1.0,165.147095188854,12191.376850052664,full,0.0,,0.0,1e-05,False,0.001,200,5,128,5,5,7,2000,0.00,0.00,0.00,1.00,0,completed,24,200,24,0.0,,128,full,chua_orig_nint128_bs16_sig0.0_lr1e-03-1e-05_tfp0_ramp200_hLR1_m20_p10_seed24_minsym5_cand6_reducedp3_full_sync_fullstate_ga0p1_v1_rseed0,5,200,parent_free_run,default
1.280983,20,10,3,10,5,0.1,True,16,0.0097,1.2810,7,models/chua_orig_nint128_bs16_sig0.0_lr1e-03-1e-05_tfp0_ramp200_hLR1_m20_p10_seed24_minsym5_cand7_reducedp3_full_sync_fullstate_ga0p1_v1_rseed0.pth,0;2;3;5;7;8;9,True,0.1,1.0,7.9262326357671915,full_preactivation,0.070990,nan,0.030194,5,5.0,1.0,53.36461272106395,4229.80334944782,full,0.0,,0.0,1e-05,False,0.001,200,5,128,5,5,7,2000,0.00,0.00,0.00,1.00,0,completed,24,200,24,0.0,,128,full,chua_orig_nint128_bs16_sig0.0_lr1e-03-1e-05_tfp0_ramp200_hLR1_m20_p10_seed24_minsym5_cand7_reducedp3_full_sync_fullstate_ga0p1_v1_rseed0,5,200,parent_free_run,default
1.164903,20,10,3,10,5,0.1,True,16,0.0070,1.1649,0,models/chua_orig_nint128_bs16_sig0.0_lr1e-03-1e-05_tfp0_ramp200_hLR1_m20_p10_seed25_minsym5_cand0_reducedp3_full_sync_fullstate_ga0p1_v1_rseed0.pth,0;1;2;3;4;5;8,True,0.1,1.0,8.005589272219058,full_preactivation,0.040659,nan,0.023778,5,5.0,1.0,302.52218390215563,24218.683500553863,full,0.0,,0.0,1e-05,False,0.001,200,5,128,5,5,7,2000,0.00,0.00,0.00,1.00,0,completed,25,200,25,0.0,,128,full,chua_orig_nint128_bs16_sig0.0_lr1e-03-1e-05_tfp0_ramp200_hLR1_m20_p10_seed25_minsym5_cand0_reducedp3_full_sync_fullstate_ga0p1_v1_rseed0,5,200,parent_free_run,default
1.294866,20,10,3,10,5,0.1,True,16,0.0078,1.2949,1,models/chua_orig_nint128_bs16_sig0.0_lr1e-03-1e-05_tfp0_ramp200_hLR1_m20_p10_seed25_minsym5_cand1_reducedp3_full_sync_fullstate_ga0p1_v1_rseed0.pth,0;1;2;3;4;8;9,True,0.1,1.0,2.6075207954457458,full_preactivation,0.031943,nan,0.021369,5,5.0,1.0,21841.534362596874,569522.550549142,full,0.0,,0.0,1e-05,False,0.001,200,5,128,5,5,7,2000,0.00,0.00,0.00,1.00,0,completed,25,200,25,0.0,,128,full,chua_orig_nint128_bs16_sig0.0_lr1e-03-1e-05_tfp0_ramp200_hLR1_m20_p10_seed25_minsym5_cand1_reducedp3_full_sync_fullstate_ga0p1_v1_rseed0,5,200,parent_free_run,default
1.100779,20,10,3,10,5,0.1,True,16,0.0083,1.1008,2,models/chua_orig_nint128_bs16_sig0.0_lr1e-03-1e-05_tfp0_ramp200_hLR1_m20_p10_seed25_minsym5_cand2_reducedp3_full_sync_fullstate_ga0p1_v1_rseed0.pth,0;1;2;4;5;7;8,True,0.1,1.0,5.335365262756605,full_preactivation,0.027384,nan,0.016508,5,5.0,1.0,1523.867798845876,81303.91318995661,full,0.0,,0.0,1e-05,False,0.001,200,5,128,5,5,7,2000,0.00,0.00,0.00,1.00,0,completed,25,200,25,0.0,,128,full,chua_orig_nint128_bs16_sig0.0_lr1e-03-1e-05_tfp0_ramp200_hLR1_m20_p10_seed25_minsym5_cand2_reducedp3_full_sync_fullstate_ga0p1_v1_rseed0,5,200,parent_free_run,default
1.289901,20,10,3,10,5,0.1,True,16,0.0095,1.2899,3,models/chua_orig_nint128_bs16_sig0.0_lr1e-03-1e-05_tfp0_ramp200_hLR1_m20_p10_seed25_minsym5_cand3_reducedp3_full_sync_fullstate_ga0p1_v1_rseed0.pth,0;1;2;4;7;8;9,True,0.1,1.0,4.86744593705428,full_preactivation,0.034459,nan,0.020147,5,5.0,1.0,9190.812804099538,447357.84441540757,full,0.0,,0.0,1e-05,False,0.001,200,5,128,5,5,7,2000,0.00,0.00,0.00,1.00,0,completed,25,200,25,0.0,,128,full,chua_orig_nint128_bs16_sig0.0_lr1e-03-1e-05_tfp0_ramp200_hLR1_m20_p10_seed25_minsym5_cand3_reducedp3_full_sync_fullstate_ga0p1_v1_rseed0,5,200,parent_free_run,default
1.199258,20,10,3,10,5,0.1,True,16,0.0097,1.1993,4,models/chua_orig_nint128_bs16_sig0.0_lr1e-03-1e-05_tfp0_ramp200_hLR1_m20_p10_seed25_minsym5_cand4_reducedp3_full_sync_fullstate_ga0p1_v1_rseed0.pth,0;2;3;4;5;8;9,True,0.1,1.0,6.4997018696716085,full_preactivation,0.037921,nan,0.021551,5,5.0,1.0,1244.2708555270683,80873.89606047183,full,0.0,,0.0,1e-05,False,0.001,200,5,128,5,5,7,2000,0.00,0.00,0.00,1.00,0,completed,25,200,25,0.0,,128,full,chua_orig_nint128_bs16_sig0.0_lr1e-03-1e-05_tfp0_ramp200_hLR1_m20_p10_seed25_minsym5_cand4_reducedp3_full_sync_fullstate_ga0p1_v1_rseed0,5,200,parent_free_run,default
1.093963,20,10,3,10,5,0.1,True,16,0.0102,1.0940,5,models/chua_orig_nint128_bs16_sig0.0_lr1e-03-1e-05_tfp0_ramp200_hLR1_m20_p10_seed25_minsym5_cand5_reducedp3_full_sync_fullstate_ga0p1_v1_rseed0.pth,0;2;4;5;7;8;9,True,0.1,1.0,5.0262999698359385,full_preactivation,0.025796,nan,0.014270,5,5.0,1.0,3114.8403437716515,156561.2192594322,full,0.0,,0.0,1e-05,False,0.001,200,5,128,5,5,7,2000,0.00,0.00,0.00,1.00,0,completed,25,200,25,0.0,,128,full,chua_orig_nint128_bs16_sig0.0_lr1e-03-1e-05_tfp0_ramp200_hLR1_m20_p10_seed25_minsym5_cand5_reducedp3_full_sync_fullstate_ga0p1_v1_rseed0,5,200,parent_free_run,default
1.127636,20,10,3,10,5,0.1,True,16,0.0090,1.1276,6,models/chua_orig_nint128_bs16_sig0.0_lr1e-03-1e-05_tfp0_ramp200_hLR1_m20_p10_seed25_minsym5_cand6_reducedp3_full_sync_fullstate_ga0p1_v1_rseed0.pth,1;2;3;4;5;7;8,True,0.1,1.0,6.515435626433447,full_preactivation,0.031013,nan,0.020147,5,5.0,1.0,223.361466657966,14552.972574357447,full,0.0,,0.0,1e-05,False,0.001,200,5,128,5,5,7,2000,0.00,0.00,0.00,1.00,0,completed,25,200,25,0.0,,128,full,chua_orig_nint128_bs16_sig0.0_lr1e-03-1e-05_tfp0_ramp200_hLR1_m20_p10_seed25_minsym5_cand6_reducedp3_full_sync_fullstate_ga0p1_v1_rseed0,5,200,parent_free_run,default
1.202099,20,10,3,10,5,0.1,True,16,0.0109,1.2021,7,models/chua_orig_nint128_bs16_sig0.0_lr1e-03-1e-05_tfp0_ramp200_hLR1_m20_p10_seed25_minsym5_cand7_reducedp3_full_sync_fullstate_ga0p1_v1_rseed0.pth,1;2;3;4;7;8;9,True,0.1,1.0,8.798617432071566,full_preactivation,0.040598,nan,0.023330,4,5.0,1.0,208.82645997804707,18373.84131040649,full,0.0,,0.0,1e-05,False,0.001,200,5,128,5,5,7,2000,0.00,0.00,0.00,1.00,0,completed,25,200,25,0.0,,128,full,chua_orig_nint128_bs16_sig0.0_lr1e-03-1e-05_tfp0_ramp200_hLR1_m20_p10_seed25_minsym5_cand7_reducedp3_full_sync_fullstate_ga0p1_v1_rseed0,5,200,parent_free_run,default
1.161892,20,10,3,10,5,0.1,True,16,0.0070,1.1619,8,models/chua_orig_nint128_bs16_sig0.0_lr1e-03-1e-05_tfp0_ramp200_hLR1_m20_p10_seed25_minsym5_cand8_reducedp3_full_sync_fullstate_ga0p1_v1_rseed0.pth,2;3;4;5;7;8;9,True,0.1,1.0,8.083885882787637,full_preactivation,0.031574,nan,0.016897,5,5.0,1.0,173.75756696511584,14046.363426168355,full,0.0,,0.0,1e-05,False,0.001,200,5,128,5,5,7,2000,0.00,0.00,0.00,1.00,0,completed,25,200,25,0.0,,128,full,chua_orig_nint128_bs16_sig0.0_lr1e-03-1e-05_tfp0_ramp200_hLR1_m20_p10_seed25_minsym5_cand8_reducedp3_full_sync_fullstate_ga0p1_v1_rseed0,5,200,parent_free_run,default
1.119301,20,10,3,10,5,0.1,True,16,0.0074,1.1193,0,models/chua_orig_nint128_bs16_sig0.0_lr1e-03-1e-05_tfp0_ramp200_hLR1_m20_p10_seed26_minsym5_cand0_reducedp3_full_sync_fullstate_ga0p1_v1_rseed0.pth,0;1;2;4;5;7;9,True,0.1,1.0,3.009675193531248,full_preactivation,0.020034,nan,0.010769,5,5.0,1.0,274852.62296729133,8272171.2122165365,full,0.0,,0.0,1e-05,False,0.001,200,5,128,5,5,7,2000,0.00,0.00,0.00,1.00,0,completed,26,200,26,0.0,,128,full,chua_orig_nint128_bs16_sig0.0_lr1e-03-1e-05_tfp0_ramp200_hLR1_m20_p10_seed26_minsym5_cand0_reducedp3_full_sync_fullstate_ga0p1_v1_rseed0,5,200,parent_free_run,default
3.075912,20,10,3,10,4,0.1,True,16,0.0188,2.7894,1,models/chua_orig_nint128_bs16_sig0.0_lr1e-03-1e-05_tfp0_ramp200_hLR1_m20_p10_seed26_minsym5_cand1_reducedp3_full_sync_fullstate_ga0p1_v1_rseed0.pth,0;1;2;4;7;8;9,True,0.1,1.0,3.455259899966527,full_preactivation,0.431385,nan,0.300969,2,5.0,1.0,295936.17463230144,10225363.971564826,full,0.0,,0.0,1e-05,False,0.001,200,5,128,5,5,7,2000,0.00,0.00,0.00,1.00,0,completed,26,200,26,0.0,,128,full,chua_orig_nint128_bs16_sig0.0_lr1e-03-1e-05_tfp0_ramp200_hLR1_m20_p10_seed26_minsym5_cand1_reducedp3_full_sync_fullstate_ga0p1_v1_rseed0,5,200,parent_free_run,default
1.111195,20,10,3,10,5,0.1,True,16,0.0099,1.1112,2,models/chua_orig_nint128_bs16_sig0.0_lr1e-03-1e-05_tfp0_ramp200_hLR1_m20_p10_seed26_minsym5_cand2_reducedp3_full_sync_fullstate_ga0p1_v1_rseed0.pth,0;1;4;5;6;7;9,True,0.1,1.0,3.012683055643804,full_preactivation,0.033983,nan,0.019422,4,5.0,1.0,274729.5833506104,8276731.60644466,full,0.0,,0.0,1e-05,False,0.001,200,5,128,6,5,7,2000,0.00,0.00,0.00,1.00,0,completed,26,200,26,0.0,,128,full,chua_orig_nint128_bs16_sig0.0_lr1e-03-1e-05_tfp0_ramp200_hLR1_m20_p10_seed26_minsym5_cand2_reducedp3_full_sync_fullstate_ga0p1_v1_rseed0,5,200,parent_free_run,default
2.931457,20,10,3,10,4,0.1,True,16,0.0182,2.9315,3,models/chua_orig_nint128_bs16_sig0.0_lr1e-03-1e-05_tfp0_ramp200_hLR1_m20_p10_seed26_minsym5_cand3_reducedp3_full_sync_fullstate_ga0p1_v1_rseed0.pth,0;1;4;6;7;8;9,True,0.1,1.0,3.797133149086688,full_preactivation,0.388137,nan,0.307173,4,5.0,1.0,233419.88672775932,8863263.895500347,full,0.0,,0.0,1e-05,False,0.001,200,5,128,4,5,7,2000,0.00,0.00,0.00,1.00,0,completed,26,200,26,0.0,,128,full,chua_orig_nint128_bs16_sig0.0_lr1e-03-1e-05_tfp0_ramp200_hLR1_m20_p10_seed26_minsym5_cand3_reducedp3_full_sync_fullstate_ga0p1_v1_rseed0,5,200,parent_free_run,default
4.310815,20,10,3,10,4,0.1,True,16,0.0204,3.0090,4,models/chua_orig_nint128_bs16_sig0.0_lr1e-03-1e-05_tfp0_ramp200_hLR1_m20_p10_seed26_minsym5_cand4_reducedp3_full_sync_fullstate_ga0p1_v1_rseed0.pth,0;2;3;4;5;6;9,True,0.1,1.0,2.271172702824701,full_preactivation,0.401967,nan,0.350658,2,5.0,1.0,101191.47669640956,2298233.1963140727,full,0.0,,0.0,1e-05,False,0.001,200,5,128,4,5,7,2000,0.00,0.00,0.00,1.00,0,completed,26,200,26,0.0,,128,full,chua_orig_nint128_bs16_sig0.0_lr1e-03-1e-05_tfp0_ramp200_hLR1_m20_p10_seed26_minsym5_cand4_reducedp3_full_sync_fullstate_ga0p1_v1_rseed0,5,200,parent_free_run,default
4.018680,20,10,3,10,4,0.1,True,16,0.0150,4.0187,5,models/chua_orig_nint128_bs16_sig0.0_lr1e-03-1e-05_tfp0_ramp200_hLR1_m20_p10_seed26_minsym5_cand5_reducedp3_full_sync_fullstate_ga0p1_v1_rseed0.pth,0;2;3;4;6;8;9,True,0.1,1.0,0.16390720965641947,full_preactivation,0.358010,nan,0.348130,4,5.0,1.0,2002378.0506667567,3282041.9896204863,full,0.0,,0.0,1e-05,False,0.001,200,5,128,6,5,7,2000,0.00,0.00,0.00,1.00,0,completed,26,200,26,0.0,,128,full,chua_orig_nint128_bs16_sig0.0_lr1e-03-1e-05_tfp0_ramp200_hLR1_m20_p10_seed26_minsym5_cand5_reducedp3_full_sync_fullstate_ga0p1_v1_rseed0,5,200,parent_free_run,default
1.055716,20,10,3,10,5,0.1,True,16,0.0170,1.0557,6,models/chua_orig_nint128_bs16_sig0.0_lr1e-03-1e-05_tfp0_ramp200_hLR1_m20_p10_seed26_minsym5_cand6_reducedp3_full_sync_fullstate_ga0p1_v1_rseed0.pth,1;2;4;5;7;8;9,True,0.1,1.0,2.8494261280506428,full_preactivation,0.017220,nan,0.009945,5,5.0,1.0,561934.7418339606,16011915.3564108,full,0.0,,0.0,1e-05,False,0.001,200,5,128,5,5,7,2000,0.00,0.00,0.00,1.00,0,completed,26,200,26,0.0,,128,full,chua_orig_nint128_bs16_sig0.0_lr1e-03-1e-05_tfp0_ramp200_hLR1_m20_p10_seed26_minsym5_cand6_reducedp3_full_sync_fullstate_ga0p1_v1_rseed0,5,200,parent_free_run,default
1.887861,20,10,3,10,3,0.1,True,16,0.0238,1.8879,7,models/chua_orig_nint128_bs16_sig0.0_lr1e-03-1e-05_tfp0_ramp200_hLR1_m20_p10_seed26_minsym5_cand7_reducedp3_full_sync_fullstate_ga0p1_v1_rseed0.pth,1;4;5;6;7;8;9,True,0.1,1.0,3.1833581229646732,full_preactivation,0.157799,nan,0.066806,2,5.0,1.0,370183.40773189714,11784263.579900783,full,0.0,,0.0,1e-05,False,0.001,200,5,128,7,5,7,2000,0.00,0.00,0.00,1.00,0,completed,26,200,26,0.0,,128,full,chua_orig_nint128_bs16_sig0.0_lr1e-03-1e-05_tfp0_ramp200_hLR1_m20_p10_seed26_minsym5_cand7_reducedp3_full_sync_fullstate_ga0p1_v1_rseed0,5,200,parent_free_run,default
2.113406,20,10,3,10,4,0.1,True,16,0.0129,2.1134,8,models/chua_orig_nint128_bs16_sig0.0_lr1e-03-1e-05_tfp0_ramp200_hLR1_m20_p10_seed26_minsym5_cand8_reducedp3_full_sync_fullstate_ga0p1_v1_rseed0.pth,2;3;4;5;6;8;9,True,0.1,1.0,0.16618733534700195,full_preactivation,0.067171,nan,0.049997,4,5.0,1.0,1484162.061274981,2466489.381864029,full,0.0,,0.0,1e-05,False,0.001,200,5,128,7,5,7,2000,0.00,0.00,0.00,1.00,0,completed,26,200,26,0.0,,128,full,chua_orig_nint128_bs16_sig0.0_lr1e-03-1e-05_tfp0_ramp200_hLR1_m20_p10_seed26_minsym5_cand8_reducedp3_full_sync_fullstate_ga0p1_v1_rseed0,5,200,parent_free_run,default
1.230337,20,10,3,10,5,0.1,True,16,0.0109,1.2303,0,models/chua_orig_nint128_bs16_sig0.0_lr1e-03-1e-05_tfp0_ramp200_hLR1_m20_p10_seed27_minsym5_cand0_reducedp3_full_sync_fullstate_ga0p1_v1_rseed0.pth,1;2;3;4;5;6;7,True,0.1,1.0,6.871057121299645,full_preactivation,0.099685,nan,0.040695,5,5.0,1.0,24.529482171572003,1685.4347315677935,full,0.0,,0.0,1e-05,False,0.001,200,5,128,5,5,7,2000,0.00,0.00,0.00,1.00,0,completed,27,200,27,0.0,,128,full,chua_orig_nint128_bs16_sig0.0_lr1e-03-1e-05_tfp0_ramp200_hLR1_m20_p10_seed27_minsym5_cand0_reducedp3_full_sync_fullstate_ga0p1_v1_rseed0,5,200,parent_free_run,default
2.720537,20,10,3,10,5,0.1,True,16,0.0085,2.2685,1,models/chua_orig_nint128_bs16_sig0.0_lr1e-03-1e-05_tfp0_ramp200_hLR1_m20_p10_seed27_minsym5_cand1_reducedp3_full_sync_fullstate_ga0p1_v1_rseed0.pth,1;2;3;4;5;7;8,True,0.1,1.0,0.0246993768670837,full_preactivation,0.170266,nan,0.165860,4,5.0,1.0,4.870240678713511e+18,1.2029190995694648e+18,full,0.0,,0.0,1e-05,False,0.001,200,5,128,5,5,7,2000,0.00,0.00,0.00,1.00,0,completed,27,200,27,0.0,,128,full,chua_orig_nint128_bs16_sig0.0_lr1e-03-1e-05_tfp0_ramp200_hLR1_m20_p10_seed27_minsym5_cand1_reducedp3_full_sync_fullstate_ga0p1_v1_rseed0,5,200,parent_free_run,default
2.668445,20,10,3,10,4,0.1,True,16,0.0126,2.1913,2,models/chua_orig_nint128_bs16_sig0.0_lr1e-03-1e-05_tfp0_ramp200_hLR1_m20_p10_seed27_minsym5_cand2_reducedp3_full_sync_fullstate_ga0p1_v1_rseed0.pth,2;3;4;5;6;7;8,True,0.1,1.0,0.02248008916129666,full_preactivation,0.224730,nan,0.216975,3,5.0,1.0,2.138001564700484e+16,4806246580145864.0,full,0.0,,0.0,1e-05,False,0.001,200,5,128,8,5,7,2000,0.00,0.00,0.00,1.00,0,completed,27,200,27,0.0,,128,full,chua_orig_nint128_bs16_sig0.0_lr1e-03-1e-05_tfp0_ramp200_hLR1_m20_p10_seed27_minsym5_cand2_reducedp3_full_sync_fullstate_ga0p1_v1_rseed0,5,200,parent_free_run,default
1.348301,20,10,3,10,5,0.1,True,16,0.0103,1.3483,0,models/chua_orig_nint128_bs16_sig0.0_lr1e-03-1e-05_tfp0_ramp200_hLR1_m20_p10_seed28_minsym5_cand0_reducedp3_full_sync_fullstate_ga0p1_v1_rseed0.pth,0;1;2;3;5;6;9,True,0.1,1.0,5.26025023702128,full_preactivation,0.052224,nan,0.032201,5,5.0,1.0,9.853052932567651,518.2952402392747,full,0.0,,0.0,1e-05,False,0.001,200,5,128,5,5,7,2000,0.00,0.00,0.00,1.00,0,completed,28,200,28,0.0,,128,full,chua_orig_nint128_bs16_sig0.0_lr1e-03-1e-05_tfp0_ramp200_hLR1_m20_p10_seed28_minsym5_cand0_reducedp3_full_sync_fullstate_ga0p1_v1_rseed0,5,200,parent_free_run,default
1.205218,20,10,3,10,5,0.1,True,16,0.0064,1.1987,1,models/chua_orig_nint128_bs16_sig0.0_lr1e-03-1e-05_tfp0_ramp200_hLR1_m20_p10_seed28_minsym5_cand1_reducedp3_full_sync_fullstate_ga0p1_v1_rseed0.pth,0;1;2;3;6;7;9,True,0.1,1.0,4.668255007916497,full_preactivation,0.044754,nan,0.023219,4,5.0,1.0,57.5326222303227,2685.7695184527656,full,0.0,,0.0,1e-05,False,0.001,200,5,128,5,5,7,2000,0.00,0.00,0.00,1.00,0,completed,28,200,28,0.0,,128,full,chua_orig_nint128_bs16_sig0.0_lr1e-03-1e-05_tfp0_ramp200_hLR1_m20_p10_seed28_minsym5_cand1_reducedp3_full_sync_fullstate_ga0p1_v1_rseed0,5,200,parent_free_run,default
1.291616,20,10,3,10,5,0.1,True,16,0.0103,1.2916,2,models/chua_orig_nint128_bs16_sig0.0_lr1e-03-1e-05_tfp0_ramp200_hLR1_m20_p10_seed28_minsym5_cand2_reducedp3_full_sync_fullstate_ga0p1_v1_rseed0.pth,0;1;2;5;6;7;9,True,0.1,1.0,6.0029695382211194,full_preactivation,0.065624,nan,0.041040,5,5.0,1.0,936.3575831046064,56209.26048259308,full,0.0,,0.0,1e-05,False,0.001,200,5,128,5,5,7,2000,0.00,0.00,0.00,1.00,0,completed,28,200,28,0.0,,128,full,chua_orig_nint128_bs16_sig0.0_lr1e-03-1e-05_tfp0_ramp200_hLR1_m20_p10_seed28_minsym5_cand2_reducedp3_full_sync_fullstate_ga0p1_v1_rseed0,5,200,parent_free_run,default
1.345512,20,10,3,10,5,0.1,True,16,0.0069,1.3455,0,models/chua_orig_nint128_bs16_sig0.0_lr1e-03-1e-05_tfp0_ramp200_hLR1_m20_p10_seed29_minsym5_cand0_reducedp3_full_sync_fullstate_ga0p1_v1_rseed0.pth,0;1;2;3;5;8;9,True,0.1,1.0,7.138810903887988,full_preactivation,0.039411,nan,0.018325,5,5.0,1.0,14.450590664100268,1031.6003420050808,full,0.0,,0.0,1e-05,False,0.001,200,5,128,5,5,7,2000,0.00,0.00,0.00,1.00,0,completed,29,200,29,0.0,,128,full,chua_orig_nint128_bs16_sig0.0_lr1e-03-1e-05_tfp0_ramp200_hLR1_m20_p10_seed29_minsym5_cand0_reducedp3_full_sync_fullstate_ga0p1_v1_rseed0,5,200,parent_free_run,default
1.175903,20,10,3,10,5,0.1,True,16,0.0096,1.1759,1,models/chua_orig_nint128_bs16_sig0.0_lr1e-03-1e-05_tfp0_ramp200_hLR1_m20_p10_seed29_minsym5_cand1_reducedp3_full_sync_fullstate_ga0p1_v1_rseed0.pth,0;1;2;3;6;8;9,True,0.1,1.0,1.176117730790013,full_preactivation,0.014402,nan,0.009992,5,5.0,1.0,445.16480335763015,5235.662183525595,full,0.0,,0.0,1e-05,False,0.001,200,5,128,6,5,7,2000,0.00,0.00,0.00,1.00,0,completed,29,200,29,0.0,,128,full,chua_orig_nint128_bs16_sig0.0_lr1e-03-1e-05_tfp0_ramp200_hLR1_m20_p10_seed29_minsym5_cand1_reducedp3_full_sync_fullstate_ga0p1_v1_rseed0,5,200,parent_free_run,default
1.333338,20,10,3,10,5,0.1,True,16,0.0095,1.3333,2,models/chua_orig_nint128_bs16_sig0.0_lr1e-03-1e-05_tfp0_ramp200_hLR1_m20_p10_seed29_minsym5_cand2_reducedp3_full_sync_fullstate_ga0p1_v1_rseed0.pth,1;2;3;5;6;8;9,True,0.1,1.0,7.972952294156104,full_preactivation,0.048278,nan,0.015084,5,5.0,1.0,11.538548793218279,919.962990721298,full,0.0,,0.0,1e-05,False,0.001,200,5,128,5,5,7,2000,0.00,0.00,0.00,1.00,0,completed,29,200,29,0.0,,128,full,chua_orig_nint128_bs16_sig0.0_lr1e-03-1e-05_tfp0_ramp200_hLR1_m20_p10_seed29_minsym5_cand2_reducedp3_full_sync_fullstate_ga0p1_v1_rseed0,5,200,parent_free_run,default
2.061319,20,10,3,10,4,0.1,False,16,0.0113,2.0613,0,models/chua_orig_nint128_bs16_sig0.0_lr1e-03-1e-05_tfp0_ramp200_hLR1_m20_p10_seed0_minsym5_cand0_reducedp3_noguide_sync_readout_v1_rseed0.pth,0;1;3;4;5;7;9,False,0.1,0.0,0.0,retained_preactivation,0.133520,nan,0.133520,4,5.0,1.0,,,none,0.0,,0.0,1e-05,False,0.001,200,5,128,6,5,7,2000,0.00,0.00,0.00,1.00,0,completed,0,200,0,0.0,,128,readout,chua_orig_nint128_bs16_sig0.0_lr1e-03-1e-05_tfp0_ramp200_hLR1_m20_p10_seed0_minsym5_cand0_reducedp3_noguide_sync_readout_v1_rseed0,5,200,parent_free_run,default
0.992577,20,10,3,10,5,0.1,False,16,0.0159,0.9926,0,models/chua_orig_nint128_bs16_sig0.0_lr1e-03-1e-05_tfp0_ramp200_hLR1_m20_p10_seed2_minsym5_cand0_reducedp3_noguide_sync_readout_v1_rseed0.pth,2;4;5;6;7;8;9,False,0.1,0.0,0.0,retained_preactivation,0.012792,nan,0.012792,5,5.0,1.0,,,none,0.0,,0.0,1e-05,False,0.001,200,5,128,7,5,7,2000,0.00,0.00,0.00,1.00,0,completed,2,200,2,0.0,,128,readout,chua_orig_nint128_bs16_sig0.0_lr1e-03-1e-05_tfp0_ramp200_hLR1_m20_p10_seed2_minsym5_cand0_reducedp3_noguide_sync_readout_v1_rseed0,5,200,parent_free_run,default
1.319445,20,10,3,10,3,0.1,False,16,0.0224,1.1844,0,models/chua_orig_nint128_bs16_sig0.0_lr1e-03-1e-05_tfp0_ramp200_hLR1_m20_p10_seed3_minsym5_cand0_reducedp3_noguide_sync_readout_v1_rseed0.pth,0;1;2;3;4;5;8,False,0.1,0.0,0.0,retained_preactivation,0.030610,nan,0.030610,2,5.0,1.0,,,none,0.0,,0.0,1e-05,False,0.001,200,5,128,8,5,7,2000,0.00,0.00,0.00,1.00,0,completed,3,200,3,0.0,,128,readout,chua_orig_nint128_bs16_sig0.0_lr1e-03-1e-05_tfp0_ramp200_hLR1_m20_p10_seed3_minsym5_cand0_reducedp3_noguide_sync_readout_v1_rseed0,5,200,parent_free_run,default
1.293680,20,10,3,10,3,0.1,False,16,0.0163,1.2937,1,models/chua_orig_nint128_bs16_sig0.0_lr1e-03-1e-05_tfp0_ramp200_hLR1_m20_p10_seed3_minsym5_cand1_reducedp3_noguide_sync_readout_v1_rseed0.pth,0;1;2;3;4;6;8,False,0.1,0.0,0.0,retained_preactivation,0.038434,nan,0.038434,2,5.0,1.0,,,none,0.0,,0.0,1e-05,False,0.001,200,5,128,8,5,7,2000,0.00,0.00,0.00,1.00,0,completed,3,200,3,0.0,,128,readout,chua_orig_nint128_bs16_sig0.0_lr1e-03-1e-05_tfp0_ramp200_hLR1_m20_p10_seed3_minsym5_cand1_reducedp3_noguide_sync_readout_v1_rseed0,5,200,parent_free_run,default
2.159710,20,10,3,10,4,0.1,False,16,0.0156,1.0914,2,models/chua_orig_nint128_bs16_sig0.0_lr1e-03-1e-05_tfp0_ramp200_hLR1_m20_p10_seed3_minsym5_cand2_reducedp3_noguide_sync_readout_v1_rseed0.pth,0;1;3;4;5;7;8,False,0.1,0.0,0.0,retained_preactivation,0.019873,nan,0.019873,2,5.0,1.0,,,none,0.0,,0.0,1e-05,False,0.001,200,5,128,8,5,7,2000,0.00,0.00,0.00,1.00,0,completed,3,200,3,0.0,,128,readout,chua_orig_nint128_bs16_sig0.0_lr1e-03-1e-05_tfp0_ramp200_hLR1_m20_p10_seed3_minsym5_cand2_reducedp3_noguide_sync_readout_v1_rseed0,5,200,parent_free_run,default
2.445838,20,10,3,10,3,0.1,False,16,0.0193,1.3920,3,models/chua_orig_nint128_bs16_sig0.0_lr1e-03-1e-05_tfp0_ramp200_hLR1_m20_p10_seed3_minsym5_cand3_reducedp3_noguide_sync_readout_v1_rseed0.pth,0;1;3;4;6;7;8,False,0.1,0.0,0.0,retained_preactivation,0.034169,nan,0.034169,2,5.0,1.0,,,none,0.0,,0.0,1e-05,False,0.001,200,5,128,8,5,7,2000,0.00,0.00,0.00,1.00,0,completed,3,200,3,0.0,,128,readout,chua_orig_nint128_bs16_sig0.0_lr1e-03-1e-05_tfp0_ramp200_hLR1_m20_p10_seed3_minsym5_cand3_reducedp3_noguide_sync_readout_v1_rseed0,5,200,parent_free_run,default
2.593786,20,10,3,10,3,0.1,False,16,0.0147,2.5938,0,models/chua_orig_nint128_bs16_sig0.0_lr1e-03-1e-05_tfp0_ramp200_hLR1_m20_p10_seed4_minsym5_cand0_reducedp3_noguide_sync_readout_v1_rseed0.pth,0;1;2;3;4;5;8,False,0.1,0.0,0.0,retained_preactivation,0.337696,nan,0.337696,3,5.0,1.0,,,none,0.0,,0.0,1e-05,False,0.001,200,5,128,6,5,7,2000,0.00,0.00,0.00,1.00,0,completed,4,200,4,0.0,,128,readout,chua_orig_nint128_bs16_sig0.0_lr1e-03-1e-05_tfp0_ramp200_hLR1_m20_p10_seed4_minsym5_cand0_reducedp3_noguide_sync_readout_v1_rseed0,5,200,parent_free_run,default
6.952497,20,10,3,10,3,0.1,False,16,0.0210,6.9525,1,models/chua_orig_nint128_bs16_sig0.0_lr1e-03-1e-05_tfp0_ramp200_hLR1_m20_p10_seed4_minsym5_cand1_reducedp3_noguide_sync_readout_v1_rseed0.pth,0;1;4;6;7;8;9,False,0.1,0.0,0.0,retained_preactivation,0.294692,nan,0.294692,1,5.0,1.0,,,none,0.0,,0.0,1e-05,False,0.001,200,5,128,4,5,7,2000,0.00,0.00,0.00,1.00,0,completed,4,200,4,0.0,,128,readout,chua_orig_nint128_bs16_sig0.0_lr1e-03-1e-05_tfp0_ramp200_hLR1_m20_p10_seed4_minsym5_cand1_reducedp3_noguide_sync_readout_v1_rseed0,5,200,parent_free_run,default
1.039956,20,10,3,10,5,0.1,False,16,0.0121,1.0400,2,models/chua_orig_nint128_bs16_sig0.0_lr1e-03-1e-05_tfp0_ramp200_hLR1_m20_p10_seed4_minsym5_cand2_reducedp3_noguide_sync_readout_v1_rseed0.pth,1;2;3;4;5;6;8,False,0.1,0.0,0.0,retained_preactivation,0.024943,nan,0.024943,5,5.0,1.0,,,none,0.0,,0.0,1e-05,False,0.001,200,5,128,5,5,7,2000,0.00,0.00,0.00,1.00,0,completed,4,200,4,0.0,,128,readout,chua_orig_nint128_bs16_sig0.0_lr1e-03-1e-05_tfp0_ramp200_hLR1_m20_p10_seed4_minsym5_cand2_reducedp3_noguide_sync_readout_v1_rseed0,5,200,parent_free_run,default
2.306035,20,10,3,10,4,0.1,False,16,0.0107,2.3060,3,models/chua_orig_nint128_bs16_sig0.0_lr1e-03-1e-05_tfp0_ramp200_hLR1_m20_p10_seed4_minsym5_cand3_reducedp3_noguide_sync_readout_v1_rseed0.pth,1;2;3;4;5;7;8,False,0.1,0.0,0.0,retained_preactivation,0.238138,nan,0.238138,4,5.0,1.0,,,none,0.0,,0.0,1e-05,False,0.001,200,5,128,4,5,7,2000,0.00,0.00,0.00,1.00,0,completed,4,200,4,0.0,,128,readout,chua_orig_nint128_bs16_sig0.0_lr1e-03-1e-05_tfp0_ramp200_hLR1_m20_p10_seed4_minsym5_cand3_reducedp3_noguide_sync_readout_v1_rseed0,5,200,parent_free_run,default
2.339106,20,10,4,10,3,0.1,False,16,0.0133,2.3391,0,models/chua_orig_nint128_bs16_sig0.0_lr1e-03-1e-05_tfp0_ramp200_hLR1_m20_p10_seed6_minsym5_cand0_reducedp4_noguide_sync_readout_v1_rseed0.pth,0;1;2;4;5;9,False,0.1,0.0,0.0,retained_preactivation,0.124416,nan,0.124416,3,5.0,1.0,,,none,0.0,,0.0,1e-05,False,0.001,200,5,128,10,5,6,2000,0.00,0.00,0.00,1.00,0,completed,6,200,6,0.0,,128,readout,chua_orig_nint128_bs16_sig0.0_lr1e-03-1e-05_tfp0_ramp200_hLR1_m20_p10_seed6_minsym5_cand0_reducedp4_noguide_sync_readout_v1_rseed0,5,200,parent_free_run,default
1.045818,20,10,4,10,5,0.1,False,16,0.0142,1.0458,1,models/chua_orig_nint128_bs16_sig0.0_lr1e-03-1e-05_tfp0_ramp200_hLR1_m20_p10_seed6_minsym5_cand1_reducedp4_noguide_sync_readout_v1_rseed0.pth,0;1;2;4;7;9,False,0.1,0.0,0.0,retained_preactivation,0.005568,nan,0.005568,5,5.0,1.0,,,none,0.0,,0.0,1e-05,False,0.001,200,5,128,16,5,6,2000,0.00,0.00,0.00,1.00,0,completed,6,200,6,0.0,,128,readout,chua_orig_nint128_bs16_sig0.0_lr1e-03-1e-05_tfp0_ramp200_hLR1_m20_p10_seed6_minsym5_cand1_reducedp4_noguide_sync_readout_v1_rseed0,5,200,parent_free_run,default
1.168728,20,10,4,10,4,0.1,False,16,0.0139,1.1687,2,models/chua_orig_nint128_bs16_sig0.0_lr1e-03-1e-05_tfp0_ramp200_hLR1_m20_p10_seed6_minsym5_cand2_reducedp4_noguide_sync_readout_v1_rseed0.pth,0;1;2;5;7;9,False,0.1,0.0,0.0,retained_preactivation,0.020864,nan,0.020864,4,5.0,1.0,,,none,0.0,,0.0,1e-05,False,0.001,200,5,128,8,5,6,2000,0.00,0.00,0.00,1.00,0,completed,6,200,6,0.0,,128,readout,chua_orig_nint128_bs16_sig0.0_lr1e-03-1e-05_tfp0_ramp200_hLR1_m20_p10_seed6_minsym5_cand2_reducedp4_noguide_sync_readout_v1_rseed0,5,200,parent_free_run,default
1.286631,20,10,4,10,5,0.1,False,16,0.0070,1.2866,3,models/chua_orig_nint128_bs16_sig0.0_lr1e-03-1e-05_tfp0_ramp200_hLR1_m20_p10_seed6_minsym5_cand3_reducedp4_noguide_sync_readout_v1_rseed0.pth,0;1;4;5;8;9,False,0.1,0.0,0.0,retained_preactivation,0.009271,nan,0.009271,5,5.0,1.0,,,none,0.0,,0.0,1e-05,False,0.001,200,5,128,7,5,6,2000,0.00,0.00,0.00,1.00,0,completed,6,200,6,0.0,,128,readout,chua_orig_nint128_bs16_sig0.0_lr1e-03-1e-05_tfp0_ramp200_hLR1_m20_p10_seed6_minsym5_cand3_reducedp4_noguide_sync_readout_v1_rseed0,5,200,parent_free_run,default
,,,,,,,,,,,4,,,,,,,,,,,,,,,,none,,,,,,,,,,,,,,,,,,,missing_or_failed,,,6,,,,readout,,,,,
,,,,,,,,,,,5,,,,,,,,,,,,,,,,none,,,,,,,,,,,,,,,,,,,missing_or_failed,,,6,,,,readout,,,,,
,,,,,,,,,,,6,,,,,,,,,,,,,,,,none,,,,,,,,,,,,,,,,,,,missing_or_failed,,,6,,,,readout,,,,,
,,,,,,,,,,,7,,,,,,,,,,,,,,,,none,,,,,,,,,,,,,,,,,,,missing_or_failed,,,6,,,,readout,,,,,
,,,,,,,,,,,8,,,,,,,,,,,,,,,,none,,,,,,,,,,,,,,,,,,,missing_or_failed,,,6,,,,readout,,,,,
,,,,,,,,,,,9,,,,,,,,,,,,,,,,none,,,,,,,,,,,,,,,,,,,missing_or_failed,,,6,,,,readout,,,,,
,,,,,,,,,,,10,,,,,,,,,,,,,,,,none,,,,,,,,,,,,,,,,,,,missing_or_failed,,,6,,,,readout,,,,,
,,,,,,,,,,,11,,,,,,,,,,,,,,,,none,,,,,,,,,,,,,,,,,,,missing_or_failed,,,6,,,,readout,,,,,
2.870044,20,10,3,10,3,0.1,False,16,0.0238,2.8700,0,models/chua_orig_nint128_bs16_sig0.0_lr1e-03-1e-05_tfp0_ramp200_hLR1_m20_p10_seed7_minsym5_cand0_reducedp3_noguide_sync_readout_v1_rseed0.pth,0;1;2;4;5;7;9,False,0.1,0.0,0.0,retained_preactivation,0.236318,nan,0.236318,3,5.0,1.0,,,none,0.0,,0.0,1e-05,False,0.001,200,5,128,5,5,7,2000,0.00,0.00,0.00,1.00,0,completed,7,200,7,0.0,,128,readout,chua_orig_nint128_bs16_sig0.0_lr1e-03-1e-05_tfp0_ramp200_hLR1_m20_p10_seed7_minsym5_cand0_reducedp3_noguide_sync_readout_v1_rseed0,5,200,parent_free_run,default
0.876148,20,10,3,10,5,0.1,False,16,0.0103,0.8761,1,models/chua_orig_nint128_bs16_sig0.0_lr1e-03-1e-05_tfp0_ramp200_hLR1_m20_p10_seed7_minsym5_cand1_reducedp3_noguide_sync_readout_v1_rseed0.pth,0;1;4;5;6;7;9,False,0.1,0.0,0.0,retained_preactivation,0.003182,nan,0.003182,5,5.0,1.0,,,none,0.0,,0.0,1e-05,False,0.001,200,5,128,8,5,7,2000,0.00,0.00,0.00,1.00,0,completed,7,200,7,0.0,,128,readout,chua_orig_nint128_bs16_sig0.0_lr1e-03-1e-05_tfp0_ramp200_hLR1_m20_p10_seed7_minsym5_cand1_reducedp3_noguide_sync_readout_v1_rseed0,5,200,parent_free_run,default
1.066751,20,10,3,10,5,0.1,False,16,0.0079,1.0668,2,models/chua_orig_nint128_bs16_sig0.0_lr1e-03-1e-05_tfp0_ramp200_hLR1_m20_p10_seed7_minsym5_cand2_reducedp3_noguide_sync_readout_v1_rseed0.pth,1;2;4;5;7;8;9,False,0.1,0.0,0.0,retained_preactivation,0.006692,nan,0.006692,5,5.0,1.0,,,none,0.0,,0.0,1e-05,False,0.001,200,5,128,5,5,7,2000,0.00,0.00,0.00,1.00,0,completed,7,200,7,0.0,,128,readout,chua_orig_nint128_bs16_sig0.0_lr1e-03-1e-05_tfp0_ramp200_hLR1_m20_p10_seed7_minsym5_cand2_reducedp3_noguide_sync_readout_v1_rseed0,5,200,parent_free_run,default
1.637652,20,10,3,10,4,0.1,False,16,0.0129,1.6377,3,models/chua_orig_nint128_bs16_sig0.0_lr1e-03-1e-05_tfp0_ramp200_hLR1_m20_p10_seed7_minsym5_cand3_reducedp3_noguide_sync_readout_v1_rseed0.pth,1;4;5;6;7;8;9,False,0.1,0.0,0.0,retained_preactivation,0.042732,nan,0.042732,4,5.0,1.0,,,none,0.0,,0.0,1e-05,False,0.001,200,5,128,8,5,7,2000,0.00,0.00,0.00,1.00,0,completed,7,200,7,0.0,,128,readout,chua_orig_nint128_bs16_sig0.0_lr1e-03-1e-05_tfp0_ramp200_hLR1_m20_p10_seed7_minsym5_cand3_reducedp3_noguide_sync_readout_v1_rseed0,5,200,parent_free_run,default
3.256444,20,10,3,10,3,0.1,False,16,0.0214,3.1904,0,models/chua_orig_nint128_bs16_sig0.0_lr1e-03-1e-05_tfp0_ramp200_hLR1_m20_p10_seed8_minsym5_cand0_reducedp3_noguide_sync_readout_v1_rseed0.pth,0;3;4;5;6;7;8,False,0.1,0.0,0.0,retained_preactivation,0.309952,nan,0.309952,3,5.0,1.0,,,none,0.0,,0.0,1e-05,False,0.001,200,5,128,6,5,7,2000,0.00,0.00,0.00,1.00,0,completed,8,200,8,0.0,,128,readout,chua_orig_nint128_bs16_sig0.0_lr1e-03-1e-05_tfp0_ramp200_hLR1_m20_p10_seed8_minsym5_cand0_reducedp3_noguide_sync_readout_v1_rseed0,5,200,parent_free_run,default
1.230069,20,10,3,10,5,0.1,False,16,0.0094,1.0323,1,models/chua_orig_nint128_bs16_sig0.0_lr1e-03-1e-05_tfp0_ramp200_hLR1_m20_p10_seed8_minsym5_cand1_reducedp3_noguide_sync_readout_v1_rseed0.pth,0;3;4;6;7;8;9,False,0.1,0.0,0.0,retained_preactivation,0.010398,nan,0.010398,4,5.0,1.0,,,none,0.0,,0.0,1e-05,False,0.001,200,5,128,5,5,7,2000,0.00,0.00,0.00,1.00,0,completed,8,200,8,0.0,,128,readout,chua_orig_nint128_bs16_sig0.0_lr1e-03-1e-05_tfp0_ramp200_hLR1_m20_p10_seed8_minsym5_cand1_reducedp3_noguide_sync_readout_v1_rseed0,5,200,parent_free_run,default
1.136208,20,10,3,10,5,0.1,False,16,0.0111,1.1362,0,models/chua_orig_nint128_bs16_sig0.0_lr1e-03-1e-05_tfp0_ramp200_hLR1_m20_p10_seed9_minsym5_cand0_reducedp3_noguide_sync_readout_v1_rseed0.pth,0;1;2;3;5;6;8,False,0.1,0.0,0.0,retained_preactivation,0.013854,nan,0.013854,5,5.0,1.0,,,none,0.0,,0.0,1e-05,False,0.001,200,5,128,5,5,7,2000,0.00,0.00,0.00,1.00,0,completed,9,200,9,0.0,,128,readout,chua_orig_nint128_bs16_sig0.0_lr1e-03-1e-05_tfp0_ramp200_hLR1_m20_p10_seed9_minsym5_cand0_reducedp3_noguide_sync_readout_v1_rseed0,5,200,parent_free_run,default
3.437050,20,10,3,10,3,0.1,False,16,0.0264,3.4371,1,models/chua_orig_nint128_bs16_sig0.0_lr1e-03-1e-05_tfp0_ramp200_hLR1_m20_p10_seed9_minsym5_cand1_reducedp3_noguide_sync_readout_v1_rseed0.pth,0;1;2;3;5;7;8,False,0.1,0.0,0.0,retained_preactivation,0.225377,nan,0.225377,3,5.0,1.0,,,none,0.0,,0.0,1e-05,False,0.001,200,5,128,6,5,7,2000,0.00,0.00,0.00,1.00,0,completed,9,200,9,0.0,,128,readout,chua_orig_nint128_bs16_sig0.0_lr1e-03-1e-05_tfp0_ramp200_hLR1_m20_p10_seed9_minsym5_cand1_reducedp3_noguide_sync_readout_v1_rseed0,5,200,parent_free_run,default
2.811616,20,10,3,10,3,0.1,False,16,0.0109,2.8116,2,models/chua_orig_nint128_bs16_sig0.0_lr1e-03-1e-05_tfp0_ramp200_hLR1_m20_p10_seed9_minsym5_cand2_reducedp3_noguide_sync_readout_v1_rseed0.pth,0;2;3;5;6;7;8,False,0.1,0.0,0.0,retained_preactivation,0.206063,nan,0.206063,3,5.0,1.0,,,none,0.0,,0.0,1e-05,False,0.001,200,5,128,6,5,7,2000,0.00,0.00,0.00,1.00,0,completed,9,200,9,0.0,,128,readout,chua_orig_nint128_bs16_sig0.0_lr1e-03-1e-05_tfp0_ramp200_hLR1_m20_p10_seed9_minsym5_cand2_reducedp3_noguide_sync_readout_v1_rseed0,5,200,parent_free_run,default
,,,,,,,,,,,3,,,,,,,,,,,,,,,,none,,,,,,,,,,,,,,,,,,,missing_or_failed,,,9,,,,readout,,,,,
10.976789,20,10,3,10,4,0.1,False,16,0.0146,4.6126,0,models/chua_orig_nint128_bs16_sig0.0_lr1e-03-1e-05_tfp0_ramp200_hLR1_m20_p10_seed10_minsym5_cand0_reducedp3_noguide_sync_readout_v1_rseed0.pth,0;1;2;4;5;6;7,False,0.1,0.0,0.0,retained_preactivation,0.227514,nan,0.227514,2,5.0,1.0,,,none,0.0,,0.0,1e-05,False,0.001,200,5,128,8,5,7,2000,0.00,0.00,0.00,1.00,0,completed,10,200,10,0.0,,128,readout,chua_orig_nint128_bs16_sig0.0_lr1e-03-1e-05_tfp0_ramp200_hLR1_m20_p10_seed10_minsym5_cand0_reducedp3_noguide_sync_readout_v1_rseed0,5,200,parent_free_run,default
2.458983,20,10,3,10,4,0.1,False,16,0.0116,2.4590,1,models/chua_orig_nint128_bs16_sig0.0_lr1e-03-1e-05_tfp0_ramp200_hLR1_m20_p10_seed10_minsym5_cand1_reducedp3_noguide_sync_readout_v1_rseed0.pth,0;1;2;4;5;6;8,False,0.1,0.0,0.0,retained_preactivation,0.307500,nan,0.307500,3,5.0,1.0,,,none,0.0,,0.0,1e-05,False,0.001,200,5,128,4,5,7,2000,0.00,0.00,0.00,1.00,0,completed,10,200,10,0.0,,128,readout,chua_orig_nint128_bs16_sig0.0_lr1e-03-1e-05_tfp0_ramp200_hLR1_m20_p10_seed10_minsym5_cand1_reducedp3_noguide_sync_readout_v1_rseed0,5,200,parent_free_run,default
2.435331,20,10,3,10,4,0.1,False,16,0.0102,2.4353,2,models/chua_orig_nint128_bs16_sig0.0_lr1e-03-1e-05_tfp0_ramp200_hLR1_m20_p10_seed10_minsym5_cand2_reducedp3_noguide_sync_readout_v1_rseed0.pth,0;1;2;4;5;7;8,False,0.1,0.0,0.0,retained_preactivation,0.283415,nan,0.283415,3,5.0,1.0,,,none,0.0,,0.0,1e-05,False,0.001,200,5,128,4,5,7,2000,0.00,0.00,0.00,1.00,0,completed,10,200,10,0.0,,128,readout,chua_orig_nint128_bs16_sig0.0_lr1e-03-1e-05_tfp0_ramp200_hLR1_m20_p10_seed10_minsym5_cand2_reducedp3_noguide_sync_readout_v1_rseed0,5,200,parent_free_run,default
,,,,,,,,,,,3,,,,,,,,,,,,,,,,none,,,,,,,,,,,,,,,,,,,missing_or_failed,,,10,,,,readout,,,,,
,,,,,,,,,,,4,,,,,,,,,,,,,,,,none,,,,,,,,,,,,,,,,,,,missing_or_failed,,,10,,,,readout,,,,,
,,,,,,,,,,,5,,,,,,,,,,,,,,,,none,,,,,,,,,,,,,,,,,,,missing_or_failed,,,10,,,,readout,,,,,
,,,,,,,,,,,6,,,,,,,,,,,,,,,,none,,,,,,,,,,,,,,,,,,,missing_or_failed,,,10,,,,readout,,,,,
,,,,,,,,,,,7,,,,,,,,,,,,,,,,none,,,,,,,,,,,,,,,,,,,missing_or_failed,,,10,,,,readout,,,,,
,,,,,,,,,,,8,,,,,,,,,,,,,,,,none,,,,,,,,,,,,,,,,,,,missing_or_failed,,,10,,,,readout,,,,,
,,,,,,,,,,,9,,,,,,,,,,,,,,,,none,,,,,,,,,,,,,,,,,,,missing_or_failed,,,10,,,,readout,,,,,
,,,,,,,,,,,10,,,,,,,,,,,,,,,,none,,,,,,,,,,,,,,,,,,,missing_or_failed,,,10,,,,readout,,,,,
,,,,,,,,,,,11,,,,,,,,,,,,,,,,none,,,,,,,,,,,,,,,,,,,missing_or_failed,,,10,,,,readout,,,,,
1.033189,20,10,3,10,5,0.1,False,16,0.0128,1.0332,0,models/chua_orig_nint128_bs16_sig0.0_lr1e-03-1e-05_tfp0_ramp200_hLR1_m20_p10_seed11_minsym5_cand0_reducedp3_noguide_sync_readout_v1_rseed0.pth,0;1;3;4;5;6;9,False,0.1,0.0,0.0,retained_preactivation,0.025177,nan,0.025177,5,5.0,1.0,,,none,0.0,,0.0,1e-05,False,0.001,200,5,128,6,5,7,2000,0.00,0.00,0.00,1.00,0,completed,11,200,11,0.0,,128,readout,chua_orig_nint128_bs16_sig0.0_lr1e-03-1e-05_tfp0_ramp200_hLR1_m20_p10_seed11_minsym5_cand0_reducedp3_noguide_sync_readout_v1_rseed0,5,200,parent_free_run,default
3.632760,20,10,3,10,3,0.1,False,16,0.0210,3.6328,1,models/chua_orig_nint128_bs16_sig0.0_lr1e-03-1e-05_tfp0_ramp200_hLR1_m20_p10_seed11_minsym5_cand1_reducedp3_noguide_sync_readout_v1_rseed0.pth,0;1;3;5;6;7;9,False,0.1,0.0,0.0,retained_preactivation,0.281477,nan,0.281477,3,5.0,1.0,,,none,0.0,,0.0,1e-05,False,0.001,200,5,128,6,5,7,2000,0.00,0.00,0.00,1.00,0,completed,11,200,11,0.0,,128,readout,chua_orig_nint128_bs16_sig0.0_lr1e-03-1e-05_tfp0_ramp200_hLR1_m20_p10_seed11_minsym5_cand1_reducedp3_noguide_sync_readout_v1_rseed0,5,200,parent_free_run,default
,,,,,,,,,,,2,,,,,,,,,,,,,,,,none,,,,,,,,,,,,,,,,,,,missing_or_failed,,,11,,,,readout,,,,,
,,,,,,,,,,,3,,,,,,,,,,,,,,,,none,,,,,,,,,,,,,,,,,,,missing_or_failed,,,11,,,,readout,,,,,
,,,,,,,,,,,4,,,,,,,,,,,,,,,,none,,,,,,,,,,,,,,,,,,,missing_or_failed,,,11,,,,readout,,,,,
,,,,,,,,,,,5,,,,,,,,,,,,,,,,none,,,,,,,,,,,,,,,,,,,missing_or_failed,,,11,,,,readout,,,,,
,,,,,,,,,,,6,,,,,,,,,,,,,,,,none,,,,,,,,,,,,,,,,,,,missing_or_failed,,,11,,,,readout,,,,,
,,,,,,,,,,,7,,,,,,,,,,,,,,,,none,,,,,,,,,,,,,,,,,,,missing_or_failed,,,11,,,,readout,,,,,
1.078970,20,10,3,10,5,0.1,False,16,0.0062,1.0790,0,models/chua_orig_nint128_bs16_sig0.0_lr1e-03-1e-05_tfp0_ramp200_hLR1_m20_p10_seed13_minsym5_cand0_reducedp3_noguide_sync_readout_v1_rseed0.pth,0;1;2;3;5;7;8,False,0.1,0.0,0.0,retained_preactivation,0.011450,nan,0.011450,5,5.0,1.0,,,none,0.0,,0.0,1e-05,False,0.001,200,5,128,6,5,7,2000,0.00,0.00,0.00,1.00,0,completed,13,200,13,0.0,,128,readout,chua_orig_nint128_bs16_sig0.0_lr1e-03-1e-05_tfp0_ramp200_hLR1_m20_p10_seed13_minsym5_cand0_reducedp3_noguide_sync_readout_v1_rseed0,5,200,parent_free_run,default
6.258759,20,10,3,10,3,0.1,False,16,0.0320,4.7611,1,models/chua_orig_nint128_bs16_sig0.0_lr1e-03-1e-05_tfp0_ramp200_hLR1_m20_p10_seed13_minsym5_cand1_reducedp3_noguide_sync_readout_v1_rseed0.pth,0;1;2;5;7;8;9,False,0.1,0.0,0.0,retained_preactivation,0.274033,nan,0.274033,0,5.0,1.0,,,none,0.0,,0.0,1e-05,False,0.001,200,5,128,5,5,7,2000,0.00,0.00,0.00,1.00,0,completed,13,200,13,0.0,,128,readout,chua_orig_nint128_bs16_sig0.0_lr1e-03-1e-05_tfp0_ramp200_hLR1_m20_p10_seed13_minsym5_cand1_reducedp3_noguide_sync_readout_v1_rseed0,5,200,parent_free_run,default
2.683345,20,10,3,10,3,0.1,False,16,0.0132,2.6833,2,models/chua_orig_nint128_bs16_sig0.0_lr1e-03-1e-05_tfp0_ramp200_hLR1_m20_p10_seed13_minsym5_cand2_reducedp3_noguide_sync_readout_v1_rseed0.pth,0;1;3;5;7;8;9,False,0.1,0.0,0.0,retained_preactivation,0.340758,nan,0.340758,1,5.0,1.0,,,none,0.0,,0.0,1e-05,False,0.001,200,5,128,4,5,7,2000,0.00,0.00,0.00,1.00,0,completed,13,200,13,0.0,,128,readout,chua_orig_nint128_bs16_sig0.0_lr1e-03-1e-05_tfp0_ramp200_hLR1_m20_p10_seed13_minsym5_cand2_reducedp3_noguide_sync_readout_v1_rseed0,5,200,parent_free_run,default
,,,,,,,,,,,3,,,,,,,,,,,,,,,,none,,,,,,,,,,,,,,,,,,,missing_or_failed,,,13,,,,readout,,,,,
,,,,,,,,,,,4,,,,,,,,,,,,,,,,none,,,,,,,,,,,,,,,,,,,missing_or_failed,,,13,,,,readout,,,,,
,,,,,,,,,,,5,,,,,,,,,,,,,,,,none,,,,,,,,,,,,,,,,,,,missing_or_failed,,,13,,,,readout,,,,,
,,,,,,,,,,,6,,,,,,,,,,,,,,,,none,,,,,,,,,,,,,,,,,,,missing_or_failed,,,13,,,,readout,,,,,
,,,,,,,,,,,7,,,,,,,,,,,,,,,,none,,,,,,,,,,,,,,,,,,,missing_or_failed,,,13,,,,readout,,,,,
2.340675,20,10,3,10,4,0.1,False,16,0.0166,2.3407,0,models/chua_orig_nint128_bs16_sig0.0_lr1e-03-1e-05_tfp0_ramp200_hLR1_m20_p10_seed14_minsym5_cand0_reducedp3_noguide_sync_readout_v1_rseed0.pth,0;1;2;5;6;7;8,False,0.1,0.0,0.0,retained_preactivation,0.237858,nan,0.237858,4,5.0,1.0,,,none,0.0,,0.0,1e-05,False,0.001,200,5,128,6,5,7,2000,0.00,0.00,0.00,1.00,0,completed,14,200,14,0.0,,128,readout,chua_orig_nint128_bs16_sig0.0_lr1e-03-1e-05_tfp0_ramp200_hLR1_m20_p10_seed14_minsym5_cand0_reducedp3_noguide_sync_readout_v1_rseed0,5,200,parent_free_run,default
3.587452,20,10,3,10,4,0.1,False,16,0.0144,2.7274,1,models/chua_orig_nint128_bs16_sig0.0_lr1e-03-1e-05_tfp0_ramp200_hLR1_m20_p10_seed14_minsym5_cand1_reducedp3_noguide_sync_readout_v1_rseed0.pth,0;1;2;5;6;7;9,False,0.1,0.0,0.0,retained_preactivation,0.325828,nan,0.325828,2,5.0,1.0,,,none,0.0,,0.0,1e-05,False,0.001,200,5,128,4,5,7,2000,0.00,0.00,0.00,1.00,0,completed,14,200,14,0.0,,128,readout,chua_orig_nint128_bs16_sig0.0_lr1e-03-1e-05_tfp0_ramp200_hLR1_m20_p10_seed14_minsym5_cand1_reducedp3_noguide_sync_readout_v1_rseed0,5,200,parent_free_run,default
6.515973,20,10,3,10,4,0.1,False,16,0.0200,3.0798,2,models/chua_orig_nint128_bs16_sig0.0_lr1e-03-1e-05_tfp0_ramp200_hLR1_m20_p10_seed14_minsym5_cand2_reducedp3_noguide_sync_readout_v1_rseed0.pth,0;1;2;5;6;8;9,False,0.1,0.0,0.0,retained_preactivation,0.344015,nan,0.344015,1,5.0,1.0,,,none,0.0,,0.0,1e-05,False,0.001,200,5,128,6,5,7,2000,0.00,0.00,0.00,1.00,0,completed,14,200,14,0.0,,128,readout,chua_orig_nint128_bs16_sig0.0_lr1e-03-1e-05_tfp0_ramp200_hLR1_m20_p10_seed14_minsym5_cand2_reducedp3_noguide_sync_readout_v1_rseed0,5,200,parent_free_run,default
,,,,,,,,,,,3,,,,,,,,,,,,,,,,none,,,,,,,,,,,,,,,,,,,missing_or_failed,,,14,,,,readout,,,,,
,,,,,,,,,,,4,,,,,,,,,,,,,,,,none,,,,,,,,,,,,,,,,,,,missing_or_failed,,,14,,,,readout,,,,,
7.901097,20,10,3,10,3,0.1,False,16,0.0154,7.9011,0,models/chua_orig_nint128_bs16_sig0.0_lr1e-03-1e-05_tfp0_ramp200_hLR1_m20_p10_seed15_minsym5_cand0_reducedp3_noguide_sync_readout_v1_rseed0.pth,0;2;3;5;6;7;8,False,0.1,0.0,0.0,retained_preactivation,0.260724,nan,0.260724,1,5.0,1.0,,,none,0.0,,0.0,1e-05,False,0.001,200,5,128,5,5,7,2000,0.00,0.00,0.00,1.00,0,completed,15,200,15,0.0,,128,readout,chua_orig_nint128_bs16_sig0.0_lr1e-03-1e-05_tfp0_ramp200_hLR1_m20_p10_seed15_minsym5_cand0_reducedp3_noguide_sync_readout_v1_rseed0,5,200,parent_free_run,default
5.669289,20,10,3,10,3,0.1,False,16,0.0151,4.4486,1,models/chua_orig_nint128_bs16_sig0.0_lr1e-03-1e-05_tfp0_ramp200_hLR1_m20_p10_seed15_minsym5_cand1_reducedp3_noguide_sync_readout_v1_rseed0.pth,0;2;3;5;6;7;9,False,0.1,0.0,0.0,retained_preactivation,0.197955,nan,0.197955,2,5.0,1.0,,,none,0.0,,0.0,1e-05,False,0.001,200,5,128,8,5,7,2000,0.00,0.00,0.00,1.00,0,completed,15,200,15,0.0,,128,readout,chua_orig_nint128_bs16_sig0.0_lr1e-03-1e-05_tfp0_ramp200_hLR1_m20_p10_seed15_minsym5_cand1_reducedp3_noguide_sync_readout_v1_rseed0,5,200,parent_free_run,default
,,,,,,,,,,,2,,,,,,,,,,,,,,,,none,,,,,,,,,,,,,,,,,,,missing_or_failed,,,15,,,,readout,,,,,
,,,,,,,,,,,3,,,,,,,,,,,,,,,,none,,,,,,,,,,,,,,,,,,,missing_or_failed,,,15,,,,readout,,,,,
,,,,,,,,,,,4,,,,,,,,,,,,,,,,none,,,,,,,,,,,,,,,,,,,missing_or_failed,,,15,,,,readout,,,,,
,,,,,,,,,,,5,,,,,,,,,,,,,,,,none,,,,,,,,,,,,,,,,,,,missing_or_failed,,,15,,,,readout,,,,,
,,,,,,,,,,,6,,,,,,,,,,,,,,,,none,,,,,,,,,,,,,,,,,,,missing_or_failed,,,15,,,,readout,,,,,
4.420033,20,10,3,10,4,0.1,False,16,0.0231,2.8917,0,models/chua_orig_nint128_bs16_sig0.0_lr1e-03-1e-05_tfp0_ramp200_hLR1_m20_p10_seed16_minsym5_cand0_reducedp3_noguide_sync_readout_v1_rseed0.pth,0;1;2;3;4;5;8,False,0.1,0.0,0.0,retained_preactivation,0.177551,nan,0.177551,3,5.0,1.0,,,none,0.0,,0.0,1e-05,False,0.001,200,5,128,8,5,7,2000,0.00,0.00,0.00,1.00,0,completed,16,200,16,0.0,,128,readout,chua_orig_nint128_bs16_sig0.0_lr1e-03-1e-05_tfp0_ramp200_hLR1_m20_p10_seed16_minsym5_cand0_reducedp3_noguide_sync_readout_v1_rseed0,5,200,parent_free_run,default
2.721408,20,10,3,10,4,0.1,False,16,0.0132,2.4054,1,models/chua_orig_nint128_bs16_sig0.0_lr1e-03-1e-05_tfp0_ramp200_hLR1_m20_p10_seed16_minsym5_cand1_reducedp3_noguide_sync_readout_v1_rseed0.pth,0;1;2;3;4;7;8,False,0.1,0.0,0.0,retained_preactivation,0.173933,nan,0.173933,2,5.0,1.0,,,none,0.0,,0.0,1e-05,False,0.001,200,5,128,4,5,7,2000,0.00,0.00,0.00,1.00,0,completed,16,200,16,0.0,,128,readout,chua_orig_nint128_bs16_sig0.0_lr1e-03-1e-05_tfp0_ramp200_hLR1_m20_p10_seed16_minsym5_cand1_reducedp3_noguide_sync_readout_v1_rseed0,5,200,parent_free_run,default
8.512989,20,10,3,10,4,0.1,False,16,0.0199,6.0502,0,models/chua_orig_nint128_bs16_sig0.0_lr1e-03-1e-05_tfp0_ramp200_hLR1_m20_p10_seed17_minsym5_cand0_reducedp3_noguide_sync_readout_v1_rseed0.pth,0;1;2;3;4;6;8,False,0.1,0.0,0.0,retained_preactivation,0.271001,nan,0.271001,1,5.0,1.0,,,none,0.0,,0.0,1e-05,False,0.001,200,5,128,8,5,7,2000,0.00,0.00,0.00,1.00,0,completed,17,200,17,0.0,,128,readout,chua_orig_nint128_bs16_sig0.0_lr1e-03-1e-05_tfp0_ramp200_hLR1_m20_p10_seed17_minsym5_cand0_reducedp3_noguide_sync_readout_v1_rseed0,5,200,parent_free_run,default
5.383618,20,10,3,10,3,0.1,False,16,0.0259,3.6258,1,models/chua_orig_nint128_bs16_sig0.0_lr1e-03-1e-05_tfp0_ramp200_hLR1_m20_p10_seed17_minsym5_cand1_reducedp3_noguide_sync_readout_v1_rseed0.pth,0;1;2;3;4;8;9,False,0.1,0.0,0.0,retained_preactivation,0.138102,nan,0.138102,1,5.0,1.0,,,none,0.0,,0.0,1e-05,False,0.001,200,5,128,8,5,7,2000,0.00,0.00,0.00,1.00,0,completed,17,200,17,0.0,,128,readout,chua_orig_nint128_bs16_sig0.0_lr1e-03-1e-05_tfp0_ramp200_hLR1_m20_p10_seed17_minsym5_cand1_reducedp3_noguide_sync_readout_v1_rseed0,5,200,parent_free_run,default
,,,,,,,,,,,2,,,,,,,,,,,,,,,,none,,,,,,,,,,,,,,,,,,,missing_or_failed,,,17,,,,readout,,,,,
,,,,,,,,,,,3,,,,,,,,,,,,,,,,none,,,,,,,,,,,,,,,,,,,missing_or_failed,,,17,,,,readout,,,,,
,,,,,,,,,,,4,,,,,,,,,,,,,,,,none,,,,,,,,,,,,,,,,,,,missing_or_failed,,,17,,,,readout,,,,,
,,,,,,,,,,,5,,,,,,,,,,,,,,,,none,,,,,,,,,,,,,,,,,,,missing_or_failed,,,17,,,,readout,,,,,
1.668200,20,10,3,10,4,0.1,False,16,0.0119,1.2856,0,models/chua_orig_nint128_bs16_sig0.0_lr1e-03-1e-05_tfp0_ramp200_hLR1_m20_p10_seed18_minsym5_cand0_reducedp3_noguide_sync_readout_v1_rseed0.pth,0;1;2;3;4;5;7,False,0.1,0.0,0.0,retained_preactivation,0.040762,nan,0.040762,3,5.0,1.0,,,none,0.0,,0.0,1e-05,False,0.001,200,5,128,8,5,7,2000,0.00,0.00,0.00,1.00,0,completed,18,200,18,0.0,,128,readout,chua_orig_nint128_bs16_sig0.0_lr1e-03-1e-05_tfp0_ramp200_hLR1_m20_p10_seed18_minsym5_cand0_reducedp3_noguide_sync_readout_v1_rseed0,5,200,parent_free_run,default
2.625586,20,10,3,10,4,0.1,False,16,0.0136,2.4140,1,models/chua_orig_nint128_bs16_sig0.0_lr1e-03-1e-05_tfp0_ramp200_hLR1_m20_p10_seed18_minsym5_cand1_reducedp3_noguide_sync_readout_v1_rseed0.pth,0;1;2;3;4;5;9,False,0.1,0.0,0.0,retained_preactivation,0.112252,nan,0.112252,3,5.0,1.0,,,none,0.0,,0.0,1e-05,False,0.001,200,5,128,6,5,7,2000,0.00,0.00,0.00,1.00,0,completed,18,200,18,0.0,,128,readout,chua_orig_nint128_bs16_sig0.0_lr1e-03-1e-05_tfp0_ramp200_hLR1_m20_p10_seed18_minsym5_cand1_reducedp3_noguide_sync_readout_v1_rseed0,5,200,parent_free_run,default
,,,,,,,,,,,2,,,,,,,,,,,,,,,,none,,,,,,,,,,,,,,,,,,,missing_or_failed,,,18,,,,readout,,,,,
,,,,,,,,,,,3,,,,,,,,,,,,,,,,none,,,,,,,,,,,,,,,,,,,missing_or_failed,,,18,,,,readout,,,,,
,,,,,,,,,,,4,,,,,,,,,,,,,,,,none,,,,,,,,,,,,,,,,,,,missing_or_failed,,,18,,,,readout,,,,,
,,,,,,,,,,,5,,,,,,,,,,,,,,,,none,,,,,,,,,,,,,,,,,,,missing_or_failed,,,18,,,,readout,,,,,
,,,,,,,,,,,6,,,,,,,,,,,,,,,,none,,,,,,,,,,,,,,,,,,,missing_or_failed,,,18,,,,readout,,,,,
,,,,,,,,,,,7,,,,,,,,,,,,,,,,none,,,,,,,,,,,,,,,,,,,missing_or_failed,,,18,,,,readout,,,,,
6.625548,20,10,3,10,3,0.1,False,16,0.0136,6.4947,0,models/chua_orig_nint128_bs16_sig0.0_lr1e-03-1e-05_tfp0_ramp200_hLR1_m20_p10_seed20_minsym5_cand0_reducedp3_noguide_sync_readout_v1_rseed0.pth,0;1;2;3;5;7;8,False,0.1,0.0,0.0,retained_preactivation,0.181255,nan,0.181255,3,5.0,1.0,,,none,0.0,,0.0,1e-05,False,0.001,200,5,128,3,5,7,2000,0.00,0.00,0.00,1.00,0,completed,20,200,20,0.0,,128,readout,chua_orig_nint128_bs16_sig0.0_lr1e-03-1e-05_tfp0_ramp200_hLR1_m20_p10_seed20_minsym5_cand0_reducedp3_noguide_sync_readout_v1_rseed0,5,200,parent_free_run,default
3.429612,20,10,3,10,3,0.1,False,16,0.0188,3.4296,1,models/chua_orig_nint128_bs16_sig0.0_lr1e-03-1e-05_tfp0_ramp200_hLR1_m20_p10_seed20_minsym5_cand1_reducedp3_noguide_sync_readout_v1_rseed0.pth,0;1;3;4;5;7;8,False,0.1,0.0,0.0,retained_preactivation,0.194495,nan,0.194495,2,5.0,1.0,,,none,0.0,,0.0,1e-05,False,0.001,200,5,128,7,5,7,2000,0.00,0.00,0.00,1.00,0,completed,20,200,20,0.0,,128,readout,chua_orig_nint128_bs16_sig0.0_lr1e-03-1e-05_tfp0_ramp200_hLR1_m20_p10_seed20_minsym5_cand1_reducedp3_noguide_sync_readout_v1_rseed0,5,200,parent_free_run,default
,,,,,,,,,,,2,,,,,,,,,,,,,,,,none,,,,,,,,,,,,,,,,,,,missing_or_failed,,,20,,,,readout,,,,,
1.068982,20,10,3,10,5,0.1,False,16,0.0063,1.0690,0,models/chua_orig_nint128_bs16_sig0.0_lr1e-03-1e-05_tfp0_ramp200_hLR1_m20_p10_seed21_minsym5_cand0_reducedp3_noguide_sync_readout_v1_rseed0.pth,0;1;3;4;5;6;8,False,0.1,0.0,0.0,retained_preactivation,0.013115,nan,0.013115,5,5.0,1.0,,,none,0.0,,0.0,1e-05,False,0.001,200,5,128,5,5,7,2000,0.00,0.00,0.00,1.00,0,completed,21,200,21,0.0,,128,readout,chua_orig_nint128_bs16_sig0.0_lr1e-03-1e-05_tfp0_ramp200_hLR1_m20_p10_seed21_minsym5_cand0_reducedp3_noguide_sync_readout_v1_rseed0,5,200,parent_free_run,default
3.773839,20,10,3,10,3,0.1,False,16,0.0230,3.7738,1,models/chua_orig_nint128_bs16_sig0.0_lr1e-03-1e-05_tfp0_ramp200_hLR1_m20_p10_seed21_minsym5_cand1_reducedp3_noguide_sync_readout_v1_rseed0.pth,0;1;3;4;5;8;9,False,0.1,0.0,0.0,retained_preactivation,0.393776,nan,0.393776,0,5.0,1.0,,,none,0.0,,0.0,1e-05,False,0.001,200,5,128,5,5,7,2000,0.00,0.00,0.00,1.00,0,completed,21,200,21,0.0,,128,readout,chua_orig_nint128_bs16_sig0.0_lr1e-03-1e-05_tfp0_ramp200_hLR1_m20_p10_seed21_minsym5_cand1_reducedp3_noguide_sync_readout_v1_rseed0,5,200,parent_free_run,default
,,,,,,,,,,,2,,,,,,,,,,,,,,,,none,,,,,,,,,,,,,,,,,,,missing_or_failed,,,21,,,,readout,,,,,
,,,,,,,,,,,3,,,,,,,,,,,,,,,,none,,,,,,,,,,,,,,,,,,,missing_or_failed,,,21,,,,readout,,,,,
4.012419,20,10,3,10,2,0.1,False,16,0.0204,4.0124,0,models/chua_orig_nint128_bs16_sig0.0_lr1e-03-1e-05_tfp0_ramp200_hLR1_m20_p10_seed22_minsym5_cand0_reducedp3_noguide_sync_readout_v1_rseed0.pth,0;2;3;4;5;7;8,False,0.1,0.0,0.0,retained_preactivation,0.177026,nan,0.177026,1,5.0,1.0,,,none,0.0,,0.0,1e-05,False,0.001,200,5,128,8,5,7,2000,0.00,0.00,0.00,1.00,0,completed,22,200,22,0.0,,128,readout,chua_orig_nint128_bs16_sig0.0_lr1e-03-1e-05_tfp0_ramp200_hLR1_m20_p10_seed22_minsym5_cand0_reducedp3_noguide_sync_readout_v1_rseed0,5,200,parent_free_run,default
2.425191,20,10,3,10,4,0.1,False,16,0.0274,2.4252,1,models/chua_orig_nint128_bs16_sig0.0_lr1e-03-1e-05_tfp0_ramp200_hLR1_m20_p10_seed22_minsym5_cand1_reducedp3_noguide_sync_readout_v1_rseed0.pth,0;2;3;4;5;8;9,False,0.1,0.0,0.0,retained_preactivation,0.172028,nan,0.172028,3,5.0,1.0,,,none,0.0,,0.0,1e-05,False,0.001,200,5,128,4,5,7,2000,0.00,0.00,0.00,1.00,0,completed,22,200,22,0.0,,128,readout,chua_orig_nint128_bs16_sig0.0_lr1e-03-1e-05_tfp0_ramp200_hLR1_m20_p10_seed22_minsym5_cand1_reducedp3_noguide_sync_readout_v1_rseed0,5,200,parent_free_run,default
,,,,,,,,,,,2,,,,,,,,,,,,,,,,none,,,,,,,,,,,,,,,,,,,missing_or_failed,,,22,,,,readout,,,,,
,,,,,,,,,,,3,,,,,,,,,,,,,,,,none,,,,,,,,,,,,,,,,,,,missing_or_failed,,,22,,,,readout,,,,,
,,,,,,,,,,,4,,,,,,,,,,,,,,,,none,,,,,,,,,,,,,,,,,,,missing_or_failed,,,22,,,,readout,,,,,
,,,,,,,,,,,5,,,,,,,,,,,,,,,,none,,,,,,,,,,,,,,,,,,,missing_or_failed,,,22,,,,readout,,,,,
,,,,,,,,,,,6,,,,,,,,,,,,,,,,none,,,,,,,,,,,,,,,,,,,missing_or_failed,,,22,,,,readout,,,,,
,,,,,,,,,,,7,,,,,,,,,,,,,,,,none,,,,,,,,,,,,,,,,,,,missing_or_failed,,,22,,,,readout,,,,,
7.321177,20,10,3,10,4,0.1,False,16,0.0162,2.7989,0,models/chua_orig_nint128_bs16_sig0.0_lr1e-03-1e-05_tfp0_ramp200_hLR1_m20_p10_seed23_minsym5_cand0_reducedp3_noguide_sync_readout_v1_rseed0.pth,0;1;3;4;6;7;9,False,0.1,0.0,0.0,retained_preactivation,0.181973,nan,0.181973,2,5.0,1.0,,,none,0.0,,0.0,1e-05,False,0.001,200,5,128,6,5,7,2000,0.00,0.00,0.00,1.00,0,completed,23,200,23,0.0,,128,readout,chua_orig_nint128_bs16_sig0.0_lr1e-03-1e-05_tfp0_ramp200_hLR1_m20_p10_seed23_minsym5_cand0_reducedp3_noguide_sync_readout_v1_rseed0,5,200,parent_free_run,default
,,,,,,,,,,,1,,,,,,,,,,,,,,,,none,,,,,,,,,,,,,,,,,,,missing_or_failed,,,23,,,,readout,,,,,
,,,,,,,,,,,2,,,,,,,,,,,,,,,,none,,,,,,,,,,,,,,,,,,,missing_or_failed,,,23,,,,readout,,,,,
1.085054,20,10,3,10,4,0.1,False,16,0.0173,1.0851,0,models/chua_orig_nint128_bs16_sig0.0_lr1e-03-1e-05_tfp0_ramp200_hLR1_m20_p10_seed24_minsym5_cand0_reducedp3_noguide_sync_readout_v1_rseed0.pth,0;1;2;3;5;6;9,False,0.1,0.0,0.0,retained_preactivation,0.027631,nan,0.027631,4,5.0,1.0,,,none,0.0,,0.0,1e-05,False,0.001,200,5,128,8,5,7,2000,0.00,0.00,0.00,1.00,0,completed,24,200,24,0.0,,128,readout,chua_orig_nint128_bs16_sig0.0_lr1e-03-1e-05_tfp0_ramp200_hLR1_m20_p10_seed24_minsym5_cand0_reducedp3_noguide_sync_readout_v1_rseed0,5,200,parent_free_run,default
,,,,,,,,,,,1,,,,,,,,,,,,,,,,none,,,,,,,,,,,,,,,,,,,missing_or_failed,,,24,,,,readout,,,,,
,,,,,,,,,,,2,,,,,,,,,,,,,,,,none,,,,,,,,,,,,,,,,,,,missing_or_failed,,,24,,,,readout,,,,,
,,,,,,,,,,,3,,,,,,,,,,,,,,,,none,,,,,,,,,,,,,,,,,,,missing_or_failed,,,24,,,,readout,,,,,
,,,,,,,,,,,4,,,,,,,,,,,,,,,,none,,,,,,,,,,,,,,,,,,,missing_or_failed,,,24,,,,readout,,,,,
,,,,,,,,,,,5,,,,,,,,,,,,,,,,none,,,,,,,,,,,,,,,,,,,missing_or_failed,,,24,,,,readout,,,,,
,,,,,,,,,,,6,,,,,,,,,,,,,,,,none,,,,,,,,,,,,,,,,,,,missing_or_failed,,,24,,,,readout,,,,,
,,,,,,,,,,,7,,,,,,,,,,,,,,,,none,,,,,,,,,,,,,,,,,,,missing_or_failed,,,24,,,,readout,,,,,
2.814930,20,10,3,10,4,0.1,False,16,0.0152,2.8149,0,models/chua_orig_nint128_bs16_sig0.0_lr1e-03-1e-05_tfp0_ramp200_hLR1_m20_p10_seed25_minsym5_cand0_reducedp3_noguide_sync_readout_v1_rseed0.pth,0;1;2;3;4;5;8,False,0.1,0.0,0.0,retained_preactivation,0.317245,nan,0.317245,1,5.0,1.0,,,none,0.0,,0.0,1e-05,False,0.001,200,5,128,4,5,7,2000,0.00,0.00,0.00,1.00,0,completed,25,200,25,0.0,,128,readout,chua_orig_nint128_bs16_sig0.0_lr1e-03-1e-05_tfp0_ramp200_hLR1_m20_p10_seed25_minsym5_cand0_reducedp3_noguide_sync_readout_v1_rseed0,5,200,parent_free_run,default
2.619593,20,10,3,10,3,0.1,False,16,0.0175,2.6196,1,models/chua_orig_nint128_bs16_sig0.0_lr1e-03-1e-05_tfp0_ramp200_hLR1_m20_p10_seed25_minsym5_cand1_reducedp3_noguide_sync_readout_v1_rseed0.pth,0;1;2;3;4;8;9,False,0.1,0.0,0.0,retained_preactivation,0.314714,nan,0.314714,1,5.0,1.0,,,none,0.0,,0.0,1e-05,False,0.001,200,5,128,6,5,7,2000,0.00,0.00,0.00,1.00,0,completed,25,200,25,0.0,,128,readout,chua_orig_nint128_bs16_sig0.0_lr1e-03-1e-05_tfp0_ramp200_hLR1_m20_p10_seed25_minsym5_cand1_reducedp3_noguide_sync_readout_v1_rseed0,5,200,parent_free_run,default
,,,,,,,,,,,2,,,,,,,,,,,,,,,,none,,,,,,,,,,,,,,,,,,,missing_or_failed,,,25,,,,readout,,,,,
,,,,,,,,,,,3,,,,,,,,,,,,,,,,none,,,,,,,,,,,,,,,,,,,missing_or_failed,,,25,,,,readout,,,,,
,,,,,,,,,,,4,,,,,,,,,,,,,,,,none,,,,,,,,,,,,,,,,,,,missing_or_failed,,,25,,,,readout,,,,,
,,,,,,,,,,,5,,,,,,,,,,,,,,,,none,,,,,,,,,,,,,,,,,,,missing_or_failed,,,25,,,,readout,,,,,
,,,,,,,,,,,6,,,,,,,,,,,,,,,,none,,,,,,,,,,,,,,,,,,,missing_or_failed,,,25,,,,readout,,,,,
,,,,,,,,,,,7,,,,,,,,,,,,,,,,none,,,,,,,,,,,,,,,,,,,missing_or_failed,,,25,,,,readout,,,,,
,,,,,,,,,,,8,,,,,,,,,,,,,,,,none,,,,,,,,,,,,,,,,,,,missing_or_failed,,,25,,,,readout,,,,,
1.093777,20,10,3,10,3,0.1,False,16,0.0153,1.0938,0,models/chua_orig_nint128_bs16_sig0.0_lr1e-03-1e-05_tfp0_ramp200_hLR1_m20_p10_seed26_minsym5_cand0_reducedp3_noguide_sync_readout_v1_rseed0.pth,0;1;2;4;5;7;9,False,0.1,0.0,0.0,retained_preactivation,0.017072,nan,0.017072,3,5.0,1.0,,,none,0.0,,0.0,1e-05,False,0.001,200,5,128,8,5,7,2000,0.00,0.00,0.00,1.00,0,completed,26,200,26,0.0,,128,readout,chua_orig_nint128_bs16_sig0.0_lr1e-03-1e-05_tfp0_ramp200_hLR1_m20_p10_seed26_minsym5_cand0_reducedp3_noguide_sync_readout_v1_rseed0,5,200,parent_free_run,default
,,,,,,,,,,,1,,,,,,,,,,,,,,,,none,,,,,,,,,,,,,,,,,,,missing_or_failed,,,26,,,,readout,,,,,
,,,,,,,,,,,2,,,,,,,,,,,,,,,,none,,,,,,,,,,,,,,,,,,,missing_or_failed,,,26,,,,readout,,,,,
,,,,,,,,,,,3,,,,,,,,,,,,,,,,none,,,,,,,,,,,,,,,,,,,missing_or_failed,,,26,,,,readout,,,,,
,,,,,,,,,,,4,,,,,,,,,,,,,,,,none,,,,,,,,,,,,,,,,,,,missing_or_failed,,,26,,,,readout,,,,,
,,,,,,,,,,,5,,,,,,,,,,,,,,,,none,,,,,,,,,,,,,,,,,,,missing_or_failed,,,26,,,,readout,,,,,
,,,,,,,,,,,6,,,,,,,,,,,,,,,,none,,,,,,,,,,,,,,,,,,,missing_or_failed,,,26,,,,readout,,,,,
,,,,,,,,,,,7,,,,,,,,,,,,,,,,none,,,,,,,,,,,,,,,,,,,missing_or_failed,,,26,,,,readout,,,,,
,,,,,,,,,,,8,,,,,,,,,,,,,,,,none,,,,,,,,,,,,,,,,,,,missing_or_failed,,,26,,,,readout,,,,,
1.111916,20,10,3,10,3,0.1,False,16,0.0138,1.1119,0,models/chua_orig_nint128_bs16_sig0.0_lr1e-03-1e-05_tfp0_ramp200_hLR1_m20_p10_seed27_minsym5_cand0_reducedp3_noguide_sync_readout_v1_rseed0.pth,1;2;3;4;5;6;7,False,0.1,0.0,0.0,retained_preactivation,0.016742,nan,0.016742,3,5.0,1.0,,,none,0.0,,0.0,1e-05,False,0.001,200,5,128,7,5,7,2000,0.00,0.00,0.00,1.00,0,completed,27,200,27,0.0,,128,readout,chua_orig_nint128_bs16_sig0.0_lr1e-03-1e-05_tfp0_ramp200_hLR1_m20_p10_seed27_minsym5_cand0_reducedp3_noguide_sync_readout_v1_rseed0,5,200,parent_free_run,default
,,,,,,,,,,,1,,,,,,,,,,,,,,,,none,,,,,,,,,,,,,,,,,,,missing_or_failed,,,27,,,,readout,,,,,
,,,,,,,,,,,2,,,,,,,,,,,,,,,,none,,,,,,,,,,,,,,,,,,,missing_or_failed,,,27,,,,readout,,,,,
1.096547,20,10,3,10,5,0.1,False,16,0.0049,1.0965,0,models/chua_orig_nint128_bs16_sig0.0_lr1e-03-1e-05_tfp0_ramp200_hLR1_m20_p10_seed28_minsym5_cand0_reducedp3_noguide_sync_readout_v1_rseed0.pth,0;1;2;3;5;6;9,False,0.1,0.0,0.0,retained_preactivation,0.023361,nan,0.023361,5,5.0,1.0,,,none,0.0,,0.0,1e-05,False,0.001,200,5,128,5,5,7,2000,0.00,0.00,0.00,1.00,0,completed,28,200,28,0.0,,128,readout,chua_orig_nint128_bs16_sig0.0_lr1e-03-1e-05_tfp0_ramp200_hLR1_m20_p10_seed28_minsym5_cand0_reducedp3_noguide_sync_readout_v1_rseed0,5,200,parent_free_run,default
,,,,,,,,,,,1,,,,,,,,,,,,,,,,none,,,,,,,,,,,,,,,,,,,missing_or_failed,,,28,,,,readout,,,,,
,,,,,,,,,,,2,,,,,,,,,,,,,,,,none,,,,,,,,,,,,,,,,,,,missing_or_failed,,,28,,,,readout,,,,,
1.299345,20,10,3,10,5,0.1,False,16,0.0130,1.1931,0,models/chua_orig_nint128_bs16_sig0.0_lr1e-03-1e-05_tfp0_ramp200_hLR1_m20_p10_seed29_minsym5_cand0_reducedp3_noguide_sync_readout_v1_rseed0.pth,0;1;2;3;5;8;9,False,0.1,0.0,0.0,retained_preactivation,0.013347,nan,0.013347,4,5.0,1.0,,,none,0.0,,0.0,1e-05,False,0.001,200,5,128,8,5,7,2000,0.00,0.00,0.00,1.00,0,completed,29,200,29,0.0,,128,readout,chua_orig_nint128_bs16_sig0.0_lr1e-03-1e-05_tfp0_ramp200_hLR1_m20_p10_seed29_minsym5_cand0_reducedp3_noguide_sync_readout_v1_rseed0,5,200,parent_free_run,default
,,,,,,,,,,,1,,,,,,,,,,,,,,,,none,,,,,,,,,,,,,,,,,,,missing_or_failed,,,29,,,,readout,,,,,
,,,,,,,,,,,2,,,,,,,,,,,,,,,,none,,,,,,,,,,,,,,,,,,,missing_or_failed,,,29,,,,readout,,,,,
1.455601,20,10,3,10,5,0.1,True,16,0.0117,1.4556,0,models/chua_orig_nint128_bs16_sig0.0_lr1e-03-1e-05_tfp0_ramp200_hLR1_m20_p10_seed0_minsym5_cand0_reducedp3_retained_sync_readout_ga0p1_v1_rseed0.pth,0;1;3;4;5;7;9,True,0.1,1.0,14.262422899955228,retained_preactivation,0.086474,nan,0.016633,5,5.0,1.0,28.78553612487247,4105.514896148838,retained,0.0,,0.0,1e-05,False,0.001,200,5,128,5,5,7,2000,0.00,0.00,0.00,1.00,0,completed,0,200,0,0.0,,128,readout,chua_orig_nint128_bs16_sig0.0_lr1e-03-1e-05_tfp0_ramp200_hLR1_m20_p10_seed0_minsym5_cand0_reducedp3_retained_sync_readout_ga0p1_v1_rseed0,5,200,parent_free_run,default
1.209480,20,10,3,10,4,0.1,True,16,0.0172,1.0221,0,models/chua_orig_nint128_bs16_sig0.0_lr1e-03-1e-05_tfp0_ramp200_hLR1_m20_p10_seed2_minsym5_cand0_reducedp3_retained_sync_readout_ga0p1_v1_rseed0.pth,2;4;5;6;7;8;9,True,0.1,1.0,0.1447780843484258,retained_preactivation,0.024165,nan,0.017652,2,5.0,1.0,38082721327.93602,55135434406.33514,retained,0.0,,0.0,1e-05,False,0.001,200,5,128,8,5,7,2000,0.00,0.00,0.00,1.00,0,completed,2,200,2,0.0,,128,readout,chua_orig_nint128_bs16_sig0.0_lr1e-03-1e-05_tfp0_ramp200_hLR1_m20_p10_seed2_minsym5_cand0_reducedp3_retained_sync_readout_ga0p1_v1_rseed0,5,200,parent_free_run,default
1.383258,20,10,3,10,5,0.1,True,16,0.0128,1.3833,0,models/chua_orig_nint128_bs16_sig0.0_lr1e-03-1e-05_tfp0_ramp200_hLR1_m20_p10_seed3_minsym5_cand0_reducedp3_retained_sync_readout_ga0p1_v1_rseed0.pth,0;1;2;3;4;5;8,True,0.1,1.0,4.094085139309648,retained_preactivation,315870826799933133702514211815424.000000,nan,47852905995439383752749350912.000000,5,5.0,1.0,2276.2384421041,93191.13979343744,retained,0.0,,0.0,1e-05,False,0.001,200,5,128,5,5,7,2000,0.00,0.00,0.00,1.00,0,completed,3,200,3,0.0,,128,readout,chua_orig_nint128_bs16_sig0.0_lr1e-03-1e-05_tfp0_ramp200_hLR1_m20_p10_seed3_minsym5_cand0_reducedp3_retained_sync_readout_ga0p1_v1_rseed0,5,200,parent_free_run,default
1.345939,20,10,3,10,5,0.1,True,16,0.0108,1.3459,1,models/chua_orig_nint128_bs16_sig0.0_lr1e-03-1e-05_tfp0_ramp200_hLR1_m20_p10_seed3_minsym5_cand1_reducedp3_retained_sync_readout_ga0p1_v1_rseed0.pth,0;1;2;3;4;6;8,True,0.1,1.0,3.7762203291597776,retained_preactivation,3211278977878260344792210642829312.000000,nan,236042199595778402003955220480.000000,5,5.0,1.0,6273.889250546666,236915.88130811322,retained,0.0,,0.0,1e-05,False,0.001,200,5,128,6,5,7,2000,0.00,0.00,0.00,1.00,0,completed,3,200,3,0.0,,128,readout,chua_orig_nint128_bs16_sig0.0_lr1e-03-1e-05_tfp0_ramp200_hLR1_m20_p10_seed3_minsym5_cand1_reducedp3_retained_sync_readout_ga0p1_v1_rseed0,5,200,parent_free_run,default
1.159285,20,10,3,10,5,0.1,True,16,0.0159,1.1593,2,models/chua_orig_nint128_bs16_sig0.0_lr1e-03-1e-05_tfp0_ramp200_hLR1_m20_p10_seed3_minsym5_cand2_reducedp3_retained_sync_readout_ga0p1_v1_rseed0.pth,0;1;3;4;5;7;8,True,0.1,1.0,3.019134771035628,retained_preactivation,0.022750,nan,0.011114,3,5.0,1.0,4622.860991008436,139570.40359617793,retained,0.0,,0.0,1e-05,False,0.001,200,5,128,5,5,7,2000,0.00,0.00,0.00,1.00,0,completed,3,200,3,0.0,,128,readout,chua_orig_nint128_bs16_sig0.0_lr1e-03-1e-05_tfp0_ramp200_hLR1_m20_p10_seed3_minsym5_cand2_reducedp3_retained_sync_readout_ga0p1_v1_rseed0,5,200,parent_free_run,default
1.157099,20,10,3,10,5,0.1,True,16,0.0098,1.1571,3,models/chua_orig_nint128_bs16_sig0.0_lr1e-03-1e-05_tfp0_ramp200_hLR1_m20_p10_seed3_minsym5_cand3_reducedp3_retained_sync_readout_ga0p1_v1_rseed0.pth,0;1;3;4;6;7;8,True,0.1,1.0,3.277686093626533,retained_preactivation,0.024136,nan,0.011649,3,5.0,1.0,3674.4092334474326,120435.60046763581,retained,0.0,,0.0,1e-05,False,0.001,200,5,128,5,5,7,2000,0.00,0.00,0.00,1.00,0,completed,3,200,3,0.0,,128,readout,chua_orig_nint128_bs16_sig0.0_lr1e-03-1e-05_tfp0_ramp200_hLR1_m20_p10_seed3_minsym5_cand3_reducedp3_retained_sync_readout_ga0p1_v1_rseed0,5,200,parent_free_run,default
2.455112,20,10,3,10,4,0.1,True,16,0.0155,2.4551,0,models/chua_orig_nint128_bs16_sig0.0_lr1e-03-1e-05_tfp0_ramp200_hLR1_m20_p10_seed4_minsym5_cand0_reducedp3_retained_sync_readout_ga0p1_v1_rseed0.pth,0;1;2;3;4;5;8,True,0.1,1.0,2.7386421572457547,retained_preactivation,0.543257,nan,0.269001,2,5.0,1.0,21.566311573994664,590.6241005284156,retained,0.0,,0.0,1e-05,False,0.001,200,5,128,6,5,7,2000,0.00,0.00,0.00,1.00,0,completed,4,200,4,0.0,,128,readout,chua_orig_nint128_bs16_sig0.0_lr1e-03-1e-05_tfp0_ramp200_hLR1_m20_p10_seed4_minsym5_cand0_reducedp3_retained_sync_readout_ga0p1_v1_rseed0,5,200,parent_free_run,default
2.559766,20,10,3,10,4,0.1,True,16,0.0136,2.4182,1,models/chua_orig_nint128_bs16_sig0.0_lr1e-03-1e-05_tfp0_ramp200_hLR1_m20_p10_seed4_minsym5_cand1_reducedp3_retained_sync_readout_ga0p1_v1_rseed0.pth,0;1;4;6;7;8;9,True,0.1,1.0,0.7227262132399114,retained_preactivation,19.097803,nan,17.301418,3,5.0,1.0,662049.8578445584,4784807.867360193,retained,0.0,,0.0,1e-05,False,0.001,200,5,128,6,5,7,2000,0.00,0.00,0.00,1.00,0,completed,4,200,4,0.0,,128,readout,chua_orig_nint128_bs16_sig0.0_lr1e-03-1e-05_tfp0_ramp200_hLR1_m20_p10_seed4_minsym5_cand1_reducedp3_retained_sync_readout_ga0p1_v1_rseed0,5,200,parent_free_run,default
1.300018,20,10,3,10,5,0.1,True,16,0.0077,1.3000,2,models/chua_orig_nint128_bs16_sig0.0_lr1e-03-1e-05_tfp0_ramp200_hLR1_m20_p10_seed4_minsym5_cand2_reducedp3_retained_sync_readout_ga0p1_v1_rseed0.pth,1;2;3;4;5;6;8,True,0.1,1.0,3.9016799769802146,retained_preactivation,0.085594,nan,0.039511,5,5.0,1.0,60.700386729885956,2368.3348349895546,retained,0.0,,0.0,1e-05,False,0.001,200,5,128,5,5,7,2000,0.00,0.00,0.00,1.00,0,completed,4,200,4,0.0,,128,readout,chua_orig_nint128_bs16_sig0.0_lr1e-03-1e-05_tfp0_ramp200_hLR1_m20_p10_seed4_minsym5_cand2_reducedp3_retained_sync_readout_ga0p1_v1_rseed0,5,200,parent_free_run,default
2.034781,20,10,3,10,4,0.1,True,16,0.0197,2.0348,3,models/chua_orig_nint128_bs16_sig0.0_lr1e-03-1e-05_tfp0_ramp200_hLR1_m20_p10_seed4_minsym5_cand3_reducedp3_retained_sync_readout_ga0p1_v1_rseed0.pth,1;2;3;4;5;7;8,True,0.1,1.0,0.602475736199125,retained_preactivation,0.115482,nan,0.054736,1,5.0,1.0,147437.37512584793,888274.4112221178,retained,0.0,,0.0,1e-05,False,0.001,200,5,128,7,5,7,2000,0.00,0.00,0.00,1.00,0,completed,4,200,4,0.0,,128,readout,chua_orig_nint128_bs16_sig0.0_lr1e-03-1e-05_tfp0_ramp200_hLR1_m20_p10_seed4_minsym5_cand3_reducedp3_retained_sync_readout_ga0p1_v1_rseed0,5,200,parent_free_run,default
1.191196,20,10,4,10,5,0.1,True,16,0.0090,1.1912,0,models/chua_orig_nint128_bs16_sig0.0_lr1e-03-1e-05_tfp0_ramp200_hLR1_m20_p10_seed6_minsym5_cand0_reducedp4_retained_sync_readout_ga0p1_v1_rseed0.pth,0;1;2;4;5;9,True,0.1,1.0,1.8269148516150109,retained_preactivation,0.021030,nan,0.012878,5,5.0,1.0,905991.9006437089,16551700.58728903,retained,0.0,,0.0,1e-05,False,0.001,200,5,128,5,5,6,2000,0.00,0.00,0.00,1.00,0,completed,6,200,6,0.0,,128,readout,chua_orig_nint128_bs16_sig0.0_lr1e-03-1e-05_tfp0_ramp200_hLR1_m20_p10_seed6_minsym5_cand0_reducedp4_retained_sync_readout_ga0p1_v1_rseed0,5,200,parent_free_run,default
1.243436,20,10,4,10,5,0.1,True,16,0.0057,1.2434,1,models/chua_orig_nint128_bs16_sig0.0_lr1e-03-1e-05_tfp0_ramp200_hLR1_m20_p10_seed6_minsym5_cand1_reducedp4_retained_sync_readout_ga0p1_v1_rseed0.pth,0;1;2;4;7;9,True,0.1,1.0,1.3101738193888512,retained_preactivation,0.046286,nan,0.013936,5,5.0,1.0,89743.21062760123,1175792.0503218246,retained,0.0,,0.0,1e-05,False,0.001,200,5,128,7,5,6,2000,0.00,0.00,0.00,1.00,0,completed,6,200,6,0.0,,128,readout,chua_orig_nint128_bs16_sig0.0_lr1e-03-1e-05_tfp0_ramp200_hLR1_m20_p10_seed6_minsym5_cand1_reducedp4_retained_sync_readout_ga0p1_v1_rseed0,5,200,parent_free_run,default
1.375522,20,10,4,10,5,0.1,True,16,0.0056,1.3398,2,models/chua_orig_nint128_bs16_sig0.0_lr1e-03-1e-05_tfp0_ramp200_hLR1_m20_p10_seed6_minsym5_cand2_reducedp4_retained_sync_readout_ga0p1_v1_rseed0.pth,0;1;2;5;7;9,True,0.1,1.0,1.7352632655073756,retained_preactivation,0.050991,nan,0.016332,5,5.0,1.0,78375.89866151455,1360028.1784845488,retained,0.0,,0.0,1e-05,False,0.001,200,5,128,7,5,6,2000,0.00,0.00,0.00,1.00,0,completed,6,200,6,0.0,,128,readout,chua_orig_nint128_bs16_sig0.0_lr1e-03-1e-05_tfp0_ramp200_hLR1_m20_p10_seed6_minsym5_cand2_reducedp4_retained_sync_readout_ga0p1_v1_rseed0,5,200,parent_free_run,default
1.270154,20,10,4,10,5,0.1,True,16,0.0069,1.2702,3,models/chua_orig_nint128_bs16_sig0.0_lr1e-03-1e-05_tfp0_ramp200_hLR1_m20_p10_seed6_minsym5_cand3_reducedp4_retained_sync_readout_ga0p1_v1_rseed0.pth,0;1;4;5;8;9,True,0.1,1.0,4.6406239235544975,retained_preactivation,0.038956,nan,0.015527,4,5.0,1.0,3900.6207268443186,181013.13861706282,retained,0.0,,0.0,1e-05,False,0.001,200,5,128,5,5,6,2000,0.00,0.00,0.00,1.00,0,completed,6,200,6,0.0,,128,readout,chua_orig_nint128_bs16_sig0.0_lr1e-03-1e-05_tfp0_ramp200_hLR1_m20_p10_seed6_minsym5_cand3_reducedp4_retained_sync_readout_ga0p1_v1_rseed0,5,200,parent_free_run,default
1.397305,20,10,4,10,5,0.1,True,16,0.0090,1.3973,4,models/chua_orig_nint128_bs16_sig0.0_lr1e-03-1e-05_tfp0_ramp200_hLR1_m20_p10_seed6_minsym5_cand4_reducedp4_retained_sync_readout_ga0p1_v1_rseed0.pth,0;1;4;7;8;9,True,0.1,1.0,11.715870901628053,retained_preactivation,0.073558,nan,0.021283,4,5.0,1.0,127.1378202172345,14895.30288379528,retained,0.0,,0.0,1e-05,False,0.001,200,5,128,6,5,6,2000,0.00,0.00,0.00,1.00,0,completed,6,200,6,0.0,,128,readout,chua_orig_nint128_bs16_sig0.0_lr1e-03-1e-05_tfp0_ramp200_hLR1_m20_p10_seed6_minsym5_cand4_reducedp4_retained_sync_readout_ga0p1_v1_rseed0,5,200,parent_free_run,default
1.301981,20,10,4,10,5,0.1,True,16,0.0123,1.3020,5,models/chua_orig_nint128_bs16_sig0.0_lr1e-03-1e-05_tfp0_ramp200_hLR1_m20_p10_seed6_minsym5_cand5_reducedp4_retained_sync_readout_ga0p1_v1_rseed0.pth,0;1;5;7;8;9,True,0.1,1.0,3.898525614106718,retained_preactivation,0.038629,nan,0.013089,5,5.0,1.0,2557.160433835742,99691.5545068889,retained,0.0,,0.0,1e-05,False,0.001,200,5,128,7,5,6,2000,0.00,0.00,0.00,1.00,0,completed,6,200,6,0.0,,128,readout,chua_orig_nint128_bs16_sig0.0_lr1e-03-1e-05_tfp0_ramp200_hLR1_m20_p10_seed6_minsym5_cand5_reducedp4_retained_sync_readout_ga0p1_v1_rseed0,5,200,parent_free_run,default
1.915349,20,10,4,10,5,0.1,True,16,0.0088,1.9153,6,models/chua_orig_nint128_bs16_sig0.0_lr1e-03-1e-05_tfp0_ramp200_hLR1_m20_p10_seed6_minsym5_cand6_reducedp4_retained_sync_readout_ga0p1_v1_rseed0.pth,0;2;4;5;7;9,True,0.1,1.0,2.918272989537658,retained_preactivation,0.152296,nan,0.115992,3,5.0,1.0,16832.89738874446,491229.89785231923,retained,0.0,,0.0,1e-05,False,0.001,200,5,128,8,5,6,2000,0.00,0.00,0.00,1.00,0,completed,6,200,6,0.0,,128,readout,chua_orig_nint128_bs16_sig0.0_lr1e-03-1e-05_tfp0_ramp200_hLR1_m20_p10_seed6_minsym5_cand6_reducedp4_retained_sync_readout_ga0p1_v1_rseed0,5,200,parent_free_run,default
1.232821,20,10,4,10,5,0.1,True,16,0.0126,1.2328,7,models/chua_orig_nint128_bs16_sig0.0_lr1e-03-1e-05_tfp0_ramp200_hLR1_m20_p10_seed6_minsym5_cand7_reducedp4_retained_sync_readout_ga0p1_v1_rseed0.pth,0;4;5;7;8;9,True,0.1,1.0,2.3501251645449726,retained_preactivation,0.044061,nan,0.022572,5,5.0,1.0,9025.726753979427,212115.87572833864,retained,0.0,,0.0,1e-05,False,0.001,200,5,128,6,5,6,2000,0.00,0.00,0.00,1.00,0,completed,6,200,6,0.0,,128,readout,chua_orig_nint128_bs16_sig0.0_lr1e-03-1e-05_tfp0_ramp200_hLR1_m20_p10_seed6_minsym5_cand7_reducedp4_retained_sync_readout_ga0p1_v1_rseed0,5,200,parent_free_run,default
1.184480,20,10,4,10,5,0.1,True,16,0.0039,1.1845,8,models/chua_orig_nint128_bs16_sig0.0_lr1e-03-1e-05_tfp0_ramp200_hLR1_m20_p10_seed6_minsym5_cand8_reducedp4_retained_sync_readout_ga0p1_v1_rseed0.pth,1;2;4;5;8;9,True,0.1,1.0,5.140568085483903,retained_preactivation,0.037875,nan,0.019091,5,5.0,1.0,1086.8614931413467,55870.855049837926,retained,0.0,,0.0,1e-05,False,0.001,200,5,128,5,5,6,2000,0.00,0.00,0.00,1.00,0,completed,6,200,6,0.0,,128,readout,chua_orig_nint128_bs16_sig0.0_lr1e-03-1e-05_tfp0_ramp200_hLR1_m20_p10_seed6_minsym5_cand8_reducedp4_retained_sync_readout_ga0p1_v1_rseed0,5,200,parent_free_run,default
1.177905,20,10,4,10,5,0.1,True,16,0.0064,1.1779,9,models/chua_orig_nint128_bs16_sig0.0_lr1e-03-1e-05_tfp0_ramp200_hLR1_m20_p10_seed6_minsym5_cand9_reducedp4_retained_sync_readout_ga0p1_v1_rseed0.pth,1;2;4;7;8;9,True,0.1,1.0,16.704972856843245,retained_preactivation,0.138873,nan,0.039952,5,5.0,1.0,46.56220715321867,7778.20406649247,retained,0.0,,0.0,1e-05,False,0.001,200,5,128,8,5,6,2000,0.00,0.00,0.00,1.00,0,completed,6,200,6,0.0,,128,readout,chua_orig_nint128_bs16_sig0.0_lr1e-03-1e-05_tfp0_ramp200_hLR1_m20_p10_seed6_minsym5_cand9_reducedp4_retained_sync_readout_ga0p1_v1_rseed0,5,200,parent_free_run,default
1.384965,20,10,4,10,5,0.1,True,16,0.0087,1.3850,10,models/chua_orig_nint128_bs16_sig0.0_lr1e-03-1e-05_tfp0_ramp200_hLR1_m20_p10_seed6_minsym5_cand10_reducedp4_retained_sync_readout_ga0p1_v1_rseed0.pth,1;2;5;7;8;9,True,0.1,1.0,4.12019206420755,retained_preactivation,0.034343,nan,0.013025,3,5.0,1.0,1167.3746022224668,48098.07572034457,retained,0.0,,0.0,1e-05,False,0.001,200,5,128,5,5,6,2000,0.00,0.00,0.00,1.00,0,completed,6,200,6,0.0,,128,readout,chua_orig_nint128_bs16_sig0.0_lr1e-03-1e-05_tfp0_ramp200_hLR1_m20_p10_seed6_minsym5_cand10_reducedp4_retained_sync_readout_ga0p1_v1_rseed0,5,200,parent_free_run,default
1.275635,20,10,4,10,5,0.1,True,16,0.0088,1.2756,11,models/chua_orig_nint128_bs16_sig0.0_lr1e-03-1e-05_tfp0_ramp200_hLR1_m20_p10_seed6_minsym5_cand11_reducedp4_retained_sync_readout_ga0p1_v1_rseed0.pth,2;4;5;7;8;9,True,0.1,1.0,2.626577273614672,retained_preactivation,0.031641,nan,0.021693,5,5.0,1.0,2634.9187783971634,69208.17781158525,retained,0.0,,0.0,1e-05,False,0.001,200,5,128,5,5,6,2000,0.00,0.00,0.00,1.00,0,completed,6,200,6,0.0,,128,readout,chua_orig_nint128_bs16_sig0.0_lr1e-03-1e-05_tfp0_ramp200_hLR1_m20_p10_seed6_minsym5_cand11_reducedp4_retained_sync_readout_ga0p1_v1_rseed0,5,200,parent_free_run,default
6.446865,20,10,3,10,3,0.1,True,16,0.0256,6.4469,0,models/chua_orig_nint128_bs16_sig0.0_lr1e-03-1e-05_tfp0_ramp200_hLR1_m20_p10_seed7_minsym5_cand0_reducedp3_retained_sync_readout_ga0p1_v1_rseed0.pth,0;1;2;4;5;7;9,True,0.1,1.0,0.11699699243688247,retained_preactivation,0.257621,nan,0.229834,1,5.0,1.0,12917.80069322948,15113.438300069247,retained,0.0,,0.0,1e-05,False,0.001,200,5,128,5,5,7,2000,0.00,0.00,0.00,1.00,0,completed,7,200,7,0.0,,128,readout,chua_orig_nint128_bs16_sig0.0_lr1e-03-1e-05_tfp0_ramp200_hLR1_m20_p10_seed7_minsym5_cand0_reducedp3_retained_sync_readout_ga0p1_v1_rseed0,5,200,parent_free_run,default
1.470083,20,10,3,10,5,0.1,True,16,0.0130,1.4701,1,models/chua_orig_nint128_bs16_sig0.0_lr1e-03-1e-05_tfp0_ramp200_hLR1_m20_p10_seed7_minsym5_cand1_reducedp3_retained_sync_readout_ga0p1_v1_rseed0.pth,0;1;4;5;6;7;9,True,0.1,1.0,10.173981751811965,retained_preactivation,0.049537,nan,0.019218,5,5.0,1.0,10396.119844832734,1057699.335909785,retained,0.0,,0.0,1e-05,False,0.001,200,5,128,5,5,7,2000,0.00,0.00,0.00,1.00,0,completed,7,200,7,0.0,,128,readout,chua_orig_nint128_bs16_sig0.0_lr1e-03-1e-05_tfp0_ramp200_hLR1_m20_p10_seed7_minsym5_cand1_reducedp3_retained_sync_readout_ga0p1_v1_rseed0,5,200,parent_free_run,default
3.194345,20,10,3,10,3,0.1,True,16,0.0102,3.1943,2,models/chua_orig_nint128_bs16_sig0.0_lr1e-03-1e-05_tfp0_ramp200_hLR1_m20_p10_seed7_minsym5_cand2_reducedp3_retained_sync_readout_ga0p1_v1_rseed0.pth,1;2;4;5;7;8;9,True,0.1,1.0,0.07688251035303288,retained_preactivation,0.211241,nan,0.188632,2,5.0,1.0,3571.874989063867,2746.14715826442,retained,0.0,,0.0,1e-05,False,0.001,200,5,128,7,5,7,2000,0.00,0.00,0.00,1.00,0,completed,7,200,7,0.0,,128,readout,chua_orig_nint128_bs16_sig0.0_lr1e-03-1e-05_tfp0_ramp200_hLR1_m20_p10_seed7_minsym5_cand2_reducedp3_retained_sync_readout_ga0p1_v1_rseed0,5,200,parent_free_run,default
1.775274,20,10,3,10,5,0.1,True,16,0.0085,1.7753,3,models/chua_orig_nint128_bs16_sig0.0_lr1e-03-1e-05_tfp0_ramp200_hLR1_m20_p10_seed7_minsym5_cand3_reducedp3_retained_sync_readout_ga0p1_v1_rseed0.pth,1;4;5;6;7;8;9,True,0.1,1.0,7.133209760745114,retained_preactivation,0.067116,nan,0.033065,3,5.0,1.0,15602.947475457162,1112990.9722832437,retained,0.0,,0.0,1e-05,False,0.001,200,5,128,5,5,7,2000,0.00,0.00,0.00,1.00,0,completed,7,200,7,0.0,,128,readout,chua_orig_nint128_bs16_sig0.0_lr1e-03-1e-05_tfp0_ramp200_hLR1_m20_p10_seed7_minsym5_cand3_reducedp3_retained_sync_readout_ga0p1_v1_rseed0,5,200,parent_free_run,default
1.322897,20,10,3,10,5,0.1,True,16,0.0183,1.3229,0,models/chua_orig_nint128_bs16_sig0.0_lr1e-03-1e-05_tfp0_ramp200_hLR1_m20_p10_seed8_minsym5_cand0_reducedp3_retained_sync_readout_ga0p1_v1_rseed0.pth,0;3;4;5;6;7;8,True,0.1,1.0,2.067629465230752,retained_preactivation,0.028325,nan,0.012802,5,5.0,1.0,11501.168179798085,237801.5421312486,retained,0.0,,0.0,1e-05,False,0.001,200,5,128,5,5,7,2000,0.00,0.00,0.00,1.00,0,completed,8,200,8,0.0,,128,readout,chua_orig_nint128_bs16_sig0.0_lr1e-03-1e-05_tfp0_ramp200_hLR1_m20_p10_seed8_minsym5_cand0_reducedp3_retained_sync_readout_ga0p1_v1_rseed0,5,200,parent_free_run,default
1.354663,20,10,3,10,5,0.1,True,16,0.0183,1.3547,1,models/chua_orig_nint128_bs16_sig0.0_lr1e-03-1e-05_tfp0_ramp200_hLR1_m20_p10_seed8_minsym5_cand1_reducedp3_retained_sync_readout_ga0p1_v1_rseed0.pth,0;3;4;6;7;8;9,True,0.1,1.0,1.918055352173392,retained_preactivation,0.040518,nan,0.013247,3,5.0,1.0,19991.221919921816,383442.7019999207,retained,0.0,,0.0,1e-05,False,0.001,200,5,128,5,5,7,2000,0.00,0.00,0.00,1.00,0,completed,8,200,8,0.0,,128,readout,chua_orig_nint128_bs16_sig0.0_lr1e-03-1e-05_tfp0_ramp200_hLR1_m20_p10_seed8_minsym5_cand1_reducedp3_retained_sync_readout_ga0p1_v1_rseed0,5,200,parent_free_run,default
1.077215,20,10,3,10,5,0.1,True,16,0.0093,1.0772,0,models/chua_orig_nint128_bs16_sig0.0_lr1e-03-1e-05_tfp0_ramp200_hLR1_m20_p10_seed9_minsym5_cand0_reducedp3_retained_sync_readout_ga0p1_v1_rseed0.pth,0;1;2;3;5;6;8,True,0.1,1.0,1.1950761926741647,retained_preactivation,0.017261,nan,0.008154,5,5.0,1.0,217013113.25650406,2593472051.5095015,retained,0.0,,0.0,1e-05,False,0.001,200,5,128,5,5,7,2000,0.00,0.00,0.00,1.00,0,completed,9,200,9,0.0,,128,readout,chua_orig_nint128_bs16_sig0.0_lr1e-03-1e-05_tfp0_ramp200_hLR1_m20_p10_seed9_minsym5_cand0_reducedp3_retained_sync_readout_ga0p1_v1_rseed0,5,200,parent_free_run,default
1.199509,20,10,3,10,5,0.1,True,16,0.0110,1.1894,1,models/chua_orig_nint128_bs16_sig0.0_lr1e-03-1e-05_tfp0_ramp200_hLR1_m20_p10_seed9_minsym5_cand1_reducedp3_retained_sync_readout_ga0p1_v1_rseed0.pth,0;1;2;3;5;7;8,True,0.1,1.0,1.1236016170153782,retained_preactivation,0.026218,nan,0.009739,5,5.0,1.0,251291092.2731893,2823510776.1971607,retained,0.0,,0.0,1e-05,False,0.001,200,5,128,5,5,7,2000,0.00,0.00,0.00,1.00,0,completed,9,200,9,0.0,,128,readout,chua_orig_nint128_bs16_sig0.0_lr1e-03-1e-05_tfp0_ramp200_hLR1_m20_p10_seed9_minsym5_cand1_reducedp3_retained_sync_readout_ga0p1_v1_rseed0,5,200,parent_free_run,default
1.094750,20,10,3,10,5,0.1,True,16,0.0080,1.0947,2,models/chua_orig_nint128_bs16_sig0.0_lr1e-03-1e-05_tfp0_ramp200_hLR1_m20_p10_seed9_minsym5_cand2_reducedp3_retained_sync_readout_ga0p1_v1_rseed0.pth,0;2;3;5;6;7;8,True,0.1,1.0,2.9411961887681546,retained_preactivation,0.037025,nan,0.014957,4,5.0,1.0,273500204.5884123,8044177593.627487,retained,0.0,,0.0,1e-05,False,0.001,200,5,128,5,5,7,2000,0.00,0.00,0.00,1.00,0,completed,9,200,9,0.0,,128,readout,chua_orig_nint128_bs16_sig0.0_lr1e-03-1e-05_tfp0_ramp200_hLR1_m20_p10_seed9_minsym5_cand2_reducedp3_retained_sync_readout_ga0p1_v1_rseed0,5,200,parent_free_run,default
1.415234,20,10,3,10,5,0.1,True,16,0.0049,1.1878,3,models/chua_orig_nint128_bs16_sig0.0_lr1e-03-1e-05_tfp0_ramp200_hLR1_m20_p10_seed9_minsym5_cand3_reducedp3_retained_sync_readout_ga0p1_v1_rseed0.pth,1;2;3;5;6;7;8,True,0.1,1.0,0.908955598632676,retained_preactivation,0.105272,nan,0.030250,6,5.0,1.0,225496370.78221363,2049661886.9384284,retained,0.0,,0.0,1e-05,False,0.001,200,5,128,5,5,7,2000,0.00,0.00,0.00,1.00,0,completed,9,200,9,0.0,,128,readout,chua_orig_nint128_bs16_sig0.0_lr1e-03-1e-05_tfp0_ramp200_hLR1_m20_p10_seed9_minsym5_cand3_reducedp3_retained_sync_readout_ga0p1_v1_rseed0,5,200,parent_free_run,default
1.283155,20,10,3,10,5,0.1,True,16,0.0058,1.2222,0,models/chua_orig_nint128_bs16_sig0.0_lr1e-03-1e-05_tfp0_ramp200_hLR1_m20_p10_seed10_minsym5_cand0_reducedp3_retained_sync_readout_ga0p1_v1_rseed0.pth,0;1;2;4;5;6;7,True,0.1,1.0,3.1182391285708264,retained_preactivation,0.048356,nan,0.028036,3,5.0,1.0,175.07138288488102,5459.1443640464395,retained,0.0,,0.0,1e-05,False,0.001,200,5,128,5,5,7,2000,0.00,0.00,0.00,1.00,0,completed,10,200,10,0.0,,128,readout,chua_orig_nint128_bs16_sig0.0_lr1e-03-1e-05_tfp0_ramp200_hLR1_m20_p10_seed10_minsym5_cand0_reducedp3_retained_sync_readout_ga0p1_v1_rseed0,5,200,parent_free_run,default
1.207077,20,10,3,10,5,0.1,True,16,0.0113,1.2071,1,models/chua_orig_nint128_bs16_sig0.0_lr1e-03-1e-05_tfp0_ramp200_hLR1_m20_p10_seed10_minsym5_cand1_reducedp3_retained_sync_readout_ga0p1_v1_rseed0.pth,0;1;2;4;5;6;8,True,0.1,1.0,2.2619236488258587,retained_preactivation,0.062659,nan,0.025524,3,5.0,1.0,207.99420862204914,4704.670193010345,retained,0.0,,0.0,1e-05,False,0.001,200,5,128,5,5,7,2000,0.00,0.00,0.00,1.00,0,completed,10,200,10,0.0,,128,readout,chua_orig_nint128_bs16_sig0.0_lr1e-03-1e-05_tfp0_ramp200_hLR1_m20_p10_seed10_minsym5_cand1_reducedp3_retained_sync_readout_ga0p1_v1_rseed0,5,200,parent_free_run,default
1.069271,20,10,3,10,5,0.1,True,16,0.0090,1.0693,2,models/chua_orig_nint128_bs16_sig0.0_lr1e-03-1e-05_tfp0_ramp200_hLR1_m20_p10_seed10_minsym5_cand2_reducedp3_retained_sync_readout_ga0p1_v1_rseed0.pth,0;1;2;4;5;7;8,True,0.1,1.0,1.7022369464032057,retained_preactivation,0.045256,nan,0.020915,5,5.0,1.0,231.63007221957454,3942.8926683020422,retained,0.0,,0.0,1e-05,False,0.001,200,5,128,5,5,7,2000,0.00,0.00,0.00,1.00,0,completed,10,200,10,0.0,,128,readout,chua_orig_nint128_bs16_sig0.0_lr1e-03-1e-05_tfp0_ramp200_hLR1_m20_p10_seed10_minsym5_cand2_reducedp3_retained_sync_readout_ga0p1_v1_rseed0,5,200,parent_free_run,default
1.142564,20,10,3,10,5,0.1,True,16,0.0089,1.1426,3,models/chua_orig_nint128_bs16_sig0.0_lr1e-03-1e-05_tfp0_ramp200_hLR1_m20_p10_seed10_minsym5_cand3_reducedp3_retained_sync_readout_ga0p1_v1_rseed0.pth,0;1;2;4;6;7;8,True,0.1,1.0,2.965610239094265,retained_preactivation,0.032127,nan,0.018142,4,5.0,1.0,212.19497121879886,6292.875793307858,retained,0.0,,0.0,1e-05,False,0.001,200,5,128,5,5,7,2000,0.00,0.00,0.00,1.00,0,completed,10,200,10,0.0,,128,readout,chua_orig_nint128_bs16_sig0.0_lr1e-03-1e-05_tfp0_ramp200_hLR1_m20_p10_seed10_minsym5_cand3_reducedp3_retained_sync_readout_ga0p1_v1_rseed0,5,200,parent_free_run,default
1.122938,20,10,3,10,5,0.1,True,16,0.0105,1.1229,4,models/chua_orig_nint128_bs16_sig0.0_lr1e-03-1e-05_tfp0_ramp200_hLR1_m20_p10_seed10_minsym5_cand4_reducedp3_retained_sync_readout_ga0p1_v1_rseed0.pth,0;1;2;5;6;7;8,True,0.1,1.0,3.1146365190689886,retained_preactivation,0.030846,nan,0.017885,5,5.0,1.0,199.61783250184433,6217.3699096764385,retained,0.0,,0.0,1e-05,False,0.001,200,5,128,5,5,7,2000,0.00,0.00,0.00,1.00,0,completed,10,200,10,0.0,,128,readout,chua_orig_nint128_bs16_sig0.0_lr1e-03-1e-05_tfp0_ramp200_hLR1_m20_p10_seed10_minsym5_cand4_reducedp3_retained_sync_readout_ga0p1_v1_rseed0,5,200,parent_free_run,default
1.261608,20,10,3,10,5,0.1,True,16,0.0094,1.2616,5,models/chua_orig_nint128_bs16_sig0.0_lr1e-03-1e-05_tfp0_ramp200_hLR1_m20_p10_seed10_minsym5_cand5_reducedp3_retained_sync_readout_ga0p1_v1_rseed0.pth,0;1;3;4;5;6;7,True,0.1,1.0,2.5883855372478246,retained_preactivation,0.041017,nan,0.025529,5,5.0,1.0,192.79448292543117,4990.264512653613,retained,0.0,,0.0,1e-05,False,0.001,200,5,128,5,5,7,2000,0.00,0.00,0.00,1.00,0,completed,10,200,10,0.0,,128,readout,chua_orig_nint128_bs16_sig0.0_lr1e-03-1e-05_tfp0_ramp200_hLR1_m20_p10_seed10_minsym5_cand5_reducedp3_retained_sync_readout_ga0p1_v1_rseed0,5,200,parent_free_run,default
1.245374,20,10,3,10,5,0.1,True,16,0.0090,1.2454,6,models/chua_orig_nint128_bs16_sig0.0_lr1e-03-1e-05_tfp0_ramp200_hLR1_m20_p10_seed10_minsym5_cand6_reducedp3_retained_sync_readout_ga0p1_v1_rseed0.pth,0;1;3;4;5;6;8,True,0.1,1.0,1.873252892912378,retained_preactivation,0.047322,nan,0.019466,5,5.0,1.0,220.42636020548338,4129.1431692906945,retained,0.0,,0.0,1e-05,False,0.001,200,5,128,5,5,7,2000,0.00,0.00,0.00,1.00,0,completed,10,200,10,0.0,,128,readout,chua_orig_nint128_bs16_sig0.0_lr1e-03-1e-05_tfp0_ramp200_hLR1_m20_p10_seed10_minsym5_cand6_reducedp3_retained_sync_readout_ga0p1_v1_rseed0,5,200,parent_free_run,default
1.132637,20,10,3,10,5,0.1,True,16,0.0062,1.1326,7,models/chua_orig_nint128_bs16_sig0.0_lr1e-03-1e-05_tfp0_ramp200_hLR1_m20_p10_seed10_minsym5_cand7_reducedp3_retained_sync_readout_ga0p1_v1_rseed0.pth,0;1;3;4;5;7;8,True,0.1,1.0,1.4325856540938344,retained_preactivation,0.040630,nan,0.020891,5,5.0,1.0,242.76765768964611,3477.8546368415114,retained,0.0,,0.0,1e-05,False,0.001,200,5,128,5,5,7,2000,0.00,0.00,0.00,1.00,0,completed,10,200,10,0.0,,128,readout,chua_orig_nint128_bs16_sig0.0_lr1e-03-1e-05_tfp0_ramp200_hLR1_m20_p10_seed10_minsym5_cand7_reducedp3_retained_sync_readout_ga0p1_v1_rseed0,5,200,parent_free_run,default
1.165457,20,10,3,10,5,0.1,True,16,0.0111,1.1655,8,models/chua_orig_nint128_bs16_sig0.0_lr1e-03-1e-05_tfp0_ramp200_hLR1_m20_p10_seed10_minsym5_cand8_reducedp3_retained_sync_readout_ga0p1_v1_rseed0.pth,0;1;3;4;6;7;8,True,0.1,1.0,2.448491584209685,retained_preactivation,0.027319,nan,0.017337,5,5.0,1.0,239.79601990973657,5871.385366759705,retained,0.0,,0.0,1e-05,False,0.001,200,5,128,5,5,7,2000,0.00,0.00,0.00,1.00,0,completed,10,200,10,0.0,,128,readout,chua_orig_nint128_bs16_sig0.0_lr1e-03-1e-05_tfp0_ramp200_hLR1_m20_p10_seed10_minsym5_cand8_reducedp3_retained_sync_readout_ga0p1_v1_rseed0,5,200,parent_free_run,default
1.243694,20,10,3,10,5,0.1,True,16,0.0086,1.1376,9,models/chua_orig_nint128_bs16_sig0.0_lr1e-03-1e-05_tfp0_ramp200_hLR1_m20_p10_seed10_minsym5_cand9_reducedp3_retained_sync_readout_ga0p1_v1_rseed0.pth,0;1;3;5;6;7;8,True,0.1,1.0,2.5793800299808742,retained_preactivation,0.026343,nan,0.017328,4,5.0,1.0,221.29129356774686,5707.943434372839,retained,0.0,,0.0,1e-05,False,0.001,200,5,128,5,5,7,2000,0.00,0.00,0.00,1.00,0,completed,10,200,10,0.0,,128,readout,chua_orig_nint128_bs16_sig0.0_lr1e-03-1e-05_tfp0_ramp200_hLR1_m20_p10_seed10_minsym5_cand9_reducedp3_retained_sync_readout_ga0p1_v1_rseed0,5,200,parent_free_run,default
1.470365,20,10,3,10,5,0.1,True,16,0.0084,1.4704,10,models/chua_orig_nint128_bs16_sig0.0_lr1e-03-1e-05_tfp0_ramp200_hLR1_m20_p10_seed10_minsym5_cand10_reducedp3_retained_sync_readout_ga0p1_v1_rseed0.pth,1;2;4;5;6;7;8,True,0.1,1.0,3.3025132803329194,retained_preactivation,0.049286,nan,0.023590,5,5.0,1.0,183.16041321473955,6048.896970729457,retained,0.0,,0.0,1e-05,False,0.001,200,5,128,5,5,7,2000,0.00,0.00,0.00,1.00,0,completed,10,200,10,0.0,,128,readout,chua_orig_nint128_bs16_sig0.0_lr1e-03-1e-05_tfp0_ramp200_hLR1_m20_p10_seed10_minsym5_cand10_reducedp3_retained_sync_readout_ga0p1_v1_rseed0,5,200,parent_free_run,default
1.448128,20,10,3,10,5,0.1,True,16,0.0091,1.4481,11,models/chua_orig_nint128_bs16_sig0.0_lr1e-03-1e-05_tfp0_ramp200_hLR1_m20_p10_seed10_minsym5_cand11_reducedp3_retained_sync_readout_ga0p1_v1_rseed0.pth,1;3;4;5;6;7;8,True,0.1,1.0,2.7849045359144466,retained_preactivation,0.042342,nan,0.021997,5,5.0,1.0,195.82791196853688,5453.62040299836,retained,0.0,,0.0,1e-05,False,0.001,200,5,128,5,5,7,2000,0.00,0.00,0.00,1.00,0,completed,10,200,10,0.0,,128,readout,chua_orig_nint128_bs16_sig0.0_lr1e-03-1e-05_tfp0_ramp200_hLR1_m20_p10_seed10_minsym5_cand11_reducedp3_retained_sync_readout_ga0p1_v1_rseed0,5,200,parent_free_run,default
1.337951,20,10,3,10,5,0.1,True,16,0.0113,1.3380,0,models/chua_orig_nint128_bs16_sig0.0_lr1e-03-1e-05_tfp0_ramp200_hLR1_m20_p10_seed11_minsym5_cand0_reducedp3_retained_sync_readout_ga0p1_v1_rseed0.pth,0;1;3;4;5;6;9,True,0.1,1.0,2.975685650813034,retained_preactivation,0.043151,nan,0.023897,5,5.0,1.0,6396.8294172777505,190349.53507692105,retained,0.0,,0.0,1e-05,False,0.001,200,5,128,5,5,7,2000,0.00,0.00,0.00,1.00,0,completed,11,200,11,0.0,,128,readout,chua_orig_nint128_bs16_sig0.0_lr1e-03-1e-05_tfp0_ramp200_hLR1_m20_p10_seed11_minsym5_cand0_reducedp3_retained_sync_readout_ga0p1_v1_rseed0,5,200,parent_free_run,default
1.054747,20,10,3,10,5,0.1,True,16,0.0058,1.0547,1,models/chua_orig_nint128_bs16_sig0.0_lr1e-03-1e-05_tfp0_ramp200_hLR1_m20_p10_seed11_minsym5_cand1_reducedp3_retained_sync_readout_ga0p1_v1_rseed0.pth,0;1;3;5;6;7;9,True,0.1,1.0,2.359580744208634,retained_preactivation,0.051674,nan,0.036041,5,5.0,1.0,3508.6272611681766,82788.89324057908,retained,0.0,,0.0,1e-05,False,0.001,200,5,128,5,5,7,2000,0.00,0.00,0.00,1.00,0,completed,11,200,11,0.0,,128,readout,chua_orig_nint128_bs16_sig0.0_lr1e-03-1e-05_tfp0_ramp200_hLR1_m20_p10_seed11_minsym5_cand1_reducedp3_retained_sync_readout_ga0p1_v1_rseed0,5,200,parent_free_run,default
1.334552,20,10,3,10,5,0.1,True,16,0.0113,1.2101,2,models/chua_orig_nint128_bs16_sig0.0_lr1e-03-1e-05_tfp0_ramp200_hLR1_m20_p10_seed11_minsym5_cand2_reducedp3_retained_sync_readout_ga0p1_v1_rseed0.pth,0;1;4;5;6;7;9,True,0.1,1.0,2.6468218913217907,retained_preactivation,0.072605,nan,0.038601,4,5.0,1.0,32.533530324850226,861.1046026579755,retained,0.0,,0.0,1e-05,False,0.001,200,5,128,5,5,7,2000,0.00,0.00,0.00,1.00,0,completed,11,200,11,0.0,,128,readout,chua_orig_nint128_bs16_sig0.0_lr1e-03-1e-05_tfp0_ramp200_hLR1_m20_p10_seed11_minsym5_cand2_reducedp3_retained_sync_readout_ga0p1_v1_rseed0,5,200,parent_free_run,default
2.273232,20,10,3,10,5,0.1,True,16,0.0083,2.2732,3,models/chua_orig_nint128_bs16_sig0.0_lr1e-03-1e-05_tfp0_ramp200_hLR1_m20_p10_seed11_minsym5_cand3_reducedp3_retained_sync_readout_ga0p1_v1_rseed0.pth,0;3;4;5;6;8;9,True,0.1,1.0,44.024057321460496,retained_preactivation,0.265631,nan,0.058245,4,5.0,1.0,9.052888587864455,3985.448861169843,retained,0.0,,0.0,1e-05,False,0.001,200,5,128,5,5,7,2000,0.00,0.00,0.00,1.00,0,completed,11,200,11,0.0,,128,readout,chua_orig_nint128_bs16_sig0.0_lr1e-03-1e-05_tfp0_ramp200_hLR1_m20_p10_seed11_minsym5_cand3_reducedp3_retained_sync_readout_ga0p1_v1_rseed0,5,200,parent_free_run,default
1.233603,20,10,3,10,5,0.1,True,16,0.0053,1.0785,4,models/chua_orig_nint128_bs16_sig0.0_lr1e-03-1e-05_tfp0_ramp200_hLR1_m20_p10_seed11_minsym5_cand4_reducedp3_retained_sync_readout_ga0p1_v1_rseed0.pth,0;3;5;6;7;8;9,True,0.1,1.0,8.423162784917453,retained_preactivation,0.092769,nan,0.038930,5,5.0,1.0,37.86746528638504,3189.6382435944047,retained,0.0,,0.0,1e-05,False,0.001,200,5,128,5,5,7,2000,0.00,0.00,0.00,1.00,0,completed,11,200,11,0.0,,128,readout,chua_orig_nint128_bs16_sig0.0_lr1e-03-1e-05_tfp0_ramp200_hLR1_m20_p10_seed11_minsym5_cand4_reducedp3_retained_sync_readout_ga0p1_v1_rseed0,5,200,parent_free_run,default
1.325634,20,10,3,10,5,0.1,True,16,0.0081,1.3256,5,models/chua_orig_nint128_bs16_sig0.0_lr1e-03-1e-05_tfp0_ramp200_hLR1_m20_p10_seed11_minsym5_cand5_reducedp3_retained_sync_readout_ga0p1_v1_rseed0.pth,0;4;5;6;7;8;9,True,0.1,1.0,2.1478421980026026,retained_preactivation,0.060186,nan,0.033431,5,5.0,1.0,154.52539130387984,3318.9615610533965,retained,0.0,,0.0,1e-05,False,0.001,200,5,128,5,5,7,2000,0.00,0.00,0.00,1.00,0,completed,11,200,11,0.0,,128,readout,chua_orig_nint128_bs16_sig0.0_lr1e-03-1e-05_tfp0_ramp200_hLR1_m20_p10_seed11_minsym5_cand5_reducedp3_retained_sync_readout_ga0p1_v1_rseed0,5,200,parent_free_run,default
1.204951,20,10,3,10,5,0.1,True,16,0.0079,1.2050,6,models/chua_orig_nint128_bs16_sig0.0_lr1e-03-1e-05_tfp0_ramp200_hLR1_m20_p10_seed11_minsym5_cand6_reducedp3_retained_sync_readout_ga0p1_v1_rseed0.pth,1;3;4;5;6;7;9,True,0.1,1.0,1.0089876969875866,retained_preactivation,0.029195,nan,0.020583,5,5.0,1.0,6060.697840389339,61151.69556112079,retained,0.0,,0.0,1e-05,False,0.001,200,5,128,5,5,7,2000,0.00,0.00,0.00,1.00,0,completed,11,200,11,0.0,,128,readout,chua_orig_nint128_bs16_sig0.0_lr1e-03-1e-05_tfp0_ramp200_hLR1_m20_p10_seed11_minsym5_cand6_reducedp3_retained_sync_readout_ga0p1_v1_rseed0,5,200,parent_free_run,default
1.913551,20,10,3,10,5,0.1,True,16,0.0084,1.7811,7,models/chua_orig_nint128_bs16_sig0.0_lr1e-03-1e-05_tfp0_ramp200_hLR1_m20_p10_seed11_minsym5_cand7_reducedp3_retained_sync_readout_ga0p1_v1_rseed0.pth,3;4;5;6;7;8;9,True,0.1,1.0,21.413881862023025,retained_preactivation,0.149355,nan,0.037155,3,5.0,1.0,19.180125928789572,4107.2095073784585,retained,0.0,,0.0,1e-05,False,0.001,200,5,128,5,5,7,2000,0.00,0.00,0.00,1.00,0,completed,11,200,11,0.0,,128,readout,chua_orig_nint128_bs16_sig0.0_lr1e-03-1e-05_tfp0_ramp200_hLR1_m20_p10_seed11_minsym5_cand7_reducedp3_retained_sync_readout_ga0p1_v1_rseed0,5,200,parent_free_run,default
1.209192,20,10,3,10,5,0.1,True,16,0.0116,1.2092,0,models/chua_orig_nint128_bs16_sig0.0_lr1e-03-1e-05_tfp0_ramp200_hLR1_m20_p10_seed13_minsym5_cand0_reducedp3_retained_sync_readout_ga0p1_v1_rseed0.pth,0;1;2;3;5;7;8,True,0.1,1.0,2.2782797524620957,retained_preactivation,0.025812,nan,0.013783,5,5.0,1.0,179270.87032616313,4084291.9407035536,retained,0.0,,0.0,1e-05,False,0.001,200,5,128,5,5,7,2000,0.00,0.00,0.00,1.00,0,completed,13,200,13,0.0,,128,readout,chua_orig_nint128_bs16_sig0.0_lr1e-03-1e-05_tfp0_ramp200_hLR1_m20_p10_seed13_minsym5_cand0_reducedp3_retained_sync_readout_ga0p1_v1_rseed0,5,200,parent_free_run,default
2.077076,20,10,3,10,5,0.1,True,16,0.0185,2.0771,1,models/chua_orig_nint128_bs16_sig0.0_lr1e-03-1e-05_tfp0_ramp200_hLR1_m20_p10_seed13_minsym5_cand1_reducedp3_retained_sync_readout_ga0p1_v1_rseed0.pth,0;1;2;5;7;8;9,True,0.1,1.0,22.13599645151618,retained_preactivation,0.232401,nan,0.066442,5,5.0,1.0,24789.171098485727,5487330.034721076,retained,0.0,,0.0,1e-05,False,0.001,200,5,128,5,5,7,2000,0.00,0.00,0.00,1.00,0,completed,13,200,13,0.0,,128,readout,chua_orig_nint128_bs16_sig0.0_lr1e-03-1e-05_tfp0_ramp200_hLR1_m20_p10_seed13_minsym5_cand1_reducedp3_retained_sync_readout_ga0p1_v1_rseed0,5,200,parent_free_run,default
1.259645,20,10,3,10,5,0.1,True,16,0.0087,1.2596,2,models/chua_orig_nint128_bs16_sig0.0_lr1e-03-1e-05_tfp0_ramp200_hLR1_m20_p10_seed13_minsym5_cand2_reducedp3_retained_sync_readout_ga0p1_v1_rseed0.pth,0;1;3;5;7;8;9,True,0.1,1.0,5.047797007919448,retained_preactivation,0.032145,nan,0.013267,5,5.0,1.0,72431.04181564697,3656171.961575112,retained,0.0,,0.0,1e-05,False,0.001,200,5,128,5,5,7,2000,0.00,0.00,0.00,1.00,0,completed,13,200,13,0.0,,128,readout,chua_orig_nint128_bs16_sig0.0_lr1e-03-1e-05_tfp0_ramp200_hLR1_m20_p10_seed13_minsym5_cand2_reducedp3_retained_sync_readout_ga0p1_v1_rseed0,5,200,parent_free_run,default
1.181123,20,10,3,10,5,0.1,True,16,0.0034,1.1811,3,models/chua_orig_nint128_bs16_sig0.0_lr1e-03-1e-05_tfp0_ramp200_hLR1_m20_p10_seed13_minsym5_cand3_reducedp3_retained_sync_readout_ga0p1_v1_rseed0.pth,0;2;3;5;6;7;8,True,0.1,1.0,0.9084749101289172,retained_preactivation,0.022767,nan,0.017346,5,5.0,1.0,3123373.2666692273,28375062.47736389,retained,0.0,,0.0,1e-05,False,0.001,200,5,128,5,5,7,2000,0.00,0.00,0.00,1.00,0,completed,13,200,13,0.0,,128,readout,chua_orig_nint128_bs16_sig0.0_lr1e-03-1e-05_tfp0_ramp200_hLR1_m20_p10_seed13_minsym5_cand3_reducedp3_retained_sync_readout_ga0p1_v1_rseed0,5,200,parent_free_run,default
1.566441,20,10,3,10,5,0.1,True,16,0.0087,1.5664,4,models/chua_orig_nint128_bs16_sig0.0_lr1e-03-1e-05_tfp0_ramp200_hLR1_m20_p10_seed13_minsym5_cand4_reducedp3_retained_sync_readout_ga0p1_v1_rseed0.pth,0;2;5;6;7;8;9,True,0.1,1.0,22.24423569887974,retained_preactivation,0.211187,nan,0.024029,5,5.0,1.0,19768.482491076546,4397347.83940684,retained,0.0,,0.0,1e-05,False,0.001,200,5,128,5,5,7,2000,0.00,0.00,0.00,1.00,0,completed,13,200,13,0.0,,128,readout,chua_orig_nint128_bs16_sig0.0_lr1e-03-1e-05_tfp0_ramp200_hLR1_m20_p10_seed13_minsym5_cand4_reducedp3_retained_sync_readout_ga0p1_v1_rseed0,5,200,parent_free_run,default
1.199605,20,10,3,10,5,0.1,True,16,0.0150,1.1996,5,models/chua_orig_nint128_bs16_sig0.0_lr1e-03-1e-05_tfp0_ramp200_hLR1_m20_p10_seed13_minsym5_cand5_reducedp3_retained_sync_readout_ga0p1_v1_rseed0.pth,0;3;5;6;7;8;9,True,0.1,1.0,5.071550209942137,retained_preactivation,0.029422,nan,0.017027,5,5.0,1.0,41316.5155567359,2095387.8314584151,retained,0.0,,0.0,1e-05,False,0.001,200,5,128,5,5,7,2000,0.00,0.00,0.00,1.00,0,completed,13,200,13,0.0,,128,readout,chua_orig_nint128_bs16_sig0.0_lr1e-03-1e-05_tfp0_ramp200_hLR1_m20_p10_seed13_minsym5_cand5_reducedp3_retained_sync_readout_ga0p1_v1_rseed0,5,200,parent_free_run,default
1.419299,20,10,3,10,5,0.1,True,16,0.0103,1.4193,6,models/chua_orig_nint128_bs16_sig0.0_lr1e-03-1e-05_tfp0_ramp200_hLR1_m20_p10_seed13_minsym5_cand6_reducedp3_retained_sync_readout_ga0p1_v1_rseed0.pth,1;2;3;5;7;8;9,True,0.1,1.0,2.7082308383701497,retained_preactivation,0.020830,nan,0.010076,5,5.0,1.0,12.302087263235336,333.16892102617277,retained,0.0,,0.0,1e-05,False,0.001,200,5,128,5,5,7,2000,0.00,0.00,0.00,1.00,0,completed,13,200,13,0.0,,128,readout,chua_orig_nint128_bs16_sig0.0_lr1e-03-1e-05_tfp0_ramp200_hLR1_m20_p10_seed13_minsym5_cand6_reducedp3_retained_sync_readout_ga0p1_v1_rseed0,5,200,parent_free_run,default
1.248558,20,10,3,10,5,0.1,True,16,0.0114,1.2486,7,models/chua_orig_nint128_bs16_sig0.0_lr1e-03-1e-05_tfp0_ramp200_hLR1_m20_p10_seed13_minsym5_cand7_reducedp3_retained_sync_readout_ga0p1_v1_rseed0.pth,2;3;5;6;7;8;9,True,0.1,1.0,2.5863892167475115,retained_preactivation,0.028193,nan,0.016495,3,5.0,1.0,12.092310837075875,312.75422354574704,retained,0.0,,0.0,1e-05,False,0.001,200,5,128,5,5,7,2000,0.00,0.00,0.00,1.00,0,completed,13,200,13,0.0,,128,readout,chua_orig_nint128_bs16_sig0.0_lr1e-03-1e-05_tfp0_ramp200_hLR1_m20_p10_seed13_minsym5_cand7_reducedp3_retained_sync_readout_ga0p1_v1_rseed0,5,200,parent_free_run,default
2.434202,20,10,3,10,3,0.1,True,16,0.0093,2.4342,0,models/chua_orig_nint128_bs16_sig0.0_lr1e-03-1e-05_tfp0_ramp200_hLR1_m20_p10_seed14_minsym5_cand0_reducedp3_retained_sync_readout_ga0p1_v1_rseed0.pth,0;1;2;5;6;7;8,True,0.1,1.0,4.00303038312554,retained_preactivation,0.500278,nan,0.356720,1,5.0,1.0,141.30387577429676,5656.437079779108,retained,0.0,,0.0,1e-05,False,0.001,200,5,128,4,5,7,2000,0.00,0.00,0.00,1.00,0,completed,14,200,14,0.0,,128,readout,chua_orig_nint128_bs16_sig0.0_lr1e-03-1e-05_tfp0_ramp200_hLR1_m20_p10_seed14_minsym5_cand0_reducedp3_retained_sync_readout_ga0p1_v1_rseed0,5,200,parent_free_run,default
1.238193,20,10,3,10,5,0.1,True,16,0.0069,1.2382,1,models/chua_orig_nint128_bs16_sig0.0_lr1e-03-1e-05_tfp0_ramp200_hLR1_m20_p10_seed14_minsym5_cand1_reducedp3_retained_sync_readout_ga0p1_v1_rseed0.pth,0;1;2;5;6;7;9,True,0.1,1.0,5.507283515572771,retained_preactivation,0.032204,nan,0.010122,4,5.0,1.0,108.17260865366728,5957.372244748518,retained,0.0,,0.0,1e-05,False,0.001,200,5,128,5,5,7,2000,0.00,0.00,0.00,1.00,0,completed,14,200,14,0.0,,128,readout,chua_orig_nint128_bs16_sig0.0_lr1e-03-1e-05_tfp0_ramp200_hLR1_m20_p10_seed14_minsym5_cand1_reducedp3_retained_sync_readout_ga0p1_v1_rseed0,5,200,parent_free_run,default
1.278434,20,10,3,10,5,0.1,True,16,0.0111,1.2784,2,models/chua_orig_nint128_bs16_sig0.0_lr1e-03-1e-05_tfp0_ramp200_hLR1_m20_p10_seed14_minsym5_cand2_reducedp3_retained_sync_readout_ga0p1_v1_rseed0.pth,0;1;2;5;6;8;9,True,0.1,1.0,6.199611286618343,retained_preactivation,0.029921,nan,0.009369,5,5.0,1.0,91.67399163774779,5683.431132467429,retained,0.0,,0.0,1e-05,False,0.001,200,5,128,5,5,7,2000,0.00,0.00,0.00,1.00,0,completed,14,200,14,0.0,,128,readout,chua_orig_nint128_bs16_sig0.0_lr1e-03-1e-05_tfp0_ramp200_hLR1_m20_p10_seed14_minsym5_cand2_reducedp3_retained_sync_readout_ga0p1_v1_rseed0,5,200,parent_free_run,default
2.337353,20,10,3,10,3,0.1,True,16,0.0072,2.3374,3,models/chua_orig_nint128_bs16_sig0.0_lr1e-03-1e-05_tfp0_ramp200_hLR1_m20_p10_seed14_minsym5_cand3_reducedp3_retained_sync_readout_ga0p1_v1_rseed0.pth,0;1;5;6;7;8;9,True,0.1,1.0,3.124611123501359,retained_preactivation,0.485501,nan,0.367336,3,5.0,1.0,160.70969807595327,5021.553102626716,retained,0.0,,0.0,1e-05,False,0.001,200,5,128,6,5,7,2000,0.00,0.00,0.00,1.00,0,completed,14,200,14,0.0,,128,readout,chua_orig_nint128_bs16_sig0.0_lr1e-03-1e-05_tfp0_ramp200_hLR1_m20_p10_seed14_minsym5_cand3_reducedp3_retained_sync_readout_ga0p1_v1_rseed0,5,200,parent_free_run,default
4.768783,20,10,3,10,4,0.1,True,16,0.0092,2.7687,4,models/chua_orig_nint128_bs16_sig0.0_lr1e-03-1e-05_tfp0_ramp200_hLR1_m20_p10_seed14_minsym5_cand4_reducedp3_retained_sync_readout_ga0p1_v1_rseed0.pth,0;2;5;6;7;8;9,True,0.1,1.0,3.27378140261442,retained_preactivation,0.538899,nan,0.391315,3,5.0,1.0,156.90477688327104,5136.719405418209,retained,0.0,,0.0,1e-05,False,0.001,200,5,128,6,5,7,2000,0.00,0.00,0.00,1.00,0,completed,14,200,14,0.0,,128,readout,chua_orig_nint128_bs16_sig0.0_lr1e-03-1e-05_tfp0_ramp200_hLR1_m20_p10_seed14_minsym5_cand4_reducedp3_retained_sync_readout_ga0p1_v1_rseed0,5,200,parent_free_run,default
1.284846,20,10,3,10,5,0.1,True,16,0.0053,1.2848,0,models/chua_orig_nint128_bs16_sig0.0_lr1e-03-1e-05_tfp0_ramp200_hLR1_m20_p10_seed15_minsym5_cand0_reducedp3_retained_sync_readout_ga0p1_v1_rseed0.pth,0;2;3;5;6;7;8,True,0.1,1.0,3.346110340986075,retained_preactivation,0.044023,nan,0.029354,5,5.0,1.0,126.23685983695151,4224.024621140365,retained,0.0,,0.0,1e-05,False,0.001,200,5,128,5,5,7,2000,0.00,0.00,0.00,1.00,0,completed,15,200,15,0.0,,128,readout,chua_orig_nint128_bs16_sig0.0_lr1e-03-1e-05_tfp0_ramp200_hLR1_m20_p10_seed15_minsym5_cand0_reducedp3_retained_sync_readout_ga0p1_v1_rseed0,5,200,parent_free_run,default
1.319106,20,10,3,10,5,0.1,True,16,0.0076,1.2307,1,models/chua_orig_nint128_bs16_sig0.0_lr1e-03-1e-05_tfp0_ramp200_hLR1_m20_p10_seed15_minsym5_cand1_reducedp3_retained_sync_readout_ga0p1_v1_rseed0.pth,0;2;3;5;6;7;9,True,0.1,1.0,4.191086413612236,retained_preactivation,0.044769,nan,0.015864,5,5.0,1.0,459.46273835270944,19256.480402711186,retained,0.0,,0.0,1e-05,False,0.001,200,5,128,5,5,7,2000,0.00,0.00,0.00,1.00,0,completed,15,200,15,0.0,,128,readout,chua_orig_nint128_bs16_sig0.0_lr1e-03-1e-05_tfp0_ramp200_hLR1_m20_p10_seed15_minsym5_cand1_reducedp3_retained_sync_readout_ga0p1_v1_rseed0,5,200,parent_free_run,default
1.220783,20,10,3,10,5,0.1,True,16,0.0075,1.2208,2,models/chua_orig_nint128_bs16_sig0.0_lr1e-03-1e-05_tfp0_ramp200_hLR1_m20_p10_seed15_minsym5_cand2_reducedp3_retained_sync_readout_ga0p1_v1_rseed0.pth,0;2;3;5;6;8;9,True,0.1,1.0,1.7737761889499082,retained_preactivation,0.068527,nan,0.041197,5,5.0,1.0,2572.922290184475,45637.8829434769,retained,0.0,,0.0,1e-05,False,0.001,200,5,128,5,5,7,2000,0.00,0.00,0.00,1.00,0,completed,15,200,15,0.0,,128,readout,chua_orig_nint128_bs16_sig0.0_lr1e-03-1e-05_tfp0_ramp200_hLR1_m20_p10_seed15_minsym5_cand2_reducedp3_retained_sync_readout_ga0p1_v1_rseed0,5,200,parent_free_run,default
1.250899,20,10,3,10,5,0.1,True,16,0.0055,1.2509,3,models/chua_orig_nint128_bs16_sig0.0_lr1e-03-1e-05_tfp0_ramp200_hLR1_m20_p10_seed15_minsym5_cand3_reducedp3_retained_sync_readout_ga0p1_v1_rseed0.pth,0;2;3;5;7;8;9,True,0.1,1.0,4.469636964710673,retained_preactivation,1389487711733271232512.000000,nan,16091769387408687104.000000,5,5.0,1.0,431.76276354541625,19298.228079282304,retained,0.0,,0.0,1e-05,False,0.001,200,5,128,5,5,7,2000,0.00,0.00,0.00,1.00,0,completed,15,200,15,0.0,,128,readout,chua_orig_nint128_bs16_sig0.0_lr1e-03-1e-05_tfp0_ramp200_hLR1_m20_p10_seed15_minsym5_cand3_reducedp3_retained_sync_readout_ga0p1_v1_rseed0,5,200,parent_free_run,default
1.226528,20,10,3,10,5,0.1,True,16,0.0115,1.2265,4,models/chua_orig_nint128_bs16_sig0.0_lr1e-03-1e-05_tfp0_ramp200_hLR1_m20_p10_seed15_minsym5_cand4_reducedp3_retained_sync_readout_ga0p1_v1_rseed0.pth,0;2;5;6;7;8;9,True,0.1,1.0,3.3150908254303673,retained_preactivation,0.043109,nan,0.028341,5,5.0,1.0,68.41508265840399,2268.022128419386,retained,0.0,,0.0,1e-05,False,0.001,200,5,128,5,5,7,2000,0.00,0.00,0.00,1.00,0,completed,15,200,15,0.0,,128,readout,chua_orig_nint128_bs16_sig0.0_lr1e-03-1e-05_tfp0_ramp200_hLR1_m20_p10_seed15_minsym5_cand4_reducedp3_retained_sync_readout_ga0p1_v1_rseed0,5,200,parent_free_run,default
1.409344,20,10,3,10,5,0.1,True,16,0.0117,1.4093,5,models/chua_orig_nint128_bs16_sig0.0_lr1e-03-1e-05_tfp0_ramp200_hLR1_m20_p10_seed15_minsym5_cand5_reducedp3_retained_sync_readout_ga0p1_v1_rseed0.pth,0;3;5;6;7;8;9,True,0.1,1.0,5.153996447817291,retained_preactivation,0.081021,nan,0.039031,4,5.0,1.0,317.73448449408,16376.024044315518,retained,0.0,,0.0,1e-05,False,0.001,200,5,128,5,5,7,2000,0.00,0.00,0.00,1.00,0,completed,15,200,15,0.0,,128,readout,chua_orig_nint128_bs16_sig0.0_lr1e-03-1e-05_tfp0_ramp200_hLR1_m20_p10_seed15_minsym5_cand5_reducedp3_retained_sync_readout_ga0p1_v1_rseed0,5,200,parent_free_run,default
1.265123,20,10,3,10,5,0.1,True,16,0.0082,1.2651,6,models/chua_orig_nint128_bs16_sig0.0_lr1e-03-1e-05_tfp0_ramp200_hLR1_m20_p10_seed15_minsym5_cand6_reducedp3_retained_sync_readout_ga0p1_v1_rseed0.pth,2;3;5;6;7;8;9,True,0.1,1.0,6.250721194390788,retained_preactivation,0.072313,nan,0.040829,5,5.0,1.0,288.34927476977276,18023.90923190638,retained,0.0,,0.0,1e-05,False,0.001,200,5,128,5,5,7,2000,0.00,0.00,0.00,1.00,0,completed,15,200,15,0.0,,128,readout,chua_orig_nint128_bs16_sig0.0_lr1e-03-1e-05_tfp0_ramp200_hLR1_m20_p10_seed15_minsym5_cand6_reducedp3_retained_sync_readout_ga0p1_v1_rseed0,5,200,parent_free_run,default
1.221620,20,10,3,10,5,0.1,True,16,0.0138,1.2216,0,models/chua_orig_nint128_bs16_sig0.0_lr1e-03-1e-05_tfp0_ramp200_hLR1_m20_p10_seed16_minsym5_cand0_reducedp3_retained_sync_readout_ga0p1_v1_rseed0.pth,0;1;2;3;4;5;8,True,0.1,1.0,1.966664612139841,retained_preactivation,0.050681,nan,0.021863,5,5.0,1.0,192.02797844802703,3776.5462975448877,retained,0.0,,0.0,1e-05,False,0.001,200,5,128,5,5,7,2000,0.00,0.00,0.00,1.00,0,completed,16,200,16,0.0,,128,readout,chua_orig_nint128_bs16_sig0.0_lr1e-03-1e-05_tfp0_ramp200_hLR1_m20_p10_seed16_minsym5_cand0_reducedp3_retained_sync_readout_ga0p1_v1_rseed0,5,200,parent_free_run,default
1.255507,20,10,3,10,5,0.1,True,16,0.0166,1.2555,1,models/chua_orig_nint128_bs16_sig0.0_lr1e-03-1e-05_tfp0_ramp200_hLR1_m20_p10_seed16_minsym5_cand1_reducedp3_retained_sync_readout_ga0p1_v1_rseed0.pth,0;1;2;3;4;7;8,True,0.1,1.0,1.4410805873930719,retained_preactivation,0.029117,nan,0.012884,5,5.0,1.0,146.30828707959117,2108.4203228513284,retained,0.0,,0.0,1e-05,False,0.001,200,5,128,5,5,7,2000,0.00,0.00,0.00,1.00,0,completed,16,200,16,0.0,,128,readout,chua_orig_nint128_bs16_sig0.0_lr1e-03-1e-05_tfp0_ramp200_hLR1_m20_p10_seed16_minsym5_cand1_reducedp3_retained_sync_readout_ga0p1_v1_rseed0,5,200,parent_free_run,default
2.089897,20,10,3,10,5,0.1,True,16,0.0152,1.9085,0,models/chua_orig_nint128_bs16_sig0.0_lr1e-03-1e-05_tfp0_ramp200_hLR1_m20_p10_seed17_minsym5_cand0_reducedp3_retained_sync_readout_ga0p1_v1_rseed0.pth,0;1;2;3;4;6;8,True,0.1,1.0,18.136621090023556,retained_preactivation,0.217151,nan,0.046842,4,5.0,1.0,15.558615724479601,2821.8071808018703,retained,0.0,,0.0,1e-05,False,0.001,200,5,128,5,5,7,2000,0.00,0.00,0.00,1.00,0,completed,17,200,17,0.0,,128,readout,chua_orig_nint128_bs16_sig0.0_lr1e-03-1e-05_tfp0_ramp200_hLR1_m20_p10_seed17_minsym5_cand0_reducedp3_retained_sync_readout_ga0p1_v1_rseed0,5,200,parent_free_run,default
1.352408,20,10,3,10,5,0.1,True,16,0.0170,1.2970,1,models/chua_orig_nint128_bs16_sig0.0_lr1e-03-1e-05_tfp0_ramp200_hLR1_m20_p10_seed17_minsym5_cand1_reducedp3_retained_sync_readout_ga0p1_v1_rseed0.pth,0;1;2;3;4;8;9,True,0.1,1.0,3.106373369099728,retained_preactivation,0.052317,nan,0.023436,3,5.0,1.0,100.2758461984268,3114.942181947363,retained,0.0,,0.0,1e-05,False,0.001,200,5,128,5,5,7,2000,0.00,0.00,0.00,1.00,0,completed,17,200,17,0.0,,128,readout,chua_orig_nint128_bs16_sig0.0_lr1e-03-1e-05_tfp0_ramp200_hLR1_m20_p10_seed17_minsym5_cand1_reducedp3_retained_sync_readout_ga0p1_v1_rseed0,5,200,parent_free_run,default
1.068698,20,10,3,10,5,0.1,True,16,0.0075,1.0687,2,models/chua_orig_nint128_bs16_sig0.0_lr1e-03-1e-05_tfp0_ramp200_hLR1_m20_p10_seed17_minsym5_cand2_reducedp3_retained_sync_readout_ga0p1_v1_rseed0.pth,0;2;3;4;6;7;8,True,0.1,1.0,5.319665578735791,retained_preactivation,0.051050,nan,0.017582,5,5.0,1.0,53.20899537983267,2830.5406120121293,retained,0.0,,0.0,1e-05,False,0.001,200,5,128,5,5,7,2000,0.00,0.00,0.00,1.00,0,completed,17,200,17,0.0,,128,readout,chua_orig_nint128_bs16_sig0.0_lr1e-03-1e-05_tfp0_ramp200_hLR1_m20_p10_seed17_minsym5_cand2_reducedp3_retained_sync_readout_ga0p1_v1_rseed0,5,200,parent_free_run,default
1.114138,20,10,3,10,5,0.1,True,16,0.0092,1.1141,3,models/chua_orig_nint128_bs16_sig0.0_lr1e-03-1e-05_tfp0_ramp200_hLR1_m20_p10_seed17_minsym5_cand3_reducedp3_retained_sync_readout_ga0p1_v1_rseed0.pth,0;2;3;4;7;8;9,True,0.1,1.0,1.0367164465306116,retained_preactivation,0.013778,nan,0.009428,5,5.0,1.0,376.05922800637404,3898.667865438142,retained,0.0,,0.0,1e-05,False,0.001,200,5,128,5,5,7,2000,0.00,0.00,0.00,1.00,0,completed,17,200,17,0.0,,128,readout,chua_orig_nint128_bs16_sig0.0_lr1e-03-1e-05_tfp0_ramp200_hLR1_m20_p10_seed17_minsym5_cand3_reducedp3_retained_sync_readout_ga0p1_v1_rseed0,5,200,parent_free_run,default
3.177670,20,10,3,10,3,0.1,True,16,0.0184,3.1777,4,models/chua_orig_nint128_bs16_sig0.0_lr1e-03-1e-05_tfp0_ramp200_hLR1_m20_p10_seed17_minsym5_cand4_reducedp3_retained_sync_readout_ga0p1_v1_rseed0.pth,1;2;3;5;7;8;9,True,0.1,1.0,2.933967966925481,retained_preactivation,0.376806,nan,0.216338,3,5.0,1.0,102.78004766162867,3015.533674782956,retained,0.0,,0.0,1e-05,False,0.001,200,5,128,6,5,7,2000,0.00,0.00,0.00,1.00,0,completed,17,200,17,0.0,,128,readout,chua_orig_nint128_bs16_sig0.0_lr1e-03-1e-05_tfp0_ramp200_hLR1_m20_p10_seed17_minsym5_cand4_reducedp3_retained_sync_readout_ga0p1_v1_rseed0,5,200,parent_free_run,default
2.882769,20,10,3,10,3,0.1,True,16,0.0141,2.8828,5,models/chua_orig_nint128_bs16_sig0.0_lr1e-03-1e-05_tfp0_ramp200_hLR1_m20_p10_seed17_minsym5_cand5_reducedp3_retained_sync_readout_ga0p1_v1_rseed0.pth,1;2;4;5;7;8;9,True,0.1,1.0,3.0004935136514708,retained_preactivation,0.393433,nan,0.274354,1,5.0,1.0,61.52896075157969,1846.1724763683376,retained,0.0,,0.0,1e-05,False,0.001,200,5,128,5,5,7,2000,0.00,0.00,0.00,1.00,0,completed,17,200,17,0.0,,128,readout,chua_orig_nint128_bs16_sig0.0_lr1e-03-1e-05_tfp0_ramp200_hLR1_m20_p10_seed17_minsym5_cand5_reducedp3_retained_sync_readout_ga0p1_v1_rseed0,5,200,parent_free_run,default
1.317964,20,10,3,10,5,0.1,True,16,0.0103,1.3180,0,models/chua_orig_nint128_bs16_sig0.0_lr1e-03-1e-05_tfp0_ramp200_hLR1_m20_p10_seed18_minsym5_cand0_reducedp3_retained_sync_readout_ga0p1_v1_rseed0.pth,0;1;2;3;4;5;7,True,0.1,1.0,0.5563598534427431,retained_preactivation,0.032797,nan,0.027098,4,5.0,1.0,111588739.82970604,620834949.3751564,retained,0.0,,0.0,1e-05,False,0.001,200,5,128,5,5,7,2000,0.00,0.00,0.00,1.00,0,completed,18,200,18,0.0,,128,readout,chua_orig_nint128_bs16_sig0.0_lr1e-03-1e-05_tfp0_ramp200_hLR1_m20_p10_seed18_minsym5_cand0_reducedp3_retained_sync_readout_ga0p1_v1_rseed0,5,200,parent_free_run,default
1.136480,20,10,3,10,5,0.1,True,16,0.0073,1.1365,1,models/chua_orig_nint128_bs16_sig0.0_lr1e-03-1e-05_tfp0_ramp200_hLR1_m20_p10_seed18_minsym5_cand1_reducedp3_retained_sync_readout_ga0p1_v1_rseed0.pth,0;1;2;3;4;5;9,True,0.1,1.0,1.3725372246386425,retained_preactivation,0.034185,nan,0.021294,5,5.0,1.0,83876771.07255171,1151239905.795709,retained,0.0,,0.0,1e-05,False,0.001,200,5,128,5,5,7,2000,0.00,0.00,0.00,1.00,0,completed,18,200,18,0.0,,128,readout,chua_orig_nint128_bs16_sig0.0_lr1e-03-1e-05_tfp0_ramp200_hLR1_m20_p10_seed18_minsym5_cand1_reducedp3_retained_sync_readout_ga0p1_v1_rseed0,5,200,parent_free_run,default
1.354521,20,10,3,10,5,0.1,True,16,0.0112,1.3545,2,models/chua_orig_nint128_bs16_sig0.0_lr1e-03-1e-05_tfp0_ramp200_hLR1_m20_p10_seed18_minsym5_cand2_reducedp3_retained_sync_readout_ga0p1_v1_rseed0.pth,0;1;2;3;4;6;7,True,0.1,1.0,1.8767455765663996,retained_preactivation,0.040456,nan,0.023864,3,5.0,1.0,176701.42436890543,3316236.165573254,retained,0.0,,0.0,1e-05,False,0.001,200,5,128,5,5,7,2000,0.00,0.00,0.00,1.00,0,completed,18,200,18,0.0,,128,readout,chua_orig_nint128_bs16_sig0.0_lr1e-03-1e-05_tfp0_ramp200_hLR1_m20_p10_seed18_minsym5_cand2_reducedp3_retained_sync_readout_ga0p1_v1_rseed0,5,200,parent_free_run,default
1.410758,20,10,3,10,5,0.1,True,16,0.0103,1.4108,3,models/chua_orig_nint128_bs16_sig0.0_lr1e-03-1e-05_tfp0_ramp200_hLR1_m20_p10_seed18_minsym5_cand3_reducedp3_retained_sync_readout_ga0p1_v1_rseed0.pth,0;1;2;3;4;6;9,True,0.1,1.0,13.700636461668621,retained_preactivation,0.111239,nan,0.022162,5,5.0,1.0,8628.093767600118,1182103.7606707797,retained,0.0,,0.0,1e-05,False,0.001,200,5,128,5,5,7,2000,0.00,0.00,0.00,1.00,0,completed,18,200,18,0.0,,128,readout,chua_orig_nint128_bs16_sig0.0_lr1e-03-1e-05_tfp0_ramp200_hLR1_m20_p10_seed18_minsym5_cand3_reducedp3_retained_sync_readout_ga0p1_v1_rseed0,5,200,parent_free_run,default
1.686007,20,10,3,10,5,0.1,True,16,0.0085,1.6860,4,models/chua_orig_nint128_bs16_sig0.0_lr1e-03-1e-05_tfp0_ramp200_hLR1_m20_p10_seed18_minsym5_cand4_reducedp3_retained_sync_readout_ga0p1_v1_rseed0.pth,0;1;3;4;5;7;9,True,0.1,1.0,26.008311090933827,retained_preactivation,0.188347,nan,0.046586,5,5.0,1.0,44561.649962439675,11589732.549484307,retained,0.0,,0.0,1e-05,False,0.001,200,5,128,5,5,7,2000,0.00,0.00,0.00,1.00,0,completed,18,200,18,0.0,,128,readout,chua_orig_nint128_bs16_sig0.0_lr1e-03-1e-05_tfp0_ramp200_hLR1_m20_p10_seed18_minsym5_cand4_reducedp3_retained_sync_readout_ga0p1_v1_rseed0,5,200,parent_free_run,default
1.767069,20,10,3,10,5,0.1,True,16,0.0140,1.7671,5,models/chua_orig_nint128_bs16_sig0.0_lr1e-03-1e-05_tfp0_ramp200_hLR1_m20_p10_seed18_minsym5_cand5_reducedp3_retained_sync_readout_ga0p1_v1_rseed0.pth,0;1;3;4;6;7;9,True,0.1,1.0,26.02203482988748,retained_preactivation,0.206839,nan,0.035333,5,5.0,1.0,3691.5109436211887,960606.263498214,retained,0.0,,0.0,1e-05,False,0.001,200,5,128,5,5,7,2000,0.00,0.00,0.00,1.00,0,completed,18,200,18,0.0,,128,readout,chua_orig_nint128_bs16_sig0.0_lr1e-03-1e-05_tfp0_ramp200_hLR1_m20_p10_seed18_minsym5_cand5_reducedp3_retained_sync_readout_ga0p1_v1_rseed0,5,200,parent_free_run,default
1.064007,20,10,3,10,5,0.1,True,16,0.0091,1.0525,6,models/chua_orig_nint128_bs16_sig0.0_lr1e-03-1e-05_tfp0_ramp200_hLR1_m20_p10_seed18_minsym5_cand6_reducedp3_retained_sync_readout_ga0p1_v1_rseed0.pth,1;2;3;4;5;7;9,True,0.1,1.0,1.1349408305257382,retained_preactivation,0.028859,nan,0.022492,4,5.0,1.0,12072.603856459467,137016.9104745834,retained,0.0,,0.0,1e-05,False,0.001,200,5,128,5,5,7,2000,0.00,0.00,0.00,1.00,0,completed,18,200,18,0.0,,128,readout,chua_orig_nint128_bs16_sig0.0_lr1e-03-1e-05_tfp0_ramp200_hLR1_m20_p10_seed18_minsym5_cand6_reducedp3_retained_sync_readout_ga0p1_v1_rseed0,5,200,parent_free_run,default
1.066967,20,10,3,10,5,0.1,True,16,0.0177,1.0670,7,models/chua_orig_nint128_bs16_sig0.0_lr1e-03-1e-05_tfp0_ramp200_hLR1_m20_p10_seed18_minsym5_cand7_reducedp3_retained_sync_readout_ga0p1_v1_rseed0.pth,1;2;3;4;6;7;9,True,0.1,1.0,1.986247975367671,retained_preactivation,0.032450,nan,0.020674,5,5.0,1.0,10059.675556243104,199810.10206443517,retained,0.0,,0.0,1e-05,False,0.001,200,5,128,5,5,7,2000,0.00,0.00,0.00,1.00,0,completed,18,200,18,0.0,,128,readout,chua_orig_nint128_bs16_sig0.0_lr1e-03-1e-05_tfp0_ramp200_hLR1_m20_p10_seed18_minsym5_cand7_reducedp3_retained_sync_readout_ga0p1_v1_rseed0,5,200,parent_free_run,default
1.190942,20,10,3,10,5,0.1,True,16,0.0102,1.1909,0,models/chua_orig_nint128_bs16_sig0.0_lr1e-03-1e-05_tfp0_ramp200_hLR1_m20_p10_seed20_minsym5_cand0_reducedp3_retained_sync_readout_ga0p1_v1_rseed0.pth,0;1;2;3;5;7;8,True,0.1,1.0,18.526514961534193,retained_preactivation,0.023300,nan,0.008104,5,5.0,1.0,1309874.7294974432,242674137.73769933,retained,0.0,,0.0,1e-05,False,0.001,200,5,128,5,5,7,2000,0.00,0.00,0.00,1.00,0,completed,20,200,20,0.0,,128,readout,chua_orig_nint128_bs16_sig0.0_lr1e-03-1e-05_tfp0_ramp200_hLR1_m20_p10_seed20_minsym5_cand0_reducedp3_retained_sync_readout_ga0p1_v1_rseed0,5,200,parent_free_run,default
1.306807,20,10,3,10,5,0.1,True,16,0.0089,1.2153,1,models/chua_orig_nint128_bs16_sig0.0_lr1e-03-1e-05_tfp0_ramp200_hLR1_m20_p10_seed20_minsym5_cand1_reducedp3_retained_sync_readout_ga0p1_v1_rseed0.pth,0;1;3;4;5;7;8,True,0.1,1.0,3.216166481146773,retained_preactivation,0.018013,nan,0.008136,3,5.0,1.0,3089.6887548040336,99369.53410376844,retained,0.0,,0.0,1e-05,False,0.001,200,5,128,5,5,7,2000,0.00,0.00,0.00,1.00,0,completed,20,200,20,0.0,,128,readout,chua_orig_nint128_bs16_sig0.0_lr1e-03-1e-05_tfp0_ramp200_hLR1_m20_p10_seed20_minsym5_cand1_reducedp3_retained_sync_readout_ga0p1_v1_rseed0,5,200,parent_free_run,default
1.137076,20,10,3,10,5,0.1,True,16,0.0065,1.1371,2,models/chua_orig_nint128_bs16_sig0.0_lr1e-03-1e-05_tfp0_ramp200_hLR1_m20_p10_seed20_minsym5_cand2_reducedp3_retained_sync_readout_ga0p1_v1_rseed0.pth,1;2;3;4;5;7;8,True,0.1,1.0,4.181059403342729,retained_preactivation,0.014791,nan,0.006971,5,5.0,1.0,1632500.8789804678,68255831.51026556,retained,0.0,,0.0,1e-05,False,0.001,200,5,128,5,5,7,2000,0.00,0.00,0.00,1.00,0,completed,20,200,20,0.0,,128,readout,chua_orig_nint128_bs16_sig0.0_lr1e-03-1e-05_tfp0_ramp200_hLR1_m20_p10_seed20_minsym5_cand2_reducedp3_retained_sync_readout_ga0p1_v1_rseed0,5,200,parent_free_run,default
1.217442,20,10,3,10,5,0.1,True,16,0.0112,1.2174,0,models/chua_orig_nint128_bs16_sig0.0_lr1e-03-1e-05_tfp0_ramp200_hLR1_m20_p10_seed21_minsym5_cand0_reducedp3_retained_sync_readout_ga0p1_v1_rseed0.pth,0;1;3;4;5;6;8,True,0.1,1.0,1.1874650878620603,retained_preactivation,0.051223,nan,0.024448,5,5.0,1.0,45626.439221135806,541798.0365855898,retained,0.0,,0.0,1e-05,False,0.001,200,5,128,5,5,7,2000,0.00,0.00,0.00,1.00,0,completed,21,200,21,0.0,,128,readout,chua_orig_nint128_bs16_sig0.0_lr1e-03-1e-05_tfp0_ramp200_hLR1_m20_p10_seed21_minsym5_cand0_reducedp3_retained_sync_readout_ga0p1_v1_rseed0,5,200,parent_free_run,default
1.210680,20,10,3,10,5,0.1,True,16,0.0075,1.2107,1,models/chua_orig_nint128_bs16_sig0.0_lr1e-03-1e-05_tfp0_ramp200_hLR1_m20_p10_seed21_minsym5_cand1_reducedp3_retained_sync_readout_ga0p1_v1_rseed0.pth,0;1;3;4;5;8;9,True,0.1,1.0,0.7768208689489037,retained_preactivation,0.040046,nan,0.026840,3,5.0,1.0,24096.21461194683,187184.42373231807,retained,0.0,,0.0,1e-05,False,0.001,200,5,128,5,5,7,2000,0.00,0.00,0.00,1.00,0,completed,21,200,21,0.0,,128,readout,chua_orig_nint128_bs16_sig0.0_lr1e-03-1e-05_tfp0_ramp200_hLR1_m20_p10_seed21_minsym5_cand1_reducedp3_retained_sync_readout_ga0p1_v1_rseed0,5,200,parent_free_run,default
1.294939,20,10,3,10,5,0.1,True,16,0.0058,1.2949,2,models/chua_orig_nint128_bs16_sig0.0_lr1e-03-1e-05_tfp0_ramp200_hLR1_m20_p10_seed21_minsym5_cand2_reducedp3_retained_sync_readout_ga0p1_v1_rseed0.pth,0;1;3;4;6;8;9,True,0.1,1.0,1.5995092354008618,retained_preactivation,0.050554,nan,0.027793,5,5.0,1.0,2614.433582447879,41818.10660467544,retained,0.0,,0.0,1e-05,False,0.001,200,5,128,5,5,7,2000,0.00,0.00,0.00,1.00,0,completed,21,200,21,0.0,,128,readout,chua_orig_nint128_bs16_sig0.0_lr1e-03-1e-05_tfp0_ramp200_hLR1_m20_p10_seed21_minsym5_cand2_reducedp3_retained_sync_readout_ga0p1_v1_rseed0,5,200,parent_free_run,default
1.130182,20,10,3,10,5,0.1,True,16,0.0100,1.1302,3,models/chua_orig_nint128_bs16_sig0.0_lr1e-03-1e-05_tfp0_ramp200_hLR1_m20_p10_seed21_minsym5_cand3_reducedp3_retained_sync_readout_ga0p1_v1_rseed0.pth,0;3;4;5;6;8;9,True,0.1,1.0,0.8287310038849657,retained_preactivation,0.041454,nan,0.024896,5,5.0,1.0,23768.088758880047,196973.52057573627,retained,0.0,,0.0,1e-05,False,0.001,200,5,128,5,5,7,2000,0.00,0.00,0.00,1.00,0,completed,21,200,21,0.0,,128,readout,chua_orig_nint128_bs16_sig0.0_lr1e-03-1e-05_tfp0_ramp200_hLR1_m20_p10_seed21_minsym5_cand3_reducedp3_retained_sync_readout_ga0p1_v1_rseed0,5,200,parent_free_run,default
12.645539,20,10,3,10,4,0.1,True,16,0.0147,5.5511,0,models/chua_orig_nint128_bs16_sig0.0_lr1e-03-1e-05_tfp0_ramp200_hLR1_m20_p10_seed22_minsym5_cand0_reducedp3_retained_sync_readout_ga0p1_v1_rseed0.pth,0;2;3;4;5;7;8,True,0.1,1.0,1.1909915617632032,retained_preactivation,0.303928,nan,0.200063,2,5.0,1.0,229.2457662376573,2730.2977315899084,retained,0.0,,0.0,1e-05,False,0.001,200,5,128,6,5,7,2000,0.00,0.00,0.00,1.00,0,completed,22,200,22,0.0,,128,readout,chua_orig_nint128_bs16_sig0.0_lr1e-03-1e-05_tfp0_ramp200_hLR1_m20_p10_seed22_minsym5_cand0_reducedp3_retained_sync_readout_ga0p1_v1_rseed0,5,200,parent_free_run,default
1.383828,20,10,3,10,5,0.1,True,16,0.0110,1.3072,1,models/chua_orig_nint128_bs16_sig0.0_lr1e-03-1e-05_tfp0_ramp200_hLR1_m20_p10_seed22_minsym5_cand1_reducedp3_retained_sync_readout_ga0p1_v1_rseed0.pth,0;2;3;4;5;8;9,True,0.1,1.0,1.2649442360633831,retained_preactivation,0.028594,nan,0.017046,4,5.0,1.0,391.9015865183822,4957.3365297052405,retained,0.0,,0.0,1e-05,False,0.001,200,5,128,5,5,7,2000,0.00,0.00,0.00,1.00,0,completed,22,200,22,0.0,,128,readout,chua_orig_nint128_bs16_sig0.0_lr1e-03-1e-05_tfp0_ramp200_hLR1_m20_p10_seed22_minsym5_cand1_reducedp3_retained_sync_readout_ga0p1_v1_rseed0,5,200,parent_free_run,default
1.084871,20,10,3,10,5,0.1,True,16,0.0131,1.0849,2,models/chua_orig_nint128_bs16_sig0.0_lr1e-03-1e-05_tfp0_ramp200_hLR1_m20_p10_seed22_minsym5_cand2_reducedp3_retained_sync_readout_ga0p1_v1_rseed0.pth,0;2;3;4;7;8;9,True,0.1,1.0,1.2661251857185936,retained_preactivation,0.018827,nan,0.013942,5,5.0,1.0,207.50816310773814,2627.3131155291044,retained,0.0,,0.0,1e-05,False,0.001,200,5,128,5,5,7,2000,0.00,0.00,0.00,1.00,0,completed,22,200,22,0.0,,128,readout,chua_orig_nint128_bs16_sig0.0_lr1e-03-1e-05_tfp0_ramp200_hLR1_m20_p10_seed22_minsym5_cand2_reducedp3_retained_sync_readout_ga0p1_v1_rseed0,5,200,parent_free_run,default
1.132803,20,10,3,10,5,0.1,True,16,0.0082,1.1328,3,models/chua_orig_nint128_bs16_sig0.0_lr1e-03-1e-05_tfp0_ramp200_hLR1_m20_p10_seed22_minsym5_cand3_reducedp3_retained_sync_readout_ga0p1_v1_rseed0.pth,0;2;3;5;7;8;9,True,0.1,1.0,1.299862467692212,retained_preactivation,0.025492,nan,0.016313,5,5.0,1.0,436.90182376969,5679.1228278449835,retained,0.0,,0.0,1e-05,False,0.001,200,5,128,5,5,7,2000,0.00,0.00,0.00,1.00,0,completed,22,200,22,0.0,,128,readout,chua_orig_nint128_bs16_sig0.0_lr1e-03-1e-05_tfp0_ramp200_hLR1_m20_p10_seed22_minsym5_cand3_reducedp3_retained_sync_readout_ga0p1_v1_rseed0,5,200,parent_free_run,default
1.120665,20,10,3,10,5,0.1,True,16,0.0127,1.1207,4,models/chua_orig_nint128_bs16_sig0.0_lr1e-03-1e-05_tfp0_ramp200_hLR1_m20_p10_seed22_minsym5_cand4_reducedp3_retained_sync_readout_ga0p1_v1_rseed0.pth,0;2;4;5;7;8;9,True,0.1,1.0,1.0531783749415327,retained_preactivation,0.020820,nan,0.011582,5,5.0,1.0,192.9167822862887,2031.7578326722405,retained,0.0,,0.0,1e-05,False,0.001,200,5,128,5,5,7,2000,0.00,0.00,0.00,1.00,0,completed,22,200,22,0.0,,128,readout,chua_orig_nint128_bs16_sig0.0_lr1e-03-1e-05_tfp0_ramp200_hLR1_m20_p10_seed22_minsym5_cand4_reducedp3_retained_sync_readout_ga0p1_v1_rseed0,5,200,parent_free_run,default
1.119013,20,10,4,10,5,0.1,True,16,0.0099,1.1190,5,models/chua_orig_nint128_bs16_sig0.0_lr1e-03-1e-05_tfp0_ramp200_hLR1_m20_p10_seed22_minsym5_cand5_reducedp4_retained_sync_readout_ga0p1_v1_rseed0.pth,1;2;3;4;5;7,True,0.1,1.0,2.932957981657143,retained_preactivation,0.028208,nan,0.014480,5,5.0,1.0,113.50947027146499,3329.1850682637037,retained,0.0,,0.0,1e-05,False,0.001,200,5,128,5,5,6,2000,0.00,0.00,0.00,1.00,0,completed,22,200,22,0.0,,128,readout,chua_orig_nint128_bs16_sig0.0_lr1e-03-1e-05_tfp0_ramp200_hLR1_m20_p10_seed22_minsym5_cand5_reducedp4_retained_sync_readout_ga0p1_v1_rseed0,5,200,parent_free_run,default
1.065702,20,10,4,10,5,0.1,True,16,0.0121,1.0657,6,models/chua_orig_nint128_bs16_sig0.0_lr1e-03-1e-05_tfp0_ramp200_hLR1_m20_p10_seed22_minsym5_cand6_reducedp4_retained_sync_readout_ga0p1_v1_rseed0.pth,1;2;3;4;7;9,True,0.1,1.0,2.9117655012884054,retained_preactivation,0.031669,nan,0.015615,4,5.0,1.0,114.184896605431,3324.7964270388043,retained,0.0,,0.0,1e-05,False,0.001,200,5,128,5,5,6,2000,0.00,0.00,0.00,1.00,0,completed,22,200,22,0.0,,128,readout,chua_orig_nint128_bs16_sig0.0_lr1e-03-1e-05_tfp0_ramp200_hLR1_m20_p10_seed22_minsym5_cand6_reducedp4_retained_sync_readout_ga0p1_v1_rseed0,5,200,parent_free_run,default
1.077083,20,10,4,10,5,0.1,True,16,0.0077,1.0771,7,models/chua_orig_nint128_bs16_sig0.0_lr1e-03-1e-05_tfp0_ramp200_hLR1_m20_p10_seed22_minsym5_cand7_reducedp4_retained_sync_readout_ga0p1_v1_rseed0.pth,1;2;3;5;7;9,True,0.1,1.0,2.670666331991525,retained_preactivation,0.033951,nan,0.017810,4,5.0,1.0,112.7907251535518,3012.263922285031,retained,0.0,,0.0,1e-05,False,0.001,200,5,128,5,5,6,2000,0.00,0.00,0.00,1.00,0,completed,22,200,22,0.0,,128,readout,chua_orig_nint128_bs16_sig0.0_lr1e-03-1e-05_tfp0_ramp200_hLR1_m20_p10_seed22_minsym5_cand7_reducedp4_retained_sync_readout_ga0p1_v1_rseed0,5,200,parent_free_run,default
,,,,,,,,,,,0,,,,,,,,,,,,,,,,retained,,,,,,,,,,,,,,,,,,,missing_or_failed,,,23,,,,readout,,,,,
2.996057,20,10,3,10,5,0.1,True,16,0.0092,1.1765,1,models/chua_orig_nint128_bs16_sig0.0_lr1e-03-1e-05_tfp0_ramp200_hLR1_m20_p10_seed23_minsym5_cand1_reducedp3_retained_sync_readout_ga0p1_v1_rseed0.pth,0;1;3;5;6;7;9,True,0.1,1.0,0.5009629361214132,retained_preactivation,0.014117,nan,0.009479,4,5.0,1.0,101.88574836057367,510.4098364764094,retained,0.0,,0.0,1e-05,False,0.001,200,5,128,5,5,7,2000,0.00,0.00,0.00,1.00,0,completed,23,200,23,0.0,,128,readout,chua_orig_nint128_bs16_sig0.0_lr1e-03-1e-05_tfp0_ramp200_hLR1_m20_p10_seed23_minsym5_cand1_reducedp3_retained_sync_readout_ga0p1_v1_rseed0,5,200,parent_free_run,default
1.397502,20,10,3,10,5,0.1,True,16,0.0135,1.2802,2,models/chua_orig_nint128_bs16_sig0.0_lr1e-03-1e-05_tfp0_ramp200_hLR1_m20_p10_seed23_minsym5_cand2_reducedp3_retained_sync_readout_ga0p1_v1_rseed0.pth,0;1;4;5;6;7;9,True,0.1,1.0,1.5981392545336437,retained_preactivation,0.044911,nan,0.017742,3,5.0,1.0,1557.8834267955915,24897.14658349426,retained,0.0,,0.0,1e-05,False,0.001,200,5,128,5,5,7,2000,0.00,0.00,0.00,1.00,0,completed,23,200,23,0.0,,128,readout,chua_orig_nint128_bs16_sig0.0_lr1e-03-1e-05_tfp0_ramp200_hLR1_m20_p10_seed23_minsym5_cand2_reducedp3_retained_sync_readout_ga0p1_v1_rseed0,5,200,parent_free_run,default
1.280882,20,10,3,10,5,0.1,True,16,0.0122,1.2809,0,models/chua_orig_nint128_bs16_sig0.0_lr1e-03-1e-05_tfp0_ramp200_hLR1_m20_p10_seed24_minsym5_cand0_reducedp3_retained_sync_readout_ga0p1_v1_rseed0.pth,0;1;2;3;5;6;9,True,0.1,1.0,6.204251898470671,retained_preactivation,295867068522168320.000000,nan,2202231596122112.000000,5,5.0,1.0,59.95309305873693,3719.640914288636,retained,0.0,,0.0,1e-05,False,0.001,200,5,128,5,5,7,2000,0.00,0.00,0.00,1.00,0,completed,24,200,24,0.0,,128,readout,chua_orig_nint128_bs16_sig0.0_lr1e-03-1e-05_tfp0_ramp200_hLR1_m20_p10_seed24_minsym5_cand0_reducedp3_retained_sync_readout_ga0p1_v1_rseed0,5,200,parent_free_run,default
1.169592,20,10,3,10,5,0.1,True,16,0.0088,1.1696,1,models/chua_orig_nint128_bs16_sig0.0_lr1e-03-1e-05_tfp0_ramp200_hLR1_m20_p10_seed24_minsym5_cand1_reducedp3_retained_sync_readout_ga0p1_v1_rseed0.pth,0;1;2;3;5;8;9,True,0.1,1.0,4.729546968065536,retained_preactivation,79.615005,nan,0.693676,5,5.0,1.0,49.20911193455634,2327.3680615128324,retained,0.0,,0.0,1e-05,False,0.001,200,5,128,5,5,7,2000,0.00,0.00,0.00,1.00,0,completed,24,200,24,0.0,,128,readout,chua_orig_nint128_bs16_sig0.0_lr1e-03-1e-05_tfp0_ramp200_hLR1_m20_p10_seed24_minsym5_cand1_reducedp3_retained_sync_readout_ga0p1_v1_rseed0,5,200,parent_free_run,default
1.195059,20,10,3,10,5,0.1,True,16,0.0097,1.1951,2,models/chua_orig_nint128_bs16_sig0.0_lr1e-03-1e-05_tfp0_ramp200_hLR1_m20_p10_seed24_minsym5_cand2_reducedp3_retained_sync_readout_ga0p1_v1_rseed0.pth,0;1;2;3;6;7;9,True,0.1,1.0,1.8153424509562346,retained_preactivation,229572908553489874944.000000,nan,8129175448287444992.000000,3,5.0,1.0,451.36124272642957,8193.752246376504,retained,0.0,,0.0,1e-05,False,0.001,200,5,128,5,5,7,2000,0.00,0.00,0.00,1.00,0,completed,24,200,24,0.0,,128,readout,chua_orig_nint128_bs16_sig0.0_lr1e-03-1e-05_tfp0_ramp200_hLR1_m20_p10_seed24_minsym5_cand2_reducedp3_retained_sync_readout_ga0p1_v1_rseed0,5,200,parent_free_run,default
1.218320,20,10,3,10,5,0.1,True,16,0.0151,1.2183,3,models/chua_orig_nint128_bs16_sig0.0_lr1e-03-1e-05_tfp0_ramp200_hLR1_m20_p10_seed24_minsym5_cand3_reducedp3_retained_sync_readout_ga0p1_v1_rseed0.pth,0;1;2;3;7;8;9,True,0.1,1.0,2.1797638726292026,retained_preactivation,0.061559,nan,0.038840,3,5.0,1.0,163.50025253976338,3563.919436519294,retained,0.0,,0.0,1e-05,False,0.001,200,5,128,5,5,7,2000,0.00,0.00,0.00,1.00,0,completed,24,200,24,0.0,,128,readout,chua_orig_nint128_bs16_sig0.0_lr1e-03-1e-05_tfp0_ramp200_hLR1_m20_p10_seed24_minsym5_cand3_reducedp3_retained_sync_readout_ga0p1_v1_rseed0,5,200,parent_free_run,default
1.302619,20,10,3,10,5,0.1,True,16,0.0112,1.2304,4,models/chua_orig_nint128_bs16_sig0.0_lr1e-03-1e-05_tfp0_ramp200_hLR1_m20_p10_seed24_minsym5_cand4_reducedp3_retained_sync_readout_ga0p1_v1_rseed0.pth,0;1;2;5;6;7;9,True,0.1,1.0,4.433634618897627,retained_preactivation,0.036316,nan,0.018871,4,5.0,1.0,236.34290514215814,10478.580861691147,retained,0.0,,0.0,1e-05,False,0.001,200,5,128,6,5,7,2000,0.00,0.00,0.00,1.00,0,completed,24,200,24,0.0,,128,readout,chua_orig_nint128_bs16_sig0.0_lr1e-03-1e-05_tfp0_ramp200_hLR1_m20_p10_seed24_minsym5_cand4_reducedp3_retained_sync_readout_ga0p1_v1_rseed0,5,200,parent_free_run,default
1.179155,20,10,3,10,5,0.1,True,16,0.0130,1.1792,5,models/chua_orig_nint128_bs16_sig0.0_lr1e-03-1e-05_tfp0_ramp200_hLR1_m20_p10_seed24_minsym5_cand5_reducedp3_retained_sync_readout_ga0p1_v1_rseed0.pth,0;1;2;5;7;8;9,True,0.1,1.0,5.916282968887182,retained_preactivation,0.042650,nan,0.022069,5,5.0,1.0,64.58089123774558,3820.7882694543546,retained,0.0,,0.0,1e-05,False,0.001,200,5,128,5,5,7,2000,0.00,0.00,0.00,1.00,0,completed,24,200,24,0.0,,128,readout,chua_orig_nint128_bs16_sig0.0_lr1e-03-1e-05_tfp0_ramp200_hLR1_m20_p10_seed24_minsym5_cand5_reducedp3_retained_sync_readout_ga0p1_v1_rseed0,5,200,parent_free_run,default
2.081734,20,10,3,10,5,0.1,True,16,0.0066,2.0817,6,models/chua_orig_nint128_bs16_sig0.0_lr1e-03-1e-05_tfp0_ramp200_hLR1_m20_p10_seed24_minsym5_cand6_reducedp3_retained_sync_readout_ga0p1_v1_rseed0.pth,0;2;3;5;6;7;9,True,0.1,1.0,6.401285561371792,retained_preactivation,0.132908,nan,0.058438,5,5.0,1.0,185.30865241908418,11862.136011275541,retained,0.0,,0.0,1e-05,False,0.001,200,5,128,5,5,7,2000,0.00,0.00,0.00,1.00,0,completed,24,200,24,0.0,,128,readout,chua_orig_nint128_bs16_sig0.0_lr1e-03-1e-05_tfp0_ramp200_hLR1_m20_p10_seed24_minsym5_cand6_reducedp3_retained_sync_readout_ga0p1_v1_rseed0,5,200,parent_free_run,default
2.033767,20,10,3,10,5,0.1,True,16,0.0114,2.0338,7,models/chua_orig_nint128_bs16_sig0.0_lr1e-03-1e-05_tfp0_ramp200_hLR1_m20_p10_seed24_minsym5_cand7_reducedp3_retained_sync_readout_ga0p1_v1_rseed0.pth,0;2;3;5;7;8;9,True,0.1,1.0,8.958746239096051,retained_preactivation,0.127573,nan,0.046364,5,5.0,1.0,45.17906500677581,4047.4777871533774,retained,0.0,,0.0,1e-05,False,0.001,200,5,128,5,5,7,2000,0.00,0.00,0.00,1.00,0,completed,24,200,24,0.0,,128,readout,chua_orig_nint128_bs16_sig0.0_lr1e-03-1e-05_tfp0_ramp200_hLR1_m20_p10_seed24_minsym5_cand7_reducedp3_retained_sync_readout_ga0p1_v1_rseed0,5,200,parent_free_run,default
1.771244,20,10,3,10,5,0.1,True,16,0.0079,1.7712,0,models/chua_orig_nint128_bs16_sig0.0_lr1e-03-1e-05_tfp0_ramp200_hLR1_m20_p10_seed25_minsym5_cand0_reducedp3_retained_sync_readout_ga0p1_v1_rseed0.pth,0;1;2;3;4;5;8,True,0.1,1.0,2.064950629154937,retained_preactivation,0.127548,nan,0.089095,5,5.0,1.0,1526.5455396639725,31522.411725627848,retained,0.0,,0.0,1e-05,False,0.001,200,5,128,5,5,7,2000,0.00,0.00,0.00,1.00,0,completed,25,200,25,0.0,,128,readout,chua_orig_nint128_bs16_sig0.0_lr1e-03-1e-05_tfp0_ramp200_hLR1_m20_p10_seed25_minsym5_cand0_reducedp3_retained_sync_readout_ga0p1_v1_rseed0,5,200,parent_free_run,default
1.209782,20,10,3,10,5,0.1,True,16,0.0080,1.2098,1,models/chua_orig_nint128_bs16_sig0.0_lr1e-03-1e-05_tfp0_ramp200_hLR1_m20_p10_seed25_minsym5_cand1_reducedp3_retained_sync_readout_ga0p1_v1_rseed0.pth,0;1;2;3;4;8;9,True,0.1,1.0,0.8342083933169252,retained_preactivation,0.022952,nan,0.017624,5,5.0,1.0,3289414.4645343795,27440571.554126784,retained,0.0,,0.0,1e-05,False,0.001,200,5,128,5,5,7,2000,0.00,0.00,0.00,1.00,0,completed,25,200,25,0.0,,128,readout,chua_orig_nint128_bs16_sig0.0_lr1e-03-1e-05_tfp0_ramp200_hLR1_m20_p10_seed25_minsym5_cand1_reducedp3_retained_sync_readout_ga0p1_v1_rseed0,5,200,parent_free_run,default
1.223248,20,10,3,10,5,0.1,True,16,0.0085,1.2000,2,models/chua_orig_nint128_bs16_sig0.0_lr1e-03-1e-05_tfp0_ramp200_hLR1_m20_p10_seed25_minsym5_cand2_reducedp3_retained_sync_readout_ga0p1_v1_rseed0.pth,0;1;2;4;5;7;8,True,0.1,1.0,1.4628885849669055,retained_preactivation,0.025355,nan,0.014107,3,5.0,1.0,7528.36633174821,110131.61170163633,retained,0.0,,0.0,1e-05,False,0.001,200,5,128,5,5,7,2000,0.00,0.00,0.00,1.00,0,completed,25,200,25,0.0,,128,readout,chua_orig_nint128_bs16_sig0.0_lr1e-03-1e-05_tfp0_ramp200_hLR1_m20_p10_seed25_minsym5_cand2_reducedp3_retained_sync_readout_ga0p1_v1_rseed0,5,200,parent_free_run,default
1.088864,20,10,3,10,5,0.1,True,16,0.0083,1.0889,3,models/chua_orig_nint128_bs16_sig0.0_lr1e-03-1e-05_tfp0_ramp200_hLR1_m20_p10_seed25_minsym5_cand3_reducedp3_retained_sync_readout_ga0p1_v1_rseed0.pth,0;1;2;4;7;8;9,True,0.1,1.0,1.4598634639416064,retained_preactivation,0.022119,nan,0.011885,5,5.0,1.0,171050.48455938383,2497103.528977523,retained,0.0,,0.0,1e-05,False,0.001,200,5,128,5,5,7,2000,0.00,0.00,0.00,1.00,0,completed,25,200,25,0.0,,128,readout,chua_orig_nint128_bs16_sig0.0_lr1e-03-1e-05_tfp0_ramp200_hLR1_m20_p10_seed25_minsym5_cand3_reducedp3_retained_sync_readout_ga0p1_v1_rseed0,5,200,parent_free_run,default
2.739731,20,10,3,10,3,0.1,True,16,0.0155,2.7397,4,models/chua_orig_nint128_bs16_sig0.0_lr1e-03-1e-05_tfp0_ramp200_hLR1_m20_p10_seed25_minsym5_cand4_reducedp3_retained_sync_readout_ga0p1_v1_rseed0.pth,0;2;3;4;5;8;9,True,0.1,1.0,0.8700203614455595,retained_preactivation,0.321685,nan,0.286537,2,5.0,1.0,20774.690599380778,180744.0382419293,retained,0.0,,0.0,1e-05,False,0.001,200,5,128,5,5,7,2000,0.00,0.00,0.00,1.00,0,completed,25,200,25,0.0,,128,readout,chua_orig_nint128_bs16_sig0.0_lr1e-03-1e-05_tfp0_ramp200_hLR1_m20_p10_seed25_minsym5_cand4_reducedp3_retained_sync_readout_ga0p1_v1_rseed0,5,200,parent_free_run,default
1.194844,20,10,3,10,5,0.1,True,16,0.0174,1.1948,5,models/chua_orig_nint128_bs16_sig0.0_lr1e-03-1e-05_tfp0_ramp200_hLR1_m20_p10_seed25_minsym5_cand5_reducedp3_retained_sync_readout_ga0p1_v1_rseed0.pth,0;2;4;5;7;8;9,True,0.1,1.0,1.3700979370526796,retained_preactivation,0.023680,nan,0.011720,5,5.0,1.0,15908.62653169657,217963.76392418993,retained,0.0,,0.0,1e-05,False,0.001,200,5,128,5,5,7,2000,0.00,0.00,0.00,1.00,0,completed,25,200,25,0.0,,128,readout,chua_orig_nint128_bs16_sig0.0_lr1e-03-1e-05_tfp0_ramp200_hLR1_m20_p10_seed25_minsym5_cand5_reducedp3_retained_sync_readout_ga0p1_v1_rseed0,5,200,parent_free_run,default
1.223398,20,10,3,10,5,0.1,True,16,0.0186,1.0820,6,models/chua_orig_nint128_bs16_sig0.0_lr1e-03-1e-05_tfp0_ramp200_hLR1_m20_p10_seed25_minsym5_cand6_reducedp3_retained_sync_readout_ga0p1_v1_rseed0.pth,1;2;3;4;5;7;8,True,0.1,1.0,1.8663838670905226,retained_preactivation,0.022933,nan,0.013432,4,5.0,1.0,965.5240385124093,18020.38488767651,retained,0.0,,0.0,1e-05,False,0.001,200,5,128,5,5,7,2000,0.00,0.00,0.00,1.00,0,completed,25,200,25,0.0,,128,readout,chua_orig_nint128_bs16_sig0.0_lr1e-03-1e-05_tfp0_ramp200_hLR1_m20_p10_seed25_minsym5_cand6_reducedp3_retained_sync_readout_ga0p1_v1_rseed0,5,200,parent_free_run,default
1.156820,20,10,3,10,5,0.1,True,16,0.0049,1.1568,7,models/chua_orig_nint128_bs16_sig0.0_lr1e-03-1e-05_tfp0_ramp200_hLR1_m20_p10_seed25_minsym5_cand7_reducedp3_retained_sync_readout_ga0p1_v1_rseed0.pth,1;2;3;4;7;8;9,True,0.1,1.0,1.9341277158381311,retained_preactivation,0.025120,nan,0.016488,5,5.0,1.0,1771.7122042717956,34267.1767877075,retained,0.0,,0.0,1e-05,False,0.001,200,5,128,5,5,7,2000,0.00,0.00,0.00,1.00,0,completed,25,200,25,0.0,,128,readout,chua_orig_nint128_bs16_sig0.0_lr1e-03-1e-05_tfp0_ramp200_hLR1_m20_p10_seed25_minsym5_cand7_reducedp3_retained_sync_readout_ga0p1_v1_rseed0,5,200,parent_free_run,default
1.176743,20,10,3,10,5,0.1,True,16,0.0207,1.1767,8,models/chua_orig_nint128_bs16_sig0.0_lr1e-03-1e-05_tfp0_ramp200_hLR1_m20_p10_seed25_minsym5_cand8_reducedp3_retained_sync_readout_ga0p1_v1_rseed0.pth,2;3;4;5;7;8;9,True,0.1,1.0,2.1678539916115382,retained_preactivation,0.026884,nan,0.013541,5,5.0,1.0,767.9929694807596,16648.966244184652,retained,0.0,,0.0,1e-05,False,0.001,200,5,128,5,5,7,2000,0.00,0.00,0.00,1.00,0,completed,25,200,25,0.0,,128,readout,chua_orig_nint128_bs16_sig0.0_lr1e-03-1e-05_tfp0_ramp200_hLR1_m20_p10_seed25_minsym5_cand8_reducedp3_retained_sync_readout_ga0p1_v1_rseed0,5,200,parent_free_run,default
1.075564,20,10,3,10,5,0.1,True,16,0.0089,1.0756,0,models/chua_orig_nint128_bs16_sig0.0_lr1e-03-1e-05_tfp0_ramp200_hLR1_m20_p10_seed26_minsym5_cand0_reducedp3_retained_sync_readout_ga0p1_v1_rseed0.pth,0;1;2;4;5;7;9,True,0.1,1.0,1.6926613366433088,retained_preactivation,0.021421,nan,0.012724,5,5.0,1.0,2135786.0144499494,36151624.100029364,retained,0.0,,0.0,1e-05,False,0.001,200,5,128,5,5,7,2000,0.00,0.00,0.00,1.00,0,completed,26,200,26,0.0,,128,readout,chua_orig_nint128_bs16_sig0.0_lr1e-03-1e-05_tfp0_ramp200_hLR1_m20_p10_seed26_minsym5_cand0_reducedp3_retained_sync_readout_ga0p1_v1_rseed0,5,200,parent_free_run,default
1.086752,20,10,3,10,5,0.1,True,16,0.0093,1.0868,1,models/chua_orig_nint128_bs16_sig0.0_lr1e-03-1e-05_tfp0_ramp200_hLR1_m20_p10_seed26_minsym5_cand1_reducedp3_retained_sync_readout_ga0p1_v1_rseed0.pth,0;1;2;4;7;8;9,True,0.1,1.0,3.2591183658722747,retained_preactivation,373420260851712.000000,nan,24512949125120.000000,5,5.0,1.0,10076208.418582855,328395559.1536021,retained,0.0,,0.0,1e-05,False,0.001,200,5,128,5,5,7,2000,0.00,0.00,0.00,1.00,0,completed,26,200,26,0.0,,128,readout,chua_orig_nint128_bs16_sig0.0_lr1e-03-1e-05_tfp0_ramp200_hLR1_m20_p10_seed26_minsym5_cand1_reducedp3_retained_sync_readout_ga0p1_v1_rseed0,5,200,parent_free_run,default
1.218983,20,10,3,10,5,0.1,True,16,0.0105,1.2190,2,models/chua_orig_nint128_bs16_sig0.0_lr1e-03-1e-05_tfp0_ramp200_hLR1_m20_p10_seed26_minsym5_cand2_reducedp3_retained_sync_readout_ga0p1_v1_rseed0.pth,0;1;4;5;6;7;9,True,0.1,1.0,1.670937318237639,retained_preactivation,0.020477,nan,0.012484,5,5.0,1.0,2062759.7389904622,34467422.264372945,retained,0.0,,0.0,1e-05,False,0.001,200,5,128,5,5,7,2000,0.00,0.00,0.00,1.00,0,completed,26,200,26,0.0,,128,readout,chua_orig_nint128_bs16_sig0.0_lr1e-03-1e-05_tfp0_ramp200_hLR1_m20_p10_seed26_minsym5_cand2_reducedp3_retained_sync_readout_ga0p1_v1_rseed0,5,200,parent_free_run,default
1.222937,20,10,3,10,5,0.1,True,16,0.0190,1.2229,3,models/chua_orig_nint128_bs16_sig0.0_lr1e-03-1e-05_tfp0_ramp200_hLR1_m20_p10_seed26_minsym5_cand3_reducedp3_retained_sync_readout_ga0p1_v1_rseed0.pth,0;1;4;6;7;8;9,True,0.1,1.0,3.990484367494391,retained_preactivation,56598390182653198336.000000,nan,3443989001688580096.000000,5,5.0,1.0,3513679.109783362,140212815.59982112,retained,0.0,,0.0,1e-05,False,0.001,200,5,128,5,5,7,2000,0.00,0.00,0.00,1.00,0,completed,26,200,26,0.0,,128,readout,chua_orig_nint128_bs16_sig0.0_lr1e-03-1e-05_tfp0_ramp200_hLR1_m20_p10_seed26_minsym5_cand3_reducedp3_retained_sync_readout_ga0p1_v1_rseed0,5,200,parent_free_run,default
2.757587,20,10,3,10,4,0.1,True,16,0.0100,2.5892,4,models/chua_orig_nint128_bs16_sig0.0_lr1e-03-1e-05_tfp0_ramp200_hLR1_m20_p10_seed26_minsym5_cand4_reducedp3_retained_sync_readout_ga0p1_v1_rseed0.pth,0;2;3;4;5;6;9,True,0.1,1.0,0.9092178699832004,retained_preactivation,0.338822,nan,0.296309,4,5.0,1.0,34228754.81716085,311213955.470362,retained,0.0,,0.0,1e-05,False,0.001,200,5,128,4,5,7,2000,0.00,0.00,0.00,1.00,0,completed,26,200,26,0.0,,128,readout,chua_orig_nint128_bs16_sig0.0_lr1e-03-1e-05_tfp0_ramp200_hLR1_m20_p10_seed26_minsym5_cand4_reducedp3_retained_sync_readout_ga0p1_v1_rseed0,5,200,parent_free_run,default
3.439056,20,10,3,10,3,0.1,True,16,0.0245,3.1696,5,models/chua_orig_nint128_bs16_sig0.0_lr1e-03-1e-05_tfp0_ramp200_hLR1_m20_p10_seed26_minsym5_cand5_reducedp3_retained_sync_readout_ga0p1_v1_rseed0.pth,0;2;3;4;6;8;9,True,0.1,1.0,0.2297481839176948,retained_preactivation,0.364960,nan,0.354736,2,5.0,1.0,3121669543.5619206,7171979084.245305,retained,0.0,,0.0,1e-05,False,0.001,200,5,128,6,5,7,2000,0.00,0.00,0.00,1.00,0,completed,26,200,26,0.0,,128,readout,chua_orig_nint128_bs16_sig0.0_lr1e-03-1e-05_tfp0_ramp200_hLR1_m20_p10_seed26_minsym5_cand5_reducedp3_retained_sync_readout_ga0p1_v1_rseed0,5,200,parent_free_run,default
1.001649,20,10,3,10,5,0.1,True,16,0.0123,1.0016,6,models/chua_orig_nint128_bs16_sig0.0_lr1e-03-1e-05_tfp0_ramp200_hLR1_m20_p10_seed26_minsym5_cand6_reducedp3_retained_sync_readout_ga0p1_v1_rseed0.pth,1;2;4;5;7;8;9,True,0.1,1.0,2.254407660794317,retained_preactivation,0.016748,nan,0.009633,5,5.0,1.0,23909753.12392631,539023306.1028032,retained,0.0,,0.0,1e-05,False,0.001,200,5,128,5,5,7,2000,0.00,0.00,0.00,1.00,0,completed,26,200,26,0.0,,128,readout,chua_orig_nint128_bs16_sig0.0_lr1e-03-1e-05_tfp0_ramp200_hLR1_m20_p10_seed26_minsym5_cand6_reducedp3_retained_sync_readout_ga0p1_v1_rseed0,5,200,parent_free_run,default
1.167451,20,10,3,10,5,0.1,True,16,0.0113,1.1675,7,models/chua_orig_nint128_bs16_sig0.0_lr1e-03-1e-05_tfp0_ramp200_hLR1_m20_p10_seed26_minsym5_cand7_reducedp3_retained_sync_readout_ga0p1_v1_rseed0.pth,1;4;5;6;7;8;9,True,0.1,1.0,2.593592870064747,retained_preactivation,0.016228,nan,0.009524,4,5.0,1.0,6033837.335878388,156493174.93464655,retained,0.0,,0.0,1e-05,False,0.001,200,5,128,5,5,7,2000,0.00,0.00,0.00,1.00,0,completed,26,200,26,0.0,,128,readout,chua_orig_nint128_bs16_sig0.0_lr1e-03-1e-05_tfp0_ramp200_hLR1_m20_p10_seed26_minsym5_cand7_reducedp3_retained_sync_readout_ga0p1_v1_rseed0,5,200,parent_free_run,default
2.763167,20,10,3,10,3,0.1,True,16,0.0181,2.7632,8,models/chua_orig_nint128_bs16_sig0.0_lr1e-03-1e-05_tfp0_ramp200_hLR1_m20_p10_seed26_minsym5_cand8_reducedp3_retained_sync_readout_ga0p1_v1_rseed0.pth,2;3;4;5;6;8;9,True,0.1,1.0,0.33795217509062137,retained_preactivation,0.363254,nan,0.346024,2,5.0,1.0,1034186313.7864546,3495055141.9308414,retained,0.0,,0.0,1e-05,False,0.001,200,5,128,4,5,7,2000,0.00,0.00,0.00,1.00,0,completed,26,200,26,0.0,,128,readout,chua_orig_nint128_bs16_sig0.0_lr1e-03-1e-05_tfp0_ramp200_hLR1_m20_p10_seed26_minsym5_cand8_reducedp3_retained_sync_readout_ga0p1_v1_rseed0,5,200,parent_free_run,default
1.136009,20,10,3,10,5,0.1,True,16,0.0071,1.1360,0,models/chua_orig_nint128_bs16_sig0.0_lr1e-03-1e-05_tfp0_ramp200_hLR1_m20_p10_seed27_minsym5_cand0_reducedp3_retained_sync_readout_ga0p1_v1_rseed0.pth,1;2;3;4;5;6;7,True,0.1,1.0,2.1079074852572006,retained_preactivation,0.047681,nan,0.015224,5,5.0,1.0,86.92179916408699,1832.2311109000414,retained,0.0,,0.0,1e-05,False,0.001,200,5,128,5,5,7,2000,0.00,0.00,0.00,1.00,0,completed,27,200,27,0.0,,128,readout,chua_orig_nint128_bs16_sig0.0_lr1e-03-1e-05_tfp0_ramp200_hLR1_m20_p10_seed27_minsym5_cand0_reducedp3_retained_sync_readout_ga0p1_v1_rseed0,5,200,parent_free_run,default
,,,,,,,,,,,1,,,,,,,,,,,,,,,,retained,,,,,,,,,,,,,,,,,,,missing_or_failed,,,27,,,,readout,,,,,
,,,,,,,,,,,2,,,,,,,,,,,,,,,,retained,,,,,,,,,,,,,,,,,,,missing_or_failed,,,27,,,,readout,,,,,
1.082246,20,10,3,10,5,0.1,True,16,0.0100,1.0822,0,models/chua_orig_nint128_bs16_sig0.0_lr1e-03-1e-05_tfp0_ramp200_hLR1_m20_p10_seed28_minsym5_cand0_reducedp3_retained_sync_readout_ga0p1_v1_rseed0.pth,0;1;2;3;5;6;9,True,0.1,1.0,4.286486259270081,retained_preactivation,0.050750,nan,0.027747,5,5.0,1.0,12.360960269155255,529.8508634512168,retained,0.0,,0.0,1e-05,False,0.001,200,5,128,5,5,7,2000,0.00,0.00,0.00,1.00,0,completed,28,200,28,0.0,,128,readout,chua_orig_nint128_bs16_sig0.0_lr1e-03-1e-05_tfp0_ramp200_hLR1_m20_p10_seed28_minsym5_cand0_reducedp3_retained_sync_readout_ga0p1_v1_rseed0,5,200,parent_free_run,default
2.071455,20,10,3,10,5,0.1,True,16,0.0136,2.0715,1,models/chua_orig_nint128_bs16_sig0.0_lr1e-03-1e-05_tfp0_ramp200_hLR1_m20_p10_seed28_minsym5_cand1_reducedp3_retained_sync_readout_ga0p1_v1_rseed0.pth,0;1;2;3;6;7;9,True,0.1,1.0,24.312614032553928,retained_preactivation,0.296338,nan,0.041400,5,5.0,1.0,11.147624402512337,2710.2788947818635,retained,0.0,,0.0,1e-05,False,0.001,200,5,128,5,5,7,2000,0.00,0.00,0.00,1.00,0,completed,28,200,28,0.0,,128,readout,chua_orig_nint128_bs16_sig0.0_lr1e-03-1e-05_tfp0_ramp200_hLR1_m20_p10_seed28_minsym5_cand1_reducedp3_retained_sync_readout_ga0p1_v1_rseed0,5,200,parent_free_run,default
1.093651,20,10,3,10,5,0.1,True,16,0.0070,1.0937,2,models/chua_orig_nint128_bs16_sig0.0_lr1e-03-1e-05_tfp0_ramp200_hLR1_m20_p10_seed28_minsym5_cand2_reducedp3_retained_sync_readout_ga0p1_v1_rseed0.pth,0;1;2;5;6;7;9,True,0.1,1.0,5.663112835182621,retained_preactivation,0.063008,nan,0.030667,5,5.0,1.0,985.3682711975317,55802.51704000457,retained,0.0,,0.0,1e-05,False,0.001,200,5,128,5,5,7,2000,0.00,0.00,0.00,1.00,0,completed,28,200,28,0.0,,128,readout,chua_orig_nint128_bs16_sig0.0_lr1e-03-1e-05_tfp0_ramp200_hLR1_m20_p10_seed28_minsym5_cand2_reducedp3_retained_sync_readout_ga0p1_v1_rseed0,5,200,parent_free_run,default
1.161641,20,10,3,10,5,0.1,True,16,0.0078,1.1616,0,models/chua_orig_nint128_bs16_sig0.0_lr1e-03-1e-05_tfp0_ramp200_hLR1_m20_p10_seed29_minsym5_cand0_reducedp3_retained_sync_readout_ga0p1_v1_rseed0.pth,0;1;2;3;5;8;9,True,0.1,1.0,3.4137532373711106,retained_preactivation,0.036593,nan,0.012278,5,5.0,1.0,29.76732035136651,1016.1828621734378,retained,0.0,,0.0,1e-05,False,0.001,200,5,128,5,5,7,2000,0.00,0.00,0.00,1.00,0,completed,29,200,29,0.0,,128,readout,chua_orig_nint128_bs16_sig0.0_lr1e-03-1e-05_tfp0_ramp200_hLR1_m20_p10_seed29_minsym5_cand0_reducedp3_retained_sync_readout_ga0p1_v1_rseed0,5,200,parent_free_run,default
1.090842,20,10,3,10,5,0.1,True,16,0.0095,1.0908,1,models/chua_orig_nint128_bs16_sig0.0_lr1e-03-1e-05_tfp0_ramp200_hLR1_m20_p10_seed29_minsym5_cand1_reducedp3_retained_sync_readout_ga0p1_v1_rseed0.pth,0;1;2;3;6;8;9,True,0.1,1.0,0.3943844152680064,retained_preactivation,0.013448,nan,0.010348,5,5.0,1.0,2173.7476679293127,8572.922029564948,retained,0.0,,0.0,1e-05,False,0.001,200,5,128,5,5,7,2000,0.00,0.00,0.00,1.00,0,completed,29,200,29,0.0,,128,readout,chua_orig_nint128_bs16_sig0.0_lr1e-03-1e-05_tfp0_ramp200_hLR1_m20_p10_seed29_minsym5_cand1_reducedp3_retained_sync_readout_ga0p1_v1_rseed0,5,200,parent_free_run,default
1.947218,20,10,3,10,5,0.1,True,16,0.0120,1.9472,2,models/chua_orig_nint128_bs16_sig0.0_lr1e-03-1e-05_tfp0_ramp200_hLR1_m20_p10_seed29_minsym5_cand2_reducedp3_retained_sync_readout_ga0p1_v1_rseed0.pth,1;2;3;5;6;8;9,True,0.1,1.0,9.30586514174559,retained_preactivation,0.120891,nan,0.035401,4,5.0,1.0,9.541045211699265,887.8768005138015,retained,0.0,,0.0,1e-05,False,0.001,200,5,128,5,5,7,2000,0.00,0.00,0.00,1.00,0,completed,29,200,29,0.0,,128,readout,chua_orig_nint128_bs16_sig0.0_lr1e-03-1e-05_tfp0_ramp200_hLR1_m20_p10_seed29_minsym5_cand2_reducedp3_retained_sync_readout_ga0p1_v1_rseed0,5,200,parent_free_run,default
1.397022,20,10,3,10,5,0.1,True,16,0.0111,1.3970,0,models/chua_orig_nint128_bs16_sig0.0_lr1e-03-1e-05_tfp0_ramp200_hLR1_m20_p10_seed0_minsym5_cand0_reducedp3_retained_sync_readout_retained_ga0p1_v1_rseed0.pth,0;1;3;4;5;7;9,True,0.1,1.0,12.415921506742668,retained_preactivation,0.076402,nan,0.015502,4,5.0,1.0,33.21534494800029,4123.991156937657,retained,0.0,,0.0,1e-05,False,0.001,200,5,128,5,5,7,2000,0.00,0.00,0.00,1.00,0,completed,0,200,0,0.0,,128,readout_retained,chua_orig_nint128_bs16_sig0.0_lr1e-03-1e-05_tfp0_ramp200_hLR1_m20_p10_seed0_minsym5_cand0_reducedp3_retained_sync_readout_retained_ga0p1_v1_rseed0,5,200,parent_free_run,default
1.234166,20,10,3,10,5,0.1,True,16,0.0116,1.2342,0,models/chua_orig_nint128_bs16_sig0.0_lr1e-03-1e-05_tfp0_ramp200_hLR1_m20_p10_seed2_minsym5_cand0_reducedp3_retained_sync_readout_retained_ga0p1_v1_rseed0.pth,2;4;5;6;7;8;9,True,0.1,1.0,0.13751740415486144,retained_preactivation,0.014849,nan,0.012598,5,5.0,1.0,39123732566.18424,53801941433.50672,retained,0.0,,0.0,1e-05,False,0.001,200,5,128,5,5,7,2000,0.00,0.00,0.00,1.00,0,completed,2,200,2,0.0,,128,readout_retained,chua_orig_nint128_bs16_sig0.0_lr1e-03-1e-05_tfp0_ramp200_hLR1_m20_p10_seed2_minsym5_cand0_reducedp3_retained_sync_readout_retained_ga0p1_v1_rseed0,5,200,parent_free_run,default
1.436511,20,10,3,10,5,0.1,True,16,0.0118,1.4365,0,models/chua_orig_nint128_bs16_sig0.0_lr1e-03-1e-05_tfp0_ramp200_hLR1_m20_p10_seed3_minsym5_cand0_reducedp3_retained_sync_readout_retained_ga0p1_v1_rseed0.pth,0;1;2;3;4;5;8,True,0.1,1.0,4.125590877973522,retained_preactivation,1413681585682758918026161029120.000000,nan,401003992644012876517867520.000000,5,5.0,1.0,2222.811323456739,91704.10119509378,retained,0.0,,0.0,1e-05,False,0.001,200,5,128,5,5,7,2000,0.00,0.00,0.00,1.00,0,completed,3,200,3,0.0,,128,readout_retained,chua_orig_nint128_bs16_sig0.0_lr1e-03-1e-05_tfp0_ramp200_hLR1_m20_p10_seed3_minsym5_cand0_reducedp3_retained_sync_readout_retained_ga0p1_v1_rseed0,5,200,parent_free_run,default
1.317769,20,10,3,10,5,0.1,True,16,0.0120,1.3178,1,models/chua_orig_nint128_bs16_sig0.0_lr1e-03-1e-05_tfp0_ramp200_hLR1_m20_p10_seed3_minsym5_cand1_reducedp3_retained_sync_readout_retained_ga0p1_v1_rseed0.pth,0;1;2;3;4;6;8,True,0.1,1.0,3.7839747172519815,retained_preactivation,656274796395976668844392448.000000,nan,56001171495242294099968.000000,5,5.0,1.0,5981.321790974592,226331.70432796198,retained,0.0,,0.0,1e-05,False,0.001,200,5,128,5,5,7,2000,0.00,0.00,0.00,1.00,0,completed,3,200,3,0.0,,128,readout_retained,chua_orig_nint128_bs16_sig0.0_lr1e-03-1e-05_tfp0_ramp200_hLR1_m20_p10_seed3_minsym5_cand1_reducedp3_retained_sync_readout_retained_ga0p1_v1_rseed0,5,200,parent_free_run,default
1.126703,20,10,3,10,5,0.1,True,16,0.0139,1.1267,2,models/chua_orig_nint128_bs16_sig0.0_lr1e-03-1e-05_tfp0_ramp200_hLR1_m20_p10_seed3_minsym5_cand2_reducedp3_retained_sync_readout_retained_ga0p1_v1_rseed0.pth,0;1;3;4;5;7;8,True,0.1,1.0,3.0537130657646614,retained_preactivation,0.022416,nan,0.010836,5,5.0,1.0,4540.36155206141,138649.61394825447,retained,0.0,,0.0,1e-05,False,0.001,200,5,128,5,5,7,2000,0.00,0.00,0.00,1.00,0,completed,3,200,3,0.0,,128,readout_retained,chua_orig_nint128_bs16_sig0.0_lr1e-03-1e-05_tfp0_ramp200_hLR1_m20_p10_seed3_minsym5_cand2_reducedp3_retained_sync_readout_retained_ga0p1_v1_rseed0,5,200,parent_free_run,default
1.112174,20,10,3,10,5,0.1,True,16,0.0116,1.1122,3,models/chua_orig_nint128_bs16_sig0.0_lr1e-03-1e-05_tfp0_ramp200_hLR1_m20_p10_seed3_minsym5_cand3_reducedp3_retained_sync_readout_retained_ga0p1_v1_rseed0.pth,0;1;3;4;6;7;8,True,0.1,1.0,3.3116336620610927,retained_preactivation,0.023757,nan,0.011412,4,5.0,1.0,3610.253026321355,119558.35450523732,retained,0.0,,0.0,1e-05,False,0.001,200,5,128,5,5,7,2000,0.00,0.00,0.00,1.00,0,completed,3,200,3,0.0,,128,readout_retained,chua_orig_nint128_bs16_sig0.0_lr1e-03-1e-05_tfp0_ramp200_hLR1_m20_p10_seed3_minsym5_cand3_reducedp3_retained_sync_readout_retained_ga0p1_v1_rseed0,5,200,parent_free_run,default
3.004309,20,10,3,10,3,0.1,True,16,0.0141,3.0043,0,models/chua_orig_nint128_bs16_sig0.0_lr1e-03-1e-05_tfp0_ramp200_hLR1_m20_p10_seed4_minsym5_cand0_reducedp3_retained_sync_readout_retained_ga0p1_v1_rseed0.pth,0;1;2;3;4;5;8,True,0.1,1.0,2.7631027859682677,retained_preactivation,0.567810,nan,0.287331,3,5.0,1.0,21.379960025610814,590.7502711065819,retained,0.0,,0.0,1e-05,False,0.001,200,5,128,6,5,7,2000,0.00,0.00,0.00,1.00,0,completed,4,200,4,0.0,,128,readout_retained,chua_orig_nint128_bs16_sig0.0_lr1e-03-1e-05_tfp0_ramp200_hLR1_m20_p10_seed4_minsym5_cand0_reducedp3_retained_sync_readout_retained_ga0p1_v1_rseed0,5,200,parent_free_run,default
1.833629,20,10,3,10,5,0.1,True,16,0.0064,1.8087,1,models/chua_orig_nint128_bs16_sig0.0_lr1e-03-1e-05_tfp0_ramp200_hLR1_m20_p10_seed4_minsym5_cand1_reducedp3_retained_sync_readout_retained_ga0p1_v1_rseed0.pth,0;1;4;6;7;8;9,True,0.1,1.0,0.7320379862660926,retained_preactivation,0.082685,nan,0.048277,6,5.0,1.0,652806.2160488364,4778789.47818378,retained,0.0,,0.0,1e-05,False,0.001,200,5,128,8,5,7,2000,0.00,0.00,0.00,1.00,0,completed,4,200,4,0.0,,128,readout_retained,chua_orig_nint128_bs16_sig0.0_lr1e-03-1e-05_tfp0_ramp200_hLR1_m20_p10_seed4_minsym5_cand1_reducedp3_retained_sync_readout_retained_ga0p1_v1_rseed0,5,200,parent_free_run,default
1.404438,20,10,3,10,5,0.1,True,16,0.0108,1.4044,2,models/chua_orig_nint128_bs16_sig0.0_lr1e-03-1e-05_tfp0_ramp200_hLR1_m20_p10_seed4_minsym5_cand2_reducedp3_retained_sync_readout_retained_ga0p1_v1_rseed0.pth,1;2;3;4;5;6;8,True,0.1,1.0,3.9186859409484347,retained_preactivation,0.097113,nan,0.047190,5,5.0,1.0,60.12349408775908,2356.0509100240174,retained,0.0,,0.0,1e-05,False,0.001,200,5,128,5,5,7,2000,0.00,0.00,0.00,1.00,0,completed,4,200,4,0.0,,128,readout_retained,chua_orig_nint128_bs16_sig0.0_lr1e-03-1e-05_tfp0_ramp200_hLR1_m20_p10_seed4_minsym5_cand2_reducedp3_retained_sync_readout_retained_ga0p1_v1_rseed0,5,200,parent_free_run,default
2.512377,20,10,3,10,4,0.1,True,16,0.0218,2.5124,3,models/chua_orig_nint128_bs16_sig0.0_lr1e-03-1e-05_tfp0_ramp200_hLR1_m20_p10_seed4_minsym5_cand3_reducedp3_retained_sync_readout_retained_ga0p1_v1_rseed0.pth,1;2;3;4;5;7;8,True,0.1,1.0,0.5260479431288031,retained_preactivation,0.353213,nan,0.310822,2,5.0,1.0,142217.75242212205,748133.5613805866,retained,0.0,,0.0,1e-05,False,0.001,200,5,128,7,5,7,2000,0.00,0.00,0.00,1.00,0,completed,4,200,4,0.0,,128,readout_retained,chua_orig_nint128_bs16_sig0.0_lr1e-03-1e-05_tfp0_ramp200_hLR1_m20_p10_seed4_minsym5_cand3_reducedp3_retained_sync_readout_retained_ga0p1_v1_rseed0,5,200,parent_free_run,default
1.301801,20,10,4,10,5,0.1,True,16,0.0072,1.3018,0,models/chua_orig_nint128_bs16_sig0.0_lr1e-03-1e-05_tfp0_ramp200_hLR1_m20_p10_seed6_minsym5_cand0_reducedp4_retained_sync_readout_retained_ga0p1_v1_rseed0.pth,0;1;2;4;5;9,True,0.1,1.0,1.8420896625737577,retained_preactivation,0.023473,nan,0.015044,5,5.0,1.0,889609.7687952848,16387409.588224247,retained,0.0,,0.0,1e-05,False,0.001,200,5,128,5,5,6,2000,0.00,0.00,0.00,1.00,0,completed,6,200,6,0.0,,128,readout_retained,chua_orig_nint128_bs16_sig0.0_lr1e-03-1e-05_tfp0_ramp200_hLR1_m20_p10_seed6_minsym5_cand0_reducedp4_retained_sync_readout_retained_ga0p1_v1_rseed0,5,200,parent_free_run,default
2.978162,20,10,4,10,5,0.1,True,16,0.0165,2.9782,1,models/chua_orig_nint128_bs16_sig0.0_lr1e-03-1e-05_tfp0_ramp200_hLR1_m20_p10_seed6_minsym5_cand1_reducedp4_retained_sync_readout_retained_ga0p1_v1_rseed0.pth,0;1;2;4;7;9,True,0.1,1.0,1.324653470788966,retained_preactivation,0.113022,nan,0.065247,2,5.0,1.0,86776.04164024768,1149481.8474008192,retained,0.0,,0.0,1e-05,False,0.001,200,5,128,14,5,6,2000,0.00,0.00,0.00,1.00,0,completed,6,200,6,0.0,,128,readout_retained,chua_orig_nint128_bs16_sig0.0_lr1e-03-1e-05_tfp0_ramp200_hLR1_m20_p10_seed6_minsym5_cand1_reducedp4_retained_sync_readout_retained_ga0p1_v1_rseed0,5,200,parent_free_run,default
1.663769,20,10,4,10,5,0.1,True,16,0.0059,1.6638,2,models/chua_orig_nint128_bs16_sig0.0_lr1e-03-1e-05_tfp0_ramp200_hLR1_m20_p10_seed6_minsym5_cand2_reducedp4_retained_sync_readout_retained_ga0p1_v1_rseed0.pth,0;1;2;5;7;9,True,0.1,1.0,1.8963936386764702,retained_preactivation,0.066798,nan,0.021933,2,5.0,1.0,45904.460641096746,870529.2714665027,retained,0.0,,0.0,1e-05,False,0.001,200,5,128,7,5,6,2000,0.00,0.00,0.00,1.00,0,completed,6,200,6,0.0,,128,readout_retained,chua_orig_nint128_bs16_sig0.0_lr1e-03-1e-05_tfp0_ramp200_hLR1_m20_p10_seed6_minsym5_cand2_reducedp4_retained_sync_readout_retained_ga0p1_v1_rseed0,5,200,parent_free_run,default
1.391967,20,10,4,10,5,0.1,True,16,0.0107,1.3920,3,models/chua_orig_nint128_bs16_sig0.0_lr1e-03-1e-05_tfp0_ramp200_hLR1_m20_p10_seed6_minsym5_cand3_reducedp4_retained_sync_readout_retained_ga0p1_v1_rseed0.pth,0;1;4;5;8;9,True,0.1,1.0,5.3556620296313335,retained_preactivation,0.043218,nan,0.017855,3,5.0,1.0,2108.1951932058496,112907.80947303867,retained,0.0,,0.0,1e-05,False,0.001,200,5,128,5,5,6,2000,0.00,0.00,0.00,1.00,0,completed,6,200,6,0.0,,128,readout_retained,chua_orig_nint128_bs16_sig0.0_lr1e-03-1e-05_tfp0_ramp200_hLR1_m20_p10_seed6_minsym5_cand3_reducedp4_retained_sync_readout_retained_ga0p1_v1_rseed0,5,200,parent_free_run,default
1.542714,20,10,4,10,5,0.1,True,16,0.0107,1.5427,4,models/chua_orig_nint128_bs16_sig0.0_lr1e-03-1e-05_tfp0_ramp200_hLR1_m20_p10_seed6_minsym5_cand4_reducedp4_retained_sync_readout_retained_ga0p1_v1_rseed0.pth,0;1;4;7;8;9,True,0.1,1.0,12.711024632808872,retained_preactivation,13835292251258880.000000,nan,54054659031040.000000,6,5.0,1.0,117.1430517268143,14890.082160619531,retained,0.0,,0.0,1e-05,False,0.001,200,5,128,6,5,6,2000,0.00,0.00,0.00,1.00,0,completed,6,200,6,0.0,,128,readout_retained,chua_orig_nint128_bs16_sig0.0_lr1e-03-1e-05_tfp0_ramp200_hLR1_m20_p10_seed6_minsym5_cand4_reducedp4_retained_sync_readout_retained_ga0p1_v1_rseed0,5,200,parent_free_run,default
1.448535,20,10,4,10,5,0.1,True,16,0.0143,1.4485,5,models/chua_orig_nint128_bs16_sig0.0_lr1e-03-1e-05_tfp0_ramp200_hLR1_m20_p10_seed6_minsym5_cand5_reducedp4_retained_sync_readout_retained_ga0p1_v1_rseed0.pth,0;1;5;7;8;9,True,0.1,1.0,4.543566676053227,retained_preactivation,0.035555,nan,0.009059,5,5.0,1.0,1660.0348335012432,75424.7895058382,retained,0.0,,0.0,1e-05,False,0.001,200,5,128,6,5,6,2000,0.00,0.00,0.00,1.00,0,completed,6,200,6,0.0,,128,readout_retained,chua_orig_nint128_bs16_sig0.0_lr1e-03-1e-05_tfp0_ramp200_hLR1_m20_p10_seed6_minsym5_cand5_reducedp4_retained_sync_readout_retained_ga0p1_v1_rseed0,5,200,parent_free_run,default
2.490283,20,10,4,10,5,0.1,True,16,0.0076,2.3359,6,models/chua_orig_nint128_bs16_sig0.0_lr1e-03-1e-05_tfp0_ramp200_hLR1_m20_p10_seed6_minsym5_cand6_reducedp4_retained_sync_readout_retained_ga0p1_v1_rseed0.pth,0;2;4;5;7;9,True,0.1,1.0,2.9106186069215827,retained_preactivation,0.170962,nan,0.133311,6,5.0,1.0,18263.65249272445,531585.2677567353,retained,0.0,,0.0,1e-05,False,0.001,200,5,128,8,5,6,2000,0.00,0.00,0.00,1.00,0,completed,6,200,6,0.0,,128,readout_retained,chua_orig_nint128_bs16_sig0.0_lr1e-03-1e-05_tfp0_ramp200_hLR1_m20_p10_seed6_minsym5_cand6_reducedp4_retained_sync_readout_retained_ga0p1_v1_rseed0,5,200,parent_free_run,default
1.282316,20,10,4,10,5,0.1,True,16,0.0068,1.2823,7,models/chua_orig_nint128_bs16_sig0.0_lr1e-03-1e-05_tfp0_ramp200_hLR1_m20_p10_seed6_minsym5_cand7_reducedp4_retained_sync_readout_retained_ga0p1_v1_rseed0.pth,0;4;5;7;8;9,True,0.1,1.0,2.4402808692577294,retained_preactivation,0.036354,nan,0.015002,5,5.0,1.0,9544.417095218545,232910.58445678247,retained,0.0,,0.0,1e-05,False,0.001,200,5,128,6,5,6,2000,0.00,0.00,0.00,1.00,0,completed,6,200,6,0.0,,128,readout_retained,chua_orig_nint128_bs16_sig0.0_lr1e-03-1e-05_tfp0_ramp200_hLR1_m20_p10_seed6_minsym5_cand7_reducedp4_retained_sync_readout_retained_ga0p1_v1_rseed0,5,200,parent_free_run,default
1.244125,20,10,4,10,5,0.1,True,16,0.0106,1.2441,8,models/chua_orig_nint128_bs16_sig0.0_lr1e-03-1e-05_tfp0_ramp200_hLR1_m20_p10_seed6_minsym5_cand8_reducedp4_retained_sync_readout_retained_ga0p1_v1_rseed0.pth,1;2;4;5;8;9,True,0.1,1.0,5.597165380817481,retained_preactivation,0.041340,nan,0.021979,5,5.0,1.0,831.8135897811067,46557.9822801633,retained,0.0,,0.0,1e-05,False,0.001,200,5,128,5,5,6,2000,0.00,0.00,0.00,1.00,0,completed,6,200,6,0.0,,128,readout_retained,chua_orig_nint128_bs16_sig0.0_lr1e-03-1e-05_tfp0_ramp200_hLR1_m20_p10_seed6_minsym5_cand8_reducedp4_retained_sync_readout_retained_ga0p1_v1_rseed0,5,200,parent_free_run,default
1.697657,20,10,4,10,5,0.1,True,16,0.0083,1.6722,9,models/chua_orig_nint128_bs16_sig0.0_lr1e-03-1e-05_tfp0_ramp200_hLR1_m20_p10_seed6_minsym5_cand9_reducedp4_retained_sync_readout_retained_ga0p1_v1_rseed0.pth,1;2;4;7;8;9,True,0.1,1.0,16.835565054418456,retained_preactivation,0.153615,nan,0.052405,5,5.0,1.0,46.24542621988195,7785.678815941485,retained,0.0,,0.0,1e-05,False,0.001,200,5,128,7,5,6,2000,0.00,0.00,0.00,1.00,0,completed,6,200,6,0.0,,128,readout_retained,chua_orig_nint128_bs16_sig0.0_lr1e-03-1e-05_tfp0_ramp200_hLR1_m20_p10_seed6_minsym5_cand9_reducedp4_retained_sync_readout_retained_ga0p1_v1_rseed0,5,200,parent_free_run,default
1.452666,20,10,4,10,5,0.1,True,16,0.0108,1.4527,10,models/chua_orig_nint128_bs16_sig0.0_lr1e-03-1e-05_tfp0_ramp200_hLR1_m20_p10_seed6_minsym5_cand10_reducedp4_retained_sync_readout_retained_ga0p1_v1_rseed0.pth,1;2;5;7;8;9,True,0.1,1.0,4.658768928309398,retained_preactivation,0.034256,nan,0.011357,5,5.0,1.0,866.6535704263916,40375.38725510878,retained,0.0,,0.0,1e-05,False,0.001,200,5,128,5,5,6,2000,0.00,0.00,0.00,1.00,0,completed,6,200,6,0.0,,128,readout_retained,chua_orig_nint128_bs16_sig0.0_lr1e-03-1e-05_tfp0_ramp200_hLR1_m20_p10_seed6_minsym5_cand10_reducedp4_retained_sync_readout_retained_ga0p1_v1_rseed0,5,200,parent_free_run,default
1.328227,20,10,4,10,5,0.1,True,16,0.0105,1.3282,11,models/chua_orig_nint128_bs16_sig0.0_lr1e-03-1e-05_tfp0_ramp200_hLR1_m20_p10_seed6_minsym5_cand11_reducedp4_retained_sync_readout_retained_ga0p1_v1_rseed0.pth,2;4;5;7;8;9,True,0.1,1.0,2.784418532205851,retained_preactivation,0.031964,nan,0.021763,4,5.0,1.0,2274.111607962272,63320.78505514599,retained,0.0,,0.0,1e-05,False,0.001,200,5,128,5,5,6,2000,0.00,0.00,0.00,1.00,0,completed,6,200,6,0.0,,128,readout_retained,chua_orig_nint128_bs16_sig0.0_lr1e-03-1e-05_tfp0_ramp200_hLR1_m20_p10_seed6_minsym5_cand11_reducedp4_retained_sync_readout_retained_ga0p1_v1_rseed0,5,200,parent_free_run,default
2.622718,20,10,3,10,3,0.1,True,16,0.0089,2.6069,0,models/chua_orig_nint128_bs16_sig0.0_lr1e-03-1e-05_tfp0_ramp200_hLR1_m20_p10_seed7_minsym5_cand0_reducedp3_retained_sync_readout_retained_ga0p1_v1_rseed0.pth,0;1;2;4;5;7;9,True,0.1,1.0,0.12092264663627608,retained_preactivation,0.140608,nan,0.121557,2,5.0,1.0,12863.68868171179,15555.11280897699,retained,0.0,,0.0,1e-05,False,0.001,200,5,128,3,5,7,2000,0.00,0.00,0.00,1.00,0,completed,7,200,7,0.0,,128,readout_retained,chua_orig_nint128_bs16_sig0.0_lr1e-03-1e-05_tfp0_ramp200_hLR1_m20_p10_seed7_minsym5_cand0_reducedp3_retained_sync_readout_retained_ga0p1_v1_rseed0,5,200,parent_free_run,default
1.436183,20,10,3,10,5,0.1,True,16,0.0081,1.4362,1,models/chua_orig_nint128_bs16_sig0.0_lr1e-03-1e-05_tfp0_ramp200_hLR1_m20_p10_seed7_minsym5_cand1_reducedp3_retained_sync_readout_retained_ga0p1_v1_rseed0.pth,0;1;4;5;6;7;9,True,0.1,1.0,10.508835756876252,retained_preactivation,0.051627,nan,0.020420,5,5.0,1.0,9258.121416997888,972920.7738844926,retained,0.0,,0.0,1e-05,False,0.001,200,5,128,5,5,7,2000,0.00,0.00,0.00,1.00,0,completed,7,200,7,0.0,,128,readout_retained,chua_orig_nint128_bs16_sig0.0_lr1e-03-1e-05_tfp0_ramp200_hLR1_m20_p10_seed7_minsym5_cand1_reducedp3_retained_sync_readout_retained_ga0p1_v1_rseed0,5,200,parent_free_run,default
2.597281,20,10,3,10,3,0.1,True,16,0.0073,2.5973,2,models/chua_orig_nint128_bs16_sig0.0_lr1e-03-1e-05_tfp0_ramp200_hLR1_m20_p10_seed7_minsym5_cand2_reducedp3_retained_sync_readout_retained_ga0p1_v1_rseed0.pth,1;2;4;5;7;8;9,True,0.1,1.0,0.0806558866054104,retained_preactivation,0.114989,nan,0.097425,3,5.0,1.0,3700.4495588374125,2984.630400066313,retained,0.0,,0.0,1e-05,False,0.001,200,5,128,3,5,7,2000,0.00,0.00,0.00,1.00,0,completed,7,200,7,0.0,,128,readout_retained,chua_orig_nint128_bs16_sig0.0_lr1e-03-1e-05_tfp0_ramp200_hLR1_m20_p10_seed7_minsym5_cand2_reducedp3_retained_sync_readout_retained_ga0p1_v1_rseed0,5,200,parent_free_run,default
1.836936,20,10,3,10,5,0.1,True,16,0.0091,1.8369,3,models/chua_orig_nint128_bs16_sig0.0_lr1e-03-1e-05_tfp0_ramp200_hLR1_m20_p10_seed7_minsym5_cand3_reducedp3_retained_sync_readout_retained_ga0p1_v1_rseed0.pth,1;4;5;6;7;8;9,True,0.1,1.0,7.321501498010596,retained_preactivation,0.063629,nan,0.030103,5,5.0,1.0,14011.804329296781,1025874.4638677775,retained,0.0,,0.0,1e-05,False,0.001,200,5,128,5,5,7,2000,0.00,0.00,0.00,1.00,0,completed,7,200,7,0.0,,128,readout_retained,chua_orig_nint128_bs16_sig0.0_lr1e-03-1e-05_tfp0_ramp200_hLR1_m20_p10_seed7_minsym5_cand3_reducedp3_retained_sync_readout_retained_ga0p1_v1_rseed0,5,200,parent_free_run,default
1.198386,20,10,3,10,5,0.1,True,16,0.0082,1.1984,0,models/chua_orig_nint128_bs16_sig0.0_lr1e-03-1e-05_tfp0_ramp200_hLR1_m20_p10_seed8_minsym5_cand0_reducedp3_retained_sync_readout_retained_ga0p1_v1_rseed0.pth,0;3;4;5;6;7;8,True,0.1,1.0,2.099130529828243,retained_preactivation,0.026541,nan,0.011125,5,5.0,1.0,9075.507478923699,190506.7482269329,retained,0.0,,0.0,1e-05,False,0.001,200,5,128,5,5,7,2000,0.00,0.00,0.00,1.00,0,completed,8,200,8,0.0,,128,readout_retained,chua_orig_nint128_bs16_sig0.0_lr1e-03-1e-05_tfp0_ramp200_hLR1_m20_p10_seed8_minsym5_cand0_reducedp3_retained_sync_readout_retained_ga0p1_v1_rseed0,5,200,parent_free_run,default
1.265184,20,10,3,10,5,0.1,True,16,0.0068,1.2652,1,models/chua_orig_nint128_bs16_sig0.0_lr1e-03-1e-05_tfp0_ramp200_hLR1_m20_p10_seed8_minsym5_cand1_reducedp3_retained_sync_readout_retained_ga0p1_v1_rseed0.pth,0;3;4;6;7;8;9,True,0.1,1.0,2.1109835186344266,retained_preactivation,0.046285,nan,0.015761,5,5.0,1.0,22454.471217819293,474010.18660467624,retained,0.0,,0.0,1e-05,False,0.001,200,5,128,5,5,7,2000,0.00,0.00,0.00,1.00,0,completed,8,200,8,0.0,,128,readout_retained,chua_orig_nint128_bs16_sig0.0_lr1e-03-1e-05_tfp0_ramp200_hLR1_m20_p10_seed8_minsym5_cand1_reducedp3_retained_sync_readout_retained_ga0p1_v1_rseed0,5,200,parent_free_run,default
1.098777,20,10,3,10,5,0.1,True,16,0.0102,1.0896,0,models/chua_orig_nint128_bs16_sig0.0_lr1e-03-1e-05_tfp0_ramp200_hLR1_m20_p10_seed9_minsym5_cand0_reducedp3_retained_sync_readout_retained_ga0p1_v1_rseed0.pth,0;1;2;3;5;6;8,True,0.1,1.0,1.2011658395086735,retained_preactivation,0.017168,nan,0.008364,5,5.0,1.0,211928013.41376758,2545606901.4755354,retained,0.0,,0.0,1e-05,False,0.001,200,5,128,5,5,7,2000,0.00,0.00,0.00,1.00,0,completed,9,200,9,0.0,,128,readout_retained,chua_orig_nint128_bs16_sig0.0_lr1e-03-1e-05_tfp0_ramp200_hLR1_m20_p10_seed9_minsym5_cand0_reducedp3_retained_sync_readout_retained_ga0p1_v1_rseed0,5,200,parent_free_run,default
1.138994,20,10,3,10,5,0.1,True,16,0.0146,1.1390,1,models/chua_orig_nint128_bs16_sig0.0_lr1e-03-1e-05_tfp0_ramp200_hLR1_m20_p10_seed9_minsym5_cand1_reducedp3_retained_sync_readout_retained_ga0p1_v1_rseed0.pth,0;1;2;3;5;7;8,True,0.1,1.0,1.1289768549746166,retained_preactivation,0.025116,nan,0.008815,5,5.0,1.0,342602596.5496684,3867904019.5878205,retained,0.0,,0.0,1e-05,False,0.001,200,5,128,5,5,7,2000,0.00,0.00,0.00,1.00,0,completed,9,200,9,0.0,,128,readout_retained,chua_orig_nint128_bs16_sig0.0_lr1e-03-1e-05_tfp0_ramp200_hLR1_m20_p10_seed9_minsym5_cand1_reducedp3_retained_sync_readout_retained_ga0p1_v1_rseed0,5,200,parent_free_run,default
1.345923,20,10,3,10,5,0.1,True,16,0.0159,1.1973,2,models/chua_orig_nint128_bs16_sig0.0_lr1e-03-1e-05_tfp0_ramp200_hLR1_m20_p10_seed9_minsym5_cand2_reducedp3_retained_sync_readout_retained_ga0p1_v1_rseed0.pth,0;2;3;5;6;7;8,True,0.1,1.0,2.9688839247659287,retained_preactivation,0.029450,nan,0.010234,4,5.0,1.0,488994711.8574902,14517685393.292498,retained,0.0,,0.0,1e-05,False,0.001,200,5,128,5,5,7,2000,0.00,0.00,0.00,1.00,0,completed,9,200,9,0.0,,128,readout_retained,chua_orig_nint128_bs16_sig0.0_lr1e-03-1e-05_tfp0_ramp200_hLR1_m20_p10_seed9_minsym5_cand2_reducedp3_retained_sync_readout_retained_ga0p1_v1_rseed0,5,200,parent_free_run,default
1.246869,20,10,3,10,5,0.1,True,16,0.0073,1.2469,3,models/chua_orig_nint128_bs16_sig0.0_lr1e-03-1e-05_tfp0_ramp200_hLR1_m20_p10_seed9_minsym5_cand3_reducedp3_retained_sync_readout_retained_ga0p1_v1_rseed0.pth,1;2;3;5;6;7;8,True,0.1,1.0,0.9179762330495355,retained_preactivation,0.102840,nan,0.024317,3,5.0,1.0,272915717.689105,2505301424.6425505,retained,0.0,,0.0,1e-05,False,0.001,200,5,128,5,5,7,2000,0.00,0.00,0.00,1.00,0,completed,9,200,9,0.0,,128,readout_retained,chua_orig_nint128_bs16_sig0.0_lr1e-03-1e-05_tfp0_ramp200_hLR1_m20_p10_seed9_minsym5_cand3_reducedp3_retained_sync_readout_retained_ga0p1_v1_rseed0,5,200,parent_free_run,default
1.208434,20,10,3,10,5,0.1,True,16,0.0085,1.2084,0,models/chua_orig_nint128_bs16_sig0.0_lr1e-03-1e-05_tfp0_ramp200_hLR1_m20_p10_seed10_minsym5_cand0_reducedp3_retained_sync_readout_retained_ga0p1_v1_rseed0.pth,0;1;2;4;5;6;7,True,0.1,1.0,3.1156964453206,retained_preactivation,0.044787,nan,0.025649,5,5.0,1.0,175.93764735159792,5481.68302451446,retained,0.0,,0.0,1e-05,False,0.001,200,5,128,5,5,7,2000,0.00,0.00,0.00,1.00,0,completed,10,200,10,0.0,,128,readout_retained,chua_orig_nint128_bs16_sig0.0_lr1e-03-1e-05_tfp0_ramp200_hLR1_m20_p10_seed10_minsym5_cand0_reducedp3_retained_sync_readout_retained_ga0p1_v1_rseed0,5,200,parent_free_run,default
1.225929,20,10,3,10,5,0.1,True,16,0.0154,1.2259,1,models/chua_orig_nint128_bs16_sig0.0_lr1e-03-1e-05_tfp0_ramp200_hLR1_m20_p10_seed10_minsym5_cand1_reducedp3_retained_sync_readout_retained_ga0p1_v1_rseed0.pth,0;1;2;4;5;6;8,True,0.1,1.0,2.19506991839613,retained_preactivation,0.058676,nan,0.022771,5,5.0,1.0,216.53518848908578,4753.098785266303,retained,0.0,,0.0,1e-05,False,0.001,200,5,128,5,5,7,2000,0.00,0.00,0.00,1.00,0,completed,10,200,10,0.0,,128,readout_retained,chua_orig_nint128_bs16_sig0.0_lr1e-03-1e-05_tfp0_ramp200_hLR1_m20_p10_seed10_minsym5_cand1_reducedp3_retained_sync_readout_retained_ga0p1_v1_rseed0,5,200,parent_free_run,default
1.287933,20,10,3,10,5,0.1,True,16,0.0087,1.1868,2,models/chua_orig_nint128_bs16_sig0.0_lr1e-03-1e-05_tfp0_ramp200_hLR1_m20_p10_seed10_minsym5_cand2_reducedp3_retained_sync_readout_retained_ga0p1_v1_rseed0.pth,0;1;2;4;5;7;8,True,0.1,1.0,1.6809873693022477,retained_preactivation,0.047390,nan,0.023357,4,5.0,1.0,242.5213037315936,4076.7524835952454,retained,0.0,,0.0,1e-05,False,0.001,200,5,128,5,5,7,2000,0.00,0.00,0.00,1.00,0,completed,10,200,10,0.0,,128,readout_retained,chua_orig_nint128_bs16_sig0.0_lr1e-03-1e-05_tfp0_ramp200_hLR1_m20_p10_seed10_minsym5_cand2_reducedp3_retained_sync_readout_retained_ga0p1_v1_rseed0,5,200,parent_free_run,default
1.149044,20,10,3,10,5,0.1,True,16,0.0087,1.1193,3,models/chua_orig_nint128_bs16_sig0.0_lr1e-03-1e-05_tfp0_ramp200_hLR1_m20_p10_seed10_minsym5_cand3_reducedp3_retained_sync_readout_retained_ga0p1_v1_rseed0.pth,0;1;2;4;6;7;8,True,0.1,1.0,2.965674706645301,retained_preactivation,0.033191,nan,0.018992,5,5.0,1.0,213.71038258473013,6337.954761790274,retained,0.0,,0.0,1e-05,False,0.001,200,5,128,5,5,7,2000,0.00,0.00,0.00,1.00,0,completed,10,200,10,0.0,,128,readout_retained,chua_orig_nint128_bs16_sig0.0_lr1e-03-1e-05_tfp0_ramp200_hLR1_m20_p10_seed10_minsym5_cand3_reducedp3_retained_sync_readout_retained_ga0p1_v1_rseed0,5,200,parent_free_run,default
0.994291,20,10,3,10,5,0.1,True,16,0.0085,0.9943,4,models/chua_orig_nint128_bs16_sig0.0_lr1e-03-1e-05_tfp0_ramp200_hLR1_m20_p10_seed10_minsym5_cand4_reducedp3_retained_sync_readout_retained_ga0p1_v1_rseed0.pth,0;1;2;5;6;7;8,True,0.1,1.0,3.114394816660835,retained_preactivation,0.031371,nan,0.018538,5,5.0,1.0,200.90861065774604,6257.087356550171,retained,0.0,,0.0,1e-05,False,0.001,200,5,128,5,5,7,2000,0.00,0.00,0.00,1.00,0,completed,10,200,10,0.0,,128,readout_retained,chua_orig_nint128_bs16_sig0.0_lr1e-03-1e-05_tfp0_ramp200_hLR1_m20_p10_seed10_minsym5_cand4_reducedp3_retained_sync_readout_retained_ga0p1_v1_rseed0,5,200,parent_free_run,default
1.168743,20,10,3,10,5,0.1,True,16,0.0064,1.1687,5,models/chua_orig_nint128_bs16_sig0.0_lr1e-03-1e-05_tfp0_ramp200_hLR1_m20_p10_seed10_minsym5_cand5_reducedp3_retained_sync_readout_retained_ga0p1_v1_rseed0.pth,0;1;3;4;5;6;7,True,0.1,1.0,2.603844868667595,retained_preactivation,0.039375,nan,0.024488,5,5.0,1.0,195.1613214913498,5081.698055276405,retained,0.0,,0.0,1e-05,False,0.001,200,5,128,5,5,7,2000,0.00,0.00,0.00,1.00,0,completed,10,200,10,0.0,,128,readout_retained,chua_orig_nint128_bs16_sig0.0_lr1e-03-1e-05_tfp0_ramp200_hLR1_m20_p10_seed10_minsym5_cand5_reducedp3_retained_sync_readout_retained_ga0p1_v1_rseed0,5,200,parent_free_run,default
1.166273,20,10,3,10,5,0.1,True,16,0.0081,1.1663,6,models/chua_orig_nint128_bs16_sig0.0_lr1e-03-1e-05_tfp0_ramp200_hLR1_m20_p10_seed10_minsym5_cand6_reducedp3_retained_sync_readout_retained_ga0p1_v1_rseed0.pth,0;1;3;4;5;6;8,True,0.1,1.0,1.8031890809232332,retained_preactivation,0.048270,nan,0.019934,5,5.0,1.0,233.59247726450934,4212.114043891736,retained,0.0,,0.0,1e-05,False,0.001,200,5,128,5,5,7,2000,0.00,0.00,0.00,1.00,0,completed,10,200,10,0.0,,128,readout_retained,chua_orig_nint128_bs16_sig0.0_lr1e-03-1e-05_tfp0_ramp200_hLR1_m20_p10_seed10_minsym5_cand6_reducedp3_retained_sync_readout_retained_ga0p1_v1_rseed0,5,200,parent_free_run,default
1.186768,20,10,3,10,5,0.1,True,16,0.0085,1.1868,7,models/chua_orig_nint128_bs16_sig0.0_lr1e-03-1e-05_tfp0_ramp200_hLR1_m20_p10_seed10_minsym5_cand7_reducedp3_retained_sync_readout_retained_ga0p1_v1_rseed0.pth,0;1;3;4;5;7;8,True,0.1,1.0,1.3614044354959642,retained_preactivation,0.040658,nan,0.021771,5,5.0,1.0,265.4457713348081,3613.790504788566,retained,0.0,,0.0,1e-05,False,0.001,200,5,128,5,5,7,2000,0.00,0.00,0.00,1.00,0,completed,10,200,10,0.0,,128,readout_retained,chua_orig_nint128_bs16_sig0.0_lr1e-03-1e-05_tfp0_ramp200_hLR1_m20_p10_seed10_minsym5_cand7_reducedp3_retained_sync_readout_retained_ga0p1_v1_rseed0,5,200,parent_free_run,default
1.189584,20,10,3,10,5,0.1,True,16,0.0066,1.1896,8,models/chua_orig_nint128_bs16_sig0.0_lr1e-03-1e-05_tfp0_ramp200_hLR1_m20_p10_seed10_minsym5_cand8_reducedp3_retained_sync_readout_retained_ga0p1_v1_rseed0.pth,0;1;3;4;6;7;8,True,0.1,1.0,2.4746230289352593,retained_preactivation,0.027128,nan,0.017109,4,5.0,1.0,239.18553984959988,5918.940451001345,retained,0.0,,0.0,1e-05,False,0.001,200,5,128,5,5,7,2000,0.00,0.00,0.00,1.00,0,completed,10,200,10,0.0,,128,readout_retained,chua_orig_nint128_bs16_sig0.0_lr1e-03-1e-05_tfp0_ramp200_hLR1_m20_p10_seed10_minsym5_cand8_reducedp3_retained_sync_readout_retained_ga0p1_v1_rseed0,5,200,parent_free_run,default
1.253622,20,10,3,10,5,0.1,True,16,0.0099,1.1383,9,models/chua_orig_nint128_bs16_sig0.0_lr1e-03-1e-05_tfp0_ramp200_hLR1_m20_p10_seed10_minsym5_cand9_reducedp3_retained_sync_readout_retained_ga0p1_v1_rseed0.pth,0;1;3;5;6;7;8,True,0.1,1.0,2.577661388709949,retained_preactivation,0.026738,nan,0.017800,5,5.0,1.0,225.0638537865421,5801.384058998336,retained,0.0,,0.0,1e-05,False,0.001,200,5,128,5,5,7,2000,0.00,0.00,0.00,1.00,0,completed,10,200,10,0.0,,128,readout_retained,chua_orig_nint128_bs16_sig0.0_lr1e-03-1e-05_tfp0_ramp200_hLR1_m20_p10_seed10_minsym5_cand9_reducedp3_retained_sync_readout_retained_ga0p1_v1_rseed0,5,200,parent_free_run,default
1.374913,20,10,3,10,5,0.1,True,16,0.0081,1.3749,10,models/chua_orig_nint128_bs16_sig0.0_lr1e-03-1e-05_tfp0_ramp200_hLR1_m20_p10_seed10_minsym5_cand10_reducedp3_retained_sync_readout_retained_ga0p1_v1_rseed0.pth,1;2;4;5;6;7;8,True,0.1,1.0,3.2868050079046545,retained_preactivation,0.046797,nan,0.021892,5,5.0,1.0,185.79119555879922,6106.594319872575,retained,0.0,,0.0,1e-05,False,0.001,200,5,128,5,5,7,2000,0.00,0.00,0.00,1.00,0,completed,10,200,10,0.0,,128,readout_retained,chua_orig_nint128_bs16_sig0.0_lr1e-03-1e-05_tfp0_ramp200_hLR1_m20_p10_seed10_minsym5_cand10_reducedp3_retained_sync_readout_retained_ga0p1_v1_rseed0,5,200,parent_free_run,default
1.321825,20,10,3,10,5,0.1,True,16,0.0073,1.3218,11,models/chua_orig_nint128_bs16_sig0.0_lr1e-03-1e-05_tfp0_ramp200_hLR1_m20_p10_seed10_minsym5_cand11_reducedp3_retained_sync_readout_retained_ga0p1_v1_rseed0.pth,1;3;4;5;6;7;8,True,0.1,1.0,2.77288839615081,retained_preactivation,0.042187,nan,0.022539,5,5.0,1.0,201.63099505409357,5591.002464898402,retained,0.0,,0.0,1e-05,False,0.001,200,5,128,5,5,7,2000,0.00,0.00,0.00,1.00,0,completed,10,200,10,0.0,,128,readout_retained,chua_orig_nint128_bs16_sig0.0_lr1e-03-1e-05_tfp0_ramp200_hLR1_m20_p10_seed10_minsym5_cand11_reducedp3_retained_sync_readout_retained_ga0p1_v1_rseed0,5,200,parent_free_run,default
1.249610,20,10,3,10,5,0.1,True,16,0.0114,1.2496,0,models/chua_orig_nint128_bs16_sig0.0_lr1e-03-1e-05_tfp0_ramp200_hLR1_m20_p10_seed11_minsym5_cand0_reducedp3_retained_sync_readout_retained_ga0p1_v1_rseed0.pth,0;1;3;4;5;6;9,True,0.1,1.0,3.1683413786056174,retained_preactivation,0.041685,nan,0.021739,5,5.0,1.0,6004.048213757531,190228.7439479113,retained,0.0,,0.0,1e-05,False,0.001,200,5,128,5,5,7,2000,0.00,0.00,0.00,1.00,0,completed,11,200,11,0.0,,128,readout_retained,chua_orig_nint128_bs16_sig0.0_lr1e-03-1e-05_tfp0_ramp200_hLR1_m20_p10_seed11_minsym5_cand0_reducedp3_retained_sync_readout_retained_ga0p1_v1_rseed0,5,200,parent_free_run,default
1.150340,20,10,3,10,5,0.1,True,16,0.0091,1.1503,1,models/chua_orig_nint128_bs16_sig0.0_lr1e-03-1e-05_tfp0_ramp200_hLR1_m20_p10_seed11_minsym5_cand1_reducedp3_retained_sync_readout_retained_ga0p1_v1_rseed0.pth,0;1;3;5;6;7;9,True,0.1,1.0,2.3763294065652962,retained_preactivation,0.051040,nan,0.034749,4,5.0,1.0,3672.6119600871257,87273.3579965845,retained,0.0,,0.0,1e-05,False,0.001,200,5,128,5,5,7,2000,0.00,0.00,0.00,1.00,0,completed,11,200,11,0.0,,128,readout_retained,chua_orig_nint128_bs16_sig0.0_lr1e-03-1e-05_tfp0_ramp200_hLR1_m20_p10_seed11_minsym5_cand1_reducedp3_retained_sync_readout_retained_ga0p1_v1_rseed0,5,200,parent_free_run,default
1.280092,20,10,3,10,5,0.1,True,16,0.0100,1.2784,2,models/chua_orig_nint128_bs16_sig0.0_lr1e-03-1e-05_tfp0_ramp200_hLR1_m20_p10_seed11_minsym5_cand2_reducedp3_retained_sync_readout_retained_ga0p1_v1_rseed0.pth,0;1;4;5;6;7;9,True,0.1,1.0,2.309753651994589,retained_preactivation,0.066839,nan,0.036411,5,5.0,1.0,35.90606535356951,829.3416557916587,retained,0.0,,0.0,1e-05,False,0.001,200,5,128,5,5,7,2000,0.00,0.00,0.00,1.00,0,completed,11,200,11,0.0,,128,readout_retained,chua_orig_nint128_bs16_sig0.0_lr1e-03-1e-05_tfp0_ramp200_hLR1_m20_p10_seed11_minsym5_cand2_reducedp3_retained_sync_readout_retained_ga0p1_v1_rseed0,5,200,parent_free_run,default
2.337537,20,10,3,10,5,0.1,True,16,0.0085,2.3375,3,models/chua_orig_nint128_bs16_sig0.0_lr1e-03-1e-05_tfp0_ramp200_hLR1_m20_p10_seed11_minsym5_cand3_reducedp3_retained_sync_readout_retained_ga0p1_v1_rseed0.pth,0;3;4;5;6;8;9,True,0.1,1.0,48.846947227628256,retained_preactivation,0.285810,nan,0.064332,4,5.0,1.0,8.311291183688635,4059.8120184313952,retained,0.0,,0.0,1e-05,False,0.001,200,5,128,5,5,7,2000,0.00,0.00,0.00,1.00,0,completed,11,200,11,0.0,,128,readout_retained,chua_orig_nint128_bs16_sig0.0_lr1e-03-1e-05_tfp0_ramp200_hLR1_m20_p10_seed11_minsym5_cand3_reducedp3_retained_sync_readout_retained_ga0p1_v1_rseed0,5,200,parent_free_run,default
1.246541,20,10,3,10,5,0.1,True,16,0.0073,1.2101,4,models/chua_orig_nint128_bs16_sig0.0_lr1e-03-1e-05_tfp0_ramp200_hLR1_m20_p10_seed11_minsym5_cand4_reducedp3_retained_sync_readout_retained_ga0p1_v1_rseed0.pth,0;3;5;6;7;8;9,True,0.1,1.0,8.331956940715651,retained_preactivation,0.099073,nan,0.043229,4,5.0,1.0,38.67607463189465,3222.4738846885944,retained,0.0,,0.0,1e-05,False,0.001,200,5,128,5,5,7,2000,0.00,0.00,0.00,1.00,0,completed,11,200,11,0.0,,128,readout_retained,chua_orig_nint128_bs16_sig0.0_lr1e-03-1e-05_tfp0_ramp200_hLR1_m20_p10_seed11_minsym5_cand4_reducedp3_retained_sync_readout_retained_ga0p1_v1_rseed0,5,200,parent_free_run,default
1.323974,20,10,3,10,5,0.1,True,16,0.0036,1.3240,5,models/chua_orig_nint128_bs16_sig0.0_lr1e-03-1e-05_tfp0_ramp200_hLR1_m20_p10_seed11_minsym5_cand5_reducedp3_retained_sync_readout_retained_ga0p1_v1_rseed0.pth,0;4;5;6;7;8;9,True,0.1,1.0,2.1353868807643077,retained_preactivation,0.063415,nan,0.035349,4,5.0,1.0,161.6306075844098,3451.4387896571484,retained,0.0,,0.0,1e-05,False,0.001,200,5,128,5,5,7,2000,0.00,0.00,0.00,1.00,0,completed,11,200,11,0.0,,128,readout_retained,chua_orig_nint128_bs16_sig0.0_lr1e-03-1e-05_tfp0_ramp200_hLR1_m20_p10_seed11_minsym5_cand5_reducedp3_retained_sync_readout_retained_ga0p1_v1_rseed0,5,200,parent_free_run,default
1.123826,20,10,3,10,5,0.1,True,16,0.0129,1.1238,6,models/chua_orig_nint128_bs16_sig0.0_lr1e-03-1e-05_tfp0_ramp200_hLR1_m20_p10_seed11_minsym5_cand6_reducedp3_retained_sync_readout_retained_ga0p1_v1_rseed0.pth,1;3;4;5;6;7;9,True,0.1,1.0,1.058405304995058,retained_preactivation,0.029845,nan,0.020692,5,5.0,1.0,5732.012218944146,60667.92140826979,retained,0.0,,0.0,1e-05,False,0.001,200,5,128,5,5,7,2000,0.00,0.00,0.00,1.00,0,completed,11,200,11,0.0,,128,readout_retained,chua_orig_nint128_bs16_sig0.0_lr1e-03-1e-05_tfp0_ramp200_hLR1_m20_p10_seed11_minsym5_cand6_reducedp3_retained_sync_readout_retained_ga0p1_v1_rseed0,5,200,parent_free_run,default
1.697227,20,10,3,10,5,0.1,True,16,0.0093,1.6972,7,models/chua_orig_nint128_bs16_sig0.0_lr1e-03-1e-05_tfp0_ramp200_hLR1_m20_p10_seed11_minsym5_cand7_reducedp3_retained_sync_readout_retained_ga0p1_v1_rseed0.pth,3;4;5;6;7;8;9,True,0.1,1.0,22.091556755614217,retained_preactivation,0.149970,nan,0.036390,4,5.0,1.0,18.665259366403628,4123.4463665118765,retained,0.0,,0.0,1e-05,False,0.001,200,5,128,5,5,7,2000,0.00,0.00,0.00,1.00,0,completed,11,200,11,0.0,,128,readout_retained,chua_orig_nint128_bs16_sig0.0_lr1e-03-1e-05_tfp0_ramp200_hLR1_m20_p10_seed11_minsym5_cand7_reducedp3_retained_sync_readout_retained_ga0p1_v1_rseed0,5,200,parent_free_run,default
1.135743,20,10,3,10,5,0.1,True,16,0.0083,1.1357,0,models/chua_orig_nint128_bs16_sig0.0_lr1e-03-1e-05_tfp0_ramp200_hLR1_m20_p10_seed13_minsym5_cand0_reducedp3_retained_sync_readout_retained_ga0p1_v1_rseed0.pth,0;1;2;3;5;7;8,True,0.1,1.0,2.2585165806946557,retained_preactivation,81.775711,nan,0.846801,5,5.0,1.0,197608.92043503502,4463030.232956976,retained,0.0,,0.0,1e-05,False,0.001,200,5,128,5,5,7,2000,0.00,0.00,0.00,1.00,0,completed,13,200,13,0.0,,128,readout_retained,chua_orig_nint128_bs16_sig0.0_lr1e-03-1e-05_tfp0_ramp200_hLR1_m20_p10_seed13_minsym5_cand0_reducedp3_retained_sync_readout_retained_ga0p1_v1_rseed0,5,200,parent_free_run,default
2.260459,20,10,3,10,5,0.1,True,16,0.0182,2.1504,1,models/chua_orig_nint128_bs16_sig0.0_lr1e-03-1e-05_tfp0_ramp200_hLR1_m20_p10_seed13_minsym5_cand1_reducedp3_retained_sync_readout_retained_ga0p1_v1_rseed0.pth,0;1;2;5;7;8;9,True,0.1,1.0,21.873629119593645,retained_preactivation,0.226831,nan,0.065628,4,5.0,1.0,25008.417011828238,5470248.385848672,retained,0.0,,0.0,1e-05,False,0.001,200,5,128,5,5,7,2000,0.00,0.00,0.00,1.00,0,completed,13,200,13,0.0,,128,readout_retained,chua_orig_nint128_bs16_sig0.0_lr1e-03-1e-05_tfp0_ramp200_hLR1_m20_p10_seed13_minsym5_cand1_reducedp3_retained_sync_readout_retained_ga0p1_v1_rseed0,5,200,parent_free_run,default
1.212761,20,10,3,10,5,0.1,True,16,0.0105,1.2128,2,models/chua_orig_nint128_bs16_sig0.0_lr1e-03-1e-05_tfp0_ramp200_hLR1_m20_p10_seed13_minsym5_cand2_reducedp3_retained_sync_readout_retained_ga0p1_v1_rseed0.pth,0;1;3;5;7;8;9,True,0.1,1.0,4.9919826214406395,retained_preactivation,0.028864,nan,0.010859,5,5.0,1.0,78687.50546941998,3928066.5982785984,retained,0.0,,0.0,1e-05,False,0.001,200,5,128,5,5,7,2000,0.00,0.00,0.00,1.00,0,completed,13,200,13,0.0,,128,readout_retained,chua_orig_nint128_bs16_sig0.0_lr1e-03-1e-05_tfp0_ramp200_hLR1_m20_p10_seed13_minsym5_cand2_reducedp3_retained_sync_readout_retained_ga0p1_v1_rseed0,5,200,parent_free_run,default
1.173699,20,10,3,10,5,0.1,True,16,0.0088,1.1737,3,models/chua_orig_nint128_bs16_sig0.0_lr1e-03-1e-05_tfp0_ramp200_hLR1_m20_p10_seed13_minsym5_cand3_reducedp3_retained_sync_readout_retained_ga0p1_v1_rseed0.pth,0;2;3;5;6;7;8,True,0.1,1.0,0.9233394519281425,retained_preactivation,0.022966,nan,0.017555,5,5.0,1.0,3141874.8618644886,29010170.12980765,retained,0.0,,0.0,1e-05,False,0.001,200,5,128,5,5,7,2000,0.00,0.00,0.00,1.00,0,completed,13,200,13,0.0,,128,readout_retained,chua_orig_nint128_bs16_sig0.0_lr1e-03-1e-05_tfp0_ramp200_hLR1_m20_p10_seed13_minsym5_cand3_reducedp3_retained_sync_readout_retained_ga0p1_v1_rseed0,5,200,parent_free_run,default
1.362704,20,10,3,10,5,0.1,True,16,0.0157,1.3627,4,models/chua_orig_nint128_bs16_sig0.0_lr1e-03-1e-05_tfp0_ramp200_hLR1_m20_p10_seed13_minsym5_cand4_reducedp3_retained_sync_readout_retained_ga0p1_v1_rseed0.pth,0;2;5;6;7;8;9,True,0.1,1.0,21.65975319351809,retained_preactivation,0.210436,nan,0.024811,3,5.0,1.0,20039.741739852838,4340558.601470552,retained,0.0,,0.0,1e-05,False,0.001,200,5,128,5,5,7,2000,0.00,0.00,0.00,1.00,0,completed,13,200,13,0.0,,128,readout_retained,chua_orig_nint128_bs16_sig0.0_lr1e-03-1e-05_tfp0_ramp200_hLR1_m20_p10_seed13_minsym5_cand4_reducedp3_retained_sync_readout_retained_ga0p1_v1_rseed0,5,200,parent_free_run,default
1.115170,20,10,3,10,5,0.1,True,16,0.0072,1.1152,5,models/chua_orig_nint128_bs16_sig0.0_lr1e-03-1e-05_tfp0_ramp200_hLR1_m20_p10_seed13_minsym5_cand5_reducedp3_retained_sync_readout_retained_ga0p1_v1_rseed0.pth,0;3;5;6;7;8;9,True,0.1,1.0,4.898372065899447,retained_preactivation,0.027786,nan,0.016187,5,5.0,1.0,46224.57594451246,2264251.7156464737,retained,0.0,,0.0,1e-05,False,0.001,200,5,128,5,5,7,2000,0.00,0.00,0.00,1.00,0,completed,13,200,13,0.0,,128,readout_retained,chua_orig_nint128_bs16_sig0.0_lr1e-03-1e-05_tfp0_ramp200_hLR1_m20_p10_seed13_minsym5_cand5_reducedp3_retained_sync_readout_retained_ga0p1_v1_rseed0,5,200,parent_free_run,default
1.342857,20,10,3,10,5,0.1,True,16,0.0115,1.3429,6,models/chua_orig_nint128_bs16_sig0.0_lr1e-03-1e-05_tfp0_ramp200_hLR1_m20_p10_seed13_minsym5_cand6_reducedp3_retained_sync_readout_retained_ga0p1_v1_rseed0.pth,1;2;3;5;7;8;9,True,0.1,1.0,2.7566730276625813,retained_preactivation,0.022064,nan,0.011252,5,5.0,1.0,11.174848155562435,308.05402498666666,retained,0.0,,0.0,1e-05,False,0.001,200,5,128,5,5,7,2000,0.00,0.00,0.00,1.00,0,completed,13,200,13,0.0,,128,readout_retained,chua_orig_nint128_bs16_sig0.0_lr1e-03-1e-05_tfp0_ramp200_hLR1_m20_p10_seed13_minsym5_cand6_reducedp3_retained_sync_readout_retained_ga0p1_v1_rseed0,5,200,parent_free_run,default
1.276251,20,10,3,10,5,0.1,True,16,0.0082,1.2763,7,models/chua_orig_nint128_bs16_sig0.0_lr1e-03-1e-05_tfp0_ramp200_hLR1_m20_p10_seed13_minsym5_cand7_reducedp3_retained_sync_readout_retained_ga0p1_v1_rseed0.pth,2;3;5;6;7;8;9,True,0.1,1.0,2.815496988935095,retained_preactivation,0.029491,nan,0.016962,4,5.0,1.0,9.618518281739513,270.8090926025758,retained,0.0,,0.0,1e-05,False,0.001,200,5,128,5,5,7,2000,0.00,0.00,0.00,1.00,0,completed,13,200,13,0.0,,128,readout_retained,chua_orig_nint128_bs16_sig0.0_lr1e-03-1e-05_tfp0_ramp200_hLR1_m20_p10_seed13_minsym5_cand7_reducedp3_retained_sync_readout_retained_ga0p1_v1_rseed0,5,200,parent_free_run,default
2.655661,20,10,3,10,3,0.1,True,16,0.0088,2.6201,0,models/chua_orig_nint128_bs16_sig0.0_lr1e-03-1e-05_tfp0_ramp200_hLR1_m20_p10_seed14_minsym5_cand0_reducedp3_retained_sync_readout_retained_ga0p1_v1_rseed0.pth,0;1;2;5;6;7;8,True,0.1,1.0,4.054567381954937,retained_preactivation,0.496213,nan,0.353729,1,5.0,1.0,139.5435329315114,5657.886569868647,retained,0.0,,0.0,1e-05,False,0.001,200,5,128,4,5,7,2000,0.00,0.00,0.00,1.00,0,completed,14,200,14,0.0,,128,readout_retained,chua_orig_nint128_bs16_sig0.0_lr1e-03-1e-05_tfp0_ramp200_hLR1_m20_p10_seed14_minsym5_cand0_reducedp3_retained_sync_readout_retained_ga0p1_v1_rseed0,5,200,parent_free_run,default
1.128454,20,10,3,10,5,0.1,True,16,0.0111,1.1285,1,models/chua_orig_nint128_bs16_sig0.0_lr1e-03-1e-05_tfp0_ramp200_hLR1_m20_p10_seed14_minsym5_cand1_reducedp3_retained_sync_readout_retained_ga0p1_v1_rseed0.pth,0;1;2;5;6;7;9,True,0.1,1.0,5.532077627881617,retained_preactivation,0.033412,nan,0.011790,5,5.0,1.0,106.45341654930353,5889.085641039702,retained,0.0,,0.0,1e-05,False,0.001,200,5,128,5,5,7,2000,0.00,0.00,0.00,1.00,0,completed,14,200,14,0.0,,128,readout_retained,chua_orig_nint128_bs16_sig0.0_lr1e-03-1e-05_tfp0_ramp200_hLR1_m20_p10_seed14_minsym5_cand1_reducedp3_retained_sync_readout_retained_ga0p1_v1_rseed0,5,200,parent_free_run,default
1.195212,20,10,3,10,5,0.1,True,16,0.0181,1.1952,2,models/chua_orig_nint128_bs16_sig0.0_lr1e-03-1e-05_tfp0_ramp200_hLR1_m20_p10_seed14_minsym5_cand2_reducedp3_retained_sync_readout_retained_ga0p1_v1_rseed0.pth,0;1;2;5;6;8;9,True,0.1,1.0,6.300856514025052,retained_preactivation,0.024218,nan,0.007193,5,5.0,1.0,89.09951644749121,5614.032686046636,retained,0.0,,0.0,1e-05,False,0.001,200,5,128,5,5,7,2000,0.00,0.00,0.00,1.00,0,completed,14,200,14,0.0,,128,readout_retained,chua_orig_nint128_bs16_sig0.0_lr1e-03-1e-05_tfp0_ramp200_hLR1_m20_p10_seed14_minsym5_cand2_reducedp3_retained_sync_readout_retained_ga0p1_v1_rseed0,5,200,parent_free_run,default
2.469290,20,10,3,10,3,0.1,True,16,0.0104,2.4693,3,models/chua_orig_nint128_bs16_sig0.0_lr1e-03-1e-05_tfp0_ramp200_hLR1_m20_p10_seed14_minsym5_cand3_reducedp3_retained_sync_readout_retained_ga0p1_v1_rseed0.pth,0;1;5;6;7;8;9,True,0.1,1.0,3.0913275062588648,retained_preactivation,0.481042,nan,0.366362,3,5.0,1.0,159.4745931928451,4929.881964864879,retained,0.0,,0.0,1e-05,False,0.001,200,5,128,4,5,7,2000,0.00,0.00,0.00,1.00,0,completed,14,200,14,0.0,,128,readout_retained,chua_orig_nint128_bs16_sig0.0_lr1e-03-1e-05_tfp0_ramp200_hLR1_m20_p10_seed14_minsym5_cand3_reducedp3_retained_sync_readout_retained_ga0p1_v1_rseed0,5,200,parent_free_run,default
3.089152,20,10,3,10,3,0.1,True,16,0.0094,3.0892,4,models/chua_orig_nint128_bs16_sig0.0_lr1e-03-1e-05_tfp0_ramp200_hLR1_m20_p10_seed14_minsym5_cand4_reducedp3_retained_sync_readout_retained_ga0p1_v1_rseed0.pth,0;2;5;6;7;8;9,True,0.1,1.0,3.586765635535649,retained_preactivation,0.549303,nan,0.393688,3,5.0,1.0,146.18529822953138,5243.324041102171,retained,0.0,,0.0,1e-05,False,0.001,200,5,128,4,5,7,2000,0.00,0.00,0.00,1.00,0,completed,14,200,14,0.0,,128,readout_retained,chua_orig_nint128_bs16_sig0.0_lr1e-03-1e-05_tfp0_ramp200_hLR1_m20_p10_seed14_minsym5_cand4_reducedp3_retained_sync_readout_retained_ga0p1_v1_rseed0,5,200,parent_free_run,default
1.170774,20,10,3,10,5,0.1,True,16,0.0065,1.1708,0,models/chua_orig_nint128_bs16_sig0.0_lr1e-03-1e-05_tfp0_ramp200_hLR1_m20_p10_seed15_minsym5_cand0_reducedp3_retained_sync_readout_retained_ga0p1_v1_rseed0.pth,0;2;3;5;6;7;8,True,0.1,1.0,3.6071128149537395,retained_preactivation,0.044494,nan,0.030178,4,5.0,1.0,122.9932226779469,4436.504296740847,retained,0.0,,0.0,1e-05,False,0.001,200,5,128,5,5,7,2000,0.00,0.00,0.00,1.00,0,completed,15,200,15,0.0,,128,readout_retained,chua_orig_nint128_bs16_sig0.0_lr1e-03-1e-05_tfp0_ramp200_hLR1_m20_p10_seed15_minsym5_cand0_reducedp3_retained_sync_readout_retained_ga0p1_v1_rseed0,5,200,parent_free_run,default
1.290349,20,10,3,10,5,0.1,True,16,0.0070,1.2903,1,models/chua_orig_nint128_bs16_sig0.0_lr1e-03-1e-05_tfp0_ramp200_hLR1_m20_p10_seed15_minsym5_cand1_reducedp3_retained_sync_readout_retained_ga0p1_v1_rseed0.pth,0;2;3;5;6;7;9,True,0.1,1.0,5.919605748953604,retained_preactivation,0.053427,nan,0.014897,5,5.0,1.0,293.72807410691047,17387.543961123432,retained,0.0,,0.0,1e-05,False,0.001,200,5,128,5,5,7,2000,0.00,0.00,0.00,1.00,0,completed,15,200,15,0.0,,128,readout_retained,chua_orig_nint128_bs16_sig0.0_lr1e-03-1e-05_tfp0_ramp200_hLR1_m20_p10_seed15_minsym5_cand1_reducedp3_retained_sync_readout_retained_ga0p1_v1_rseed0,5,200,parent_free_run,default
1.326359,20,10,3,10,5,0.1,True,16,0.0116,1.3264,2,models/chua_orig_nint128_bs16_sig0.0_lr1e-03-1e-05_tfp0_ramp200_hLR1_m20_p10_seed15_minsym5_cand2_reducedp3_retained_sync_readout_retained_ga0p1_v1_rseed0.pth,0;2;3;5;6;8;9,True,0.1,1.0,1.8714113046679162,retained_preactivation,6526002072823367353761792.000000,nan,97385946428650662395904.000000,5,5.0,1.0,2334.564792631829,43689.30944410915,retained,0.0,,0.0,1e-05,False,0.001,200,5,128,5,5,7,2000,0.00,0.00,0.00,1.00,0,completed,15,200,15,0.0,,128,readout_retained,chua_orig_nint128_bs16_sig0.0_lr1e-03-1e-05_tfp0_ramp200_hLR1_m20_p10_seed15_minsym5_cand2_reducedp3_retained_sync_readout_retained_ga0p1_v1_rseed0,5,200,parent_free_run,default
2.954183,20,10,3,10,3,0.1,True,16,0.0133,2.9542,3,models/chua_orig_nint128_bs16_sig0.0_lr1e-03-1e-05_tfp0_ramp200_hLR1_m20_p10_seed15_minsym5_cand3_reducedp3_retained_sync_readout_retained_ga0p1_v1_rseed0.pth,0;2;3;5;7;8;9,True,0.1,1.0,4.835775394311236,retained_preactivation,0.486845,nan,0.291553,2,5.0,1.0,408.2561389020034,19742.34991078823,retained,0.0,,0.0,1e-05,False,0.001,200,5,128,4,5,7,2000,0.00,0.00,0.00,1.00,0,completed,15,200,15,0.0,,128,readout_retained,chua_orig_nint128_bs16_sig0.0_lr1e-03-1e-05_tfp0_ramp200_hLR1_m20_p10_seed15_minsym5_cand3_reducedp3_retained_sync_readout_retained_ga0p1_v1_rseed0,5,200,parent_free_run,default
1.188816,20,10,3,10,5,0.1,True,16,0.0108,1.1888,4,models/chua_orig_nint128_bs16_sig0.0_lr1e-03-1e-05_tfp0_ramp200_hLR1_m20_p10_seed15_minsym5_cand4_reducedp3_retained_sync_readout_retained_ga0p1_v1_rseed0.pth,0;2;5;6;7;8;9,True,0.1,1.0,3.3798040240417064,retained_preactivation,0.042961,nan,0.028087,6,5.0,1.0,69.87065315715478,2361.4911470297743,retained,0.0,,0.0,1e-05,False,0.001,200,5,128,5,5,7,2000,0.00,0.00,0.00,1.00,0,completed,15,200,15,0.0,,128,readout_retained,chua_orig_nint128_bs16_sig0.0_lr1e-03-1e-05_tfp0_ramp200_hLR1_m20_p10_seed15_minsym5_cand4_reducedp3_retained_sync_readout_retained_ga0p1_v1_rseed0,5,200,parent_free_run,default
1.415885,20,10,3,10,5,0.1,True,16,0.0062,1.4159,5,models/chua_orig_nint128_bs16_sig0.0_lr1e-03-1e-05_tfp0_ramp200_hLR1_m20_p10_seed15_minsym5_cand5_reducedp3_retained_sync_readout_retained_ga0p1_v1_rseed0.pth,0;3;5;6;7;8;9,True,0.1,1.0,5.0394347293921795,retained_preactivation,0.081963,nan,0.039591,5,5.0,1.0,348.89040195058703,17582.104083413906,retained,0.0,,0.0,1e-05,False,0.001,200,5,128,5,5,7,2000,0.00,0.00,0.00,1.00,0,completed,15,200,15,0.0,,128,readout_retained,chua_orig_nint128_bs16_sig0.0_lr1e-03-1e-05_tfp0_ramp200_hLR1_m20_p10_seed15_minsym5_cand5_reducedp3_retained_sync_readout_retained_ga0p1_v1_rseed0,5,200,parent_free_run,default
1.401433,20,10,3,10,5,0.1,True,16,0.0099,1.3684,6,models/chua_orig_nint128_bs16_sig0.0_lr1e-03-1e-05_tfp0_ramp200_hLR1_m20_p10_seed15_minsym5_cand6_reducedp3_retained_sync_readout_retained_ga0p1_v1_rseed0.pth,2;3;5;6;7;8;9,True,0.1,1.0,6.5940359985838715,retained_preactivation,0.075513,nan,0.042817,4,5.0,1.0,297.03593725753274,19586.656631492777,retained,0.0,,0.0,1e-05,False,0.001,200,5,128,5,5,7,2000,0.00,0.00,0.00,1.00,0,completed,15,200,15,0.0,,128,readout_retained,chua_orig_nint128_bs16_sig0.0_lr1e-03-1e-05_tfp0_ramp200_hLR1_m20_p10_seed15_minsym5_cand6_reducedp3_retained_sync_readout_retained_ga0p1_v1_rseed0,5,200,parent_free_run,default
1.200011,20,10,3,10,5,0.1,True,16,0.0137,1.2000,0,models/chua_orig_nint128_bs16_sig0.0_lr1e-03-1e-05_tfp0_ramp200_hLR1_m20_p10_seed16_minsym5_cand0_reducedp3_retained_sync_readout_retained_ga0p1_v1_rseed0.pth,0;1;2;3;4;5;8,True,0.1,1.0,2.596020889055014,retained_preactivation,0.056609,nan,0.021369,5,5.0,1.0,141.13234219233843,3663.825084525734,retained,0.0,,0.0,1e-05,False,0.001,200,5,128,5,5,7,2000,0.00,0.00,0.00,1.00,0,completed,16,200,16,0.0,,128,readout_retained,chua_orig_nint128_bs16_sig0.0_lr1e-03-1e-05_tfp0_ramp200_hLR1_m20_p10_seed16_minsym5_cand0_reducedp3_retained_sync_readout_retained_ga0p1_v1_rseed0,5,200,parent_free_run,default
1.217891,20,10,3,10,5,0.1,True,16,0.0119,1.2179,1,models/chua_orig_nint128_bs16_sig0.0_lr1e-03-1e-05_tfp0_ramp200_hLR1_m20_p10_seed16_minsym5_cand1_reducedp3_retained_sync_readout_retained_ga0p1_v1_rseed0.pth,0;1;2;3;4;7;8,True,0.1,1.0,1.459104686909194,retained_preactivation,0.031382,nan,0.015355,5,5.0,1.0,144.14439633447049,2103.2176428332377,retained,0.0,,0.0,1e-05,False,0.001,200,5,128,5,5,7,2000,0.00,0.00,0.00,1.00,0,completed,16,200,16,0.0,,128,readout_retained,chua_orig_nint128_bs16_sig0.0_lr1e-03-1e-05_tfp0_ramp200_hLR1_m20_p10_seed16_minsym5_cand1_reducedp3_retained_sync_readout_retained_ga0p1_v1_rseed0,5,200,parent_free_run,default
2.007740,20,10,3,10,5,0.1,True,16,0.0083,1.6973,0,models/chua_orig_nint128_bs16_sig0.0_lr1e-03-1e-05_tfp0_ramp200_hLR1_m20_p10_seed17_minsym5_cand0_reducedp3_retained_sync_readout_retained_ga0p1_v1_rseed0.pth,0;1;2;3;4;6;8,True,0.1,1.0,18.182691688577474,retained_preactivation,0.219743,nan,0.050302,4,5.0,1.0,15.533776643809553,2824.45871473633,retained,0.0,,0.0,1e-05,False,0.001,200,5,128,5,5,7,2000,0.00,0.00,0.00,1.00,0,completed,17,200,17,0.0,,128,readout_retained,chua_orig_nint128_bs16_sig0.0_lr1e-03-1e-05_tfp0_ramp200_hLR1_m20_p10_seed17_minsym5_cand0_reducedp3_retained_sync_readout_retained_ga0p1_v1_rseed0,5,200,parent_free_run,default
1.312289,20,10,3,10,5,0.1,True,16,0.0112,1.3123,1,models/chua_orig_nint128_bs16_sig0.0_lr1e-03-1e-05_tfp0_ramp200_hLR1_m20_p10_seed17_minsym5_cand1_reducedp3_retained_sync_readout_retained_ga0p1_v1_rseed0.pth,0;1;2;3;4;8;9,True,0.1,1.0,3.2072358019081495,retained_preactivation,0.051191,nan,0.022632,5,5.0,1.0,103.18526544583268,3309.394775672736,retained,0.0,,0.0,1e-05,False,0.001,200,5,128,5,5,7,2000,0.00,0.00,0.00,1.00,0,completed,17,200,17,0.0,,128,readout_retained,chua_orig_nint128_bs16_sig0.0_lr1e-03-1e-05_tfp0_ramp200_hLR1_m20_p10_seed17_minsym5_cand1_reducedp3_retained_sync_readout_retained_ga0p1_v1_rseed0,5,200,parent_free_run,default
1.106733,20,10,3,10,5,0.1,True,16,0.0064,1.1067,2,models/chua_orig_nint128_bs16_sig0.0_lr1e-03-1e-05_tfp0_ramp200_hLR1_m20_p10_seed17_minsym5_cand2_reducedp3_retained_sync_readout_retained_ga0p1_v1_rseed0.pth,0;2;3;4;6;7;8,True,0.1,1.0,5.342542505444104,retained_preactivation,0.047339,nan,0.015375,5,5.0,1.0,52.82096218955936,2821.982356761821,retained,0.0,,0.0,1e-05,False,0.001,200,5,128,5,5,7,2000,0.00,0.00,0.00,1.00,0,completed,17,200,17,0.0,,128,readout_retained,chua_orig_nint128_bs16_sig0.0_lr1e-03-1e-05_tfp0_ramp200_hLR1_m20_p10_seed17_minsym5_cand2_reducedp3_retained_sync_readout_retained_ga0p1_v1_rseed0,5,200,parent_free_run,default
1.096872,20,10,3,10,5,0.1,True,16,0.0122,1.0969,3,models/chua_orig_nint128_bs16_sig0.0_lr1e-03-1e-05_tfp0_ramp200_hLR1_m20_p10_seed17_minsym5_cand3_reducedp3_retained_sync_readout_retained_ga0p1_v1_rseed0.pth,0;2;3;4;7;8;9,True,0.1,1.0,1.0838328697279702,retained_preactivation,0.012644,nan,0.008476,5,5.0,1.0,364.4499768754709,3950.028643092351,retained,0.0,,0.0,1e-05,False,0.001,200,5,128,5,5,7,2000,0.00,0.00,0.00,1.00,0,completed,17,200,17,0.0,,128,readout_retained,chua_orig_nint128_bs16_sig0.0_lr1e-03-1e-05_tfp0_ramp200_hLR1_m20_p10_seed17_minsym5_cand3_reducedp3_retained_sync_readout_retained_ga0p1_v1_rseed0,5,200,parent_free_run,default
3.738057,20,10,3,10,3,0.1,True,16,0.0316,3.7381,4,models/chua_orig_nint128_bs16_sig0.0_lr1e-03-1e-05_tfp0_ramp200_hLR1_m20_p10_seed17_minsym5_cand4_reducedp3_retained_sync_readout_retained_ga0p1_v1_rseed0.pth,1;2;3;5;7;8;9,True,0.1,1.0,3.224489556634583,retained_preactivation,1.873451,nan,0.415029,1,5.0,1.0,96.72291520968625,3118.8202998088877,retained,0.0,,0.0,1e-05,False,0.001,200,5,128,5,5,7,2000,0.00,0.00,0.00,1.00,0,completed,17,200,17,0.0,,128,readout_retained,chua_orig_nint128_bs16_sig0.0_lr1e-03-1e-05_tfp0_ramp200_hLR1_m20_p10_seed17_minsym5_cand4_reducedp3_retained_sync_readout_retained_ga0p1_v1_rseed0,5,200,parent_free_run,default
5.379652,20,10,3,10,4,0.1,True,16,0.0087,2.5232,5,models/chua_orig_nint128_bs16_sig0.0_lr1e-03-1e-05_tfp0_ramp200_hLR1_m20_p10_seed17_minsym5_cand5_reducedp3_retained_sync_readout_retained_ga0p1_v1_rseed0.pth,1;2;4;5;7;8;9,True,0.1,1.0,3.274408687735204,retained_preactivation,0.397971,nan,0.283307,3,5.0,1.0,57.92003947895507,1896.5388046385974,retained,0.0,,0.0,1e-05,False,0.001,200,5,128,7,5,7,2000,0.00,0.00,0.00,1.00,0,completed,17,200,17,0.0,,128,readout_retained,chua_orig_nint128_bs16_sig0.0_lr1e-03-1e-05_tfp0_ramp200_hLR1_m20_p10_seed17_minsym5_cand5_reducedp3_retained_sync_readout_retained_ga0p1_v1_rseed0,5,200,parent_free_run,default
1.205290,20,10,3,10,5,0.1,True,16,0.0165,1.2053,0,models/chua_orig_nint128_bs16_sig0.0_lr1e-03-1e-05_tfp0_ramp200_hLR1_m20_p10_seed18_minsym5_cand0_reducedp3_retained_sync_readout_retained_ga0p1_v1_rseed0.pth,0;1;2;3;4;5;7,True,0.1,1.0,0.5987248409841206,retained_preactivation,0.032686,nan,0.026412,5,5.0,1.0,94173676.72480543,563841196.2194911,retained,0.0,,0.0,1e-05,False,0.001,200,5,128,5,5,7,2000,0.00,0.00,0.00,1.00,0,completed,18,200,18,0.0,,128,readout_retained,chua_orig_nint128_bs16_sig0.0_lr1e-03-1e-05_tfp0_ramp200_hLR1_m20_p10_seed18_minsym5_cand0_reducedp3_retained_sync_readout_retained_ga0p1_v1_rseed0,5,200,parent_free_run,default
1.212556,20,10,3,10,5,0.1,True,16,0.0095,1.1914,1,models/chua_orig_nint128_bs16_sig0.0_lr1e-03-1e-05_tfp0_ramp200_hLR1_m20_p10_seed18_minsym5_cand1_reducedp3_retained_sync_readout_retained_ga0p1_v1_rseed0.pth,0;1;2;3;4;5;9,True,0.1,1.0,1.3652827484303909,retained_preactivation,0.036705,nan,0.023812,4,5.0,1.0,85123605.54620585,1162177901.3642838,retained,0.0,,0.0,1e-05,False,0.001,200,5,128,5,5,7,2000,0.00,0.00,0.00,1.00,0,completed,18,200,18,0.0,,128,readout_retained,chua_orig_nint128_bs16_sig0.0_lr1e-03-1e-05_tfp0_ramp200_hLR1_m20_p10_seed18_minsym5_cand1_reducedp3_retained_sync_readout_retained_ga0p1_v1_rseed0,5,200,parent_free_run,default
1.216509,20,10,3,10,5,0.1,True,16,0.0100,1.2165,2,models/chua_orig_nint128_bs16_sig0.0_lr1e-03-1e-05_tfp0_ramp200_hLR1_m20_p10_seed18_minsym5_cand2_reducedp3_retained_sync_readout_retained_ga0p1_v1_rseed0.pth,0;1;2;3;4;6;7,True,0.1,1.0,1.9443217125976007,retained_preactivation,0.035818,nan,0.019998,4,5.0,1.0,165318.737381762,3214328.105905805,retained,0.0,,0.0,1e-05,False,0.001,200,5,128,5,5,7,2000,0.00,0.00,0.00,1.00,0,completed,18,200,18,0.0,,128,readout_retained,chua_orig_nint128_bs16_sig0.0_lr1e-03-1e-05_tfp0_ramp200_hLR1_m20_p10_seed18_minsym5_cand2_reducedp3_retained_sync_readout_retained_ga0p1_v1_rseed0,5,200,parent_free_run,default
1.362293,20,10,3,10,5,0.1,True,16,0.0063,1.3623,3,models/chua_orig_nint128_bs16_sig0.0_lr1e-03-1e-05_tfp0_ramp200_hLR1_m20_p10_seed18_minsym5_cand3_reducedp3_retained_sync_readout_retained_ga0p1_v1_rseed0.pth,0;1;2;3;4;6;9,True,0.1,1.0,13.726421822679196,retained_preactivation,0.108102,nan,0.022085,4,5.0,1.0,7477.1502091371685,1026345.1780215076,retained,0.0,,0.0,1e-05,False,0.001,200,5,128,5,5,7,2000,0.00,0.00,0.00,1.00,0,completed,18,200,18,0.0,,128,readout_retained,chua_orig_nint128_bs16_sig0.0_lr1e-03-1e-05_tfp0_ramp200_hLR1_m20_p10_seed18_minsym5_cand3_reducedp3_retained_sync_readout_retained_ga0p1_v1_rseed0,5,200,parent_free_run,default
1.394251,20,10,3,10,5,0.1,True,16,0.0088,1.3943,4,models/chua_orig_nint128_bs16_sig0.0_lr1e-03-1e-05_tfp0_ramp200_hLR1_m20_p10_seed18_minsym5_cand4_reducedp3_retained_sync_readout_retained_ga0p1_v1_rseed0.pth,0;1;3;4;5;7;9,True,0.1,1.0,23.253232162475488,retained_preactivation,0.173847,nan,0.046977,5,5.0,1.0,52817.78062830736,12281841.152567314,retained,0.0,,0.0,1e-05,False,0.001,200,5,128,5,5,7,2000,0.00,0.00,0.00,1.00,0,completed,18,200,18,0.0,,128,readout_retained,chua_orig_nint128_bs16_sig0.0_lr1e-03-1e-05_tfp0_ramp200_hLR1_m20_p10_seed18_minsym5_cand4_reducedp3_retained_sync_readout_retained_ga0p1_v1_rseed0,5,200,parent_free_run,default
1.668083,20,10,3,10,5,0.1,True,16,0.0104,1.6681,5,models/chua_orig_nint128_bs16_sig0.0_lr1e-03-1e-05_tfp0_ramp200_hLR1_m20_p10_seed18_minsym5_cand5_reducedp3_retained_sync_readout_retained_ga0p1_v1_rseed0.pth,0;1;3;4;6;7;9,True,0.1,1.0,23.296533367485807,retained_preactivation,0.176736,nan,0.034403,5,5.0,1.0,3987.2105096718306,928881.826817599,retained,0.0,,0.0,1e-05,False,0.001,200,5,128,5,5,7,2000,0.00,0.00,0.00,1.00,0,completed,18,200,18,0.0,,128,readout_retained,chua_orig_nint128_bs16_sig0.0_lr1e-03-1e-05_tfp0_ramp200_hLR1_m20_p10_seed18_minsym5_cand5_reducedp3_retained_sync_readout_retained_ga0p1_v1_rseed0,5,200,parent_free_run,default
1.148978,20,10,3,10,5,0.1,True,16,0.0083,1.1302,6,models/chua_orig_nint128_bs16_sig0.0_lr1e-03-1e-05_tfp0_ramp200_hLR1_m20_p10_seed18_minsym5_cand6_reducedp3_retained_sync_readout_retained_ga0p1_v1_rseed0.pth,1;2;3;4;5;7;9,True,0.1,1.0,1.1682233535871491,retained_preactivation,0.032335,nan,0.026269,5,5.0,1.0,11469.028188724187,133983.86573016917,retained,0.0,,0.0,1e-05,False,0.001,200,5,128,5,5,7,2000,0.00,0.00,0.00,1.00,0,completed,18,200,18,0.0,,128,readout_retained,chua_orig_nint128_bs16_sig0.0_lr1e-03-1e-05_tfp0_ramp200_hLR1_m20_p10_seed18_minsym5_cand6_reducedp3_retained_sync_readout_retained_ga0p1_v1_rseed0,5,200,parent_free_run,default
1.183123,20,10,3,10,5,0.1,True,16,0.0187,1.1831,7,models/chua_orig_nint128_bs16_sig0.0_lr1e-03-1e-05_tfp0_ramp200_hLR1_m20_p10_seed18_minsym5_cand7_reducedp3_retained_sync_readout_retained_ga0p1_v1_rseed0.pth,1;2;3;4;6;7;9,True,0.1,1.0,1.9056358753067173,retained_preactivation,0.027849,nan,0.017374,5,5.0,1.0,8859.858673745874,168836.64538837533,retained,0.0,,0.0,1e-05,False,0.001,200,5,128,5,5,7,2000,0.00,0.00,0.00,1.00,0,completed,18,200,18,0.0,,128,readout_retained,chua_orig_nint128_bs16_sig0.0_lr1e-03-1e-05_tfp0_ramp200_hLR1_m20_p10_seed18_minsym5_cand7_reducedp3_retained_sync_readout_retained_ga0p1_v1_rseed0,5,200,parent_free_run,default
1.219480,20,10,3,10,5,0.1,True,16,0.0145,1.2195,0,models/chua_orig_nint128_bs16_sig0.0_lr1e-03-1e-05_tfp0_ramp200_hLR1_m20_p10_seed20_minsym5_cand0_reducedp3_retained_sync_readout_retained_ga0p1_v1_rseed0.pth,0;1;2;3;5;7;8,True,0.1,1.0,18.658938932157547,retained_preactivation,0.025446,nan,0.008525,5,5.0,1.0,1322304.6400463094,246728015.28332654,retained,0.0,,0.0,1e-05,False,0.001,200,5,128,5,5,7,2000,0.00,0.00,0.00,1.00,0,completed,20,200,20,0.0,,128,readout_retained,chua_orig_nint128_bs16_sig0.0_lr1e-03-1e-05_tfp0_ramp200_hLR1_m20_p10_seed20_minsym5_cand0_reducedp3_retained_sync_readout_retained_ga0p1_v1_rseed0,5,200,parent_free_run,default
1.468965,20,10,3,10,5,0.1,True,16,0.0128,1.2331,1,models/chua_orig_nint128_bs16_sig0.0_lr1e-03-1e-05_tfp0_ramp200_hLR1_m20_p10_seed20_minsym5_cand1_reducedp3_retained_sync_readout_retained_ga0p1_v1_rseed0.pth,0;1;3;4;5;7;8,True,0.1,1.0,3.3079002538728384,retained_preactivation,0.018228,nan,0.007948,3,5.0,1.0,3558.114040800793,117698.86338873456,retained,0.0,,0.0,1e-05,False,0.001,200,5,128,5,5,7,2000,0.00,0.00,0.00,1.00,0,completed,20,200,20,0.0,,128,readout_retained,chua_orig_nint128_bs16_sig0.0_lr1e-03-1e-05_tfp0_ramp200_hLR1_m20_p10_seed20_minsym5_cand1_reducedp3_retained_sync_readout_retained_ga0p1_v1_rseed0,5,200,parent_free_run,default
1.053371,20,10,3,10,5,0.1,True,16,0.0120,1.0534,2,models/chua_orig_nint128_bs16_sig0.0_lr1e-03-1e-05_tfp0_ramp200_hLR1_m20_p10_seed20_minsym5_cand2_reducedp3_retained_sync_readout_retained_ga0p1_v1_rseed0.pth,1;2;3;4;5;7;8,True,0.1,1.0,4.1827319540120715,retained_preactivation,0.015283,nan,0.007398,5,5.0,1.0,1716221.2885942184,71784936.2395881,retained,0.0,,0.0,1e-05,False,0.001,200,5,128,5,5,7,2000,0.00,0.00,0.00,1.00,0,completed,20,200,20,0.0,,128,readout_retained,chua_orig_nint128_bs16_sig0.0_lr1e-03-1e-05_tfp0_ramp200_hLR1_m20_p10_seed20_minsym5_cand2_reducedp3_retained_sync_readout_retained_ga0p1_v1_rseed0,5,200,parent_free_run,default
1.414786,20,10,3,10,5,0.1,True,16,0.0054,1.2838,0,models/chua_orig_nint128_bs16_sig0.0_lr1e-03-1e-05_tfp0_ramp200_hLR1_m20_p10_seed21_minsym5_cand0_reducedp3_retained_sync_readout_retained_ga0p1_v1_rseed0.pth,0;1;3;4;5;6;8,True,0.1,1.0,1.23002067992727,retained_preactivation,0.054679,nan,0.025521,4,5.0,1.0,43873.356276902276,539651.3551840669,retained,0.0,,0.0,1e-05,False,0.001,200,5,128,5,5,7,2000,0.00,0.00,0.00,1.00,0,completed,21,200,21,0.0,,128,readout_retained,chua_orig_nint128_bs16_sig0.0_lr1e-03-1e-05_tfp0_ramp200_hLR1_m20_p10_seed21_minsym5_cand0_reducedp3_retained_sync_readout_retained_ga0p1_v1_rseed0,5,200,parent_free_run,default
1.262092,20,10,3,10,5,0.1,True,16,0.0071,1.1974,1,models/chua_orig_nint128_bs16_sig0.0_lr1e-03-1e-05_tfp0_ramp200_hLR1_m20_p10_seed21_minsym5_cand1_reducedp3_retained_sync_readout_retained_ga0p1_v1_rseed0.pth,0;1;3;4;5;8;9,True,0.1,1.0,0.8514216185750226,retained_preactivation,0.037076,nan,0.023447,5,5.0,1.0,22023.721526458692,187514.72629103027,retained,0.0,,0.0,1e-05,False,0.001,200,5,128,5,5,7,2000,0.00,0.00,0.00,1.00,0,completed,21,200,21,0.0,,128,readout_retained,chua_orig_nint128_bs16_sig0.0_lr1e-03-1e-05_tfp0_ramp200_hLR1_m20_p10_seed21_minsym5_cand1_reducedp3_retained_sync_readout_retained_ga0p1_v1_rseed0,5,200,parent_free_run,default
1.204660,20,10,3,10,5,0.1,True,16,0.0095,1.2047,2,models/chua_orig_nint128_bs16_sig0.0_lr1e-03-1e-05_tfp0_ramp200_hLR1_m20_p10_seed21_minsym5_cand2_reducedp3_retained_sync_readout_retained_ga0p1_v1_rseed0.pth,0;1;3;4;6;8;9,True,0.1,1.0,1.6810700359272026,retained_preactivation,0.050062,nan,0.027134,5,5.0,1.0,2490.872124659604,41873.3049209159,retained,0.0,,0.0,1e-05,False,0.001,200,5,128,5,5,7,2000,0.00,0.00,0.00,1.00,0,completed,21,200,21,0.0,,128,readout_retained,chua_orig_nint128_bs16_sig0.0_lr1e-03-1e-05_tfp0_ramp200_hLR1_m20_p10_seed21_minsym5_cand2_reducedp3_retained_sync_readout_retained_ga0p1_v1_rseed0,5,200,parent_free_run,default
1.280765,20,10,3,10,5,0.1,True,16,0.0099,1.2808,3,models/chua_orig_nint128_bs16_sig0.0_lr1e-03-1e-05_tfp0_ramp200_hLR1_m20_p10_seed21_minsym5_cand3_reducedp3_retained_sync_readout_retained_ga0p1_v1_rseed0.pth,0;3;4;5;6;8;9,True,0.1,1.0,0.8860757202084559,retained_preactivation,0.041470,nan,0.024836,5,5.0,1.0,22231.53891153287,196988.268523788,retained,0.0,,0.0,1e-05,False,0.001,200,5,128,5,5,7,2000,0.00,0.00,0.00,1.00,0,completed,21,200,21,0.0,,128,readout_retained,chua_orig_nint128_bs16_sig0.0_lr1e-03-1e-05_tfp0_ramp200_hLR1_m20_p10_seed21_minsym5_cand3_reducedp3_retained_sync_readout_retained_ga0p1_v1_rseed0,5,200,parent_free_run,default
4.419767,20,10,3,10,3,0.1,True,16,0.0147,4.4198,0,models/chua_orig_nint128_bs16_sig0.0_lr1e-03-1e-05_tfp0_ramp200_hLR1_m20_p10_seed22_minsym5_cand0_reducedp3_retained_sync_readout_retained_ga0p1_v1_rseed0.pth,0;2;3;4;5;7;8,True,0.1,1.0,1.2115240402923366,retained_preactivation,0.290129,nan,0.180595,2,5.0,1.0,226.3079032863054,2741.7746533951326,retained,0.0,,0.0,1e-05,False,0.001,200,5,128,8,5,7,2000,0.00,0.00,0.00,1.00,0,completed,22,200,22,0.0,,128,readout_retained,chua_orig_nint128_bs16_sig0.0_lr1e-03-1e-05_tfp0_ramp200_hLR1_m20_p10_seed22_minsym5_cand0_reducedp3_retained_sync_readout_retained_ga0p1_v1_rseed0,5,200,parent_free_run,default
1.339470,20,10,3,10,5,0.1,True,16,0.0083,1.3395,1,models/chua_orig_nint128_bs16_sig0.0_lr1e-03-1e-05_tfp0_ramp200_hLR1_m20_p10_seed22_minsym5_cand1_reducedp3_retained_sync_readout_retained_ga0p1_v1_rseed0.pth,0;2;3;4;5;8;9,True,0.1,1.0,1.2557089692199523,retained_preactivation,0.028978,nan,0.017798,5,5.0,1.0,391.0377770635726,4910.296439625616,retained,0.0,,0.0,1e-05,False,0.001,200,5,128,5,5,7,2000,0.00,0.00,0.00,1.00,0,completed,22,200,22,0.0,,128,readout_retained,chua_orig_nint128_bs16_sig0.0_lr1e-03-1e-05_tfp0_ramp200_hLR1_m20_p10_seed22_minsym5_cand1_reducedp3_retained_sync_readout_retained_ga0p1_v1_rseed0,5,200,parent_free_run,default
1.000558,20,10,3,10,5,0.1,True,16,0.0078,1.0006,2,models/chua_orig_nint128_bs16_sig0.0_lr1e-03-1e-05_tfp0_ramp200_hLR1_m20_p10_seed22_minsym5_cand2_reducedp3_retained_sync_readout_retained_ga0p1_v1_rseed0.pth,0;2;3;4;7;8;9,True,0.1,1.0,1.3012313433277056,retained_preactivation,0.018146,nan,0.013207,5,5.0,1.0,207.64765063434945,2701.9763137377795,retained,0.0,,0.0,1e-05,False,0.001,200,5,128,5,5,7,2000,0.00,0.00,0.00,1.00,0,completed,22,200,22,0.0,,128,readout_retained,chua_orig_nint128_bs16_sig0.0_lr1e-03-1e-05_tfp0_ramp200_hLR1_m20_p10_seed22_minsym5_cand2_reducedp3_retained_sync_readout_retained_ga0p1_v1_rseed0,5,200,parent_free_run,default
1.169291,20,10,3,10,5,0.1,True,16,0.0057,1.1693,3,models/chua_orig_nint128_bs16_sig0.0_lr1e-03-1e-05_tfp0_ramp200_hLR1_m20_p10_seed22_minsym5_cand3_reducedp3_retained_sync_readout_retained_ga0p1_v1_rseed0.pth,0;2;3;5;7;8;9,True,0.1,1.0,1.314760373300011,retained_preactivation,0.024381,nan,0.015043,5,5.0,1.0,430.3846435530083,5658.526746203467,retained,0.0,,0.0,1e-05,False,0.001,200,5,128,5,5,7,2000,0.00,0.00,0.00,1.00,0,completed,22,200,22,0.0,,128,readout_retained,chua_orig_nint128_bs16_sig0.0_lr1e-03-1e-05_tfp0_ramp200_hLR1_m20_p10_seed22_minsym5_cand3_reducedp3_retained_sync_readout_retained_ga0p1_v1_rseed0,5,200,parent_free_run,default
1.121561,20,10,3,10,5,0.1,True,16,0.0104,1.1216,4,models/chua_orig_nint128_bs16_sig0.0_lr1e-03-1e-05_tfp0_ramp200_hLR1_m20_p10_seed22_minsym5_cand4_reducedp3_retained_sync_readout_retained_ga0p1_v1_rseed0.pth,0;2;4;5;7;8;9,True,0.1,1.0,1.073047087241603,retained_preactivation,0.020859,nan,0.011325,4,5.0,1.0,189.55408376341228,2034.0045745708144,retained,0.0,,0.0,1e-05,False,0.001,200,5,128,5,5,7,2000,0.00,0.00,0.00,1.00,0,completed,22,200,22,0.0,,128,readout_retained,chua_orig_nint128_bs16_sig0.0_lr1e-03-1e-05_tfp0_ramp200_hLR1_m20_p10_seed22_minsym5_cand4_reducedp3_retained_sync_readout_retained_ga0p1_v1_rseed0,5,200,parent_free_run,default
1.101207,20,10,4,10,5,0.1,True,16,0.0052,1.1012,5,models/chua_orig_nint128_bs16_sig0.0_lr1e-03-1e-05_tfp0_ramp200_hLR1_m20_p10_seed22_minsym5_cand5_reducedp4_retained_sync_readout_retained_ga0p1_v1_rseed0.pth,1;2;3;4;5;7,True,0.1,1.0,2.9395617349559493,retained_preactivation,0.033399,nan,0.018588,5,5.0,1.0,113.9649888200662,3350.071202601521,retained,0.0,,0.0,1e-05,False,0.001,200,5,128,5,5,6,2000,0.00,0.00,0.00,1.00,0,completed,22,200,22,0.0,,128,readout_retained,chua_orig_nint128_bs16_sig0.0_lr1e-03-1e-05_tfp0_ramp200_hLR1_m20_p10_seed22_minsym5_cand5_reducedp4_retained_sync_readout_retained_ga0p1_v1_rseed0,5,200,parent_free_run,default
1.159911,20,10,4,10,5,0.1,True,16,0.0104,1.1599,6,models/chua_orig_nint128_bs16_sig0.0_lr1e-03-1e-05_tfp0_ramp200_hLR1_m20_p10_seed22_minsym5_cand6_reducedp4_retained_sync_readout_retained_ga0p1_v1_rseed0.pth,1;2;3;4;7;9,True,0.1,1.0,2.9191481321730537,retained_preactivation,0.037255,nan,0.019725,5,5.0,1.0,114.47593549357396,3341.722132748323,retained,0.0,,0.0,1e-05,False,0.001,200,5,128,5,5,6,2000,0.00,0.00,0.00,1.00,0,completed,22,200,22,0.0,,128,readout_retained,chua_orig_nint128_bs16_sig0.0_lr1e-03-1e-05_tfp0_ramp200_hLR1_m20_p10_seed22_minsym5_cand6_reducedp4_retained_sync_readout_retained_ga0p1_v1_rseed0,5,200,parent_free_run,default
1.039689,20,10,4,10,5,0.1,True,16,0.0081,1.0397,7,models/chua_orig_nint128_bs16_sig0.0_lr1e-03-1e-05_tfp0_ramp200_hLR1_m20_p10_seed22_minsym5_cand7_reducedp4_retained_sync_readout_retained_ga0p1_v1_rseed0.pth,1;2;3;5;7;9,True,0.1,1.0,2.642173996555056,retained_preactivation,0.033605,nan,0.017370,4,5.0,1.0,115.41731598782734,3049.5263105521813,retained,0.0,,0.0,1e-05,False,0.001,200,5,128,5,5,6,2000,0.00,0.00,0.00,1.00,0,completed,22,200,22,0.0,,128,readout_retained,chua_orig_nint128_bs16_sig0.0_lr1e-03-1e-05_tfp0_ramp200_hLR1_m20_p10_seed22_minsym5_cand7_reducedp4_retained_sync_readout_retained_ga0p1_v1_rseed0,5,200,parent_free_run,default
1.948401,20,10,3,10,5,0.1,True,16,0.0145,1.9484,0,models/chua_orig_nint128_bs16_sig0.0_lr1e-03-1e-05_tfp0_ramp200_hLR1_m20_p10_seed23_minsym5_cand0_reducedp3_retained_sync_readout_retained_ga0p1_v1_rseed0.pth,0;1;3;4;6;7;9,True,0.1,1.0,2.920731420788728,retained_preactivation,342757141786642618785367851008.000000,nan,9065143244888124758058598400.000000,3,5.0,1.0,248.62820473931458,7261.762096764118,retained,0.0,,0.0,1e-05,False,0.001,200,5,128,5,5,7,2000,0.00,0.00,0.00,1.00,0,completed,23,200,23,0.0,,128,readout_retained,chua_orig_nint128_bs16_sig0.0_lr1e-03-1e-05_tfp0_ramp200_hLR1_m20_p10_seed23_minsym5_cand0_reducedp3_retained_sync_readout_retained_ga0p1_v1_rseed0,5,200,parent_free_run,default
1.258262,20,10,3,10,5,0.1,True,16,0.0079,1.1169,1,models/chua_orig_nint128_bs16_sig0.0_lr1e-03-1e-05_tfp0_ramp200_hLR1_m20_p10_seed23_minsym5_cand1_reducedp3_retained_sync_readout_retained_ga0p1_v1_rseed0.pth,0;1;3;5;6;7;9,True,0.1,1.0,0.5096883561620895,retained_preactivation,0.015973,nan,0.011055,4,5.0,1.0,100.890310115952,514.2261631568351,retained,0.0,,0.0,1e-05,False,0.001,200,5,128,5,5,7,2000,0.00,0.00,0.00,1.00,0,completed,23,200,23,0.0,,128,readout_retained,chua_orig_nint128_bs16_sig0.0_lr1e-03-1e-05_tfp0_ramp200_hLR1_m20_p10_seed23_minsym5_cand1_reducedp3_retained_sync_readout_retained_ga0p1_v1_rseed0,5,200,parent_free_run,default
1.341570,20,10,3,10,5,0.1,True,16,0.0094,1.3416,2,models/chua_orig_nint128_bs16_sig0.0_lr1e-03-1e-05_tfp0_ramp200_hLR1_m20_p10_seed23_minsym5_cand2_reducedp3_retained_sync_readout_retained_ga0p1_v1_rseed0.pth,0;1;4;5;6;7;9,True,0.1,1.0,1.6500395285869436,retained_preactivation,0.044949,nan,0.019582,4,5.0,1.0,1538.6277914001,25387.966755925925,retained,0.0,,0.0,1e-05,False,0.001,200,5,128,5,5,7,2000,0.00,0.00,0.00,1.00,0,completed,23,200,23,0.0,,128,readout_retained,chua_orig_nint128_bs16_sig0.0_lr1e-03-1e-05_tfp0_ramp200_hLR1_m20_p10_seed23_minsym5_cand2_reducedp3_retained_sync_readout_retained_ga0p1_v1_rseed0,5,200,parent_free_run,default
1.212933,20,10,3,10,5,0.1,True,16,0.0064,1.2129,0,models/chua_orig_nint128_bs16_sig0.0_lr1e-03-1e-05_tfp0_ramp200_hLR1_m20_p10_seed24_minsym5_cand0_reducedp3_retained_sync_readout_retained_ga0p1_v1_rseed0.pth,0;1;2;3;5;6;9,True,0.1,1.0,6.298952293465838,retained_preactivation,973.056702,nan,5.192491,5,5.0,1.0,59.329220825716405,3737.119315896938,retained,0.0,,0.0,1e-05,False,0.001,200,5,128,5,5,7,2000,0.00,0.00,0.00,1.00,0,completed,24,200,24,0.0,,128,readout_retained,chua_orig_nint128_bs16_sig0.0_lr1e-03-1e-05_tfp0_ramp200_hLR1_m20_p10_seed24_minsym5_cand0_reducedp3_retained_sync_readout_retained_ga0p1_v1_rseed0,5,200,parent_free_run,default
1.168041,20,10,3,10,5,0.1,True,16,0.0148,1.1680,1,models/chua_orig_nint128_bs16_sig0.0_lr1e-03-1e-05_tfp0_ramp200_hLR1_m20_p10_seed24_minsym5_cand1_reducedp3_retained_sync_readout_retained_ga0p1_v1_rseed0.pth,0;1;2;3;5;8;9,True,0.1,1.0,4.843480370468618,retained_preactivation,1187192631133741252608.000000,nan,6043887874535849984.000000,5,5.0,1.0,48.75874657050225,2361.620319028865,retained,0.0,,0.0,1e-05,False,0.001,200,5,128,5,5,7,2000,0.00,0.00,0.00,1.00,0,completed,24,200,24,0.0,,128,readout_retained,chua_orig_nint128_bs16_sig0.0_lr1e-03-1e-05_tfp0_ramp200_hLR1_m20_p10_seed24_minsym5_cand1_reducedp3_retained_sync_readout_retained_ga0p1_v1_rseed0,5,200,parent_free_run,default
1.302724,20,10,3,10,5,0.1,True,16,0.0129,1.3027,2,models/chua_orig_nint128_bs16_sig0.0_lr1e-03-1e-05_tfp0_ramp200_hLR1_m20_p10_seed24_minsym5_cand2_reducedp3_retained_sync_readout_retained_ga0p1_v1_rseed0.pth,0;1;2;3;6;7;9,True,0.1,1.0,1.9013700339765558,retained_preactivation,0.046384,nan,0.025960,5,5.0,1.0,444.7173945722792,8455.723276278617,retained,0.0,,0.0,1e-05,False,0.001,200,5,128,5,5,7,2000,0.00,0.00,0.00,1.00,0,completed,24,200,24,0.0,,128,readout_retained,chua_orig_nint128_bs16_sig0.0_lr1e-03-1e-05_tfp0_ramp200_hLR1_m20_p10_seed24_minsym5_cand2_reducedp3_retained_sync_readout_retained_ga0p1_v1_rseed0,5,200,parent_free_run,default
1.213077,20,10,3,10,5,0.1,True,16,0.0089,1.2131,3,models/chua_orig_nint128_bs16_sig0.0_lr1e-03-1e-05_tfp0_ramp200_hLR1_m20_p10_seed24_minsym5_cand3_reducedp3_retained_sync_readout_retained_ga0p1_v1_rseed0.pth,0;1;2;3;7;8;9,True,0.1,1.0,2.306542269058623,retained_preactivation,0.066808,nan,0.041078,5,5.0,1.0,162.06593073734442,3738.1191962001426,retained,0.0,,0.0,1e-05,False,0.001,200,5,128,5,5,7,2000,0.00,0.00,0.00,1.00,0,completed,24,200,24,0.0,,128,readout_retained,chua_orig_nint128_bs16_sig0.0_lr1e-03-1e-05_tfp0_ramp200_hLR1_m20_p10_seed24_minsym5_cand3_reducedp3_retained_sync_readout_retained_ga0p1_v1_rseed0,5,200,parent_free_run,default
1.225185,20,10,3,10,5,0.1,True,16,0.0119,1.2252,4,models/chua_orig_nint128_bs16_sig0.0_lr1e-03-1e-05_tfp0_ramp200_hLR1_m20_p10_seed24_minsym5_cand4_reducedp3_retained_sync_readout_retained_ga0p1_v1_rseed0.pth,0;1;2;5;6;7;9,True,0.1,1.0,4.9377415426179665,retained_preactivation,0.034972,nan,0.016464,5,5.0,1.0,211.78985516077827,10457.635661324217,retained,0.0,,0.0,1e-05,False,0.001,200,5,128,5,5,7,2000,0.00,0.00,0.00,1.00,0,completed,24,200,24,0.0,,128,readout_retained,chua_orig_nint128_bs16_sig0.0_lr1e-03-1e-05_tfp0_ramp200_hLR1_m20_p10_seed24_minsym5_cand4_reducedp3_retained_sync_readout_retained_ga0p1_v1_rseed0,5,200,parent_free_run,default
1.173458,20,10,3,10,5,0.1,True,16,0.0087,1.1735,5,models/chua_orig_nint128_bs16_sig0.0_lr1e-03-1e-05_tfp0_ramp200_hLR1_m20_p10_seed24_minsym5_cand5_reducedp3_retained_sync_readout_retained_ga0p1_v1_rseed0.pth,0;1;2;5;7;8;9,True,0.1,1.0,6.308553168313455,retained_preactivation,0.046526,nan,0.024308,5,5.0,1.0,61.48390855624371,3878.7450612279226,retained,0.0,,0.0,1e-05,False,0.001,200,5,128,5,5,7,2000,0.00,0.00,0.00,1.00,0,completed,24,200,24,0.0,,128,readout_retained,chua_orig_nint128_bs16_sig0.0_lr1e-03-1e-05_tfp0_ramp200_hLR1_m20_p10_seed24_minsym5_cand5_reducedp3_retained_sync_readout_retained_ga0p1_v1_rseed0,5,200,parent_free_run,default
1.883220,20,10,3,10,5,0.1,True,16,0.0096,1.8832,6,models/chua_orig_nint128_bs16_sig0.0_lr1e-03-1e-05_tfp0_ramp200_hLR1_m20_p10_seed24_minsym5_cand6_reducedp3_retained_sync_readout_retained_ga0p1_v1_rseed0.pth,0;2;3;5;6;7;9,True,0.1,1.0,7.54260313712122,retained_preactivation,0.162636,nan,0.070427,5,5.0,1.0,156.2570447630632,11785.848760271787,retained,0.0,,0.0,1e-05,False,0.001,200,5,128,5,5,7,2000,0.00,0.00,0.00,1.00,0,completed,24,200,24,0.0,,128,readout_retained,chua_orig_nint128_bs16_sig0.0_lr1e-03-1e-05_tfp0_ramp200_hLR1_m20_p10_seed24_minsym5_cand6_reducedp3_retained_sync_readout_retained_ga0p1_v1_rseed0,5,200,parent_free_run,default
1.941962,20,10,3,10,5,0.1,True,16,0.0132,1.9420,7,models/chua_orig_nint128_bs16_sig0.0_lr1e-03-1e-05_tfp0_ramp200_hLR1_m20_p10_seed24_minsym5_cand7_reducedp3_retained_sync_readout_retained_ga0p1_v1_rseed0.pth,0;2;3;5;7;8;9,True,0.1,1.0,9.8769814491763,retained_preactivation,0.144370,nan,0.050009,5,5.0,1.0,41.43102396766555,4092.1345514902123,retained,0.0,,0.0,1e-05,False,0.001,200,5,128,5,5,7,2000,0.00,0.00,0.00,1.00,0,completed,24,200,24,0.0,,128,readout_retained,chua_orig_nint128_bs16_sig0.0_lr1e-03-1e-05_tfp0_ramp200_hLR1_m20_p10_seed24_minsym5_cand7_reducedp3_retained_sync_readout_retained_ga0p1_v1_rseed0,5,200,parent_free_run,default
1.080761,20,10,3,10,5,0.1,True,16,0.0102,1.0808,0,models/chua_orig_nint128_bs16_sig0.0_lr1e-03-1e-05_tfp0_ramp200_hLR1_m20_p10_seed25_minsym5_cand0_reducedp3_retained_sync_readout_retained_ga0p1_v1_rseed0.pth,0;1;2;3;4;5;8,True,0.1,1.0,2.2853701619140625,retained_preactivation,0.029974,nan,0.015605,5,5.0,1.0,1220.229619064456,27886.763620936727,retained,0.0,,0.0,1e-05,False,0.001,200,5,128,5,5,7,2000,0.00,0.00,0.00,1.00,0,completed,25,200,25,0.0,,128,readout_retained,chua_orig_nint128_bs16_sig0.0_lr1e-03-1e-05_tfp0_ramp200_hLR1_m20_p10_seed25_minsym5_cand0_reducedp3_retained_sync_readout_retained_ga0p1_v1_rseed0,5,200,parent_free_run,default
1.342769,20,10,3,10,5,0.1,True,16,0.0094,1.3428,1,models/chua_orig_nint128_bs16_sig0.0_lr1e-03-1e-05_tfp0_ramp200_hLR1_m20_p10_seed25_minsym5_cand1_reducedp3_retained_sync_readout_retained_ga0p1_v1_rseed0.pth,0;1;2;3;4;8;9,True,0.1,1.0,0.8182517346288385,retained_preactivation,0.027447,nan,0.021658,5,5.0,1.0,3727189.341560206,30497791.44021757,retained,0.0,,0.0,1e-05,False,0.001,200,5,128,5,5,7,2000,0.00,0.00,0.00,1.00,0,completed,25,200,25,0.0,,128,readout_retained,chua_orig_nint128_bs16_sig0.0_lr1e-03-1e-05_tfp0_ramp200_hLR1_m20_p10_seed25_minsym5_cand1_reducedp3_retained_sync_readout_retained_ga0p1_v1_rseed0,5,200,parent_free_run,default
1.228786,20,10,3,10,5,0.1,True,16,0.0069,1.2288,2,models/chua_orig_nint128_bs16_sig0.0_lr1e-03-1e-05_tfp0_ramp200_hLR1_m20_p10_seed25_minsym5_cand2_reducedp3_retained_sync_readout_retained_ga0p1_v1_rseed0.pth,0;1;2;4;5;7;8,True,0.1,1.0,1.5529565846977338,retained_preactivation,0.020826,nan,0.010111,5,5.0,1.0,6346.941509991249,98565.2461063229,retained,0.0,,0.0,1e-05,False,0.001,200,5,128,5,5,7,2000,0.00,0.00,0.00,1.00,0,completed,25,200,25,0.0,,128,readout_retained,chua_orig_nint128_bs16_sig0.0_lr1e-03-1e-05_tfp0_ramp200_hLR1_m20_p10_seed25_minsym5_cand2_reducedp3_retained_sync_readout_retained_ga0p1_v1_rseed0,5,200,parent_free_run,default
1.290479,20,10,3,10,5,0.1,True,16,0.0110,1.2905,3,models/chua_orig_nint128_bs16_sig0.0_lr1e-03-1e-05_tfp0_ramp200_hLR1_m20_p10_seed25_minsym5_cand3_reducedp3_retained_sync_readout_retained_ga0p1_v1_rseed0.pth,0;1;2;4;7;8;9,True,0.1,1.0,1.4571660163501907,retained_preactivation,0.027107,nan,0.016324,3,5.0,1.0,178486.59696459002,2600846.034707937,retained,0.0,,0.0,1e-05,False,0.001,200,5,128,5,5,7,2000,0.00,0.00,0.00,1.00,0,completed,25,200,25,0.0,,128,readout_retained,chua_orig_nint128_bs16_sig0.0_lr1e-03-1e-05_tfp0_ramp200_hLR1_m20_p10_seed25_minsym5_cand3_reducedp3_retained_sync_readout_retained_ga0p1_v1_rseed0,5,200,parent_free_run,default
1.243644,20,10,3,10,5,0.1,True,16,0.0122,1.2436,4,models/chua_orig_nint128_bs16_sig0.0_lr1e-03-1e-05_tfp0_ramp200_hLR1_m20_p10_seed25_minsym5_cand4_reducedp3_retained_sync_readout_retained_ga0p1_v1_rseed0.pth,0;2;3;4;5;8;9,True,0.1,1.0,0.922511399256208,retained_preactivation,0.028427,nan,0.019627,5,5.0,1.0,19220.379982911367,177310.19632271575,retained,0.0,,0.0,1e-05,False,0.001,200,5,128,5,5,7,2000,0.00,0.00,0.00,1.00,0,completed,25,200,25,0.0,,128,readout_retained,chua_orig_nint128_bs16_sig0.0_lr1e-03-1e-05_tfp0_ramp200_hLR1_m20_p10_seed25_minsym5_cand4_reducedp3_retained_sync_readout_retained_ga0p1_v1_rseed0,5,200,parent_free_run,default
1.192133,20,10,3,10,5,0.1,True,16,0.0130,1.1921,5,models/chua_orig_nint128_bs16_sig0.0_lr1e-03-1e-05_tfp0_ramp200_hLR1_m20_p10_seed25_minsym5_cand5_reducedp3_retained_sync_readout_retained_ga0p1_v1_rseed0.pth,0;2;4;5;7;8;9,True,0.1,1.0,1.3969021696735286,retained_preactivation,0.024692,nan,0.012277,5,5.0,1.0,15841.560600206029,221291.1037344249,retained,0.0,,0.0,1e-05,False,0.001,200,5,128,5,5,7,2000,0.00,0.00,0.00,1.00,0,completed,25,200,25,0.0,,128,readout_retained,chua_orig_nint128_bs16_sig0.0_lr1e-03-1e-05_tfp0_ramp200_hLR1_m20_p10_seed25_minsym5_cand5_reducedp3_retained_sync_readout_retained_ga0p1_v1_rseed0,5,200,parent_free_run,default
1.119539,20,10,3,10,5,0.1,True,16,0.0079,1.1195,6,models/chua_orig_nint128_bs16_sig0.0_lr1e-03-1e-05_tfp0_ramp200_hLR1_m20_p10_seed25_minsym5_cand6_reducedp3_retained_sync_readout_retained_ga0p1_v1_rseed0.pth,1;2;3;4;5;7;8,True,0.1,1.0,1.953114263456208,retained_preactivation,0.024072,nan,0.014144,5,5.0,1.0,853.6736416942001,16673.221659295483,retained,0.0,,0.0,1e-05,False,0.001,200,5,128,5,5,7,2000,0.00,0.00,0.00,1.00,0,completed,25,200,25,0.0,,128,readout_retained,chua_orig_nint128_bs16_sig0.0_lr1e-03-1e-05_tfp0_ramp200_hLR1_m20_p10_seed25_minsym5_cand6_reducedp3_retained_sync_readout_retained_ga0p1_v1_rseed0,5,200,parent_free_run,default
1.240990,20,10,3,10,5,0.1,True,16,0.0093,1.2410,7,models/chua_orig_nint128_bs16_sig0.0_lr1e-03-1e-05_tfp0_ramp200_hLR1_m20_p10_seed25_minsym5_cand7_reducedp3_retained_sync_readout_retained_ga0p1_v1_rseed0.pth,1;2;3;4;7;8;9,True,0.1,1.0,1.9729538799756385,retained_preactivation,0.030687,nan,0.021271,5,5.0,1.0,1741.8892625896171,34366.67179114091,retained,0.0,,0.0,1e-05,False,0.001,200,5,128,5,5,7,2000,0.00,0.00,0.00,1.00,0,completed,25,200,25,0.0,,128,readout_retained,chua_orig_nint128_bs16_sig0.0_lr1e-03-1e-05_tfp0_ramp200_hLR1_m20_p10_seed25_minsym5_cand7_reducedp3_retained_sync_readout_retained_ga0p1_v1_rseed0,5,200,parent_free_run,default
1.118418,20,10,3,10,5,0.1,True,16,0.0095,1.1184,8,models/chua_orig_nint128_bs16_sig0.0_lr1e-03-1e-05_tfp0_ramp200_hLR1_m20_p10_seed25_minsym5_cand8_reducedp3_retained_sync_readout_retained_ga0p1_v1_rseed0.pth,2;3;4;5;7;8;9,True,0.1,1.0,2.251038109679279,retained_preactivation,0.028971,nan,0.014833,5,5.0,1.0,726.1163468885342,16345.155689071915,retained,0.0,,0.0,1e-05,False,0.001,200,5,128,5,5,7,2000,0.00,0.00,0.00,1.00,0,completed,25,200,25,0.0,,128,readout_retained,chua_orig_nint128_bs16_sig0.0_lr1e-03-1e-05_tfp0_ramp200_hLR1_m20_p10_seed25_minsym5_cand8_reducedp3_retained_sync_readout_retained_ga0p1_v1_rseed0,5,200,parent_free_run,default
1.195994,20,10,3,10,5,0.1,True,16,0.0115,1.1960,0,models/chua_orig_nint128_bs16_sig0.0_lr1e-03-1e-05_tfp0_ramp200_hLR1_m20_p10_seed26_minsym5_cand0_reducedp3_retained_sync_readout_retained_ga0p1_v1_rseed0.pth,0;1;2;4;5;7;9,True,0.1,1.0,1.5469119969050953,retained_preactivation,0.022135,nan,0.013762,5,5.0,1.0,1428521.9552082494,22097977.50353964,retained,0.0,,0.0,1e-05,False,0.001,200,5,128,5,5,7,2000,0.00,0.00,0.00,1.00,0,completed,26,200,26,0.0,,128,readout_retained,chua_orig_nint128_bs16_sig0.0_lr1e-03-1e-05_tfp0_ramp200_hLR1_m20_p10_seed26_minsym5_cand0_reducedp3_retained_sync_readout_retained_ga0p1_v1_rseed0,5,200,parent_free_run,default
1.155467,20,10,3,10,5,0.1,True,16,0.0222,1.1555,1,models/chua_orig_nint128_bs16_sig0.0_lr1e-03-1e-05_tfp0_ramp200_hLR1_m20_p10_seed26_minsym5_cand1_reducedp3_retained_sync_readout_retained_ga0p1_v1_rseed0.pth,0;1;2;4;7;8;9,True,0.1,1.0,3.149132450413505,retained_preactivation,0.030669,nan,0.014147,5,5.0,1.0,10444820.203902029,328921222.4284248,retained,0.0,,0.0,1e-05,False,0.001,200,5,128,5,5,7,2000,0.00,0.00,0.00,1.00,0,completed,26,200,26,0.0,,128,readout_retained,chua_orig_nint128_bs16_sig0.0_lr1e-03-1e-05_tfp0_ramp200_hLR1_m20_p10_seed26_minsym5_cand1_reducedp3_retained_sync_readout_retained_ga0p1_v1_rseed0,5,200,parent_free_run,default
1.074845,20,10,3,10,5,0.1,True,16,0.0109,1.0748,2,models/chua_orig_nint128_bs16_sig0.0_lr1e-03-1e-05_tfp0_ramp200_hLR1_m20_p10_seed26_minsym5_cand2_reducedp3_retained_sync_readout_retained_ga0p1_v1_rseed0.pth,0;1;4;5;6;7;9,True,0.1,1.0,1.576358628761062,retained_preactivation,0.018258,nan,0.010705,5,5.0,1.0,1946931.695368895,30690625.776031613,retained,0.0,,0.0,1e-05,False,0.001,200,5,128,5,5,7,2000,0.00,0.00,0.00,1.00,0,completed,26,200,26,0.0,,128,readout_retained,chua_orig_nint128_bs16_sig0.0_lr1e-03-1e-05_tfp0_ramp200_hLR1_m20_p10_seed26_minsym5_cand2_reducedp3_retained_sync_readout_retained_ga0p1_v1_rseed0,5,200,parent_free_run,default
1.178232,20,10,3,10,5,0.1,True,16,0.0225,1.1782,3,models/chua_orig_nint128_bs16_sig0.0_lr1e-03-1e-05_tfp0_ramp200_hLR1_m20_p10_seed26_minsym5_cand3_reducedp3_retained_sync_readout_retained_ga0p1_v1_rseed0.pth,0;1;4;6;7;8;9,True,0.1,1.0,3.577036527235192,retained_preactivation,0.030746,nan,0.014829,5,5.0,1.0,3305604.7956596385,118242690.98678349,retained,0.0,,0.0,1e-05,False,0.001,200,5,128,5,5,7,2000,0.00,0.00,0.00,1.00,0,completed,26,200,26,0.0,,128,readout_retained,chua_orig_nint128_bs16_sig0.0_lr1e-03-1e-05_tfp0_ramp200_hLR1_m20_p10_seed26_minsym5_cand3_reducedp3_retained_sync_readout_retained_ga0p1_v1_rseed0,5,200,parent_free_run,default
2.943933,20,10,3,10,3,0.1,True,16,0.0097,2.7092,4,models/chua_orig_nint128_bs16_sig0.0_lr1e-03-1e-05_tfp0_ramp200_hLR1_m20_p10_seed26_minsym5_cand4_reducedp3_retained_sync_readout_retained_ga0p1_v1_rseed0.pth,0;2;3;4;5;6;9,True,0.1,1.0,0.901202570811236,retained_preactivation,0.353762,nan,0.309019,2,5.0,1.0,15451177.480758157,139246408.67719927,retained,0.0,,0.0,1e-05,False,0.001,200,5,128,4,5,7,2000,0.00,0.00,0.00,1.00,0,completed,26,200,26,0.0,,128,readout_retained,chua_orig_nint128_bs16_sig0.0_lr1e-03-1e-05_tfp0_ramp200_hLR1_m20_p10_seed26_minsym5_cand4_reducedp3_retained_sync_readout_retained_ga0p1_v1_rseed0,5,200,parent_free_run,default
2.369758,20,10,3,10,4,0.1,True,16,0.0101,2.3698,5,models/chua_orig_nint128_bs16_sig0.0_lr1e-03-1e-05_tfp0_ramp200_hLR1_m20_p10_seed26_minsym5_cand5_reducedp3_retained_sync_readout_retained_ga0p1_v1_rseed0.pth,0;2;3;4;6;8;9,True,0.1,1.0,0.21977380553931777,retained_preactivation,0.178102,nan,0.169058,2,5.0,1.0,3041877096.5472875,6685249054.910881,retained,0.0,,0.0,1e-05,False,0.001,200,5,128,8,5,7,2000,0.00,0.00,0.00,1.00,0,completed,26,200,26,0.0,,128,readout_retained,chua_orig_nint128_bs16_sig0.0_lr1e-03-1e-05_tfp0_ramp200_hLR1_m20_p10_seed26_minsym5_cand5_reducedp3_retained_sync_readout_retained_ga0p1_v1_rseed0,5,200,parent_free_run,default
1.046088,20,10,3,10,5,0.1,True,16,0.0108,1.0461,6,models/chua_orig_nint128_bs16_sig0.0_lr1e-03-1e-05_tfp0_ramp200_hLR1_m20_p10_seed26_minsym5_cand6_reducedp3_retained_sync_readout_retained_ga0p1_v1_rseed0.pth,1;2;4;5;7;8;9,True,0.1,1.0,2.2240917007070244,retained_preactivation,0.018461,nan,0.011160,3,5.0,1.0,18062431.458220456,401725039.0081759,retained,0.0,,0.0,1e-05,False,0.001,200,5,128,5,5,7,2000,0.00,0.00,0.00,1.00,0,completed,26,200,26,0.0,,128,readout_retained,chua_orig_nint128_bs16_sig0.0_lr1e-03-1e-05_tfp0_ramp200_hLR1_m20_p10_seed26_minsym5_cand6_reducedp3_retained_sync_readout_retained_ga0p1_v1_rseed0,5,200,parent_free_run,default
1.175280,20,10,3,10,5,0.1,True,16,0.0089,1.1753,7,models/chua_orig_nint128_bs16_sig0.0_lr1e-03-1e-05_tfp0_ramp200_hLR1_m20_p10_seed26_minsym5_cand7_reducedp3_retained_sync_readout_retained_ga0p1_v1_rseed0.pth,1;4;5;6;7;8;9,True,0.1,1.0,2.508698080932378,retained_preactivation,0.018336,nan,0.011365,3,5.0,1.0,4297696.662859304,107816233.7054462,retained,0.0,,0.0,1e-05,False,0.001,200,5,128,5,5,7,2000,0.00,0.00,0.00,1.00,0,completed,26,200,26,0.0,,128,readout_retained,chua_orig_nint128_bs16_sig0.0_lr1e-03-1e-05_tfp0_ramp200_hLR1_m20_p10_seed26_minsym5_cand7_reducedp3_retained_sync_readout_retained_ga0p1_v1_rseed0,5,200,parent_free_run,default
1.650293,20,10,3,10,5,0.1,True,16,0.0115,1.6503,8,models/chua_orig_nint128_bs16_sig0.0_lr1e-03-1e-05_tfp0_ramp200_hLR1_m20_p10_seed26_minsym5_cand8_reducedp3_retained_sync_readout_retained_ga0p1_v1_rseed0.pth,2;3;4;5;6;8;9,True,0.1,1.0,0.2954681721201371,retained_preactivation,0.028532,nan,0.024181,5,5.0,1.0,1012320066.9824808,2991083597.9184837,retained,0.0,,0.0,1e-05,False,0.001,200,5,128,5,5,7,2000,0.00,0.00,0.00,1.00,0,completed,26,200,26,0.0,,128,readout_retained,chua_orig_nint128_bs16_sig0.0_lr1e-03-1e-05_tfp0_ramp200_hLR1_m20_p10_seed26_minsym5_cand8_reducedp3_retained_sync_readout_retained_ga0p1_v1_rseed0,5,200,parent_free_run,default
1.227781,20,10,3,10,5,0.1,True,16,0.0126,1.2278,0,models/chua_orig_nint128_bs16_sig0.0_lr1e-03-1e-05_tfp0_ramp200_hLR1_m20_p10_seed27_minsym5_cand0_reducedp3_retained_sync_readout_retained_ga0p1_v1_rseed0.pth,1;2;3;4;5;6;7,True,0.1,1.0,1.7126466495952348,retained_preactivation,0.052452,nan,0.024583,5,5.0,1.0,93.77266360173867,1605.9943814114047,retained,0.0,,0.0,1e-05,False,0.001,200,5,128,5,5,7,2000,0.00,0.00,0.00,1.00,0,completed,27,200,27,0.0,,128,readout_retained,chua_orig_nint128_bs16_sig0.0_lr1e-03-1e-05_tfp0_ramp200_hLR1_m20_p10_seed27_minsym5_cand0_reducedp3_retained_sync_readout_retained_ga0p1_v1_rseed0,5,200,parent_free_run,default
,,,,,,,,,,,1,,,,,,,,,,,,,,,,retained,,,,,,,,,,,,,,,,,,,missing_or_failed,,,27,,,,readout_retained,,,,,
,,,,,,,,,,,2,,,,,,,,,,,,,,,,retained,,,,,,,,,,,,,,,,,,,missing_or_failed,,,27,,,,readout_retained,,,,,
1.170693,20,10,3,10,5,0.1,True,16,0.0093,1.1707,0,models/chua_orig_nint128_bs16_sig0.0_lr1e-03-1e-05_tfp0_ramp200_hLR1_m20_p10_seed28_minsym5_cand0_reducedp3_retained_sync_readout_retained_ga0p1_v1_rseed0.pth,0;1;2;3;5;6;9,True,0.1,1.0,4.278611603354084,retained_preactivation,0.052182,nan,0.028913,5,5.0,1.0,12.35561374382646,528.6487233090136,retained,0.0,,0.0,1e-05,False,0.001,200,5,128,5,5,7,2000,0.00,0.00,0.00,1.00,0,completed,28,200,28,0.0,,128,readout_retained,chua_orig_nint128_bs16_sig0.0_lr1e-03-1e-05_tfp0_ramp200_hLR1_m20_p10_seed28_minsym5_cand0_reducedp3_retained_sync_readout_retained_ga0p1_v1_rseed0,5,200,parent_free_run,default
1.966863,20,10,3,10,5,0.1,True,16,0.0107,1.7472,1,models/chua_orig_nint128_bs16_sig0.0_lr1e-03-1e-05_tfp0_ramp200_hLR1_m20_p10_seed28_minsym5_cand1_reducedp3_retained_sync_readout_retained_ga0p1_v1_rseed0.pth,0;1;2;3;6;7;9,True,0.1,1.0,24.592378108227816,retained_preactivation,0.292977,nan,0.039407,4,5.0,1.0,10.997326612725164,2704.5041423983807,retained,0.0,,0.0,1e-05,False,0.001,200,5,128,5,5,7,2000,0.00,0.00,0.00,1.00,0,completed,28,200,28,0.0,,128,readout_retained,chua_orig_nint128_bs16_sig0.0_lr1e-03-1e-05_tfp0_ramp200_hLR1_m20_p10_seed28_minsym5_cand1_reducedp3_retained_sync_readout_retained_ga0p1_v1_rseed0,5,200,parent_free_run,default
1.157537,20,10,3,10,5,0.1,True,16,0.0123,1.1575,2,models/chua_orig_nint128_bs16_sig0.0_lr1e-03-1e-05_tfp0_ramp200_hLR1_m20_p10_seed28_minsym5_cand2_reducedp3_retained_sync_readout_retained_ga0p1_v1_rseed0.pth,0;1;2;5;6;7;9,True,0.1,1.0,5.605300274084952,retained_preactivation,0.066961,nan,0.034069,5,5.0,1.0,1031.4064535676212,57813.428768755795,retained,0.0,,0.0,1e-05,False,0.001,200,5,128,5,5,7,2000,0.00,0.00,0.00,1.00,0,completed,28,200,28,0.0,,128,readout_retained,chua_orig_nint128_bs16_sig0.0_lr1e-03-1e-05_tfp0_ramp200_hLR1_m20_p10_seed28_minsym5_cand2_reducedp3_retained_sync_readout_retained_ga0p1_v1_rseed0,5,200,parent_free_run,default
1.178247,20,10,3,10,5,0.1,True,16,0.0085,1.1782,0,models/chua_orig_nint128_bs16_sig0.0_lr1e-03-1e-05_tfp0_ramp200_hLR1_m20_p10_seed29_minsym5_cand0_reducedp3_retained_sync_readout_retained_ga0p1_v1_rseed0.pth,0;1;2;3;5;8;9,True,0.1,1.0,3.8935225415628048,retained_preactivation,0.041048,nan,0.013727,5,5.0,1.0,25.929411102504442,1009.5674661705378,retained,0.0,,0.0,1e-05,False,0.001,200,5,128,5,5,7,2000,0.00,0.00,0.00,1.00,0,completed,29,200,29,0.0,,128,readout_retained,chua_orig_nint128_bs16_sig0.0_lr1e-03-1e-05_tfp0_ramp200_hLR1_m20_p10_seed29_minsym5_cand0_reducedp3_retained_sync_readout_retained_ga0p1_v1_rseed0,5,200,parent_free_run,default
1.143334,20,10,3,10,5,0.1,True,16,0.0146,1.1433,1,models/chua_orig_nint128_bs16_sig0.0_lr1e-03-1e-05_tfp0_ramp200_hLR1_m20_p10_seed29_minsym5_cand1_reducedp3_retained_sync_readout_retained_ga0p1_v1_rseed0.pth,0;1;2;3;6;8;9,True,0.1,1.0,0.4716985866852516,retained_preactivation,0.012227,nan,0.008706,5,5.0,1.0,2429.616380389994,11460.466128172973,retained,0.0,,0.0,1e-05,False,0.001,200,5,128,5,5,7,2000,0.00,0.00,0.00,1.00,0,completed,29,200,29,0.0,,128,readout_retained,chua_orig_nint128_bs16_sig0.0_lr1e-03-1e-05_tfp0_ramp200_hLR1_m20_p10_seed29_minsym5_cand1_reducedp3_retained_sync_readout_retained_ga0p1_v1_rseed0,5,200,parent_free_run,default
1.791802,20,10,3,10,5,0.1,True,16,0.0086,1.7918,2,models/chua_orig_nint128_bs16_sig0.0_lr1e-03-1e-05_tfp0_ramp200_hLR1_m20_p10_seed29_minsym5_cand2_reducedp3_retained_sync_readout_retained_ga0p1_v1_rseed0.pth,1;2;3;5;6;8;9,True,0.1,1.0,9.472219261483298,retained_preactivation,0.117333,nan,0.033707,5,5.0,1.0,9.29314331044674,880.2669106494774,retained,0.0,,0.0,1e-05,False,0.001,200,5,128,5,5,7,2000,0.00,0.00,0.00,1.00,0,completed,29,200,29,0.0,,128,readout_retained,chua_orig_nint128_bs16_sig0.0_lr1e-03-1e-05_tfp0_ramp200_hLR1_m20_p10_seed29_minsym5_cand2_reducedp3_retained_sync_readout_retained_ga0p1_v1_rseed0,5,200,parent_free_run,default
2.608965,20,10,3,10,4,,,16,0.0155,2.6090,2,models/chua_orig_nint128_bs16_sig0.0_lr1e-03-1e-05_tfp0_ramp200_hLR1_m20_p10_seed22_minsym5_cand2_reducedp3_rseed0.pth,0;2;3;4;7;8;9,False,,0.0,0.0,none,0.147840,nan,0.147840,4,5.0,1.0,,,none,0.0,,0.0,1e-05,False,0.001,200,5,128,8,5,7,2000,0.00,0.00,0.00,1.00,0,completed,22,200,22,0.0,,,readout,chua_orig_nint128_bs16_sig0.0_lr1e-03-1e-05_tfp0_ramp200_hLR1_m20_p10_seed22_minsym5_cand2_reducedp3_rseed0,5,200,raw_data,default
2.977458,20,10,3,10,1,,,16,0.0260,2.9775,1,models/chua_orig_nint128_bs16_sig0.0_lr1e-03-1e-05_tfp0_ramp200_hLR1_m20_p10_seed17_minsym5_cand1_reducedp3_rseed0.pth,0;1;2;3;4;8;9,False,,0.0,0.0,none,0.261288,nan,0.261288,1,5.0,1.0,,,none,0.0,,0.0,1e-05,False,0.001,200,5,128,8,5,7,2000,0.00,0.00,0.00,1.00,0,completed,17,200,17,0.0,,,readout,chua_orig_nint128_bs16_sig0.0_lr1e-03-1e-05_tfp0_ramp200_hLR1_m20_p10_seed17_minsym5_cand1_reducedp3_rseed0,5,200,raw_data,default
6.868246,20,10,3,10,3,,,16,0.0119,6.6105,0,models/chua_orig_nint128_bs16_sig0.0_lr1e-03-1e-05_tfp0_ramp200_hLR1_m20_p10_seed15_minsym5_cand0_reducedp3_rseed0.pth,0;2;3;5;6;7;8,False,,0.0,0.0,none,0.131120,nan,0.131120,3,5.0,1.0,,,none,0.0,,0.0,1e-05,False,0.001,200,5,128,6,5,7,2000,0.00,0.00,0.00,1.00,0,completed,15,200,15,0.0,,,readout,chua_orig_nint128_bs16_sig0.0_lr1e-03-1e-05_tfp0_ramp200_hLR1_m20_p10_seed15_minsym5_cand0_reducedp3_rseed0,5,200,raw_data,default
7.855792,20,10,3,10,3,,,16,0.0476,7.4074,0,models/chua_orig_nint128_bs16_sig0.0_lr1e-03-1e-05_tfp0_ramp200_hLR1_m20_p10_seed4_minsym5_cand0_reducedp3_rseed0.pth,0;1;2;3;4;5;8,False,,0.0,0.0,none,0.290515,nan,0.290515,1,5.0,1.0,,,none,0.0,,0.0,1e-05,False,0.001,200,5,128,5,5,7,2000,0.00,0.00,0.00,1.00,0,completed,4,200,4,0.0,,,readout,chua_orig_nint128_bs16_sig0.0_lr1e-03-1e-05_tfp0_ramp200_hLR1_m20_p10_seed4_minsym5_cand0_reducedp3_rseed0,5,200,raw_data,default
2.314564,20,10,3,10,4,,,16,0.0148,2.3146,0,models/chua_orig_nint128_bs16_sig0.0_lr1e-03-1e-05_tfp0_ramp200_hLR1_m20_p10_seed0_minsym5_cand0_reducedp3_rseed0.pth,0;1;3;4;5;7;9,False,,0.0,0.0,none,0.110627,nan,0.110627,2,5.0,1.0,,,none,0.0,,0.0,1e-05,False,0.001,200,5,128,6,5,7,2000,0.00,0.00,0.00,1.00,0,completed,0,200,0,0.0,,,readout,chua_orig_nint128_bs16_sig0.0_lr1e-03-1e-05_tfp0_ramp200_hLR1_m20_p10_seed0_minsym5_cand0_reducedp3_rseed0,5,200,raw_data,default
1.114718,20,10,3,10,5,,,16,0.0069,1.1147,1,models/chua_orig_nint128_bs16_sig0.0_lr1e-03-1e-05_tfp0_ramp200_hLR1_m20_p10_seed22_minsym5_cand1_reducedp3_rseed0.pth,0;2;3;4;5;8;9,False,,0.0,0.0,none,0.012629,nan,0.012629,3,5.0,1.0,,,none,0.0,,0.0,1e-05,False,0.001,200,5,128,5,5,7,2000,0.00,0.00,0.00,1.00,0,completed,22,200,22,0.0,,,readout,chua_orig_nint128_bs16_sig0.0_lr1e-03-1e-05_tfp0_ramp200_hLR1_m20_p10_seed22_minsym5_cand1_reducedp3_rseed0,5,200,raw_data,default
1.126461,20,10,4,10,5,,,16,0.0047,1.0014,0,models/chua_orig_nint128_bs16_sig0.0_lr1e-03-1e-05_tfp0_ramp200_hLR1_m20_p10_seed6_minsym5_cand0_reducedp4_rseed0.pth,0;1;2;4;5;9,False,,0.0,0.0,none,0.009573,nan,0.009573,4,5.0,1.0,,,none,0.0,,0.0,1e-05,False,0.001,200,5,128,10,5,6,2000,0.00,0.00,0.00,1.00,0,completed,6,200,6,0.0,,,readout,chua_orig_nint128_bs16_sig0.0_lr1e-03-1e-05_tfp0_ramp200_hLR1_m20_p10_seed6_minsym5_cand0_reducedp4_rseed0,5,200,raw_data,default
0.932895,20,10,3,10,5,,,16,0.0116,0.9329,1,models/chua_orig_nint128_bs16_sig0.0_lr1e-03-1e-05_tfp0_ramp200_hLR1_m20_p10_seed7_minsym5_cand1_reducedp3_rseed0.pth,0;1;4;5;6;7;9,False,,0.0,0.0,none,0.007508,nan,0.007508,5,5.0,1.0,,,none,0.0,,0.0,1e-05,False,0.001,200,5,128,8,5,7,2000,0.00,0.00,0.00,1.00,0,completed,7,200,7,0.0,,,readout,chua_orig_nint128_bs16_sig0.0_lr1e-03-1e-05_tfp0_ramp200_hLR1_m20_p10_seed7_minsym5_cand1_reducedp3_rseed0,5,200,raw_data,default
0.957333,20,10,3,10,3,,,16,0.0204,0.9573,1,models/chua_orig_nint128_bs16_sig0.0_lr1e-03-1e-05_tfp0_ramp200_hLR1_m20_p10_seed3_minsym5_cand1_reducedp3_rseed0.pth,0;1;2;3;4;6;8,False,,0.0,0.0,none,0.025421,nan,0.025421,3,5.0,1.0,,,none,0.0,,0.0,1e-05,False,0.001,200,5,128,8,5,7,2000,0.00,0.00,0.00,1.00,0,completed,3,200,3,0.0,,,readout,chua_orig_nint128_bs16_sig0.0_lr1e-03-1e-05_tfp0_ramp200_hLR1_m20_p10_seed3_minsym5_cand1_reducedp3_rseed0,5,200,raw_data,default
1.548632,20,10,3,10,4,,,16,0.0233,1.0578,0,models/chua_orig_nint128_bs16_sig0.0_lr1e-03-1e-05_tfp0_ramp200_hLR1_m20_p10_seed27_minsym5_cand0_reducedp3_rseed0.pth,1;2;3;4;5;6;7,False,,0.0,0.0,none,0.051702,nan,0.051702,3,5.0,1.0,,,none,0.0,,0.0,1e-05,False,0.001,200,5,128,7,5,7,2000,0.00,0.00,0.00,1.00,0,completed,27,200,27,0.0,,,readout,chua_orig_nint128_bs16_sig0.0_lr1e-03-1e-05_tfp0_ramp200_hLR1_m20_p10_seed27_minsym5_cand0_reducedp3_rseed0,5,200,raw_data,default
2.232057,20,10,3,10,3,,,16,0.0108,2.2291,0,models/chua_orig_nint128_bs16_sig0.0_lr1e-03-1e-05_tfp0_ramp200_hLR1_m20_p10_seed21_minsym5_cand0_reducedp3_rseed0.pth,0;1;3;4;5;6;8,False,,0.0,0.0,none,0.040582,nan,0.040582,3,5.0,1.0,,,none,0.0,,0.0,1e-05,False,0.001,200,5,128,7,5,7,2000,0.00,0.00,0.00,1.00,0,completed,21,200,21,0.0,,,readout,chua_orig_nint128_bs16_sig0.0_lr1e-03-1e-05_tfp0_ramp200_hLR1_m20_p10_seed21_minsym5_cand0_reducedp3_rseed0,5,200,raw_data,default
4.359887,20,10,3,10,4,,,16,0.0112,2.5002,0,models/chua_orig_nint128_bs16_sig0.0_lr1e-03-1e-05_tfp0_ramp200_hLR1_m20_p10_seed8_minsym5_cand0_reducedp3_rseed0.pth,0;3;4;5;6;7;8,False,,0.0,0.0,none,0.091723,nan,0.091723,2,5.0,1.0,,,none,0.0,,0.0,1e-05,False,0.001,200,5,128,5,5,7,2000,0.00,0.00,0.00,1.00,0,completed,8,200,8,0.0,,,readout,chua_orig_nint128_bs16_sig0.0_lr1e-03-1e-05_tfp0_ramp200_hLR1_m20_p10_seed8_minsym5_cand0_reducedp3_rseed0,5,200,raw_data,default
1.037284,20,10,3,10,5,,,16,0.0074,1.0373,1,models/chua_orig_nint128_bs16_sig0.0_lr1e-03-1e-05_tfp0_ramp200_hLR1_m20_p10_seed8_minsym5_cand1_reducedp3_rseed0.pth,0;3;4;6;7;8;9,False,,0.0,0.0,none,0.010983,nan,0.010983,5,5.0,1.0,,,none,0.0,,0.0,1e-05,False,0.001,200,5,128,5,5,7,2000,0.00,0.00,0.00,1.00,0,completed,8,200,8,0.0,,,readout,chua_orig_nint128_bs16_sig0.0_lr1e-03-1e-05_tfp0_ramp200_hLR1_m20_p10_seed8_minsym5_cand1_reducedp3_rseed0,5,200,raw_data,default
4.339337,20,10,3,10,4,,,16,0.0230,4.0014,0,models/chua_orig_nint128_bs16_sig0.0_lr1e-03-1e-05_tfp0_ramp200_hLR1_m20_p10_seed22_minsym5_cand0_reducedp3_rseed0.pth,0;2;3;4;5;7;8,False,,0.0,0.0,none,1.541816,nan,1.541816,2,5.0,1.0,,,none,0.0,,0.0,1e-05,False,0.001,200,5,128,7,5,7,2000,0.00,0.00,0.00,1.00,0,completed,22,200,22,0.0,,,readout,chua_orig_nint128_bs16_sig0.0_lr1e-03-1e-05_tfp0_ramp200_hLR1_m20_p10_seed22_minsym5_cand0_reducedp3_rseed0,5,200,raw_data,default
3.601039,20,10,3,10,3,,,16,0.0195,3.6010,3,models/chua_orig_nint128_bs16_sig0.0_lr1e-03-1e-05_tfp0_ramp200_hLR1_m20_p10_seed9_minsym5_cand3_reducedp3_rseed0.pth,1;2;3;5;6;7;8,False,,0.0,0.0,none,0.139925,nan,0.139925,3,5.0,1.0,,,none,0.0,,0.0,1e-05,False,0.001,200,5,128,6,5,7,2000,0.00,0.00,0.00,1.00,0,completed,9,200,9,0.0,,,readout,chua_orig_nint128_bs16_sig0.0_lr1e-03-1e-05_tfp0_ramp200_hLR1_m20_p10_seed9_minsym5_cand3_reducedp3_rseed0,5,200,raw_data,default
1.009666,20,10,3,10,3,,,16,0.0152,1.0097,2,models/chua_orig_nint128_bs16_sig0.0_lr1e-03-1e-05_tfp0_ramp200_hLR1_m20_p10_seed3_minsym5_cand2_reducedp3_rseed0.pth,0;1;3;4;5;7;8,False,,0.0,0.0,none,0.021597,nan,0.021597,3,5.0,1.0,,,none,0.0,,0.0,1e-05,False,0.001,200,5,128,8,5,7,2000,0.00,0.00,0.00,1.00,0,completed,3,200,3,0.0,,,readout,chua_orig_nint128_bs16_sig0.0_lr1e-03-1e-05_tfp0_ramp200_hLR1_m20_p10_seed3_minsym5_cand2_reducedp3_rseed0,5,200,raw_data,default
5.255369,20,10,3,10,3,,,16,0.0331,5.2554,1,models/chua_orig_nint128_bs16_sig0.0_lr1e-03-1e-05_tfp0_ramp200_hLR1_m20_p10_seed28_minsym5_cand1_reducedp3_rseed0.pth,0;1;2;3;6;7;9,False,,0.0,0.0,none,0.133424,nan,0.133424,0,5.0,1.0,,,none,0.0,,0.0,1e-05,False,0.001,200,5,128,5,5,7,2000,0.00,0.00,0.00,1.00,0,completed,28,200,28,0.0,,,readout,chua_orig_nint128_bs16_sig0.0_lr1e-03-1e-05_tfp0_ramp200_hLR1_m20_p10_seed28_minsym5_cand1_reducedp3_rseed0,5,200,raw_data,default
8.308781,20,10,3,10,3,,,16,0.0339,8.3088,0,models/chua_orig_nint128_bs16_sig0.0_lr1e-03-1e-05_tfp0_ramp200_hLR1_m20_p10_seed25_minsym5_cand0_reducedp3_rseed0.pth,0;1;2;3;4;5;8,False,,0.0,0.0,none,0.181956,nan,0.181956,1,5.0,1.0,,,none,0.0,,0.0,1e-05,False,0.001,200,5,128,4,5,7,2000,0.00,0.00,0.00,1.00,0,completed,25,200,25,0.0,,,readout,chua_orig_nint128_bs16_sig0.0_lr1e-03-1e-05_tfp0_ramp200_hLR1_m20_p10_seed25_minsym5_cand0_reducedp3_rseed0,5,200,raw_data,default
0.884027,20,10,3,10,3,,,16,0.0184,0.8840,0,models/chua_orig_nint128_bs16_sig0.0_lr1e-03-1e-05_tfp0_ramp200_hLR1_m20_p10_seed26_minsym5_cand0_reducedp3_rseed0.pth,0;1;2;4;5;7;9,False,,0.0,0.0,none,0.013377,nan,0.013377,3,5.0,1.0,,,none,0.0,,0.0,1e-05,False,0.001,200,5,128,8,5,7,2000,0.00,0.00,0.00,1.00,0,completed,26,200,26,0.0,,,readout,chua_orig_nint128_bs16_sig0.0_lr1e-03-1e-05_tfp0_ramp200_hLR1_m20_p10_seed26_minsym5_cand0_reducedp3_rseed0,5,200,raw_data,default
9.657703,20,10,3,10,2,,,16,0.0162,4.7408,0,models/chua_orig_nint128_bs16_sig0.0_lr1e-03-1e-05_tfp0_ramp200_hLR1_m20_p10_seed2_minsym5_cand0_reducedp3_rseed0.pth,2;4;5;6;7;8;9,False,,0.0,0.0,none,0.197528,nan,0.197528,0,5.0,1.0,,,none,0.0,,0.0,1e-05,False,0.001,200,5,128,7,5,7,2000,0.00,0.00,0.00,1.00,0,completed,2,200,2,0.0,,,readout,chua_orig_nint128_bs16_sig0.0_lr1e-03-1e-05_tfp0_ramp200_hLR1_m20_p10_seed2_minsym5_cand0_reducedp3_rseed0,5,200,raw_data,default
1.131167,20,10,3,10,5,,,16,0.0115,1.1312,2,models/chua_orig_nint128_bs16_sig0.0_lr1e-03-1e-05_tfp0_ramp200_hLR1_m20_p10_seed28_minsym5_cand2_reducedp3_rseed0.pth,0;1;2;5;6;7;9,False,,0.0,0.0,none,0.023130,nan,0.023130,5,5.0,1.0,,,none,0.0,,0.0,1e-05,False,0.001,200,5,128,5,5,7,2000,0.00,0.00,0.00,1.00,0,completed,28,200,28,0.0,,,readout,chua_orig_nint128_bs16_sig0.0_lr1e-03-1e-05_tfp0_ramp200_hLR1_m20_p10_seed28_minsym5_cand2_reducedp3_rseed0,5,200,raw_data,default
4.452225,20,10,3,10,3,,,16,0.0275,4.4522,0,models/chua_orig_nint128_bs16_sig0.0_lr1e-03-1e-05_tfp0_ramp200_hLR1_m20_p10_seed9_minsym5_cand0_reducedp3_rseed0.pth,0;1;2;3;5;6;8,False,,0.0,0.0,none,0.212943,nan,0.212943,3,5.0,1.0,,,none,0.0,,0.0,1e-05,False,0.001,200,5,128,4,5,7,2000,0.00,0.00,0.00,1.00,0,completed,9,200,9,0.0,,,readout,chua_orig_nint128_bs16_sig0.0_lr1e-03-1e-05_tfp0_ramp200_hLR1_m20_p10_seed9_minsym5_cand0_reducedp3_rseed0,5,200,raw_data,default
1.063982,20,10,3,10,5,,,16,0.0140,1.0640,0,models/chua_orig_nint128_bs16_sig0.0_lr1e-03-1e-05_tfp0_ramp200_hLR1_m20_p10_seed28_minsym5_cand0_reducedp3_rseed0.pth,0;1;2;3;5;6;9,False,,0.0,0.0,none,0.011322,nan,0.011322,5,5.0,1.0,,,none,0.0,,0.0,1e-05,False,0.001,200,5,128,6,5,7,2000,0.00,0.00,0.00,1.00,0,completed,28,200,28,0.0,,,readout,chua_orig_nint128_bs16_sig0.0_lr1e-03-1e-05_tfp0_ramp200_hLR1_m20_p10_seed28_minsym5_cand0_reducedp3_rseed0,5,200,raw_data,default
3.709520,20,10,3,10,4,,,16,0.0381,3.6659,0,models/chua_orig_nint128_bs16_sig0.0_lr1e-03-1e-05_tfp0_ramp200_hLR1_m20_p10_seed14_minsym5_cand0_reducedp3_rseed0.pth,0;1;2;5;6;7;8,False,,0.0,0.0,none,0.218819,nan,0.218819,4,5.0,1.0,,,none,0.0,,0.0,1e-05,False,0.001,200,5,128,8,5,7,2000,0.00,0.00,0.00,1.00,0,completed,14,200,14,0.0,,,readout,chua_orig_nint128_bs16_sig0.0_lr1e-03-1e-05_tfp0_ramp200_hLR1_m20_p10_seed14_minsym5_cand0_reducedp3_rseed0,5,200,raw_data,default
1.107495,20,10,3,10,5,,,16,0.0088,1.1075,2,models/chua_orig_nint128_bs16_sig0.0_lr1e-03-1e-05_tfp0_ramp200_hLR1_m20_p10_seed9_minsym5_cand2_reducedp3_rseed0.pth,0;2;3;5;6;7;8,False,,0.0,0.0,none,0.012987,nan,0.012987,5,5.0,1.0,,,none,0.0,,0.0,1e-05,False,0.001,200,5,128,5,5,7,2000,0.00,0.00,0.00,1.00,0,completed,9,200,9,0.0,,,readout,chua_orig_nint128_bs16_sig0.0_lr1e-03-1e-05_tfp0_ramp200_hLR1_m20_p10_seed9_minsym5_cand2_reducedp3_rseed0,5,200,raw_data,default
4.281615,20,10,3,10,4,,,16,0.0235,3.2956,0,models/chua_orig_nint128_bs16_sig0.0_lr1e-03-1e-05_tfp0_ramp200_hLR1_m20_p10_seed16_minsym5_cand0_reducedp3_rseed0.pth,0;1;2;3;4;5;8,False,,0.0,0.0,none,0.118793,nan,0.118793,3,5.0,1.0,,,none,0.0,,0.0,1e-05,False,0.001,200,5,128,8,5,7,2000,0.00,0.00,0.00,1.00,0,completed,16,200,16,0.0,,,readout,chua_orig_nint128_bs16_sig0.0_lr1e-03-1e-05_tfp0_ramp200_hLR1_m20_p10_seed16_minsym5_cand0_reducedp3_rseed0,5,200,raw_data,default
3.763371,20,10,3,10,4,,,16,0.0231,1.0724,0,models/chua_orig_nint128_bs16_sig0.0_lr1e-03-1e-05_tfp0_ramp200_hLR1_m20_p10_seed3_minsym5_cand0_reducedp3_rseed0.pth,0;1;2;3;4;5;8,False,,0.0,0.0,none,0.023045,nan,0.023045,2,5.0,1.0,,,none,0.0,,0.0,1e-05,False,0.001,200,5,128,8,5,7,2000,0.00,0.00,0.00,1.00,0,completed,3,200,3,0.0,,,readout,chua_orig_nint128_bs16_sig0.0_lr1e-03-1e-05_tfp0_ramp200_hLR1_m20_p10_seed3_minsym5_cand0_reducedp3_rseed0,5,200,raw_data,default
2.580429,20,10,3,10,4,,,16,0.0212,2.5336,0,models/chua_orig_nint128_bs16_sig0.0_lr1e-03-1e-05_tfp0_ramp200_hLR1_m20_p10_seed7_minsym5_cand0_reducedp3_rseed0.pth,0;1;2;4;5;7;9,False,,0.0,0.0,none,0.164443,nan,0.164443,2,5.0,1.0,,,none,0.0,,0.0,1e-05,False,0.001,200,5,128,6,5,7,2000,0.00,0.00,0.00,1.00,0,completed,7,200,7,0.0,,,readout,chua_orig_nint128_bs16_sig0.0_lr1e-03-1e-05_tfp0_ramp200_hLR1_m20_p10_seed7_minsym5_cand0_reducedp3_rseed0,5,200,raw_data,default
3.510028,20,10,3,10,3,,,16,0.0187,3.5100,1,models/chua_orig_nint128_bs16_sig0.0_lr1e-03-1e-05_tfp0_ramp200_hLR1_m20_p10_seed9_minsym5_cand1_reducedp3_rseed0.pth,0;1;2;3;5;7;8,False,,0.0,0.0,none,0.120670,nan,0.120670,1,5.0,1.0,,,none,0.0,,0.0,1e-05,False,0.001,200,5,128,7,5,7,2000,0.00,0.00,0.00,1.00,0,completed,9,200,9,0.0,,,readout,chua_orig_nint128_bs16_sig0.0_lr1e-03-1e-05_tfp0_ramp200_hLR1_m20_p10_seed9_minsym5_cand1_reducedp3_rseed0,5,200,raw_data,default
1.293618,20,10,3,10,5,,,16,0.0063,1.0528,0,models/chua_orig_nint128_bs16_sig0.0_lr1e-03-1e-05_tfp0_ramp200_hLR1_m20_p10_seed17_minsym5_cand0_reducedp3_rseed0.pth,0;1;2;3;4;6;8,False,,0.0,0.0,none,0.007870,nan,0.007870,4,5.0,1.0,,,none,0.0,,0.0,1e-05,False,0.001,200,5,128,5,5,7,2000,0.00,0.00,0.00,1.00,0,completed,17,200,17,0.0,,,readout,chua_orig_nint128_bs16_sig0.0_lr1e-03-1e-05_tfp0_ramp200_hLR1_m20_p10_seed17_minsym5_cand0_reducedp3_rseed0,5,200,raw_data,default
2.734479,20,10,3,10,3,,,16,0.0226,2.7345,0,models/chua_orig_nint128_bs16_sig0.0_lr1e-03-1e-05_tfp0_ramp200_hLR1_m20_p10_seed11_minsym5_cand0_reducedp3_rseed0.pth,0;1;3;4;5;6;9,False,,0.0,0.0,none,0.129308,nan,0.129308,3,5.0,1.0,,,none,0.0,,0.0,1e-05,False,0.001,200,5,128,5,5,7,2000,0.00,0.00,0.00,1.00,0,completed,11,200,11,0.0,,,readout,chua_orig_nint128_bs16_sig0.0_lr1e-03-1e-05_tfp0_ramp200_hLR1_m20_p10_seed11_minsym5_cand0_reducedp3_rseed0,5,200,raw_data,default
3.629296,20,10,3,10,3,,,16,0.0180,3.6293,0,models/chua_orig_nint128_bs16_sig0.0_lr1e-03-1e-05_tfp0_ramp200_hLR1_m20_p10_seed13_minsym5_cand0_reducedp3_rseed0.pth,0;1;2;3;5;7;8,False,,0.0,0.0,none,0.077378,nan,0.077378,2,5.0,1.0,,,none,0.0,,0.0,1e-05,False,0.001,200,5,128,7,5,7,2000,0.00,0.00,0.00,1.00,0,completed,13,200,13,0.0,,,readout,chua_orig_nint128_bs16_sig0.0_lr1e-03-1e-05_tfp0_ramp200_hLR1_m20_p10_seed13_minsym5_cand0_reducedp3_rseed0,5,200,raw_data,default
1.101198,20,10,3,10,4,,,16,0.0136,1.1012,1,models/chua_orig_nint128_bs16_sig0.0_lr1e-03-1e-05_tfp0_ramp200_hLR1_m20_p10_seed14_minsym5_cand1_reducedp3_rseed0.pth,0;1;2;5;6;7;9,False,,0.0,0.0,none,0.021177,nan,0.021177,4,5.0,1.0,,,none,0.0,,0.0,1e-05,False,0.001,200,5,128,6,5,7,2000,0.00,0.00,0.00,1.00,0,completed,14,200,14,0.0,,,readout,chua_orig_nint128_bs16_sig0.0_lr1e-03-1e-05_tfp0_ramp200_hLR1_m20_p10_seed14_minsym5_cand1_reducedp3_rseed0,5,200,raw_data,default
4.255918,20,10,3,10,3,,,16,0.0134,3.9482,1,models/chua_orig_nint128_bs16_sig0.0_lr1e-03-1e-05_tfp0_ramp200_hLR1_m20_p10_seed15_minsym5_cand1_reducedp3_rseed0.pth,0;2;3;5;6;7;9,False,,0.0,0.0,none,0.140638,nan,0.140638,1,5.0,1.0,,,none,0.0,,0.0,1e-05,False,0.001,200,5,128,6,5,7,2000,0.00,0.00,0.00,1.00,0,completed,15,200,15,0.0,,,readout,chua_orig_nint128_bs16_sig0.0_lr1e-03-1e-05_tfp0_ramp200_hLR1_m20_p10_seed15_minsym5_cand1_reducedp3_rseed0,5,200,raw_data,default
10.189200,20,10,3,10,5,,,16,0.0165,4.1235,0,models/chua_orig_nint128_bs16_sig0.0_lr1e-03-1e-05_tfp0_ramp200_hLR1_m20_p10_seed10_minsym5_cand0_reducedp3_rseed0.pth,0;1;2;4;5;6;7,False,,0.0,0.0,none,0.176034,nan,0.176034,2,5.0,1.0,,,none,0.0,,0.0,1e-05,False,0.001,200,5,128,8,5,7,2000,0.00,0.00,0.00,1.00,0,completed,10,200,10,0.0,,,readout,chua_orig_nint128_bs16_sig0.0_lr1e-03-1e-05_tfp0_ramp200_hLR1_m20_p10_seed10_minsym5_cand0_reducedp3_rseed0,5,200,raw_data,default
6.236748,20,10,3,10,4,,,16,0.0100,2.3089,1,models/chua_orig_nint128_bs16_sig0.0_lr1e-03-1e-05_tfp0_ramp200_hLR1_m20_p10_seed16_minsym5_cand1_reducedp3_rseed0.pth,0;1;2;3;4;7;8,False,,0.0,0.0,none,0.084402,nan,0.084402,3,5.0,1.0,,,none,0.0,,0.0,1e-05,False,0.001,200,5,128,4,5,7,2000,0.00,0.00,0.00,1.00,0,completed,16,200,16,0.0,,,readout,chua_orig_nint128_bs16_sig0.0_lr1e-03-1e-05_tfp0_ramp200_hLR1_m20_p10_seed16_minsym5_cand1_reducedp3_rseed0,5,200,raw_data,default
2.295812,20,10,3,10,4,,,16,0.0123,2.2958,2,models/chua_orig_nint128_bs16_sig0.0_lr1e-03-1e-05_tfp0_ramp200_hLR1_m20_p10_seed17_minsym5_cand2_reducedp3_rseed0.pth,0;2;3;4;6;7;8,False,,0.0,0.0,none,257121.281250,nan,257121.281250,4,5.0,1.0,,,none,0.0,,0.0,1e-05,False,0.001,200,5,128,8,5,7,2000,0.00,0.00,0.00,1.00,0,completed,17,200,17,0.0,,,readout,chua_orig_nint128_bs16_sig0.0_lr1e-03-1e-05_tfp0_ramp200_hLR1_m20_p10_seed17_minsym5_cand2_reducedp3_rseed0,5,200,raw_data,default
1.265269,20,10,3,10,4,,,16,0.0165,1.2653,0,models/chua_orig_nint128_bs16_sig0.0_lr1e-03-1e-05_tfp0_ramp200_hLR1_m20_p10_seed18_minsym5_cand0_reducedp3_rseed0.pth,0;1;2;3;4;5;7,False,,0.0,0.0,none,0.011634,nan,0.011634,4,5.0,1.0,,,none,0.0,,0.0,1e-05,False,0.001,200,5,128,6,5,7,2000,0.00,0.00,0.00,1.00,0,completed,18,200,18,0.0,,,readout,chua_orig_nint128_bs16_sig0.0_lr1e-03-1e-05_tfp0_ramp200_hLR1_m20_p10_seed18_minsym5_cand0_reducedp3_rseed0,5,200,raw_data,default
8.457008,20,10,3,10,4,,,16,0.0516,8.4570,0,models/chua_orig_nint128_bs16_sig0.0_lr1e-03-1e-05_tfp0_ramp200_hLR1_m20_p10_seed20_minsym5_cand0_reducedp3_rseed0.pth,0;1;2;3;5;7;8,False,,0.0,0.0,none,0.226166,nan,0.226166,1,5.0,1.0,,,none,0.0,,0.0,1e-05,False,0.001,200,5,128,5,5,7,2000,0.00,0.00,0.00,1.00,0,completed,20,200,20,0.0,,,readout,chua_orig_nint128_bs16_sig0.0_lr1e-03-1e-05_tfp0_ramp200_hLR1_m20_p10_seed20_minsym5_cand0_reducedp3_rseed0,5,200,raw_data,default
3.106358,20,10,3,10,3,,,16,0.0184,3.1064,1,models/chua_orig_nint128_bs16_sig0.0_lr1e-03-1e-05_tfp0_ramp200_hLR1_m20_p10_seed21_minsym5_cand1_reducedp3_rseed0.pth,0;1;3;4;5;8;9,False,,0.0,0.0,none,0.118944,nan,0.118944,3,5.0,1.0,,,none,0.0,,0.0,1e-05,False,0.001,200,5,128,8,5,7,2000,0.00,0.00,0.00,1.00,0,completed,21,200,21,0.0,,,readout,chua_orig_nint128_bs16_sig0.0_lr1e-03-1e-05_tfp0_ramp200_hLR1_m20_p10_seed21_minsym5_cand1_reducedp3_rseed0,5,200,raw_data,default
9.130013,20,10,3,10,4,,,16,0.0235,2.9625,0,models/chua_orig_nint128_bs16_sig0.0_lr1e-03-1e-05_tfp0_ramp200_hLR1_m20_p10_seed24_minsym5_cand0_reducedp3_rseed0.pth,0;1;2;3;5;6;9,False,,0.0,0.0,none,0.156264,nan,0.156264,3,5.0,1.0,,,none,0.0,,0.0,1e-05,False,0.001,200,5,128,5,5,7,2000,0.00,0.00,0.00,1.00,0,completed,24,200,24,0.0,,,readout,chua_orig_nint128_bs16_sig0.0_lr1e-03-1e-05_tfp0_ramp200_hLR1_m20_p10_seed24_minsym5_cand0_reducedp3_rseed0,5,200,raw_data,default
10.250510,20,10,3,10,4,,,16,0.0404,8.6680,3,models/chua_orig_nint128_bs16_sig0.0_lr1e-03-1e-05_tfp0_ramp200_hLR1_m20_p10_seed22_minsym5_cand3_reducedp3_rseed0.pth,0;2;3;5;7;8;9,False,,0.0,0.0,none,7578546214534407158071205822464.000000,nan,7578546214534407158071205822464.000000,1,5.0,1.0,,,none,0.0,,0.0,1e-05,False,0.001,200,5,128,8,5,7,2000,0.00,0.00,0.00,1.00,0,completed,22,200,22,0.0,,,readout,chua_orig_nint128_bs16_sig0.0_lr1e-03-1e-05_tfp0_ramp200_hLR1_m20_p10_seed22_minsym5_cand3_reducedp3_rseed0,5,200,raw_data,default
2.276328,20,10,3,10,3,,,16,0.0143,2.2763,0,models/chua_orig_nint128_bs16_sig0.0_lr1e-03-1e-05_tfp0_ramp200_hLR1_m20_p10_seed23_minsym5_cand0_reducedp3_rseed0.pth,0;1;3;4;6;7;9,False,,0.0,0.0,none,0.249525,nan,0.249525,1,5.0,1.0,,,none,0.0,,0.0,1e-05,False,0.001,200,5,128,6,5,7,2000,0.00,0.00,0.00,1.00,0,completed,23,200,23,0.0,,,readout,chua_orig_nint128_bs16_sig0.0_lr1e-03-1e-05_tfp0_ramp200_hLR1_m20_p10_seed23_minsym5_cand0_reducedp3_rseed0,5,200,raw_data,default
5.934597,20,10,3,10,3,,,16,0.0394,5.9346,2,models/chua_orig_nint128_bs16_sig0.0_lr1e-03-1e-05_tfp0_ramp200_hLR1_m20_p10_seed20_minsym5_cand2_reducedp3_rseed0.pth,1;2;3;4;5;7;8,True,,0.0,0.0,none,0.257804,nan,0.257804,0,5.0,1.0,,,none,0.0,,0.0,1e-05,False,0.001,200,5,128,3,5,7,2000,0.00,0.00,0.00,1.00,0,completed,20,200,20,0.0,,,readout,chua_orig_nint128_bs16_sig0.0_lr1e-03-1e-05_tfp0_ramp200_hLR1_m20_p10_seed20_minsym5_cand2_reducedp3_rseed0,5,200,raw_data,default
11.316275,20,10,3,10,4,,,16,0.0418,7.2569,3,models/chua_orig_nint128_bs16_sig0.0_lr1e-03-1e-05_tfp0_ramp200_hLR1_m20_p10_seed21_minsym5_cand3_reducedp3_rseed0.pth,0;3;4;5;6;8;9,True,,0.0,0.0,none,0.228650,nan,0.228650,3,5.0,1.0,,,none,0.0,,0.0,1e-05,False,0.001,200,5,128,8,5,7,2000,0.00,0.00,0.00,1.00,0,completed,21,200,21,0.0,,,readout,chua_orig_nint128_bs16_sig0.0_lr1e-03-1e-05_tfp0_ramp200_hLR1_m20_p10_seed21_minsym5_cand3_reducedp3_rseed0,5,200,raw_data,default
8.086016,20,10,3,10,3,,,16,0.0337,8.0860,3,models/chua_orig_nint128_bs16_sig0.0_lr1e-03-1e-05_tfp0_ramp200_hLR1_m20_p10_seed10_minsym5_cand3_reducedp3_rseed0.pth,0;1;2;4;6;7;8,True,,0.0,0.0,none,0.245055,nan,0.245055,3,5.0,1.0,,,none,0.0,,0.0,1e-05,False,0.001,200,5,128,6,5,7,2000,0.00,0.00,0.00,1.00,0,completed,10,200,10,0.0,,,readout,chua_orig_nint128_bs16_sig0.0_lr1e-03-1e-05_tfp0_ramp200_hLR1_m20_p10_seed10_minsym5_cand3_reducedp3_rseed0,5,200,raw_data,default
3.298021,20,10,3,10,3,,,16,0.0150,2.6759,1,models/chua_orig_nint128_bs16_sig0.0_lr1e-03-1e-05_tfp0_ramp200_hLR1_m20_p10_seed20_minsym5_cand1_reducedp3_rseed0.pth,0;1;3;4;5;7;8,True,,0.0,0.0,none,0.071628,nan,0.071628,2,5.0,1.0,,,none,0.0,,0.0,1e-05,False,0.001,200,5,128,6,5,7,2000,0.00,0.00,0.00,1.00,0,completed,20,200,20,0.0,,,readout,chua_orig_nint128_bs16_sig0.0_lr1e-03-1e-05_tfp0_ramp200_hLR1_m20_p10_seed20_minsym5_cand1_reducedp3_rseed0,5,200,raw_data,default
3.501827,20,10,3,10,3,,,16,0.0317,3.4654,4,models/chua_orig_nint128_bs16_sig0.0_lr1e-03-1e-05_tfp0_ramp200_hLR1_m20_p10_seed22_minsym5_cand4_reducedp3_rseed0.pth,0;2;4;5;7;8;9,True,,0.0,0.0,none,0.184785,nan,0.184785,3,5.0,1.0,,,none,0.0,,0.0,1e-05,False,0.001,200,5,128,8,5,7,2000,0.00,0.00,0.00,1.00,0,completed,22,200,22,0.0,,,readout,chua_orig_nint128_bs16_sig0.0_lr1e-03-1e-05_tfp0_ramp200_hLR1_m20_p10_seed22_minsym5_cand4_reducedp3_rseed0,5,200,raw_data,default
2.891152,20,10,3,10,3,,,16,0.0156,2.8912,1,models/chua_orig_nint128_bs16_sig0.0_lr1e-03-1e-05_tfp0_ramp200_hLR1_m20_p10_seed18_minsym5_cand1_reducedp3_rseed0.pth,0;1;2;3;4;5;9,True,,0.0,0.0,none,0.298033,nan,0.298033,2,5.0,1.0,,,none,0.0,,0.0,1e-05,False,0.001,200,5,128,8,5,7,2000,0.00,0.00,0.00,1.00,0,completed,18,200,18,0.0,,,readout,chua_orig_nint128_bs16_sig0.0_lr1e-03-1e-05_tfp0_ramp200_hLR1_m20_p10_seed18_minsym5_cand1_reducedp3_rseed0,5,200,raw_data,default
2.459227,20,10,3,10,4,,,16,0.0166,2.4592,3,models/chua_orig_nint128_bs16_sig0.0_lr1e-03-1e-05_tfp0_ramp200_hLR1_m20_p10_seed13_minsym5_cand3_reducedp3_rseed0.pth,0;2;3;5;6;7;8,True,,0.0,0.0,none,0.079771,nan,0.079771,2,5.0,1.0,,,none,0.0,,0.0,1e-05,False,0.001,200,5,128,6,5,7,2000,0.00,0.00,0.00,1.00,0,completed,13,200,13,0.0,,,readout,chua_orig_nint128_bs16_sig0.0_lr1e-03-1e-05_tfp0_ramp200_hLR1_m20_p10_seed13_minsym5_cand3_reducedp3_rseed0,5,200,raw_data,default
3.257382,20,10,3,10,3,,,16,0.0209,3.2574,1,models/chua_orig_nint128_bs16_sig0.0_lr1e-03-1e-05_tfp0_ramp200_hLR1_m20_p10_seed13_minsym5_cand1_reducedp3_rseed0.pth,0;1;2;5;7;8;9,True,,0.0,0.0,none,0.161267,nan,0.161267,1,5.0,1.0,,,none,0.0,,0.0,1e-05,False,0.001,200,5,128,6,5,7,2000,0.00,0.00,0.00,1.00,0,completed,13,200,13,0.0,,,readout,chua_orig_nint128_bs16_sig0.0_lr1e-03-1e-05_tfp0_ramp200_hLR1_m20_p10_seed13_minsym5_cand1_reducedp3_rseed0,5,200,raw_data,default
1.926657,20,10,4,10,4,,,16,0.0283,1.3441,3,models/chua_orig_nint128_bs16_sig0.0_lr1e-03-1e-05_tfp0_ramp200_hLR1_m20_p10_seed6_minsym5_cand3_reducedp4_rseed0.pth,0;1;4;5;8;9,True,,0.0,0.0,none,0.055495,nan,0.055495,2,5.0,1.0,,,none,0.0,,0.0,1e-05,False,0.001,200,5,128,12,5,6,2000,0.00,0.00,0.00,1.00,0,completed,6,200,6,0.0,,,readout,chua_orig_nint128_bs16_sig0.0_lr1e-03-1e-05_tfp0_ramp200_hLR1_m20_p10_seed6_minsym5_cand3_reducedp4_rseed0,5,200,raw_data,default
4.869313,20,10,3,10,3,,,16,0.0166,4.2423,3,models/chua_orig_nint128_bs16_sig0.0_lr1e-03-1e-05_tfp0_ramp200_hLR1_m20_p10_seed15_minsym5_cand3_reducedp3_rseed0.pth,0;2;3;5;7;8;9,True,,0.0,0.0,none,0.225211,nan,0.225211,1,5.0,1.0,,,none,0.0,,0.0,1e-05,False,0.001,200,5,128,5,5,7,2000,0.00,0.00,0.00,1.00,0,completed,15,200,15,0.0,,,readout,chua_orig_nint128_bs16_sig0.0_lr1e-03-1e-05_tfp0_ramp200_hLR1_m20_p10_seed15_minsym5_cand3_reducedp3_rseed0,5,200,raw_data,default
7.974668,20,10,3,10,1,,,16,nan,7.9747,2,models/chua_orig_nint128_bs16_sig0.0_lr1e-03-1e-05_tfp0_ramp200_hLR1_m20_p10_seed27_minsym5_cand2_reducedp3_rseed0.pth,2;3;4;5;6;7;8,True,,0.0,0.0,none,35454964117043115196416.000000,nan,35454964117043115196416.000000,1,5.0,1.0,,,none,0.0,,0.0,1e-05,False,0.001,200,5,128,1,5,7,2000,0.00,0.00,0.00,1.00,0,completed,27,200,27,0.0,,,readout,chua_orig_nint128_bs16_sig0.0_lr1e-03-1e-05_tfp0_ramp200_hLR1_m20_p10_seed27_minsym5_cand2_reducedp3_rseed0,5,200,raw_data,default
0.992238,20,10,3,10,5,,,16,0.0064,0.9922,5,models/chua_orig_nint128_bs16_sig0.0_lr1e-03-1e-05_tfp0_ramp200_hLR1_m20_p10_seed17_minsym5_cand5_reducedp3_rseed0.pth,1;2;4;5;7;8;9,True,,0.0,0.0,none,0.012806,nan,0.012806,5,5.0,1.0,,,none,0.0,,0.0,1e-05,False,0.001,200,5,128,5,5,7,2000,0.00,0.00,0.00,1.00,0,completed,17,200,17,0.0,,,readout,chua_orig_nint128_bs16_sig0.0_lr1e-03-1e-05_tfp0_ramp200_hLR1_m20_p10_seed17_minsym5_cand5_reducedp3_rseed0,5,200,raw_data,default
1.292093,20,10,3,10,4,,,16,0.0101,1.2921,2,models/chua_orig_nint128_bs16_sig0.0_lr1e-03-1e-05_tfp0_ramp200_hLR1_m20_p10_seed14_minsym5_cand2_reducedp3_rseed0.pth,0;1;2;5;6;8;9,True,,0.0,0.0,none,0.026219,nan,0.026219,4,5.0,1.0,,,none,0.0,,0.0,1e-05,False,0.001,200,5,128,6,5,7,2000,0.00,0.00,0.00,1.00,0,completed,14,200,14,0.0,,,readout,chua_orig_nint128_bs16_sig0.0_lr1e-03-1e-05_tfp0_ramp200_hLR1_m20_p10_seed14_minsym5_cand2_reducedp3_rseed0,5,200,raw_data,default
4.824564,20,10,4,10,4,,,16,0.0437,4.8246,4,models/chua_orig_nint128_bs16_sig0.0_lr1e-03-1e-05_tfp0_ramp200_hLR1_m20_p10_seed6_minsym5_cand4_reducedp4_rseed0.pth,0;1;4;7;8;9,True,,0.0,0.0,none,0.211973,nan,0.211973,2,5.0,1.0,,,none,0.0,,0.0,1e-05,False,0.001,200,5,128,13,5,6,2000,0.00,0.00,0.00,1.00,0,completed,6,200,6,0.0,,,readout,chua_orig_nint128_bs16_sig0.0_lr1e-03-1e-05_tfp0_ramp200_hLR1_m20_p10_seed6_minsym5_cand4_reducedp4_rseed0,5,200,raw_data,default
3.572597,20,10,4,10,4,,,16,0.0153,3.5726,1,models/chua_orig_nint128_bs16_sig0.0_lr1e-03-1e-05_tfp0_ramp200_hLR1_m20_p10_seed6_minsym5_cand1_reducedp4_rseed0.pth,0;1;2;4;7;9,True,,0.0,0.0,none,0.186514,nan,0.186514,4,5.0,1.0,,,none,0.0,,0.0,1e-05,False,0.001,200,5,128,14,5,6,2000,0.00,0.00,0.00,1.00,0,completed,6,200,6,0.0,,,readout,chua_orig_nint128_bs16_sig0.0_lr1e-03-1e-05_tfp0_ramp200_hLR1_m20_p10_seed6_minsym5_cand1_reducedp4_rseed0,5,200,raw_data,default
3.213084,20,10,3,10,3,,,16,0.0202,3.0017,3,models/chua_orig_nint128_bs16_sig0.0_lr1e-03-1e-05_tfp0_ramp200_hLR1_m20_p10_seed17_minsym5_cand3_reducedp3_rseed0.pth,0;2;3;4;7;8;9,True,,0.0,0.0,none,0.118145,nan,0.118145,2,5.0,1.0,,,none,0.0,,0.0,1e-05,False,0.001,200,5,128,8,5,7,2000,0.00,0.00,0.00,1.00,0,completed,17,200,17,0.0,,,readout,chua_orig_nint128_bs16_sig0.0_lr1e-03-1e-05_tfp0_ramp200_hLR1_m20_p10_seed17_minsym5_cand3_reducedp3_rseed0,5,200,raw_data,default
2.114300,20,10,3,10,4,,,16,0.0113,2.1143,2,models/chua_orig_nint128_bs16_sig0.0_lr1e-03-1e-05_tfp0_ramp200_hLR1_m20_p10_seed7_minsym5_cand2_reducedp3_rseed0.pth,1;2;4;5;7;8;9,True,,0.0,0.0,none,0.082448,nan,0.082448,4,5.0,1.0,,,none,0.0,,0.0,1e-05,False,0.001,200,5,128,6,5,7,2000,0.00,0.00,0.00,1.00,0,completed,7,200,7,0.0,,,readout,chua_orig_nint128_bs16_sig0.0_lr1e-03-1e-05_tfp0_ramp200_hLR1_m20_p10_seed7_minsym5_cand2_reducedp3_rseed0,5,200,raw_data,default
1.006032,20,10,4,10,5,,,16,0.0045,1.0060,5,models/chua_orig_nint128_bs16_sig0.0_lr1e-03-1e-05_tfp0_ramp200_hLR1_m20_p10_seed22_minsym5_cand5_reducedp4_rseed0.pth,1;2;3;4;5;7,True,,0.0,0.0,none,0.011144,nan,0.011144,4,5.0,1.0,,,none,0.0,,0.0,1e-05,False,0.001,200,5,128,5,5,6,2000,0.00,0.00,0.00,1.00,0,completed,22,200,22,0.0,,,readout,chua_orig_nint128_bs16_sig0.0_lr1e-03-1e-05_tfp0_ramp200_hLR1_m20_p10_seed22_minsym5_cand5_reducedp4_rseed0,5,200,raw_data,default
1.152812,20,10,3,10,5,,,16,0.0090,1.1528,1,models/chua_orig_nint128_bs16_sig0.0_lr1e-03-1e-05_tfp0_ramp200_hLR1_m20_p10_seed24_minsym5_cand1_reducedp3_rseed0.pth,0;1;2;3;5;8;9,True,,0.0,0.0,none,0.019321,nan,0.019321,4,5.0,1.0,,,none,0.0,,0.0,1e-05,False,0.001,200,5,128,8,5,7,2000,0.00,0.00,0.00,1.00,0,completed,24,200,24,0.0,,,readout,chua_orig_nint128_bs16_sig0.0_lr1e-03-1e-05_tfp0_ramp200_hLR1_m20_p10_seed24_minsym5_cand1_reducedp3_rseed0,5,200,raw_data,default
4.478811,20,10,3,10,3,,,16,0.0172,4.4788,1,models/chua_orig_nint128_bs16_sig0.0_lr1e-03-1e-05_tfp0_ramp200_hLR1_m20_p10_seed10_minsym5_cand1_reducedp3_rseed0.pth,0;1;2;4;5;6;8,True,,0.0,0.0,none,0.163167,nan,0.163167,1,5.0,1.0,,,none,0.0,,0.0,1e-05,False,0.001,200,5,128,5,5,7,2000,0.00,0.00,0.00,1.00,0,completed,10,200,10,0.0,,,readout,chua_orig_nint128_bs16_sig0.0_lr1e-03-1e-05_tfp0_ramp200_hLR1_m20_p10_seed10_minsym5_cand1_reducedp3_rseed0,5,200,raw_data,default
4.219597,20,10,3,10,3,,,16,0.0179,4.2196,4,models/chua_orig_nint128_bs16_sig0.0_lr1e-03-1e-05_tfp0_ramp200_hLR1_m20_p10_seed17_minsym5_cand4_reducedp3_rseed0.pth,1;2;3;5;7;8;9,True,,0.0,0.0,none,0.173592,nan,0.173592,3,5.0,1.0,,,none,0.0,,0.0,1e-05,False,0.001,200,5,128,6,5,7,2000,0.00,0.00,0.00,1.00,0,completed,17,200,17,0.0,,,readout,chua_orig_nint128_bs16_sig0.0_lr1e-03-1e-05_tfp0_ramp200_hLR1_m20_p10_seed17_minsym5_cand4_reducedp3_rseed0,5,200,raw_data,default
1.127306,20,10,3,10,5,,,16,0.0077,1.1273,2,models/chua_orig_nint128_bs16_sig0.0_lr1e-03-1e-05_tfp0_ramp200_hLR1_m20_p10_seed15_minsym5_cand2_reducedp3_rseed0.pth,0;2;3;5;6;8;9,True,,0.0,0.0,none,0.012708,nan,0.012708,5,5.0,1.0,,,none,0.0,,0.0,1e-05,False,0.001,200,5,128,5,5,7,2000,0.00,0.00,0.00,1.00,0,completed,15,200,15,0.0,,,readout,chua_orig_nint128_bs16_sig0.0_lr1e-03-1e-05_tfp0_ramp200_hLR1_m20_p10_seed15_minsym5_cand2_reducedp3_rseed0,5,200,raw_data,default
2.917284,20,10,3,10,4,,,16,0.0195,2.7625,2,models/chua_orig_nint128_bs16_sig0.0_lr1e-03-1e-05_tfp0_ramp200_hLR1_m20_p10_seed13_minsym5_cand2_reducedp3_rseed0.pth,0;1;3;5;7;8;9,True,,0.0,0.0,none,0.193646,nan,0.193646,2,5.0,1.0,,,none,0.0,,0.0,1e-05,False,0.001,200,5,128,7,5,7,2000,0.00,0.00,0.00,1.00,0,completed,13,200,13,0.0,,,readout,chua_orig_nint128_bs16_sig0.0_lr1e-03-1e-05_tfp0_ramp200_hLR1_m20_p10_seed13_minsym5_cand2_reducedp3_rseed0,5,200,raw_data,default
1.112399,20,10,3,10,4,,,16,0.0166,0.9568,1,models/chua_orig_nint128_bs16_sig0.0_lr1e-03-1e-05_tfp0_ramp200_hLR1_m20_p10_seed26_minsym5_cand1_reducedp3_rseed0.pth,0;1;2;4;7;8;9,True,,0.0,0.0,none,0.018915,nan,0.018915,3,5.0,1.0,,,none,0.0,,0.0,1e-05,False,0.001,200,5,128,8,5,7,2000,0.00,0.00,0.00,1.00,0,completed,26,200,26,0.0,,,readout,chua_orig_nint128_bs16_sig0.0_lr1e-03-1e-05_tfp0_ramp200_hLR1_m20_p10_seed26_minsym5_cand1_reducedp3_rseed0,5,200,raw_data,default
5.437763,20,10,3,10,3,,,16,0.0257,5.3547,2,models/chua_orig_nint128_bs16_sig0.0_lr1e-03-1e-05_tfp0_ramp200_hLR1_m20_p10_seed10_minsym5_cand2_reducedp3_rseed0.pth,0;1;2;4;5;7;8,True,,0.0,0.0,none,0.287557,nan,0.287557,2,5.0,1.0,,,none,0.0,,0.0,1e-05,False,0.001,200,5,128,6,5,7,2000,0.00,0.00,0.00,1.00,0,completed,10,200,10,0.0,,,readout,chua_orig_nint128_bs16_sig0.0_lr1e-03-1e-05_tfp0_ramp200_hLR1_m20_p10_seed10_minsym5_cand2_reducedp3_rseed0,5,200,raw_data,default
4.909137,20,10,3,10,3,,,16,0.0237,4.9091,1,models/chua_orig_nint128_bs16_sig0.0_lr1e-03-1e-05_tfp0_ramp200_hLR1_m20_p10_seed4_minsym5_cand1_reducedp3_rseed0.pth,0;1;4;6;7;8;9,True,,0.0,0.0,none,0.219055,nan,0.219055,1,5.0,1.0,,,none,0.0,,0.0,1e-05,False,0.001,200,5,128,8,5,7,2000,0.00,0.00,0.00,1.00,0,completed,4,200,4,0.0,,,readout,chua_orig_nint128_bs16_sig0.0_lr1e-03-1e-05_tfp0_ramp200_hLR1_m20_p10_seed4_minsym5_cand1_reducedp3_rseed0,5,200,raw_data,default
6.207128,20,10,3,10,3,,,16,0.0189,2.7677,2,models/chua_orig_nint128_bs16_sig0.0_lr1e-03-1e-05_tfp0_ramp200_hLR1_m20_p10_seed24_minsym5_cand2_reducedp3_rseed0.pth,0;1;2;3;6;7;9,True,,0.0,0.0,none,0.171221,nan,0.171221,3,5.0,1.0,,,none,0.0,,0.0,1e-05,False,0.001,200,5,128,8,5,7,2000,0.00,0.00,0.00,1.00,0,completed,24,200,24,0.0,,,readout,chua_orig_nint128_bs16_sig0.0_lr1e-03-1e-05_tfp0_ramp200_hLR1_m20_p10_seed24_minsym5_cand2_reducedp3_rseed0,5,200,raw_data,default
8.098565,20,10,3,10,4,,,16,0.0158,3.1123,2,models/chua_orig_nint128_bs16_sig0.0_lr1e-03-1e-05_tfp0_ramp200_hLR1_m20_p10_seed21_minsym5_cand2_reducedp3_rseed0.pth,0;1;3;4;6;8;9,True,,0.0,0.0,none,0.122370,nan,0.122370,3,5.0,1.0,,,none,0.0,,0.0,1e-05,False,0.001,200,5,128,8,5,7,2000,0.00,0.00,0.00,1.00,0,completed,21,200,21,0.0,,,readout,chua_orig_nint128_bs16_sig0.0_lr1e-03-1e-05_tfp0_ramp200_hLR1_m20_p10_seed21_minsym5_cand2_reducedp3_rseed0,5,200,raw_data,default
7.883512,20,10,3,10,1,,,16,nan,7.8835,1,models/chua_orig_nint128_bs16_sig0.0_lr1e-03-1e-05_tfp0_ramp200_hLR1_m20_p10_seed27_minsym5_cand1_reducedp3_rseed0.pth,1;2;3;4;5;7;8,True,,0.0,0.0,none,95677146414671009515831296.000000,nan,95677146414671009515831296.000000,1,5.0,1.0,,,none,0.0,,0.0,1e-05,False,0.001,200,5,128,1,5,7,2000,0.00,0.00,0.00,1.00,0,completed,27,200,27,0.0,,,readout,chua_orig_nint128_bs16_sig0.0_lr1e-03-1e-05_tfp0_ramp200_hLR1_m20_p10_seed27_minsym5_cand1_reducedp3_rseed0,5,200,raw_data,default
1.094943,20,10,4,10,4,,,16,0.0143,1.0949,2,models/chua_orig_nint128_bs16_sig0.0_lr1e-03-1e-05_tfp0_ramp200_hLR1_m20_p10_seed6_minsym5_cand2_reducedp4_rseed0.pth,0;1;2;5;7;9,True,,0.0,0.0,none,0.022804,nan,0.022804,3,5.0,1.0,,,none,0.0,,0.0,1e-05,False,0.001,200,5,128,12,5,6,2000,0.00,0.00,0.00,1.00,0,completed,6,200,6,0.0,,,readout,chua_orig_nint128_bs16_sig0.0_lr1e-03-1e-05_tfp0_ramp200_hLR1_m20_p10_seed6_minsym5_cand2_reducedp4_rseed0,5,200,raw_data,default
8.340667,20,10,3,10,2,,,16,0.2494,8.3407,3,models/chua_orig_nint128_bs16_sig0.0_lr1e-03-1e-05_tfp0_ramp200_hLR1_m20_p10_seed3_minsym5_cand3_reducedp3_rseed0.pth,0;1;3;4;6;7;8,True,,0.0,0.0,none,159500591373618605572482924544.000000,nan,159500591373618605572482924544.000000,2,5.0,1.0,,,none,0.0,,0.0,1e-05,False,0.001,200,5,128,1,5,7,2000,0.00,0.00,0.00,1.00,0,completed,3,200,3,0.0,,,readout,chua_orig_nint128_bs16_sig0.0_lr1e-03-1e-05_tfp0_ramp200_hLR1_m20_p10_seed3_minsym5_cand3_reducedp3_rseed0,5,200,raw_data,default
1.008924,20,10,3,10,5,,,16,0.0109,1.0089,2,models/chua_orig_nint128_bs16_sig0.0_lr1e-03-1e-05_tfp0_ramp200_hLR1_m20_p10_seed4_minsym5_cand2_reducedp3_rseed0.pth,1;2;3;4;5;6;8,True,,0.0,0.0,none,0.011361,nan,0.011361,5,5.0,1.0,,,none,0.0,,0.0,1e-05,False,0.001,200,5,128,5,5,7,2000,0.00,0.00,0.00,1.00,0,completed,4,200,4,0.0,,,readout,chua_orig_nint128_bs16_sig0.0_lr1e-03-1e-05_tfp0_ramp200_hLR1_m20_p10_seed4_minsym5_cand2_reducedp3_rseed0,5,200,raw_data,default
2.537137,20,10,3,10,4,,,16,0.0124,2.5371,2,models/chua_orig_nint128_bs16_sig0.0_lr1e-03-1e-05_tfp0_ramp200_hLR1_m20_p10_seed25_minsym5_cand2_reducedp3_rseed0.pth,0;1;2;4;5;7;8,True,,0.0,0.0,none,0.198774,nan,0.198774,4,5.0,1.0,,,none,0.0,,0.0,1e-05,False,0.001,200,5,128,6,5,7,2000,0.00,0.00,0.00,1.00,0,completed,25,200,25,0.0,,,readout,chua_orig_nint128_bs16_sig0.0_lr1e-03-1e-05_tfp0_ramp200_hLR1_m20_p10_seed25_minsym5_cand2_reducedp3_rseed0,5,200,raw_data,default
1.040035,20,10,3,10,5,,,16,0.0100,1.0400,3,models/chua_orig_nint128_bs16_sig0.0_lr1e-03-1e-05_tfp0_ramp200_hLR1_m20_p10_seed24_minsym5_cand3_reducedp3_rseed0.pth,0;1;2;3;7;8;9,True,,0.0,0.0,none,0.012444,nan,0.012444,4,5.0,1.0,,,none,0.0,,0.0,1e-05,False,0.001,200,5,128,5,5,7,2000,0.00,0.00,0.00,1.00,0,completed,24,200,24,0.0,,,readout,chua_orig_nint128_bs16_sig0.0_lr1e-03-1e-05_tfp0_ramp200_hLR1_m20_p10_seed24_minsym5_cand3_reducedp3_rseed0,5,200,raw_data,default
1.190577,20,10,4,10,5,,,16,0.0131,1.1329,6,models/chua_orig_nint128_bs16_sig0.0_lr1e-03-1e-05_tfp0_ramp200_hLR1_m20_p10_seed22_minsym5_cand6_reducedp4_rseed0.pth,1;2;3;4;7;9,True,,0.0,0.0,none,0.008850,nan,0.008850,5,5.0,1.0,,,none,0.0,,0.0,1e-05,False,0.001,200,5,128,5,5,6,2000,0.00,0.00,0.00,1.00,0,completed,22,200,22,0.0,,,readout,chua_orig_nint128_bs16_sig0.0_lr1e-03-1e-05_tfp0_ramp200_hLR1_m20_p10_seed22_minsym5_cand6_reducedp4_rseed0,5,200,raw_data,default
1.085664,20,10,3,10,5,,,16,0.0079,1.0857,3,models/chua_orig_nint128_bs16_sig0.0_lr1e-03-1e-05_tfp0_ramp200_hLR1_m20_p10_seed7_minsym5_cand3_reducedp3_rseed0.pth,1;4;5;6;7;8;9,True,,0.0,0.0,none,0.014616,nan,0.014616,5,5.0,1.0,,,none,0.0,,0.0,1e-05,False,0.001,200,5,128,6,5,7,2000,0.00,0.00,0.00,1.00,0,completed,7,200,7,0.0,,,readout,chua_orig_nint128_bs16_sig0.0_lr1e-03-1e-05_tfp0_ramp200_hLR1_m20_p10_seed7_minsym5_cand3_reducedp3_rseed0,5,200,raw_data,default
0.997017,20,10,3,10,3,,,16,0.0216,0.9970,2,models/chua_orig_nint128_bs16_sig0.0_lr1e-03-1e-05_tfp0_ramp200_hLR1_m20_p10_seed26_minsym5_cand2_reducedp3_rseed0.pth,0;1;4;5;6;7;9,True,,0.0,0.0,none,0.018687,nan,0.018687,3,5.0,1.0,,,none,0.0,,0.0,1e-05,False,0.001,200,5,128,7,5,7,2000,0.00,0.00,0.00,1.00,0,completed,26,200,26,0.0,,,readout,chua_orig_nint128_bs16_sig0.0_lr1e-03-1e-05_tfp0_ramp200_hLR1_m20_p10_seed26_minsym5_cand2_reducedp3_rseed0,5,200,raw_data,default
1.081302,20,10,3,10,5,,,16,0.0049,1.0813,3,models/chua_orig_nint128_bs16_sig0.0_lr1e-03-1e-05_tfp0_ramp200_hLR1_m20_p10_seed14_minsym5_cand3_reducedp3_rseed0.pth,0;1;5;6;7;8;9,True,,0.0,0.0,none,0.008808,nan,0.008808,5,5.0,1.0,,,none,0.0,,0.0,1e-05,False,0.001,200,5,128,5,5,7,2000,0.00,0.00,0.00,1.00,0,completed,14,200,14,0.0,,,readout,chua_orig_nint128_bs16_sig0.0_lr1e-03-1e-05_tfp0_ramp200_hLR1_m20_p10_seed14_minsym5_cand3_reducedp3_rseed0,5,200,raw_data,default
1.109672,20,10,3,10,5,,,16,0.0073,1.1097,1,models/chua_orig_nint128_bs16_sig0.0_lr1e-03-1e-05_tfp0_ramp200_hLR1_m20_p10_seed11_minsym5_cand1_reducedp3_rseed0.pth,0;1;3;5;6;7;9,True,,0.0,0.0,none,0.010759,nan,0.010759,5,5.0,1.0,,,none,0.0,,0.0,1e-05,False,0.001,200,5,128,5,5,7,2000,0.00,0.00,0.00,1.00,0,completed,11,200,11,0.0,,,readout,chua_orig_nint128_bs16_sig0.0_lr1e-03-1e-05_tfp0_ramp200_hLR1_m20_p10_seed11_minsym5_cand1_reducedp3_rseed0,5,200,raw_data,default
5.619569,20,10,3,10,3,,,16,0.0308,5.6196,4,models/chua_orig_nint128_bs16_sig0.0_lr1e-03-1e-05_tfp0_ramp200_hLR1_m20_p10_seed10_minsym5_cand4_reducedp3_rseed0.pth,0;1;2;5;6;7;8,True,,0.0,0.0,none,0.138183,nan,0.138183,3,5.0,1.0,,,none,0.0,,0.0,1e-05,False,0.001,200,5,128,8,5,7,2000,0.00,0.00,0.00,1.00,0,completed,10,200,10,0.0,,,readout,chua_orig_nint128_bs16_sig0.0_lr1e-03-1e-05_tfp0_ramp200_hLR1_m20_p10_seed10_minsym5_cand4_reducedp3_rseed0,5,200,raw_data,default
10.252604,20,10,3,10,4,,,16,0.0232,6.7639,0,models/chua_orig_nint128_bs16_sig0.0_lr1e-03-1e-05_tfp0_ramp200_hLR1_m20_p10_seed29_minsym5_cand0_reducedp3_rseed0.pth,0;1;2;3;5;8;9,True,,0.0,0.0,none,0.095045,nan,0.095045,2,5.0,1.0,,,none,0.0,,0.0,1e-05,False,0.001,200,5,128,8,5,7,2000,0.00,0.00,0.00,1.00,0,completed,29,200,29,0.0,,,readout,chua_orig_nint128_bs16_sig0.0_lr1e-03-1e-05_tfp0_ramp200_hLR1_m20_p10_seed29_minsym5_cand0_reducedp3_rseed0,5,200,raw_data,default
1.130451,20,10,3,10,5,,,16,0.0139,1.1305,3,models/chua_orig_nint128_bs16_sig0.0_lr1e-03-1e-05_tfp0_ramp200_hLR1_m20_p10_seed4_minsym5_cand3_reducedp3_rseed0.pth,1;2;3;4;5;7;8,True,,0.0,0.0,none,0.013677,nan,0.013677,5,5.0,1.0,,,none,0.0,,0.0,1e-05,False,0.001,200,5,128,5,5,7,2000,0.00,0.00,0.00,1.00,0,completed,4,200,4,0.0,,,readout,chua_orig_nint128_bs16_sig0.0_lr1e-03-1e-05_tfp0_ramp200_hLR1_m20_p10_seed4_minsym5_cand3_reducedp3_rseed0,5,200,raw_data,default
1.913755,20,10,4,10,4,,,16,0.0166,1.9138,5,models/chua_orig_nint128_bs16_sig0.0_lr1e-03-1e-05_tfp0_ramp200_hLR1_m20_p10_seed6_minsym5_cand5_reducedp4_rseed0.pth,0;1;5;7;8;9,True,,0.0,0.0,none,0.053515,nan,0.053515,4,5.0,1.0,,,none,0.0,,0.0,1e-05,False,0.001,200,5,128,12,5,6,2000,0.00,0.00,0.00,1.00,0,completed,6,200,6,0.0,,,readout,chua_orig_nint128_bs16_sig0.0_lr1e-03-1e-05_tfp0_ramp200_hLR1_m20_p10_seed6_minsym5_cand5_reducedp4_rseed0,5,200,raw_data,default
3.956402,20,10,3,10,3,,,16,0.0257,3.9564,4,models/chua_orig_nint128_bs16_sig0.0_lr1e-03-1e-05_tfp0_ramp200_hLR1_m20_p10_seed15_minsym5_cand4_reducedp3_rseed0.pth,0;2;5;6;7;8;9,True,,0.0,0.0,none,0.216342,nan,0.216342,1,5.0,1.0,,,none,0.0,,0.0,1e-05,False,0.001,200,5,128,8,5,7,2000,0.00,0.00,0.00,1.00,0,completed,15,200,15,0.0,,,readout,chua_orig_nint128_bs16_sig0.0_lr1e-03-1e-05_tfp0_ramp200_hLR1_m20_p10_seed15_minsym5_cand4_reducedp3_rseed0,5,200,raw_data,default
5.383056,20,10,3,10,3,,,16,0.0209,3.8708,4,models/chua_orig_nint128_bs16_sig0.0_lr1e-03-1e-05_tfp0_ramp200_hLR1_m20_p10_seed13_minsym5_cand4_reducedp3_rseed0.pth,0;2;5;6;7;8;9,True,,0.0,0.0,none,0.202995,nan,0.202995,1,5.0,1.0,,,none,0.0,,0.0,1e-05,False,0.001,200,5,128,6,5,7,2000,0.00,0.00,0.00,1.00,0,completed,13,200,13,0.0,,,readout,chua_orig_nint128_bs16_sig0.0_lr1e-03-1e-05_tfp0_ramp200_hLR1_m20_p10_seed13_minsym5_cand4_reducedp3_rseed0,5,200,raw_data,default
1.137324,20,10,3,10,5,,,16,0.0052,1.1373,1,models/chua_orig_nint128_bs16_sig0.0_lr1e-03-1e-05_tfp0_ramp200_hLR1_m20_p10_seed23_minsym5_cand1_reducedp3_rseed0.pth,0;1;3;5;6;7;9,True,,0.0,0.0,none,0.010741,nan,0.010741,5,5.0,1.0,,,none,0.0,,0.0,1e-05,False,0.001,200,5,128,5,5,7,2000,0.00,0.00,0.00,1.00,0,completed,23,200,23,0.0,,,readout,chua_orig_nint128_bs16_sig0.0_lr1e-03-1e-05_tfp0_ramp200_hLR1_m20_p10_seed23_minsym5_cand1_reducedp3_rseed0,5,200,raw_data,default
2.307776,20,10,3,10,4,,,16,0.0173,2.3078,2,models/chua_orig_nint128_bs16_sig0.0_lr1e-03-1e-05_tfp0_ramp200_hLR1_m20_p10_seed18_minsym5_cand2_reducedp3_rseed0.pth,0;1;2;3;4;6;7,True,,0.0,0.0,none,0.084419,nan,0.084419,2,5.0,1.0,,,none,0.0,,0.0,1e-05,False,0.001,200,5,128,7,5,7,2000,0.00,0.00,0.00,1.00,0,completed,18,200,18,0.0,,,readout,chua_orig_nint128_bs16_sig0.0_lr1e-03-1e-05_tfp0_ramp200_hLR1_m20_p10_seed18_minsym5_cand2_reducedp3_rseed0,5,200,raw_data,default
9.136879,20,10,3,10,3,,,16,0.0382,6.7533,9,models/chua_orig_nint128_bs16_sig0.0_lr1e-03-1e-05_tfp0_ramp200_hLR1_m20_p10_seed10_minsym5_cand9_reducedp3_rseed0.pth,0;1;3;5;6;7;8,True,,0.0,0.0,none,0.283439,nan,0.283439,0,5.0,1.0,,,none,0.0,,0.0,1e-05,False,0.001,200,5,128,4,5,7,2000,0.00,0.00,0.00,1.00,0,completed,10,200,10,0.0,,,readout,chua_orig_nint128_bs16_sig0.0_lr1e-03-1e-05_tfp0_ramp200_hLR1_m20_p10_seed10_minsym5_cand9_reducedp3_rseed0,5,200,raw_data,default
2.819439,20,10,3,10,3,,,16,0.0228,2.8194,2,models/chua_orig_nint128_bs16_sig0.0_lr1e-03-1e-05_tfp0_ramp200_hLR1_m20_p10_seed11_minsym5_cand2_reducedp3_rseed0.pth,0;1;4;5;6;7;9,True,,0.0,0.0,none,0.061245,nan,0.061245,3,5.0,1.0,,,none,0.0,,0.0,1e-05,False,0.001,200,5,128,7,5,7,2000,0.00,0.00,0.00,1.00,0,completed,11,200,11,0.0,,,readout,chua_orig_nint128_bs16_sig0.0_lr1e-03-1e-05_tfp0_ramp200_hLR1_m20_p10_seed11_minsym5_cand2_reducedp3_rseed0,5,200,raw_data,default
1.228627,20,10,3,10,5,0.1,,16,0.0071,1.2286,3,models/chua_orig_nint128_bs16_sig0.0_lr1e-03-1e-05_tfp0_ramp200_hLR1_m20_p10_seed3_minsym5_cand3_reducedp3_distretpre_ga0p1_rseed0.pth,0;1;3;4;6;7;8,True,0.1,1.0,3.4954695317029265,retained_preactivation,0.140194,nan,0.107101,5,5.0,1.0,37935.94019363432,1326039.2310335317,retained,0.0,,0.0,1e-05,False,0.001,200,5,128,5,5,7,2000,0.00,0.00,0.00,1.00,0,completed,3,200,3,0.0,,,none,chua_orig_nint128_bs16_sig0.0_lr1e-03-1e-05_tfp0_ramp200_hLR1_m20_p10_seed3_minsym5_cand3_reducedp3_distretpre_ga0p1_rseed0,5,200,parent_free_run,default
2.267562,20,10,3,10,4,,,16,0.0155,2.2676,5,models/chua_orig_nint128_bs16_sig0.0_lr1e-03-1e-05_tfp0_ramp200_hLR1_m20_p10_seed18_minsym5_cand5_reducedp3_rseed0.pth,0;1;3;4;6;7;9,True,,0.0,0.0,none,0.170754,nan,0.170754,3,5.0,1.0,,,none,0.0,,0.0,1e-05,False,0.001,200,5,128,7,5,7,2000,0.00,0.00,0.00,1.00,0,completed,18,200,18,0.0,,,readout,chua_orig_nint128_bs16_sig0.0_lr1e-03-1e-05_tfp0_ramp200_hLR1_m20_p10_seed18_minsym5_cand5_reducedp3_rseed0,5,200,raw_data,default
1.248367,20,10,3,10,5,0.1,,16,0.0087,1.2484,0,models/chua_orig_nint128_bs16_sig0.0_lr1e-03-1e-05_tfp0_ramp200_hLR1_m20_p10_seed11_minsym5_cand0_reducedp3_distretpre_ga0p1_rseed0.pth,0;1;3;4;5;6;9,True,0.1,1.0,4.427836946338015,retained_preactivation,0.138139,nan,0.090409,5,5.0,1.0,158156.84912137064,7002927.398560119,retained,0.0,,0.0,1e-05,False,0.001,200,5,128,5,5,7,2000,0.00,0.00,0.00,1.00,0,completed,11,200,11,0.0,,,none,chua_orig_nint128_bs16_sig0.0_lr1e-03-1e-05_tfp0_ramp200_hLR1_m20_p10_seed11_minsym5_cand0_reducedp3_distretpre_ga0p1_rseed0,5,200,parent_free_run,default
1.249822,20,10,3,10,5,0.1,,16,0.0147,1.2498,2,models/chua_orig_nint128_bs16_sig0.0_lr1e-03-1e-05_tfp0_ramp200_hLR1_m20_p10_seed3_minsym5_cand2_reducedp3_distretpre_ga0p1_rseed0.pth,0;1;3;4;5;7;8,True,0.1,1.0,3.34726886827772,retained_preactivation,0.081068,nan,0.057465,5,5.0,1.0,47034.98141277405,1574387.2900299977,retained,0.0,,0.0,1e-05,False,0.001,200,5,128,5,5,7,2000,0.00,0.00,0.00,1.00,0,completed,3,200,3,0.0,,,none,chua_orig_nint128_bs16_sig0.0_lr1e-03-1e-05_tfp0_ramp200_hLR1_m20_p10_seed3_minsym5_cand2_reducedp3_distretpre_ga0p1_rseed0,5,200,parent_free_run,default
1.479640,20,10,3,10,5,0.1,,16,0.0093,1.4796,0,models/chua_orig_nint128_bs16_sig0.0_lr1e-03-1e-05_tfp0_ramp200_hLR1_m20_p10_seed18_minsym5_cand0_reducedp3_distretpre_ga0p1_rseed0.pth,0;1;2;3;4;5;7,True,0.1,1.0,1.1867286673829553,retained_preactivation,0.145593,nan,0.122846,5,5.0,1.0,600953492.1832561,7131687369.377687,retained,0.0,,0.0,1e-05,False,0.001,200,5,128,6,5,7,2000,0.00,0.00,0.00,1.00,0,completed,18,200,18,0.0,,,none,chua_orig_nint128_bs16_sig0.0_lr1e-03-1e-05_tfp0_ramp200_hLR1_m20_p10_seed18_minsym5_cand0_reducedp3_distretpre_ga0p1_rseed0,5,200,parent_free_run,default
3.922252,20,10,3,10,3,0.1,,16,0.0236,3.9223,0,models/chua_orig_nint128_bs16_sig0.0_lr1e-03-1e-05_tfp0_ramp200_hLR1_m20_p10_seed14_minsym5_cand0_reducedp3_distretpre_ga0p1_rseed0.pth,0;1;2;5;6;7;8,True,0.1,1.0,4.683732963770956,retained_preactivation,1.449569,nan,1.061989,1,5.0,1.0,163.54539218943614,7660.029444705157,retained,0.0,,0.0,1e-05,False,0.001,200,5,128,4,5,7,2000,0.00,0.00,0.00,1.00,0,completed,14,200,14,0.0,,,none,chua_orig_nint128_bs16_sig0.0_lr1e-03-1e-05_tfp0_ramp200_hLR1_m20_p10_seed14_minsym5_cand0_reducedp3_distretpre_ga0p1_rseed0,5,200,parent_free_run,default
1.255835,20,10,3,10,5,0.1,,16,0.0144,1.1582,1,models/chua_orig_nint128_bs16_sig0.0_lr1e-03-1e-05_tfp0_ramp200_hLR1_m20_p10_seed9_minsym5_cand1_reducedp3_distretpre_ga0p1_rseed0.pth,0;1;2;3;5;7;8,True,0.1,1.0,1.142688193528607,retained_preactivation,0.061009,nan,0.039374,5,5.0,1.0,16156160848.455452,184614542542.79166,retained,0.0,,0.0,1e-05,False,0.001,200,5,128,5,5,7,2000,0.00,0.00,0.00,1.00,0,completed,9,200,9,0.0,,,none,chua_orig_nint128_bs16_sig0.0_lr1e-03-1e-05_tfp0_ramp200_hLR1_m20_p10_seed9_minsym5_cand1_reducedp3_distretpre_ga0p1_rseed0,5,200,parent_free_run,default
1.066279,20,10,3,10,5,,,16,0.0070,1.0663,7,models/chua_orig_nint128_bs16_sig0.0_lr1e-03-1e-05_tfp0_ramp200_hLR1_m20_p10_seed13_minsym5_cand7_reducedp3_rseed0.pth,2;3;5;6;7;8;9,True,,0.0,0.0,none,0.013780,nan,0.013780,6,5.0,1.0,,,none,0.0,,0.0,1e-05,False,0.001,200,5,128,5,5,7,2000,0.00,0.00,0.00,1.00,0,completed,13,200,13,0.0,,,readout,chua_orig_nint128_bs16_sig0.0_lr1e-03-1e-05_tfp0_ramp200_hLR1_m20_p10_seed13_minsym5_cand7_reducedp3_rseed0,5,200,raw_data,default
9.086193,20,10,3,10,3,0.1,,16,0.0192,5.9007,0,models/chua_orig_nint128_bs16_sig0.0_lr1e-03-1e-05_tfp0_ramp200_hLR1_m20_p10_seed7_minsym5_cand0_reducedp3_distretpre_ga0p1_rseed0.pth,0;1;2;4;5;7;9,True,0.1,1.0,0.0849750059726223,retained_preactivation,0.482616,nan,0.431148,1,5.0,1.0,15996.006064014855,13592.607108277647,retained,0.0,,0.0,1e-05,False,0.001,200,5,128,8,5,7,2000,0.00,0.00,0.00,1.00,0,completed,7,200,7,0.0,,,none,chua_orig_nint128_bs16_sig0.0_lr1e-03-1e-05_tfp0_ramp200_hLR1_m20_p10_seed7_minsym5_cand0_reducedp3_distretpre_ga0p1_rseed0,5,200,parent_free_run,default
1.139983,20,10,3,10,5,0.1,,16,0.0122,1.1400,0,models/chua_orig_nint128_bs16_sig0.0_lr1e-03-1e-05_tfp0_ramp200_hLR1_m20_p10_seed9_minsym5_cand0_reducedp3_distretpre_ga0p1_rseed0.pth,0;1;2;3;5;6;8,True,0.1,1.0,1.2339019651903087,retained_preactivation,0.034556,nan,0.022560,5,5.0,1.0,14762275332.503485,182152005434.56467,retained,0.0,,0.0,1e-05,False,0.001,200,5,128,5,5,7,2000,0.00,0.00,0.00,1.00,0,completed,9,200,9,0.0,,,none,chua_orig_nint128_bs16_sig0.0_lr1e-03-1e-05_tfp0_ramp200_hLR1_m20_p10_seed9_minsym5_cand0_reducedp3_distretpre_ga0p1_rseed0,5,200,parent_free_run,default
1.255989,20,10,3,10,5,0.1,,16,0.0103,1.2560,0,models/chua_orig_nint128_bs16_sig0.0_lr1e-03-1e-05_tfp0_ramp200_hLR1_m20_p10_seed10_minsym5_cand0_reducedp3_distretpre_ga0p1_rseed0.pth,0;1;2;4;5;6;7,True,0.1,1.0,4.183604373569443,retained_preactivation,0.230221,nan,0.157778,5,5.0,1.0,154.65273643660205,6470.058645406547,retained,0.0,,0.0,1e-05,False,0.001,200,5,128,5,5,7,2000,0.00,0.00,0.00,1.00,0,completed,10,200,10,0.0,,,none,chua_orig_nint128_bs16_sig0.0_lr1e-03-1e-05_tfp0_ramp200_hLR1_m20_p10_seed10_minsym5_cand0_reducedp3_distretpre_ga0p1_rseed0,5,200,parent_free_run,default
1.505927,20,10,3,10,5,0.1,,16,0.0144,1.5059,2,models/chua_orig_nint128_bs16_sig0.0_lr1e-03-1e-05_tfp0_ramp200_hLR1_m20_p10_seed4_minsym5_cand2_reducedp3_distretpre_ga0p1_rseed0.pth,1;2;3;4;5;6;8,True,0.1,1.0,5.973934565738685,retained_preactivation,0.233981,nan,0.142031,5,5.0,1.0,48.78335001773286,2914.285409034692,retained,0.0,,0.0,1e-05,False,0.001,200,5,128,5,5,7,2000,0.00,0.00,0.00,1.00,0,completed,4,200,4,0.0,,,none,chua_orig_nint128_bs16_sig0.0_lr1e-03-1e-05_tfp0_ramp200_hLR1_m20_p10_seed4_minsym5_cand2_reducedp3_distretpre_ga0p1_rseed0,5,200,parent_free_run,default
1.544747,20,10,3,10,5,0.1,,16,0.0092,1.5447,1,models/chua_orig_nint128_bs16_sig0.0_lr1e-03-1e-05_tfp0_ramp200_hLR1_m20_p10_seed7_minsym5_cand1_reducedp3_distretpre_ga0p1_rseed0.pth,0;1;4;5;6;7;9,True,0.1,1.0,10.717864204560298,retained_preactivation,0.297366,nan,0.148658,5,5.0,1.0,94908.19716803971,10172131.691466838,retained,0.0,,0.0,1e-05,False,0.001,200,5,128,5,5,7,2000,0.00,0.00,0.00,1.00,0,completed,7,200,7,0.0,,,none,chua_orig_nint128_bs16_sig0.0_lr1e-03-1e-05_tfp0_ramp200_hLR1_m20_p10_seed7_minsym5_cand1_reducedp3_distretpre_ga0p1_rseed0,5,200,parent_free_run,default
9.990889,20,10,4,10,4,,,16,0.0148,4.1339,6,models/chua_orig_nint128_bs16_sig0.0_lr1e-03-1e-05_tfp0_ramp200_hLR1_m20_p10_seed6_minsym5_cand6_reducedp4_rseed0.pth,0;2;4;5;7;9,True,,0.0,0.0,none,0.176875,nan,0.176875,2,5.0,1.0,,,none,0.0,,0.0,1e-05,False,0.001,200,5,128,12,5,6,2000,0.00,0.00,0.00,1.00,0,completed,6,200,6,0.0,,,readout,chua_orig_nint128_bs16_sig0.0_lr1e-03-1e-05_tfp0_ramp200_hLR1_m20_p10_seed6_minsym5_cand6_reducedp4_rseed0,5,200,raw_data,default
4.142303,20,10,3,10,3,,,16,0.0199,4.1423,10,models/chua_orig_nint128_bs16_sig0.0_lr1e-03-1e-05_tfp0_ramp200_hLR1_m20_p10_seed10_minsym5_cand10_reducedp3_rseed0.pth,1;2;4;5;6;7;8,True,,0.0,0.0,none,0.185505,nan,0.185505,2,5.0,1.0,,,none,0.0,,0.0,1e-05,False,0.001,200,5,128,7,5,7,2000,0.00,0.00,0.00,1.00,0,completed,10,200,10,0.0,,,readout,chua_orig_nint128_bs16_sig0.0_lr1e-03-1e-05_tfp0_ramp200_hLR1_m20_p10_seed10_minsym5_cand10_reducedp3_rseed0,5,200,raw_data,default
9.299575,20,10,3,10,3,,,16,0.0507,8.3785,6,models/chua_orig_nint128_bs16_sig0.0_lr1e-03-1e-05_tfp0_ramp200_hLR1_m20_p10_seed11_minsym5_cand6_reducedp3_rseed0.pth,1;3;4;5;6;7;9,True,,0.0,0.0,none,0.305891,nan,0.305891,1,5.0,1.0,,,none,0.0,,0.0,1e-05,False,0.001,200,5,128,7,5,7,2000,0.00,0.00,0.00,1.00,0,completed,11,200,11,0.0,,,readout,chua_orig_nint128_bs16_sig0.0_lr1e-03-1e-05_tfp0_ramp200_hLR1_m20_p10_seed11_minsym5_cand6_reducedp3_rseed0,5,200,raw_data,default
13.882924,20,10,3,10,5,0.1,,16,0.0171,5.9264,3,models/chua_orig_nint128_bs16_sig0.0_lr1e-03-1e-05_tfp0_ramp200_hLR1_m20_p10_seed4_minsym5_cand3_reducedp3_distretpre_ga0p1_rseed0.pth,1;2;3;4;5;7;8,True,0.1,1.0,1.1761585803475616,retained_preactivation,0.835849,nan,0.667749,3,5.0,1.0,6491745.99184657,76353227.49747235,retained,0.0,,0.0,1e-05,False,0.001,200,5,128,3,5,7,2000,0.00,0.00,0.00,1.00,0,completed,4,200,4,0.0,,,none,chua_orig_nint128_bs16_sig0.0_lr1e-03-1e-05_tfp0_ramp200_hLR1_m20_p10_seed4_minsym5_cand3_reducedp3_distretpre_ga0p1_rseed0,5,200,parent_free_run,default
3.200383,20,10,3,10,4,,,16,0.0087,2.9306,6,models/chua_orig_nint128_bs16_sig0.0_lr1e-03-1e-05_tfp0_ramp200_hLR1_m20_p10_seed15_minsym5_cand6_reducedp3_rseed0.pth,2;3;5;6;7;8;9,True,,0.0,0.0,none,0.351755,nan,0.351755,1,5.0,1.0,,,none,0.0,,0.0,1e-05,False,0.001,200,5,128,4,5,7,2000,0.00,0.00,0.00,1.00,0,completed,15,200,15,0.0,,,readout,chua_orig_nint128_bs16_sig0.0_lr1e-03-1e-05_tfp0_ramp200_hLR1_m20_p10_seed15_minsym5_cand6_reducedp3_rseed0,5,200,raw_data,default
1.230494,20,10,3,10,5,0.1,,16,0.0085,1.2305,0,models/chua_orig_nint128_bs16_sig0.0_lr1e-03-1e-05_tfp0_ramp200_hLR1_m20_p10_seed0_minsym5_cand0_reducedp3_distretpre_ga0p1_rseed0.pth,0;1;3;4;5;7;9,True,0.1,1.0,18.791920485714904,retained_preactivation,0.165554,nan,0.044424,5,5.0,1.0,56.74614527714369,10663.690499189293,retained,0.0,,0.0,1e-05,False,0.001,200,5,128,5,5,7,2000,0.00,0.00,0.00,1.00,0,completed,0,200,0,0.0,,,none,chua_orig_nint128_bs16_sig0.0_lr1e-03-1e-05_tfp0_ramp200_hLR1_m20_p10_seed0_minsym5_cand0_reducedp3_distretpre_ga0p1_rseed0,5,200,parent_free_run,default
4.588810,20,10,4,10,3,,,16,0.0295,3.9426,9,models/chua_orig_nint128_bs16_sig0.0_lr1e-03-1e-05_tfp0_ramp200_hLR1_m20_p10_seed6_minsym5_cand9_reducedp4_rseed0.pth,1;2;4;7;8;9,True,,0.0,0.0,none,0.128040,nan,0.128040,2,5.0,1.0,,,none,0.0,,0.0,1e-05,False,0.001,200,5,128,15,5,6,2000,0.00,0.00,0.00,1.00,0,completed,6,200,6,0.0,,,readout,chua_orig_nint128_bs16_sig0.0_lr1e-03-1e-05_tfp0_ramp200_hLR1_m20_p10_seed6_minsym5_cand9_reducedp4_rseed0,5,200,raw_data,default
3.488957,20,10,3,10,3,,,16,0.0172,3.3047,8,models/chua_orig_nint128_bs16_sig0.0_lr1e-03-1e-05_tfp0_ramp200_hLR1_m20_p10_seed10_minsym5_cand8_reducedp3_rseed0.pth,0;1;3;4;6;7;8,True,,0.0,0.0,none,0.130740,nan,0.130740,1,5.0,1.0,,,none,0.0,,0.0,1e-05,False,0.001,200,5,128,6,5,7,2000,0.00,0.00,0.00,1.00,0,completed,10,200,10,0.0,,,readout,chua_orig_nint128_bs16_sig0.0_lr1e-03-1e-05_tfp0_ramp200_hLR1_m20_p10_seed10_minsym5_cand8_reducedp3_rseed0,5,200,raw_data,default
1.200815,20,10,3,10,5,0.1,,16,0.0101,1.2008,0,models/chua_orig_nint128_bs16_sig0.0_lr1e-03-1e-05_tfp0_ramp200_hLR1_m20_p10_seed16_minsym5_cand0_reducedp3_distretpre_ga0p1_rseed0.pth,0;1;2;3;4;5;8,True,0.1,1.0,1.417249303845241,retained_preactivation,0.098427,nan,0.068001,5,5.0,1.0,1028.6123634718326,14578.00156057064,retained,0.0,,0.0,1e-05,False,0.001,200,5,128,5,5,7,2000,0.00,0.00,0.00,1.00,0,completed,16,200,16,0.0,,,none,chua_orig_nint128_bs16_sig0.0_lr1e-03-1e-05_tfp0_ramp200_hLR1_m20_p10_seed16_minsym5_cand0_reducedp3_distretpre_ga0p1_rseed0,5,200,parent_free_run,default
10.564338,20,10,3,10,4,0.1,,16,0.0273,8.6505,1,models/chua_orig_nint128_bs16_sig0.0_lr1e-03-1e-05_tfp0_ramp200_hLR1_m20_p10_seed4_minsym5_cand1_reducedp3_distretpre_ga0p1_rseed0.pth,0;1;4;6;7;8;9,True,0.1,1.0,0.7889188752849667,retained_preactivation,1.054216,nan,0.892631,2,5.0,1.0,7745470.726853468,61105480.54381872,retained,0.0,,0.0,1e-05,False,0.001,200,5,128,8,5,7,2000,0.00,0.00,0.00,1.00,0,completed,4,200,4,0.0,,,none,chua_orig_nint128_bs16_sig0.0_lr1e-03-1e-05_tfp0_ramp200_hLR1_m20_p10_seed4_minsym5_cand1_reducedp3_distretpre_ga0p1_rseed0,5,200,parent_free_run,default
1.353019,20,10,4,10,5,0.1,,16,0.0080,1.3530,0,models/chua_orig_nint128_bs16_sig0.0_lr1e-03-1e-05_tfp0_ramp200_hLR1_m20_p10_seed6_minsym5_cand0_reducedp4_distretpre_ga0p1_rseed0.pth,0;1;2;4;5;9,True,0.1,1.0,3.503031433507975,retained_preactivation,0.059252,nan,0.034469,4,5.0,1.0,1565805.8557765072,54850671.315559596,retained,0.0,,0.0,1e-05,False,0.001,200,5,128,7,5,6,2000,0.00,0.00,0.00,1.00,0,completed,6,200,6,0.0,,,none,chua_orig_nint128_bs16_sig0.0_lr1e-03-1e-05_tfp0_ramp200_hLR1_m20_p10_seed6_minsym5_cand0_reducedp4_distretpre_ga0p1_rseed0,5,200,parent_free_run,default
5.284687,20,10,3,10,3,,,16,0.0149,3.8106,5,models/chua_orig_nint128_bs16_sig0.0_lr1e-03-1e-05_tfp0_ramp200_hLR1_m20_p10_seed15_minsym5_cand5_reducedp3_rseed0.pth,0;3;5;6;7;8;9,True,,0.0,0.0,none,0.164984,nan,0.164984,2,5.0,1.0,,,none,0.0,,0.0,1e-05,False,0.001,200,5,128,5,5,7,2000,0.00,0.00,0.00,1.00,0,completed,15,200,15,0.0,,,readout,chua_orig_nint128_bs16_sig0.0_lr1e-03-1e-05_tfp0_ramp200_hLR1_m20_p10_seed15_minsym5_cand5_reducedp3_rseed0,5,200,raw_data,default
1.646601,20,10,4,10,5,0.1,,16,0.0094,1.6466,2,models/chua_orig_nint128_bs16_sig0.0_lr1e-03-1e-05_tfp0_ramp200_hLR1_m20_p10_seed6_minsym5_cand2_reducedp4_distretpre_ga0p1_rseed0.pth,0;1;2;5;7;9,True,0.1,1.0,3.0680568651769757,retained_preactivation,0.118531,nan,0.040807,5,5.0,1.0,617874.0458054538,18956727.080480956,retained,0.0,,0.0,1e-05,False,0.001,200,5,128,7,5,6,2000,0.00,0.00,0.00,1.00,0,completed,6,200,6,0.0,,,none,chua_orig_nint128_bs16_sig0.0_lr1e-03-1e-05_tfp0_ramp200_hLR1_m20_p10_seed6_minsym5_cand2_reducedp4_distretpre_ga0p1_rseed0,5,200,parent_free_run,default
1.446743,20,10,3,10,5,0.1,,16,0.0088,1.1730,0,models/chua_orig_nint128_bs16_sig0.0_lr1e-03-1e-05_tfp0_ramp200_hLR1_m20_p10_seed13_minsym5_cand0_reducedp3_distretpre_ga0p1_rseed0.pth,0;1;2;3;5;7;8,True,0.1,1.0,2.114411737705097,retained_preactivation,0.049681,nan,0.036366,6,5.0,1.0,4315889.619140879,91255676.69351056,retained,0.0,,0.0,1e-05,False,0.001,200,5,128,5,5,7,2000,0.00,0.00,0.00,1.00,0,completed,13,200,13,0.0,,,none,chua_orig_nint128_bs16_sig0.0_lr1e-03-1e-05_tfp0_ramp200_hLR1_m20_p10_seed13_minsym5_cand0_reducedp3_distretpre_ga0p1_rseed0,5,200,parent_free_run,default
1.462083,20,10,3,10,5,0.1,,16,0.0056,1.4408,0,models/chua_orig_nint128_bs16_sig0.0_lr1e-03-1e-05_tfp0_ramp200_hLR1_m20_p10_seed4_minsym5_cand0_reducedp3_distretpre_ga0p1_rseed0.pth,0;1;2;3;4;5;8,True,0.1,1.0,7.007641796994387,retained_preactivation,0.215615,nan,0.076813,4,5.0,1.0,14.392437045218252,1008.5704339868882,retained,0.0,,0.0,1e-05,False,0.001,200,5,128,5,5,7,2000,0.00,0.00,0.00,1.00,0,completed,4,200,4,0.0,,,none,chua_orig_nint128_bs16_sig0.0_lr1e-03-1e-05_tfp0_ramp200_hLR1_m20_p10_seed4_minsym5_cand0_reducedp3_distretpre_ga0p1_rseed0,5,200,parent_free_run,default
1.146343,20,10,3,10,5,0.1,,16,0.0098,1.1463,0,models/chua_orig_nint128_bs16_sig0.0_lr1e-03-1e-05_tfp0_ramp200_hLR1_m20_p10_seed8_minsym5_cand0_reducedp3_distretpre_ga0p1_rseed0.pth,0;3;4;5;6;7;8,True,0.1,1.0,2.3334801771090588,retained_preactivation,0.192602,nan,0.146722,5,5.0,1.0,3916197.496143421,91383692.26894803,retained,0.0,,0.0,1e-05,False,0.001,200,5,128,5,5,7,2000,0.00,0.00,0.00,1.00,0,completed,8,200,8,0.0,,,none,chua_orig_nint128_bs16_sig0.0_lr1e-03-1e-05_tfp0_ramp200_hLR1_m20_p10_seed8_minsym5_cand0_reducedp3_distretpre_ga0p1_rseed0,5,200,parent_free_run,default
3.951730,20,10,4,10,4,0.1,,16,0.0197,3.8227,1,models/chua_orig_nint128_bs16_sig0.0_lr1e-03-1e-05_tfp0_ramp200_hLR1_m20_p10_seed6_minsym5_cand1_reducedp4_distretpre_ga0p1_rseed0.pth,0;1;2;4;7;9,True,0.1,1.0,6.645471125279529,retained_preactivation,0.464643,nan,0.335988,2,5.0,1.0,20246.39692250821,1345468.4613947663,retained,0.0,,0.0,1e-05,False,0.001,200,5,128,9,5,6,2000,0.00,0.00,0.00,1.00,0,completed,6,200,6,0.0,,,none,chua_orig_nint128_bs16_sig0.0_lr1e-03-1e-05_tfp0_ramp200_hLR1_m20_p10_seed6_minsym5_cand1_reducedp4_distretpre_ga0p1_rseed0,5,200,parent_free_run,default
4.538647,20,10,3,10,3,,,16,0.0210,4.0148,3,models/chua_orig_nint128_bs16_sig0.0_lr1e-03-1e-05_tfp0_ramp200_hLR1_m20_p10_seed18_minsym5_cand3_reducedp3_rseed0.pth,0;1;2;3;4;6;9,True,,0.0,0.0,none,0.164838,nan,0.164838,1,5.0,1.0,,,none,0.0,,0.0,1e-05,False,0.001,200,5,128,6,5,7,2000,0.00,0.00,0.00,1.00,0,completed,18,200,18,0.0,,,readout,chua_orig_nint128_bs16_sig0.0_lr1e-03-1e-05_tfp0_ramp200_hLR1_m20_p10_seed18_minsym5_cand3_reducedp3_rseed0,5,200,raw_data,default
6.210817,20,10,3,10,3,,,16,0.0309,6.2108,4,models/chua_orig_nint128_bs16_sig0.0_lr1e-03-1e-05_tfp0_ramp200_hLR1_m20_p10_seed11_minsym5_cand4_reducedp3_rseed0.pth,0;3;5;6;7;8;9,True,,0.0,0.0,none,0.265069,nan,0.265069,1,5.0,1.0,,,none,0.0,,0.0,1e-05,False,0.001,200,5,128,5,5,7,2000,0.00,0.00,0.00,1.00,0,completed,11,200,11,0.0,,,readout,chua_orig_nint128_bs16_sig0.0_lr1e-03-1e-05_tfp0_ramp200_hLR1_m20_p10_seed11_minsym5_cand4_reducedp3_rseed0,5,200,raw_data,default
5.412712,20,10,3,10,2,0.1,,16,0.0203,4.2857,0,models/chua_orig_nint128_bs16_sig0.0_lr1e-03-1e-05_tfp0_ramp200_hLR1_m20_p10_seed2_minsym5_cand0_reducedp3_distretpre_ga0p1_rseed0.pth,2;4;5;6;7;8;9,True,0.1,1.0,0.12885266713832733,retained_preactivation,0.650958,nan,0.554225,1,5.0,1.0,170484924512.5099,219674372303.13297,retained,0.0,,0.0,1e-05,False,0.001,200,5,128,8,5,7,2000,0.00,0.00,0.00,1.00,0,completed,2,200,2,0.0,,,none,chua_orig_nint128_bs16_sig0.0_lr1e-03-1e-05_tfp0_ramp200_hLR1_m20_p10_seed2_minsym5_cand0_reducedp3_distretpre_ga0p1_rseed0,5,200,parent_free_run,default
2.347494,20,10,3,10,3,,,16,0.0089,2.3475,4,models/chua_orig_nint128_bs16_sig0.0_lr1e-03-1e-05_tfp0_ramp200_hLR1_m20_p10_seed14_minsym5_cand4_reducedp3_rseed0.pth,0;2;5;6;7;8;9,True,,0.0,0.0,none,0.128995,nan,0.128995,1,5.0,1.0,,,none,0.0,,0.0,1e-05,False,0.001,200,5,128,4,5,7,2000,0.00,0.00,0.00,1.00,0,completed,14,200,14,0.0,,,readout,chua_orig_nint128_bs16_sig0.0_lr1e-03-1e-05_tfp0_ramp200_hLR1_m20_p10_seed14_minsym5_cand4_reducedp3_rseed0,5,200,raw_data,default
1.314571,20,10,3,10,5,0.1,,16,0.0092,1.3146,0,models/chua_orig_nint128_bs16_sig0.0_lr1e-03-1e-05_tfp0_ramp200_hLR1_m20_p10_seed15_minsym5_cand0_reducedp3_distretpre_ga0p1_rseed0.pth,0;2;3;5;6;7;8,True,0.1,1.0,3.6033816315166374,retained_preactivation,0.169787,nan,0.129992,5,5.0,1.0,788.7067750140891,28420.115057384974,retained,0.0,,0.0,1e-05,False,0.001,200,5,128,5,5,7,2000,0.00,0.00,0.00,1.00,0,completed,15,200,15,0.0,,,none,chua_orig_nint128_bs16_sig0.0_lr1e-03-1e-05_tfp0_ramp200_hLR1_m20_p10_seed15_minsym5_cand0_reducedp3_distretpre_ga0p1_rseed0,5,200,parent_free_run,default
1.632078,20,10,3,10,5,0.1,,16,0.0098,1.6321,0,models/chua_orig_nint128_bs16_sig0.0_lr1e-03-1e-05_tfp0_ramp200_hLR1_m20_p10_seed17_minsym5_cand0_reducedp3_distretpre_ga0p1_rseed0.pth,0;1;2;3;4;6;8,True,0.1,1.0,14.78428695483161,retained_preactivation,0.429519,nan,0.147723,5,5.0,1.0,20.05106296337687,2964.4066859997465,retained,0.0,,0.0,1e-05,False,0.001,200,5,128,5,5,7,2000,0.00,0.00,0.00,1.00,0,completed,17,200,17,0.0,,,none,chua_orig_nint128_bs16_sig0.0_lr1e-03-1e-05_tfp0_ramp200_hLR1_m20_p10_seed17_minsym5_cand0_reducedp3_distretpre_ga0p1_rseed0,5,200,parent_free_run,default
8.164856,20,10,3,10,4,0.1,,16,0.0818,6.8725,1,models/chua_orig_nint128_bs16_sig0.0_lr1e-03-1e-05_tfp0_ramp200_hLR1_m20_p10_seed13_minsym5_cand1_reducedp3_distretpre_ga0p1_rseed0.pth,0;1;2;5;7;8;9,True,0.1,1.0,22.54430734779499,retained_preactivation,1.381118,nan,0.782689,1,5.0,1.0,663268.19043883,149529219.392688,retained,0.0,,0.0,1e-05,False,0.001,200,5,128,3,5,7,2000,0.00,0.00,0.00,1.00,0,completed,13,200,13,0.0,,,none,chua_orig_nint128_bs16_sig0.0_lr1e-03-1e-05_tfp0_ramp200_hLR1_m20_p10_seed13_minsym5_cand1_reducedp3_distretpre_ga0p1_rseed0,5,200,parent_free_run,default
1.464870,20,10,3,10,4,,,16,0.0102,1.4649,5,models/chua_orig_nint128_bs16_sig0.0_lr1e-03-1e-05_tfp0_ramp200_hLR1_m20_p10_seed13_minsym5_cand5_reducedp3_rseed0.pth,0;3;5;6;7;8;9,True,,0.0,0.0,none,0.117656,nan,0.117656,4,5.0,1.0,,,none,0.0,,0.0,1e-05,False,0.001,200,5,128,8,5,7,2000,0.00,0.00,0.00,1.00,0,completed,13,200,13,0.0,,,readout,chua_orig_nint128_bs16_sig0.0_lr1e-03-1e-05_tfp0_ramp200_hLR1_m20_p10_seed13_minsym5_cand5_reducedp3_rseed0,5,200,raw_data,default
8.680791,20,10,3,10,4,,,16,0.0196,4.5641,4,models/chua_orig_nint128_bs16_sig0.0_lr1e-03-1e-05_tfp0_ramp200_hLR1_m20_p10_seed18_minsym5_cand4_reducedp3_rseed0.pth,0;1;3;4;5;7;9,True,,0.0,0.0,none,0.237265,nan,0.237265,1,5.0,1.0,,,none,0.0,,0.0,1e-05,False,0.001,200,5,128,8,5,7,2000,0.00,0.00,0.00,1.00,0,completed,18,200,18,0.0,,,readout,chua_orig_nint128_bs16_sig0.0_lr1e-03-1e-05_tfp0_ramp200_hLR1_m20_p10_seed18_minsym5_cand4_reducedp3_rseed0,5,200,raw_data,default
1.005103,20,10,4,10,5,,,16,0.0104,1.0051,11,models/chua_orig_nint128_bs16_sig0.0_lr1e-03-1e-05_tfp0_ramp200_hLR1_m20_p10_seed6_minsym5_cand11_reducedp4_rseed0.pth,2;4;5;7;8;9,True,,0.0,0.0,none,0.010759,nan,0.010759,4,5.0,1.0,,,none,0.0,,0.0,1e-05,False,0.001,200,5,128,11,5,6,2000,0.00,0.00,0.00,1.00,0,completed,6,200,6,0.0,,,readout,chua_orig_nint128_bs16_sig0.0_lr1e-03-1e-05_tfp0_ramp200_hLR1_m20_p10_seed6_minsym5_cand11_reducedp4_rseed0,5,200,raw_data,default
2.772130,20,10,3,10,4,,,16,0.0093,2.2917,5,models/chua_orig_nint128_bs16_sig0.0_lr1e-03-1e-05_tfp0_ramp200_hLR1_m20_p10_seed10_minsym5_cand5_reducedp3_rseed0.pth,0;1;3;4;5;6;7,True,,0.0,0.0,none,0.229014,nan,0.229014,3,5.0,1.0,,,none,0.0,,0.0,1e-05,False,0.001,200,5,128,5,5,7,2000,0.00,0.00,0.00,1.00,0,completed,10,200,10,0.0,,,readout,chua_orig_nint128_bs16_sig0.0_lr1e-03-1e-05_tfp0_ramp200_hLR1_m20_p10_seed10_minsym5_cand5_reducedp3_rseed0,5,200,raw_data,default
5.367901,20,10,3,10,3,,,16,0.0204,5.3679,3,models/chua_orig_nint128_bs16_sig0.0_lr1e-03-1e-05_tfp0_ramp200_hLR1_m20_p10_seed11_minsym5_cand3_reducedp3_rseed0.pth,0;3;4;5;6;8;9,True,,0.0,0.0,none,0.254612,nan,0.254612,1,5.0,1.0,,,none,0.0,,0.0,1e-05,False,0.001,200,5,128,4,5,7,2000,0.00,0.00,0.00,1.00,0,completed,11,200,11,0.0,,,readout,chua_orig_nint128_bs16_sig0.0_lr1e-03-1e-05_tfp0_ramp200_hLR1_m20_p10_seed11_minsym5_cand3_reducedp3_rseed0,5,200,raw_data,default
1.037726,20,10,4,10,5,,,16,0.0088,1.0377,7,models/chua_orig_nint128_bs16_sig0.0_lr1e-03-1e-05_tfp0_ramp200_hLR1_m20_p10_seed6_minsym5_cand7_reducedp4_rseed0.pth,0;4;5;7;8;9,True,,0.0,0.0,none,0.012071,nan,0.012071,5,5.0,1.0,,,none,0.0,,0.0,1e-05,False,0.001,200,5,128,10,5,6,2000,0.00,0.00,0.00,1.00,0,completed,6,200,6,0.0,,,readout,chua_orig_nint128_bs16_sig0.0_lr1e-03-1e-05_tfp0_ramp200_hLR1_m20_p10_seed6_minsym5_cand7_reducedp4_rseed0,5,200,raw_data,default
4.672380,20,10,3,10,3,,,16,0.0204,4.5826,6,models/chua_orig_nint128_bs16_sig0.0_lr1e-03-1e-05_tfp0_ramp200_hLR1_m20_p10_seed10_minsym5_cand6_reducedp3_rseed0.pth,0;1;3;4;5;6;8,True,,0.0,0.0,none,0.201784,nan,0.201784,1,5.0,1.0,,,none,0.0,,0.0,1e-05,False,0.001,200,5,128,3,5,7,2000,0.00,0.00,0.00,1.00,0,completed,10,200,10,0.0,,,readout,chua_orig_nint128_bs16_sig0.0_lr1e-03-1e-05_tfp0_ramp200_hLR1_m20_p10_seed10_minsym5_cand6_reducedp3_rseed0,5,200,raw_data,default
4.729578,20,10,3,10,3,,,16,0.0192,3.8124,7,models/chua_orig_nint128_bs16_sig0.0_lr1e-03-1e-05_tfp0_ramp200_hLR1_m20_p10_seed10_minsym5_cand7_reducedp3_rseed0.pth,0;1;3;4;5;7;8,True,,0.0,0.0,none,0.109150,nan,0.109150,2,5.0,1.0,,,none,0.0,,0.0,1e-05,False,0.001,200,5,128,6,5,7,2000,0.00,0.00,0.00,1.00,0,completed,10,200,10,0.0,,,readout,chua_orig_nint128_bs16_sig0.0_lr1e-03-1e-05_tfp0_ramp200_hLR1_m20_p10_seed10_minsym5_cand7_reducedp3_rseed0,5,200,raw_data,default
8.889148,20,10,3,10,3,,,16,0.0237,7.7198,6,models/chua_orig_nint128_bs16_sig0.0_lr1e-03-1e-05_tfp0_ramp200_hLR1_m20_p10_seed18_minsym5_cand6_reducedp3_rseed0.pth,1;2;3;4;5;7;9,True,,0.0,0.0,none,0.132580,nan,0.132580,1,5.0,1.0,,,none,0.0,,0.0,1e-05,False,0.001,200,5,128,5,5,7,2000,0.00,0.00,0.00,1.00,0,completed,18,200,18,0.0,,,readout,chua_orig_nint128_bs16_sig0.0_lr1e-03-1e-05_tfp0_ramp200_hLR1_m20_p10_seed18_minsym5_cand6_reducedp3_rseed0,5,200,raw_data,default
4.704171,20,10,3,10,3,,,16,0.0197,3.2212,5,models/chua_orig_nint128_bs16_sig0.0_lr1e-03-1e-05_tfp0_ramp200_hLR1_m20_p10_seed11_minsym5_cand5_reducedp3_rseed0.pth,0;4;5;6;7;8;9,True,,0.0,0.0,none,0.102658,nan,0.102658,1,5.0,1.0,,,none,0.0,,0.0,1e-05,False,0.001,200,5,128,6,5,7,2000,0.00,0.00,0.00,1.00,0,completed,11,200,11,0.0,,,readout,chua_orig_nint128_bs16_sig0.0_lr1e-03-1e-05_tfp0_ramp200_hLR1_m20_p10_seed11_minsym5_cand5_reducedp3_rseed0,5,200,raw_data,default
1.248043,20,10,3,10,5,0.1,,16,0.0077,1.2480,1,models/chua_orig_nint128_bs16_sig0.0_lr1e-03-1e-05_tfp0_ramp200_hLR1_m20_p10_seed8_minsym5_cand1_reducedp3_distretpre_ga0p1_rseed0.pth,0;3;4;6;7;8;9,True,0.1,1.0,3.115278726522171,retained_preactivation,0.121432,nan,0.065221,5,5.0,1.0,2923707.7515894095,91081645.61094455,retained,0.0,,0.0,1e-05,False,0.001,200,5,128,5,5,7,2000,0.00,0.00,0.00,1.00,0,completed,8,200,8,0.0,,,none,chua_orig_nint128_bs16_sig0.0_lr1e-03-1e-05_tfp0_ramp200_hLR1_m20_p10_seed8_minsym5_cand1_reducedp3_distretpre_ga0p1_rseed0,5,200,parent_free_run,default
8.683019,20,10,3,10,3,,,16,0.0493,7.6838,7,models/chua_orig_nint128_bs16_sig0.0_lr1e-03-1e-05_tfp0_ramp200_hLR1_m20_p10_seed11_minsym5_cand7_reducedp3_rseed0.pth,3;4;5;6;7;8;9,True,,0.0,0.0,none,0.301900,nan,0.301900,1,5.0,1.0,,,none,0.0,,0.0,1e-05,False,0.001,200,5,128,6,5,7,2000,0.00,0.00,0.00,1.00,0,completed,11,200,11,0.0,,,readout,chua_orig_nint128_bs16_sig0.0_lr1e-03-1e-05_tfp0_ramp200_hLR1_m20_p10_seed11_minsym5_cand7_reducedp3_rseed0,5,200,raw_data,default
1.924290,20,10,4,10,5,,,16,0.0121,1.7336,8,models/chua_orig_nint128_bs16_sig0.0_lr1e-03-1e-05_tfp0_ramp200_hLR1_m20_p10_seed6_minsym5_cand8_reducedp4_rseed0.pth,1;2;4;5;8;9,True,,0.0,0.0,none,0.126690,nan,0.126690,4,5.0,1.0,,,none,0.0,,0.0,1e-05,False,0.001,200,5,128,14,5,6,2000,0.00,0.00,0.00,1.00,0,completed,6,200,6,0.0,,,readout,chua_orig_nint128_bs16_sig0.0_lr1e-03-1e-05_tfp0_ramp200_hLR1_m20_p10_seed6_minsym5_cand8_reducedp4_rseed0,5,200,raw_data,default
1.097671,20,10,4,10,5,,,16,0.0074,1.0830,10,models/chua_orig_nint128_bs16_sig0.0_lr1e-03-1e-05_tfp0_ramp200_hLR1_m20_p10_seed6_minsym5_cand10_reducedp4_rseed0.pth,1;2;5;7;8;9,True,,0.0,0.0,none,0.011442,nan,0.011442,4,5.0,1.0,,,none,0.0,,0.0,1e-05,False,0.001,200,5,128,5,5,6,2000,0.00,0.00,0.00,1.00,0,completed,6,200,6,0.0,,,readout,chua_orig_nint128_bs16_sig0.0_lr1e-03-1e-05_tfp0_ramp200_hLR1_m20_p10_seed6_minsym5_cand10_reducedp4_rseed0,5,200,raw_data,default
0.975943,20,10,3,10,5,,,16,0.0047,0.9759,6,models/chua_orig_nint128_bs16_sig0.0_lr1e-03-1e-05_tfp0_ramp200_hLR1_m20_p10_seed13_minsym5_cand6_reducedp3_rseed0.pth,1;2;3;5;7;8;9,True,,0.0,0.0,none,0.013914,nan,0.013914,5,5.0,1.0,,,none,0.0,,0.0,1e-05,False,0.001,200,5,128,5,5,7,2000,0.00,0.00,0.00,1.00,0,completed,13,200,13,0.0,,,readout,chua_orig_nint128_bs16_sig0.0_lr1e-03-1e-05_tfp0_ramp200_hLR1_m20_p10_seed13_minsym5_cand6_reducedp3_rseed0,5,200,raw_data,default
1.274155,20,10,3,10,5,0.1,,16,0.0076,1.2002,0,models/chua_orig_nint128_bs16_sig0.0_lr1e-03-1e-05_tfp0_ramp200_hLR1_m20_p10_seed20_minsym5_cand0_reducedp3_distretpre_ga0p1_rseed0.pth,0;1;2;3;5;7;8,True,0.1,1.0,19.11349346216862,retained_preactivation,0.061231,nan,0.026068,5,5.0,1.0,16478222.994276052,3149564074.692519,retained,0.0,,0.0,1e-05,False,0.001,200,5,128,5,5,7,2000,0.00,0.00,0.00,1.00,0,completed,20,200,20,0.0,,,none,chua_orig_nint128_bs16_sig0.0_lr1e-03-1e-05_tfp0_ramp200_hLR1_m20_p10_seed20_minsym5_cand0_reducedp3_distretpre_ga0p1_rseed0,5,200,parent_free_run,default
7.576674,20,10,3,10,2,,,16,0.2752,7.5767,3,models/chua_orig_nint128_bs16_sig0.0_lr1e-03-1e-05_tfp0_ramp200_hLR1_m20_p10_seed26_minsym5_cand3_reducedp3_rseed0.pth,0;1;4;6;7;8;9,True,,0.0,0.0,none,nan,nan,nan,2,5.0,1.0,,,none,0.0,,0.0,1e-05,False,0.001,200,5,128,1,5,7,2000,0.00,0.00,0.00,1.00,0,completed,26,200,26,0.0,,,readout,chua_orig_nint128_bs16_sig0.0_lr1e-03-1e-05_tfp0_ramp200_hLR1_m20_p10_seed26_minsym5_cand3_reducedp3_rseed0,5,200,raw_data,default
1.603339,20,10,3,10,5,0.1,,16,0.0075,1.6033,1,models/chua_orig_nint128_bs16_sig0.0_lr1e-03-1e-05_tfp0_ramp200_hLR1_m20_p10_seed14_minsym5_cand1_reducedp3_distretpre_ga0p1_rseed0.pth,0;1;2;5;6;7;9,True,0.1,1.0,7.760995824342749,retained_preactivation,0.182230,nan,0.078424,5,5.0,1.0,93.75808994228959,7276.561445404691,retained,0.0,,0.0,1e-05,False,0.001,200,5,128,5,5,7,2000,0.00,0.00,0.00,1.00,0,completed,14,200,14,0.0,,,none,chua_orig_nint128_bs16_sig0.0_lr1e-03-1e-05_tfp0_ramp200_hLR1_m20_p10_seed14_minsym5_cand1_reducedp3_distretpre_ga0p1_rseed0,5,200,parent_free_run,default
2.311431,20,10,3,10,4,,,16,0.0090,2.1553,2,models/chua_orig_nint128_bs16_sig0.0_lr1e-03-1e-05_tfp0_ramp200_hLR1_m20_p10_seed23_minsym5_cand2_reducedp3_rseed0.pth,0;1;4;5;6;7;9,True,,0.0,0.0,none,0.243459,nan,0.243459,3,5.0,1.0,,,none,0.0,,0.0,1e-05,False,0.001,200,5,128,4,5,7,2000,0.00,0.00,0.00,1.00,0,completed,23,200,23,0.0,,,readout,chua_orig_nint128_bs16_sig0.0_lr1e-03-1e-05_tfp0_ramp200_hLR1_m20_p10_seed23_minsym5_cand2_reducedp3_rseed0,5,200,raw_data,default
1.004069,20,10,4,10,5,,,16,0.0060,1.0041,7,models/chua_orig_nint128_bs16_sig0.0_lr1e-03-1e-05_tfp0_ramp200_hLR1_m20_p10_seed22_minsym5_cand7_reducedp4_rseed0.pth,1;2;3;5;7;9,True,,0.0,0.0,none,0.012096,nan,0.012096,5,5.0,1.0,,,none,0.0,,0.0,1e-05,False,0.001,200,5,128,5,5,6,2000,0.00,0.00,0.00,1.00,0,completed,22,200,22,0.0,,,readout,chua_orig_nint128_bs16_sig0.0_lr1e-03-1e-05_tfp0_ramp200_hLR1_m20_p10_seed22_minsym5_cand7_reducedp4_rseed0,5,200,raw_data,default
1.047376,20,10,3,10,5,,,16,0.0060,1.0474,7,models/chua_orig_nint128_bs16_sig0.0_lr1e-03-1e-05_tfp0_ramp200_hLR1_m20_p10_seed18_minsym5_cand7_reducedp3_rseed0.pth,1;2;3;4;6;7;9,True,,0.0,0.0,none,0.011929,nan,0.011929,5,5.0,1.0,,,none,0.0,,0.0,1e-05,False,0.001,200,5,128,5,5,7,2000,0.00,0.00,0.00,1.00,0,completed,18,200,18,0.0,,,readout,chua_orig_nint128_bs16_sig0.0_lr1e-03-1e-05_tfp0_ramp200_hLR1_m20_p10_seed18_minsym5_cand7_reducedp3_rseed0,5,200,raw_data,default
1.255568,20,10,3,10,5,,,16,0.0237,1.0515,4,models/chua_orig_nint128_bs16_sig0.0_lr1e-03-1e-05_tfp0_ramp200_hLR1_m20_p10_seed24_minsym5_cand4_reducedp3_rseed0.pth,0;1;2;5;6;7;9,True,,0.0,0.0,none,0.021812,nan,0.021812,4,5.0,1.0,,,none,0.0,,0.0,1e-05,False,0.001,200,5,128,8,5,7,2000,0.00,0.00,0.00,1.00,0,completed,24,200,24,0.0,,,readout,chua_orig_nint128_bs16_sig0.0_lr1e-03-1e-05_tfp0_ramp200_hLR1_m20_p10_seed24_minsym5_cand4_reducedp3_rseed0,5,200,raw_data,default
1.136903,20,10,3,10,5,0.1,,16,0.0066,1.1369,1,models/chua_orig_nint128_bs16_sig0.0_lr1e-03-1e-05_tfp0_ramp200_hLR1_m20_p10_seed10_minsym5_cand1_reducedp3_distretpre_ga0p1_rseed0.pth,0;1;2;4;5;6;8,True,0.1,1.0,3.032842385928733,retained_preactivation,0.138028,nan,0.078295,5,5.0,1.0,250.45086297640302,7595.779928272672,retained,0.0,,0.0,1e-05,False,0.001,200,5,128,5,5,7,2000,0.00,0.00,0.00,1.00,0,completed,10,200,10,0.0,,,none,chua_orig_nint128_bs16_sig0.0_lr1e-03-1e-05_tfp0_ramp200_hLR1_m20_p10_seed10_minsym5_cand1_reducedp3_distretpre_ga0p1_rseed0,5,200,parent_free_run,default
1.429754,20,10,3,10,5,0.1,,16,0.0066,1.4298,2,models/chua_orig_nint128_bs16_sig0.0_lr1e-03-1e-05_tfp0_ramp200_hLR1_m20_p10_seed9_minsym5_cand2_reducedp3_distretpre_ga0p1_rseed0.pth,0;2;3;5;6;7;8,True,0.1,1.0,3.0391608904572784,retained_preactivation,0.104703,nan,0.071880,5,5.0,1.0,14325181675.493168,435365318968.541,retained,0.0,,0.0,1e-05,False,0.001,200,5,128,5,5,7,2000,0.00,0.00,0.00,1.00,0,completed,9,200,9,0.0,,,none,chua_orig_nint128_bs16_sig0.0_lr1e-03-1e-05_tfp0_ramp200_hLR1_m20_p10_seed9_minsym5_cand2_reducedp3_distretpre_ga0p1_rseed0,5,200,parent_free_run,default
1.304500,20,10,3,10,5,0.1,,16,0.0131,1.3045,1,models/chua_orig_nint128_bs16_sig0.0_lr1e-03-1e-05_tfp0_ramp200_hLR1_m20_p10_seed15_minsym5_cand1_reducedp3_distretpre_ga0p1_rseed0.pth,0;2;3;5;6;7;9,True,0.1,1.0,1.3947510920040382,retained_preactivation,0.075169,nan,0.053314,5,5.0,1.0,9215.33087992843,128530.92807958713,retained,0.0,,0.0,1e-05,False,0.001,200,5,128,5,5,7,2000,0.00,0.00,0.00,1.00,0,completed,15,200,15,0.0,,,none,chua_orig_nint128_bs16_sig0.0_lr1e-03-1e-05_tfp0_ramp200_hLR1_m20_p10_seed15_minsym5_cand1_reducedp3_distretpre_ga0p1_rseed0,5,200,parent_free_run,default
1.133356,20,10,3,10,5,0.1,,16,0.0101,1.1334,1,models/chua_orig_nint128_bs16_sig0.0_lr1e-03-1e-05_tfp0_ramp200_hLR1_m20_p10_seed11_minsym5_cand1_reducedp3_distretpre_ga0p1_rseed0.pth,0;1;3;5;6;7;9,True,0.1,1.0,3.24860837994764,retained_preactivation,0.122985,nan,0.089701,5,5.0,1.0,17597.441729907787,571671.9666941873,retained,0.0,,0.0,1e-05,False,0.001,200,5,128,5,5,7,2000,0.00,0.00,0.00,1.00,0,completed,11,200,11,0.0,,,none,chua_orig_nint128_bs16_sig0.0_lr1e-03-1e-05_tfp0_ramp200_hLR1_m20_p10_seed11_minsym5_cand1_reducedp3_distretpre_ga0p1_rseed0,5,200,parent_free_run,default
1.297521,20,10,3,10,5,0.1,,16,0.0076,1.2783,1,models/chua_orig_nint128_bs16_sig0.0_lr1e-03-1e-05_tfp0_ramp200_hLR1_m20_p10_seed20_minsym5_cand1_reducedp3_distretpre_ga0p1_rseed0.pth,0;1;3;4;5;7;8,True,0.1,1.0,2.947920715849671,retained_preactivation,0.030696,nan,0.017697,4,5.0,1.0,64853.741478422045,1911836.880045994,retained,0.0,,0.0,1e-05,False,0.001,200,5,128,5,5,7,2000,0.00,0.00,0.00,1.00,0,completed,20,200,20,0.0,,,none,chua_orig_nint128_bs16_sig0.0_lr1e-03-1e-05_tfp0_ramp200_hLR1_m20_p10_seed20_minsym5_cand1_reducedp3_distretpre_ga0p1_rseed0,5,200,parent_free_run,default
1.741032,20,10,3,10,5,0.1,,16,0.0084,1.7410,1,models/chua_orig_nint128_bs16_sig0.0_lr1e-03-1e-05_tfp0_ramp200_hLR1_m20_p10_seed18_minsym5_cand1_reducedp3_distretpre_ga0p1_rseed0.pth,0;1;2;3;4;5;9,True,0.1,1.0,19.531933090192442,retained_preactivation,0.449820,nan,0.132695,3,5.0,1.0,34849738.3720094,6806827580.927996,retained,0.0,,0.0,1e-05,False,0.001,200,5,128,5,5,7,2000,0.00,0.00,0.00,1.00,0,completed,18,200,18,0.0,,,none,chua_orig_nint128_bs16_sig0.0_lr1e-03-1e-05_tfp0_ramp200_hLR1_m20_p10_seed18_minsym5_cand1_reducedp3_distretpre_ga0p1_rseed0,5,200,parent_free_run,default
3.812364,20,10,3,10,3,,,16,0.0170,3.8124,7,models/chua_orig_nint128_bs16_sig0.0_lr1e-03-1e-05_tfp0_ramp200_hLR1_m20_p10_seed24_minsym5_cand7_reducedp3_rseed0.pth,0;2;3;5;7;8;9,True,,0.0,0.0,none,0.177124,nan,0.177124,3,5.0,1.0,,,none,0.0,,0.0,1e-05,False,0.001,200,5,128,7,5,7,2000,0.00,0.00,0.00,1.00,0,completed,24,200,24,0.0,,,readout,chua_orig_nint128_bs16_sig0.0_lr1e-03-1e-05_tfp0_ramp200_hLR1_m20_p10_seed24_minsym5_cand7_reducedp3_rseed0,5,200,raw_data,default
1.473618,20,10,3,10,5,0.1,,16,0.0050,1.3531,2,models/chua_orig_nint128_bs16_sig0.0_lr1e-03-1e-05_tfp0_ramp200_hLR1_m20_p10_seed13_minsym5_cand2_reducedp3_distretpre_ga0p1_rseed0.pth,0;1;3;5;7;8;9,True,0.1,1.0,5.135379001547074,retained_preactivation,0.067756,nan,0.041975,4,5.0,1.0,1610106.3873024043,82685065.31609587,retained,0.0,,0.0,1e-05,False,0.001,200,5,128,5,5,7,2000,0.00,0.00,0.00,1.00,0,completed,13,200,13,0.0,,,none,chua_orig_nint128_bs16_sig0.0_lr1e-03-1e-05_tfp0_ramp200_hLR1_m20_p10_seed13_minsym5_cand2_reducedp3_distretpre_ga0p1_rseed0,5,200,parent_free_run,default
1.827878,20,10,3,10,5,0.1,,16,0.0094,1.5674,2,models/chua_orig_nint128_bs16_sig0.0_lr1e-03-1e-05_tfp0_ramp200_hLR1_m20_p10_seed7_minsym5_cand2_reducedp3_distretpre_ga0p1_rseed0.pth,1;2;4;5;7;8;9,True,0.1,1.0,0.17800180694992468,retained_preactivation,0.265861,nan,0.248157,5,5.0,1.0,4235.805302713995,7539.8099777116395,retained,0.0,,0.0,1e-05,False,0.001,200,5,128,8,5,7,2000,0.00,0.00,0.00,1.00,0,completed,7,200,7,0.0,,,none,chua_orig_nint128_bs16_sig0.0_lr1e-03-1e-05_tfp0_ramp200_hLR1_m20_p10_seed7_minsym5_cand2_reducedp3_distretpre_ga0p1_rseed0,5,200,parent_free_run,default
10.375046,20,10,3,10,2,,,16,0.0541,3.7134,6,models/chua_orig_nint128_bs16_sig0.0_lr1e-03-1e-05_tfp0_ramp200_hLR1_m20_p10_seed24_minsym5_cand6_reducedp3_rseed0.pth,0;2;3;5;6;7;9,True,,0.0,0.0,none,0.133790,nan,0.133790,0,5.0,1.0,,,none,0.0,,0.0,1e-05,False,0.001,200,5,128,8,5,7,2000,0.00,0.00,0.00,1.00,0,completed,24,200,24,0.0,,,readout,chua_orig_nint128_bs16_sig0.0_lr1e-03-1e-05_tfp0_ramp200_hLR1_m20_p10_seed24_minsym5_cand6_reducedp3_rseed0,5,200,raw_data,default
4.622071,20,10,3,10,2,,,16,0.0318,4.6221,4,models/chua_orig_nint128_bs16_sig0.0_lr1e-03-1e-05_tfp0_ramp200_hLR1_m20_p10_seed25_minsym5_cand4_reducedp3_rseed0.pth,0;2;3;4;5;8;9,True,,0.0,0.0,none,0.195430,nan,0.195430,2,5.0,1.0,,,none,0.0,,0.0,1e-05,False,0.001,200,5,128,7,5,7,2000,0.00,0.00,0.00,1.00,0,completed,25,200,25,0.0,,,readout,chua_orig_nint128_bs16_sig0.0_lr1e-03-1e-05_tfp0_ramp200_hLR1_m20_p10_seed25_minsym5_cand4_reducedp3_rseed0,5,200,raw_data,default
1.537385,20,10,3,10,5,0.1,,16,0.0087,1.5374,4,models/chua_orig_nint128_bs16_sig0.0_lr1e-03-1e-05_tfp0_ramp200_hLR1_m20_p10_seed13_minsym5_cand4_reducedp3_distretpre_ga0p1_rseed0.pth,0;2;5;6;7;8;9,True,0.1,1.0,23.497735043023628,retained_preactivation,0.329346,nan,0.065239,5,5.0,1.0,634455.3855016127,149082645.4513631,retained,0.0,,0.0,1e-05,False,0.001,200,5,128,5,5,7,2000,0.00,0.00,0.00,1.00,0,completed,13,200,13,0.0,,,none,chua_orig_nint128_bs16_sig0.0_lr1e-03-1e-05_tfp0_ramp200_hLR1_m20_p10_seed13_minsym5_cand4_reducedp3_distretpre_ga0p1_rseed0,5,200,parent_free_run,default
1.312169,20,10,3,10,5,0.1,,16,0.0158,1.3122,1,models/chua_orig_nint128_bs16_sig0.0_lr1e-03-1e-05_tfp0_ramp200_hLR1_m20_p10_seed17_minsym5_cand1_reducedp3_distretpre_ga0p1_rseed0.pth,0;1;2;3;4;8;9,True,0.1,1.0,3.7029187780110964,retained_preactivation,0.099704,nan,0.050001,5,5.0,1.0,101.99677376226248,3776.857688608349,retained,0.0,,0.0,1e-05,False,0.001,200,5,128,5,5,7,2000,0.00,0.00,0.00,1.00,0,completed,17,200,17,0.0,,,none,chua_orig_nint128_bs16_sig0.0_lr1e-03-1e-05_tfp0_ramp200_hLR1_m20_p10_seed17_minsym5_cand1_reducedp3_distretpre_ga0p1_rseed0,5,200,parent_free_run,default
12.305055,20,10,3,10,5,0.1,,16,0.0146,4.7195,3,models/chua_orig_nint128_bs16_sig0.0_lr1e-03-1e-05_tfp0_ramp200_hLR1_m20_p10_seed9_minsym5_cand3_reducedp3_distretpre_ga0p1_rseed0.pth,1;2;3;5;6;7;8,True,0.1,1.0,0.9594174086726486,retained_preactivation,0.724657,nan,0.492007,1,5.0,1.0,19259022745.506344,184774416960.61295,retained,0.0,,0.0,1e-05,False,0.001,200,5,128,6,5,7,2000,0.00,0.00,0.00,1.00,0,completed,9,200,9,0.0,,,none,chua_orig_nint128_bs16_sig0.0_lr1e-03-1e-05_tfp0_ramp200_hLR1_m20_p10_seed9_minsym5_cand3_reducedp3_distretpre_ga0p1_rseed0,5,200,parent_free_run,default
2.548626,20,10,3,10,3,,,16,0.0157,2.5486,3,models/chua_orig_nint128_bs16_sig0.0_lr1e-03-1e-05_tfp0_ramp200_hLR1_m20_p10_seed25_minsym5_cand3_reducedp3_rseed0.pth,0;1;2;4;7;8;9,True,,0.0,0.0,none,0.274261,nan,0.274261,3,5.0,1.0,,,none,0.0,,0.0,1e-05,False,0.001,200,5,128,6,5,7,2000,0.00,0.00,0.00,1.00,0,completed,25,200,25,0.0,,,readout,chua_orig_nint128_bs16_sig0.0_lr1e-03-1e-05_tfp0_ramp200_hLR1_m20_p10_seed25_minsym5_cand3_reducedp3_rseed0,5,200,raw_data,default
1.154466,20,10,3,10,5,0.1,,16,0.0107,1.1545,2,models/chua_orig_nint128_bs16_sig0.0_lr1e-03-1e-05_tfp0_ramp200_hLR1_m20_p10_seed15_minsym5_cand2_reducedp3_distretpre_ga0p1_rseed0.pth,0;2;3;5;6;8;9,True,0.1,1.0,1.523524007805992,retained_preactivation,0.213165,nan,0.164579,5,5.0,1.0,11159.846586227115,170022.94197548754,retained,0.0,,0.0,1e-05,False,0.001,200,5,128,5,5,7,2000,0.00,0.00,0.00,1.00,0,completed,15,200,15,0.0,,,none,chua_orig_nint128_bs16_sig0.0_lr1e-03-1e-05_tfp0_ramp200_hLR1_m20_p10_seed15_minsym5_cand2_reducedp3_distretpre_ga0p1_rseed0,5,200,parent_free_run,default
1.292624,20,10,3,10,5,0.1,,16,0.0079,1.2926,1,models/chua_orig_nint128_bs16_sig0.0_lr1e-03-1e-05_tfp0_ramp200_hLR1_m20_p10_seed16_minsym5_cand1_reducedp3_distretpre_ga0p1_rseed0.pth,0;1;2;3;4;7;8,True,0.1,1.0,2.5649349968956017,retained_preactivation,0.102059,nan,0.063017,5,5.0,1.0,288.11200538840063,7389.885656464855,retained,0.0,,0.0,1e-05,False,0.001,200,5,128,5,5,7,2000,0.00,0.00,0.00,1.00,0,completed,16,200,16,0.0,,,none,chua_orig_nint128_bs16_sig0.0_lr1e-03-1e-05_tfp0_ramp200_hLR1_m20_p10_seed16_minsym5_cand1_reducedp3_distretpre_ga0p1_rseed0,5,200,parent_free_run,default
8.137987,20,10,3,10,2,,,16,0.0332,7.9690,5,models/chua_orig_nint128_bs16_sig0.0_lr1e-03-1e-05_tfp0_ramp200_hLR1_m20_p10_seed25_minsym5_cand5_reducedp3_rseed0.pth,0;2;4;5;7;8;9,True,,0.0,0.0,none,0.289220,nan,0.289220,1,5.0,1.0,,,none,0.0,,0.0,1e-05,False,0.001,200,5,128,8,5,7,2000,0.00,0.00,0.00,1.00,0,completed,25,200,25,0.0,,,readout,chua_orig_nint128_bs16_sig0.0_lr1e-03-1e-05_tfp0_ramp200_hLR1_m20_p10_seed25_minsym5_cand5_reducedp3_rseed0,5,200,raw_data,default
2.335781,20,10,3,10,4,,,16,0.0180,2.2969,2,models/chua_orig_nint128_bs16_sig0.0_lr1e-03-1e-05_tfp0_ramp200_hLR1_m20_p10_seed29_minsym5_cand2_reducedp3_rseed0.pth,1;2;3;5;6;8;9,True,,0.0,0.0,none,0.090450,nan,0.090450,2,5.0,1.0,,,none,0.0,,0.0,1e-05,False,0.001,200,5,128,7,5,7,2000,0.00,0.00,0.00,1.00,0,completed,29,200,29,0.0,,,readout,chua_orig_nint128_bs16_sig0.0_lr1e-03-1e-05_tfp0_ramp200_hLR1_m20_p10_seed29_minsym5_cand2_reducedp3_rseed0,5,200,raw_data,default
10.531960,20,10,3,10,4,,,16,0.0363,8.0937,5,models/chua_orig_nint128_bs16_sig0.0_lr1e-03-1e-05_tfp0_ramp200_hLR1_m20_p10_seed24_minsym5_cand5_reducedp3_rseed0.pth,0;1;2;5;7;8;9,True,,0.0,0.0,none,0.173362,nan,0.173362,1,5.0,1.0,,,none,0.0,,0.0,1e-05,False,0.001,200,5,128,8,5,7,2000,0.00,0.00,0.00,1.00,0,completed,24,200,24,0.0,,,readout,chua_orig_nint128_bs16_sig0.0_lr1e-03-1e-05_tfp0_ramp200_hLR1_m20_p10_seed24_minsym5_cand5_reducedp3_rseed0,5,200,raw_data,default
1.118285,20,10,3,10,5,0.1,,16,0.0118,1.1183,2,models/chua_orig_nint128_bs16_sig0.0_lr1e-03-1e-05_tfp0_ramp200_hLR1_m20_p10_seed11_minsym5_cand2_reducedp3_distretpre_ga0p1_rseed0.pth,0;1;4;5;6;7;9,True,0.1,1.0,2.4013512820344607,retained_preactivation,0.135418,nan,0.090929,5,5.0,1.0,85.44344971596848,2051.797375168903,retained,0.0,,0.0,1e-05,False,0.001,200,5,128,5,5,7,2000,0.00,0.00,0.00,1.00,0,completed,11,200,11,0.0,,,none,chua_orig_nint128_bs16_sig0.0_lr1e-03-1e-05_tfp0_ramp200_hLR1_m20_p10_seed11_minsym5_cand2_reducedp3_distretpre_ga0p1_rseed0,5,200,parent_free_run,default
1.437799,20,10,3,10,5,0.1,,16,0.0189,1.4378,2,models/chua_orig_nint128_bs16_sig0.0_lr1e-03-1e-05_tfp0_ramp200_hLR1_m20_p10_seed14_minsym5_cand2_reducedp3_distretpre_ga0p1_rseed0.pth,0;1;2;5;6;8;9,True,0.1,1.0,7.19575546252964,retained_preactivation,0.132669,nan,0.059748,5,5.0,1.0,102.11107556445425,7347.663297777056,retained,0.0,,0.0,1e-05,False,0.001,200,5,128,5,5,7,2000,0.00,0.00,0.00,1.00,0,completed,14,200,14,0.0,,,none,chua_orig_nint128_bs16_sig0.0_lr1e-03-1e-05_tfp0_ramp200_hLR1_m20_p10_seed14_minsym5_cand2_reducedp3_distretpre_ga0p1_rseed0,5,200,parent_free_run,default
1.881372,20,10,3,10,5,0.1,,16,0.0073,1.7248,3,models/chua_orig_nint128_bs16_sig0.0_lr1e-03-1e-05_tfp0_ramp200_hLR1_m20_p10_seed7_minsym5_cand3_reducedp3_distretpre_ga0p1_rseed0.pth,1;4;5;6;7;8;9,True,0.1,1.0,8.58521720334919,retained_preactivation,0.199768,nan,0.125662,4,5.0,1.0,122705.09354953445,10534498.80080035,retained,0.0,,0.0,1e-05,False,0.001,200,5,128,5,5,7,2000,0.00,0.00,0.00,1.00,0,completed,7,200,7,0.0,,,none,chua_orig_nint128_bs16_sig0.0_lr1e-03-1e-05_tfp0_ramp200_hLR1_m20_p10_seed7_minsym5_cand3_reducedp3_distretpre_ga0p1_rseed0,5,200,parent_free_run,default
1.278300,20,10,4,10,5,0.1,,16,0.0069,1.2783,3,models/chua_orig_nint128_bs16_sig0.0_lr1e-03-1e-05_tfp0_ramp200_hLR1_m20_p10_seed6_minsym5_cand3_reducedp4_distretpre_ga0p1_rseed0.pth,0;1;4;5;8;9,True,0.1,1.0,5.63930249929133,retained_preactivation,0.073362,nan,0.035462,5,5.0,1.0,76778.928020649,4329796.006797549,retained,0.0,,0.0,1e-05,False,0.001,200,5,128,5,5,6,2000,0.00,0.00,0.00,1.00,0,completed,6,200,6,0.0,,,none,chua_orig_nint128_bs16_sig0.0_lr1e-03-1e-05_tfp0_ramp200_hLR1_m20_p10_seed6_minsym5_cand3_reducedp4_distretpre_ga0p1_rseed0,5,200,parent_free_run,default
2.557422,20,10,3,10,5,0.1,,16,0.0082,2.0926,3,models/chua_orig_nint128_bs16_sig0.0_lr1e-03-1e-05_tfp0_ramp200_hLR1_m20_p10_seed13_minsym5_cand3_reducedp3_distretpre_ga0p1_rseed0.pth,0;2;3;5;6;7;8,True,0.1,1.0,0.9307488812043725,retained_preactivation,0.325870,nan,0.264717,6,5.0,1.0,87299527.31745243,812539373.803894,retained,0.0,,0.0,1e-05,False,0.001,200,5,128,8,5,7,2000,0.00,0.00,0.00,1.00,0,completed,13,200,13,0.0,,,none,chua_orig_nint128_bs16_sig0.0_lr1e-03-1e-05_tfp0_ramp200_hLR1_m20_p10_seed13_minsym5_cand3_reducedp3_distretpre_ga0p1_rseed0,5,200,parent_free_run,default
1.115291,20,10,3,10,5,,,16,0.0087,1.1153,1,models/chua_orig_nint128_bs16_sig0.0_lr1e-03-1e-05_tfp0_ramp200_hLR1_m20_p10_seed29_minsym5_cand1_reducedp3_rseed0.pth,0;1;2;3;6;8;9,True,,0.0,0.0,none,0.008564,nan,0.008564,5,5.0,1.0,,,none,0.0,,0.0,1e-05,False,0.001,200,5,128,5,5,7,2000,0.00,0.00,0.00,1.00,0,completed,29,200,29,0.0,,,readout,chua_orig_nint128_bs16_sig0.0_lr1e-03-1e-05_tfp0_ramp200_hLR1_m20_p10_seed29_minsym5_cand1_reducedp3_rseed0,5,200,raw_data,default
3.149824,20,10,3,10,4,0.1,,16,0.0245,3.1498,3,models/chua_orig_nint128_bs16_sig0.0_lr1e-03-1e-05_tfp0_ramp200_hLR1_m20_p10_seed14_minsym5_cand3_reducedp3_distretpre_ga0p1_rseed0.pth,0;1;5;6;7;8;9,True,0.1,1.0,4.093832877771398,retained_preactivation,1.394029,nan,1.071260,1,5.0,1.0,170.06080464531306,6962.005132772454,retained,0.0,,0.0,1e-05,False,0.001,200,5,128,6,5,7,2000,0.00,0.00,0.00,1.00,0,completed,14,200,14,0.0,,,none,chua_orig_nint128_bs16_sig0.0_lr1e-03-1e-05_tfp0_ramp200_hLR1_m20_p10_seed14_minsym5_cand3_reducedp3_distretpre_ga0p1_rseed0,5,200,parent_free_run,default
1.416029,20,10,3,10,5,0.1,,16,0.0112,1.4160,3,models/chua_orig_nint128_bs16_sig0.0_lr1e-03-1e-05_tfp0_ramp200_hLR1_m20_p10_seed15_minsym5_cand3_reducedp3_distretpre_ga0p1_rseed0.pth,0;2;3;5;7;8;9,True,0.1,1.0,5.128875274160046,retained_preactivation,0.291041,nan,0.186705,5,5.0,1.0,1053.685295361075,54042.20458123447,retained,0.0,,0.0,1e-05,False,0.001,200,5,128,5,5,7,2000,0.00,0.00,0.00,1.00,0,completed,15,200,15,0.0,,,none,chua_orig_nint128_bs16_sig0.0_lr1e-03-1e-05_tfp0_ramp200_hLR1_m20_p10_seed15_minsym5_cand3_reducedp3_distretpre_ga0p1_rseed0,5,200,parent_free_run,default
1.260596,20,10,3,10,5,0.1,,16,0.0049,1.2606,2,models/chua_orig_nint128_bs16_sig0.0_lr1e-03-1e-05_tfp0_ramp200_hLR1_m20_p10_seed18_minsym5_cand2_reducedp3_distretpre_ga0p1_rseed0.pth,0;1;2;3;4;6;7,True,0.1,1.0,2.013229294280857,retained_preactivation,0.166765,nan,0.128932,5,5.0,1.0,24471865.6449898,492674768.0219877,retained,0.0,,0.0,1e-05,False,0.001,200,5,128,5,5,7,2000,0.00,0.00,0.00,1.00,0,completed,18,200,18,0.0,,,none,chua_orig_nint128_bs16_sig0.0_lr1e-03-1e-05_tfp0_ramp200_hLR1_m20_p10_seed18_minsym5_cand2_reducedp3_distretpre_ga0p1_rseed0,5,200,parent_free_run,default
1.101226,20,10,3,10,5,0.1,,16,0.0090,1.1012,2,models/chua_orig_nint128_bs16_sig0.0_lr1e-03-1e-05_tfp0_ramp200_hLR1_m20_p10_seed20_minsym5_cand2_reducedp3_distretpre_ga0p1_rseed0.pth,1;2;3;4;5;7;8,True,0.1,1.0,4.238974960574958,retained_preactivation,0.025257,nan,0.014909,5,5.0,1.0,14602177.295237036,618982639.2438596,retained,0.0,,0.0,1e-05,False,0.001,200,5,128,5,5,7,2000,0.00,0.00,0.00,1.00,0,completed,20,200,20,0.0,,,none,chua_orig_nint128_bs16_sig0.0_lr1e-03-1e-05_tfp0_ramp200_hLR1_m20_p10_seed20_minsym5_cand2_reducedp3_distretpre_ga0p1_rseed0,5,200,parent_free_run,default
3.192287,20,10,4,10,5,0.1,,16,0.0130,2.9024,4,models/chua_orig_nint128_bs16_sig0.0_lr1e-03-1e-05_tfp0_ramp200_hLR1_m20_p10_seed6_minsym5_cand4_reducedp4_distretpre_ga0p1_rseed0.pth,0;1;4;7;8;9,True,0.1,1.0,16.478419840528257,retained_preactivation,0.895253,nan,0.566134,4,5.0,1.0,786.4518941340973,129594.84495920353,retained,0.0,,0.0,1e-05,False,0.001,200,5,128,11,5,6,2000,0.00,0.00,0.00,1.00,0,completed,6,200,6,0.0,,,none,chua_orig_nint128_bs16_sig0.0_lr1e-03-1e-05_tfp0_ramp200_hLR1_m20_p10_seed6_minsym5_cand4_reducedp4_distretpre_ga0p1_rseed0,5,200,parent_free_run,default
1.164783,20,10,3,10,5,0.1,,16,0.0156,1.0165,2,models/chua_orig_nint128_bs16_sig0.0_lr1e-03-1e-05_tfp0_ramp200_hLR1_m20_p10_seed17_minsym5_cand2_reducedp3_distretpre_ga0p1_rseed0.pth,0;2;3;4;6;7;8,True,0.1,1.0,6.497725785980358,retained_preactivation,0.174409,nan,0.085363,5,5.0,1.0,44.17352859645819,2870.274758189536,retained,0.0,,0.0,1e-05,False,0.001,200,5,128,5,5,7,2000,0.00,0.00,0.00,1.00,0,completed,17,200,17,0.0,,,none,chua_orig_nint128_bs16_sig0.0_lr1e-03-1e-05_tfp0_ramp200_hLR1_m20_p10_seed17_minsym5_cand2_reducedp3_distretpre_ga0p1_rseed0,5,200,parent_free_run,default
2.462357,20,10,3,10,3,,,16,0.0104,2.4624,6,models/chua_orig_nint128_bs16_sig0.0_lr1e-03-1e-05_tfp0_ramp200_hLR1_m20_p10_seed25_minsym5_cand6_reducedp3_rseed0.pth,1;2;3;4;5;7;8,True,,0.0,0.0,none,0.274128,nan,0.274128,3,5.0,1.0,,,none,0.0,,0.0,1e-05,False,0.001,200,5,128,4,5,7,2000,0.00,0.00,0.00,1.00,0,completed,25,200,25,0.0,,,readout,chua_orig_nint128_bs16_sig0.0_lr1e-03-1e-05_tfp0_ramp200_hLR1_m20_p10_seed25_minsym5_cand6_reducedp3_rseed0,5,200,raw_data,default
1.042699,20,10,3,10,5,,,16,0.0120,1.0427,4,models/chua_orig_nint128_bs16_sig0.0_lr1e-03-1e-05_tfp0_ramp200_hLR1_m20_p10_seed26_minsym5_cand4_reducedp3_rseed0.pth,0;2;3;4;5;6;9,True,,0.0,0.0,none,0.012234,nan,0.012234,4,5.0,1.0,,,none,0.0,,0.0,1e-05,False,0.001,200,5,128,7,5,7,2000,0.00,0.00,0.00,1.00,0,completed,26,200,26,0.0,,,readout,chua_orig_nint128_bs16_sig0.0_lr1e-03-1e-05_tfp0_ramp200_hLR1_m20_p10_seed26_minsym5_cand4_reducedp3_rseed0,5,200,raw_data,default
2.645037,20,10,3,10,3,,,16,0.0130,2.6450,8,models/chua_orig_nint128_bs16_sig0.0_lr1e-03-1e-05_tfp0_ramp200_hLR1_m20_p10_seed25_minsym5_cand8_reducedp3_rseed0.pth,2;3;4;5;7;8;9,True,,0.0,0.0,none,0.315960,nan,0.315960,3,5.0,1.0,,,none,0.0,,0.0,1e-05,False,0.001,200,5,128,5,5,7,2000,0.00,0.00,0.00,1.00,0,completed,25,200,25,0.0,,,readout,chua_orig_nint128_bs16_sig0.0_lr1e-03-1e-05_tfp0_ramp200_hLR1_m20_p10_seed25_minsym5_cand8_reducedp3_rseed0,5,200,raw_data,default
3.908710,20,10,3,10,3,,,16,0.0177,3.2473,11,models/chua_orig_nint128_bs16_sig0.0_lr1e-03-1e-05_tfp0_ramp200_hLR1_m20_p10_seed10_minsym5_cand11_reducedp3_rseed0.pth,1;3;4;5;6;7;8,True,,0.0,0.0,none,0.172640,nan,0.172640,3,5.0,1.0,,,none,0.0,,0.0,1e-05,False,0.001,200,5,128,7,5,7,2000,0.00,0.00,0.00,1.00,0,completed,10,200,10,0.0,,,readout,chua_orig_nint128_bs16_sig0.0_lr1e-03-1e-05_tfp0_ramp200_hLR1_m20_p10_seed10_minsym5_cand11_reducedp3_rseed0,5,200,raw_data,default
1.058928,20,10,3,10,3,,,16,0.0187,1.0589,7,models/chua_orig_nint128_bs16_sig0.0_lr1e-03-1e-05_tfp0_ramp200_hLR1_m20_p10_seed26_minsym5_cand7_reducedp3_rseed0.pth,1;4;5;6;7;8;9,True,,0.0,0.0,none,0.023972,nan,0.023972,3,5.0,1.0,,,none,0.0,,0.0,1e-05,False,0.001,200,5,128,8,5,7,2000,0.00,0.00,0.00,1.00,0,completed,26,200,26,0.0,,,readout,chua_orig_nint128_bs16_sig0.0_lr1e-03-1e-05_tfp0_ramp200_hLR1_m20_p10_seed26_minsym5_cand7_reducedp3_rseed0,5,200,raw_data,default
1.638384,20,10,3,10,5,0.1,,16,0.0104,1.6384,3,models/chua_orig_nint128_bs16_sig0.0_lr1e-03-1e-05_tfp0_ramp200_hLR1_m20_p10_seed18_minsym5_cand3_reducedp3_distretpre_ga0p1_rseed0.pth,0;1;2;3;4;6;9,True,0.1,1.0,16.001890701497533,retained_preactivation,0.325648,nan,0.090784,5,5.0,1.0,892602.6203322506,142833295.70426974,retained,0.0,,0.0,1e-05,False,0.001,200,5,128,5,5,7,2000,0.00,0.00,0.00,1.00,0,completed,18,200,18,0.0,,,none,chua_orig_nint128_bs16_sig0.0_lr1e-03-1e-05_tfp0_ramp200_hLR1_m20_p10_seed18_minsym5_cand3_reducedp3_distretpre_ga0p1_rseed0,5,200,parent_free_run,default
2.752873,20,10,3,10,3,,,16,0.0106,2.7529,7,models/chua_orig_nint128_bs16_sig0.0_lr1e-03-1e-05_tfp0_ramp200_hLR1_m20_p10_seed25_minsym5_cand7_reducedp3_rseed0.pth,1;2;3;4;7;8;9,True,,0.0,0.0,none,0.266002,nan,0.266002,3,5.0,1.0,,,none,0.0,,0.0,1e-05,False,0.001,200,5,128,4,5,7,2000,0.00,0.00,0.00,1.00,0,completed,25,200,25,0.0,,,readout,chua_orig_nint128_bs16_sig0.0_lr1e-03-1e-05_tfp0_ramp200_hLR1_m20_p10_seed25_minsym5_cand7_reducedp3_rseed0,5,200,raw_data,default
1.180402,20,10,3,10,4,,,16,0.0209,1.1804,6,models/chua_orig_nint128_bs16_sig0.0_lr1e-03-1e-05_tfp0_ramp200_hLR1_m20_p10_seed26_minsym5_cand6_reducedp3_rseed0.pth,1;2;4;5;7;8;9,True,,0.0,0.0,none,0.028033,nan,0.028033,4,5.0,1.0,,,none,0.0,,0.0,1e-05,False,0.001,200,5,128,8,5,7,2000,0.00,0.00,0.00,1.00,0,completed,26,200,26,0.0,,,readout,chua_orig_nint128_bs16_sig0.0_lr1e-03-1e-05_tfp0_ramp200_hLR1_m20_p10_seed26_minsym5_cand6_reducedp3_rseed0,5,200,raw_data,default
2.823776,20,10,3,10,3,,,16,0.0266,2.8238,5,models/chua_orig_nint128_bs16_sig0.0_lr1e-03-1e-05_tfp0_ramp200_hLR1_m20_p10_seed26_minsym5_cand5_reducedp3_rseed0.pth,0;2;3;4;6;8;9,True,,0.0,0.0,none,0.354391,nan,0.354391,1,5.0,1.0,,,none,0.0,,0.0,1e-05,False,0.001,200,5,128,6,5,7,2000,0.00,0.00,0.00,1.00,0,completed,26,200,26,0.0,,,readout,chua_orig_nint128_bs16_sig0.0_lr1e-03-1e-05_tfp0_ramp200_hLR1_m20_p10_seed26_minsym5_cand5_reducedp3_rseed0,5,200,raw_data,default
2.905703,20,10,3,10,4,,,16,0.0092,2.4894,8,models/chua_orig_nint128_bs16_sig0.0_lr1e-03-1e-05_tfp0_ramp200_hLR1_m20_p10_seed26_minsym5_cand8_reducedp3_rseed0.pth,2;3;4;5;6;8;9,True,,0.0,0.0,none,0.269322,nan,0.269322,1,5.0,1.0,,,none,0.0,,0.0,1e-05,False,0.001,200,5,128,4,5,7,2000,0.00,0.00,0.00,1.00,0,completed,26,200,26,0.0,,,readout,chua_orig_nint128_bs16_sig0.0_lr1e-03-1e-05_tfp0_ramp200_hLR1_m20_p10_seed26_minsym5_cand8_reducedp3_rseed0,5,200,raw_data,default
1.213096,20,10,3,10,5,0.1,,16,0.0101,1.2131,2,models/chua_orig_nint128_bs16_sig0.0_lr1e-03-1e-05_tfp0_ramp200_hLR1_m20_p10_seed10_minsym5_cand2_reducedp3_distretpre_ga0p1_rseed0.pth,0;1;2;4;5;7;8,True,0.1,1.0,2.3517724184754747,retained_preactivation,0.131968,nan,0.087433,5,5.0,1.0,334.84171757724295,7874.715159531169,retained,0.0,,0.0,1e-05,False,0.001,200,5,128,5,5,7,2000,0.00,0.00,0.00,1.00,0,completed,10,200,10,0.0,,,none,chua_orig_nint128_bs16_sig0.0_lr1e-03-1e-05_tfp0_ramp200_hLR1_m20_p10_seed10_minsym5_cand2_reducedp3_distretpre_ga0p1_rseed0,5,200,parent_free_run,default
3.044527,20,10,3,10,3,0.1,,16,0.0207,3.0445,4,models/chua_orig_nint128_bs16_sig0.0_lr1e-03-1e-05_tfp0_ramp200_hLR1_m20_p10_seed14_minsym5_cand4_reducedp3_distretpre_ga0p1_rseed0.pth,0;2;5;6;7;8;9,True,0.1,1.0,4.311160761838526,retained_preactivation,1.478733,nan,1.074778,1,5.0,1.0,173.04258318605605,7460.143947589081,retained,0.0,,0.0,1e-05,False,0.001,200,5,128,4,5,7,2000,0.00,0.00,0.00,1.00,0,completed,14,200,14,0.0,,,none,chua_orig_nint128_bs16_sig0.0_lr1e-03-1e-05_tfp0_ramp200_hLR1_m20_p10_seed14_minsym5_cand4_reducedp3_distretpre_ga0p1_rseed0,5,200,parent_free_run,default
1.751685,20,10,3,10,5,0.1,,16,0.0084,1.6851,3,models/chua_orig_nint128_bs16_sig0.0_lr1e-03-1e-05_tfp0_ramp200_hLR1_m20_p10_seed11_minsym5_cand3_reducedp3_distretpre_ga0p1_rseed0.pth,0;3;4;5;6;8;9,True,0.1,1.0,26.50447804539916,retained_preactivation,0.422730,nan,0.149284,4,5.0,1.0,18.355484434171032,4865.025341981786,retained,0.0,,0.0,1e-05,False,0.001,200,5,128,5,5,7,2000,0.00,0.00,0.00,1.00,0,completed,11,200,11,0.0,,,none,chua_orig_nint128_bs16_sig0.0_lr1e-03-1e-05_tfp0_ramp200_hLR1_m20_p10_seed11_minsym5_cand3_reducedp3_distretpre_ga0p1_rseed0,5,200,parent_free_run,default
1.165642,20,10,3,10,5,0.1,,16,0.0083,1.1656,4,models/chua_orig_nint128_bs16_sig0.0_lr1e-03-1e-05_tfp0_ramp200_hLR1_m20_p10_seed15_minsym5_cand4_reducedp3_distretpre_ga0p1_rseed0.pth,0;2;5;6;7;8;9,True,0.1,1.0,4.494980715932635,retained_preactivation,0.160734,nan,0.118773,5,5.0,1.0,139.25608064534956,6259.533970772105,retained,0.0,,0.0,1e-05,False,0.001,200,5,128,5,5,7,2000,0.00,0.00,0.00,1.00,0,completed,15,200,15,0.0,,,none,chua_orig_nint128_bs16_sig0.0_lr1e-03-1e-05_tfp0_ramp200_hLR1_m20_p10_seed15_minsym5_cand4_reducedp3_distretpre_ga0p1_rseed0,5,200,parent_free_run,default
1.235418,20,10,3,10,5,0.1,,16,0.0044,1.2240,3,models/chua_orig_nint128_bs16_sig0.0_lr1e-03-1e-05_tfp0_ramp200_hLR1_m20_p10_seed10_minsym5_cand3_reducedp3_distretpre_ga0p1_rseed0.pth,0;1;2;4;6;7;8,True,0.1,1.0,3.961690158588857,retained_preactivation,0.138265,nan,0.095220,4,5.0,1.0,195.6273223641603,7750.148377611877,retained,0.0,,0.0,1e-05,False,0.001,200,5,128,5,5,7,2000,0.00,0.00,0.00,1.00,0,completed,10,200,10,0.0,,,none,chua_orig_nint128_bs16_sig0.0_lr1e-03-1e-05_tfp0_ramp200_hLR1_m20_p10_seed10_minsym5_cand3_reducedp3_distretpre_ga0p1_rseed0,5,200,parent_free_run,default
1.237334,20,10,3,10,5,0.1,,16,0.0139,1.2373,4,models/chua_orig_nint128_bs16_sig0.0_lr1e-03-1e-05_tfp0_ramp200_hLR1_m20_p10_seed11_minsym5_cand4_reducedp3_distretpre_ga0p1_rseed0.pth,0;3;5;6;7;8;9,True,0.1,1.0,8.41097621704292,retained_preactivation,0.224355,nan,0.130099,5,5.0,1.0,58.053657967169826,4882.879364742181,retained,0.0,,0.0,1e-05,False,0.001,200,5,128,5,5,7,2000,0.00,0.00,0.00,1.00,0,completed,11,200,11,0.0,,,none,chua_orig_nint128_bs16_sig0.0_lr1e-03-1e-05_tfp0_ramp200_hLR1_m20_p10_seed11_minsym5_cand4_reducedp3_distretpre_ga0p1_rseed0,5,200,parent_free_run,default
1.285886,20,10,3,10,5,0.1,,16,0.0064,1.2859,5,models/chua_orig_nint128_bs16_sig0.0_lr1e-03-1e-05_tfp0_ramp200_hLR1_m20_p10_seed15_minsym5_cand5_reducedp3_distretpre_ga0p1_rseed0.pth,0;3;5;6;7;8;9,True,0.1,1.0,1.8544579038198477,retained_preactivation,0.212571,nan,0.171768,5,5.0,1.0,3031.4870271375275,56217.65077802522,retained,0.0,,0.0,1e-05,False,0.001,200,5,128,5,5,7,2000,0.00,0.00,0.00,1.00,0,completed,15,200,15,0.0,,,none,chua_orig_nint128_bs16_sig0.0_lr1e-03-1e-05_tfp0_ramp200_hLR1_m20_p10_seed15_minsym5_cand5_reducedp3_distretpre_ga0p1_rseed0,5,200,parent_free_run,default
1.549943,20,10,3,10,5,0.1,,16,0.0077,1.5499,5,models/chua_orig_nint128_bs16_sig0.0_lr1e-03-1e-05_tfp0_ramp200_hLR1_m20_p10_seed18_minsym5_cand5_reducedp3_distretpre_ga0p1_rseed0.pth,0;1;3;4;6;7;9,True,0.1,1.0,33.07928227690042,retained_preactivation,0.562565,nan,0.131346,5,5.0,1.0,452864.84510944324,149804440.4466006,retained,0.0,,0.0,1e-05,False,0.001,200,5,128,5,5,7,2000,0.00,0.00,0.00,1.00,0,completed,18,200,18,0.0,,,none,chua_orig_nint128_bs16_sig0.0_lr1e-03-1e-05_tfp0_ramp200_hLR1_m20_p10_seed18_minsym5_cand5_reducedp3_distretpre_ga0p1_rseed0,5,200,parent_free_run,default
1.168442,20,10,3,10,5,0.1,,16,0.0076,1.1574,5,models/chua_orig_nint128_bs16_sig0.0_lr1e-03-1e-05_tfp0_ramp200_hLR1_m20_p10_seed13_minsym5_cand5_reducedp3_distretpre_ga0p1_rseed0.pth,0;3;5;6;7;8;9,True,0.1,1.0,5.04434975327545,retained_preactivation,0.046109,nan,0.029034,5,5.0,1.0,1644037.5872686123,82931005.97713992,retained,0.0,,0.0,1e-05,False,0.001,200,5,128,5,5,7,2000,0.00,0.00,0.00,1.00,0,completed,13,200,13,0.0,,,none,chua_orig_nint128_bs16_sig0.0_lr1e-03-1e-05_tfp0_ramp200_hLR1_m20_p10_seed13_minsym5_cand5_reducedp3_distretpre_ga0p1_rseed0,5,200,parent_free_run,default
1.410439,20,10,4,10,5,0.1,,16,0.0078,1.4104,5,models/chua_orig_nint128_bs16_sig0.0_lr1e-03-1e-05_tfp0_ramp200_hLR1_m20_p10_seed6_minsym5_cand5_reducedp4_distretpre_ga0p1_rseed0.pth,0;1;5;7;8;9,True,0.1,1.0,4.100880061726134,retained_preactivation,0.057630,nan,0.024580,4,5.0,1.0,93879.50577202674,3849885.9342520786,retained,0.0,,0.0,1e-05,False,0.001,200,5,128,7,5,6,2000,0.00,0.00,0.00,1.00,0,completed,6,200,6,0.0,,,none,chua_orig_nint128_bs16_sig0.0_lr1e-03-1e-05_tfp0_ramp200_hLR1_m20_p10_seed6_minsym5_cand5_reducedp4_distretpre_ga0p1_rseed0,5,200,parent_free_run,default
1.470708,20,10,3,10,5,0.1,,16,0.0092,1.4707,1,models/chua_orig_nint128_bs16_sig0.0_lr1e-03-1e-05_tfp0_ramp200_hLR1_m20_p10_seed21_minsym5_cand1_reducedp3_distretpre_ga0p1_rseed0.pth,0;1;3;4;5;8;9,True,0.1,1.0,1.0277872224525912,retained_preactivation,0.104112,nan,0.080144,5,5.0,1.0,291442.7329133461,2995411.1696500033,retained,0.0,,0.0,1e-05,False,0.001,200,5,128,5,5,7,2000,0.00,0.00,0.00,1.00,0,completed,21,200,21,0.0,,,none,chua_orig_nint128_bs16_sig0.0_lr1e-03-1e-05_tfp0_ramp200_hLR1_m20_p10_seed21_minsym5_cand1_reducedp3_distretpre_ga0p1_rseed0,5,200,parent_free_run,default
1.936430,20,10,3,10,5,0.1,,16,0.0077,1.9364,4,models/chua_orig_nint128_bs16_sig0.0_lr1e-03-1e-05_tfp0_ramp200_hLR1_m20_p10_seed18_minsym5_cand4_reducedp3_distretpre_ga0p1_rseed0.pth,0;1;3;4;5;7;9,True,0.1,1.0,80.73906410862521,retained_preactivation,1.250367,nan,0.206820,4,5.0,1.0,1438482.7361744735,1161417498.5514143,retained,0.0,,0.0,1e-05,False,0.001,200,5,128,5,5,7,2000,0.00,0.00,0.00,1.00,0,completed,18,200,18,0.0,,,none,chua_orig_nint128_bs16_sig0.0_lr1e-03-1e-05_tfp0_ramp200_hLR1_m20_p10_seed18_minsym5_cand4_reducedp3_distretpre_ga0p1_rseed0,5,200,parent_free_run,default
4.000005,20,10,3,10,3,0.1,,16,0.0290,4.0000,5,models/chua_orig_nint128_bs16_sig0.0_lr1e-03-1e-05_tfp0_ramp200_hLR1_m20_p10_seed17_minsym5_cand5_reducedp3_distretpre_ga0p1_rseed0.pth,1;2;4;5;7;8;9,True,0.1,1.0,4.746543837881078,retained_preactivation,1.197425,nan,0.844544,2,5.0,1.0,104.42128603602329,4956.4021177790855,retained,0.0,,0.0,1e-05,False,0.001,200,5,128,6,5,7,2000,0.00,0.00,0.00,1.00,0,completed,17,200,17,0.0,,,none,chua_orig_nint128_bs16_sig0.0_lr1e-03-1e-05_tfp0_ramp200_hLR1_m20_p10_seed17_minsym5_cand5_reducedp3_distretpre_ga0p1_rseed0,5,200,parent_free_run,default
1.092729,20,10,3,10,5,0.1,,16,0.0113,1.0927,4,models/chua_orig_nint128_bs16_sig0.0_lr1e-03-1e-05_tfp0_ramp200_hLR1_m20_p10_seed10_minsym5_cand4_reducedp3_distretpre_ga0p1_rseed0.pth,0;1;2;5;6;7;8,True,0.1,1.0,4.163600428663003,retained_preactivation,0.121312,nan,0.087116,5,5.0,1.0,186.2265781499081,7753.730606134056,retained,0.0,,0.0,1e-05,False,0.001,200,5,128,5,5,7,2000,0.00,0.00,0.00,1.00,0,completed,10,200,10,0.0,,,none,chua_orig_nint128_bs16_sig0.0_lr1e-03-1e-05_tfp0_ramp200_hLR1_m20_p10_seed10_minsym5_cand4_reducedp3_distretpre_ga0p1_rseed0,5,200,parent_free_run,default
1.161675,20,10,3,10,5,0.1,,16,0.0069,1.1617,5,models/chua_orig_nint128_bs16_sig0.0_lr1e-03-1e-05_tfp0_ramp200_hLR1_m20_p10_seed10_minsym5_cand5_reducedp3_distretpre_ga0p1_rseed0.pth,0;1;3;4;5;6;7,True,0.1,1.0,3.666730186574783,retained_preactivation,0.142546,nan,0.095857,5,5.0,1.0,182.768243257433,6701.618346992762,retained,0.0,,0.0,1e-05,False,0.001,200,5,128,5,5,7,2000,0.00,0.00,0.00,1.00,0,completed,10,200,10,0.0,,,none,chua_orig_nint128_bs16_sig0.0_lr1e-03-1e-05_tfp0_ramp200_hLR1_m20_p10_seed10_minsym5_cand5_reducedp3_distretpre_ga0p1_rseed0,5,200,parent_free_run,default
1.303791,20,10,3,10,5,0.1,,16,0.0064,1.2976,5,models/chua_orig_nint128_bs16_sig0.0_lr1e-03-1e-05_tfp0_ramp200_hLR1_m20_p10_seed11_minsym5_cand5_reducedp3_distretpre_ga0p1_rseed0.pth,0;4;5;6;7;8;9,True,0.1,1.0,2.9892245554318215,retained_preactivation,0.155303,nan,0.103836,4,5.0,1.0,160.5380802791866,4798.843716524326,retained,0.0,,0.0,1e-05,False,0.001,200,5,128,5,5,7,2000,0.00,0.00,0.00,1.00,0,completed,11,200,11,0.0,,,none,chua_orig_nint128_bs16_sig0.0_lr1e-03-1e-05_tfp0_ramp200_hLR1_m20_p10_seed11_minsym5_cand5_reducedp3_distretpre_ga0p1_rseed0,5,200,parent_free_run,default
7.006020,20,10,3,10,5,0.1,,16,0.0177,3.5388,4,models/chua_orig_nint128_bs16_sig0.0_lr1e-03-1e-05_tfp0_ramp200_hLR1_m20_p10_seed17_minsym5_cand4_reducedp3_distretpre_ga0p1_rseed0.pth,1;2;3;5;7;8;9,True,0.1,1.0,8.417244932743547,retained_preactivation,1.605604,nan,1.190407,1,5.0,1.0,94.45417009379686,7950.43884598517,retained,0.0,,0.0,1e-05,False,0.001,200,5,128,6,5,7,2000,0.00,0.00,0.00,1.00,0,completed,17,200,17,0.0,,,none,chua_orig_nint128_bs16_sig0.0_lr1e-03-1e-05_tfp0_ramp200_hLR1_m20_p10_seed17_minsym5_cand4_reducedp3_distretpre_ga0p1_rseed0,5,200,parent_free_run,default
1.363933,20,10,3,10,5,0.1,,16,0.0123,1.3639,0,models/chua_orig_nint128_bs16_sig0.0_lr1e-03-1e-05_tfp0_ramp200_hLR1_m20_p10_seed21_minsym5_cand0_reducedp3_distretpre_ga0p1_rseed0.pth,0;1;3;4;5;6;8,True,0.1,1.0,1.2695696695184084,retained_preactivation,0.150500,nan,0.104356,4,5.0,1.0,1242217.9302779364,15770822.072128009,retained,0.0,,0.0,1e-05,False,0.001,200,5,128,5,5,7,2000,0.00,0.00,0.00,1.00,0,completed,21,200,21,0.0,,,none,chua_orig_nint128_bs16_sig0.0_lr1e-03-1e-05_tfp0_ramp200_hLR1_m20_p10_seed21_minsym5_cand0_reducedp3_distretpre_ga0p1_rseed0,5,200,parent_free_run,default
1.121829,20,10,3,10,5,0.1,,16,0.0153,1.1218,3,models/chua_orig_nint128_bs16_sig0.0_lr1e-03-1e-05_tfp0_ramp200_hLR1_m20_p10_seed17_minsym5_cand3_reducedp3_distretpre_ga0p1_rseed0.pth,0;2;3;4;7;8;9,True,0.1,1.0,1.3378566368854894,retained_preactivation,0.083951,nan,0.071805,4,5.0,1.0,366.4755977818049,4902.918107489661,retained,0.0,,0.0,1e-05,False,0.001,200,5,128,5,5,7,2000,0.00,0.00,0.00,1.00,0,completed,17,200,17,0.0,,,none,chua_orig_nint128_bs16_sig0.0_lr1e-03-1e-05_tfp0_ramp200_hLR1_m20_p10_seed17_minsym5_cand3_reducedp3_distretpre_ga0p1_rseed0,5,200,parent_free_run,default
5.454026,20,10,3,10,3,0.1,,16,0.0265,4.9772,0,models/chua_orig_nint128_bs16_sig0.0_lr1e-03-1e-05_tfp0_ramp200_hLR1_m20_p10_seed22_minsym5_cand0_reducedp3_distretpre_ga0p1_rseed0.pth,0;2;3;4;5;7;8,True,0.1,1.0,1.351364101309175,retained_preactivation,0.642615,nan,0.485185,3,5.0,1.0,192.73512394716664,2604.553275635766,retained,0.0,,0.0,1e-05,False,0.001,200,5,128,7,5,7,2000,0.00,0.00,0.00,1.00,0,completed,22,200,22,0.0,,,none,chua_orig_nint128_bs16_sig0.0_lr1e-03-1e-05_tfp0_ramp200_hLR1_m20_p10_seed22_minsym5_cand0_reducedp3_distretpre_ga0p1_rseed0,5,200,parent_free_run,default
1.554423,20,10,3,10,5,0.1,,16,0.0086,1.5544,1,models/chua_orig_nint128_bs16_sig0.0_lr1e-03-1e-05_tfp0_ramp200_hLR1_m20_p10_seed22_minsym5_cand1_reducedp3_distretpre_ga0p1_rseed0.pth,0;2;3;4;5;8;9,True,0.1,1.0,1.7706514323561124,retained_preactivation,0.088170,nan,0.067006,5,5.0,1.0,374.88936274820844,6637.983871251873,retained,0.0,,0.0,1e-05,False,0.001,200,5,128,5,5,7,2000,0.00,0.00,0.00,1.00,0,completed,22,200,22,0.0,,,none,chua_orig_nint128_bs16_sig0.0_lr1e-03-1e-05_tfp0_ramp200_hLR1_m20_p10_seed22_minsym5_cand1_reducedp3_distretpre_ga0p1_rseed0,5,200,parent_free_run,default
1.564217,20,10,3,10,5,0.1,,16,0.0118,1.5642,2,models/chua_orig_nint128_bs16_sig0.0_lr1e-03-1e-05_tfp0_ramp200_hLR1_m20_p10_seed21_minsym5_cand2_reducedp3_distretpre_ga0p1_rseed0.pth,0;1;3;4;6;8;9,True,0.1,1.0,2.0497475549675657,retained_preactivation,0.150351,nan,0.103062,5,5.0,1.0,9936.311526416632,203669.3025666853,retained,0.0,,0.0,1e-05,False,0.001,200,5,128,5,5,7,2000,0.00,0.00,0.00,1.00,0,completed,21,200,21,0.0,,,none,chua_orig_nint128_bs16_sig0.0_lr1e-03-1e-05_tfp0_ramp200_hLR1_m20_p10_seed21_minsym5_cand2_reducedp3_distretpre_ga0p1_rseed0,5,200,parent_free_run,default
6.284068,20,10,3,10,3,0.1,,16,0.0358,6.2841,2,models/chua_orig_nint128_bs16_sig0.0_lr1e-03-1e-05_tfp0_ramp200_hLR1_m20_p10_seed22_minsym5_cand2_reducedp3_distretpre_ga0p1_rseed0.pth,0;2;3;4;7;8;9,True,0.1,1.0,1.524886572865328,retained_preactivation,0.607570,nan,0.417323,3,5.0,1.0,196.44440308498986,2995.5543257884674,retained,0.0,,0.0,1e-05,False,0.001,200,5,128,6,5,7,2000,0.00,0.00,0.00,1.00,0,completed,22,200,22,0.0,,,none,chua_orig_nint128_bs16_sig0.0_lr1e-03-1e-05_tfp0_ramp200_hLR1_m20_p10_seed22_minsym5_cand2_reducedp3_distretpre_ga0p1_rseed0,5,200,parent_free_run,default
1.317665,20,10,3,10,5,0.1,,16,0.0122,1.3177,3,models/chua_orig_nint128_bs16_sig0.0_lr1e-03-1e-05_tfp0_ramp200_hLR1_m20_p10_seed21_minsym5_cand3_reducedp3_distretpre_ga0p1_rseed0.pth,0;3;4;5;6;8;9,True,0.1,1.0,1.0372831412645114,retained_preactivation,0.095651,nan,0.067772,5,5.0,1.0,353807.69343811617,3669987.5565304034,retained,0.0,,0.0,1e-05,False,0.001,200,5,128,5,5,7,2000,0.00,0.00,0.00,1.00,0,completed,21,200,21,0.0,,,none,chua_orig_nint128_bs16_sig0.0_lr1e-03-1e-05_tfp0_ramp200_hLR1_m20_p10_seed21_minsym5_cand3_reducedp3_distretpre_ga0p1_rseed0,5,200,parent_free_run,default
1.282035,20,10,3,10,5,0.1,,16,0.0079,1.2820,4,models/chua_orig_nint128_bs16_sig0.0_lr1e-03-1e-05_tfp0_ramp200_hLR1_m20_p10_seed22_minsym5_cand4_reducedp3_distretpre_ga0p1_rseed0.pth,0;2;4;5;7;8;9,True,0.1,1.0,1.9974308381478585,retained_preactivation,0.075825,nan,0.052255,5,5.0,1.0,160.28300614639772,3201.542193078595,retained,0.0,,0.0,1e-05,False,0.001,200,5,128,5,5,7,2000,0.00,0.00,0.00,1.00,0,completed,22,200,22,0.0,,,none,chua_orig_nint128_bs16_sig0.0_lr1e-03-1e-05_tfp0_ramp200_hLR1_m20_p10_seed22_minsym5_cand4_reducedp3_distretpre_ga0p1_rseed0,5,200,parent_free_run,default
7.858691,20,10,3,10,4,0.1,,16,0.0247,4.8117,3,models/chua_orig_nint128_bs16_sig0.0_lr1e-03-1e-05_tfp0_ramp200_hLR1_m20_p10_seed22_minsym5_cand3_reducedp3_distretpre_ga0p1_rseed0.pth,0;2;3;5;7;8;9,True,0.1,1.0,1.5669311875480898,retained_preactivation,0.445527,nan,0.306958,3,5.0,1.0,341.990897252706,5358.76202762821,retained,0.0,,0.0,1e-05,False,0.001,200,5,128,7,5,7,2000,0.00,0.00,0.00,1.00,0,completed,22,200,22,0.0,,,none,chua_orig_nint128_bs16_sig0.0_lr1e-03-1e-05_tfp0_ramp200_hLR1_m20_p10_seed22_minsym5_cand3_reducedp3_distretpre_ga0p1_rseed0,5,200,parent_free_run,default
1.176267,20,10,3,10,5,0.1,,16,0.0132,1.1763,1,models/chua_orig_nint128_bs16_sig0.0_lr1e-03-1e-05_tfp0_ramp200_hLR1_m20_p10_seed8_minsym5_cand1_reducedp3_distfullpre_ga0p1_rseed0.pth,0;3;4;6;7;8;9,True,0.1,1.0,4.816963125231682,full_preactivation,0.139219,nan,0.100455,5,5.0,1.0,1890852.0418985724,91081645.61094455,full,0.0,,0.0,1e-05,False,0.001,200,5,128,5,5,7,2000,0.00,0.00,0.00,1.00,0,completed,8,200,8,0.0,,,none,chua_orig_nint128_bs16_sig0.0_lr1e-03-1e-05_tfp0_ramp200_hLR1_m20_p10_seed8_minsym5_cand1_reducedp3_distfullpre_ga0p1_rseed0,5,200,parent_free_run,default
1.421935,20,10,3,10,5,0.1,,16,0.0071,1.4219,0,models/chua_orig_nint128_bs16_sig0.0_lr1e-03-1e-05_tfp0_ramp200_hLR1_m20_p10_seed16_minsym5_cand0_reducedp3_distfullpre_ga0p1_rseed0.pth,0;1;2;3;4;5;8,True,0.1,1.0,3.3619956537034588,full_preactivation,0.210600,nan,0.165501,5,5.0,1.0,433.6115528439777,14578.00156057064,full,0.0,,0.0,1e-05,False,0.001,200,5,128,5,5,7,2000,0.00,0.00,0.00,1.00,0,completed,16,200,16,0.0,,,none,chua_orig_nint128_bs16_sig0.0_lr1e-03-1e-05_tfp0_ramp200_hLR1_m20_p10_seed16_minsym5_cand0_reducedp3_distfullpre_ga0p1_rseed0,5,200,parent_free_run,default
1.209241,20,10,4,10,5,0.1,,16,0.0110,1.2092,5,models/chua_orig_nint128_bs16_sig0.0_lr1e-03-1e-05_tfp0_ramp200_hLR1_m20_p10_seed22_minsym5_cand5_reducedp4_distretpre_ga0p1_rseed0.pth,1;2;3;4;5;7,True,0.1,1.0,3.5208158061128634,retained_preactivation,0.084647,nan,0.056480,5,5.0,1.0,126.85952571216721,4466.49023283383,retained,0.0,,0.0,1e-05,False,0.001,200,5,128,5,5,6,2000,0.00,0.00,0.00,1.00,0,completed,22,200,22,0.0,,,none,chua_orig_nint128_bs16_sig0.0_lr1e-03-1e-05_tfp0_ramp200_hLR1_m20_p10_seed22_minsym5_cand5_reducedp4_distretpre_ga0p1_rseed0,5,200,parent_free_run,default
1.498540,20,10,4,10,5,0.1,,16,0.0049,1.4985,2,models/chua_orig_nint128_bs16_sig0.0_lr1e-03-1e-05_tfp0_ramp200_hLR1_m20_p10_seed6_minsym5_cand2_reducedp4_distfullpre_ga0p1_rseed0.pth,0;1;2;5;7;9,True,0.1,1.0,6.00965134550736,full_preactivation,0.209834,nan,0.121063,5,5.0,1.0,315438.0510718388,18956727.080480956,full,0.0,,0.0,1e-05,False,0.001,200,5,128,7,5,6,2000,0.00,0.00,0.00,1.00,0,completed,6,200,6,0.0,,,none,chua_orig_nint128_bs16_sig0.0_lr1e-03-1e-05_tfp0_ramp200_hLR1_m20_p10_seed6_minsym5_cand2_reducedp4_distfullpre_ga0p1_rseed0,5,200,parent_free_run,default
2.067079,20,10,3,10,5,0.1,,16,0.0166,1.7437,0,models/chua_orig_nint128_bs16_sig0.0_lr1e-03-1e-05_tfp0_ramp200_hLR1_m20_p10_seed17_minsym5_cand0_reducedp3_distfullpre_ga0p1_rseed0.pth,0;1;2;3;4;6;8,True,0.1,1.0,5.053287669513176,full_preactivation,0.495931,nan,0.361148,6,5.0,1.0,58.66293153829657,2964.4066859997465,full,0.0,,0.0,1e-05,False,0.001,200,5,128,7,5,7,2000,0.00,0.00,0.00,1.00,0,completed,17,200,17,0.0,,,none,chua_orig_nint128_bs16_sig0.0_lr1e-03-1e-05_tfp0_ramp200_hLR1_m20_p10_seed17_minsym5_cand0_reducedp3_distfullpre_ga0p1_rseed0,5,200,parent_free_run,default
1.276619,20,10,3,10,5,0.1,,16,0.0048,1.2766,0,models/chua_orig_nint128_bs16_sig0.0_lr1e-03-1e-05_tfp0_ramp200_hLR1_m20_p10_seed9_minsym5_cand0_reducedp3_distfullpre_ga0p1_rseed0.pth,0;1;2;3;5;6;8,True,0.1,1.0,1.2454998988187058,full_preactivation,0.059918,nan,0.041829,5,5.0,1.0,14624810937.947622,182152005434.56467,full,0.0,,0.0,1e-05,False,0.001,200,5,128,5,5,7,2000,0.00,0.00,0.00,1.00,0,completed,9,200,9,0.0,,,none,chua_orig_nint128_bs16_sig0.0_lr1e-03-1e-05_tfp0_ramp200_hLR1_m20_p10_seed9_minsym5_cand0_reducedp3_distfullpre_ga0p1_rseed0,5,200,parent_free_run,default
1.440330,20,10,3,10,5,0.1,,16,0.0095,1.3306,0,models/chua_orig_nint128_bs16_sig0.0_lr1e-03-1e-05_tfp0_ramp200_hLR1_m20_p10_seed13_minsym5_cand0_reducedp3_distfullpre_ga0p1_rseed0.pth,0;1;2;3;5;7;8,True,0.1,1.0,1.2672493405682996,full_preactivation,0.063476,nan,0.044203,7,5.0,1.0,7201082.989128788,91255676.69351056,full,0.0,,0.0,1e-05,False,0.001,200,5,128,5,5,7,2000,0.00,0.00,0.00,1.00,0,completed,13,200,13,0.0,,,none,chua_orig_nint128_bs16_sig0.0_lr1e-03-1e-05_tfp0_ramp200_hLR1_m20_p10_seed13_minsym5_cand0_reducedp3_distfullpre_ga0p1_rseed0,5,200,parent_free_run,default
1.193942,20,10,3,10,5,0.1,,16,0.0115,1.1939,3,models/chua_orig_nint128_bs16_sig0.0_lr1e-03-1e-05_tfp0_ramp200_hLR1_m20_p10_seed3_minsym5_cand3_reducedp3_distfullpre_ga0p1_rseed0.pth,0;1;3;4;6;7;8,True,0.1,1.0,8.858717498510545,full_preactivation,0.088959,nan,0.052029,5,5.0,1.0,14968.749497390389,1326039.2310335317,full,0.0,,0.0,1e-05,False,0.001,200,5,128,6,5,7,2000,0.00,0.00,0.00,1.00,0,completed,3,200,3,0.0,,,none,chua_orig_nint128_bs16_sig0.0_lr1e-03-1e-05_tfp0_ramp200_hLR1_m20_p10_seed3_minsym5_cand3_reducedp3_distfullpre_ga0p1_rseed0,5,200,parent_free_run,default
3.143611,20,10,3,10,4,0.1,,16,0.0177,3.1436,1,models/chua_orig_nint128_bs16_sig0.0_lr1e-03-1e-05_tfp0_ramp200_hLR1_m20_p10_seed4_minsym5_cand1_reducedp3_distfullpre_ga0p1_rseed0.pth,0;1;4;6;7;8;9,True,0.1,1.0,1.4049242931520456,full_preactivation,1.180793,nan,0.995724,3,5.0,1.0,4349378.884090923,61105480.54381872,full,0.0,,0.0,1e-05,False,0.001,200,5,128,7,5,7,2000,0.00,0.00,0.00,1.00,0,completed,4,200,4,0.0,,,none,chua_orig_nint128_bs16_sig0.0_lr1e-03-1e-05_tfp0_ramp200_hLR1_m20_p10_seed4_minsym5_cand1_reducedp3_distfullpre_ga0p1_rseed0,5,200,parent_free_run,default
3.053677,20,10,3,10,3,0.1,,16,0.0186,3.0537,0,models/chua_orig_nint128_bs16_sig0.0_lr1e-03-1e-05_tfp0_ramp200_hLR1_m20_p10_seed15_minsym5_cand0_reducedp3_distfullpre_ga0p1_rseed0.pth,0;2;3;5;6;7;8,True,0.1,1.0,2.5764414125866,full_preactivation,1.120561,nan,0.853041,3,5.0,1.0,1103.076317534144,28420.115057384974,full,0.0,,0.0,1e-05,False,0.001,200,5,128,8,5,7,2000,0.00,0.00,0.00,1.00,0,completed,15,200,15,0.0,,,none,chua_orig_nint128_bs16_sig0.0_lr1e-03-1e-05_tfp0_ramp200_hLR1_m20_p10_seed15_minsym5_cand0_reducedp3_distfullpre_ga0p1_rseed0,5,200,parent_free_run,default
1.927013,20,10,3,10,5,0.1,,16,0.0096,1.9270,1,models/chua_orig_nint128_bs16_sig0.0_lr1e-03-1e-05_tfp0_ramp200_hLR1_m20_p10_seed7_minsym5_cand1_reducedp3_distfullpre_ga0p1_rseed0.pth,0;1;4;5;6;7;9,True,0.1,1.0,12.679971801170554,full_preactivation,0.289842,nan,0.129691,5,5.0,1.0,80222.03716989179,10172131.691466838,full,0.0,,0.0,1e-05,False,0.001,200,5,128,7,5,7,2000,0.00,0.00,0.00,1.00,0,completed,7,200,7,0.0,,,none,chua_orig_nint128_bs16_sig0.0_lr1e-03-1e-05_tfp0_ramp200_hLR1_m20_p10_seed7_minsym5_cand1_reducedp3_distfullpre_ga0p1_rseed0,5,200,parent_free_run,default
1.866432,20,10,3,10,5,0.1,,16,0.0089,1.8650,2,models/chua_orig_nint128_bs16_sig0.0_lr1e-03-1e-05_tfp0_ramp200_hLR1_m20_p10_seed4_minsym5_cand2_reducedp3_distfullpre_ga0p1_rseed0.pth,1;2;3;4;5;6;8,True,0.1,1.0,3.912012341782707,full_preactivation,0.356980,nan,0.178813,5,5.0,1.0,74.49581326490936,2914.285409034692,full,0.0,,0.0,1e-05,False,0.001,200,5,128,7,5,7,2000,0.00,0.00,0.00,1.00,0,completed,4,200,4,0.0,,,none,chua_orig_nint128_bs16_sig0.0_lr1e-03-1e-05_tfp0_ramp200_hLR1_m20_p10_seed4_minsym5_cand2_reducedp3_distfullpre_ga0p1_rseed0,5,200,parent_free_run,default
1.233375,20,10,3,10,5,0.1,,16,0.0083,1.2334,2,models/chua_orig_nint128_bs16_sig0.0_lr1e-03-1e-05_tfp0_ramp200_hLR1_m20_p10_seed3_minsym5_cand2_reducedp3_distfullpre_ga0p1_rseed0.pth,0;1;3;4;5;7;8,True,0.1,1.0,8.521316016943029,full_preactivation,0.128517,nan,0.078557,5,5.0,1.0,18475.870239991404,1574387.2900299977,full,0.0,,0.0,1e-05,False,0.001,200,5,128,6,5,7,2000,0.00,0.00,0.00,1.00,0,completed,3,200,3,0.0,,,none,chua_orig_nint128_bs16_sig0.0_lr1e-03-1e-05_tfp0_ramp200_hLR1_m20_p10_seed3_minsym5_cand2_reducedp3_distfullpre_ga0p1_rseed0,5,200,parent_free_run,default
3.426305,20,10,3,10,4,0.1,,16,0.0197,3.4263,2,models/chua_orig_nint128_bs16_sig0.0_lr1e-03-1e-05_tfp0_ramp200_hLR1_m20_p10_seed7_minsym5_cand2_reducedp3_distfullpre_ga0p1_rseed0.pth,1;2;4;5;7;8;9,True,0.1,1.0,0.5131963131833306,full_preactivation,0.691436,nan,0.581575,4,5.0,1.0,1469.1863101943538,7539.8099777116395,full,0.0,,0.0,1e-05,False,0.001,200,5,128,8,5,7,2000,0.00,0.00,0.00,1.00,0,completed,7,200,7,0.0,,,none,chua_orig_nint128_bs16_sig0.0_lr1e-03-1e-05_tfp0_ramp200_hLR1_m20_p10_seed7_minsym5_cand2_reducedp3_distfullpre_ga0p1_rseed0,5,200,parent_free_run,default
1.637557,20,10,4,10,5,0.1,,16,0.0064,1.6376,1,models/chua_orig_nint128_bs16_sig0.0_lr1e-03-1e-05_tfp0_ramp200_hLR1_m20_p10_seed6_minsym5_cand1_reducedp4_distfullpre_ga0p1_rseed0.pth,0;1;2;4;7;9,True,0.1,1.0,6.351406405454765,full_preactivation,0.255345,nan,0.125639,5,5.0,1.0,21183.7878967915,1345468.4613947663,full,0.0,,0.0,1e-05,False,0.001,200,5,128,8,5,6,2000,0.00,0.00,0.00,1.00,0,completed,6,200,6,0.0,,,none,chua_orig_nint128_bs16_sig0.0_lr1e-03-1e-05_tfp0_ramp200_hLR1_m20_p10_seed6_minsym5_cand1_reducedp4_distfullpre_ga0p1_rseed0,5,200,parent_free_run,default
1.214377,20,10,3,10,5,0.1,,16,0.0097,1.2144,1,models/chua_orig_nint128_bs16_sig0.0_lr1e-03-1e-05_tfp0_ramp200_hLR1_m20_p10_seed9_minsym5_cand1_reducedp3_distfullpre_ga0p1_rseed0.pth,0;1;2;3;5;7;8,True,0.1,1.0,1.2455447475639145,full_preactivation,0.060373,nan,0.043590,4,5.0,1.0,14821991976.110699,184614542542.79166,full,0.0,,0.0,1e-05,False,0.001,200,5,128,5,5,7,2000,0.00,0.00,0.00,1.00,0,completed,9,200,9,0.0,,,none,chua_orig_nint128_bs16_sig0.0_lr1e-03-1e-05_tfp0_ramp200_hLR1_m20_p10_seed9_minsym5_cand1_reducedp3_distfullpre_ga0p1_rseed0,5,200,parent_free_run,default
7.257292,20,10,3,10,4,0.1,,16,0.0230,5.4088,0,models/chua_orig_nint128_bs16_sig0.0_lr1e-03-1e-05_tfp0_ramp200_hLR1_m20_p10_seed7_minsym5_cand0_reducedp3_distfullpre_ga0p1_rseed0.pth,0;1;2;4;5;7;9,True,0.1,1.0,0.21959849609077675,full_preactivation,0.451441,nan,0.410435,1,5.0,1.0,6189.75418786966,13592.607108277647,full,0.0,,0.0,1e-05,False,0.001,200,5,128,5,5,7,2000,0.00,0.00,0.00,1.00,0,completed,7,200,7,0.0,,,none,chua_orig_nint128_bs16_sig0.0_lr1e-03-1e-05_tfp0_ramp200_hLR1_m20_p10_seed7_minsym5_cand0_reducedp3_distfullpre_ga0p1_rseed0,5,200,parent_free_run,default
9.343139,20,10,4,10,5,0.1,,16,0.0182,6.7848,0,models/chua_orig_nint128_bs16_sig0.0_lr1e-03-1e-05_tfp0_ramp200_hLR1_m20_p10_seed6_minsym5_cand0_reducedp4_distfullpre_ga0p1_rseed0.pth,0;1;2;4;5;9,True,0.1,1.0,5.516710232351947,full_preactivation,0.791386,nan,0.580671,4,5.0,1.0,994264.1357868642,54850671.315559596,full,0.0,,0.0,1e-05,False,0.001,200,5,128,16,5,6,2000,0.00,0.00,0.00,1.00,0,completed,6,200,6,0.0,,,none,chua_orig_nint128_bs16_sig0.0_lr1e-03-1e-05_tfp0_ramp200_hLR1_m20_p10_seed6_minsym5_cand0_reducedp4_distfullpre_ga0p1_rseed0,5,200,parent_free_run,default
4.709721,20,10,3,10,2,0.1,,16,0.0165,3.9621,0,models/chua_orig_nint128_bs16_sig0.0_lr1e-03-1e-05_tfp0_ramp200_hLR1_m20_p10_seed2_minsym5_cand0_reducedp3_distfullpre_ga0p1_rseed0.pth,2;4;5;6;7;8;9,True,0.1,1.0,0.23242332429692641,full_preactivation,0.597116,nan,0.536743,1,5.0,1.0,94514770825.01997,219674372303.13297,full,0.0,,0.0,1e-05,False,0.001,200,5,128,8,5,7,2000,0.00,0.00,0.00,1.00,0,completed,2,200,2,0.0,,,none,chua_orig_nint128_bs16_sig0.0_lr1e-03-1e-05_tfp0_ramp200_hLR1_m20_p10_seed2_minsym5_cand0_reducedp3_distfullpre_ga0p1_rseed0,5,200,parent_free_run,default
1.305259,20,10,3,10,5,0.1,,16,0.0116,1.3053,1,models/chua_orig_nint128_bs16_sig0.0_lr1e-03-1e-05_tfp0_ramp200_hLR1_m20_p10_seed3_minsym5_cand1_reducedp3_distfullpre_ga0p1_rseed0.pth,0;1;2;3;4;6;8,True,0.1,1.0,4.188154382247803,full_preactivation,0.154482,nan,0.118066,5,5.0,1.0,99128.22732198937,4151643.196630462,full,0.0,,0.0,1e-05,False,0.001,200,5,128,6,5,7,2000,0.00,0.00,0.00,1.00,0,completed,3,200,3,0.0,,,none,chua_orig_nint128_bs16_sig0.0_lr1e-03-1e-05_tfp0_ramp200_hLR1_m20_p10_seed3_minsym5_cand1_reducedp3_distfullpre_ga0p1_rseed0,5,200,parent_free_run,default
1.252209,20,10,3,10,5,0.1,,16,0.0141,1.2522,1,models/chua_orig_nint128_bs16_sig0.0_lr1e-03-1e-05_tfp0_ramp200_hLR1_m20_p10_seed11_minsym5_cand1_reducedp3_distfullpre_ga0p1_rseed0.pth,0;1;3;5;6;7;9,True,0.1,1.0,5.7034646116899275,full_preactivation,0.180197,nan,0.138139,4,5.0,1.0,10023.240356790811,571671.9666941873,full,0.0,,0.0,1e-05,False,0.001,200,5,128,5,5,7,2000,0.00,0.00,0.00,1.00,0,completed,11,200,11,0.0,,,none,chua_orig_nint128_bs16_sig0.0_lr1e-03-1e-05_tfp0_ramp200_hLR1_m20_p10_seed11_minsym5_cand1_reducedp3_distfullpre_ga0p1_rseed0,5,200,parent_free_run,default
3.453624,20,10,3,10,4,0.1,,16,0.0127,3.4536,0,models/chua_orig_nint128_bs16_sig0.0_lr1e-03-1e-05_tfp0_ramp200_hLR1_m20_p10_seed11_minsym5_cand0_reducedp3_distfullpre_ga0p1_rseed0.pth,0;1;3;4;5;6;9,True,0.1,1.0,3.99231026259236,full_preactivation,0.971096,nan,0.728334,4,5.0,1.0,175410.39994253477,7002927.398560119,full,0.0,,0.0,1e-05,False,0.001,200,5,128,8,5,7,2000,0.00,0.00,0.00,1.00,0,completed,11,200,11,0.0,,,none,chua_orig_nint128_bs16_sig0.0_lr1e-03-1e-05_tfp0_ramp200_hLR1_m20_p10_seed11_minsym5_cand0_reducedp3_distfullpre_ga0p1_rseed0,5,200,parent_free_run,default
3.878532,20,10,3,10,3,0.1,,16,0.0266,3.8785,0,models/chua_orig_nint128_bs16_sig0.0_lr1e-03-1e-05_tfp0_ramp200_hLR1_m20_p10_seed4_minsym5_cand0_reducedp3_distfullpre_ga0p1_rseed0.pth,0;1;2;3;4;5;8,True,0.1,1.0,1.639496863220144,full_preactivation,1.134765,nan,0.957731,3,5.0,1.0,61.51707006050219,1008.5704339868882,full,0.0,,0.0,1e-05,False,0.001,200,5,128,6,5,7,2000,0.00,0.00,0.00,1.00,0,completed,4,200,4,0.0,,,none,chua_orig_nint128_bs16_sig0.0_lr1e-03-1e-05_tfp0_ramp200_hLR1_m20_p10_seed4_minsym5_cand0_reducedp3_distfullpre_ga0p1_rseed0,5,200,parent_free_run,default
1.841708,20,10,3,10,5,0.1,,16,0.0122,1.8417,0,models/chua_orig_nint128_bs16_sig0.0_lr1e-03-1e-05_tfp0_ramp200_hLR1_m20_p10_seed0_minsym5_cand0_reducedp3_distfullpre_ga0p1_rseed0.pth,0;1;3;4;5;7;9,True,0.1,1.0,3.4974793819768903,full_preactivation,0.347069,nan,0.275944,5,5.0,1.0,304.8964506879177,10663.690499189293,full,0.0,,0.0,1e-05,False,0.001,200,5,128,5,5,7,2000,0.00,0.00,0.00,1.00,0,completed,0,200,0,0.0,,,none,chua_orig_nint128_bs16_sig0.0_lr1e-03-1e-05_tfp0_ramp200_hLR1_m20_p10_seed0_minsym5_cand0_reducedp3_distfullpre_ga0p1_rseed0,5,200,parent_free_run,default
1.513187,20,10,3,10,5,0.1,,16,0.0079,1.5132,1,models/chua_orig_nint128_bs16_sig0.0_lr1e-03-1e-05_tfp0_ramp200_hLR1_m20_p10_seed10_minsym5_cand1_reducedp3_distfullpre_ga0p1_rseed0.pth,0;1;2;4;5;6;8,True,0.1,1.0,7.628540837697908,full_preactivation,0.188086,nan,0.112917,5,5.0,1.0,99.57054815432834,7595.779928272672,full,0.0,,0.0,1e-05,False,0.001,200,5,128,5,5,7,2000,0.00,0.00,0.00,1.00,0,completed,10,200,10,0.0,,,none,chua_orig_nint128_bs16_sig0.0_lr1e-03-1e-05_tfp0_ramp200_hLR1_m20_p10_seed10_minsym5_cand1_reducedp3_distfullpre_ga0p1_rseed0,5,200,parent_free_run,default
1.173482,20,10,3,10,5,0.1,,16,0.0170,1.1735,0,models/chua_orig_nint128_bs16_sig0.0_lr1e-03-1e-05_tfp0_ramp200_hLR1_m20_p10_seed8_minsym5_cand0_reducedp3_distfullpre_ga0p1_rseed0.pth,0;3;4;5;6;7;8,True,0.1,1.0,4.796144828058548,full_preactivation,0.086458,nan,0.063030,5,5.0,1.0,1905357.2305475946,91383692.26894803,full,0.0,,0.0,1e-05,False,0.001,200,5,128,5,5,7,2000,0.00,0.00,0.00,1.00,0,completed,8,200,8,0.0,,,none,chua_orig_nint128_bs16_sig0.0_lr1e-03-1e-05_tfp0_ramp200_hLR1_m20_p10_seed8_minsym5_cand0_reducedp3_distfullpre_ga0p1_rseed0,5,200,parent_free_run,default
1.531371,20,10,3,10,5,0.1,,16,0.0135,1.5314,0,models/chua_orig_nint128_bs16_sig0.0_lr1e-03-1e-05_tfp0_ramp200_hLR1_m20_p10_seed14_minsym5_cand0_reducedp3_distfullpre_ga0p1_rseed0.pth,0;1;2;5;6;7;8,True,0.1,1.0,5.442259018027136,full_preactivation,0.194005,nan,0.124467,5,5.0,1.0,140.75091647295258,7660.029444705157,full,0.0,,0.0,1e-05,False,0.001,200,5,128,5,5,7,2000,0.00,0.00,0.00,1.00,0,completed,14,200,14,0.0,,,none,chua_orig_nint128_bs16_sig0.0_lr1e-03-1e-05_tfp0_ramp200_hLR1_m20_p10_seed14_minsym5_cand0_reducedp3_distfullpre_ga0p1_rseed0,5,200,parent_free_run,default
1.133219,20,10,3,10,5,0.1,,16,0.0076,1.1332,1,models/chua_orig_nint128_bs16_sig0.0_lr1e-03-1e-05_tfp0_ramp200_hLR1_m20_p10_seed23_minsym5_cand1_reducedp3_distretpre_ga0p1_rseed0.pth,0;1;3;5;6;7;9,True,0.1,1.0,0.9752853935666665,retained_preactivation,0.142908,nan,0.127274,5,5.0,1.0,111.45386210852566,1086.993237710394,retained,0.0,,0.0,1e-05,False,0.001,200,5,128,5,5,7,2000,0.00,0.00,0.00,1.00,0,completed,23,200,23,0.0,,,none,chua_orig_nint128_bs16_sig0.0_lr1e-03-1e-05_tfp0_ramp200_hLR1_m20_p10_seed23_minsym5_cand1_reducedp3_distretpre_ga0p1_rseed0,5,200,parent_free_run,default
1.380782,20,10,3,10,5,0.1,,16,0.0101,1.3808,0,models/chua_orig_nint128_bs16_sig0.0_lr1e-03-1e-05_tfp0_ramp200_hLR1_m20_p10_seed10_minsym5_cand0_reducedp3_distfullpre_ga0p1_rseed0.pth,0;1;2;4;5;6;7,True,0.1,1.0,5.755957729159516,full_preactivation,0.120264,nan,0.072895,5,5.0,1.0,112.40629187788089,6470.058645406547,full,0.0,,0.0,1e-05,False,0.001,200,5,128,5,5,7,2000,0.00,0.00,0.00,1.00,0,completed,10,200,10,0.0,,,none,chua_orig_nint128_bs16_sig0.0_lr1e-03-1e-05_tfp0_ramp200_hLR1_m20_p10_seed10_minsym5_cand0_reducedp3_distfullpre_ga0p1_rseed0,5,200,parent_free_run,default
1.256827,20,10,3,10,5,0.1,,16,0.0094,1.2568,0,models/chua_orig_nint128_bs16_sig0.0_lr1e-03-1e-05_tfp0_ramp200_hLR1_m20_p10_seed3_minsym5_cand0_reducedp3_distfullpre_ga0p1_rseed0.pth,0;1;2;3;4;5;8,True,0.1,1.0,4.477274562784094,full_preactivation,0.138964,nan,0.099921,5,5.0,1.0,22776.503386165314,1019766.5924004375,full,0.0,,0.0,1e-05,False,0.001,200,5,128,6,5,7,2000,0.00,0.00,0.00,1.00,0,completed,3,200,3,0.0,,,none,chua_orig_nint128_bs16_sig0.0_lr1e-03-1e-05_tfp0_ramp200_hLR1_m20_p10_seed3_minsym5_cand0_reducedp3_distfullpre_ga0p1_rseed0,5,200,parent_free_run,default
1.425878,20,10,3,10,5,0.1,,16,0.0080,1.3219,2,models/chua_orig_nint128_bs16_sig0.0_lr1e-03-1e-05_tfp0_ramp200_hLR1_m20_p10_seed23_minsym5_cand2_reducedp3_distretpre_ga0p1_rseed0.pth,0;1;4;5;6;7;9,True,0.1,1.0,1.8611683931120155,retained_preactivation,0.143955,nan,0.103292,3,5.0,1.0,8850.834062921698,164728.9261058907,retained,0.0,,0.0,1e-05,False,0.001,200,5,128,5,5,7,2000,0.00,0.00,0.00,1.00,0,completed,23,200,23,0.0,,,none,chua_orig_nint128_bs16_sig0.0_lr1e-03-1e-05_tfp0_ramp200_hLR1_m20_p10_seed23_minsym5_cand2_reducedp3_distretpre_ga0p1_rseed0,5,200,parent_free_run,default
1.172839,20,10,3,10,5,0.1,,16,0.0127,1.1728,0,models/chua_orig_nint128_bs16_sig0.0_lr1e-03-1e-05_tfp0_ramp200_hLR1_m20_p10_seed26_minsym5_cand0_reducedp3_distretpre_ga0p1_rseed0.pth,0;1;2;4;5;7;9,True,0.1,1.0,1.8609610070386753,retained_preactivation,0.076658,nan,0.062139,5,5.0,1.0,288641859.31826514,5371512451.904344,retained,0.0,,0.0,1e-05,False,0.001,200,5,128,5,5,7,2000,0.00,0.00,0.00,1.00,0,completed,26,200,26,0.0,,,none,chua_orig_nint128_bs16_sig0.0_lr1e-03-1e-05_tfp0_ramp200_hLR1_m20_p10_seed26_minsym5_cand0_reducedp3_distretpre_ga0p1_rseed0,5,200,parent_free_run,default
1.103534,20,10,3,10,5,0.1,,16,0.0107,1.1035,0,models/chua_orig_nint128_bs16_sig0.0_lr1e-03-1e-05_tfp0_ramp200_hLR1_m20_p10_seed27_minsym5_cand0_reducedp3_distretpre_ga0p1_rseed0.pth,1;2;3;4;5;6;7,True,0.1,1.0,3.2718654052130547,retained_preactivation,0.163053,nan,0.101700,4,5.0,1.0,96.82556245474505,3168.002081359796,retained,0.0,,0.0,1e-05,False,0.001,200,5,128,5,5,7,2000,0.00,0.00,0.00,1.00,0,completed,27,200,27,0.0,,,none,chua_orig_nint128_bs16_sig0.0_lr1e-03-1e-05_tfp0_ramp200_hLR1_m20_p10_seed27_minsym5_cand0_reducedp3_distretpre_ga0p1_rseed0,5,200,parent_free_run,default
1.597469,20,10,3,10,4,0.1,,16,0.0162,1.5975,0,models/chua_orig_nint128_bs16_sig0.0_lr1e-03-1e-05_tfp0_ramp200_hLR1_m20_p10_seed18_minsym5_cand0_reducedp3_distfullpre_ga0p1_rseed0.pth,0;1;2;3;4;5;7,True,0.1,1.0,1.872416224899293,full_preactivation,0.456405,nan,0.344610,4,5.0,1.0,380881519.5329373,7131687369.377687,full,0.0,,0.0,1e-05,False,0.001,200,5,128,7,5,7,2000,0.00,0.00,0.00,1.00,0,completed,18,200,18,0.0,,,none,chua_orig_nint128_bs16_sig0.0_lr1e-03-1e-05_tfp0_ramp200_hLR1_m20_p10_seed18_minsym5_cand0_reducedp3_distfullpre_ga0p1_rseed0,5,200,parent_free_run,default
2.660842,20,10,3,10,3,0.1,,16,0.0335,2.6608,0,models/chua_orig_nint128_bs16_sig0.0_lr1e-03-1e-05_tfp0_ramp200_hLR1_m20_p10_seed25_minsym5_cand0_reducedp3_distretpre_ga0p1_rseed0.pth,0;1;2;3;4;5;8,True,0.1,1.0,3.118376723511577,retained_preactivation,2.715963,nan,1.543123,2,5.0,1.0,2857.9525481676783,89121.7270310669,retained,0.0,,0.0,1e-05,False,0.001,200,5,128,4,5,7,2000,0.00,0.00,0.00,1.00,0,completed,25,200,25,0.0,,,none,chua_orig_nint128_bs16_sig0.0_lr1e-03-1e-05_tfp0_ramp200_hLR1_m20_p10_seed25_minsym5_cand0_reducedp3_distretpre_ga0p1_rseed0,5,200,parent_free_run,default
1.294219,20,10,3,10,5,0.1,,16,0.0083,1.2942,0,models/chua_orig_nint128_bs16_sig0.0_lr1e-03-1e-05_tfp0_ramp200_hLR1_m20_p10_seed24_minsym5_cand0_reducedp3_distretpre_ga0p1_rseed0.pth,0;1;2;3;5;6;9,True,0.1,1.0,11.483644743129627,retained_preactivation,539227685865770952885150941184.000000,nan,2218493986675864483187916800.000000,5,5.0,1.0,45.05968289822049,5174.493906412491,retained,0.0,,0.0,1e-05,False,0.001,200,5,128,5,5,7,2000,0.00,0.00,0.00,1.00,0,completed,24,200,24,0.0,,,none,chua_orig_nint128_bs16_sig0.0_lr1e-03-1e-05_tfp0_ramp200_hLR1_m20_p10_seed24_minsym5_cand0_reducedp3_distretpre_ga0p1_rseed0,5,200,parent_free_run,default
8.377698,20,10,3,10,4,0.1,,16,0.0266,6.8920,1,models/chua_orig_nint128_bs16_sig0.0_lr1e-03-1e-05_tfp0_ramp200_hLR1_m20_p10_seed13_minsym5_cand1_reducedp3_distfullpre_ga0p1_rseed0.pth,0;1;2;5;7;8;9,True,0.1,1.0,1.4112641634874765,full_preactivation,0.514335,nan,0.390410,1,5.0,1.0,10595409.651951736,149529219.392688,full,0.0,,0.0,1e-05,False,0.001,200,5,128,8,5,7,2000,0.00,0.00,0.00,1.00,0,completed,13,200,13,0.0,,,none,chua_orig_nint128_bs16_sig0.0_lr1e-03-1e-05_tfp0_ramp200_hLR1_m20_p10_seed13_minsym5_cand1_reducedp3_distfullpre_ga0p1_rseed0,5,200,parent_free_run,default
1.207839,20,10,3,10,5,0.1,,16,0.0090,1.2078,2,models/chua_orig_nint128_bs16_sig0.0_lr1e-03-1e-05_tfp0_ramp200_hLR1_m20_p10_seed9_minsym5_cand2_reducedp3_distfullpre_ga0p1_rseed0.pth,0;2;3;5;6;7;8,True,0.1,1.0,1.3646739389470584,full_preactivation,0.053610,nan,0.039676,5,5.0,1.0,31902515798.349304,435365318968.541,full,0.0,,0.0,1e-05,False,0.001,200,5,128,5,5,7,2000,0.00,0.00,0.00,1.00,0,completed,9,200,9,0.0,,,none,chua_orig_nint128_bs16_sig0.0_lr1e-03-1e-05_tfp0_ramp200_hLR1_m20_p10_seed9_minsym5_cand2_reducedp3_distfullpre_ga0p1_rseed0,5,200,parent_free_run,default
1.499545,20,10,3,10,5,0.1,,16,0.0115,1.4995,2,models/chua_orig_nint128_bs16_sig0.0_lr1e-03-1e-05_tfp0_ramp200_hLR1_m20_p10_seed15_minsym5_cand2_reducedp3_distfullpre_ga0p1_rseed0.pth,0;2;3;5;6;8;9,True,0.1,1.0,2.238022586371101,full_preactivation,0.243993,nan,0.183350,5,5.0,1.0,7597.016357693493,170022.94197548754,full,0.0,,0.0,1e-05,False,0.001,200,5,128,5,5,7,2000,0.00,0.00,0.00,1.00,0,completed,15,200,15,0.0,,,none,chua_orig_nint128_bs16_sig0.0_lr1e-03-1e-05_tfp0_ramp200_hLR1_m20_p10_seed15_minsym5_cand2_reducedp3_distfullpre_ga0p1_rseed0,5,200,parent_free_run,default
4.131337,20,10,3,10,3,0.1,,16,0.0149,4.0269,1,models/chua_orig_nint128_bs16_sig0.0_lr1e-03-1e-05_tfp0_ramp200_hLR1_m20_p10_seed15_minsym5_cand1_reducedp3_distfullpre_ga0p1_rseed0.pth,0;2;3;5;6;7;9,True,0.1,1.0,1.4177014608658665,full_preactivation,0.688677,nan,0.452895,1,5.0,1.0,9066.149089039265,128530.92807958713,full,0.0,,0.0,1e-05,False,0.001,200,5,128,8,5,7,2000,0.00,0.00,0.00,1.00,0,completed,15,200,15,0.0,,,none,chua_orig_nint128_bs16_sig0.0_lr1e-03-1e-05_tfp0_ramp200_hLR1_m20_p10_seed15_minsym5_cand1_reducedp3_distfullpre_ga0p1_rseed0,5,200,parent_free_run,default
1.137423,20,10,3,10,5,0.1,,16,0.0093,1.1374,1,models/chua_orig_nint128_bs16_sig0.0_lr1e-03-1e-05_tfp0_ramp200_hLR1_m20_p10_seed16_minsym5_cand1_reducedp3_distfullpre_ga0p1_rseed0.pth,0;1;2;3;4;7;8,True,0.1,1.0,3.3584850045821346,full_preactivation,0.180024,nan,0.148086,5,5.0,1.0,220.03628559849048,7389.885656464855,full,0.0,,0.0,1e-05,False,0.001,200,5,128,5,5,7,2000,0.00,0.00,0.00,1.00,0,completed,16,200,16,0.0,,,none,chua_orig_nint128_bs16_sig0.0_lr1e-03-1e-05_tfp0_ramp200_hLR1_m20_p10_seed16_minsym5_cand1_reducedp3_distfullpre_ga0p1_rseed0,5,200,parent_free_run,default
3.260764,20,10,3,10,3,0.1,,16,0.0203,3.2608,0,models/chua_orig_nint128_bs16_sig0.0_lr1e-03-1e-05_tfp0_ramp200_hLR1_m20_p10_seed23_minsym5_cand0_reducedp3_distfullpre_ga0p1_rseed0.pth,0;1;3;4;6;7;9,True,0.1,1.0,3.583264642582701,full_preactivation,0.966006,nan,0.704201,3,5.0,1.0,163.15717180244113,5846.353249034821,full,0.0,,0.0,1e-05,False,0.001,200,5,128,6,5,7,2000,0.00,0.00,0.00,1.00,0,completed,23,200,23,0.0,,,none,chua_orig_nint128_bs16_sig0.0_lr1e-03-1e-05_tfp0_ramp200_hLR1_m20_p10_seed23_minsym5_cand0_reducedp3_distfullpre_ga0p1_rseed0,5,200,parent_free_run,default
1.389150,20,10,3,10,5,0.1,,16,0.0110,1.3891,1,models/chua_orig_nint128_bs16_sig0.0_lr1e-03-1e-05_tfp0_ramp200_hLR1_m20_p10_seed14_minsym5_cand1_reducedp3_distfullpre_ga0p1_rseed0.pth,0;1;2;5;6;7;9,True,0.1,1.0,5.770290038769722,full_preactivation,0.190541,nan,0.126012,4,5.0,1.0,126.10391152809474,7276.561445404691,full,0.0,,0.0,1e-05,False,0.001,200,5,128,5,5,7,2000,0.00,0.00,0.00,1.00,0,completed,14,200,14,0.0,,,none,chua_orig_nint128_bs16_sig0.0_lr1e-03-1e-05_tfp0_ramp200_hLR1_m20_p10_seed14_minsym5_cand1_reducedp3_distfullpre_ga0p1_rseed0,5,200,parent_free_run,default
9.731451,20,10,3,10,4,0.1,,16,0.0252,4.8976,3,models/chua_orig_nint128_bs16_sig0.0_lr1e-03-1e-05_tfp0_ramp200_hLR1_m20_p10_seed9_minsym5_cand3_reducedp3_distfullpre_ga0p1_rseed0.pth,1;2;3;5;6;7;8,True,0.1,1.0,1.245556985091619,full_preactivation,0.609739,nan,0.445705,1,5.0,1.0,14834681927.220018,184774416960.61295,full,0.0,,0.0,1e-05,False,0.001,200,5,128,4,5,7,2000,0.00,0.00,0.00,1.00,0,completed,9,200,9,0.0,,,none,chua_orig_nint128_bs16_sig0.0_lr1e-03-1e-05_tfp0_ramp200_hLR1_m20_p10_seed9_minsym5_cand3_reducedp3_distfullpre_ga0p1_rseed0,5,200,parent_free_run,default
1.404131,20,10,3,10,5,0.1,,16,0.0098,1.4041,1,models/chua_orig_nint128_bs16_sig0.0_lr1e-03-1e-05_tfp0_ramp200_hLR1_m20_p10_seed18_minsym5_cand1_reducedp3_distfullpre_ga0p1_rseed0.pth,0;1;2;3;4;5;9,True,0.1,1.0,7.327627335884593,full_preactivation,0.262313,nan,0.184459,5,5.0,1.0,92892655.0016244,6806827580.927996,full,0.0,,0.0,1e-05,False,0.001,200,5,128,5,5,7,2000,0.00,0.00,0.00,1.00,0,completed,18,200,18,0.0,,,none,chua_orig_nint128_bs16_sig0.0_lr1e-03-1e-05_tfp0_ramp200_hLR1_m20_p10_seed18_minsym5_cand1_reducedp3_distfullpre_ga0p1_rseed0,5,200,parent_free_run,default
4.727584,20,10,3,10,3,0.1,,16,0.0766,4.7276,3,models/chua_orig_nint128_bs16_sig0.0_lr1e-03-1e-05_tfp0_ramp200_hLR1_m20_p10_seed4_minsym5_cand3_reducedp3_distfullpre_ga0p1_rseed0.pth,1;2;3;4;5;7;8,True,0.1,1.0,1.862347978062866,full_preactivation,1.185558,nan,0.979854,1,5.0,1.0,4099836.786511385,76353227.49747235,full,0.0,,0.0,1e-05,False,0.001,200,5,128,6,5,7,2000,0.00,0.00,0.00,1.00,0,completed,4,200,4,0.0,,,none,chua_orig_nint128_bs16_sig0.0_lr1e-03-1e-05_tfp0_ramp200_hLR1_m20_p10_seed4_minsym5_cand3_reducedp3_distfullpre_ga0p1_rseed0,5,200,parent_free_run,default
4.950615,20,10,3,10,2,0.1,,16,0.0284,4.4199,0,models/chua_orig_nint128_bs16_sig0.0_lr1e-03-1e-05_tfp0_ramp200_hLR1_m20_p10_seed20_minsym5_cand0_reducedp3_distfullpre_ga0p1_rseed0.pth,0;1;2;3;5;7;8,True,0.1,1.0,1.6338995965021352,full_preactivation,0.573319,nan,0.467369,2,5.0,1.0,192763623.99716178,3149564074.692519,full,0.0,,0.0,1e-05,False,0.001,200,5,128,4,5,7,2000,0.00,0.00,0.00,1.00,0,completed,20,200,20,0.0,,,none,chua_orig_nint128_bs16_sig0.0_lr1e-03-1e-05_tfp0_ramp200_hLR1_m20_p10_seed20_minsym5_cand0_reducedp3_distfullpre_ga0p1_rseed0,5,200,parent_free_run,default
6.098777,20,10,3,10,2,0.1,,16,0.1254,5.9456,2,models/chua_orig_nint128_bs16_sig0.0_lr1e-03-1e-05_tfp0_ramp200_hLR1_m20_p10_seed13_minsym5_cand2_reducedp3_distfullpre_ga0p1_rseed0.pth,0;1;3;5;7;8;9,True,0.1,1.0,1.2187408798540327,full_preactivation,1.153931,nan,1.084578,2,5.0,1.0,6784466.385176066,82685065.31609587,full,0.0,,0.0,1e-05,False,0.001,200,5,128,3,5,7,2000,0.00,0.00,0.00,1.00,0,completed,13,200,13,0.0,,,none,chua_orig_nint128_bs16_sig0.0_lr1e-03-1e-05_tfp0_ramp200_hLR1_m20_p10_seed13_minsym5_cand2_reducedp3_distfullpre_ga0p1_rseed0,5,200,parent_free_run,default
5.183624,20,10,3,10,4,0.1,,16,0.0271,4.3330,1,models/chua_orig_nint128_bs16_sig0.0_lr1e-03-1e-05_tfp0_ramp200_hLR1_m20_p10_seed22_minsym5_cand1_reducedp3_distfullpre_ga0p1_rseed0.pth,0;2;3;4;5;8;9,True,0.1,1.0,2.371959920922445,full_preactivation,0.540465,nan,0.391337,3,5.0,1.0,279.8522779706314,6637.983871251873,full,0.0,,0.0,1e-05,False,0.001,200,5,128,8,5,7,2000,0.00,0.00,0.00,1.00,0,completed,22,200,22,0.0,,,none,chua_orig_nint128_bs16_sig0.0_lr1e-03-1e-05_tfp0_ramp200_hLR1_m20_p10_seed22_minsym5_cand1_reducedp3_distfullpre_ga0p1_rseed0,5,200,parent_free_run,default
1.202126,20,10,3,10,5,0.1,,16,0.0108,1.2021,2,models/chua_orig_nint128_bs16_sig0.0_lr1e-03-1e-05_tfp0_ramp200_hLR1_m20_p10_seed17_minsym5_cand2_reducedp3_distfullpre_ga0p1_rseed0.pth,0;2;3;4;6;7;8,True,0.1,1.0,5.18627766592739,full_preactivation,0.145852,nan,0.111352,5,5.0,1.0,55.343638406530104,2870.274758189536,full,0.0,,0.0,1e-05,False,0.001,200,5,128,5,5,7,2000,0.00,0.00,0.00,1.00,0,completed,17,200,17,0.0,,,none,chua_orig_nint128_bs16_sig0.0_lr1e-03-1e-05_tfp0_ramp200_hLR1_m20_p10_seed17_minsym5_cand2_reducedp3_distfullpre_ga0p1_rseed0,5,200,parent_free_run,default
4.458636,20,10,3,10,3,0.1,,16,0.0272,4.4586,1,models/chua_orig_nint128_bs16_sig0.0_lr1e-03-1e-05_tfp0_ramp200_hLR1_m20_p10_seed20_minsym5_cand1_reducedp3_distfullpre_ga0p1_rseed0.pth,0;1;3;4;5;7;8,True,0.1,1.0,3.019403992972219,full_preactivation,0.608756,nan,0.434047,3,5.0,1.0,63318.353042384166,1911836.880045994,full,0.0,,0.0,1e-05,False,0.001,200,5,128,5,5,7,2000,0.00,0.00,0.00,1.00,0,completed,20,200,20,0.0,,,none,chua_orig_nint128_bs16_sig0.0_lr1e-03-1e-05_tfp0_ramp200_hLR1_m20_p10_seed20_minsym5_cand1_reducedp3_distfullpre_ga0p1_rseed0,5,200,parent_free_run,default
1.310980,20,10,3,10,5,0.1,,16,0.0150,1.3110,1,models/chua_orig_nint128_bs16_sig0.0_lr1e-03-1e-05_tfp0_ramp200_hLR1_m20_p10_seed17_minsym5_cand1_reducedp3_distfullpre_ga0p1_rseed0.pth,0;1;2;3;4;8;9,True,0.1,1.0,3.8763095787032684,full_preactivation,0.119191,nan,0.088232,5,5.0,1.0,97.4343666810991,3776.857688608349,full,0.0,,0.0,1e-05,False,0.001,200,5,128,5,5,7,2000,0.00,0.00,0.00,1.00,0,completed,17,200,17,0.0,,,none,chua_orig_nint128_bs16_sig0.0_lr1e-03-1e-05_tfp0_ramp200_hLR1_m20_p10_seed17_minsym5_cand1_reducedp3_distfullpre_ga0p1_rseed0,5,200,parent_free_run,default
3.354197,20,10,3,10,5,0.1,,16,0.0192,2.8519,0,models/chua_orig_nint128_bs16_sig0.0_lr1e-03-1e-05_tfp0_ramp200_hLR1_m20_p10_seed21_minsym5_cand0_reducedp3_distfullpre_ga0p1_rseed0.pth,0;1;3;4;5;6;8,True,0.1,1.0,2.2440832268657425,full_preactivation,0.802746,nan,0.644445,5,5.0,1.0,702773.4926816748,15770822.072128009,full,0.0,,0.0,1e-05,False,0.001,200,5,128,5,5,7,2000,0.00,0.00,0.00,1.00,0,completed,21,200,21,0.0,,,none,chua_orig_nint128_bs16_sig0.0_lr1e-03-1e-05_tfp0_ramp200_hLR1_m20_p10_seed21_minsym5_cand0_reducedp3_distfullpre_ga0p1_rseed0,5,200,parent_free_run,default
1.640022,20,10,3,10,5,0.1,,16,0.0131,1.6400,2,models/chua_orig_nint128_bs16_sig0.0_lr1e-03-1e-05_tfp0_ramp200_hLR1_m20_p10_seed10_minsym5_cand2_reducedp3_distfullpre_ga0p1_rseed0.pth,0;1;2;4;5;7;8,True,0.1,1.0,8.424158353132771,full_preactivation,0.185267,nan,0.116068,5,5.0,1.0,93.47776750424737,7874.715159531169,full,0.0,,0.0,1e-05,False,0.001,200,5,128,5,5,7,2000,0.00,0.00,0.00,1.00,0,completed,10,200,10,0.0,,,none,chua_orig_nint128_bs16_sig0.0_lr1e-03-1e-05_tfp0_ramp200_hLR1_m20_p10_seed10_minsym5_cand2_reducedp3_distfullpre_ga0p1_rseed0,5,200,parent_free_run,default
1.355581,20,10,3,10,5,0.1,,16,0.0099,1.3556,2,models/chua_orig_nint128_bs16_sig0.0_lr1e-03-1e-05_tfp0_ramp200_hLR1_m20_p10_seed14_minsym5_cand2_reducedp3_distfullpre_ga0p1_rseed0.pth,0;1;2;5;6;8;9,True,0.1,1.0,5.819747858697697,full_preactivation,0.136068,nan,0.085966,5,5.0,1.0,126.25398000354619,7347.663297777056,full,0.0,,0.0,1e-05,False,0.001,200,5,128,5,5,7,2000,0.00,0.00,0.00,1.00,0,completed,14,200,14,0.0,,,none,chua_orig_nint128_bs16_sig0.0_lr1e-03-1e-05_tfp0_ramp200_hLR1_m20_p10_seed14_minsym5_cand2_reducedp3_distfullpre_ga0p1_rseed0,5,200,parent_free_run,default
1.238034,20,10,3,10,5,0.1,,16,0.0085,1.2380,1,models/chua_orig_nint128_bs16_sig0.0_lr1e-03-1e-05_tfp0_ramp200_hLR1_m20_p10_seed26_minsym5_cand1_reducedp3_distretpre_ga0p1_rseed0.pth,0;1;2;4;7;8;9,True,0.1,1.0,3.4683918200808916,retained_preactivation,0.092697,nan,0.064951,5,5.0,1.0,285936464.1576912,9917396933.47389,retained,0.0,,0.0,1e-05,False,0.001,200,5,128,5,5,7,2000,0.00,0.00,0.00,1.00,0,completed,26,200,26,0.0,,,none,chua_orig_nint128_bs16_sig0.0_lr1e-03-1e-05_tfp0_ramp200_hLR1_m20_p10_seed26_minsym5_cand1_reducedp3_distretpre_ga0p1_rseed0,5,200,parent_free_run,default
1.642889,20,10,4,10,5,0.1,,16,0.0045,1.6429,4,models/chua_orig_nint128_bs16_sig0.0_lr1e-03-1e-05_tfp0_ramp200_hLR1_m20_p10_seed6_minsym5_cand4_reducedp4_distfullpre_ga0p1_rseed0.pth,0;1;4;7;8;9,True,0.1,1.0,8.602012737375142,full_preactivation,0.176352,nan,0.096111,5,5.0,1.0,1506.5642067248164,129594.84495920353,full,0.0,,0.0,1e-05,False,0.001,200,5,128,6,5,6,2000,0.00,0.00,0.00,1.00,0,completed,6,200,6,0.0,,,none,chua_orig_nint128_bs16_sig0.0_lr1e-03-1e-05_tfp0_ramp200_hLR1_m20_p10_seed6_minsym5_cand4_reducedp4_distfullpre_ga0p1_rseed0,5,200,parent_free_run,default
1.297830,20,10,3,10,5,0.1,,16,0.0124,1.2978,2,models/chua_orig_nint128_bs16_sig0.0_lr1e-03-1e-05_tfp0_ramp200_hLR1_m20_p10_seed24_minsym5_cand2_reducedp3_distretpre_ga0p1_rseed0.pth,0;1;2;3;6;7;9,True,0.1,1.0,2.0310205239165904,retained_preactivation,8158403121643520.000000,nan,464068565532672.000000,5,5.0,1.0,2376.244930294434,48262.022232807445,retained,0.0,,0.0,1e-05,False,0.001,200,5,128,5,5,7,2000,0.00,0.00,0.00,1.00,0,completed,24,200,24,0.0,,,none,chua_orig_nint128_bs16_sig0.0_lr1e-03-1e-05_tfp0_ramp200_hLR1_m20_p10_seed24_minsym5_cand2_reducedp3_distretpre_ga0p1_rseed0,5,200,parent_free_run,default
1.335174,20,10,3,10,5,0.1,,16,0.0095,1.3352,2,models/chua_orig_nint128_bs16_sig0.0_lr1e-03-1e-05_tfp0_ramp200_hLR1_m20_p10_seed11_minsym5_cand2_reducedp3_distfullpre_ga0p1_rseed0.pth,0;1;4;5;6;7;9,True,0.1,1.0,5.373316557476575,full_preactivation,0.205729,nan,0.156064,5,5.0,1.0,38.18493388992547,2051.797375168903,full,0.0,,0.0,1e-05,False,0.001,200,5,128,5,5,7,2000,0.00,0.00,0.00,1.00,0,completed,11,200,11,0.0,,,none,chua_orig_nint128_bs16_sig0.0_lr1e-03-1e-05_tfp0_ramp200_hLR1_m20_p10_seed11_minsym5_cand2_reducedp3_distfullpre_ga0p1_rseed0,5,200,parent_free_run,default
1.174751,20,10,3,10,5,0.1,,16,0.0151,1.1748,1,models/chua_orig_nint128_bs16_sig0.0_lr1e-03-1e-05_tfp0_ramp200_hLR1_m20_p10_seed29_minsym5_cand1_reducedp3_distretpre_ga0p1_rseed0.pth,0;1;2;3;6;8;9,True,0.1,1.0,0.8114809415630543,retained_preactivation,0.049497,nan,0.041233,5,5.0,1.0,10041.247144590656,81482.80687359757,retained,0.0,,0.0,1e-05,False,0.001,200,5,128,5,5,7,2000,0.00,0.00,0.00,1.00,0,completed,29,200,29,0.0,,,none,chua_orig_nint128_bs16_sig0.0_lr1e-03-1e-05_tfp0_ramp200_hLR1_m20_p10_seed29_minsym5_cand1_reducedp3_distretpre_ga0p1_rseed0,5,200,parent_free_run,default
2.231997,20,10,3,10,4,0.1,,16,0.0101,2.2320,3,models/chua_orig_nint128_bs16_sig0.0_lr1e-03-1e-05_tfp0_ramp200_hLR1_m20_p10_seed13_minsym5_cand3_reducedp3_distfullpre_ga0p1_rseed0.pth,0;2;3;5;6;7;8,True,0.1,1.0,1.420829236887607,full_preactivation,0.628227,nan,0.530304,4,5.0,1.0,57187686.78942725,812539373.803894,full,0.0,,0.0,1e-05,False,0.001,200,5,128,8,5,7,2000,0.00,0.00,0.00,1.00,0,completed,13,200,13,0.0,,,none,chua_orig_nint128_bs16_sig0.0_lr1e-03-1e-05_tfp0_ramp200_hLR1_m20_p10_seed13_minsym5_cand3_reducedp3_distfullpre_ga0p1_rseed0,5,200,parent_free_run,default
1.300050,20,10,3,10,5,0.1,,16,0.0097,1.3000,1,models/chua_orig_nint128_bs16_sig0.0_lr1e-03-1e-05_tfp0_ramp200_hLR1_m20_p10_seed24_minsym5_cand1_reducedp3_distretpre_ga0p1_rseed0.pth,0;1;2;3;5;8;9,True,0.1,1.0,10.654350466049053,retained_preactivation,1770689993268453032591360.000000,nan,8945777474173052911616.000000,5,5.0,1.0,51.734836973790806,5512.010844226905,retained,0.0,,0.0,1e-05,False,0.001,200,5,128,5,5,7,2000,0.00,0.00,0.00,1.00,0,completed,24,200,24,0.0,,,none,chua_orig_nint128_bs16_sig0.0_lr1e-03-1e-05_tfp0_ramp200_hLR1_m20_p10_seed24_minsym5_cand1_reducedp3_distretpre_ga0p1_rseed0,5,200,parent_free_run,default
1.767503,20,10,3,10,4,0.1,,16,0.0158,1.7675,1,models/chua_orig_nint128_bs16_sig0.0_lr1e-03-1e-05_tfp0_ramp200_hLR1_m20_p10_seed23_minsym5_cand1_reducedp3_distfullpre_ga0p1_rseed0.pth,0;1;3;5;6;7;9,True,0.1,1.0,1.6429859884098887,full_preactivation,0.247435,nan,0.189896,4,5.0,1.0,66.15961702524251,1086.993237710394,full,0.0,,0.0,1e-05,False,0.001,200,5,128,6,5,7,2000,0.00,0.00,0.00,1.00,0,completed,23,200,23,0.0,,,none,chua_orig_nint128_bs16_sig0.0_lr1e-03-1e-05_tfp0_ramp200_hLR1_m20_p10_seed23_minsym5_cand1_reducedp3_distfullpre_ga0p1_rseed0,5,200,parent_free_run,default
5.040897,20,10,3,10,4,0.1,,16,0.0209,4.4547,0,models/chua_orig_nint128_bs16_sig0.0_lr1e-03-1e-05_tfp0_ramp200_hLR1_m20_p10_seed22_minsym5_cand0_reducedp3_distfullpre_ga0p1_rseed0.pth,0;2;3;4;5;7;8,True,0.1,1.0,2.1534131862709853,full_preactivation,0.663097,nan,0.470103,1,5.0,1.0,120.95000124643931,2604.553275635766,full,0.0,,0.0,1e-05,False,0.001,200,5,128,5,5,7,2000,0.00,0.00,0.00,1.00,0,completed,22,200,22,0.0,,,none,chua_orig_nint128_bs16_sig0.0_lr1e-03-1e-05_tfp0_ramp200_hLR1_m20_p10_seed22_minsym5_cand0_reducedp3_distfullpre_ga0p1_rseed0,5,200,parent_free_run,default
1.240506,20,10,3,10,5,0.1,,16,0.0106,1.2405,3,models/chua_orig_nint128_bs16_sig0.0_lr1e-03-1e-05_tfp0_ramp200_hLR1_m20_p10_seed7_minsym5_cand3_reducedp3_distfullpre_ga0p1_rseed0.pth,1;4;5;6;7;8;9,True,0.1,1.0,12.715041183457629,full_preactivation,0.173938,nan,0.106378,5,5.0,1.0,82850.68564705727,10534498.80080035,full,0.0,,0.0,1e-05,False,0.001,200,5,128,5,5,7,2000,0.00,0.00,0.00,1.00,0,completed,7,200,7,0.0,,,none,chua_orig_nint128_bs16_sig0.0_lr1e-03-1e-05_tfp0_ramp200_hLR1_m20_p10_seed7_minsym5_cand3_reducedp3_distfullpre_ga0p1_rseed0,5,200,parent_free_run,default
1.247707,20,10,3,10,5,0.1,,16,0.0089,1.2477,3,models/chua_orig_nint128_bs16_sig0.0_lr1e-03-1e-05_tfp0_ramp200_hLR1_m20_p10_seed10_minsym5_cand3_reducedp3_distfullpre_ga0p1_rseed0.pth,0;1;2;4;6;7;8,True,0.1,1.0,6.445233832296154,full_preactivation,0.093142,nan,0.057640,5,5.0,1.0,120.24619399806593,7750.148377611877,full,0.0,,0.0,1e-05,False,0.001,200,5,128,5,5,7,2000,0.00,0.00,0.00,1.00,0,completed,10,200,10,0.0,,,none,chua_orig_nint128_bs16_sig0.0_lr1e-03-1e-05_tfp0_ramp200_hLR1_m20_p10_seed10_minsym5_cand3_reducedp3_distfullpre_ga0p1_rseed0,5,200,parent_free_run,default
1.951117,20,10,3,10,5,0.1,,16,0.0163,1.9511,1,models/chua_orig_nint128_bs16_sig0.0_lr1e-03-1e-05_tfp0_ramp200_hLR1_m20_p10_seed28_minsym5_cand1_reducedp3_distretpre_ga0p1_rseed0.pth,0;1;2;3;6;7;9,True,0.1,1.0,74.30971550773765,retained_preactivation,1.427736,nan,0.221312,5,5.0,1.0,7.582253627277273,5634.351099505603,retained,0.0,,0.0,1e-05,False,0.001,200,5,128,5,5,7,2000,0.00,0.00,0.00,1.00,0,completed,28,200,28,0.0,,,none,chua_orig_nint128_bs16_sig0.0_lr1e-03-1e-05_tfp0_ramp200_hLR1_m20_p10_seed28_minsym5_cand1_reducedp3_distretpre_ga0p1_rseed0,5,200,parent_free_run,default
1.128390,20,10,3,10,5,0.1,,16,0.0073,1.1284,2,models/chua_orig_nint128_bs16_sig0.0_lr1e-03-1e-05_tfp0_ramp200_hLR1_m20_p10_seed26_minsym5_cand2_reducedp3_distretpre_ga0p1_rseed0.pth,0;1;4;5;6;7;9,True,0.1,1.0,1.8248861481631478,retained_preactivation,0.071157,nan,0.056200,5,5.0,1.0,293148581.37456596,5349627855.041227,retained,0.0,,0.0,1e-05,False,0.001,200,5,128,6,5,7,2000,0.00,0.00,0.00,1.00,0,completed,26,200,26,0.0,,,none,chua_orig_nint128_bs16_sig0.0_lr1e-03-1e-05_tfp0_ramp200_hLR1_m20_p10_seed26_minsym5_cand2_reducedp3_distretpre_ga0p1_rseed0,5,200,parent_free_run,default
1.133425,20,10,3,10,5,0.1,,16,0.0088,1.1334,3,models/chua_orig_nint128_bs16_sig0.0_lr1e-03-1e-05_tfp0_ramp200_hLR1_m20_p10_seed25_minsym5_cand3_reducedp3_distretpre_ga0p1_rseed0.pth,0;1;2;4;7;8;9,True,0.1,1.0,1.9407464919724315,retained_preactivation,0.123371,nan,0.101657,5,5.0,1.0,2447437.441766388,47498556.29430099,retained,0.0,,0.0,1e-05,False,0.001,200,5,128,5,5,7,2000,0.00,0.00,0.00,1.00,0,completed,25,200,25,0.0,,,none,chua_orig_nint128_bs16_sig0.0_lr1e-03-1e-05_tfp0_ramp200_hLR1_m20_p10_seed25_minsym5_cand3_reducedp3_distretpre_ga0p1_rseed0,5,200,parent_free_run,default
1.214725,20,10,3,10,5,0.1,,16,0.0063,1.2147,1,models/chua_orig_nint128_bs16_sig0.0_lr1e-03-1e-05_tfp0_ramp200_hLR1_m20_p10_seed25_minsym5_cand1_reducedp3_distretpre_ga0p1_rseed0.pth,0;1;2;3;4;8;9,True,0.1,1.0,1.2070986924091833,retained_preactivation,0.151752,nan,0.137156,5,5.0,1.0,5119069.811602885,61792224.75937166,retained,0.0,,0.0,1e-05,False,0.001,200,5,128,5,5,7,2000,0.00,0.00,0.00,1.00,0,completed,25,200,25,0.0,,,none,chua_orig_nint128_bs16_sig0.0_lr1e-03-1e-05_tfp0_ramp200_hLR1_m20_p10_seed25_minsym5_cand1_reducedp3_distretpre_ga0p1_rseed0,5,200,parent_free_run,default
1.304780,20,10,3,10,5,0.1,,16,0.0161,1.3048,2,models/chua_orig_nint128_bs16_sig0.0_lr1e-03-1e-05_tfp0_ramp200_hLR1_m20_p10_seed25_minsym5_cand2_reducedp3_distretpre_ga0p1_rseed0.pth,0;1;2;4;5;7;8,True,0.1,1.0,1.8059873097275891,retained_preactivation,0.104603,nan,0.082058,5,5.0,1.0,62988.02295674948,1137555.7012471962,retained,0.0,,0.0,1e-05,False,0.001,200,5,128,5,5,7,2000,0.00,0.00,0.00,1.00,0,completed,25,200,25,0.0,,,none,chua_orig_nint128_bs16_sig0.0_lr1e-03-1e-05_tfp0_ramp200_hLR1_m20_p10_seed25_minsym5_cand2_reducedp3_distretpre_ga0p1_rseed0,5,200,parent_free_run,default
1.650308,20,10,3,10,5,0.1,,16,0.0130,1.6503,4,models/chua_orig_nint128_bs16_sig0.0_lr1e-03-1e-05_tfp0_ramp200_hLR1_m20_p10_seed25_minsym5_cand4_reducedp3_distretpre_ga0p1_rseed0.pth,0;2;3;4;5;8;9,True,0.1,1.0,2.2495264195522338,retained_preactivation,0.205151,nan,0.161057,5,5.0,1.0,56289.53273478116,1266247.910311405,retained,0.0,,0.0,1e-05,False,0.001,200,5,128,5,5,7,2000,0.00,0.00,0.00,1.00,0,completed,25,200,25,0.0,,,none,chua_orig_nint128_bs16_sig0.0_lr1e-03-1e-05_tfp0_ramp200_hLR1_m20_p10_seed25_minsym5_cand4_reducedp3_distretpre_ga0p1_rseed0,5,200,parent_free_run,default
1.340665,20,10,3,10,5,0.1,,16,0.0102,1.3407,3,models/chua_orig_nint128_bs16_sig0.0_lr1e-03-1e-05_tfp0_ramp200_hLR1_m20_p10_seed24_minsym5_cand3_reducedp3_distretpre_ga0p1_rseed0.pth,0;1;2;3;7;8;9,True,0.1,1.0,2.4174287791127016,retained_preactivation,0.177186,nan,0.137196,5,5.0,1.0,792.5981504678143,19160.495792123962,retained,0.0,,0.0,1e-05,False,0.001,200,5,128,5,5,7,2000,0.00,0.00,0.00,1.00,0,completed,24,200,24,0.0,,,none,chua_orig_nint128_bs16_sig0.0_lr1e-03-1e-05_tfp0_ramp200_hLR1_m20_p10_seed24_minsym5_cand3_reducedp3_distretpre_ga0p1_rseed0,5,200,parent_free_run,default
9.160945,20,10,3,10,2,0.1,,16,0.0574,7.7781,5,models/chua_orig_nint128_bs16_sig0.0_lr1e-03-1e-05_tfp0_ramp200_hLR1_m20_p10_seed26_minsym5_cand5_reducedp3_distretpre_ga0p1_rseed0.pth,0;2;3;4;6;8;9,True,0.1,1.0,0.31681277532805496,retained_preactivation,1.208119,nan,1.177900,1,5.0,1.0,5410374732.63329,17140758346.10336,retained,0.0,,0.0,1e-05,False,0.001,200,5,128,3,5,7,2000,0.00,0.00,0.00,1.00,0,completed,26,200,26,0.0,,,none,chua_orig_nint128_bs16_sig0.0_lr1e-03-1e-05_tfp0_ramp200_hLR1_m20_p10_seed26_minsym5_cand5_reducedp3_distretpre_ga0p1_rseed0,5,200,parent_free_run,default
1.321772,20,10,3,10,5,0.1,,16,0.0110,1.3218,0,models/chua_orig_nint128_bs16_sig0.0_lr1e-03-1e-05_tfp0_ramp200_hLR1_m20_p10_seed28_minsym5_cand0_reducedp3_distretpre_ga0p1_rseed0.pth,0;1;2;3;5;6;9,True,0.1,1.0,4.941528136521575,retained_preactivation,0.194791,nan,0.142811,5,5.0,1.0,10.792057182482887,533.2925421819389,retained,0.0,,0.0,1e-05,False,0.001,200,5,128,5,5,7,2000,0.00,0.00,0.00,1.00,0,completed,28,200,28,0.0,,,none,chua_orig_nint128_bs16_sig0.0_lr1e-03-1e-05_tfp0_ramp200_hLR1_m20_p10_seed28_minsym5_cand0_reducedp3_distretpre_ga0p1_rseed0,5,200,parent_free_run,default
1.403453,20,10,3,10,5,0.1,,16,0.0075,1.4035,2,models/chua_orig_nint128_bs16_sig0.0_lr1e-03-1e-05_tfp0_ramp200_hLR1_m20_p10_seed28_minsym5_cand2_reducedp3_distretpre_ga0p1_rseed0.pth,0;1;2;5;6;7;9,True,0.1,1.0,10.582254686565669,retained_preactivation,0.199405,nan,0.099390,5,5.0,1.0,3348.732255896205,354371.37609011255,retained,0.0,,0.0,1e-05,False,0.001,200,5,128,5,5,7,2000,0.00,0.00,0.00,1.00,0,completed,28,200,28,0.0,,,none,chua_orig_nint128_bs16_sig0.0_lr1e-03-1e-05_tfp0_ramp200_hLR1_m20_p10_seed28_minsym5_cand2_reducedp3_distretpre_ga0p1_rseed0,5,200,parent_free_run,default
5.409241,20,10,3,10,4,0.1,,16,0.0308,4.4875,4,models/chua_orig_nint128_bs16_sig0.0_lr1e-03-1e-05_tfp0_ramp200_hLR1_m20_p10_seed26_minsym5_cand4_reducedp3_distretpre_ga0p1_rseed0.pth,0;2;3;4;5;6;9,True,0.1,1.0,0.9288900765000043,retained_preactivation,0.726298,nan,0.603468,3,5.0,1.0,939346998.3087877,8725501051.190992,retained,0.0,,0.0,1e-05,False,0.001,200,5,128,8,5,7,2000,0.00,0.00,0.00,1.00,0,completed,26,200,26,0.0,,,none,chua_orig_nint128_bs16_sig0.0_lr1e-03-1e-05_tfp0_ramp200_hLR1_m20_p10_seed26_minsym5_cand4_reducedp3_distretpre_ga0p1_rseed0,5,200,parent_free_run,default
1.160109,20,10,3,10,5,0.1,,16,0.0064,1.1601,0,models/chua_orig_nint128_bs16_sig0.0_lr1e-03-1e-05_tfp0_ramp200_hLR1_m20_p10_seed29_minsym5_cand0_reducedp3_distretpre_ga0p1_rseed0.pth,0;1;2;3;5;8;9,True,0.1,1.0,2.98547778021923,retained_preactivation,0.098760,nan,0.062756,5,5.0,1.0,66.95003582338795,1998.7784433560914,retained,0.0,,0.0,1e-05,False,0.001,200,5,128,5,5,7,2000,0.00,0.00,0.00,1.00,0,completed,29,200,29,0.0,,,none,chua_orig_nint128_bs16_sig0.0_lr1e-03-1e-05_tfp0_ramp200_hLR1_m20_p10_seed29_minsym5_cand0_reducedp3_distretpre_ga0p1_rseed0,5,200,parent_free_run,default
1.330064,20,10,3,10,5,0.1,,16,0.0093,1.3301,5,models/chua_orig_nint128_bs16_sig0.0_lr1e-03-1e-05_tfp0_ramp200_hLR1_m20_p10_seed24_minsym5_cand5_reducedp3_distretpre_ga0p1_rseed0.pth,0;1;2;5;7;8;9,True,0.1,1.0,5.8992545098055,retained_preactivation,0.139609,nan,0.098240,5,5.0,1.0,383.9380268315,22649.48136271557,retained,0.0,,0.0,1e-05,False,0.001,200,5,128,5,5,7,2000,0.00,0.00,0.00,1.00,0,completed,24,200,24,0.0,,,none,chua_orig_nint128_bs16_sig0.0_lr1e-03-1e-05_tfp0_ramp200_hLR1_m20_p10_seed24_minsym5_cand5_reducedp3_distretpre_ga0p1_rseed0,5,200,parent_free_run,default
1.828879,20,10,3,10,5,0.1,,16,0.0086,1.8289,2,models/chua_orig_nint128_bs16_sig0.0_lr1e-03-1e-05_tfp0_ramp200_hLR1_m20_p10_seed29_minsym5_cand2_reducedp3_distretpre_ga0p1_rseed0.pth,1;2;3;5;6;8;9,True,0.1,1.0,10.521186903164178,retained_preactivation,0.334720,nan,0.131713,5,5.0,1.0,15.230090762523531,1602.3863146467481,retained,0.0,,0.0,1e-05,False,0.001,200,5,128,5,5,7,2000,0.00,0.00,0.00,1.00,0,completed,29,200,29,0.0,,,none,chua_orig_nint128_bs16_sig0.0_lr1e-03-1e-05_tfp0_ramp200_hLR1_m20_p10_seed29_minsym5_cand2_reducedp3_distretpre_ga0p1_rseed0,5,200,parent_free_run,default
1.339551,20,10,3,10,5,0.1,,16,0.0129,1.3164,4,models/chua_orig_nint128_bs16_sig0.0_lr1e-03-1e-05_tfp0_ramp200_hLR1_m20_p10_seed24_minsym5_cand4_reducedp3_distretpre_ga0p1_rseed0.pth,0;1;2;5;6;7;9,True,0.1,1.0,4.7249328710841105,retained_preactivation,0.150924,nan,0.111407,4,5.0,1.0,1274.3056210807392,60210.08516851641,retained,0.0,,0.0,1e-05,False,0.001,200,5,128,5,5,7,2000,0.00,0.00,0.00,1.00,0,completed,24,200,24,0.0,,,none,chua_orig_nint128_bs16_sig0.0_lr1e-03-1e-05_tfp0_ramp200_hLR1_m20_p10_seed24_minsym5_cand4_reducedp3_distretpre_ga0p1_rseed0,5,200,parent_free_run,default
3.893017,20,10,3,10,5,0.1,,16,0.0226,3.8433,3,models/chua_orig_nint128_bs16_sig0.0_lr1e-03-1e-05_tfp0_ramp200_hLR1_m20_p10_seed26_minsym5_cand3_reducedp3_distretpre_ga0p1_rseed0.pth,0;1;4;6;7;8;9,True,0.1,1.0,4.329383373014121,retained_preactivation,0.474320,nan,0.343453,4,5.0,1.0,160250003.15404698,6937836991.805914,retained,0.0,,0.0,1e-05,False,0.001,200,5,128,5,5,7,2000,0.00,0.00,0.00,1.00,0,completed,26,200,26,0.0,,,none,chua_orig_nint128_bs16_sig0.0_lr1e-03-1e-05_tfp0_ramp200_hLR1_m20_p10_seed26_minsym5_cand3_reducedp3_distretpre_ga0p1_rseed0,5,200,parent_free_run,default
3.616791,20,10,3,10,3,0.1,,16,0.0236,3.6168,6,models/chua_orig_nint128_bs16_sig0.0_lr1e-03-1e-05_tfp0_ramp200_hLR1_m20_p10_seed15_minsym5_cand6_reducedp3_distretpre_ga0p1_rseed0.pth,2;3;5;6;7;8;9,True,0.1,1.0,6.864183879258459,retained_preactivation,1.293345,nan,0.946168,2,5.0,1.0,1002.1375128826196,68788.5616072905,retained,0.0,,0.0,1e-05,False,0.001,200,5,128,6,5,7,2000,0.00,0.00,0.00,1.00,0,completed,15,200,15,0.0,,,none,chua_orig_nint128_bs16_sig0.0_lr1e-03-1e-05_tfp0_ramp200_hLR1_m20_p10_seed15_minsym5_cand6_reducedp3_distretpre_ga0p1_rseed0,5,200,parent_free_run,default
1.220330,20,10,3,10,5,0.1,,16,0.0109,1.2203,5,models/chua_orig_nint128_bs16_sig0.0_lr1e-03-1e-05_tfp0_ramp200_hLR1_m20_p10_seed25_minsym5_cand5_reducedp3_distretpre_ga0p1_rseed0.pth,0;2;4;5;7;8;9,True,0.1,1.0,1.6980731348192577,retained_preactivation,0.104814,nan,0.081528,5,5.0,1.0,343523.2364542463,5833275.7900911905,retained,0.0,,0.0,1e-05,False,0.001,200,5,128,5,5,7,2000,0.00,0.00,0.00,1.00,0,completed,25,200,25,0.0,,,none,chua_orig_nint128_bs16_sig0.0_lr1e-03-1e-05_tfp0_ramp200_hLR1_m20_p10_seed25_minsym5_cand5_reducedp3_distretpre_ga0p1_rseed0,5,200,parent_free_run,default
1.446460,20,10,3,10,5,0.1,,16,0.0142,1.3707,6,models/chua_orig_nint128_bs16_sig0.0_lr1e-03-1e-05_tfp0_ramp200_hLR1_m20_p10_seed13_minsym5_cand6_reducedp3_distretpre_ga0p1_rseed0.pth,1;2;3;5;7;8;9,True,0.1,1.0,2.471636194367094,retained_preactivation,0.056049,nan,0.039184,5,5.0,1.0,3.201272209973729,79.12380262195076,retained,0.0,,0.0,1e-05,False,0.001,200,5,128,5,5,7,2000,0.00,0.00,0.00,1.00,0,completed,13,200,13,0.0,,,none,chua_orig_nint128_bs16_sig0.0_lr1e-03-1e-05_tfp0_ramp200_hLR1_m20_p10_seed13_minsym5_cand6_reducedp3_distretpre_ga0p1_rseed0,5,200,parent_free_run,default
1.134445,20,10,3,10,5,0.1,,16,0.0055,1.1344,7,models/chua_orig_nint128_bs16_sig0.0_lr1e-03-1e-05_tfp0_ramp200_hLR1_m20_p10_seed13_minsym5_cand7_reducedp3_distretpre_ga0p1_rseed0.pth,2;3;5;6;7;8;9,True,0.1,1.0,1.3873646495483332,retained_preactivation,0.069537,nan,0.055473,5,5.0,1.0,5.443984596308604,75.52791781605598,retained,0.0,,0.0,1e-05,False,0.001,200,5,128,5,5,7,2000,0.00,0.00,0.00,1.00,0,completed,13,200,13,0.0,,,none,chua_orig_nint128_bs16_sig0.0_lr1e-03-1e-05_tfp0_ramp200_hLR1_m20_p10_seed13_minsym5_cand7_reducedp3_distretpre_ga0p1_rseed0,5,200,parent_free_run,default
1.496199,20,10,3,10,5,0.1,,16,0.0066,1.4962,3,models/chua_orig_nint128_bs16_sig0.0_lr1e-03-1e-05_tfp0_ramp200_hLR1_m20_p10_seed11_minsym5_cand3_reducedp3_distfullpre_ga0p1_rseed0.pth,0;3;4;5;6;8;9,True,0.1,1.0,10.707815150627786,full_preactivation,0.206118,nan,0.121933,5,5.0,1.0,45.43434186661738,4865.025341981786,full,0.0,,0.0,1e-05,False,0.001,200,5,128,5,5,7,2000,0.00,0.00,0.00,1.00,0,completed,11,200,11,0.0,,,none,chua_orig_nint128_bs16_sig0.0_lr1e-03-1e-05_tfp0_ramp200_hLR1_m20_p10_seed11_minsym5_cand3_reducedp3_distfullpre_ga0p1_rseed0,5,200,parent_free_run,default
6.140239,20,10,4,10,3,0.1,,16,0.0119,6.1402,6,models/chua_orig_nint128_bs16_sig0.0_lr1e-03-1e-05_tfp0_ramp200_hLR1_m20_p10_seed6_minsym5_cand6_reducedp4_distretpre_ga0p1_rseed0.pth,0;2;4;5;7;9,True,0.1,1.0,3.052238469403122,retained_preactivation,0.530275,nan,0.400926,3,5.0,1.0,345505.827539855,10545661.78220106,retained,0.0,,0.0,1e-05,False,0.001,200,5,128,15,5,6,2000,0.00,0.00,0.00,1.00,0,completed,6,200,6,0.0,,,none,chua_orig_nint128_bs16_sig0.0_lr1e-03-1e-05_tfp0_ramp200_hLR1_m20_p10_seed6_minsym5_cand6_reducedp4_distretpre_ga0p1_rseed0,5,200,parent_free_run,default
1.439893,20,10,4,10,5,0.1,,16,0.0067,1.4399,7,models/chua_orig_nint128_bs16_sig0.0_lr1e-03-1e-05_tfp0_ramp200_hLR1_m20_p10_seed6_minsym5_cand7_reducedp4_distretpre_ga0p1_rseed0.pth,0;4;5;7;8;9,True,0.1,1.0,2.259194766838254,retained_preactivation,0.060345,nan,0.031949,5,5.0,1.0,358074.66930795315,8089604.190378661,retained,0.0,,0.0,1e-05,False,0.001,200,5,128,6,5,6,2000,0.00,0.00,0.00,1.00,0,completed,6,200,6,0.0,,,none,chua_orig_nint128_bs16_sig0.0_lr1e-03-1e-05_tfp0_ramp200_hLR1_m20_p10_seed6_minsym5_cand7_reducedp4_distretpre_ga0p1_rseed0,5,200,parent_free_run,default
1.395349,20,10,3,10,5,0.1,,16,0.0079,1.3953,2,models/chua_orig_nint128_bs16_sig0.0_lr1e-03-1e-05_tfp0_ramp200_hLR1_m20_p10_seed18_minsym5_cand2_reducedp3_distfullpre_ga0p1_rseed0.pth,0;1;2;3;4;6;7,True,0.1,1.0,4.618310022546094,full_preactivation,0.189549,nan,0.144503,5,5.0,1.0,10667858.277525812,492674768.0219877,full,0.0,,0.0,1e-05,False,0.001,200,5,128,5,5,7,2000,0.00,0.00,0.00,1.00,0,completed,18,200,18,0.0,,,none,chua_orig_nint128_bs16_sig0.0_lr1e-03-1e-05_tfp0_ramp200_hLR1_m20_p10_seed18_minsym5_cand2_reducedp3_distfullpre_ga0p1_rseed0,5,200,parent_free_run,default
1.383452,20,10,3,10,5,0.1,,16,0.0079,1.3835,1,models/chua_orig_nint128_bs16_sig0.0_lr1e-03-1e-05_tfp0_ramp200_hLR1_m20_p10_seed21_minsym5_cand1_reducedp3_distfullpre_ga0p1_rseed0.pth,0;1;3;4;5;8;9,True,0.1,1.0,1.2515502274784815,full_preactivation,0.182065,nan,0.152536,5,5.0,1.0,239336.0732860803,2995411.1696500033,full,0.0,,0.0,1e-05,False,0.001,200,5,128,5,5,7,2000,0.00,0.00,0.00,1.00,0,completed,21,200,21,0.0,,,none,chua_orig_nint128_bs16_sig0.0_lr1e-03-1e-05_tfp0_ramp200_hLR1_m20_p10_seed21_minsym5_cand1_reducedp3_distfullpre_ga0p1_rseed0,5,200,parent_free_run,default
13.663624,20,10,3,10,4,0.1,,16,0.0471,5.8348,2,models/chua_orig_nint128_bs16_sig0.0_lr1e-03-1e-05_tfp0_ramp200_hLR1_m20_p10_seed20_minsym5_cand2_reducedp3_distfullpre_ga0p1_rseed0.pth,1;2;3;4;5;7;8,True,0.1,1.0,1.2585624997257197,full_preactivation,3.149310,nan,2.747616,0,5.0,1.0,49181716.39300833,618982639.2438596,full,0.0,,0.0,1e-05,False,0.001,200,5,128,5,5,7,2000,0.00,0.00,0.00,1.00,0,completed,20,200,20,0.0,,,none,chua_orig_nint128_bs16_sig0.0_lr1e-03-1e-05_tfp0_ramp200_hLR1_m20_p10_seed20_minsym5_cand2_reducedp3_distfullpre_ga0p1_rseed0,5,200,parent_free_run,default
9.270626,20,10,3,10,4,0.1,,16,0.0220,7.9523,2,models/chua_orig_nint128_bs16_sig0.0_lr1e-03-1e-05_tfp0_ramp200_hLR1_m20_p10_seed22_minsym5_cand2_reducedp3_distfullpre_ga0p1_rseed0.pth,0;2;3;4;7;8;9,True,0.1,1.0,1.6486418681374797,full_preactivation,145037.078125,nan,50627.953125,3,5.0,1.0,181.69830474902466,2995.5543257884674,full,0.0,,0.0,1e-05,False,0.001,200,5,128,8,5,7,2000,0.00,0.00,0.00,1.00,0,completed,22,200,22,0.0,,,none,chua_orig_nint128_bs16_sig0.0_lr1e-03-1e-05_tfp0_ramp200_hLR1_m20_p10_seed22_minsym5_cand2_reducedp3_distfullpre_ga0p1_rseed0,5,200,parent_free_run,default
1.268759,20,10,3,10,5,0.1,,16,0.0103,1.2688,2,models/chua_orig_nint128_bs16_sig0.0_lr1e-03-1e-05_tfp0_ramp200_hLR1_m20_p10_seed23_minsym5_cand2_reducedp3_distfullpre_ga0p1_rseed0.pth,0;1;4;5;6;7;9,True,0.1,1.0,3.4681329496007245,full_preactivation,0.165328,nan,0.120340,5,5.0,1.0,4749.786945879783,164728.9261058907,full,0.0,,0.0,1e-05,False,0.001,200,5,128,5,5,7,2000,0.00,0.00,0.00,1.00,0,completed,23,200,23,0.0,,,none,chua_orig_nint128_bs16_sig0.0_lr1e-03-1e-05_tfp0_ramp200_hLR1_m20_p10_seed23_minsym5_cand2_reducedp3_distfullpre_ga0p1_rseed0,5,200,parent_free_run,default
1.354789,20,10,4,10,5,0.1,,16,0.0105,1.3548,5,models/chua_orig_nint128_bs16_sig0.0_lr1e-03-1e-05_tfp0_ramp200_hLR1_m20_p10_seed6_minsym5_cand5_reducedp4_distfullpre_ga0p1_rseed0.pth,0;1;5;7;8;9,True,0.1,1.0,8.076973408150943,full_preactivation,0.104614,nan,0.058238,5,5.0,1.0,47664.957400589374,3849885.9342520786,full,0.0,,0.0,1e-05,False,0.001,200,5,128,13,5,6,2000,0.00,0.00,0.00,1.00,0,completed,6,200,6,0.0,,,none,chua_orig_nint128_bs16_sig0.0_lr1e-03-1e-05_tfp0_ramp200_hLR1_m20_p10_seed6_minsym5_cand5_reducedp4_distfullpre_ga0p1_rseed0,5,200,parent_free_run,default
8.896660,20,10,3,10,2,0.1,,16,0.0419,8.2672,4,models/chua_orig_nint128_bs16_sig0.0_lr1e-03-1e-05_tfp0_ramp200_hLR1_m20_p10_seed10_minsym5_cand4_reducedp3_distfullpre_ga0p1_rseed0.pth,0;1;2;5;6;7;8,True,0.1,1.0,6.494847894264015,full_preactivation,2.219124,nan,1.645671,0,5.0,1.0,119.38278974911438,7753.730606134056,full,0.0,,0.0,1e-05,False,0.001,200,5,128,4,5,7,2000,0.00,0.00,0.00,1.00,0,completed,10,200,10,0.0,,,none,chua_orig_nint128_bs16_sig0.0_lr1e-03-1e-05_tfp0_ramp200_hLR1_m20_p10_seed10_minsym5_cand4_reducedp3_distfullpre_ga0p1_rseed0,5,200,parent_free_run,default
3.016681,20,10,3,10,5,0.1,,16,0.0131,2.2585,3,models/chua_orig_nint128_bs16_sig0.0_lr1e-03-1e-05_tfp0_ramp200_hLR1_m20_p10_seed15_minsym5_cand3_reducedp3_distfullpre_ga0p1_rseed0.pth,0;2;3;5;7;8;9,True,0.1,1.0,3.0079943444477615,full_preactivation,0.814379,nan,0.561823,2,5.0,1.0,1796.6192217411256,54042.20458123447,full,0.0,,0.0,1e-05,False,0.001,200,5,128,7,5,7,2000,0.00,0.00,0.00,1.00,0,completed,15,200,15,0.0,,,none,chua_orig_nint128_bs16_sig0.0_lr1e-03-1e-05_tfp0_ramp200_hLR1_m20_p10_seed15_minsym5_cand3_reducedp3_distfullpre_ga0p1_rseed0,5,200,parent_free_run,default
3.348764,20,10,3,10,3,0.1,,16,0.0309,3.3488,3,models/chua_orig_nint128_bs16_sig0.0_lr1e-03-1e-05_tfp0_ramp200_hLR1_m20_p10_seed14_minsym5_cand3_reducedp3_distfullpre_ga0p1_rseed0.pth,0;1;5;6;7;8;9,True,0.1,1.0,8.530238542853926,full_preactivation,1.514363,nan,1.083462,1,5.0,1.0,81.61559724029853,6962.005132772454,full,0.0,,0.0,1e-05,False,0.001,200,5,128,6,5,7,2000,0.00,0.00,0.00,1.00,0,completed,14,200,14,0.0,,,none,chua_orig_nint128_bs16_sig0.0_lr1e-03-1e-05_tfp0_ramp200_hLR1_m20_p10_seed14_minsym5_cand3_reducedp3_distfullpre_ga0p1_rseed0,5,200,parent_free_run,default
1.275288,20,10,3,10,5,0.1,,16,0.0128,1.2753,3,models/chua_orig_nint128_bs16_sig0.0_lr1e-03-1e-05_tfp0_ramp200_hLR1_m20_p10_seed18_minsym5_cand3_reducedp3_distfullpre_ga0p1_rseed0.pth,0;1;2;3;4;6;9,True,0.1,1.0,6.905566879020547,full_preactivation,0.255010,nan,0.183073,5,5.0,1.0,2068379.0079306066,142833295.70426974,full,0.0,,0.0,1e-05,False,0.001,200,5,128,5,5,7,2000,0.00,0.00,0.00,1.00,0,completed,18,200,18,0.0,,,none,chua_orig_nint128_bs16_sig0.0_lr1e-03-1e-05_tfp0_ramp200_hLR1_m20_p10_seed18_minsym5_cand3_reducedp3_distfullpre_ga0p1_rseed0,5,200,parent_free_run,default
1.397196,20,10,3,10,5,0.1,,16,0.0081,1.3972,2,models/chua_orig_nint128_bs16_sig0.0_lr1e-03-1e-05_tfp0_ramp200_hLR1_m20_p10_seed21_minsym5_cand2_reducedp3_distfullpre_ga0p1_rseed0.pth,0;1;3;4;6;8;9,True,0.1,1.0,2.824718639461258,full_preactivation,0.156543,nan,0.116424,5,5.0,1.0,7210.250951065695,203669.3025666853,full,0.0,,0.0,1e-05,False,0.001,200,5,128,5,5,7,2000,0.00,0.00,0.00,1.00,0,completed,21,200,21,0.0,,,none,chua_orig_nint128_bs16_sig0.0_lr1e-03-1e-05_tfp0_ramp200_hLR1_m20_p10_seed21_minsym5_cand2_reducedp3_distfullpre_ga0p1_rseed0,5,200,parent_free_run,default
5.474824,20,10,3,10,4,0.1,,16,0.0344,4.7206,4,models/chua_orig_nint128_bs16_sig0.0_lr1e-03-1e-05_tfp0_ramp200_hLR1_m20_p10_seed13_minsym5_cand4_reducedp3_distfullpre_ga0p1_rseed0.pth,0;2;5;6;7;8;9,True,0.1,1.0,1.4111779649921885,full_preactivation,5.083178,nan,4.458815,2,5.0,1.0,10564411.37473319,149082645.4513631,full,0.0,,0.0,1e-05,False,0.001,200,5,128,8,5,7,2000,0.00,0.00,0.00,1.00,0,completed,13,200,13,0.0,,,none,chua_orig_nint128_bs16_sig0.0_lr1e-03-1e-05_tfp0_ramp200_hLR1_m20_p10_seed13_minsym5_cand4_reducedp3_distfullpre_ga0p1_rseed0,5,200,parent_free_run,default
1.367336,20,10,3,10,5,0.1,,16,0.0133,1.3673,4,models/chua_orig_nint128_bs16_sig0.0_lr1e-03-1e-05_tfp0_ramp200_hLR1_m20_p10_seed11_minsym5_cand4_reducedp3_distfullpre_ga0p1_rseed0.pth,0;3;5;6;7;8;9,True,0.1,1.0,11.012284993257392,full_preactivation,0.162630,nan,0.098073,5,5.0,1.0,44.34029238919773,4882.879364742181,full,0.0,,0.0,1e-05,False,0.001,200,5,128,5,5,7,2000,0.00,0.00,0.00,1.00,0,completed,11,200,11,0.0,,,none,chua_orig_nint128_bs16_sig0.0_lr1e-03-1e-05_tfp0_ramp200_hLR1_m20_p10_seed11_minsym5_cand4_reducedp3_distfullpre_ga0p1_rseed0,5,200,parent_free_run,default
1.267666,20,10,3,10,5,0.1,,16,0.0044,1.2677,5,models/chua_orig_nint128_bs16_sig0.0_lr1e-03-1e-05_tfp0_ramp200_hLR1_m20_p10_seed10_minsym5_cand5_reducedp3_distfullpre_ga0p1_rseed0.pth,0;1;3;4;5;6;7,True,0.1,1.0,6.808486395804959,full_preactivation,0.152853,nan,0.097912,5,5.0,1.0,98.43036994421975,6701.618346992762,full,0.0,,0.0,1e-05,False,0.001,200,5,128,5,5,7,2000,0.00,0.00,0.00,1.00,0,completed,10,200,10,0.0,,,none,chua_orig_nint128_bs16_sig0.0_lr1e-03-1e-05_tfp0_ramp200_hLR1_m20_p10_seed10_minsym5_cand5_reducedp3_distfullpre_ga0p1_rseed0,5,200,parent_free_run,default
11.713058,20,10,3,10,5,0.1,,16,0.0429,8.8020,3,models/chua_orig_nint128_bs16_sig0.0_lr1e-03-1e-05_tfp0_ramp200_hLR1_m20_p10_seed17_minsym5_cand3_reducedp3_distfullpre_ga0p1_rseed0.pth,0;2;3;4;7;8;9,True,0.1,1.0,1.3465841064909152,full_preactivation,12.008938,nan,10.787400,3,5.0,1.0,364.10039921429336,4902.918107489661,full,0.0,,0.0,1e-05,False,0.001,200,5,128,8,5,7,2000,0.00,0.00,0.00,1.00,0,completed,17,200,17,0.0,,,none,chua_orig_nint128_bs16_sig0.0_lr1e-03-1e-05_tfp0_ramp200_hLR1_m20_p10_seed17_minsym5_cand3_reducedp3_distfullpre_ga0p1_rseed0,5,200,parent_free_run,default
4.912789,20,10,3,10,3,0.1,,16,0.0166,4.0187,5,models/chua_orig_nint128_bs16_sig0.0_lr1e-03-1e-05_tfp0_ramp200_hLR1_m20_p10_seed13_minsym5_cand5_reducedp3_distfullpre_ga0p1_rseed0.pth,0;3;5;6;7;8;9,True,0.1,1.0,1.218605374093433,full_preactivation,0.515571,nan,0.405634,1,5.0,1.0,6805402.941771487,82931005.97713992,full,0.0,,0.0,1e-05,False,0.001,200,5,128,7,5,7,2000,0.00,0.00,0.00,1.00,0,completed,13,200,13,0.0,,,none,chua_orig_nint128_bs16_sig0.0_lr1e-03-1e-05_tfp0_ramp200_hLR1_m20_p10_seed13_minsym5_cand5_reducedp3_distfullpre_ga0p1_rseed0,5,200,parent_free_run,default
3.997667,20,10,3,10,3,0.1,,16,0.0477,3.9977,4,models/chua_orig_nint128_bs16_sig0.0_lr1e-03-1e-05_tfp0_ramp200_hLR1_m20_p10_seed14_minsym5_cand4_reducedp3_distfullpre_ga0p1_rseed0.pth,0;2;5;6;7;8;9,True,0.1,1.0,6.868504159844479,full_preactivation,1.440932,nan,1.080707,1,5.0,1.0,108.61380839227635,7460.143947589081,full,0.0,,0.0,1e-05,False,0.001,200,5,128,6,5,7,2000,0.00,0.00,0.00,1.00,0,completed,14,200,14,0.0,,,none,chua_orig_nint128_bs16_sig0.0_lr1e-03-1e-05_tfp0_ramp200_hLR1_m20_p10_seed14_minsym5_cand4_reducedp3_distfullpre_ga0p1_rseed0,5,200,parent_free_run,default
4.988072,20,10,3,10,3,0.1,,16,0.0167,4.4160,4,models/chua_orig_nint128_bs16_sig0.0_lr1e-03-1e-05_tfp0_ramp200_hLR1_m20_p10_seed17_minsym5_cand4_reducedp3_distfullpre_ga0p1_rseed0.pth,1;2;3;5;7;8;9,True,0.1,1.0,7.954607334480049,full_preactivation,1.524677,nan,1.033919,2,5.0,1.0,99.94759655229129,7950.43884598517,full,0.0,,0.0,1e-05,False,0.001,200,5,128,6,5,7,2000,0.00,0.00,0.00,1.00,0,completed,17,200,17,0.0,,,none,chua_orig_nint128_bs16_sig0.0_lr1e-03-1e-05_tfp0_ramp200_hLR1_m20_p10_seed17_minsym5_cand4_reducedp3_distfullpre_ga0p1_rseed0,5,200,parent_free_run,default
3.686177,20,10,3,10,3,0.1,,16,0.0188,3.6862,4,models/chua_orig_nint128_bs16_sig0.0_lr1e-03-1e-05_tfp0_ramp200_hLR1_m20_p10_seed15_minsym5_cand4_reducedp3_distfullpre_ga0p1_rseed0.pth,0;2;5;6;7;8;9,True,0.1,1.0,2.2444126180607062,full_preactivation,1.181501,nan,0.904156,3,5.0,1.0,278.8940821487921,6259.533970772105,full,0.0,,0.0,1e-05,False,0.001,200,5,128,6,5,7,2000,0.00,0.00,0.00,1.00,0,completed,15,200,15,0.0,,,none,chua_orig_nint128_bs16_sig0.0_lr1e-03-1e-05_tfp0_ramp200_hLR1_m20_p10_seed15_minsym5_cand4_reducedp3_distfullpre_ga0p1_rseed0,5,200,parent_free_run,default
5.660719,20,10,3,10,2,0.1,,16,0.0250,3.2273,3,models/chua_orig_nint128_bs16_sig0.0_lr1e-03-1e-05_tfp0_ramp200_hLR1_m20_p10_seed22_minsym5_cand3_reducedp3_distfullpre_ga0p1_rseed0.pth,0;2;3;5;7;8;9,True,0.1,1.0,2.3887387483493483,full_preactivation,0.690951,nan,0.498801,2,5.0,1.0,224.33437023329427,5358.76202762821,full,0.0,,0.0,1e-05,False,0.001,200,5,128,7,5,7,2000,0.00,0.00,0.00,1.00,0,completed,22,200,22,0.0,,,none,chua_orig_nint128_bs16_sig0.0_lr1e-03-1e-05_tfp0_ramp200_hLR1_m20_p10_seed22_minsym5_cand3_reducedp3_distfullpre_ga0p1_rseed0,5,200,parent_free_run,default
1.303435,20,10,3,10,5,0.1,,16,0.0087,1.3034,3,models/chua_orig_nint128_bs16_sig0.0_lr1e-03-1e-05_tfp0_ramp200_hLR1_m20_p10_seed21_minsym5_cand3_reducedp3_distfullpre_ga0p1_rseed0.pth,0;3;4;5;6;8;9,True,0.1,1.0,2.1231737278908818,full_preactivation,0.164294,nan,0.128495,5,5.0,1.0,172853.85120962738,3669987.5565304034,full,0.0,,0.0,1e-05,False,0.001,200,5,128,5,5,7,2000,0.00,0.00,0.00,1.00,0,completed,21,200,21,0.0,,,none,chua_orig_nint128_bs16_sig0.0_lr1e-03-1e-05_tfp0_ramp200_hLR1_m20_p10_seed21_minsym5_cand3_reducedp3_distfullpre_ga0p1_rseed0,5,200,parent_free_run,default
1.452845,20,10,3,10,5,0.1,,16,0.0116,1.4528,5,models/chua_orig_nint128_bs16_sig0.0_lr1e-03-1e-05_tfp0_ramp200_hLR1_m20_p10_seed11_minsym5_cand5_reducedp3_distfullpre_ga0p1_rseed0.pth,0;4;5;6;7;8;9,True,0.1,1.0,12.114695136533747,full_preactivation,0.263251,nan,0.155205,5,5.0,1.0,39.61175797195709,4798.843716524326,full,0.0,,0.0,1e-05,False,0.001,200,5,128,5,5,7,2000,0.00,0.00,0.00,1.00,0,completed,11,200,11,0.0,,,none,chua_orig_nint128_bs16_sig0.0_lr1e-03-1e-05_tfp0_ramp200_hLR1_m20_p10_seed11_minsym5_cand5_reducedp3_distfullpre_ga0p1_rseed0,5,200,parent_free_run,default
1.313634,20,10,3,10,5,0.1,,16,0.0124,1.3136,5,models/chua_orig_nint128_bs16_sig0.0_lr1e-03-1e-05_tfp0_ramp200_hLR1_m20_p10_seed18_minsym5_cand5_reducedp3_distfullpre_ga0p1_rseed0.pth,0;1;3;4;6;7;9,True,0.1,1.0,6.916007447224646,full_preactivation,0.215030,nan,0.155315,4,5.0,1.0,2166053.775819982,149804440.4466006,full,0.0,,0.0,1e-05,False,0.001,200,5,128,5,5,7,2000,0.00,0.00,0.00,1.00,0,completed,18,200,18,0.0,,,none,chua_orig_nint128_bs16_sig0.0_lr1e-03-1e-05_tfp0_ramp200_hLR1_m20_p10_seed18_minsym5_cand5_reducedp3_distfullpre_ga0p1_rseed0,5,200,parent_free_run,default
1.309918,20,10,3,10,5,0.1,,16,0.0126,1.3099,4,models/chua_orig_nint128_bs16_sig0.0_lr1e-03-1e-05_tfp0_ramp200_hLR1_m20_p10_seed18_minsym5_cand4_reducedp3_distfullpre_ga0p1_rseed0.pth,0;1;3;4;5;7;9,True,0.1,1.0,7.431643012300278,full_preactivation,0.208207,nan,0.142946,5,5.0,1.0,15628004.42148696,1161417498.5514143,full,0.0,,0.0,1e-05,False,0.001,200,5,128,5,5,7,2000,0.00,0.00,0.00,1.00,0,completed,18,200,18,0.0,,,none,chua_orig_nint128_bs16_sig0.0_lr1e-03-1e-05_tfp0_ramp200_hLR1_m20_p10_seed18_minsym5_cand4_reducedp3_distfullpre_ga0p1_rseed0,5,200,parent_free_run,default
4.531917,20,10,3,10,3,0.1,,16,0.0213,3.5327,5,models/chua_orig_nint128_bs16_sig0.0_lr1e-03-1e-05_tfp0_ramp200_hLR1_m20_p10_seed15_minsym5_cand5_reducedp3_distfullpre_ga0p1_rseed0.pth,0;3;5;6;7;8;9,True,0.1,1.0,1.8673469359465042,full_preactivation,0.901300,nan,0.600058,1,5.0,1.0,3010.562723821329,56217.65077802522,full,0.0,,0.0,1e-05,False,0.001,200,5,128,8,5,7,2000,0.00,0.00,0.00,1.00,0,completed,15,200,15,0.0,,,none,chua_orig_nint128_bs16_sig0.0_lr1e-03-1e-05_tfp0_ramp200_hLR1_m20_p10_seed15_minsym5_cand5_reducedp3_distfullpre_ga0p1_rseed0,5,200,parent_free_run,default
4.167211,20,10,3,10,3,0.1,,16,0.0230,4.0924,5,models/chua_orig_nint128_bs16_sig0.0_lr1e-03-1e-05_tfp0_ramp200_hLR1_m20_p10_seed17_minsym5_cand5_reducedp3_distfullpre_ga0p1_rseed0.pth,1;2;4;5;7;8;9,True,0.1,1.0,6.475296770090093,full_preactivation,1.523161,nan,1.112216,2,5.0,1.0,76.54324263056226,4956.4021177790855,full,0.0,,0.0,1e-05,False,0.001,200,5,128,6,5,7,2000,0.00,0.00,0.00,1.00,0,completed,17,200,17,0.0,,,none,chua_orig_nint128_bs16_sig0.0_lr1e-03-1e-05_tfp0_ramp200_hLR1_m20_p10_seed17_minsym5_cand5_reducedp3_distfullpre_ga0p1_rseed0,5,200,parent_free_run,default
4.856397,20,10,3,10,4,0.1,,16,0.0325,4.2191,4,models/chua_orig_nint128_bs16_sig0.0_lr1e-03-1e-05_tfp0_ramp200_hLR1_m20_p10_seed22_minsym5_cand4_reducedp3_distfullpre_ga0p1_rseed0.pth,0;2;4;5;7;8;9,True,0.1,1.0,2.5912010784012733,full_preactivation,0.934588,nan,0.726194,4,5.0,1.0,123.55437097355124,3201.542193078595,full,0.0,,0.0,1e-05,False,0.001,200,5,128,8,5,7,2000,0.00,0.00,0.00,1.00,0,completed,22,200,22,0.0,,,none,chua_orig_nint128_bs16_sig0.0_lr1e-03-1e-05_tfp0_ramp200_hLR1_m20_p10_seed22_minsym5_cand4_reducedp3_distfullpre_ga0p1_rseed0,5,200,parent_free_run,default
1.331953,20,10,4,10,5,0.1,,16,0.0089,1.3320,8,models/chua_orig_nint128_bs16_sig0.0_lr1e-03-1e-05_tfp0_ramp200_hLR1_m20_p10_seed6_minsym5_cand8_reducedp4_distretpre_ga0p1_rseed0.pth,1;2;4;5;8;9,True,0.1,1.0,5.872247702245183,retained_preactivation,0.100377,nan,0.066486,5,5.0,1.0,32396.834714212437,1902422.3821055093,retained,0.0,,0.0,1e-05,False,0.001,200,5,128,5,5,6,2000,0.00,0.00,0.00,1.00,0,completed,6,200,6,0.0,,,none,chua_orig_nint128_bs16_sig0.0_lr1e-03-1e-05_tfp0_ramp200_hLR1_m20_p10_seed6_minsym5_cand8_reducedp4_distretpre_ga0p1_rseed0,5,200,parent_free_run,default
1.597474,20,10,4,10,5,0.1,,16,0.0103,1.5975,9,models/chua_orig_nint128_bs16_sig0.0_lr1e-03-1e-05_tfp0_ramp200_hLR1_m20_p10_seed6_minsym5_cand9_reducedp4_distretpre_ga0p1_rseed0.pth,1;2;4;7;8;9,True,0.1,1.0,19.851724224411967,retained_preactivation,0.147440,nan,0.064406,5,5.0,1.0,263.0883669036866,52227.5770642292,retained,0.0,,0.0,1e-05,False,0.001,200,5,128,5,5,6,2000,0.00,0.00,0.00,1.00,0,completed,6,200,6,0.0,,,none,chua_orig_nint128_bs16_sig0.0_lr1e-03-1e-05_tfp0_ramp200_hLR1_m20_p10_seed6_minsym5_cand9_reducedp4_distretpre_ga0p1_rseed0,5,200,parent_free_run,default
1.444939,20,10,4,10,5,0.1,,16,0.0098,1.4449,11,models/chua_orig_nint128_bs16_sig0.0_lr1e-03-1e-05_tfp0_ramp200_hLR1_m20_p10_seed6_minsym5_cand11_reducedp4_distretpre_ga0p1_rseed0.pth,2;4;5;7;8;9,True,0.1,1.0,2.5259873350614583,retained_preactivation,0.090073,nan,0.068020,5,5.0,1.0,165555.47894286073,4181910.4305970017,retained,0.0,,0.0,1e-05,False,0.001,200,5,128,6,5,6,2000,0.00,0.00,0.00,1.00,0,completed,6,200,6,0.0,,,none,chua_orig_nint128_bs16_sig0.0_lr1e-03-1e-05_tfp0_ramp200_hLR1_m20_p10_seed6_minsym5_cand11_reducedp4_distretpre_ga0p1_rseed0,5,200,parent_free_run,default
1.426995,20,10,4,10,5,0.1,,16,0.0099,1.3781,10,models/chua_orig_nint128_bs16_sig0.0_lr1e-03-1e-05_tfp0_ramp200_hLR1_m20_p10_seed6_minsym5_cand10_reducedp4_distretpre_ga0p1_rseed0.pth,1;2;5;7;8;9,True,0.1,1.0,4.19178657256807,retained_preactivation,0.076551,nan,0.042949,3,5.0,1.0,47415.2992187121,1987548.1459929468,retained,0.0,,0.0,1e-05,False,0.001,200,5,128,5,5,6,2000,0.00,0.00,0.00,1.00,0,completed,6,200,6,0.0,,,none,chua_orig_nint128_bs16_sig0.0_lr1e-03-1e-05_tfp0_ramp200_hLR1_m20_p10_seed6_minsym5_cand10_reducedp4_distretpre_ga0p1_rseed0,5,200,parent_free_run,default
1.536218,20,10,3,10,5,0.1,,16,0.0112,1.5362,6,models/chua_orig_nint128_bs16_sig0.0_lr1e-03-1e-05_tfp0_ramp200_hLR1_m20_p10_seed18_minsym5_cand6_reducedp3_distretpre_ga0p1_rseed0.pth,1;2;3;4;5;7;9,True,0.1,1.0,1.3885278748490515,retained_preactivation,0.251964,nan,0.225963,4,5.0,1.0,49908.58510441866,692994.6161176146,retained,0.0,,0.0,1e-05,False,0.001,200,5,128,5,5,7,2000,0.00,0.00,0.00,1.00,0,completed,18,200,18,0.0,,,none,chua_orig_nint128_bs16_sig0.0_lr1e-03-1e-05_tfp0_ramp200_hLR1_m20_p10_seed18_minsym5_cand6_reducedp3_distretpre_ga0p1_rseed0,5,200,parent_free_run,default
1.123689,20,10,3,10,5,0.1,,16,0.0115,1.1237,7,models/chua_orig_nint128_bs16_sig0.0_lr1e-03-1e-05_tfp0_ramp200_hLR1_m20_p10_seed10_minsym5_cand7_reducedp3_distretpre_ga0p1_rseed0.pth,0;1;3;4;5;7;8,True,0.1,1.0,1.8337096199464151,retained_preactivation,0.106308,nan,0.074056,5,5.0,1.0,368.4592794334076,6756.473252555656,retained,0.0,,0.0,1e-05,False,0.001,200,5,128,5,5,7,2000,0.00,0.00,0.00,1.00,0,completed,10,200,10,0.0,,,none,chua_orig_nint128_bs16_sig0.0_lr1e-03-1e-05_tfp0_ramp200_hLR1_m20_p10_seed10_minsym5_cand7_reducedp3_distretpre_ga0p1_rseed0,5,200,parent_free_run,default
1.155281,20,10,3,10,5,0.1,,16,0.0060,1.1553,8,models/chua_orig_nint128_bs16_sig0.0_lr1e-03-1e-05_tfp0_ramp200_hLR1_m20_p10_seed10_minsym5_cand8_reducedp3_distretpre_ga0p1_rseed0.pth,0;1;3;4;6;7;8,True,0.1,1.0,3.3610171345499507,retained_preactivation,0.097785,nan,0.070701,4,5.0,1.0,238.98122667456718,8032.199976889893,retained,0.0,,0.0,1e-05,False,0.001,200,5,128,5,5,7,2000,0.00,0.00,0.00,1.00,0,completed,10,200,10,0.0,,,none,chua_orig_nint128_bs16_sig0.0_lr1e-03-1e-05_tfp0_ramp200_hLR1_m20_p10_seed10_minsym5_cand8_reducedp3_distretpre_ga0p1_rseed0,5,200,parent_free_run,default
1.551501,20,10,3,10,5,0.1,,16,0.0073,1.5515,7,models/chua_orig_nint128_bs16_sig0.0_lr1e-03-1e-05_tfp0_ramp200_hLR1_m20_p10_seed11_minsym5_cand7_reducedp3_distretpre_ga0p1_rseed0.pth,3;4;5;6;7;8;9,True,0.1,1.0,19.345883767220133,retained_preactivation,0.386253,nan,0.138674,5,5.0,1.0,23.937038825550268,4630.831708505503,retained,0.0,,0.0,1e-05,False,0.001,200,5,128,5,5,7,2000,0.00,0.00,0.00,1.00,0,completed,11,200,11,0.0,,,none,chua_orig_nint128_bs16_sig0.0_lr1e-03-1e-05_tfp0_ramp200_hLR1_m20_p10_seed11_minsym5_cand7_reducedp3_distretpre_ga0p1_rseed0,5,200,parent_free_run,default
1.327737,20,10,4,10,5,0.1,,16,0.0104,1.3277,6,models/chua_orig_nint128_bs16_sig0.0_lr1e-03-1e-05_tfp0_ramp200_hLR1_m20_p10_seed22_minsym5_cand6_reducedp4_distretpre_ga0p1_rseed0.pth,1;2;3;4;7;9,True,0.1,1.0,3.5457692091069544,retained_preactivation,0.100112,nan,0.066899,5,5.0,1.0,124.85036478291035,4426.905791930183,retained,0.0,,0.0,1e-05,False,0.001,200,5,128,5,5,6,2000,0.00,0.00,0.00,1.00,0,completed,22,200,22,0.0,,,none,chua_orig_nint128_bs16_sig0.0_lr1e-03-1e-05_tfp0_ramp200_hLR1_m20_p10_seed22_minsym5_cand6_reducedp4_distretpre_ga0p1_rseed0,5,200,parent_free_run,default
1.161771,20,10,3,10,5,0.1,,16,0.0067,1.1618,7,models/chua_orig_nint128_bs16_sig0.0_lr1e-03-1e-05_tfp0_ramp200_hLR1_m20_p10_seed18_minsym5_cand7_reducedp3_distretpre_ga0p1_rseed0.pth,1;2;3;4;6;7;9,True,0.1,1.0,3.6405055275246068,retained_preactivation,0.107198,nan,0.070163,5,5.0,1.0,177810.8902992165,6473215.289883691,retained,0.0,,0.0,1e-05,False,0.001,200,5,128,5,5,7,2000,0.00,0.00,0.00,1.00,0,completed,18,200,18,0.0,,,none,chua_orig_nint128_bs16_sig0.0_lr1e-03-1e-05_tfp0_ramp200_hLR1_m20_p10_seed18_minsym5_cand7_reducedp3_distretpre_ga0p1_rseed0,5,200,parent_free_run,default
1.314108,20,10,3,10,5,0.1,,16,0.0081,1.3141,11,models/chua_orig_nint128_bs16_sig0.0_lr1e-03-1e-05_tfp0_ramp200_hLR1_m20_p10_seed10_minsym5_cand11_reducedp3_distretpre_ga0p1_rseed0.pth,1;3;4;5;6;7;8,True,0.1,1.0,3.497559720921714,retained_preactivation,0.199563,nan,0.121757,5,5.0,1.0,231.13508771273274,8084.087728757649,retained,0.0,,0.0,1e-05,False,0.001,200,5,128,5,5,7,2000,0.00,0.00,0.00,1.00,0,completed,10,200,10,0.0,,,none,chua_orig_nint128_bs16_sig0.0_lr1e-03-1e-05_tfp0_ramp200_hLR1_m20_p10_seed10_minsym5_cand11_reducedp3_distretpre_ga0p1_rseed0,5,200,parent_free_run,default
1.271043,20,10,4,10,5,0.1,,16,0.0128,1.2710,7,models/chua_orig_nint128_bs16_sig0.0_lr1e-03-1e-05_tfp0_ramp200_hLR1_m20_p10_seed22_minsym5_cand7_reducedp4_distretpre_ga0p1_rseed0.pth,1;2;3;5;7;9,True,0.1,1.0,3.1189281197175664,retained_preactivation,0.103166,nan,0.071312,5,5.0,1.0,136.45097560624652,4255.807847812211,retained,0.0,,0.0,1e-05,False,0.001,200,5,128,5,5,6,2000,0.00,0.00,0.00,1.00,0,completed,22,200,22,0.0,,,none,chua_orig_nint128_bs16_sig0.0_lr1e-03-1e-05_tfp0_ramp200_hLR1_m20_p10_seed22_minsym5_cand7_reducedp4_distretpre_ga0p1_rseed0,5,200,parent_free_run,default
1.356676,20,10,3,10,5,0.1,,16,0.0034,1.3567,10,models/chua_orig_nint128_bs16_sig0.0_lr1e-03-1e-05_tfp0_ramp200_hLR1_m20_p10_seed10_minsym5_cand10_reducedp3_distretpre_ga0p1_rseed0.pth,1;2;4;5;6;7;8,True,0.1,1.0,4.110248619402451,retained_preactivation,0.224295,nan,0.128020,5,5.0,1.0,189.76630179801603,7799.8667997440825,retained,0.0,,0.0,1e-05,False,0.001,200,5,128,5,5,7,2000,0.00,0.00,0.00,1.00,0,completed,10,200,10,0.0,,,none,chua_orig_nint128_bs16_sig0.0_lr1e-03-1e-05_tfp0_ramp200_hLR1_m20_p10_seed10_minsym5_cand10_reducedp3_distretpre_ga0p1_rseed0,5,200,parent_free_run,default
1.190341,20,10,3,10,5,0.1,,16,0.0106,1.1381,6,models/chua_orig_nint128_bs16_sig0.0_lr1e-03-1e-05_tfp0_ramp200_hLR1_m20_p10_seed10_minsym5_cand6_reducedp3_distretpre_ga0p1_rseed0.pth,0;1;3;4;5;6;8,True,0.1,1.0,2.733164947786731,retained_preactivation,0.159096,nan,0.104245,4,5.0,1.0,291.8613780990539,7977.052882330667,retained,0.0,,0.0,1e-05,False,0.001,200,5,128,5,5,7,2000,0.00,0.00,0.00,1.00,0,completed,10,200,10,0.0,,,none,chua_orig_nint128_bs16_sig0.0_lr1e-03-1e-05_tfp0_ramp200_hLR1_m20_p10_seed10_minsym5_cand6_reducedp3_distretpre_ga0p1_rseed0,5,200,parent_free_run,default
1.141666,20,10,3,10,5,0.1,,16,0.0129,1.1417,6,models/chua_orig_nint128_bs16_sig0.0_lr1e-03-1e-05_tfp0_ramp200_hLR1_m20_p10_seed11_minsym5_cand6_reducedp3_distretpre_ga0p1_rseed0.pth,1;3;4;5;6;7;9,True,0.1,1.0,1.2714905580225302,retained_preactivation,0.089890,nan,0.072221,4,5.0,1.0,140008.02928403785,1780188.8728199601,retained,0.0,,0.0,1e-05,False,0.001,200,5,128,5,5,7,2000,0.00,0.00,0.00,1.00,0,completed,11,200,11,0.0,,,none,chua_orig_nint128_bs16_sig0.0_lr1e-03-1e-05_tfp0_ramp200_hLR1_m20_p10_seed11_minsym5_cand6_reducedp3_distretpre_ga0p1_rseed0,5,200,parent_free_run,default
1.110161,20,10,3,10,5,0.1,,16,0.0081,1.1102,9,models/chua_orig_nint128_bs16_sig0.0_lr1e-03-1e-05_tfp0_ramp200_hLR1_m20_p10_seed10_minsym5_cand9_reducedp3_distretpre_ga0p1_rseed0.pth,0;1;3;5;6;7;8,True,0.1,1.0,3.5514160437172477,retained_preactivation,0.119700,nan,0.091314,5,5.0,1.0,226.55922350809686,8046.060612187805,retained,0.0,,0.0,1e-05,False,0.001,200,5,128,5,5,7,2000,0.00,0.00,0.00,1.00,0,completed,10,200,10,0.0,,,none,chua_orig_nint128_bs16_sig0.0_lr1e-03-1e-05_tfp0_ramp200_hLR1_m20_p10_seed10_minsym5_cand9_reducedp3_distretpre_ga0p1_rseed0,5,200,parent_free_run,default
4.683572,20,10,3,10,3,0.1,,16,0.0252,4.6836,8,models/chua_orig_nint128_bs16_sig0.0_lr1e-03-1e-05_tfp0_ramp200_hLR1_m20_p10_seed26_minsym5_cand8_reducedp3_distretpre_ga0p1_rseed0.pth,2;3;4;5;6;8;9,True,0.1,1.0,0.4636443061702781,retained_preactivation,1.198777,nan,1.148604,1,5.0,1.0,1991406678.7899892,9233043678.904423,retained,0.0,,0.0,1e-05,False,0.001,200,5,128,4,5,7,2000,0.00,0.00,0.00,1.00,0,completed,26,200,26,0.0,,,none,chua_orig_nint128_bs16_sig0.0_lr1e-03-1e-05_tfp0_ramp200_hLR1_m20_p10_seed26_minsym5_cand8_reducedp3_distretpre_ga0p1_rseed0,5,200,parent_free_run,default
2.280218,20,10,3,10,5,0.1,,16,0.0156,2.2802,6,models/chua_orig_nint128_bs16_sig0.0_lr1e-03-1e-05_tfp0_ramp200_hLR1_m20_p10_seed24_minsym5_cand6_reducedp3_distretpre_ga0p1_rseed0.pth,0;2;3;5;6;7;9,True,0.1,1.0,7.829366622253875,retained_preactivation,0.373760,nan,0.186635,5,5.0,1.0,839.832901528771,65753.59687499993,retained,0.0,,0.0,1e-05,False,0.001,200,5,128,5,5,7,2000,0.00,0.00,0.00,1.00,0,completed,24,200,24,0.0,,,none,chua_orig_nint128_bs16_sig0.0_lr1e-03-1e-05_tfp0_ramp200_hLR1_m20_p10_seed24_minsym5_cand6_reducedp3_distretpre_ga0p1_rseed0,5,200,parent_free_run,default
1.084923,20,10,3,10,5,0.1,,16,0.0098,1.0849,7,models/chua_orig_nint128_bs16_sig0.0_lr1e-03-1e-05_tfp0_ramp200_hLR1_m20_p10_seed25_minsym5_cand7_reducedp3_distretpre_ga0p1_rseed0.pth,1;2;3;4;7;8;9,True,0.1,1.0,4.132800811286529,retained_preactivation,0.163339,nan,0.127761,5,5.0,1.0,3313.0403058760658,136921.3566394958,retained,0.0,,0.0,1e-05,False,0.001,200,5,128,5,5,7,2000,0.00,0.00,0.00,1.00,0,completed,25,200,25,0.0,,,none,chua_orig_nint128_bs16_sig0.0_lr1e-03-1e-05_tfp0_ramp200_hLR1_m20_p10_seed25_minsym5_cand7_reducedp3_distretpre_ga0p1_rseed0,5,200,parent_free_run,default
2.416485,20,10,3,10,5,0.1,,16,0.0096,2.4165,7,models/chua_orig_nint128_bs16_sig0.0_lr1e-03-1e-05_tfp0_ramp200_hLR1_m20_p10_seed24_minsym5_cand7_reducedp3_distretpre_ga0p1_rseed0.pth,0;2;3;5;7;8;9,True,0.1,1.0,11.143322749112848,retained_preactivation,0.364402,nan,0.148483,5,5.0,1.0,208.9174255349196,23280.3430064937,retained,0.0,,0.0,1e-05,False,0.001,200,5,128,5,5,7,2000,0.00,0.00,0.00,1.00,0,completed,24,200,24,0.0,,,none,chua_orig_nint128_bs16_sig0.0_lr1e-03-1e-05_tfp0_ramp200_hLR1_m20_p10_seed24_minsym5_cand7_reducedp3_distretpre_ga0p1_rseed0,5,200,parent_free_run,default
1.274611,20,10,3,10,5,0.1,,16,0.0111,1.2746,8,models/chua_orig_nint128_bs16_sig0.0_lr1e-03-1e-05_tfp0_ramp200_hLR1_m20_p10_seed25_minsym5_cand8_reducedp3_distretpre_ga0p1_rseed0.pth,2;3;4;5;7;8;9,True,0.1,1.0,3.0889160947362777,retained_preactivation,0.147602,nan,0.104678,4,5.0,1.0,2656.6379639469837,82061.31764723254,retained,0.0,,0.0,1e-05,False,0.001,200,5,128,5,5,7,2000,0.00,0.00,0.00,1.00,0,completed,25,200,25,0.0,,,none,chua_orig_nint128_bs16_sig0.0_lr1e-03-1e-05_tfp0_ramp200_hLR1_m20_p10_seed25_minsym5_cand8_reducedp3_distretpre_ga0p1_rseed0,5,200,parent_free_run,default
1.420056,20,10,3,10,5,0.1,,16,0.0109,1.4201,7,models/chua_orig_nint128_bs16_sig0.0_lr1e-03-1e-05_tfp0_ramp200_hLR1_m20_p10_seed26_minsym5_cand7_reducedp3_distretpre_ga0p1_rseed0.pth,1;4;5;6;7;8;9,True,0.1,1.0,2.708687636851106,retained_preactivation,0.099838,nan,0.078248,3,5.0,1.0,403142938.0684723,10919882922.299019,retained,0.0,,0.0,1e-05,False,0.001,200,5,128,5,5,7,2000,0.00,0.00,0.00,1.00,0,completed,26,200,26,0.0,,,none,chua_orig_nint128_bs16_sig0.0_lr1e-03-1e-05_tfp0_ramp200_hLR1_m20_p10_seed26_minsym5_cand7_reducedp3_distretpre_ga0p1_rseed0,5,200,parent_free_run,default
1.219149,20,10,3,10,5,0.1,,16,0.0100,1.2191,6,models/chua_orig_nint128_bs16_sig0.0_lr1e-03-1e-05_tfp0_ramp200_hLR1_m20_p10_seed25_minsym5_cand6_reducedp3_distretpre_ga0p1_rseed0.pth,1;2;3;4;5;7;8,True,0.1,1.0,2.7040526429795646,retained_preactivation,0.141822,nan,0.109284,5,5.0,1.0,3414.6327121073723,92333.46609978421,retained,0.0,,0.0,1e-05,False,0.001,200,5,128,5,5,7,2000,0.00,0.00,0.00,1.00,0,completed,25,200,25,0.0,,,none,chua_orig_nint128_bs16_sig0.0_lr1e-03-1e-05_tfp0_ramp200_hLR1_m20_p10_seed25_minsym5_cand6_reducedp3_distretpre_ga0p1_rseed0,5,200,parent_free_run,default
1.235504,20,10,3,10,5,0.1,,16,0.0083,1.2355,6,models/chua_orig_nint128_bs16_sig0.0_lr1e-03-1e-05_tfp0_ramp200_hLR1_m20_p10_seed26_minsym5_cand6_reducedp3_distretpre_ga0p1_rseed0.pth,1;2;4;5;7;8;9,True,0.1,1.0,2.330302712462258,retained_preactivation,0.052718,nan,0.040554,5,5.0,1.0,943001860.9003527,21974797943.13049,retained,0.0,,0.0,1e-05,False,0.001,200,5,128,5,5,7,2000,0.00,0.00,0.00,1.00,0,completed,26,200,26,0.0,,,none,chua_orig_nint128_bs16_sig0.0_lr1e-03-1e-05_tfp0_ramp200_hLR1_m20_p10_seed26_minsym5_cand6_reducedp3_distretpre_ga0p1_rseed0,5,200,parent_free_run,default
1.319922,20,10,4,10,5,0.1,,16,0.0103,1.3199,5,models/chua_orig_nint128_bs16_sig0.0_lr1e-03-1e-05_tfp0_ramp200_hLR1_m20_p10_seed22_minsym5_cand5_reducedp4_distfullpre_ga0p1_rseed0.pth,1;2;3;4;5;7,True,0.1,1.0,4.134540585297195,full_preactivation,0.204887,nan,0.156491,5,5.0,1.0,108.02869486194035,4466.49023283383,full,0.0,,0.0,1e-05,False,0.001,200,5,128,5,5,6,2000,0.00,0.00,0.00,1.00,0,completed,22,200,22,0.0,,,none,chua_orig_nint128_bs16_sig0.0_lr1e-03-1e-05_tfp0_ramp200_hLR1_m20_p10_seed22_minsym5_cand5_reducedp4_distfullpre_ga0p1_rseed0,5,200,parent_free_run,default
2.973171,20,10,3,10,3,0.1,,16,0.0123,2.9732,0,models/chua_orig_nint128_bs16_sig0.0_lr1e-03-1e-05_tfp0_ramp200_hLR1_m20_p10_seed25_minsym5_cand0_reducedp3_distfullpre_ga0p1_rseed0.pth,0;1;2;3;4;5;8,True,0.1,1.0,9.109581992186097,full_preactivation,1.590490,nan,1.230128,1,5.0,1.0,978.3294898439085,89121.7270310669,full,0.0,,0.0,1e-05,False,0.001,200,5,128,4,5,7,2000,0.00,0.00,0.00,1.00,0,completed,25,200,25,0.0,,,none,chua_orig_nint128_bs16_sig0.0_lr1e-03-1e-05_tfp0_ramp200_hLR1_m20_p10_seed25_minsym5_cand0_reducedp3_distfullpre_ga0p1_rseed0,5,200,parent_free_run,default
10.980187,20,10,3,10,4,0.1,,16,0.0425,7.5862,1,models/chua_orig_nint128_bs16_sig0.0_lr1e-03-1e-05_tfp0_ramp200_hLR1_m20_p10_seed25_minsym5_cand1_reducedp3_distfullpre_ga0p1_rseed0.pth,0;1;2;3;4;8;9,True,0.1,1.0,2.8789123057240804,full_preactivation,1.992598,nan,1.706385,2,5.0,1.0,2146373.9842478526,61792224.75937166,full,0.0,,0.0,1e-05,False,0.001,200,5,128,7,5,7,2000,0.00,0.00,0.00,1.00,0,completed,25,200,25,0.0,,,none,chua_orig_nint128_bs16_sig0.0_lr1e-03-1e-05_tfp0_ramp200_hLR1_m20_p10_seed25_minsym5_cand1_reducedp3_distfullpre_ga0p1_rseed0,5,200,parent_free_run,default
1.471674,20,10,3,10,5,0.1,,16,0.0071,1.4717,0,models/chua_orig_nint128_bs16_sig0.0_lr1e-03-1e-05_tfp0_ramp200_hLR1_m20_p10_seed24_minsym5_cand0_reducedp3_distfullpre_ga0p1_rseed0.pth,0;1;2;3;5;6;9,True,0.1,1.0,9.43010512327781,full_preactivation,0.213250,nan,0.134782,5,5.0,1.0,54.872070234290184,5174.493906412491,full,0.0,,0.0,1e-05,False,0.001,200,5,128,5,5,7,2000,0.00,0.00,0.00,1.00,0,completed,24,200,24,0.0,,,none,chua_orig_nint128_bs16_sig0.0_lr1e-03-1e-05_tfp0_ramp200_hLR1_m20_p10_seed24_minsym5_cand0_reducedp3_distfullpre_ga0p1_rseed0,5,200,parent_free_run,default
3.365107,20,10,3,10,3,0.1,,16,0.0142,3.3651,4,models/chua_orig_nint128_bs16_sig0.0_lr1e-03-1e-05_tfp0_ramp200_hLR1_m20_p10_seed26_minsym5_cand4_reducedp3_distfullpre_ga0p1_rseed0.pth,0;2;3;4;5;6;9,True,0.1,1.0,2.050098869782921,full_preactivation,0.646624,nan,0.493854,3,5.0,1.0,425613670.62823224,8725501051.190992,full,0.0,,0.0,1e-05,False,0.001,200,5,128,8,5,7,2000,0.00,0.00,0.00,1.00,0,completed,26,200,26,0.0,,,none,chua_orig_nint128_bs16_sig0.0_lr1e-03-1e-05_tfp0_ramp200_hLR1_m20_p10_seed26_minsym5_cand4_reducedp3_distfullpre_ga0p1_rseed0,5,200,parent_free_run,default
3.449971,20,10,3,10,3,0.1,,16,0.0240,3.4500,1,models/chua_orig_nint128_bs16_sig0.0_lr1e-03-1e-05_tfp0_ramp200_hLR1_m20_p10_seed26_minsym5_cand1_reducedp3_distfullpre_ga0p1_rseed0.pth,0;1;2;4;7;8;9,True,0.1,1.0,3.4200092235173183,full_preactivation,1.326111,nan,1.159853,1,5.0,1.0,289981584.41439277,9917396933.47389,full,0.0,,0.0,1e-05,False,0.001,200,5,128,5,5,7,2000,0.00,0.00,0.00,1.00,0,completed,26,200,26,0.0,,,none,chua_orig_nint128_bs16_sig0.0_lr1e-03-1e-05_tfp0_ramp200_hLR1_m20_p10_seed26_minsym5_cand1_reducedp3_distfullpre_ga0p1_rseed0,5,200,parent_free_run,default
9.223656,20,10,3,10,2,0.1,,16,0.0554,7.8334,5,models/chua_orig_nint128_bs16_sig0.0_lr1e-03-1e-05_tfp0_ramp200_hLR1_m20_p10_seed26_minsym5_cand5_reducedp3_distfullpre_ga0p1_rseed0.pth,0;2;3;4;6;8;9,True,0.1,1.0,0.3427863831237836,full_preactivation,1.224862,nan,1.195222,2,5.0,1.0,5000419850.374763,17140758346.10336,full,0.0,,0.0,1e-05,False,0.001,200,5,128,6,5,7,2000,0.00,0.00,0.00,1.00,0,completed,26,200,26,0.0,,,none,chua_orig_nint128_bs16_sig0.0_lr1e-03-1e-05_tfp0_ramp200_hLR1_m20_p10_seed26_minsym5_cand5_reducedp3_distfullpre_ga0p1_rseed0,5,200,parent_free_run,default
1.431432,20,10,3,10,5,0.1,,16,0.0093,1.4314,2,models/chua_orig_nint128_bs16_sig0.0_lr1e-03-1e-05_tfp0_ramp200_hLR1_m20_p10_seed24_minsym5_cand2_reducedp3_distfullpre_ga0p1_rseed0.pth,0;1;2;3;6;7;9,True,0.1,1.0,7.31475309358535,full_preactivation,0.210648,nan,0.144755,5,5.0,1.0,659.7901749428919,48262.022232807445,full,0.0,,0.0,1e-05,False,0.001,200,5,128,5,5,7,2000,0.00,0.00,0.00,1.00,0,completed,24,200,24,0.0,,,none,chua_orig_nint128_bs16_sig0.0_lr1e-03-1e-05_tfp0_ramp200_hLR1_m20_p10_seed24_minsym5_cand2_reducedp3_distfullpre_ga0p1_rseed0,5,200,parent_free_run,default
1.462794,20,10,3,10,5,0.1,,16,0.0070,1.4628,1,models/chua_orig_nint128_bs16_sig0.0_lr1e-03-1e-05_tfp0_ramp200_hLR1_m20_p10_seed24_minsym5_cand1_reducedp3_distfullpre_ga0p1_rseed0.pth,0;1;2;3;5;8;9,True,0.1,1.0,10.29297992249862,full_preactivation,0.203415,nan,0.124729,5,5.0,1.0,53.551166773176426,5512.010844226905,full,0.0,,0.0,1e-05,False,0.001,200,5,128,5,5,7,2000,0.00,0.00,0.00,1.00,0,completed,24,200,24,0.0,,,none,chua_orig_nint128_bs16_sig0.0_lr1e-03-1e-05_tfp0_ramp200_hLR1_m20_p10_seed24_minsym5_cand1_reducedp3_distfullpre_ga0p1_rseed0,5,200,parent_free_run,default
1.358877,20,10,3,10,5,0.1,,16,0.0125,1.3589,3,models/chua_orig_nint128_bs16_sig0.0_lr1e-03-1e-05_tfp0_ramp200_hLR1_m20_p10_seed24_minsym5_cand3_reducedp3_distfullpre_ga0p1_rseed0.pth,0;1;2;3;7;8;9,True,0.1,1.0,8.310791597764275,full_preactivation,0.248887,nan,0.164243,5,5.0,1.0,230.54958804740494,19160.495792123962,full,0.0,,0.0,1e-05,False,0.001,200,5,128,6,5,7,2000,0.00,0.00,0.00,1.00,0,completed,24,200,24,0.0,,,none,chua_orig_nint128_bs16_sig0.0_lr1e-03-1e-05_tfp0_ramp200_hLR1_m20_p10_seed24_minsym5_cand3_reducedp3_distfullpre_ga0p1_rseed0,5,200,parent_free_run,default
1.168646,20,10,3,10,5,0.1,,16,0.0096,1.1686,5,models/chua_orig_nint128_bs16_sig0.0_lr1e-03-1e-05_tfp0_ramp200_hLR1_m20_p10_seed24_minsym5_cand5_reducedp3_distfullpre_ga0p1_rseed0.pth,0;1;2;5;7;8;9,True,0.1,1.0,7.855515093267628,full_preactivation,0.189863,nan,0.137151,5,5.0,1.0,288.3258588876834,22649.48136271557,full,0.0,,0.0,1e-05,False,0.001,200,5,128,5,5,7,2000,0.00,0.00,0.00,1.00,0,completed,24,200,24,0.0,,,none,chua_orig_nint128_bs16_sig0.0_lr1e-03-1e-05_tfp0_ramp200_hLR1_m20_p10_seed24_minsym5_cand5_reducedp3_distfullpre_ga0p1_rseed0,5,200,parent_free_run,default
7.078434,20,10,3,10,4,0.1,,16,0.0392,3.3599,4,models/chua_orig_nint128_bs16_sig0.0_lr1e-03-1e-05_tfp0_ramp200_hLR1_m20_p10_seed25_minsym5_cand4_reducedp3_distfullpre_ga0p1_rseed0.pth,0;2;3;4;5;8;9,True,0.1,1.0,7.097688192086858,full_preactivation,1.499941,nan,1.233292,1,5.0,1.0,17840.28652770535,1266247.910311405,full,0.0,,0.0,1e-05,False,0.001,200,5,128,5,5,7,2000,0.00,0.00,0.00,1.00,0,completed,25,200,25,0.0,,,none,chua_orig_nint128_bs16_sig0.0_lr1e-03-1e-05_tfp0_ramp200_hLR1_m20_p10_seed25_minsym5_cand4_reducedp3_distfullpre_ga0p1_rseed0,5,200,parent_free_run,default
1.544541,20,10,3,10,5,0.1,,16,0.0067,1.5445,0,models/chua_orig_nint128_bs16_sig0.0_lr1e-03-1e-05_tfp0_ramp200_hLR1_m20_p10_seed28_minsym5_cand0_reducedp3_distfullpre_ga0p1_rseed0.pth,0;1;2;3;5;6;9,True,0.1,1.0,2.246283270171988,full_preactivation,0.277239,nan,0.200157,5,5.0,1.0,23.741108223678513,533.2925421819389,full,0.0,,0.0,1e-05,False,0.001,200,5,128,5,5,7,2000,0.00,0.00,0.00,1.00,0,completed,28,200,28,0.0,,,none,chua_orig_nint128_bs16_sig0.0_lr1e-03-1e-05_tfp0_ramp200_hLR1_m20_p10_seed28_minsym5_cand0_reducedp3_distfullpre_ga0p1_rseed0,5,200,parent_free_run,default
1.284999,20,10,3,10,5,0.1,,16,0.0115,1.2850,2,models/chua_orig_nint128_bs16_sig0.0_lr1e-03-1e-05_tfp0_ramp200_hLR1_m20_p10_seed29_minsym5_cand2_reducedp3_distfullpre_ga0p1_rseed0.pth,1;2;3;5;6;8;9,True,0.1,1.0,6.722450745524163,full_preactivation,0.156902,nan,0.097091,5,5.0,1.0,23.836341466890733,1602.3863146467481,full,0.0,,0.0,1e-05,False,0.001,200,5,128,5,5,7,2000,0.00,0.00,0.00,1.00,0,completed,29,200,29,0.0,,,none,chua_orig_nint128_bs16_sig0.0_lr1e-03-1e-05_tfp0_ramp200_hLR1_m20_p10_seed29_minsym5_cand2_reducedp3_distfullpre_ga0p1_rseed0,5,200,parent_free_run,default
4.410241,20,10,3,10,3,0.1,,16,0.0235,4.4102,4,models/chua_orig_nint128_bs16_sig0.0_lr1e-03-1e-05_tfp0_ramp200_hLR1_m20_p10_seed24_minsym5_cand4_reducedp3_distfullpre_ga0p1_rseed0.pth,0;1;2;5;6;7;9,True,0.1,1.0,7.05551900530798,full_preactivation,0.590603,nan,0.315525,2,5.0,1.0,853.3757066378721,60210.08516851641,full,0.0,,0.0,1e-05,False,0.001,200,5,128,8,5,7,2000,0.00,0.00,0.00,1.00,0,completed,24,200,24,0.0,,,none,chua_orig_nint128_bs16_sig0.0_lr1e-03-1e-05_tfp0_ramp200_hLR1_m20_p10_seed24_minsym5_cand4_reducedp3_distfullpre_ga0p1_rseed0,5,200,parent_free_run,default
1.169862,20,10,3,10,5,0.1,,16,0.0111,1.1699,2,models/chua_orig_nint128_bs16_sig0.0_lr1e-03-1e-05_tfp0_ramp200_hLR1_m20_p10_seed25_minsym5_cand2_reducedp3_distfullpre_ga0p1_rseed0.pth,0;1;2;4;5;7;8,True,0.1,1.0,5.38445518059779,full_preactivation,0.154898,nan,0.123622,5,5.0,1.0,21126.66301590244,1137555.7012471962,full,0.0,,0.0,1e-05,False,0.001,200,5,128,5,5,7,2000,0.00,0.00,0.00,1.00,0,completed,25,200,25,0.0,,,none,chua_orig_nint128_bs16_sig0.0_lr1e-03-1e-05_tfp0_ramp200_hLR1_m20_p10_seed25_minsym5_cand2_reducedp3_distfullpre_ga0p1_rseed0,5,200,parent_free_run,default
1.447177,20,10,3,10,5,0.1,,16,0.0076,1.4472,2,models/chua_orig_nint128_bs16_sig0.0_lr1e-03-1e-05_tfp0_ramp200_hLR1_m20_p10_seed28_minsym5_cand2_reducedp3_distfullpre_ga0p1_rseed0.pth,0;1;2;5;6;7;9,True,0.1,1.0,8.651696025520202,full_preactivation,0.340930,nan,0.241175,5,5.0,1.0,4095.9758068800743,354371.37609011255,full,0.0,,0.0,1e-05,False,0.001,200,5,128,5,5,7,2000,0.00,0.00,0.00,1.00,0,completed,28,200,28,0.0,,,none,chua_orig_nint128_bs16_sig0.0_lr1e-03-1e-05_tfp0_ramp200_hLR1_m20_p10_seed28_minsym5_cand2_reducedp3_distfullpre_ga0p1_rseed0,5,200,parent_free_run,default
1.135318,20,10,3,10,5,0.1,,16,0.0154,1.1353,5,models/chua_orig_nint128_bs16_sig0.0_lr1e-03-1e-05_tfp0_ramp200_hLR1_m20_p10_seed25_minsym5_cand5_reducedp3_distfullpre_ga0p1_rseed0.pth,0;2;4;5;7;8;9,True,0.1,1.0,5.33022585267646,full_preactivation,0.162980,nan,0.131766,5,5.0,1.0,109437.68521857541,5833275.7900911905,full,0.0,,0.0,1e-05,False,0.001,200,5,128,5,5,7,2000,0.00,0.00,0.00,1.00,0,completed,25,200,25,0.0,,,none,chua_orig_nint128_bs16_sig0.0_lr1e-03-1e-05_tfp0_ramp200_hLR1_m20_p10_seed25_minsym5_cand5_reducedp3_distfullpre_ga0p1_rseed0,5,200,parent_free_run,default
1.420996,20,10,3,10,5,0.1,,16,0.0134,1.4210,3,models/chua_orig_nint128_bs16_sig0.0_lr1e-03-1e-05_tfp0_ramp200_hLR1_m20_p10_seed25_minsym5_cand3_reducedp3_distfullpre_ga0p1_rseed0.pth,0;1;2;4;7;8;9,True,0.1,1.0,4.943924785692774,full_preactivation,0.284270,nan,0.229317,5,5.0,1.0,960745.9327002119,47498556.29430099,full,0.0,,0.0,1e-05,False,0.001,200,5,128,5,5,7,2000,0.00,0.00,0.00,1.00,0,completed,25,200,25,0.0,,,none,chua_orig_nint128_bs16_sig0.0_lr1e-03-1e-05_tfp0_ramp200_hLR1_m20_p10_seed25_minsym5_cand3_reducedp3_distfullpre_ga0p1_rseed0,5,200,parent_free_run,default
1.202806,20,10,3,10,5,0.1,,16,0.0111,1.2028,2,models/chua_orig_nint128_bs16_sig0.0_lr1e-03-1e-05_tfp0_ramp200_hLR1_m20_p10_seed26_minsym5_cand2_reducedp3_distfullpre_ga0p1_rseed0.pth,0;1;4;5;6;7;9,True,0.1,1.0,3.034965387771488,full_preactivation,0.095709,nan,0.073043,5,5.0,1.0,176266519.4336647,5349627855.041227,full,0.0,,0.0,1e-05,False,0.001,200,5,128,6,5,7,2000,0.00,0.00,0.00,1.00,0,completed,26,200,26,0.0,,,none,chua_orig_nint128_bs16_sig0.0_lr1e-03-1e-05_tfp0_ramp200_hLR1_m20_p10_seed26_minsym5_cand2_reducedp3_distfullpre_ga0p1_rseed0,5,200,parent_free_run,default
3.138673,20,10,3,10,4,0.1,,16,0.0308,3.1387,0,models/chua_orig_nint128_bs16_sig0.0_lr1e-03-1e-05_tfp0_ramp200_hLR1_m20_p10_seed27_minsym5_cand0_reducedp3_distfullpre_ga0p1_rseed0.pth,1;2;3;4;5;6;7,True,0.1,1.0,5.277348692801354,full_preactivation,1.587572,nan,1.162411,3,5.0,1.0,60.03018306675668,3168.002081359796,full,0.0,,0.0,1e-05,False,0.001,200,5,128,6,5,7,2000,0.00,0.00,0.00,1.00,0,completed,27,200,27,0.0,,,none,chua_orig_nint128_bs16_sig0.0_lr1e-03-1e-05_tfp0_ramp200_hLR1_m20_p10_seed27_minsym5_cand0_reducedp3_distfullpre_ga0p1_rseed0,5,200,parent_free_run,default
2.989283,20,10,3,10,3,0.1,,16,0.0142,2.9893,1,models/chua_orig_nint128_bs16_sig0.0_lr1e-03-1e-05_tfp0_ramp200_hLR1_m20_p10_seed28_minsym5_cand1_reducedp3_distfullpre_ga0p1_rseed0.pth,0;1;2;3;6;7;9,True,0.1,1.0,4.626896279850331,full_preactivation,1.363945,nan,1.039394,3,5.0,1.0,121.77387948034607,5634.351099505603,full,0.0,,0.0,1e-05,False,0.001,200,5,128,8,5,7,2000,0.00,0.00,0.00,1.00,0,completed,28,200,28,0.0,,,none,chua_orig_nint128_bs16_sig0.0_lr1e-03-1e-05_tfp0_ramp200_hLR1_m20_p10_seed28_minsym5_cand1_reducedp3_distfullpre_ga0p1_rseed0,5,200,parent_free_run,default
4.942877,20,10,3,10,3,0.1,,16,0.0585,4.9429,3,models/chua_orig_nint128_bs16_sig0.0_lr1e-03-1e-05_tfp0_ramp200_hLR1_m20_p10_seed26_minsym5_cand3_reducedp3_distfullpre_ga0p1_rseed0.pth,0;1;4;6;7;8;9,True,0.1,1.0,3.7750396034037386,full_preactivation,1.300542,nan,1.126688,1,5.0,1.0,183781833.3230322,6937836991.805914,full,0.0,,0.0,1e-05,False,0.001,200,5,128,5,5,7,2000,0.00,0.00,0.00,1.00,0,completed,26,200,26,0.0,,,none,chua_orig_nint128_bs16_sig0.0_lr1e-03-1e-05_tfp0_ramp200_hLR1_m20_p10_seed26_minsym5_cand3_reducedp3_distfullpre_ga0p1_rseed0,5,200,parent_free_run,default
4.557184,20,10,3,10,3,0.1,,16,0.0558,4.5572,0,models/chua_orig_nint128_bs16_sig0.0_lr1e-03-1e-05_tfp0_ramp200_hLR1_m20_p10_seed26_minsym5_cand0_reducedp3_distfullpre_ga0p1_rseed0.pth,0;1;2;4;5;7;9,True,0.1,1.0,3.0342184329833013,full_preactivation,1.321925,nan,1.166698,3,5.0,1.0,177031171.96552557,5371512451.904344,full,0.0,,0.0,1e-05,False,0.001,200,5,128,6,5,7,2000,0.00,0.00,0.00,1.00,0,completed,26,200,26,0.0,,,none,chua_orig_nint128_bs16_sig0.0_lr1e-03-1e-05_tfp0_ramp200_hLR1_m20_p10_seed26_minsym5_cand0_reducedp3_distfullpre_ga0p1_rseed0,5,200,parent_free_run,default
6.063176,20,10,3,10,4,0.1,,16,0.0121,3.8241,0,models/chua_orig_nint128_bs16_sig0.0_lr1e-03-1e-05_tfp0_ramp200_hLR1_m20_p10_seed29_minsym5_cand0_reducedp3_distfullpre_ga0p1_rseed0.pth,0;1;2;3;5;8;9,True,0.1,1.0,7.698306703075267,full_preactivation,0.904186,nan,0.471569,3,5.0,1.0,25.963871282986897,1998.7784433560914,full,0.0,,0.0,1e-05,False,0.001,200,5,128,8,5,7,2000,0.00,0.00,0.00,1.00,0,completed,29,200,29,0.0,,,none,chua_orig_nint128_bs16_sig0.0_lr1e-03-1e-05_tfp0_ramp200_hLR1_m20_p10_seed29_minsym5_cand0_reducedp3_distfullpre_ga0p1_rseed0,5,200,parent_free_run,default
1.420006,20,10,3,10,5,0.1,,16,0.0074,1.4200,1,models/chua_orig_nint128_bs16_sig0.0_lr1e-03-1e-05_tfp0_ramp200_hLR1_m20_p10_seed29_minsym5_cand1_reducedp3_distfullpre_ga0p1_rseed0.pth,0;1;2;3;6;8;9,True,0.1,1.0,1.2005534689780715,full_preactivation,0.103081,nan,0.087316,5,5.0,1.0,6787.103530087411,81482.80687359757,full,0.0,,0.0,1e-05,False,0.001,200,5,128,5,5,7,2000,0.00,0.00,0.00,1.00,0,completed,29,200,29,0.0,,,none,chua_orig_nint128_bs16_sig0.0_lr1e-03-1e-05_tfp0_ramp200_hLR1_m20_p10_seed29_minsym5_cand1_reducedp3_distfullpre_ga0p1_rseed0,5,200,parent_free_run,default
5.665332,20,10,4,10,5,0.1,,16,0.0173,4.5591,6,models/chua_orig_nint128_bs16_sig0.0_lr1e-03-1e-05_tfp0_ramp200_hLR1_m20_p10_seed6_minsym5_cand6_reducedp4_distfullpre_ga0p1_rseed0.pth,0;2;4;5;7;9,True,0.1,1.0,4.5310482432912575,full_preactivation,0.793789,nan,0.556247,3,5.0,1.0,232742.2092186976,10545661.78220106,full,0.0,,0.0,1e-05,False,0.001,200,5,128,15,5,6,2000,0.00,0.00,0.00,1.00,0,completed,6,200,6,0.0,,,none,chua_orig_nint128_bs16_sig0.0_lr1e-03-1e-05_tfp0_ramp200_hLR1_m20_p10_seed6_minsym5_cand6_reducedp4_distfullpre_ga0p1_rseed0,5,200,parent_free_run,default
1.761155,20,10,4,10,5,0.1,,16,0.0065,1.7612,7,models/chua_orig_nint128_bs16_sig0.0_lr1e-03-1e-05_tfp0_ramp200_hLR1_m20_p10_seed6_minsym5_cand7_reducedp4_distfullpre_ga0p1_rseed0.pth,0;4;5;7;8;9,True,0.1,1.0,3.993825199199549,full_preactivation,0.098017,nan,0.053753,5,5.0,1.0,202552.78553503036,8089604.190378661,full,0.0,,0.0,1e-05,False,0.001,200,5,128,6,5,6,2000,0.00,0.00,0.00,1.00,0,completed,6,200,6,0.0,,,none,chua_orig_nint128_bs16_sig0.0_lr1e-03-1e-05_tfp0_ramp200_hLR1_m20_p10_seed6_minsym5_cand7_reducedp4_distfullpre_ga0p1_rseed0,5,200,parent_free_run,default
5.588556,20,10,3,10,4,0.1,,16,0.0687,5.5886,0,models/chua_orig_nint128_bs16_sig0.0_lr1e-03-1e-05_tfp0_ramp200_hLR1_m20_p10_seed16_minsym5_cand0_reducedp3_distsym_ga0p1_rseed0.pth,0;1;2;3;4;5;8,True,0.1,1.0,18.21702716514447,symbol,9.639681,nan,2.261579,1,5.0,1.0,80.02404249834608,14578.00156057064,symbol,0.0,,0.0,1e-05,False,0.001,200,5,128,6,5,7,2000,0.00,0.00,0.00,1.00,0,completed,16,200,16,0.0,1.0,,none,chua_orig_nint128_bs16_sig0.0_lr1e-03-1e-05_tfp0_ramp200_hLR1_m20_p10_seed16_minsym5_cand0_reducedp3_distsym_ga0p1_rseed0,5,200,parent_free_run,default
12.435659,20,10,3,10,5,0.1,,16,0.0383,7.4753,1,models/chua_orig_nint128_bs16_sig0.0_lr1e-03-1e-05_tfp0_ramp200_hLR1_m20_p10_seed7_minsym5_cand1_reducedp3_distsym_ga0p1_rseed0.pth,0;1;4;5;6;7;9,True,0.1,1.0,699.7273177226464,symbol,127.673233,nan,1.275166,5,5.0,1.0,1453.7279642837668,10172131.691466838,symbol,0.0,,0.0,1e-05,False,0.001,200,5,128,5,5,7,2000,0.00,0.00,0.00,1.00,0,completed,7,200,7,0.0,1.0,,none,chua_orig_nint128_bs16_sig0.0_lr1e-03-1e-05_tfp0_ramp200_hLR1_m20_p10_seed7_minsym5_cand1_reducedp3_distsym_ga0p1_rseed0,5,200,parent_free_run,default
10.111249,20,10,3,10,4,0.1,,16,0.1718,8.8012,0,models/chua_orig_nint128_bs16_sig0.0_lr1e-03-1e-05_tfp0_ramp200_hLR1_m20_p10_seed10_minsym5_cand0_reducedp3_distsym_ga0p1_rseed0.pth,0;1;2;4;5;6;7,True,0.1,1.0,100.7202791712596,symbol,40.824806,nan,2.828404,3,5.0,1.0,6.423789428149007,6470.058645406547,symbol,0.0,,0.0,1e-05,False,0.001,200,5,128,1,5,7,2000,0.00,0.00,0.00,1.00,0,completed,10,200,10,0.0,1.0,,none,chua_orig_nint128_bs16_sig0.0_lr1e-03-1e-05_tfp0_ramp200_hLR1_m20_p10_seed10_minsym5_cand0_reducedp3_distsym_ga0p1_rseed0,5,200,parent_free_run,default
12.346085,20,10,3,10,2,0.1,,16,0.2686,10.4618,0,models/chua_orig_nint128_bs16_sig0.0_lr1e-03-1e-05_tfp0_ramp200_hLR1_m20_p10_seed0_minsym5_cand0_reducedp3_distsym_ga0p1_rseed0.pth,0;1;3;4;5;7;9,True,0.1,1.0,79.45758491475145,symbol,22.073906,nan,1.501561,1,5.0,1.0,13.420607372637077,10663.690499189293,symbol,0.0,,0.0,1e-05,False,0.001,200,5,128,2,5,7,2000,0.00,0.00,0.00,1.00,0,completed,0,200,0,0.0,1.0,,none,chua_orig_nint128_bs16_sig0.0_lr1e-03-1e-05_tfp0_ramp200_hLR1_m20_p10_seed0_minsym5_cand0_reducedp3_distsym_ga0p1_rseed0,5,200,parent_free_run,default
8.748934,20,10,3,10,3,0.1,,16,0.1214,7.3932,0,models/chua_orig_nint128_bs16_sig0.0_lr1e-03-1e-05_tfp0_ramp200_hLR1_m20_p10_seed2_minsym5_cand0_reducedp3_distsym_ga0p1_rseed0.pth,2;4;5;6;7;8;9,True,0.1,1.0,100787.43866811818,symbol,460918611567051878556499968.000000,nan,460918611567051878556499968.000000,1,5.0,1.0,217958.08605325932,219674372303.13297,symbol,0.0,,0.0,1e-05,False,0.001,200,5,128,1,5,7,2000,0.00,0.00,0.00,1.00,0,completed,2,200,2,0.0,1.0,,none,chua_orig_nint128_bs16_sig0.0_lr1e-03-1e-05_tfp0_ramp200_hLR1_m20_p10_seed2_minsym5_cand0_reducedp3_distsym_ga0p1_rseed0,5,200,parent_free_run,default
12.001669,20,10,3,10,5,0.1,,16,0.0592,7.2890,3,models/chua_orig_nint128_bs16_sig0.0_lr1e-03-1e-05_tfp0_ramp200_hLR1_m20_p10_seed3_minsym5_cand3_reducedp3_distsym_ga0p1_rseed0.pth,0;1;3;4;6;7;8,True,0.1,1.0,177.38138695646347,symbol,35.626556,nan,1.062938,4,5.0,1.0,747.563909486734,1326039.2310335317,symbol,0.0,,0.0,1e-05,False,0.001,200,5,128,5,5,7,2000,0.00,0.00,0.00,1.00,0,completed,3,200,3,0.0,1.0,,none,chua_orig_nint128_bs16_sig0.0_lr1e-03-1e-05_tfp0_ramp200_hLR1_m20_p10_seed3_minsym5_cand3_reducedp3_distsym_ga0p1_rseed0,5,200,parent_free_run,default
11.953430,20,10,3,10,5,0.1,,16,0.1007,8.4340,0,models/chua_orig_nint128_bs16_sig0.0_lr1e-03-1e-05_tfp0_ramp200_hLR1_m20_p10_seed8_minsym5_cand0_reducedp3_distsym_ga0p1_rseed0.pth,0;3;4;5;6;7;8,True,0.1,1.0,582841.0263698546,symbol,96187.328125,nan,20.714098,2,5.0,1.0,15.679008191669864,91383692.26894803,symbol,0.0,,0.0,1e-05,False,0.001,200,5,128,5,5,7,2000,0.00,0.00,0.00,1.00,0,completed,8,200,8,0.0,1.0,,none,chua_orig_nint128_bs16_sig0.0_lr1e-03-1e-05_tfp0_ramp200_hLR1_m20_p10_seed8_minsym5_cand0_reducedp3_distsym_ga0p1_rseed0,5,200,parent_free_run,default
10.440064,20,10,3,10,3,0.1,,16,0.2432,8.2539,0,models/chua_orig_nint128_bs16_sig0.0_lr1e-03-1e-05_tfp0_ramp200_hLR1_m20_p10_seed11_minsym5_cand0_reducedp3_distsym_ga0p1_rseed0.pth,0;1;3;4;5;6;9,True,0.1,1.0,1097.9559729195933,symbol,321.032928,nan,4.358150,1,5.0,1.0,637.8149553609609,7002927.398560119,symbol,0.0,,0.0,1e-05,False,0.001,200,5,128,3,5,7,2000,0.00,0.00,0.00,1.00,0,completed,11,200,11,0.0,1.0,,none,chua_orig_nint128_bs16_sig0.0_lr1e-03-1e-05_tfp0_ramp200_hLR1_m20_p10_seed11_minsym5_cand0_reducedp3_distsym_ga0p1_rseed0,5,200,parent_free_run,default
10.397145,20,10,3,10,4,0.1,,16,0.1653,8.9522,1,models/chua_orig_nint128_bs16_sig0.0_lr1e-03-1e-05_tfp0_ramp200_hLR1_m20_p10_seed8_minsym5_cand1_reducedp3_distsym_ga0p1_rseed0.pth,0;3;4;6;7;8;9,True,0.1,1.0,6241.189782219769,symbol,1504.430542,nan,2.420678,3,5.0,1.0,1459.3634994151707,91081645.61094455,symbol,0.0,,0.0,1e-05,False,0.001,200,5,128,1,5,7,2000,0.00,0.00,0.00,1.00,0,completed,8,200,8,0.0,1.0,,none,chua_orig_nint128_bs16_sig0.0_lr1e-03-1e-05_tfp0_ramp200_hLR1_m20_p10_seed8_minsym5_cand1_reducedp3_distsym_ga0p1_rseed0,5,200,parent_free_run,default
14.147929,20,10,3,10,3,0.1,,16,0.3053,9.6226,1,models/chua_orig_nint128_bs16_sig0.0_lr1e-03-1e-05_tfp0_ramp200_hLR1_m20_p10_seed3_minsym5_cand1_reducedp3_distsym_ga0p1_rseed0.pth,0;1;2;3;4;6;8,True,0.1,1.0,378.4713524985161,symbol,174.722519,nan,4.225226,1,5.0,1.0,1096.9504479593963,4151643.196630462,symbol,0.0,,0.0,1e-05,False,0.001,200,5,128,5,5,7,2000,0.00,0.00,0.00,1.00,0,completed,3,200,3,0.0,1.0,,none,chua_orig_nint128_bs16_sig0.0_lr1e-03-1e-05_tfp0_ramp200_hLR1_m20_p10_seed3_minsym5_cand1_reducedp3_distsym_ga0p1_rseed0,5,200,parent_free_run,default
7.145559,20,10,3,10,5,0.1,,16,0.0279,6.6008,0,models/chua_orig_nint128_bs16_sig0.0_lr1e-03-1e-05_tfp0_ramp200_hLR1_m20_p10_seed9_minsym5_cand0_reducedp3_distsym_ga0p1_rseed0.pth,0;1;2;3;5;6;8,True,0.1,1.0,283653.46040699503,symbol,45756.714844,nan,2.404948,3,5.0,1.0,64216.38755021961,182152005434.56467,symbol,0.0,,0.0,1e-05,False,0.001,200,5,128,5,5,7,2000,0.00,0.00,0.00,1.00,0,completed,9,200,9,0.0,1.0,,none,chua_orig_nint128_bs16_sig0.0_lr1e-03-1e-05_tfp0_ramp200_hLR1_m20_p10_seed9_minsym5_cand0_reducedp3_distsym_ga0p1_rseed0,5,200,parent_free_run,default
10.230175,20,10,3,10,3,0.1,,16,0.1736,9.0712,3,models/chua_orig_nint128_bs16_sig0.0_lr1e-03-1e-05_tfp0_ramp200_hLR1_m20_p10_seed4_minsym5_cand3_reducedp3_distsym_ga0p1_rseed0.pth,1;2;3;4;5;7;8,True,0.1,1.0,2349.703103139835,symbol,713.419617,nan,6.228428,2,5.0,1.0,3249.484047386408,76353227.49747235,symbol,0.0,,0.0,1e-05,False,0.001,200,5,128,1,5,7,2000,0.00,0.00,0.00,1.00,0,completed,4,200,4,0.0,1.0,,none,chua_orig_nint128_bs16_sig0.0_lr1e-03-1e-05_tfp0_ramp200_hLR1_m20_p10_seed4_minsym5_cand3_reducedp3_distsym_ga0p1_rseed0,5,200,parent_free_run,default
9.573842,20,10,3,10,5,0.1,,16,0.0867,9.5738,0,models/chua_orig_nint128_bs16_sig0.0_lr1e-03-1e-05_tfp0_ramp200_hLR1_m20_p10_seed3_minsym5_cand0_reducedp3_distsym_ga0p1_rseed0.pth,0;1;2;3;4;5;8,True,0.1,1.0,151.02872915188107,symbol,29.249844,nan,1.160616,5,5.0,1.0,675.2136485071752,1019766.5924004375,symbol,0.0,,0.0,1e-05,False,0.001,200,5,128,5,5,7,2000,0.00,0.00,0.00,1.00,0,completed,3,200,3,0.0,1.0,,none,chua_orig_nint128_bs16_sig0.0_lr1e-03-1e-05_tfp0_ramp200_hLR1_m20_p10_seed3_minsym5_cand0_reducedp3_distsym_ga0p1_rseed0,5,200,parent_free_run,default
3.004894,20,10,3,10,5,0.1,,16,0.0165,3.0049,0,models/chua_orig_nint128_bs16_sig0.0_lr1e-03-1e-05_tfp0_ramp200_hLR1_m20_p10_seed15_minsym5_cand0_reducedp3_distsym_ga0p1_rseed0.pth,0;2;3;5;6;7;8,True,0.1,1.0,41.68344219887958,symbol,5.388118,nan,0.315985,5,5.0,1.0,68.18082566642845,28420.115057384974,symbol,0.0,,0.0,1e-05,False,0.001,200,5,128,5,5,7,2000,0.00,0.00,0.00,1.00,0,completed,15,200,15,0.0,1.0,,none,chua_orig_nint128_bs16_sig0.0_lr1e-03-1e-05_tfp0_ramp200_hLR1_m20_p10_seed15_minsym5_cand0_reducedp3_distsym_ga0p1_rseed0,5,200,parent_free_run,default
10.826837,20,10,3,10,5,0.1,,16,0.0484,8.3059,0,models/chua_orig_nint128_bs16_sig0.0_lr1e-03-1e-05_tfp0_ramp200_hLR1_m20_p10_seed13_minsym5_cand0_reducedp3_distsym_ga0p1_rseed0.pth,0;1;2;3;5;7;8,True,0.1,1.0,9925.016181159022,symbol,2709.558838,nan,1.891942,5,5.0,1.0,919.4511628781427,91255676.69351056,symbol,0.0,,0.0,1e-05,False,0.001,200,5,128,6,5,7,2000,0.00,0.00,0.00,1.00,0,completed,13,200,13,0.0,1.0,,none,chua_orig_nint128_bs16_sig0.0_lr1e-03-1e-05_tfp0_ramp200_hLR1_m20_p10_seed13_minsym5_cand0_reducedp3_distsym_ga0p1_rseed0,5,200,parent_free_run,default
2.208210,20,10,3,10,5,0.1,,16,0.0179,2.2082,2,models/chua_orig_nint128_bs16_sig0.0_lr1e-03-1e-05_tfp0_ramp200_hLR1_m20_p10_seed7_minsym5_cand2_reducedp3_distsym_ga0p1_rseed0.pth,1;2;4;5;7;8;9,True,0.1,1.0,6.511284009934125,symbol,0.557341,nan,0.098478,5,5.0,1.0,115.796054452674,7539.8099777116395,symbol,0.0,,0.0,1e-05,False,0.001,200,5,128,5,5,7,2000,0.00,0.00,0.00,1.00,0,completed,7,200,7,0.0,1.0,,none,chua_orig_nint128_bs16_sig0.0_lr1e-03-1e-05_tfp0_ramp200_hLR1_m20_p10_seed7_minsym5_cand2_reducedp3_distsym_ga0p1_rseed0,5,200,parent_free_run,default
12.101380,20,10,4,10,5,0.1,,16,0.1166,7.1463,1,models/chua_orig_nint128_bs16_sig0.0_lr1e-03-1e-05_tfp0_ramp200_hLR1_m20_p10_seed6_minsym5_cand1_reducedp4_distsym_ga0p1_rseed0.pth,0;1;2;4;7;9,True,0.1,1.0,329.34029813505464,symbol,2207683.250000,nan,2015047.875000,3,5.0,1.0,408.5344153186557,1345468.4613947663,symbol,0.0,,0.0,1e-05,False,0.001,200,5,128,5,5,6,2000,0.00,0.00,0.00,1.00,0,completed,6,200,6,0.0,1.0,,none,chua_orig_nint128_bs16_sig0.0_lr1e-03-1e-05_tfp0_ramp200_hLR1_m20_p10_seed6_minsym5_cand1_reducedp4_distsym_ga0p1_rseed0,5,200,parent_free_run,default
7.637802,20,10,3,10,5,0.1,,16,0.0438,5.7876,2,models/chua_orig_nint128_bs16_sig0.0_lr1e-03-1e-05_tfp0_ramp200_hLR1_m20_p10_seed3_minsym5_cand2_reducedp3_distsym_ga0p1_rseed0.pth,0;1;3;4;5;7;8,True,0.1,1.0,155.74454319663948,symbol,31.137539,nan,1.129242,3,5.0,1.0,1010.8779785897289,1574387.2900299977,symbol,0.0,,0.0,1e-05,False,0.001,200,5,128,5,5,7,2000,0.00,0.00,0.00,1.00,0,completed,3,200,3,0.0,1.0,,none,chua_orig_nint128_bs16_sig0.0_lr1e-03-1e-05_tfp0_ramp200_hLR1_m20_p10_seed3_minsym5_cand2_reducedp3_distsym_ga0p1_rseed0,5,200,parent_free_run,default
7.024534,20,10,3,10,5,0.1,,16,0.0573,6.8923,1,models/chua_orig_nint128_bs16_sig0.0_lr1e-03-1e-05_tfp0_ramp200_hLR1_m20_p10_seed11_minsym5_cand1_reducedp3_distsym_ga0p1_rseed0.pth,0;1;3;5;6;7;9,True,0.1,1.0,405.3888627360097,symbol,43.196644,nan,0.711989,6,5.0,1.0,141.01817273319065,571671.9666941873,symbol,0.0,,0.0,1e-05,False,0.001,200,5,128,5,5,7,2000,0.00,0.00,0.00,1.00,0,completed,11,200,11,0.0,1.0,,none,chua_orig_nint128_bs16_sig0.0_lr1e-03-1e-05_tfp0_ramp200_hLR1_m20_p10_seed11_minsym5_cand1_reducedp3_distsym_ga0p1_rseed0,5,200,parent_free_run,default
9.200605,20,10,3,10,4,0.1,,16,0.0359,6.5828,0,models/chua_orig_nint128_bs16_sig0.0_lr1e-03-1e-05_tfp0_ramp200_hLR1_m20_p10_seed14_minsym5_cand0_reducedp3_distsym_ga0p1_rseed0.pth,0;1;2;5;6;7;8,True,0.1,1.0,51.356660428184455,symbol,10.534995,nan,0.991025,3,5.0,1.0,14.91535738663574,7660.029444705157,symbol,0.0,,0.0,1e-05,False,0.001,200,5,128,3,5,7,2000,0.00,0.00,0.00,1.00,0,completed,14,200,14,0.0,1.0,,none,chua_orig_nint128_bs16_sig0.0_lr1e-03-1e-05_tfp0_ramp200_hLR1_m20_p10_seed14_minsym5_cand0_reducedp3_distsym_ga0p1_rseed0,5,200,parent_free_run,default
9.331851,20,10,3,10,4,0.1,,16,0.0320,5.9058,2,models/chua_orig_nint128_bs16_sig0.0_lr1e-03-1e-05_tfp0_ramp200_hLR1_m20_p10_seed4_minsym5_cand2_reducedp3_distsym_ga0p1_rseed0.pth,1;2;3;4;5;6;8,True,0.1,1.0,17.38272972628357,symbol,6.176647,nan,1.353464,3,5.0,1.0,16.7654071306647,2914.285409034692,symbol,0.0,,0.0,1e-05,False,0.001,200,5,128,5,5,7,2000,0.00,0.00,0.00,1.00,0,completed,4,200,4,0.0,1.0,,none,chua_orig_nint128_bs16_sig0.0_lr1e-03-1e-05_tfp0_ramp200_hLR1_m20_p10_seed4_minsym5_cand2_reducedp3_distsym_ga0p1_rseed0,5,200,parent_free_run,default
4.612466,20,10,3,10,5,0.1,,16,0.0338,4.0846,0,models/chua_orig_nint128_bs16_sig0.0_lr1e-03-1e-05_tfp0_ramp200_hLR1_m20_p10_seed7_minsym5_cand0_reducedp3_distsym_ga0p1_rseed0.pth,0;1;2;4;5;7;9,True,0.1,1.0,5.912029508534559,symbol,3.290564,nan,1.253375,1,5.0,1.0,229.91439891589528,13592.607108277647,symbol,0.0,,0.0,1e-05,False,0.001,200,5,128,5,5,7,2000,0.00,0.00,0.00,1.00,0,completed,7,200,7,0.0,1.0,,none,chua_orig_nint128_bs16_sig0.0_lr1e-03-1e-05_tfp0_ramp200_hLR1_m20_p10_seed7_minsym5_cand0_reducedp3_distsym_ga0p1_rseed0,5,200,parent_free_run,default
10.343821,20,10,3,10,5,0.1,,16,0.0952,9.5119,1,models/chua_orig_nint128_bs16_sig0.0_lr1e-03-1e-05_tfp0_ramp200_hLR1_m20_p10_seed9_minsym5_cand1_reducedp3_distsym_ga0p1_rseed0.pth,0;1;2;3;5;7;8,True,0.1,1.0,177964.0212777266,symbol,24211.257812,nan,1.899649,5,5.0,1.0,103737.00325341965,184614542542.79166,symbol,0.0,,0.0,1e-05,False,0.001,200,5,128,4,5,7,2000,0.00,0.00,0.00,1.00,0,completed,9,200,9,0.0,1.0,,none,chua_orig_nint128_bs16_sig0.0_lr1e-03-1e-05_tfp0_ramp200_hLR1_m20_p10_seed9_minsym5_cand1_reducedp3_distsym_ga0p1_rseed0,5,200,parent_free_run,default
4.768392,20,10,4,10,4,0.1,,16,0.0241,2.9415,8,models/chua_orig_nint128_bs16_sig0.0_lr1e-03-1e-05_tfp0_ramp200_hLR1_m20_p10_seed6_minsym5_cand8_reducedp4_distfullpre_ga0p1_rseed0.pth,1;2;4;5;8;9,True,0.1,1.0,8.17363682870889,full_preactivation,0.689818,nan,0.397842,3,5.0,1.0,23275.102894509404,1902422.3821055093,full,0.0,,0.0,1e-05,False,0.001,200,5,128,11,5,6,2000,0.00,0.00,0.00,1.00,0,completed,6,200,6,0.0,,,none,chua_orig_nint128_bs16_sig0.0_lr1e-03-1e-05_tfp0_ramp200_hLR1_m20_p10_seed6_minsym5_cand8_reducedp4_distfullpre_ga0p1_rseed0,5,200,parent_free_run,default
13.104758,20,10,3,10,4,0.1,,16,0.1146,9.2122,1,models/chua_orig_nint128_bs16_sig0.0_lr1e-03-1e-05_tfp0_ramp200_hLR1_m20_p10_seed4_minsym5_cand1_reducedp3_distsym_ga0p1_rseed0.pth,0;1;4;6;7;8;9,True,0.1,1.0,3140.4061511941627,symbol,824.939392,nan,4.153970,2,5.0,1.0,1945.7827300644817,61105480.54381872,symbol,0.0,,0.0,1e-05,False,0.001,200,5,128,6,5,7,2000,0.00,0.00,0.00,1.00,0,completed,4,200,4,0.0,1.0,,none,chua_orig_nint128_bs16_sig0.0_lr1e-03-1e-05_tfp0_ramp200_hLR1_m20_p10_seed4_minsym5_cand1_reducedp3_distsym_ga0p1_rseed0,5,200,parent_free_run,default
12.082496,20,10,3,10,4,0.1,,16,0.0671,7.5685,3,models/chua_orig_nint128_bs16_sig0.0_lr1e-03-1e-05_tfp0_ramp200_hLR1_m20_p10_seed7_minsym5_cand3_reducedp3_distsym_ga0p1_rseed0.pth,1;4;5;6;7;8;9,True,0.1,1.0,574.7862314736686,symbol,2820651517446472318531647045632.000000,nan,2820651517446472318531647045632.000000,2,5.0,1.0,1832.7681186432417,10534498.80080035,symbol,0.0,,0.0,1e-05,False,0.001,200,5,128,4,5,7,2000,0.00,0.00,0.00,1.00,0,completed,7,200,7,0.0,1.0,,none,chua_orig_nint128_bs16_sig0.0_lr1e-03-1e-05_tfp0_ramp200_hLR1_m20_p10_seed7_minsym5_cand3_reducedp3_distsym_ga0p1_rseed0,5,200,parent_free_run,default
12.414894,20,10,3,10,5,0.1,,16,0.0287,8.0268,1,models/chua_orig_nint128_bs16_sig0.0_lr1e-03-1e-05_tfp0_ramp200_hLR1_m20_p10_seed13_minsym5_cand1_reducedp3_distsym_ga0p1_rseed0.pth,0;1;2;5;7;8;9,True,0.1,1.0,18495.830453619183,symbol,5002.371582,nan,0.865363,2,5.0,1.0,808.4482595558644,149529219.392688,symbol,0.0,,0.0,1e-05,False,0.001,200,5,128,5,5,7,2000,0.00,0.00,0.00,1.00,0,completed,13,200,13,0.0,1.0,,none,chua_orig_nint128_bs16_sig0.0_lr1e-03-1e-05_tfp0_ramp200_hLR1_m20_p10_seed13_minsym5_cand1_reducedp3_distsym_ga0p1_rseed0,5,200,parent_free_run,default
4.464649,20,10,3,10,5,0.1,,16,0.0173,4.1852,0,models/chua_orig_nint128_bs16_sig0.0_lr1e-03-1e-05_tfp0_ramp200_hLR1_m20_p10_seed17_minsym5_cand0_reducedp3_distsym_ga0p1_rseed0.pth,0;1;2;3;4;6;8,True,0.1,1.0,33.66919511507911,symbol,5.856118,nan,0.386300,4,5.0,1.0,8.804507134391724,2964.4066859997465,symbol,0.0,,0.0,1e-05,False,0.001,200,5,128,5,5,7,2000,0.00,0.00,0.00,1.00,0,completed,17,200,17,0.0,1.0,,none,chua_orig_nint128_bs16_sig0.0_lr1e-03-1e-05_tfp0_ramp200_hLR1_m20_p10_seed17_minsym5_cand0_reducedp3_distsym_ga0p1_rseed0,5,200,parent_free_run,default
8.541052,20,10,4,10,4,0.1,,16,0.0133,4.4472,9,models/chua_orig_nint128_bs16_sig0.0_lr1e-03-1e-05_tfp0_ramp200_hLR1_m20_p10_seed6_minsym5_cand9_reducedp4_distfullpre_ga0p1_rseed0.pth,1;2;4;7;8;9,True,0.1,1.0,9.054153099413597,full_preactivation,0.881045,nan,0.486536,1,5.0,1.0,576.8355857337081,52227.5770642292,full,0.0,,0.0,1e-05,False,0.001,200,5,128,9,5,6,2000,0.00,0.00,0.00,1.00,0,completed,6,200,6,0.0,,,none,chua_orig_nint128_bs16_sig0.0_lr1e-03-1e-05_tfp0_ramp200_hLR1_m20_p10_seed6_minsym5_cand9_reducedp4_distfullpre_ga0p1_rseed0,5,200,parent_free_run,default
1.305415,20,10,4,10,5,0.1,,16,0.0086,1.3054,10,models/chua_orig_nint128_bs16_sig0.0_lr1e-03-1e-05_tfp0_ramp200_hLR1_m20_p10_seed6_minsym5_cand10_reducedp4_distfullpre_ga0p1_rseed0.pth,1;2;5;7;8;9,True,0.1,1.0,8.1970144265903,full_preactivation,0.090283,nan,0.058036,5,5.0,1.0,24247.22029944876,1987548.1459929468,full,0.0,,0.0,1e-05,False,0.001,200,5,128,5,5,6,2000,0.00,0.00,0.00,1.00,0,completed,6,200,6,0.0,,,none,chua_orig_nint128_bs16_sig0.0_lr1e-03-1e-05_tfp0_ramp200_hLR1_m20_p10_seed6_minsym5_cand10_reducedp4_distfullpre_ga0p1_rseed0,5,200,parent_free_run,default
1.680328,20,10,4,10,5,0.1,,16,0.0115,1.6803,11,models/chua_orig_nint128_bs16_sig0.0_lr1e-03-1e-05_tfp0_ramp200_hLR1_m20_p10_seed6_minsym5_cand11_reducedp4_distfullpre_ga0p1_rseed0.pth,2;4;5;7;8;9,True,0.1,1.0,4.02220619174372,full_preactivation,0.234638,nan,0.168839,5,5.0,1.0,103970.56319939793,4181910.4305970017,full,0.0,,0.0,1e-05,False,0.001,200,5,128,8,5,6,2000,0.00,0.00,0.00,1.00,0,completed,6,200,6,0.0,,,none,chua_orig_nint128_bs16_sig0.0_lr1e-03-1e-05_tfp0_ramp200_hLR1_m20_p10_seed6_minsym5_cand11_reducedp4_distfullpre_ga0p1_rseed0,5,200,parent_free_run,default
1.459548,20,10,3,10,5,0.1,,16,0.0076,1.4595,7,models/chua_orig_nint128_bs16_sig0.0_lr1e-03-1e-05_tfp0_ramp200_hLR1_m20_p10_seed10_minsym5_cand7_reducedp3_distfullpre_ga0p1_rseed0.pth,0;1;3;4;5;7;8,True,0.1,1.0,7.323569478232319,full_preactivation,0.186095,nan,0.126260,4,5.0,1.0,92.25655976416552,6756.473252555656,full,0.0,,0.0,1e-05,False,0.001,200,5,128,5,5,7,2000,0.00,0.00,0.00,1.00,0,completed,10,200,10,0.0,,,none,chua_orig_nint128_bs16_sig0.0_lr1e-03-1e-05_tfp0_ramp200_hLR1_m20_p10_seed10_minsym5_cand7_reducedp3_distfullpre_ga0p1_rseed0,5,200,parent_free_run,default
1.341265,20,10,3,10,5,0.1,,16,0.0117,1.3413,6,models/chua_orig_nint128_bs16_sig0.0_lr1e-03-1e-05_tfp0_ramp200_hLR1_m20_p10_seed10_minsym5_cand6_reducedp3_distfullpre_ga0p1_rseed0.pth,0;1;3;4;5;6;8,True,0.1,1.0,8.365423994163946,full_preactivation,0.202382,nan,0.124081,5,5.0,1.0,95.35742465529178,7977.052882330667,full,0.0,,0.0,1e-05,False,0.001,200,5,128,5,5,7,2000,0.00,0.00,0.00,1.00,0,completed,10,200,10,0.0,,,none,chua_orig_nint128_bs16_sig0.0_lr1e-03-1e-05_tfp0_ramp200_hLR1_m20_p10_seed10_minsym5_cand6_reducedp3_distfullpre_ga0p1_rseed0,5,200,parent_free_run,default
1.297079,20,10,3,10,5,0.1,,16,0.0101,1.2971,7,models/chua_orig_nint128_bs16_sig0.0_lr1e-03-1e-05_tfp0_ramp200_hLR1_m20_p10_seed11_minsym5_cand7_reducedp3_distfullpre_ga0p1_rseed0.pth,3;4;5;6;7;8;9,True,0.1,1.0,10.802787433080052,full_preactivation,0.198866,nan,0.118215,5,5.0,1.0,42.86700758662497,4630.831708505503,full,0.0,,0.0,1e-05,False,0.001,200,5,128,5,5,7,2000,0.00,0.00,0.00,1.00,0,completed,11,200,11,0.0,,,none,chua_orig_nint128_bs16_sig0.0_lr1e-03-1e-05_tfp0_ramp200_hLR1_m20_p10_seed11_minsym5_cand7_reducedp3_distfullpre_ga0p1_rseed0,5,200,parent_free_run,default
1.252394,20,10,3,10,5,0.1,,16,0.0064,1.2524,8,models/chua_orig_nint128_bs16_sig0.0_lr1e-03-1e-05_tfp0_ramp200_hLR1_m20_p10_seed10_minsym5_cand8_reducedp3_distfullpre_ga0p1_rseed0.pth,0;1;3;4;6;7;8,True,0.1,1.0,7.557134941501832,full_preactivation,0.129958,nan,0.087354,5,5.0,1.0,106.28631140062159,8032.199976889893,full,0.0,,0.0,1e-05,False,0.001,200,5,128,5,5,7,2000,0.00,0.00,0.00,1.00,0,completed,10,200,10,0.0,,,none,chua_orig_nint128_bs16_sig0.0_lr1e-03-1e-05_tfp0_ramp200_hLR1_m20_p10_seed10_minsym5_cand8_reducedp3_distfullpre_ga0p1_rseed0,5,200,parent_free_run,default
1.253626,20,10,3,10,5,0.1,,16,0.0060,1.2536,9,models/chua_orig_nint128_bs16_sig0.0_lr1e-03-1e-05_tfp0_ramp200_hLR1_m20_p10_seed10_minsym5_cand9_reducedp3_distfullpre_ga0p1_rseed0.pth,0;1;3;5;6;7;8,True,0.1,1.0,7.563740727768414,full_preactivation,0.112489,nan,0.069550,5,5.0,1.0,106.37673740783576,8046.060612187805,full,0.0,,0.0,1e-05,False,0.001,200,5,128,5,5,7,2000,0.00,0.00,0.00,1.00,0,completed,10,200,10,0.0,,,none,chua_orig_nint128_bs16_sig0.0_lr1e-03-1e-05_tfp0_ramp200_hLR1_m20_p10_seed10_minsym5_cand9_reducedp3_distfullpre_ga0p1_rseed0,5,200,parent_free_run,default
11.482449,20,10,3,10,2,0.1,,16,0.0241,7.6024,6,models/chua_orig_nint128_bs16_sig0.0_lr1e-03-1e-05_tfp0_ramp200_hLR1_m20_p10_seed11_minsym5_cand6_reducedp3_distfullpre_ga0p1_rseed0.pth,1;3;4;5;6;7;9,True,0.1,1.0,1.463113643170284,full_preactivation,1.058094,nan,0.763017,0,5.0,1.0,121671.26464371117,1780188.8728199601,full,0.0,,0.0,1e-05,False,0.001,200,5,128,2,5,7,2000,0.00,0.00,0.00,1.00,0,completed,11,200,11,0.0,,,none,chua_orig_nint128_bs16_sig0.0_lr1e-03-1e-05_tfp0_ramp200_hLR1_m20_p10_seed11_minsym5_cand6_reducedp3_distfullpre_ga0p1_rseed0,5,200,parent_free_run,default
1.311667,20,10,4,10,5,0.1,,16,0.0127,1.3117,6,models/chua_orig_nint128_bs16_sig0.0_lr1e-03-1e-05_tfp0_ramp200_hLR1_m20_p10_seed22_minsym5_cand6_reducedp4_distfullpre_ga0p1_rseed0.pth,1;2;3;4;7;9,True,0.1,1.0,4.115456617828008,full_preactivation,0.213236,nan,0.165576,5,5.0,1.0,107.56779145120731,4426.905791930183,full,0.0,,0.0,1e-05,False,0.001,200,5,128,5,5,6,2000,0.00,0.00,0.00,1.00,0,completed,22,200,22,0.0,,,none,chua_orig_nint128_bs16_sig0.0_lr1e-03-1e-05_tfp0_ramp200_hLR1_m20_p10_seed22_minsym5_cand6_reducedp4_distfullpre_ga0p1_rseed0,5,200,parent_free_run,default
2.524790,20,10,3,10,4,0.1,,16,0.0114,2.5248,6,models/chua_orig_nint128_bs16_sig0.0_lr1e-03-1e-05_tfp0_ramp200_hLR1_m20_p10_seed15_minsym5_cand6_reducedp3_distfullpre_ga0p1_rseed0.pth,2;3;5;6;7;8;9,True,0.1,1.0,2.282266009272227,full_preactivation,1.051620,nan,0.881201,4,5.0,1.0,3014.046624180584,68788.5616072905,full,0.0,,0.0,1e-05,False,0.001,200,5,128,6,5,7,2000,0.00,0.00,0.00,1.00,0,completed,15,200,15,0.0,,,none,chua_orig_nint128_bs16_sig0.0_lr1e-03-1e-05_tfp0_ramp200_hLR1_m20_p10_seed15_minsym5_cand6_reducedp3_distfullpre_ga0p1_rseed0,5,200,parent_free_run,default
1.250348,20,10,3,10,5,0.1,,16,0.0071,1.2441,6,models/chua_orig_nint128_bs16_sig0.0_lr1e-03-1e-05_tfp0_ramp200_hLR1_m20_p10_seed13_minsym5_cand6_reducedp3_distfullpre_ga0p1_rseed0.pth,1;2;3;5;7;8;9,True,0.1,1.0,1.4058812623047015,full_preactivation,0.043396,nan,0.032808,6,5.0,1.0,5.628057272221324,79.12380262195076,full,0.0,,0.0,1e-05,False,0.001,200,5,128,5,5,7,2000,0.00,0.00,0.00,1.00,0,completed,13,200,13,0.0,,,none,chua_orig_nint128_bs16_sig0.0_lr1e-03-1e-05_tfp0_ramp200_hLR1_m20_p10_seed13_minsym5_cand6_reducedp3_distfullpre_ga0p1_rseed0,5,200,parent_free_run,default
4.572212,20,10,3,10,4,0.1,,16,0.0197,3.7889,6,models/chua_orig_nint128_bs16_sig0.0_lr1e-03-1e-05_tfp0_ramp200_hLR1_m20_p10_seed18_minsym5_cand6_reducedp3_distfullpre_ga0p1_rseed0.pth,1;2;3;4;5;7;9,True,0.1,1.0,4.0606528479179556,full_preactivation,0.730726,nan,0.471855,2,5.0,1.0,17066.088682585563,692994.6161176146,full,0.0,,0.0,1e-05,False,0.001,200,5,128,8,5,7,2000,0.00,0.00,0.00,1.00,0,completed,18,200,18,0.0,,,none,chua_orig_nint128_bs16_sig0.0_lr1e-03-1e-05_tfp0_ramp200_hLR1_m20_p10_seed18_minsym5_cand6_reducedp3_distfullpre_ga0p1_rseed0,5,200,parent_free_run,default
1.193878,20,10,3,10,5,0.1,,16,0.0062,1.1939,7,models/chua_orig_nint128_bs16_sig0.0_lr1e-03-1e-05_tfp0_ramp200_hLR1_m20_p10_seed13_minsym5_cand7_reducedp3_distfullpre_ga0p1_rseed0.pth,2;3;5;6;7;8;9,True,0.1,1.0,1.0454216585955136,full_preactivation,0.045771,nan,0.037215,5,5.0,1.0,7.2246367955983,75.52791781605598,full,0.0,,0.0,1e-05,False,0.001,200,5,128,5,5,7,2000,0.00,0.00,0.00,1.00,0,completed,13,200,13,0.0,,,none,chua_orig_nint128_bs16_sig0.0_lr1e-03-1e-05_tfp0_ramp200_hLR1_m20_p10_seed13_minsym5_cand7_reducedp3_distfullpre_ga0p1_rseed0,5,200,parent_free_run,default
1.319039,20,10,3,10,5,0.1,,16,0.0073,1.3190,6,models/chua_orig_nint128_bs16_sig0.0_lr1e-03-1e-05_tfp0_ramp200_hLR1_m20_p10_seed24_minsym5_cand6_reducedp3_distfullpre_ga0p1_rseed0.pth,0;2;3;5;6;7;9,True,0.1,1.0,7.062754412030419,full_preactivation,0.201104,nan,0.126546,5,5.0,1.0,930.9908435014781,65753.59687499993,full,0.0,,0.0,1e-05,False,0.001,200,5,128,5,5,7,2000,0.00,0.00,0.00,1.00,0,completed,24,200,24,0.0,,,none,chua_orig_nint128_bs16_sig0.0_lr1e-03-1e-05_tfp0_ramp200_hLR1_m20_p10_seed24_minsym5_cand6_reducedp3_distfullpre_ga0p1_rseed0,5,200,parent_free_run,default
1.254999,20,10,3,10,5,0.1,,16,0.0041,1.2550,11,models/chua_orig_nint128_bs16_sig0.0_lr1e-03-1e-05_tfp0_ramp200_hLR1_m20_p10_seed10_minsym5_cand11_reducedp3_distfullpre_ga0p1_rseed0.pth,1;3;4;5;6;7;8,True,0.1,1.0,7.587937661274074,full_preactivation,0.125700,nan,0.078963,5,5.0,1.0,106.53866820777482,8084.087728757649,full,0.0,,0.0,1e-05,False,0.001,200,5,128,5,5,7,2000,0.00,0.00,0.00,1.00,0,completed,10,200,10,0.0,,,none,chua_orig_nint128_bs16_sig0.0_lr1e-03-1e-05_tfp0_ramp200_hLR1_m20_p10_seed10_minsym5_cand11_reducedp3_distfullpre_ga0p1_rseed0,5,200,parent_free_run,default
1.261915,20,10,3,10,5,0.1,,16,0.0132,1.2619,7,models/chua_orig_nint128_bs16_sig0.0_lr1e-03-1e-05_tfp0_ramp200_hLR1_m20_p10_seed18_minsym5_cand7_reducedp3_distfullpre_ga0p1_rseed0.pth,1;2;3;4;6;7;9,True,0.1,1.0,6.332856101655444,full_preactivation,0.287087,nan,0.217731,5,5.0,1.0,102216.36471720172,6473215.289883691,full,0.0,,0.0,1e-05,False,0.001,200,5,128,5,5,7,2000,0.00,0.00,0.00,1.00,0,completed,18,200,18,0.0,,,none,chua_orig_nint128_bs16_sig0.0_lr1e-03-1e-05_tfp0_ramp200_hLR1_m20_p10_seed18_minsym5_cand7_reducedp3_distfullpre_ga0p1_rseed0,5,200,parent_free_run,default
1.314794,20,10,4,10,5,0.1,,16,0.0122,1.3148,7,models/chua_orig_nint128_bs16_sig0.0_lr1e-03-1e-05_tfp0_ramp200_hLR1_m20_p10_seed22_minsym5_cand7_reducedp4_distfullpre_ga0p1_rseed0.pth,1;2;3;5;7;9,True,0.1,1.0,4.2222909881097275,full_preactivation,0.196716,nan,0.148613,5,5.0,1.0,100.79380743290378,4255.807847812211,full,0.0,,0.0,1e-05,False,0.001,200,5,128,5,5,6,2000,0.00,0.00,0.00,1.00,0,completed,22,200,22,0.0,,,none,chua_orig_nint128_bs16_sig0.0_lr1e-03-1e-05_tfp0_ramp200_hLR1_m20_p10_seed22_minsym5_cand7_reducedp4_distfullpre_ga0p1_rseed0,5,200,parent_free_run,default
1.291530,20,10,3,10,5,0.1,,16,0.0055,1.2915,7,models/chua_orig_nint128_bs16_sig0.0_lr1e-03-1e-05_tfp0_ramp200_hLR1_m20_p10_seed24_minsym5_cand7_reducedp3_distfullpre_ga0p1_rseed0.pth,0;2;3;5;7;8;9,True,0.1,1.0,7.889592293764898,full_preactivation,0.241439,nan,0.151264,5,5.0,1.0,295.07662930683944,23280.3430064937,full,0.0,,0.0,1e-05,False,0.001,200,5,128,5,5,7,2000,0.00,0.00,0.00,1.00,0,completed,24,200,24,0.0,,,none,chua_orig_nint128_bs16_sig0.0_lr1e-03-1e-05_tfp0_ramp200_hLR1_m20_p10_seed24_minsym5_cand7_reducedp3_distfullpre_ga0p1_rseed0,5,200,parent_free_run,default
1.243090,20,10,3,10,5,0.1,,16,0.0131,1.2431,10,models/chua_orig_nint128_bs16_sig0.0_lr1e-03-1e-05_tfp0_ramp200_hLR1_m20_p10_seed10_minsym5_cand10_reducedp3_distfullpre_ga0p1_rseed0.pth,1;2;4;5;6;7;8,True,0.1,1.0,6.522147590457082,full_preactivation,0.129779,nan,0.084142,5,5.0,1.0,119.59046758089987,7799.8667997440825,full,0.0,,0.0,1e-05,False,0.001,200,5,128,5,5,7,2000,0.00,0.00,0.00,1.00,0,completed,10,200,10,0.0,,,none,chua_orig_nint128_bs16_sig0.0_lr1e-03-1e-05_tfp0_ramp200_hLR1_m20_p10_seed10_minsym5_cand10_reducedp3_distfullpre_ga0p1_rseed0,5,200,parent_free_run,default
1.491171,20,10,3,10,5,0.1,,16,0.0102,1.4859,7,models/chua_orig_nint128_bs16_sig0.0_lr1e-03-1e-05_tfp0_ramp200_hLR1_m20_p10_seed25_minsym5_cand7_reducedp3_distfullpre_ga0p1_rseed0.pth,1;2;3;4;7;8;9,True,0.1,1.0,10.190029969049355,full_preactivation,0.259226,nan,0.184626,4,5.0,1.0,1343.679626609276,136921.3566394958,full,0.0,,0.0,1e-05,False,0.001,200,5,128,5,5,7,2000,0.00,0.00,0.00,1.00,0,completed,25,200,25,0.0,,,none,chua_orig_nint128_bs16_sig0.0_lr1e-03-1e-05_tfp0_ramp200_hLR1_m20_p10_seed25_minsym5_cand7_reducedp3_distfullpre_ga0p1_rseed0,5,200,parent_free_run,default
11.732366,20,10,3,10,3,0.1,,16,0.0469,7.7382,6,models/chua_orig_nint128_bs16_sig0.0_lr1e-03-1e-05_tfp0_ramp200_hLR1_m20_p10_seed26_minsym5_cand6_reducedp3_distfullpre_ga0p1_rseed0.pth,1;2;4;5;7;8;9,True,0.1,1.0,2.809772644588645,full_preactivation,1.284407,nan,1.139762,1,5.0,1.0,782084557.1064926,21974797943.13049,full,0.0,,0.0,1e-05,False,0.001,200,5,128,4,5,7,2000,0.00,0.00,0.00,1.00,0,completed,26,200,26,0.0,,,none,chua_orig_nint128_bs16_sig0.0_lr1e-03-1e-05_tfp0_ramp200_hLR1_m20_p10_seed26_minsym5_cand6_reducedp3_distfullpre_ga0p1_rseed0,5,200,parent_free_run,default
1.232928,20,10,3,10,5,0.1,,16,0.0083,1.2329,8,models/chua_orig_nint128_bs16_sig0.0_lr1e-03-1e-05_tfp0_ramp200_hLR1_m20_p10_seed25_minsym5_cand8_reducedp3_distfullpre_ga0p1_rseed0.pth,2;3;4;5;7;8;9,True,0.1,1.0,9.456255438663318,full_preactivation,0.215413,nan,0.164262,4,5.0,1.0,867.7992909509663,82061.31764723254,full,0.0,,0.0,1e-05,False,0.001,200,5,128,5,5,7,2000,0.00,0.00,0.00,1.00,0,completed,25,200,25,0.0,,,none,chua_orig_nint128_bs16_sig0.0_lr1e-03-1e-05_tfp0_ramp200_hLR1_m20_p10_seed25_minsym5_cand8_reducedp3_distfullpre_ga0p1_rseed0,5,200,parent_free_run,default
1.150316,20,10,3,10,5,0.1,,16,0.0095,1.1503,6,models/chua_orig_nint128_bs16_sig0.0_lr1e-03-1e-05_tfp0_ramp200_hLR1_m20_p10_seed25_minsym5_cand6_reducedp3_distfullpre_ga0p1_rseed0.pth,1;2;3;4;5;7;8,True,0.1,1.0,8.040600747876217,full_preactivation,0.190323,nan,0.150907,4,5.0,1.0,1148.3403914088433,92333.46609978421,full,0.0,,0.0,1e-05,False,0.001,200,5,128,5,5,7,2000,0.00,0.00,0.00,1.00,0,completed,25,200,25,0.0,,,none,chua_orig_nint128_bs16_sig0.0_lr1e-03-1e-05_tfp0_ramp200_hLR1_m20_p10_seed25_minsym5_cand6_reducedp3_distfullpre_ga0p1_rseed0,5,200,parent_free_run,default
9.503634,20,10,3,10,3,0.1,,16,0.0657,7.4025,7,models/chua_orig_nint128_bs16_sig0.0_lr1e-03-1e-05_tfp0_ramp200_hLR1_m20_p10_seed26_minsym5_cand7_reducedp3_distfullpre_ga0p1_rseed0.pth,1;4;5;6;7;8;9,True,0.1,1.0,3.154705830091842,full_preactivation,1.306603,nan,1.151399,1,5.0,1.0,346145837.6922933,10919882922.299019,full,0.0,,0.0,1e-05,False,0.001,200,5,128,3,5,7,2000,0.00,0.00,0.00,1.00,0,completed,26,200,26,0.0,,,none,chua_orig_nint128_bs16_sig0.0_lr1e-03-1e-05_tfp0_ramp200_hLR1_m20_p10_seed26_minsym5_cand7_reducedp3_distfullpre_ga0p1_rseed0,5,200,parent_free_run,default
10.486977,20,10,3,10,4,0.1,,16,0.0391,5.5080,8,models/chua_orig_nint128_bs16_sig0.0_lr1e-03-1e-05_tfp0_ramp200_hLR1_m20_p10_seed26_minsym5_cand8_reducedp3_distfullpre_ga0p1_rseed0.pth,2;3;4;5;6;8;9,True,0.1,1.0,0.4656771262932195,full_preactivation,1.246385,nan,1.207937,2,5.0,1.0,1982713592.2262845,9233043678.904423,full,0.0,,0.0,1e-05,False,0.001,200,5,128,7,5,7,2000,0.00,0.00,0.00,1.00,0,completed,26,200,26,0.0,,,none,chua_orig_nint128_bs16_sig0.0_lr1e-03-1e-05_tfp0_ramp200_hLR1_m20_p10_seed26_minsym5_cand8_reducedp3_distfullpre_ga0p1_rseed0,5,200,parent_free_run,default
9.067064,20,10,3,10,3,0.1,,16,0.1115,7.1330,0,models/chua_orig_nint128_bs16_sig0.0_lr1e-03-1e-05_tfp0_ramp200_hLR1_m20_p10_seed18_minsym5_cand0_reducedp3_distsym_ga0p1_rseed0.pth,0;1;2;3;4;5;7,True,0.1,1.0,11748.842017595936,symbol,3669.162598,nan,5.588560,3,5.0,1.0,60701.19385975864,7131687369.377687,symbol,0.0,,0.0,1e-05,False,0.001,200,5,128,1,5,7,2000,0.00,0.00,0.00,1.00,0,completed,18,200,18,0.0,1.0,,none,chua_orig_nint128_bs16_sig0.0_lr1e-03-1e-05_tfp0_ramp200_hLR1_m20_p10_seed18_minsym5_cand0_reducedp3_distsym_ga0p1_rseed0,5,200,parent_free_run,default
5.426096,20,10,3,10,5,0.1,,16,0.0147,5.4261,1,models/chua_orig_nint128_bs16_sig0.0_lr1e-03-1e-05_tfp0_ramp200_hLR1_m20_p10_seed15_minsym5_cand1_reducedp3_distsym_ga0p1_rseed0.pth,0;2;3;5;6;7;9,True,0.1,1.0,62.746732164920154,symbol,8.015677,nan,0.276618,4,5.0,1.0,204.84083177712378,128530.92807958713,symbol,0.0,,0.0,1e-05,False,0.001,200,5,128,5,5,7,2000,0.00,0.00,0.00,1.00,0,completed,15,200,15,0.0,1.0,,none,chua_orig_nint128_bs16_sig0.0_lr1e-03-1e-05_tfp0_ramp200_hLR1_m20_p10_seed15_minsym5_cand1_reducedp3_distsym_ga0p1_rseed0,5,200,parent_free_run,default
3.562346,20,10,3,10,5,0.1,,16,0.0281,3.5623,1,models/chua_orig_nint128_bs16_sig0.0_lr1e-03-1e-05_tfp0_ramp200_hLR1_m20_p10_seed14_minsym5_cand1_reducedp3_distsym_ga0p1_rseed0.pth,0;1;2;5;6;7;9,True,0.1,1.0,172.7216639520921,symbol,23.627338,nan,0.464476,5,5.0,1.0,4.2128829000983155,7276.561445404691,symbol,0.0,,0.0,1e-05,False,0.001,200,5,128,5,5,7,2000,0.00,0.00,0.00,1.00,0,completed,14,200,14,0.0,1.0,,none,chua_orig_nint128_bs16_sig0.0_lr1e-03-1e-05_tfp0_ramp200_hLR1_m20_p10_seed14_minsym5_cand1_reducedp3_distsym_ga0p1_rseed0,5,200,parent_free_run,default
13.114630,20,10,3,10,4,0.1,,16,0.1015,10.7340,0,models/chua_orig_nint128_bs16_sig0.0_lr1e-03-1e-05_tfp0_ramp200_hLR1_m20_p10_seed21_minsym5_cand0_reducedp3_distsym_ga0p1_rseed0.pth,0;1;3;4;5;6;8,True,0.1,1.0,1883.695378218899,symbol,386.264008,nan,2.286358,2,5.0,1.0,837.2278370741593,15770822.072128009,symbol,0.0,,0.0,1e-05,False,0.001,200,5,128,5,5,7,2000,0.00,0.00,0.00,1.00,0,completed,21,200,21,0.0,1.0,,none,chua_orig_nint128_bs16_sig0.0_lr1e-03-1e-05_tfp0_ramp200_hLR1_m20_p10_seed21_minsym5_cand0_reducedp3_distsym_ga0p1_rseed0,5,200,parent_free_run,default
8.245733,20,10,3,10,2,0.1,,16,0.1035,6.8264,0,models/chua_orig_nint128_bs16_sig0.0_lr1e-03-1e-05_tfp0_ramp200_hLR1_m20_p10_seed23_minsym5_cand0_reducedp3_distsym_ga0p1_rseed0.pth,0;1;3;4;6;7;9,True,0.1,1.0,28.601768003582585,symbol,10.895638,nan,1.551934,1,5.0,1.0,20.440530978022885,5846.353249034821,symbol,0.0,,0.0,1e-05,False,0.001,200,5,128,8,5,7,2000,0.00,0.00,0.00,1.00,0,completed,23,200,23,0.0,1.0,,none,chua_orig_nint128_bs16_sig0.0_lr1e-03-1e-05_tfp0_ramp200_hLR1_m20_p10_seed23_minsym5_cand0_reducedp3_distsym_ga0p1_rseed0,5,200,parent_free_run,default
3.957609,20,10,3,10,5,0.1,,16,0.0230,3.9576,2,models/chua_orig_nint128_bs16_sig0.0_lr1e-03-1e-05_tfp0_ramp200_hLR1_m20_p10_seed10_minsym5_cand2_reducedp3_distsym_ga0p1_rseed0.pth,0;1;2;4;5;7;8,True,0.1,1.0,29.173440894495275,symbol,5.739677,nan,0.308388,5,5.0,1.0,26.992754087560357,7874.715159531169,symbol,0.0,,0.0,1e-05,False,0.001,200,5,128,5,5,7,2000,0.00,0.00,0.00,1.00,0,completed,10,200,10,0.0,1.0,,none,chua_orig_nint128_bs16_sig0.0_lr1e-03-1e-05_tfp0_ramp200_hLR1_m20_p10_seed10_minsym5_cand2_reducedp3_distsym_ga0p1_rseed0,5,200,parent_free_run,default
3.217077,20,10,3,10,5,0.1,,16,0.0265,3.2171,1,models/chua_orig_nint128_bs16_sig0.0_lr1e-03-1e-05_tfp0_ramp200_hLR1_m20_p10_seed16_minsym5_cand1_reducedp3_distsym_ga0p1_rseed0.pth,0;1;2;3;4;7;8,True,0.1,1.0,41.24476982004611,symbol,5.795204,nan,0.277407,5,5.0,1.0,17.917146073810194,7389.885656464855,symbol,0.0,,0.0,1e-05,False,0.001,200,5,128,5,5,7,2000,0.00,0.00,0.00,1.00,0,completed,16,200,16,0.0,1.0,,none,chua_orig_nint128_bs16_sig0.0_lr1e-03-1e-05_tfp0_ramp200_hLR1_m20_p10_seed16_minsym5_cand1_reducedp3_distsym_ga0p1_rseed0,5,200,parent_free_run,default
8.542618,20,10,3,10,5,0.1,,16,0.0841,7.1800,0,models/chua_orig_nint128_bs16_sig0.0_lr1e-03-1e-05_tfp0_ramp200_hLR1_m20_p10_seed20_minsym5_cand0_reducedp3_distsym_ga0p1_rseed0.pth,0;1;2;3;5;7;8,True,0.1,1.0,64744.621314377975,symbol,4420.358887,nan,1.854476,6,5.0,1.0,4864.595715834526,3149564074.692519,symbol,0.0,,0.0,1e-05,False,0.001,200,5,128,5,5,7,2000,0.00,0.00,0.00,1.00,0,completed,20,200,20,0.0,1.0,,none,chua_orig_nint128_bs16_sig0.0_lr1e-03-1e-05_tfp0_ramp200_hLR1_m20_p10_seed20_minsym5_cand0_reducedp3_distsym_ga0p1_rseed0,5,200,parent_free_run,default
11.813772,20,10,3,10,4,0.1,,16,0.0921,10.1221,1,models/chua_orig_nint128_bs16_sig0.0_lr1e-03-1e-05_tfp0_ramp200_hLR1_m20_p10_seed17_minsym5_cand1_reducedp3_distsym_ga0p1_rseed0.pth,0;1;2;3;4;8;9,True,0.1,1.0,32.26888810503887,symbol,10.859898,nan,1.531006,1,5.0,1.0,11.70433166557809,3776.857688608349,symbol,0.0,,0.0,1e-05,False,0.001,200,5,128,5,5,7,2000,0.00,0.00,0.00,1.00,0,completed,17,200,17,0.0,1.0,,none,chua_orig_nint128_bs16_sig0.0_lr1e-03-1e-05_tfp0_ramp200_hLR1_m20_p10_seed17_minsym5_cand1_reducedp3_distsym_ga0p1_rseed0,5,200,parent_free_run,default
6.637745,20,10,3,10,5,0.1,,16,0.0299,5.9334,0,models/chua_orig_nint128_bs16_sig0.0_lr1e-03-1e-05_tfp0_ramp200_hLR1_m20_p10_seed24_minsym5_cand0_reducedp3_distsym_ga0p1_rseed0.pth,0;1;2;3;5;6;9,True,0.1,1.0,30.567355511876574,symbol,6.419951,nan,0.426113,5,5.0,1.0,16.928170002804787,5174.493906412491,symbol,0.0,,0.0,1e-05,False,0.001,200,5,128,5,5,7,2000,0.00,0.00,0.00,1.00,0,completed,24,200,24,0.0,1.0,,none,chua_orig_nint128_bs16_sig0.0_lr1e-03-1e-05_tfp0_ramp200_hLR1_m20_p10_seed24_minsym5_cand0_reducedp3_distsym_ga0p1_rseed0,5,200,parent_free_run,default
13.900441,20,10,3,10,4,0.1,,16,0.1211,6.3793,0,models/chua_orig_nint128_bs16_sig0.0_lr1e-03-1e-05_tfp0_ramp200_hLR1_m20_p10_seed26_minsym5_cand0_reducedp3_distsym_ga0p1_rseed0.pth,0;1;2;4;5;7;9,True,0.1,1.0,17928.94718067565,symbol,8738.975586,nan,6.071958,1,5.0,1.0,29959.9993115821,5371512451.904344,symbol,0.0,,0.0,1e-05,False,0.001,200,5,128,8,5,7,2000,0.00,0.00,0.00,1.00,0,completed,26,200,26,0.0,1.0,,none,chua_orig_nint128_bs16_sig0.0_lr1e-03-1e-05_tfp0_ramp200_hLR1_m20_p10_seed26_minsym5_cand0_reducedp3_distsym_ga0p1_rseed0,5,200,parent_free_run,default
11.177467,20,10,3,10,5,0.1,,16,0.1128,9.6622,0,models/chua_orig_nint128_bs16_sig0.0_lr1e-03-1e-05_tfp0_ramp200_hLR1_m20_p10_seed25_minsym5_cand0_reducedp3_distsym_ga0p1_rseed0.pth,0;1;2;3;4;5;8,True,0.1,1.0,57.276891008658296,symbol,659461327697680171541230256128.000000,nan,659461327697680171541230256128.000000,3,5.0,1.0,155.59805265546655,89121.7270310669,symbol,0.0,,0.0,1e-05,False,0.001,200,5,128,6,5,7,2000,0.00,0.00,0.00,1.00,0,completed,25,200,25,0.0,1.0,,none,chua_orig_nint128_bs16_sig0.0_lr1e-03-1e-05_tfp0_ramp200_hLR1_m20_p10_seed25_minsym5_cand0_reducedp3_distsym_ga0p1_rseed0,5,200,parent_free_run,default
3.472545,20,10,3,10,5,0.1,,16,0.0365,3.4725,0,models/chua_orig_nint128_bs16_sig0.0_lr1e-03-1e-05_tfp0_ramp200_hLR1_m20_p10_seed27_minsym5_cand0_reducedp3_distsym_ga0p1_rseed0.pth,1;2;3;4;5;6;7,True,0.1,1.0,9.53293690910252,symbol,2.409620,nan,0.637836,5,5.0,1.0,33.2321729553747,3168.002081359796,symbol,0.0,,0.0,1e-05,False,0.001,200,5,128,5,5,7,2000,0.00,0.00,0.00,1.00,0,completed,27,200,27,0.0,1.0,,none,chua_orig_nint128_bs16_sig0.0_lr1e-03-1e-05_tfp0_ramp200_hLR1_m20_p10_seed27_minsym5_cand0_reducedp3_distsym_ga0p1_rseed0,5,200,parent_free_run,default
3.800062,20,10,3,10,5,0.1,,16,0.0261,3.8001,0,models/chua_orig_nint128_bs16_sig0.0_lr1e-03-1e-05_tfp0_ramp200_hLR1_m20_p10_seed22_minsym5_cand0_reducedp3_distsym_ga0p1_rseed0.pth,0;2;3;4;5;7;8,True,0.1,1.0,14.153562297283827,symbol,1.666256,nan,0.286496,5,5.0,1.0,18.40210415532956,2604.553275635766,symbol,0.0,,0.0,1e-05,False,0.001,200,5,128,5,5,7,2000,0.00,0.00,0.00,1.00,0,completed,22,200,22,0.0,1.0,,none,chua_orig_nint128_bs16_sig0.0_lr1e-03-1e-05_tfp0_ramp200_hLR1_m20_p10_seed22_minsym5_cand0_reducedp3_distsym_ga0p1_rseed0,5,200,parent_free_run,default
7.866403,20,10,3,10,3,0.1,,16,0.0482,7.8664,2,models/chua_orig_nint128_bs16_sig0.0_lr1e-03-1e-05_tfp0_ramp200_hLR1_m20_p10_seed14_minsym5_cand2_reducedp3_distsym_ga0p1_rseed0.pth,0;1;2;5;6;8;9,True,0.1,1.0,188.23948967133336,symbol,38.510826,nan,1.299637,3,5.0,1.0,3.903359125443983,7347.663297777056,symbol,0.0,,0.0,1e-05,False,0.001,200,5,128,5,5,7,2000,0.00,0.00,0.00,1.00,0,completed,14,200,14,0.0,1.0,,none,chua_orig_nint128_bs16_sig0.0_lr1e-03-1e-05_tfp0_ramp200_hLR1_m20_p10_seed14_minsym5_cand2_reducedp3_distsym_ga0p1_rseed0,5,200,parent_free_run,default
11.702337,20,10,3,10,5,0.1,,16,0.2088,8.1159,2,models/chua_orig_nint128_bs16_sig0.0_lr1e-03-1e-05_tfp0_ramp200_hLR1_m20_p10_seed9_minsym5_cand2_reducedp3_distsym_ga0p1_rseed0.pth,0;2;3;5;6;7;8,True,0.1,1.0,332276.7097391065,symbol,50962.679688,nan,12.075762,3,5.0,1.0,131024.92778093793,435365318968.541,symbol,0.0,,0.0,1e-05,False,0.001,200,5,128,5,5,7,2000,0.00,0.00,0.00,1.00,0,completed,9,200,9,0.0,1.0,,none,chua_orig_nint128_bs16_sig0.0_lr1e-03-1e-05_tfp0_ramp200_hLR1_m20_p10_seed9_minsym5_cand2_reducedp3_distsym_ga0p1_rseed0,5,200,parent_free_run,default
3.889178,20,10,3,10,5,0.1,,16,0.0121,3.4459,2,models/chua_orig_nint128_bs16_sig0.0_lr1e-03-1e-05_tfp0_ramp200_hLR1_m20_p10_seed11_minsym5_cand2_reducedp3_distsym_ga0p1_rseed0.pth,0;1;4;5;6;7;9,True,0.1,1.0,3.628057600134422,symbol,1.159742,nan,0.411045,5,5.0,1.0,56.55360529813105,2051.797375168903,symbol,0.0,,0.0,1e-05,False,0.001,200,5,128,7,5,7,2000,0.00,0.00,0.00,1.00,0,completed,11,200,11,0.0,1.0,,none,chua_orig_nint128_bs16_sig0.0_lr1e-03-1e-05_tfp0_ramp200_hLR1_m20_p10_seed11_minsym5_cand2_reducedp3_distsym_ga0p1_rseed0,5,200,parent_free_run,default
10.887963,20,10,3,10,5,0.1,,16,0.1048,9.7869,3,models/chua_orig_nint128_bs16_sig0.0_lr1e-03-1e-05_tfp0_ramp200_hLR1_m20_p10_seed9_minsym5_cand3_reducedp3_distsym_ga0p1_rseed0.pth,1;2;3;5;6;7;8,True,0.1,1.0,226202.06998810815,symbol,41323435906483582140416.000000,nan,41323431402883954769920.000000,1,5.0,1.0,81685.55529590284,184774416960.61295,symbol,0.0,,0.0,1e-05,False,0.001,200,5,128,1,5,7,2000,0.00,0.00,0.00,1.00,0,completed,9,200,9,0.0,1.0,,none,chua_orig_nint128_bs16_sig0.0_lr1e-03-1e-05_tfp0_ramp200_hLR1_m20_p10_seed9_minsym5_cand3_reducedp3_distsym_ga0p1_rseed0,5,200,parent_free_run,default
12.784460,20,10,3,10,5,0.1,,16,0.0501,6.9774,1,models/chua_orig_nint128_bs16_sig0.0_lr1e-03-1e-05_tfp0_ramp200_hLR1_m20_p10_seed18_minsym5_cand1_reducedp3_distsym_ga0p1_rseed0.pth,0;1;2;3;4;5;9,True,0.1,1.0,41229.934914910016,symbol,9239.713867,nan,1.346557,5,5.0,1.0,16509.430817622848,6806827580.927996,symbol,0.0,,0.0,1e-05,False,0.001,200,5,128,5,5,7,2000,0.00,0.00,0.00,1.00,0,completed,18,200,18,0.0,1.0,,none,chua_orig_nint128_bs16_sig0.0_lr1e-03-1e-05_tfp0_ramp200_hLR1_m20_p10_seed18_minsym5_cand1_reducedp3_distsym_ga0p1_rseed0,5,200,parent_free_run,default
10.738529,20,10,3,10,5,0.1,,16,0.0250,7.5875,2,models/chua_orig_nint128_bs16_sig0.0_lr1e-03-1e-05_tfp0_ramp200_hLR1_m20_p10_seed13_minsym5_cand2_reducedp3_distsym_ga0p1_rseed0.pth,0;1;3;5;7;8;9,True,0.1,1.0,14854.03648109676,symbol,3490.188721,nan,3.404200,3,5.0,1.0,556.6504796276803,82685065.31609587,symbol,0.0,,0.0,1e-05,False,0.001,200,5,128,1,5,7,2000,0.00,0.00,0.00,1.00,0,completed,13,200,13,0.0,1.0,,none,chua_orig_nint128_bs16_sig0.0_lr1e-03-1e-05_tfp0_ramp200_hLR1_m20_p10_seed13_minsym5_cand2_reducedp3_distsym_ga0p1_rseed0,5,200,parent_free_run,default
7.937592,20,10,3,10,5,0.1,,16,0.0311,7.7869,2,models/chua_orig_nint128_bs16_sig0.0_lr1e-03-1e-05_tfp0_ramp200_hLR1_m20_p10_seed15_minsym5_cand2_reducedp3_distsym_ga0p1_rseed0.pth,0;2;3;5;6;8;9,True,0.1,1.0,76.06413794162701,symbol,14.314097,nan,0.815554,4,5.0,1.0,223.52575941367465,170022.94197548754,symbol,0.0,,0.0,1e-05,False,0.001,200,5,128,5,5,7,2000,0.00,0.00,0.00,1.00,0,completed,15,200,15,0.0,1.0,,none,chua_orig_nint128_bs16_sig0.0_lr1e-03-1e-05_tfp0_ramp200_hLR1_m20_p10_seed15_minsym5_cand2_reducedp3_distsym_ga0p1_rseed0,5,200,parent_free_run,default
4.062181,20,10,3,10,5,0.1,,16,0.0247,4.0622,0,models/chua_orig_nint128_bs16_sig0.0_lr1e-03-1e-05_tfp0_ramp200_hLR1_m20_p10_seed28_minsym5_cand0_reducedp3_distsym_ga0p1_rseed0.pth,0;1;2;3;5;6;9,True,0.1,1.0,16.360666717562907,symbol,2.120421,nan,0.319843,5,5.0,1.0,3.259601527175506,533.2925421819389,symbol,0.0,,0.0,1e-05,False,0.001,200,5,128,5,5,7,2000,0.00,0.00,0.00,1.00,0,completed,28,200,28,0.0,1.0,,none,chua_orig_nint128_bs16_sig0.0_lr1e-03-1e-05_tfp0_ramp200_hLR1_m20_p10_seed28_minsym5_cand0_reducedp3_distsym_ga0p1_rseed0,5,200,parent_free_run,default
3.689056,20,10,3,10,5,0.1,,16,0.0240,3.6891,0,models/chua_orig_nint128_bs16_sig0.0_lr1e-03-1e-05_tfp0_ramp200_hLR1_m20_p10_seed29_minsym5_cand0_reducedp3_distsym_ga0p1_rseed0.pth,0;1;2;3;5;8;9,True,0.1,1.0,8.139845871592673,symbol,1.200193,nan,0.139429,5,5.0,1.0,24.555482682191396,1998.7784433560914,symbol,0.0,,0.0,1e-05,False,0.001,200,5,128,5,5,7,2000,0.00,0.00,0.00,1.00,0,completed,29,200,29,0.0,1.0,,none,chua_orig_nint128_bs16_sig0.0_lr1e-03-1e-05_tfp0_ramp200_hLR1_m20_p10_seed29_minsym5_cand0_reducedp3_distsym_ga0p1_rseed0,5,200,parent_free_run,default
10.003595,20,10,3,10,5,0.1,,16,0.0388,7.0419,1,models/chua_orig_nint128_bs16_sig0.0_lr1e-03-1e-05_tfp0_ramp200_hLR1_m20_p10_seed21_minsym5_cand1_reducedp3_distsym_ga0p1_rseed0.pth,0;1;3;4;5;8;9,True,0.1,1.0,266.6322820991953,symbol,26.534817,nan,0.527037,5,5.0,1.0,1123.4240453058183,2995411.1696500033,symbol,0.0,,0.0,1e-05,False,0.001,200,5,128,5,5,7,2000,0.00,0.00,0.00,1.00,0,completed,21,200,21,0.0,1.0,,none,chua_orig_nint128_bs16_sig0.0_lr1e-03-1e-05_tfp0_ramp200_hLR1_m20_p10_seed21_minsym5_cand1_reducedp3_distsym_ga0p1_rseed0,5,200,parent_free_run,default
13.250894,20,10,3,10,4,0.1,,16,0.1412,8.8384,2,models/chua_orig_nint128_bs16_sig0.0_lr1e-03-1e-05_tfp0_ramp200_hLR1_m20_p10_seed20_minsym5_cand2_reducedp3_distsym_ga0p1_rseed0.pth,1;2;3;4;5;7;8,True,0.1,1.0,22528.342992845897,symbol,3847.181641,nan,15.767124,1,5.0,1.0,2747.572866057764,618982639.2438596,symbol,0.0,,0.0,1e-05,False,0.001,200,5,128,1,5,7,2000,0.00,0.00,0.00,1.00,0,completed,20,200,20,0.0,1.0,,none,chua_orig_nint128_bs16_sig0.0_lr1e-03-1e-05_tfp0_ramp200_hLR1_m20_p10_seed20_minsym5_cand2_reducedp3_distsym_ga0p1_rseed0,5,200,parent_free_run,default
11.155523,20,10,3,10,4,0.1,,16,0.0437,8.5746,3,models/chua_orig_nint128_bs16_sig0.0_lr1e-03-1e-05_tfp0_ramp200_hLR1_m20_p10_seed11_minsym5_cand3_reducedp3_distsym_ga0p1_rseed0.pth,0;3;4;5;6;8;9,True,0.1,1.0,80.78574004842083,symbol,11.640280,nan,0.822450,4,5.0,1.0,6.0221337813641505,4865.025341981786,symbol,0.0,,0.0,1e-05,False,0.001,200,5,128,5,5,7,2000,0.00,0.00,0.00,1.00,0,completed,11,200,11,0.0,1.0,,none,chua_orig_nint128_bs16_sig0.0_lr1e-03-1e-05_tfp0_ramp200_hLR1_m20_p10_seed11_minsym5_cand3_reducedp3_distsym_ga0p1_rseed0,5,200,parent_free_run,default
10.352306,20,10,3,10,5,0.1,,16,0.1754,7.7281,1,models/chua_orig_nint128_bs16_sig0.0_lr1e-03-1e-05_tfp0_ramp200_hLR1_m20_p10_seed22_minsym5_cand1_reducedp3_distsym_ga0p1_rseed0.pth,0;2;3;4;5;8;9,True,0.1,1.0,24.124427129134258,symbol,7.706800,nan,1.493864,1,5.0,1.0,27.515612435974337,6637.983871251873,symbol,0.0,,0.0,1e-05,False,0.001,200,5,128,8,5,7,2000,0.00,0.00,0.00,1.00,0,completed,22,200,22,0.0,1.0,,none,chua_orig_nint128_bs16_sig0.0_lr1e-03-1e-05_tfp0_ramp200_hLR1_m20_p10_seed22_minsym5_cand1_reducedp3_distsym_ga0p1_rseed0,5,200,parent_free_run,default
2.772844,20,10,3,10,5,0.1,,16,0.0175,2.7728,1,models/chua_orig_nint128_bs16_sig0.0_lr1e-03-1e-05_tfp0_ramp200_hLR1_m20_p10_seed23_minsym5_cand1_reducedp3_distsym_ga0p1_rseed0.pth,0;1;3;5;6;7;9,True,0.1,1.0,16.648419691892663,symbol,2.725395,nan,0.324311,5,5.0,1.0,6.5291076139771045,1086.993237710394,symbol,0.0,,0.0,1e-05,False,0.001,200,5,128,5,5,7,2000,0.00,0.00,0.00,1.00,0,completed,23,200,23,0.0,1.0,,none,chua_orig_nint128_bs16_sig0.0_lr1e-03-1e-05_tfp0_ramp200_hLR1_m20_p10_seed23_minsym5_cand1_reducedp3_distsym_ga0p1_rseed0,5,200,parent_free_run,default
4.184419,20,10,3,10,5,0.1,,16,0.0157,4.1844,2,models/chua_orig_nint128_bs16_sig0.0_lr1e-03-1e-05_tfp0_ramp200_hLR1_m20_p10_seed17_minsym5_cand2_reducedp3_distsym_ga0p1_rseed0.pth,0;2;3;4;6;7;8,True,0.1,1.0,36.818525096878425,symbol,6.559032,nan,0.396357,4,5.0,1.0,7.795735300740001,2870.274758189536,symbol,0.0,,0.0,1e-05,False,0.001,200,5,128,5,5,7,2000,0.00,0.00,0.00,1.00,0,completed,17,200,17,0.0,1.0,,none,chua_orig_nint128_bs16_sig0.0_lr1e-03-1e-05_tfp0_ramp200_hLR1_m20_p10_seed17_minsym5_cand2_reducedp3_distsym_ga0p1_rseed0,5,200,parent_free_run,default
8.928562,20,10,3,10,4,0.1,,16,0.1528,7.9031,1,models/chua_orig_nint128_bs16_sig0.0_lr1e-03-1e-05_tfp0_ramp200_hLR1_m20_p10_seed25_minsym5_cand1_reducedp3_distsym_ga0p1_rseed0.pth,0;1;2;3;4;8;9,True,0.1,1.0,3118.924357283528,symbol,1195.147705,nan,16.177313,2,5.0,1.0,1981.2030585182406,61792224.75937166,symbol,0.0,,0.0,1e-05,False,0.001,200,5,128,1,5,7,2000,0.00,0.00,0.00,1.00,0,completed,25,200,25,0.0,1.0,,none,chua_orig_nint128_bs16_sig0.0_lr1e-03-1e-05_tfp0_ramp200_hLR1_m20_p10_seed25_minsym5_cand1_reducedp3_distsym_ga0p1_rseed0,5,200,parent_free_run,default
10.961969,20,10,3,10,5,0.1,,16,0.0446,9.9559,1,models/chua_orig_nint128_bs16_sig0.0_lr1e-03-1e-05_tfp0_ramp200_hLR1_m20_p10_seed28_minsym5_cand1_reducedp3_distsym_ga0p1_rseed0.pth,0;1;2;3;6;7;9,True,0.1,1.0,165.7285347708892,symbol,31.672876,nan,1.064295,2,5.0,1.0,3.399747127006905,5634.351099505603,symbol,0.0,,0.0,1e-05,False,0.001,200,5,128,5,5,7,2000,0.00,0.00,0.00,1.00,0,completed,28,200,28,0.0,1.0,,none,chua_orig_nint128_bs16_sig0.0_lr1e-03-1e-05_tfp0_ramp200_hLR1_m20_p10_seed28_minsym5_cand1_reducedp3_distsym_ga0p1_rseed0,5,200,parent_free_run,default
3.672098,20,10,3,10,5,0.1,,16,0.0215,3.6721,1,models/chua_orig_nint128_bs16_sig0.0_lr1e-03-1e-05_tfp0_ramp200_hLR1_m20_p10_seed24_minsym5_cand1_reducedp3_distsym_ga0p1_rseed0.pth,0;1;2;3;5;8;9,True,0.1,1.0,20.60562977734586,symbol,4.293853,nan,0.322080,4,5.0,1.0,26.750023676959817,5512.010844226905,symbol,0.0,,0.0,1e-05,False,0.001,200,5,128,5,5,7,2000,0.00,0.00,0.00,1.00,0,completed,24,200,24,0.0,1.0,,none,chua_orig_nint128_bs16_sig0.0_lr1e-03-1e-05_tfp0_ramp200_hLR1_m20_p10_seed24_minsym5_cand1_reducedp3_distsym_ga0p1_rseed0,5,200,parent_free_run,default
10.185278,20,10,3,10,5,0.1,,16,0.0469,5.3672,2,models/chua_orig_nint128_bs16_sig0.0_lr1e-03-1e-05_tfp0_ramp200_hLR1_m20_p10_seed22_minsym5_cand2_reducedp3_distsym_ga0p1_rseed0.pth,0;2;3;4;7;8;9,True,0.1,1.0,14.689406295601273,symbol,7.818751,nan,1.794432,1,5.0,1.0,20.39261673009437,2995.5543257884674,symbol,0.0,,0.0,1e-05,False,0.001,200,5,128,7,5,7,2000,0.00,0.00,0.00,1.00,0,completed,22,200,22,0.0,1.0,,none,chua_orig_nint128_bs16_sig0.0_lr1e-03-1e-05_tfp0_ramp200_hLR1_m20_p10_seed22_minsym5_cand2_reducedp3_distsym_ga0p1_rseed0,5,200,parent_free_run,default
10.068654,20,10,3,10,3,0.1,,16,0.1032,8.7166,4,models/chua_orig_nint128_bs16_sig0.0_lr1e-03-1e-05_tfp0_ramp200_hLR1_m20_p10_seed11_minsym5_cand4_reducedp3_distsym_ga0p1_rseed0.pth,0;3;5;6;7;8;9,True,0.1,1.0,26.759539425533426,symbol,8.300389,nan,1.374346,1,5.0,1.0,18.247247409956415,4882.879364742181,symbol,0.0,,0.0,1e-05,False,0.001,200,5,128,4,5,7,2000,0.00,0.00,0.00,1.00,0,completed,11,200,11,0.0,1.0,,none,chua_orig_nint128_bs16_sig0.0_lr1e-03-1e-05_tfp0_ramp200_hLR1_m20_p10_seed11_minsym5_cand4_reducedp3_distsym_ga0p1_rseed0,5,200,parent_free_run,default
5.495688,20,10,3,10,5,0.1,,16,0.0335,5.4957,3,models/chua_orig_nint128_bs16_sig0.0_lr1e-03-1e-05_tfp0_ramp200_hLR1_m20_p10_seed15_minsym5_cand3_reducedp3_distsym_ga0p1_rseed0.pth,0;2;3;5;7;8;9,True,0.1,1.0,83.73117261481315,symbol,12.783912,nan,0.504798,5,5.0,1.0,64.54251492433161,54042.20458123447,symbol,0.0,,0.0,1e-05,False,0.001,200,5,128,5,5,7,2000,0.00,0.00,0.00,1.00,0,completed,15,200,15,0.0,1.0,,none,chua_orig_nint128_bs16_sig0.0_lr1e-03-1e-05_tfp0_ramp200_hLR1_m20_p10_seed15_minsym5_cand3_reducedp3_distsym_ga0p1_rseed0,5,200,parent_free_run,default
10.547061,20,10,3,10,5,0.1,,16,0.0637,7.8879,3,models/chua_orig_nint128_bs16_sig0.0_lr1e-03-1e-05_tfp0_ramp200_hLR1_m20_p10_seed13_minsym5_cand3_reducedp3_distsym_ga0p1_rseed0.pth,0;2;3;5;6;7;8,True,0.1,1.0,12619.267041364166,symbol,2870.393066,nan,2.864893,5,5.0,1.0,6438.8793036909765,812539373.803894,symbol,0.0,,0.0,1e-05,False,0.001,200,5,128,1,5,7,2000,0.00,0.00,0.00,1.00,0,completed,13,200,13,0.0,1.0,,none,chua_orig_nint128_bs16_sig0.0_lr1e-03-1e-05_tfp0_ramp200_hLR1_m20_p10_seed13_minsym5_cand3_reducedp3_distsym_ga0p1_rseed0,5,200,parent_free_run,default
3.660577,20,10,3,10,5,0.1,,16,0.0167,3.6606,5,models/chua_orig_nint128_bs16_sig0.0_lr1e-03-1e-05_tfp0_ramp200_hLR1_m20_p10_seed11_minsym5_cand5_reducedp3_distsym_ga0p1_rseed0.pth,0;4;5;6;7;8;9,True,0.1,1.0,14.743983772202057,symbol,2.229015,nan,0.259900,5,5.0,1.0,32.54780926693503,4798.843716524326,symbol,0.0,,0.0,1e-05,False,0.001,200,5,128,5,5,7,2000,0.00,0.00,0.00,1.00,0,completed,11,200,11,0.0,1.0,,none,chua_orig_nint128_bs16_sig0.0_lr1e-03-1e-05_tfp0_ramp200_hLR1_m20_p10_seed11_minsym5_cand5_reducedp3_distsym_ga0p1_rseed0,5,200,parent_free_run,default
7.825488,20,10,3,10,5,0.1,,16,0.0325,4.8119,4,models/chua_orig_nint128_bs16_sig0.0_lr1e-03-1e-05_tfp0_ramp200_hLR1_m20_p10_seed10_minsym5_cand4_reducedp3_distsym_ga0p1_rseed0.pth,0;1;2;5;6;7;8,True,0.1,1.0,91.83964376704878,symbol,14.084938,nan,0.449928,6,5.0,1.0,8.442683669157594,7753.730606134056,symbol,0.0,,0.0,1e-05,False,0.001,200,5,128,5,5,7,2000,0.00,0.00,0.00,1.00,0,completed,10,200,10,0.0,1.0,,none,chua_orig_nint128_bs16_sig0.0_lr1e-03-1e-05_tfp0_ramp200_hLR1_m20_p10_seed10_minsym5_cand4_reducedp3_distsym_ga0p1_rseed0,5,200,parent_free_run,default
5.595560,20,10,3,10,4,0.1,,16,0.0185,5.5856,2,models/chua_orig_nint128_bs16_sig0.0_lr1e-03-1e-05_tfp0_ramp200_hLR1_m20_p10_seed23_minsym5_cand2_reducedp3_distsym_ga0p1_rseed0.pth,0;1;4;5;6;7;9,True,0.1,1.0,166.79304319595678,symbol,16.107121,nan,0.537750,3,5.0,1.0,98.76246811586577,164728.9261058907,symbol,0.0,,0.0,1e-05,False,0.001,200,5,128,4,5,7,2000,0.00,0.00,0.00,1.00,0,completed,23,200,23,0.0,1.0,,none,chua_orig_nint128_bs16_sig0.0_lr1e-03-1e-05_tfp0_ramp200_hLR1_m20_p10_seed23_minsym5_cand2_reducedp3_distsym_ga0p1_rseed0,5,200,parent_free_run,default
7.768909,20,10,3,10,3,0.1,,16,0.0399,7.7689,1,models/chua_orig_nint128_bs16_sig0.0_lr1e-03-1e-05_tfp0_ramp200_hLR1_m20_p10_seed29_minsym5_cand1_reducedp3_distsym_ga0p1_rseed0.pth,0;1;2;3;6;8;9,True,0.1,1.0,56.76659949599441,symbol,13.560262,nan,1.155722,1,5.0,1.0,143.54005277231136,81482.80687359757,symbol,0.0,,0.0,1e-05,False,0.001,200,5,128,3,5,7,2000,0.00,0.00,0.00,1.00,0,completed,29,200,29,0.0,1.0,,none,chua_orig_nint128_bs16_sig0.0_lr1e-03-1e-05_tfp0_ramp200_hLR1_m20_p10_seed29_minsym5_cand1_reducedp3_distsym_ga0p1_rseed0,5,200,parent_free_run,default
7.593922,20,10,3,10,5,0.1,,16,0.0334,7.3115,2,models/chua_orig_nint128_bs16_sig0.0_lr1e-03-1e-05_tfp0_ramp200_hLR1_m20_p10_seed21_minsym5_cand2_reducedp3_distsym_ga0p1_rseed0.pth,0;1;3;4;6;8;9,True,0.1,1.0,113.69345040878852,symbol,15.284490,nan,0.399353,3,5.0,1.0,179.1389933495593,203669.3025666853,symbol,0.0,,0.0,1e-05,False,0.001,200,5,128,5,5,7,2000,0.00,0.00,0.00,1.00,0,completed,21,200,21,0.0,1.0,,none,chua_orig_nint128_bs16_sig0.0_lr1e-03-1e-05_tfp0_ramp200_hLR1_m20_p10_seed21_minsym5_cand2_reducedp3_distsym_ga0p1_rseed0,5,200,parent_free_run,default
9.327819,20,10,3,10,5,0.1,,16,0.1465,8.5562,1,models/chua_orig_nint128_bs16_sig0.0_lr1e-03-1e-05_tfp0_ramp200_hLR1_m20_p10_seed26_minsym5_cand1_reducedp3_distsym_ga0p1_rseed0.pth,0;1;2;4;7;8;9,True,0.1,1.0,79322.13393845256,symbol,26089.203125,nan,6.866022,3,5.0,1.0,12502.685494024874,9917396933.47389,symbol,0.0,,0.0,1e-05,False,0.001,200,5,128,1,5,7,2000,0.00,0.00,0.00,1.00,0,completed,26,200,26,0.0,1.0,,none,chua_orig_nint128_bs16_sig0.0_lr1e-03-1e-05_tfp0_ramp200_hLR1_m20_p10_seed26_minsym5_cand1_reducedp3_distsym_ga0p1_rseed0,5,200,parent_free_run,default
4.052430,20,10,3,10,5,0.1,,16,0.0271,4.0524,3,models/chua_orig_nint128_bs16_sig0.0_lr1e-03-1e-05_tfp0_ramp200_hLR1_m20_p10_seed14_minsym5_cand3_reducedp3_distsym_ga0p1_rseed0.pth,0;1;5;6;7;8;9,True,0.1,1.0,37.274077775582874,symbol,2.949412,nan,0.230322,5,5.0,1.0,18.6778736007593,6962.005132772454,symbol,0.0,,0.0,1e-05,False,0.001,200,5,128,5,5,7,2000,0.00,0.00,0.00,1.00,0,completed,14,200,14,0.0,1.0,,none,chua_orig_nint128_bs16_sig0.0_lr1e-03-1e-05_tfp0_ramp200_hLR1_m20_p10_seed14_minsym5_cand3_reducedp3_distsym_ga0p1_rseed0,5,200,parent_free_run,default
13.225106,20,10,3,10,4,0.1,,16,0.0604,7.2124,2,models/chua_orig_nint128_bs16_sig0.0_lr1e-03-1e-05_tfp0_ramp200_hLR1_m20_p10_seed18_minsym5_cand2_reducedp3_distsym_ga0p1_rseed0.pth,0;1;2;3;4;6;7,True,0.1,1.0,5240.010395915321,symbol,1089.909180,nan,1.801095,3,5.0,1.0,9402.171575957866,492674768.0219877,symbol,0.0,,0.0,1e-05,False,0.001,200,5,128,1,5,7,2000,0.00,0.00,0.00,1.00,0,completed,18,200,18,0.0,1.0,,none,chua_orig_nint128_bs16_sig0.0_lr1e-03-1e-05_tfp0_ramp200_hLR1_m20_p10_seed18_minsym5_cand2_reducedp3_distsym_ga0p1_rseed0,5,200,parent_free_run,default
4.337146,20,10,3,10,5,0.1,,16,0.0246,3.6295,2,models/chua_orig_nint128_bs16_sig0.0_lr1e-03-1e-05_tfp0_ramp200_hLR1_m20_p10_seed24_minsym5_cand2_reducedp3_distsym_ga0p1_rseed0.pth,0;1;2;3;6;7;9,True,0.1,1.0,13.208435188425705,symbol,2.904114,nan,0.700420,5,5.0,1.0,365.3878869398427,48262.022232807445,symbol,0.0,,0.0,1e-05,False,0.001,200,5,128,5,5,7,2000,0.00,0.00,0.00,1.00,0,completed,24,200,24,0.0,1.0,,none,chua_orig_nint128_bs16_sig0.0_lr1e-03-1e-05_tfp0_ramp200_hLR1_m20_p10_seed24_minsym5_cand2_reducedp3_distsym_ga0p1_rseed0,5,200,parent_free_run,default
12.375551,20,10,3,10,5,0.1,,16,0.0438,8.3647,4,models/chua_orig_nint128_bs16_sig0.0_lr1e-03-1e-05_tfp0_ramp200_hLR1_m20_p10_seed13_minsym5_cand4_reducedp3_distsym_ga0p1_rseed0.pth,0;2;5;6;7;8;9,True,0.1,1.0,25454.800376118586,symbol,7514.156738,nan,3.664925,3,5.0,1.0,585.6759560025092,149082645.4513631,symbol,0.0,,0.0,1e-05,False,0.001,200,5,128,5,5,7,2000,0.00,0.00,0.00,1.00,0,completed,13,200,13,0.0,1.0,,none,chua_orig_nint128_bs16_sig0.0_lr1e-03-1e-05_tfp0_ramp200_hLR1_m20_p10_seed13_minsym5_cand4_reducedp3_distsym_ga0p1_rseed0,5,200,parent_free_run,default
8.187272,20,10,3,10,4,0.1,,16,0.0889,7.5132,2,models/chua_orig_nint128_bs16_sig0.0_lr1e-03-1e-05_tfp0_ramp200_hLR1_m20_p10_seed25_minsym5_cand2_reducedp3_distsym_ga0p1_rseed0.pth,0;1;2;4;5;7;8,True,0.1,1.0,167.06080695577324,symbol,32.694088,nan,1.086083,3,5.0,1.0,680.9231452762854,1137555.7012471962,symbol,0.0,,0.0,1e-05,False,0.001,200,5,128,1,5,7,2000,0.00,0.00,0.00,1.00,0,completed,25,200,25,0.0,1.0,,none,chua_orig_nint128_bs16_sig0.0_lr1e-03-1e-05_tfp0_ramp200_hLR1_m20_p10_seed25_minsym5_cand2_reducedp3_distsym_ga0p1_rseed0,5,200,parent_free_run,default
13.470176,20,10,3,10,5,0.1,,16,0.1017,6.9577,3,models/chua_orig_nint128_bs16_sig0.0_lr1e-03-1e-05_tfp0_ramp200_hLR1_m20_p10_seed18_minsym5_cand3_reducedp3_distsym_ga0p1_rseed0.pth,0;1;2;3;4;6;9,True,0.1,1.0,3742.9103561300235,symbol,912.349548,nan,2.462949,4,5.0,1.0,3816.1025008344573,142833295.70426974,symbol,0.0,,0.0,1e-05,False,0.001,200,5,128,5,5,7,2000,0.00,0.00,0.00,1.00,0,completed,18,200,18,0.0,1.0,,none,chua_orig_nint128_bs16_sig0.0_lr1e-03-1e-05_tfp0_ramp200_hLR1_m20_p10_seed18_minsym5_cand3_reducedp3_distsym_ga0p1_rseed0,5,200,parent_free_run,default
7.461699,20,10,3,10,3,0.1,,16,0.1406,7.4617,2,models/chua_orig_nint128_bs16_sig0.0_lr1e-03-1e-05_tfp0_ramp200_hLR1_m20_p10_seed26_minsym5_cand2_reducedp3_distsym_ga0p1_rseed0.pth,0;1;4;5;6;7;9,True,0.1,1.0,15545.660973897753,symbol,3792.601562,nan,4.700234,3,5.0,1.0,34412.35380099711,5349627855.041227,symbol,0.0,,0.0,1e-05,False,0.001,200,5,128,3,5,7,2000,0.00,0.00,0.00,1.00,0,completed,26,200,26,0.0,1.0,,none,chua_orig_nint128_bs16_sig0.0_lr1e-03-1e-05_tfp0_ramp200_hLR1_m20_p10_seed26_minsym5_cand2_reducedp3_distsym_ga0p1_rseed0,5,200,parent_free_run,default
2.628126,20,10,3,10,5,0.1,,16,0.0150,2.6281,4,models/chua_orig_nint128_bs16_sig0.0_lr1e-03-1e-05_tfp0_ramp200_hLR1_m20_p10_seed15_minsym5_cand4_reducedp3_distsym_ga0p1_rseed0.pth,0;2;5;6;7;8;9,True,0.1,1.0,32.99275150985593,symbol,4.675561,nan,0.252703,5,5.0,1.0,18.972452082094048,6259.533970772105,symbol,0.0,,0.0,1e-05,False,0.001,200,5,128,5,5,7,2000,0.00,0.00,0.00,1.00,0,completed,15,200,15,0.0,1.0,,none,chua_orig_nint128_bs16_sig0.0_lr1e-03-1e-05_tfp0_ramp200_hLR1_m20_p10_seed15_minsym5_cand4_reducedp3_distsym_ga0p1_rseed0,5,200,parent_free_run,default
11.344426,20,10,3,10,4,0.1,,16,0.0355,8.0052,4,models/chua_orig_nint128_bs16_sig0.0_lr1e-03-1e-05_tfp0_ramp200_hLR1_m20_p10_seed14_minsym5_cand4_reducedp3_distsym_ga0p1_rseed0.pth,0;2;5;6;7;8;9,True,0.1,1.0,48.281364183477834,symbol,8.505492,nan,0.798928,2,5.0,1.0,15.451394287946618,7460.143947589081,symbol,0.0,,0.0,1e-05,False,0.001,200,5,128,4,5,7,2000,0.00,0.00,0.00,1.00,0,completed,14,200,14,0.0,1.0,,none,chua_orig_nint128_bs16_sig0.0_lr1e-03-1e-05_tfp0_ramp200_hLR1_m20_p10_seed14_minsym5_cand4_reducedp3_distsym_ga0p1_rseed0,5,200,parent_free_run,default
3.905336,20,10,3,10,5,0.1,,16,0.0329,3.9053,2,models/chua_orig_nint128_bs16_sig0.0_lr1e-03-1e-05_tfp0_ramp200_hLR1_m20_p10_seed28_minsym5_cand2_reducedp3_distsym_ga0p1_rseed0.pth,0;1;2;5;6;7;9,True,0.1,1.0,245.87003327716351,symbol,49.889797,nan,0.570315,5,5.0,1.0,144.12955144095807,354371.37609011255,symbol,0.0,,0.0,1e-05,False,0.001,200,5,128,5,5,7,2000,0.00,0.00,0.00,1.00,0,completed,28,200,28,0.0,1.0,,none,chua_orig_nint128_bs16_sig0.0_lr1e-03-1e-05_tfp0_ramp200_hLR1_m20_p10_seed28_minsym5_cand2_reducedp3_distsym_ga0p1_rseed0,5,200,parent_free_run,default
7.411429,20,10,3,10,3,0.1,,16,0.0384,7.4114,5,models/chua_orig_nint128_bs16_sig0.0_lr1e-03-1e-05_tfp0_ramp200_hLR1_m20_p10_seed10_minsym5_cand5_reducedp3_distsym_ga0p1_rseed0.pth,0;1;3;4;5;6;7,True,0.1,1.0,102.18151656820612,symbol,21.524542,nan,0.932744,3,5.0,1.0,6.558542652396839,6701.618346992762,symbol,0.0,,0.0,1e-05,False,0.001,200,5,128,3,5,7,2000,0.00,0.00,0.00,1.00,0,completed,10,200,10,0.0,1.0,,none,chua_orig_nint128_bs16_sig0.0_lr1e-03-1e-05_tfp0_ramp200_hLR1_m20_p10_seed10_minsym5_cand5_reducedp3_distsym_ga0p1_rseed0,5,200,parent_free_run,default
9.226003,20,10,3,10,5,0.1,,16,0.0607,7.6552,3,models/chua_orig_nint128_bs16_sig0.0_lr1e-03-1e-05_tfp0_ramp200_hLR1_m20_p10_seed21_minsym5_cand3_reducedp3_distsym_ga0p1_rseed0.pth,0;3;4;5;6;8;9,True,0.1,1.0,446.59990759564846,symbol,65.938370,nan,1.155316,5,5.0,1.0,821.7618262145288,3669987.5565304034,symbol,0.0,,0.0,1e-05,False,0.001,200,5,128,5,5,7,2000,0.00,0.00,0.00,1.00,0,completed,21,200,21,0.0,1.0,,none,chua_orig_nint128_bs16_sig0.0_lr1e-03-1e-05_tfp0_ramp200_hLR1_m20_p10_seed21_minsym5_cand3_reducedp3_distsym_ga0p1_rseed0,5,200,parent_free_run,default
4.536289,20,10,3,10,5,0.1,,16,0.0372,4.5363,2,models/chua_orig_nint128_bs16_sig0.0_lr1e-03-1e-05_tfp0_ramp200_hLR1_m20_p10_seed29_minsym5_cand2_reducedp3_distsym_ga0p1_rseed0.pth,1;2;3;5;6;8;9,True,0.1,1.0,52.88769358812538,symbol,4.748157,nan,0.300944,4,5.0,1.0,3.0297904974362417,1602.3863146467481,symbol,0.0,,0.0,1e-05,False,0.001,200,5,128,5,5,7,2000,0.00,0.00,0.00,1.00,0,completed,29,200,29,0.0,1.0,,none,chua_orig_nint128_bs16_sig0.0_lr1e-03-1e-05_tfp0_ramp200_hLR1_m20_p10_seed29_minsym5_cand2_reducedp3_distsym_ga0p1_rseed0,5,200,parent_free_run,default
7.921197,20,10,3,10,3,0.1,,16,0.0599,7.9212,3,models/chua_orig_nint128_bs16_sig0.0_lr1e-03-1e-05_tfp0_ramp200_hLR1_m20_p10_seed22_minsym5_cand3_reducedp3_distsym_ga0p1_rseed0.pth,0;2;3;5;7;8;9,True,0.1,1.0,17.850589887155543,symbol,6.308574,nan,1.514571,1,5.0,1.0,30.020083714342395,5358.76202762821,symbol,0.0,,0.0,1e-05,False,0.001,200,5,128,3,5,7,2000,0.00,0.00,0.00,1.00,0,completed,22,200,22,0.0,1.0,,none,chua_orig_nint128_bs16_sig0.0_lr1e-03-1e-05_tfp0_ramp200_hLR1_m20_p10_seed22_minsym5_cand3_reducedp3_distsym_ga0p1_rseed0,5,200,parent_free_run,default
13.113594,20,10,3,10,4,0.1,,16,0.0614,8.4674,3,models/chua_orig_nint128_bs16_sig0.0_lr1e-03-1e-05_tfp0_ramp200_hLR1_m20_p10_seed17_minsym5_cand3_reducedp3_distsym_ga0p1_rseed0.pth,0;2;3;4;7;8;9,True,0.1,1.0,15.657977344827819,symbol,5.851278,nan,1.310373,1,5.0,1.0,31.31258910084609,4902.918107489661,symbol,0.0,,0.0,1e-05,False,0.001,200,5,128,5,5,7,2000,0.00,0.00,0.00,1.00,0,completed,17,200,17,0.0,1.0,,none,chua_orig_nint128_bs16_sig0.0_lr1e-03-1e-05_tfp0_ramp200_hLR1_m20_p10_seed17_minsym5_cand3_reducedp3_distsym_ga0p1_rseed0,5,200,parent_free_run,default
2.686767,20,10,3,10,5,0.1,,16,0.0165,2.6868,3,models/chua_orig_nint128_bs16_sig0.0_lr1e-03-1e-05_tfp0_ramp200_hLR1_m20_p10_seed24_minsym5_cand3_reducedp3_distsym_ga0p1_rseed0.pth,0;1;2;3;7;8;9,True,0.1,1.0,10.547094513774223,symbol,1.256166,nan,0.195137,5,5.0,1.0,181.6661049837068,19160.495792123962,symbol,0.0,,0.0,1e-05,False,0.001,200,5,128,5,5,7,2000,0.00,0.00,0.00,1.00,0,completed,24,200,24,0.0,1.0,,none,chua_orig_nint128_bs16_sig0.0_lr1e-03-1e-05_tfp0_ramp200_hLR1_m20_p10_seed24_minsym5_cand3_reducedp3_distsym_ga0p1_rseed0,5,200,parent_free_run,default
10.937044,20,10,3,10,5,0.1,,16,0.0691,7.5148,5,models/chua_orig_nint128_bs16_sig0.0_lr1e-03-1e-05_tfp0_ramp200_hLR1_m20_p10_seed13_minsym5_cand5_reducedp3_distsym_ga0p1_rseed0.pth,0;3;5;6;7;8;9,True,0.1,1.0,13899.279438194475,symbol,2514.894775,nan,3.020922,5,5.0,1.0,596.6568723645473,82931005.97713992,symbol,0.0,,0.0,1e-05,False,0.001,200,5,128,5,5,7,2000,0.00,0.00,0.00,1.00,0,completed,13,200,13,0.0,1.0,,none,chua_orig_nint128_bs16_sig0.0_lr1e-03-1e-05_tfp0_ramp200_hLR1_m20_p10_seed13_minsym5_cand5_reducedp3_distsym_ga0p1_rseed0,5,200,parent_free_run,default
13.144815,20,10,3,10,5,0.1,,16,0.0917,8.6576,3,models/chua_orig_nint128_bs16_sig0.0_lr1e-03-1e-05_tfp0_ramp200_hLR1_m20_p10_seed25_minsym5_cand3_reducedp3_distsym_ga0p1_rseed0.pth,0;1;2;4;7;8;9,True,0.1,1.0,3891.810489853569,symbol,1244.129517,nan,3.034663,3,5.0,1.0,1220.4745430985288,47498556.29430099,symbol,0.0,,0.0,1e-05,False,0.001,200,5,128,5,5,7,2000,0.00,0.00,0.00,1.00,0,completed,25,200,25,0.0,1.0,,none,chua_orig_nint128_bs16_sig0.0_lr1e-03-1e-05_tfp0_ramp200_hLR1_m20_p10_seed25_minsym5_cand3_reducedp3_distsym_ga0p1_rseed0,5,200,parent_free_run,default
6.083872,20,10,3,10,3,0.1,,16,0.1743,6.0839,4,models/chua_orig_nint128_bs16_sig0.0_lr1e-03-1e-05_tfp0_ramp200_hLR1_m20_p10_seed18_minsym5_cand4_reducedp3_distsym_ga0p1_rseed0.pth,0;1;3;4;5;7;9,True,0.1,1.0,21112.953268579447,symbol,8508.514648,nan,9.328929,2,5.0,1.0,5500.971293674247,1161417498.5514143,symbol,0.0,,0.0,1e-05,False,0.001,200,5,128,3,5,7,2000,0.00,0.00,0.00,1.00,0,completed,18,200,18,0.0,1.0,,none,chua_orig_nint128_bs16_sig0.0_lr1e-03-1e-05_tfp0_ramp200_hLR1_m20_p10_seed18_minsym5_cand4_reducedp3_distsym_ga0p1_rseed0,5,200,parent_free_run,default
9.649586,20,10,3,10,3,0.1,,16,0.1436,8.3160,3,models/chua_orig_nint128_bs16_sig0.0_lr1e-03-1e-05_tfp0_ramp200_hLR1_m20_p10_seed26_minsym5_cand3_reducedp3_distsym_ga0p1_rseed0.pth,0;1;4;6;7;8;9,True,0.1,1.0,69305.21434763465,symbol,19016.363281,nan,3.980733,2,5.0,1.0,10010.555565135046,6937836991.805914,symbol,0.0,,0.0,1e-05,False,0.001,200,5,128,1,5,7,2000,0.00,0.00,0.00,1.00,0,completed,26,200,26,0.0,1.0,,none,chua_orig_nint128_bs16_sig0.0_lr1e-03-1e-05_tfp0_ramp200_hLR1_m20_p10_seed26_minsym5_cand3_reducedp3_distsym_ga0p1_rseed0,5,200,parent_free_run,default
6.314581,20,10,3,10,5,0.1,,16,0.0258,6.3146,5,models/chua_orig_nint128_bs16_sig0.0_lr1e-03-1e-05_tfp0_ramp200_hLR1_m20_p10_seed15_minsym5_cand5_reducedp3_distsym_ga0p1_rseed0.pth,0;3;5;6;7;8;9,True,0.1,1.0,57.064643000837656,symbol,6.256949,nan,0.303762,5,5.0,1.0,98.51573202201482,56217.65077802522,symbol,0.0,,0.0,1e-05,False,0.001,200,5,128,5,5,7,2000,0.00,0.00,0.00,1.00,0,completed,15,200,15,0.0,1.0,,none,chua_orig_nint128_bs16_sig0.0_lr1e-03-1e-05_tfp0_ramp200_hLR1_m20_p10_seed15_minsym5_cand5_reducedp3_distsym_ga0p1_rseed0,5,200,parent_free_run,default
4.900182,20,10,3,10,5,0.1,,16,0.0198,4.5587,4,models/chua_orig_nint128_bs16_sig0.0_lr1e-03-1e-05_tfp0_ramp200_hLR1_m20_p10_seed24_minsym5_cand4_reducedp3_distsym_ga0p1_rseed0.pth,0;1;2;5;6;7;9,True,0.1,1.0,21.60621335102979,symbol,2.622930,nan,0.315706,5,5.0,1.0,278.67023337361644,60210.08516851641,symbol,0.0,,0.0,1e-05,False,0.001,200,5,128,5,5,7,2000,0.00,0.00,0.00,1.00,0,completed,24,200,24,0.0,1.0,,none,chua_orig_nint128_bs16_sig0.0_lr1e-03-1e-05_tfp0_ramp200_hLR1_m20_p10_seed24_minsym5_cand4_reducedp3_distsym_ga0p1_rseed0,5,200,parent_free_run,default
6.069259,20,10,3,10,1,0.1,,16,0.2913,6.0693,5,models/chua_orig_nint128_bs16_sig0.0_lr1e-03-1e-05_tfp0_ramp200_hLR1_m20_p10_seed18_minsym5_cand5_reducedp3_distsym_ga0p1_rseed0.pth,0;1;3;4;6;7;9,True,0.1,1.0,6062.929693019489,symbol,1503.414551,nan,6.697966,1,5.0,1.0,2470.825954308473,149804440.4466006,symbol,0.0,,0.0,1e-05,False,0.001,200,5,128,1,5,7,2000,0.00,0.00,0.00,1.00,0,completed,18,200,18,0.0,1.0,,none,chua_orig_nint128_bs16_sig0.0_lr1e-03-1e-05_tfp0_ramp200_hLR1_m20_p10_seed18_minsym5_cand5_reducedp3_distsym_ga0p1_rseed0,5,200,parent_free_run,default
9.827861,20,10,3,10,3,0.1,,16,0.0420,7.6693,4,models/chua_orig_nint128_bs16_sig0.0_lr1e-03-1e-05_tfp0_ramp200_hLR1_m20_p10_seed17_minsym5_cand4_reducedp3_distsym_ga0p1_rseed0.pth,1;2;3;5;7;8;9,True,0.1,1.0,25.894606598751192,symbol,9.717957,nan,1.717104,0,5.0,1.0,30.703068670556032,7950.43884598517,symbol,0.0,,0.0,1e-05,False,0.001,200,5,128,1,5,7,2000,0.00,0.00,0.00,1.00,0,completed,17,200,17,0.0,1.0,,none,chua_orig_nint128_bs16_sig0.0_lr1e-03-1e-05_tfp0_ramp200_hLR1_m20_p10_seed17_minsym5_cand4_reducedp3_distsym_ga0p1_rseed0,5,200,parent_free_run,default
3.277825,20,10,3,10,5,0.1,,16,0.0283,3.2778,4,models/chua_orig_nint128_bs16_sig0.0_lr1e-03-1e-05_tfp0_ramp200_hLR1_m20_p10_seed22_minsym5_cand4_reducedp3_distsym_ga0p1_rseed0.pth,0;2;4;5;7;8;9,True,0.1,1.0,16.929485784870003,symbol,2.180118,nan,0.434012,5,5.0,1.0,18.911042153091657,3201.542193078595,symbol,0.0,,0.0,1e-05,False,0.001,200,5,128,5,5,7,2000,0.00,0.00,0.00,1.00,0,completed,22,200,22,0.0,1.0,,none,chua_orig_nint128_bs16_sig0.0_lr1e-03-1e-05_tfp0_ramp200_hLR1_m20_p10_seed22_minsym5_cand4_reducedp3_distsym_ga0p1_rseed0,5,200,parent_free_run,default
12.178900,20,10,3,10,5,0.1,,16,0.0689,9.1016,4,models/chua_orig_nint128_bs16_sig0.0_lr1e-03-1e-05_tfp0_ramp200_hLR1_m20_p10_seed26_minsym5_cand4_reducedp3_distsym_ga0p1_rseed0.pth,0;2;3;4;5;6;9,True,0.1,1.0,477186.95620102383,symbol,61845.121094,nan,1.681101,5,5.0,1.0,1828.528826658709,8725501051.190992,symbol,0.0,,0.0,1e-05,False,0.001,200,5,128,5,5,7,2000,0.00,0.00,0.00,1.00,0,completed,26,200,26,0.0,1.0,,none,chua_orig_nint128_bs16_sig0.0_lr1e-03-1e-05_tfp0_ramp200_hLR1_m20_p10_seed26_minsym5_cand4_reducedp3_distsym_ga0p1_rseed0,5,200,parent_free_run,default
10.399413,20,10,3,10,4,0.1,,16,0.1160,6.7367,4,models/chua_orig_nint128_bs16_sig0.0_lr1e-03-1e-05_tfp0_ramp200_hLR1_m20_p10_seed25_minsym5_cand4_reducedp3_distsym_ga0p1_rseed0.pth,0;2;3;4;5;8;9,True,0.1,1.0,228.22483060952555,symbol,86.755020,nan,2.659452,1,5.0,1.0,554.8247782371462,1266247.910311405,symbol,0.0,,0.0,1e-05,False,0.001,200,5,128,2,5,7,2000,0.00,0.00,0.00,1.00,0,completed,25,200,25,0.0,1.0,,none,chua_orig_nint128_bs16_sig0.0_lr1e-03-1e-05_tfp0_ramp200_hLR1_m20_p10_seed25_minsym5_cand4_reducedp3_distsym_ga0p1_rseed0,5,200,parent_free_run,default
9.796268,20,10,3,10,3,0.1,,16,0.0541,9.7963,5,models/chua_orig_nint128_bs16_sig0.0_lr1e-03-1e-05_tfp0_ramp200_hLR1_m20_p10_seed17_minsym5_cand5_reducedp3_distsym_ga0p1_rseed0.pth,1;2;4;5;7;8;9,True,0.1,1.0,30.486362673910126,symbol,15.073936,nan,1.943719,1,5.0,1.0,16.25776800858048,4956.4021177790855,symbol,0.0,,0.0,1e-05,False,0.001,200,5,128,6,5,7,2000,0.00,0.00,0.00,1.00,0,completed,17,200,17,0.0,1.0,,none,chua_orig_nint128_bs16_sig0.0_lr1e-03-1e-05_tfp0_ramp200_hLR1_m20_p10_seed17_minsym5_cand5_reducedp3_distsym_ga0p1_rseed0,5,200,parent_free_run,default
3.763546,20,10,3,10,5,0.1,,16,0.0193,3.7635,5,models/chua_orig_nint128_bs16_sig0.0_lr1e-03-1e-05_tfp0_ramp200_hLR1_m20_p10_seed24_minsym5_cand5_reducedp3_distsym_ga0p1_rseed0.pth,0;1;2;5;7;8;9,True,0.1,1.0,18.531042093587544,symbol,2.131769,nan,0.186632,5,5.0,1.0,122.22454219427296,22649.48136271557,symbol,0.0,,0.0,1e-05,False,0.001,200,5,128,5,5,7,2000,0.00,0.00,0.00,1.00,0,completed,24,200,24,0.0,1.0,,none,chua_orig_nint128_bs16_sig0.0_lr1e-03-1e-05_tfp0_ramp200_hLR1_m20_p10_seed24_minsym5_cand5_reducedp3_distsym_ga0p1_rseed0,5,200,parent_free_run,default
4.009824,20,10,4,10,5,0.1,,16,0.0162,4.0098,5,models/chua_orig_nint128_bs16_sig0.0_lr1e-03-1e-05_tfp0_ramp200_hLR1_m20_p10_seed22_minsym5_cand5_reducedp4_distsym_ga0p1_rseed0.pth,1;2;3;4;5;7,True,0.1,1.0,29.652511135953393,symbol,4.502617,nan,0.347735,5,5.0,1.0,15.062772297277569,4466.49023283383,symbol,0.0,,0.0,1e-05,False,0.001,200,5,128,5,5,6,2000,0.00,0.00,0.00,1.00,0,completed,22,200,22,0.0,1.0,,none,chua_orig_nint128_bs16_sig0.0_lr1e-03-1e-05_tfp0_ramp200_hLR1_m20_p10_seed22_minsym5_cand5_reducedp4_distsym_ga0p1_rseed0,5,200,parent_free_run,default
13.600626,20,10,3,10,4,0.1,,16,0.1490,8.8335,5,models/chua_orig_nint128_bs16_sig0.0_lr1e-03-1e-05_tfp0_ramp200_hLR1_m20_p10_seed25_minsym5_cand5_reducedp3_distsym_ga0p1_rseed0.pth,0;2;4;5;7;8;9,True,0.1,1.0,519.8775715513086,symbol,115.677658,nan,2.058802,2,5.0,1.0,1122.0479800051305,5833275.7900911905,symbol,0.0,,0.0,1e-05,False,0.001,200,5,128,4,5,7,2000,0.00,0.00,0.00,1.00,0,completed,25,200,25,0.0,1.0,,none,chua_orig_nint128_bs16_sig0.0_lr1e-03-1e-05_tfp0_ramp200_hLR1_m20_p10_seed25_minsym5_cand5_reducedp3_distsym_ga0p1_rseed0,5,200,parent_free_run,default
11.825812,20,10,3,10,5,0.1,,16,0.0685,9.2719,5,models/chua_orig_nint128_bs16_sig0.0_lr1e-03-1e-05_tfp0_ramp200_hLR1_m20_p10_seed26_minsym5_cand5_reducedp3_distsym_ga0p1_rseed0.pth,0;2;3;4;6;8;9,True,0.1,1.0,19550.674425994475,symbol,3116.274902,nan,1.211447,4,5.0,1.0,87673.4887637078,17140758346.10336,symbol,0.0,,0.0,1e-05,False,0.001,200,5,128,5,5,7,2000,0.00,0.00,0.00,1.00,0,completed,26,200,26,0.0,1.0,,none,chua_orig_nint128_bs16_sig0.0_lr1e-03-1e-05_tfp0_ramp200_hLR1_m20_p10_seed26_minsym5_cand5_reducedp3_distsym_ga0p1_rseed0,5,200,parent_free_run,default
11.189214,20,10,4,10,4,0.1,,16,0.0296,8.2526,11,models/chua_orig_nint128_bs16_sig0.0_lr1e-03-1e-05_tfp0_ramp200_hLR1_m20_p10_seed6_minsym5_cand11_reducedp4_distsym_ga0p1_rseed0.pth,2;4;5;7;8;9,True,0.1,1.0,179.1131558298457,symbol,30.728546,nan,0.666151,0,5.0,1.0,2334.7868620938934,4181910.4305970017,symbol,0.0,,0.0,1e-05,False,0.001,200,5,128,3,5,6,2000,0.00,0.00,0.00,1.00,0,completed,6,200,6,0.0,1.0,,none,chua_orig_nint128_bs16_sig0.0_lr1e-03-1e-05_tfp0_ramp200_hLR1_m20_p10_seed6_minsym5_cand11_reducedp4_distsym_ga0p1_rseed0,5,200,parent_free_run,default
11.444335,20,10,3,10,5,0.1,,16,0.0425,9.0956,7,models/chua_orig_nint128_bs16_sig0.0_lr1e-03-1e-05_tfp0_ramp200_hLR1_m20_p10_seed11_minsym5_cand7_reducedp3_distsym_ga0p1_rseed0.pth,3;4;5;6;7;8;9,True,0.1,1.0,56.77663968883445,symbol,7.713393,nan,0.696893,3,5.0,1.0,8.156227162939379,4630.831708505503,symbol,0.0,,0.0,1e-05,False,0.001,200,5,128,5,5,7,2000,0.00,0.00,0.00,1.00,0,completed,11,200,11,0.0,1.0,,none,chua_orig_nint128_bs16_sig0.0_lr1e-03-1e-05_tfp0_ramp200_hLR1_m20_p10_seed11_minsym5_cand7_reducedp3_distsym_ga0p1_rseed0,5,200,parent_free_run,default
4.355762,20,10,3,10,5,0.1,,16,0.0271,4.3558,6,models/chua_orig_nint128_bs16_sig0.0_lr1e-03-1e-05_tfp0_ramp200_hLR1_m20_p10_seed10_minsym5_cand6_reducedp3_distsym_ga0p1_rseed0.pth,0;1;3;4;5;6;8,True,0.1,1.0,29.292074189898905,symbol,3.552330,nan,0.251527,5,5.0,1.0,27.232803080504237,7977.052882330667,symbol,0.0,,0.0,1e-05,False,0.001,200,5,128,5,5,7,2000,0.00,0.00,0.00,1.00,0,completed,10,200,10,0.0,1.0,,none,chua_orig_nint128_bs16_sig0.0_lr1e-03-1e-05_tfp0_ramp200_hLR1_m20_p10_seed10_minsym5_cand6_reducedp3_distsym_ga0p1_rseed0,5,200,parent_free_run,default
3.756321,20,10,3,10,5,0.1,,16,0.0163,3.7563,9,models/chua_orig_nint128_bs16_sig0.0_lr1e-03-1e-05_tfp0_ramp200_hLR1_m20_p10_seed10_minsym5_cand9_reducedp3_distsym_ga0p1_rseed0.pth,0;1;3;5;6;7;8,True,0.1,1.0,52.72618001436896,symbol,5.890552,nan,0.267550,5,5.0,1.0,15.260086374538348,8046.060612187805,symbol,0.0,,0.0,1e-05,False,0.001,200,5,128,5,5,7,2000,0.00,0.00,0.00,1.00,0,completed,10,200,10,0.0,1.0,,none,chua_orig_nint128_bs16_sig0.0_lr1e-03-1e-05_tfp0_ramp200_hLR1_m20_p10_seed10_minsym5_cand9_reducedp3_distsym_ga0p1_rseed0,5,200,parent_free_run,default
5.981752,20,10,3,10,4,0.1,,16,0.0223,5.5924,10,models/chua_orig_nint128_bs16_sig0.0_lr1e-03-1e-05_tfp0_ramp200_hLR1_m20_p10_seed10_minsym5_cand10_reducedp3_distsym_ga0p1_rseed0.pth,1;2;4;5;6;7;8,True,0.1,1.0,78.39332956575868,symbol,17.776106,nan,1.159823,3,5.0,1.0,9.949656230892115,7799.8667997440825,symbol,0.0,,0.0,1e-05,False,0.001,200,5,128,4,5,7,2000,0.00,0.00,0.00,1.00,0,completed,10,200,10,0.0,1.0,,none,chua_orig_nint128_bs16_sig0.0_lr1e-03-1e-05_tfp0_ramp200_hLR1_m20_p10_seed10_minsym5_cand10_reducedp3_distsym_ga0p1_rseed0,5,200,parent_free_run,default
4.493052,20,10,3,10,5,0.1,,16,0.0319,4.4931,11,models/chua_orig_nint128_bs16_sig0.0_lr1e-03-1e-05_tfp0_ramp200_hLR1_m20_p10_seed10_minsym5_cand11_reducedp3_distsym_ga0p1_rseed0.pth,1;3;4;5;6;7;8,True,0.1,1.0,56.476276501832196,symbol,5.402163,nan,0.213907,5,5.0,1.0,14.314130161351594,8084.087728757649,symbol,0.0,,0.0,1e-05,False,0.001,200,5,128,5,5,7,2000,0.00,0.00,0.00,1.00,0,completed,10,200,10,0.0,1.0,,none,chua_orig_nint128_bs16_sig0.0_lr1e-03-1e-05_tfp0_ramp200_hLR1_m20_p10_seed10_minsym5_cand11_reducedp3_distsym_ga0p1_rseed0,5,200,parent_free_run,default
1.644296,20,10,3,10,5,0.1,,16,0.0126,1.6443,6,models/chua_orig_nint128_bs16_sig0.0_lr1e-03-1e-05_tfp0_ramp200_hLR1_m20_p10_seed13_minsym5_cand6_reducedp3_distsym_ga0p1_rseed0.pth,1;2;3;5;7;8;9,True,0.1,1.0,4.551971228270746,symbol,0.896604,nan,0.240995,5,5.0,1.0,1.7382316067925514,79.12380262195076,symbol,0.0,,0.0,1e-05,False,0.001,200,5,128,5,5,7,2000,0.00,0.00,0.00,1.00,0,completed,13,200,13,0.0,1.0,,none,chua_orig_nint128_bs16_sig0.0_lr1e-03-1e-05_tfp0_ramp200_hLR1_m20_p10_seed13_minsym5_cand6_reducedp3_distsym_ga0p1_rseed0,5,200,parent_free_run,default
2.473890,20,10,3,10,5,0.1,,16,0.0156,2.4739,7,models/chua_orig_nint128_bs16_sig0.0_lr1e-03-1e-05_tfp0_ramp200_hLR1_m20_p10_seed13_minsym5_cand7_reducedp3_distsym_ga0p1_rseed0.pth,2;3;5;6;7;8;9,True,0.1,1.0,5.428798129312534,symbol,0.554128,nan,0.081489,5,5.0,1.0,1.39124564990163,75.52791781605598,symbol,0.0,,0.0,1e-05,False,0.001,200,5,128,5,5,7,2000,0.00,0.00,0.00,1.00,0,completed,13,200,13,0.0,1.0,,none,chua_orig_nint128_bs16_sig0.0_lr1e-03-1e-05_tfp0_ramp200_hLR1_m20_p10_seed13_minsym5_cand7_reducedp3_distsym_ga0p1_rseed0,5,200,parent_free_run,default
8.706369,20,10,3,10,3,0.1,,16,0.0336,8.7064,6,models/chua_orig_nint128_bs16_sig0.0_lr1e-03-1e-05_tfp0_ramp200_hLR1_m20_p10_seed15_minsym5_cand6_reducedp3_distsym_ga0p1_rseed0.pth,2;3;5;6;7;8;9,True,0.1,1.0,101.13613518263531,symbol,25.035421,nan,1.432094,1,5.0,1.0,68.01581005944968,68788.5616072905,symbol,0.0,,0.0,1e-05,False,0.001,200,5,128,3,5,7,2000,0.00,0.00,0.00,1.00,0,completed,15,200,15,0.0,1.0,,none,chua_orig_nint128_bs16_sig0.0_lr1e-03-1e-05_tfp0_ramp200_hLR1_m20_p10_seed15_minsym5_cand6_reducedp3_distsym_ga0p1_rseed0,5,200,parent_free_run,default
8.896090,20,10,3,10,5,0.1,,16,0.0261,7.8356,7,models/chua_orig_nint128_bs16_sig0.0_lr1e-03-1e-05_tfp0_ramp200_hLR1_m20_p10_seed18_minsym5_cand7_reducedp3_distsym_ga0p1_rseed0.pth,1;2;3;4;6;7;9,True,0.1,1.0,447.8052527350865,symbol,82.323814,nan,1.184448,5,5.0,1.0,1445.5425099073423,6473215.289883691,symbol,0.0,,0.0,1e-05,False,0.001,200,5,128,5,5,7,2000,0.00,0.00,0.00,1.00,0,completed,18,200,18,0.0,1.0,,none,chua_orig_nint128_bs16_sig0.0_lr1e-03-1e-05_tfp0_ramp200_hLR1_m20_p10_seed18_minsym5_cand7_reducedp3_distsym_ga0p1_rseed0,5,200,parent_free_run,default
4.665916,20,10,3,10,5,0.1,,16,0.0433,4.6659,6,models/chua_orig_nint128_bs16_sig0.0_lr1e-03-1e-05_tfp0_ramp200_hLR1_m20_p10_seed18_minsym5_cand6_reducedp3_distsym_ga0p1_rseed0.pth,1;2;3;4;5;7;9,True,0.1,1.0,38.22196778538826,symbol,7.208196,nan,0.460494,5,5.0,1.0,1813.0793788762933,692994.6161176146,symbol,0.0,,0.0,1e-05,False,0.001,200,5,128,5,5,7,2000,0.00,0.00,0.00,1.00,0,completed,18,200,18,0.0,1.0,,none,chua_orig_nint128_bs16_sig0.0_lr1e-03-1e-05_tfp0_ramp200_hLR1_m20_p10_seed18_minsym5_cand6_reducedp3_distsym_ga0p1_rseed0,5,200,parent_free_run,default
6.146065,20,10,3,10,3,0.1,,16,0.0534,6.1461,7,models/chua_orig_nint128_bs16_sig0.0_lr1e-03-1e-05_tfp0_ramp200_hLR1_m20_p10_seed24_minsym5_cand7_reducedp3_distsym_ga0p1_rseed0.pth,0;2;3;5;7;8;9,True,0.1,1.0,27.120758386254888,symbol,5.984241,nan,0.755418,1,5.0,1.0,85.83957231185752,23280.3430064937,symbol,0.0,,0.0,1e-05,False,0.001,200,5,128,3,5,7,2000,0.00,0.00,0.00,1.00,0,completed,24,200,24,0.0,1.0,,none,chua_orig_nint128_bs16_sig0.0_lr1e-03-1e-05_tfp0_ramp200_hLR1_m20_p10_seed24_minsym5_cand7_reducedp3_distsym_ga0p1_rseed0,5,200,parent_free_run,default
8.642685,20,10,3,10,3,0.1,,16,0.1298,8.6427,6,models/chua_orig_nint128_bs16_sig0.0_lr1e-03-1e-05_tfp0_ramp200_hLR1_m20_p10_seed24_minsym5_cand6_reducedp3_distsym_ga0p1_rseed0.pth,0;2;3;5;6;7;9,True,0.1,1.0,31.844752837444187,symbol,9.020700,nan,1.369764,1,5.0,1.0,206.48173094841613,65753.59687499993,symbol,0.0,,0.0,1e-05,False,0.001,200,5,128,4,5,7,2000,0.00,0.00,0.00,1.00,0,completed,24,200,24,0.0,1.0,,none,chua_orig_nint128_bs16_sig0.0_lr1e-03-1e-05_tfp0_ramp200_hLR1_m20_p10_seed24_minsym5_cand6_reducedp3_distsym_ga0p1_rseed0,5,200,parent_free_run,default
10.683205,20,10,3,10,5,0.1,,16,0.0564,6.7760,7,models/chua_orig_nint128_bs16_sig0.0_lr1e-03-1e-05_tfp0_ramp200_hLR1_m20_p10_seed25_minsym5_cand7_reducedp3_distsym_ga0p1_rseed0.pth,1;2;3;4;7;8;9,True,0.1,1.0,140.6136308347075,symbol,165000608.000000,nan,164954816.000000,2,5.0,1.0,97.37417050303365,136921.3566394958,symbol,0.0,,0.0,1e-05,False,0.001,200,5,128,3,5,7,2000,0.00,0.00,0.00,1.00,0,completed,25,200,25,0.0,1.0,,none,chua_orig_nint128_bs16_sig0.0_lr1e-03-1e-05_tfp0_ramp200_hLR1_m20_p10_seed25_minsym5_cand7_reducedp3_distsym_ga0p1_rseed0,5,200,parent_free_run,default
7.896972,20,10,4,10,5,0.1,,16,0.0323,7.2017,7,models/chua_orig_nint128_bs16_sig0.0_lr1e-03-1e-05_tfp0_ramp200_hLR1_m20_p10_seed22_minsym5_cand7_reducedp4_distsym_ga0p1_rseed0.pth,1;2;3;5;7;9,True,0.1,1.0,28.14981879912127,symbol,43411695894410575996780544.000000,nan,43411695894410575996780544.000000,0,5.0,1.0,15.118420044482772,4255.807847812211,symbol,0.0,,0.0,1e-05,False,0.001,200,5,128,5,5,6,2000,0.00,0.00,0.00,1.00,0,completed,22,200,22,0.0,1.0,,none,chua_orig_nint128_bs16_sig0.0_lr1e-03-1e-05_tfp0_ramp200_hLR1_m20_p10_seed22_minsym5_cand7_reducedp4_distsym_ga0p1_rseed0,5,200,parent_free_run,default
3.228794,20,10,4,10,5,0.1,,16,0.0206,3.2288,6,models/chua_orig_nint128_bs16_sig0.0_lr1e-03-1e-05_tfp0_ramp200_hLR1_m20_p10_seed22_minsym5_cand6_reducedp4_distsym_ga0p1_rseed0.pth,1;2;3;4;7;9,True,0.1,1.0,30.29993332044646,symbol,4.862726,nan,0.386449,5,5.0,1.0,14.610282290431956,4426.905791930183,symbol,0.0,,0.0,1e-05,False,0.001,200,5,128,5,5,6,2000,0.00,0.00,0.00,1.00,0,completed,22,200,22,0.0,1.0,,none,chua_orig_nint128_bs16_sig0.0_lr1e-03-1e-05_tfp0_ramp200_hLR1_m20_p10_seed22_minsym5_cand6_reducedp4_distsym_ga0p1_rseed0,5,200,parent_free_run,default
11.608416,20,10,3,10,3,0.1,,16,0.1401,6.6217,6,models/chua_orig_nint128_bs16_sig0.0_lr1e-03-1e-05_tfp0_ramp200_hLR1_m20_p10_seed26_minsym5_cand6_reducedp3_distsym_ga0p1_rseed0.pth,1;2;4;5;7;8;9,True,0.1,1.0,40204.849797055256,symbol,20285.751953,nan,7.301437,1,5.0,1.0,54657.08255112049,21974797943.13049,symbol,0.0,,0.0,1e-05,False,0.001,200,5,128,3,5,7,2000,0.00,0.00,0.00,1.00,0,completed,26,200,26,0.0,1.0,,none,chua_orig_nint128_bs16_sig0.0_lr1e-03-1e-05_tfp0_ramp200_hLR1_m20_p10_seed26_minsym5_cand6_reducedp3_distsym_ga0p1_rseed0,5,200,parent_free_run,default
11.996793,20,10,3,10,5,0.1,,16,0.0888,7.5398,7,models/chua_orig_nint128_bs16_sig0.0_lr1e-03-1e-05_tfp0_ramp200_hLR1_m20_p10_seed26_minsym5_cand7_reducedp3_distsym_ga0p1_rseed0.pth,1;4;5;6;7;8;9,True,0.1,1.0,25108.851846898233,symbol,6149.130859,nan,4.213222,3,5.0,1.0,43490.17226627184,10919882922.299019,symbol,0.0,,0.0,1e-05,False,0.001,200,5,128,1,5,7,2000,0.00,0.00,0.00,1.00,0,completed,26,200,26,0.0,1.0,,none,chua_orig_nint128_bs16_sig0.0_lr1e-03-1e-05_tfp0_ramp200_hLR1_m20_p10_seed26_minsym5_cand7_reducedp3_distsym_ga0p1_rseed0,5,200,parent_free_run,default
10.740940,20,10,3,10,5,0.1,,16,0.0754,9.9842,8,models/chua_orig_nint128_bs16_sig0.0_lr1e-03-1e-05_tfp0_ramp200_hLR1_m20_p10_seed26_minsym5_cand8_reducedp3_distsym_ga0p1_rseed0.pth,2;3;4;5;6;8;9,True,0.1,1.0,15770.229140356641,symbol,2027.364380,nan,4.061242,2,5.0,1.0,58547.30198736744,9233043678.904423,symbol,0.0,,0.0,1e-05,False,0.001,200,5,128,5,5,7,2000,0.00,0.00,0.00,1.00,0,completed,26,200,26,0.0,1.0,,none,chua_orig_nint128_bs16_sig0.0_lr1e-03-1e-05_tfp0_ramp200_hLR1_m20_p10_seed26_minsym5_cand8_reducedp3_distsym_ga0p1_rseed0,5,200,parent_free_run,default
