M,P,option,depth,num_deleted,num_remaining_relu,deleted_set_str,is_leaf,is_rejected,reject_reason,parent_set_str,added_relu,num_clusters,edge_types,weighted_edges_total,num_self_absorbed_edges,num_fixed_nodes,fixed_collision,num_scc_ge3,largest_scc_size,cycle_penalty_ge3,is_minimal_num_clusters
20,10,_original_nint128_seed26,1,1,9,0,False,False,,,0,32.0,70.0,965.0,4.0,5.0,False,1.0,32.0,32.0,False
20,10,_original_nint128_seed26,1,1,9,1,False,False,,,1,31.0,69.0,985.0,5.0,5.0,False,1.0,31.0,31.0,False
20,10,_original_nint128_seed26,1,1,9,2,False,False,,,2,27.0,64.0,962.0,8.0,5.0,False,1.0,27.0,27.0,False
20,10,_original_nint128_seed26,1,1,9,3,False,False,,,3,33.0,73.0,988.0,3.0,5.0,False,1.0,33.0,33.0,False
20,10,_original_nint128_seed26,1,1,9,4,False,False,,,4,27.0,61.0,843.0,11.0,5.0,False,1.0,27.0,27.0,False
20,10,_original_nint128_seed26,1,1,9,5,False,False,,,5,32.0,71.0,839.0,4.0,5.0,False,1.0,32.0,32.0,False
20,10,_original_nint128_seed26,1,1,9,6,False,False,,,6,28.0,62.0,885.0,9.0,5.0,False,1.0,28.0,28.0,False
20,10,_original_nint128_seed26,1,1,9,7,False,False,,,7,30.0,67.0,934.0,6.0,5.0,False,1.0,30.0,30.0,False
20,10,_original_nint128_seed26,1,1,9,8,False,False,,,8,31.0,67.0,921.0,5.0,5.0,False,1.0,31.0,31.0,False
20,10,_original_nint128_seed26,1,1,9,9,False,False,,,9,26.0,53.0,890.0,14.0,5.0,False,1.0,26.0,26.0,False
20,10,_original_nint128_seed26,2,2,8,0;2,False,False,,2,0,24.0,56.0,906.0,12.0,5.0,False,1.0,24.0,24.0,False
20,10,_original_nint128_seed26,2,2,8,1;2,False,False,,2,1,24.0,56.0,926.0,13.0,5.0,False,1.0,24.0,24.0,False
20,10,_original_nint128_seed26,2,2,8,2;3,False,False,,2,3,25.0,59.0,929.0,11.0,5.0,False,1.0,25.0,25.0,False
20,10,_original_nint128_seed26,2,2,8,2;4,False,False,,4,2,20.0,48.0,784.0,19.0,5.0,False,1.0,20.0,20.0,False
20,10,_original_nint128_seed26,2,2,8,2;5,False,False,,2,5,24.0,57.0,780.0,12.0,5.0,False,1.0,24.0,24.0,False
20,10,_original_nint128_seed26,2,2,8,2;6,False,False,,6,2,22.0,52.0,825.0,18.0,5.0,False,1.0,22.0,22.0,False
20,10,_original_nint128_seed26,2,2,8,2;7,False,False,,2,7,23.0,54.0,874.0,15.0,5.0,False,1.0,23.0,23.0,False
20,10,_original_nint128_seed26,2,2,8,2;8,False,False,,2,8,23.0,53.0,862.0,13.0,5.0,False,1.0,23.0,23.0,False
20,10,_original_nint128_seed26,2,2,8,2;9,False,False,,9,2,19.0,41.0,831.0,22.0,5.0,False,1.0,19.0,19.0,False
20,10,_original_nint128_seed26,2,2,8,0;9,False,False,,9,0,24.0,48.0,833.0,19.0,5.0,False,1.0,24.0,24.0,False
20,10,_original_nint128_seed26,2,2,8,1;9,False,False,,9,1,23.0,48.0,851.0,20.0,5.0,False,1.0,23.0,23.0,False
20,10,_original_nint128_seed26,2,2,8,3;9,False,False,,9,3,24.0,48.0,857.0,17.0,5.0,False,1.0,24.0,24.0,False
20,10,_original_nint128_seed26,2,2,8,4;9,False,False,,9,4,19.0,38.0,712.0,25.0,5.0,False,1.0,19.0,19.0,False
20,10,_original_nint128_seed26,2,2,8,5;9,False,False,,9,5,24.0,48.0,708.0,18.0,5.0,False,1.0,24.0,24.0,False
20,10,_original_nint128_seed26,2,2,8,6;9,False,False,,9,6,20.0,41.0,754.0,23.0,5.0,False,1.0,20.0,20.0,False
20,10,_original_nint128_seed26,2,2,8,7;9,False,False,,9,7,21.0,42.0,803.0,20.0,5.0,False,1.0,21.0,21.0,False
20,10,_original_nint128_seed26,2,2,8,8;9,False,False,,9,8,23.0,45.0,789.0,20.0,5.0,False,1.0,23.0,23.0,False
20,10,_original_nint128_seed26,2,2,8,0;8,False,False,,8,0,29.0,62.0,858.0,10.0,5.0,False,1.0,29.0,29.0,False
20,10,_original_nint128_seed26,2,2,8,1;8,False,False,,8,1,27.0,58.0,885.0,10.0,5.0,False,1.0,27.0,27.0,False
20,10,_original_nint128_seed26,2,2,8,3;8,False,False,,8,3,29.0,62.0,888.0,8.0,5.0,False,1.0,29.0,29.0,False
20,10,_original_nint128_seed26,2,2,8,4;8,False,False,,4,8,23.0,50.0,743.0,16.0,5.0,False,1.0,23.0,23.0,False
20,10,_original_nint128_seed26,2,2,8,5;8,False,False,,8,5,29.0,63.0,733.0,10.0,5.0,False,1.0,29.0,29.0,False
20,10,_original_nint128_seed26,2,2,8,6;8,False,False,,6,8,24.0,51.0,785.0,14.0,5.0,False,1.0,24.0,24.0,False
20,10,_original_nint128_seed26,2,2,8,7;8,False,False,,7,8,26.0,56.0,834.0,11.0,5.0,False,1.0,26.0,26.0,False
20,10,_original_nint128_seed26,2,2,8,0;7,False,False,,7,0,27.0,59.0,878.0,10.0,5.0,False,1.0,27.0,27.0,False
20,10,_original_nint128_seed26,2,2,8,1;7,False,False,,7,1,26.0,58.0,898.0,11.0,5.0,False,1.0,26.0,26.0,False
20,10,_original_nint128_seed26,2,2,8,3;7,False,False,,7,3,27.0,61.0,901.0,9.0,5.0,False,1.0,27.0,27.0,False
20,10,_original_nint128_seed26,2,2,8,4;7,False,False,,4,7,23.0,53.0,756.0,17.0,5.0,False,1.0,23.0,23.0,False
20,10,_original_nint128_seed26,2,2,8,5;7,False,False,,7,5,27.0,60.0,752.0,10.0,5.0,False,1.0,27.0,27.0,False
20,10,_original_nint128_seed26,2,2,8,6;7,False,False,,6,7,24.0,53.0,796.0,16.0,5.0,False,1.0,24.0,24.0,False
20,10,_original_nint128_seed26,2,2,8,0;3,False,False,,0,3,30.0,65.0,932.0,7.0,5.0,False,1.0,30.0,30.0,False
20,10,_original_nint128_seed26,2,2,8,1;3,False,False,,1,3,29.0,64.0,952.0,8.0,5.0,False,1.0,29.0,29.0,False
20,10,_original_nint128_seed26,2,2,8,3;4,False,False,,4,3,26.0,59.0,809.0,15.0,5.0,False,1.0,26.0,26.0,False
20,10,_original_nint128_seed26,2,2,8,3;5,False,False,,5,3,30.0,66.0,806.0,7.0,5.0,False,1.0,30.0,30.0,False
20,10,_original_nint128_seed26,2,2,8,3;6,False,False,,6,3,26.0,57.0,852.0,12.0,5.0,False,1.0,26.0,26.0,False
20,10,_original_nint128_seed26,2,2,8,0;1,False,False,,1,0,28.0,61.0,929.0,9.0,5.0,False,1.0,28.0,28.0,False
20,10,_original_nint128_seed26,2,2,8,1;4,False,False,,4,1,24.0,54.0,807.0,16.0,5.0,False,1.0,24.0,24.0,False
20,10,_original_nint128_seed26,2,2,8,1;5,False,False,,1,5,28.0,62.0,803.0,9.0,5.0,False,1.0,28.0,28.0,False
20,10,_original_nint128_seed26,2,2,8,1;6,False,False,,6,1,24.0,53.0,849.0,14.0,5.0,False,1.0,24.0,24.0,False
20,10,_original_nint128_seed26,2,2,8,0;6,False,False,,6,0,25.0,54.0,829.0,13.0,5.0,False,1.0,25.0,25.0,False
20,10,_original_nint128_seed26,2,2,8,4;6,False,False,,4,6,21.0,46.0,707.0,20.0,5.0,False,1.0,21.0,21.0,False
20,10,_original_nint128_seed26,2,2,8,5;6,False,False,,6,5,25.0,55.0,703.0,13.0,5.0,False,1.0,25.0,25.0,False
20,10,_original_nint128_seed26,2,2,8,0;5,False,False,,0,5,29.0,63.0,783.0,8.0,5.0,False,1.0,29.0,29.0,False
20,10,_original_nint128_seed26,2,2,8,4;5,False,False,,4,5,24.0,54.0,661.0,15.0,5.0,False,1.0,24.0,24.0,False
20,10,_original_nint128_seed26,2,2,8,0;4,False,False,,4,0,24.0,53.0,787.0,15.0,5.0,False,1.0,24.0,24.0,False
20,10,_original_nint128_seed26,3,3,7,0;2;8,False,False,,2;8,0,21.0,48.0,799.0,18.0,5.0,False,1.0,21.0,21.0,False
20,10,_original_nint128_seed26,3,3,7,1;2;8,False,False,,2;8,1,20.0,45.0,826.0,18.0,5.0,False,1.0,20.0,20.0,False
20,10,_original_nint128_seed26,3,3,7,2;3;8,False,False,,2;8,3,21.0,48.0,829.0,16.0,5.0,False,1.0,21.0,21.0,False
20,10,_original_nint128_seed26,3,3,7,2;4;8,False,False,,2;4,8,16.0,37.0,684.0,24.0,5.0,False,1.0,16.0,16.0,False
20,10,_original_nint128_seed26,3,3,7,2;5;8,False,False,,2;8,5,21.0,49.0,674.0,18.0,5.0,False,1.0,21.0,21.0,False
20,10,_original_nint128_seed26,3,3,7,2;6;8,False,False,,6;8,2,18.0,41.0,725.0,23.0,5.0,False,1.0,18.0,18.0,False
20,10,_original_nint128_seed26,3,3,7,2;7;8,False,False,,2;8,7,19.0,43.0,774.0,20.0,5.0,False,1.0,19.0,19.0,False
20,10,_original_nint128_seed26,3,3,7,2;8;9,False,False,,2;9,8,16.0,33.0,730.0,28.0,5.0,False,1.0,16.0,16.0,False
20,10,_original_nint128_seed26,3,3,7,0;1;4,False,False,,0;4,1,21.0,46.0,751.0,20.0,5.0,False,1.0,21.0,21.0,False
20,10,_original_nint128_seed26,3,3,7,1;2;4,False,False,,2;4,1,18.0,42.0,748.0,24.0,5.0,False,1.0,18.0,18.0,False
20,10,_original_nint128_seed26,3,3,7,1;3;4,False,False,,1;4,3,23.0,52.0,773.0,20.0,5.0,False,1.0,23.0,23.0,False
20,10,_original_nint128_seed26,3,3,7,1;4;5,False,False,,1;4,5,21.0,47.0,625.0,20.0,5.0,False,1.0,21.0,21.0,False
20,10,_original_nint128_seed26,3,3,7,1;4;6,False,False,,4;6,1,18.0,39.0,671.0,25.0,5.0,False,1.0,18.0,18.0,False
20,10,_original_nint128_seed26,3,3,7,1;4;7,False,False,,4;7,1,20.0,46.0,720.0,22.0,5.0,False,1.0,20.0,20.0,False
20,10,_original_nint128_seed26,3,3,7,1;4;8,False,False,,4;8,1,20.0,43.0,707.0,21.0,5.0,False,1.0,20.0,20.0,False
20,10,_original_nint128_seed26,3,3,7,1;4;9,False,False,,4;9,1,17.0,35.0,673.0,31.0,5.0,False,1.0,17.0,17.0,False
20,10,_original_nint128_seed26,3,3,7,0;4;6,False,False,,4;6,0,18.0,38.0,651.0,24.0,5.0,False,1.0,18.0,18.0,False
20,10,_original_nint128_seed26,3,3,7,2;4;6,False,False,,4;6,2,16.0,37.0,647.0,29.0,5.0,False,1.0,16.0,16.0,False
20,10,_original_nint128_seed26,3,3,7,3;4;6,False,False,,4;6,3,20.0,44.0,673.0,24.0,5.0,False,1.0,20.0,20.0,False
20,10,_original_nint128_seed26,3,3,7,4;5;6,False,False,,4;6,5,18.0,39.0,525.0,24.0,5.0,False,1.0,18.0,18.0,False
20,10,_original_nint128_seed26,3,3,7,4;6;7,False,False,,4;6,7,18.0,40.0,618.0,27.0,5.0,False,1.0,18.0,18.0,False
20,10,_original_nint128_seed26,3,3,7,4;6;8,False,False,,4;6,8,17.0,35.0,607.0,25.0,5.0,False,1.0,17.0,17.0,False
20,10,_original_nint128_seed26,3,3,7,4;6;9,False,False,,4;9,6,14.0,27.0,576.0,34.0,5.0,False,1.0,14.0,14.0,False
20,10,_original_nint128_seed26,3,3,7,0;2;3,False,False,,0;2,3,22.0,51.0,873.0,15.0,5.0,False,1.0,22.0,22.0,False
20,10,_original_nint128_seed26,3,3,7,1;2;3,False,False,,1;2,3,22.0,51.0,893.0,16.0,5.0,False,1.0,22.0,22.0,False
20,10,_original_nint128_seed26,3,3,7,2;3;4,False,False,,2;4,3,19.0,46.0,750.0,23.0,5.0,False,1.0,19.0,19.0,False
20,10,_original_nint128_seed26,3,3,7,2;3;5,False,False,,2;5,3,22.0,52.0,747.0,15.0,5.0,False,1.0,22.0,22.0,False
20,10,_original_nint128_seed26,3,3,7,2;3;6,False,False,,2;6,3,20.0,47.0,792.0,21.0,5.0,False,1.0,20.0,20.0,False
20,10,_original_nint128_seed26,3,3,7,2;3;7,False,False,,2;7,3,20.0,47.0,841.0,18.0,5.0,False,1.0,20.0,20.0,False
20,10,_original_nint128_seed26,3,3,7,2;3;9,False,False,,2;9,3,17.0,36.0,798.0,25.0,5.0,False,1.0,17.0,17.0,False
20,10,_original_nint128_seed26,3,3,7,0;3;9,False,False,,0;9,3,22.0,43.0,800.0,22.0,5.0,False,1.0,22.0,22.0,False
20,10,_original_nint128_seed26,3,3,7,1;3;9,False,False,,1;9,3,21.0,43.0,818.0,23.0,5.0,False,1.0,21.0,21.0,False
20,10,_original_nint128_seed26,3,3,7,3;4;9,False,False,,4;9,3,18.0,36.0,678.0,29.0,5.0,False,1.0,18.0,18.0,False
20,10,_original_nint128_seed26,3,3,7,3;5;9,False,False,,3;9,5,22.0,43.0,675.0,21.0,5.0,False,1.0,22.0,22.0,False
20,10,_original_nint128_seed26,3,3,7,3;6;9,False,False,,6;9,3,18.0,36.0,721.0,26.0,5.0,False,1.0,18.0,18.0,False
20,10,_original_nint128_seed26,3,3,7,3;7;9,False,False,,7;9,3,19.0,37.0,770.0,23.0,5.0,False,1.0,19.0,19.0,False
20,10,_original_nint128_seed26,3,3,7,3;8;9,False,False,,8;9,3,21.0,40.0,756.0,23.0,5.0,False,1.0,21.0,21.0,False
20,10,_original_nint128_seed26,3,3,7,0;2;6,False,False,,2;6,0,19.0,44.0,769.0,22.0,5.0,False,1.0,19.0,19.0,False
20,10,_original_nint128_seed26,3,3,7,1;2;6,False,False,,2;6,1,19.0,44.0,789.0,23.0,5.0,False,1.0,19.0,19.0,False
20,10,_original_nint128_seed26,3,3,7,2;5;6,False,False,,2;6,5,19.0,45.0,643.0,22.0,5.0,False,1.0,19.0,19.0,False
20,10,_original_nint128_seed26,3,3,7,2;6;9,False,False,,2;9,6,15.0,33.0,694.0,32.0,5.0,False,1.0,15.0,15.0,False
20,10,_original_nint128_seed26,3,3,7,0;4;5,False,False,,0;4,5,21.0,46.0,605.0,19.0,5.0,False,1.0,21.0,21.0,False
20,10,_original_nint128_seed26,3,3,7,2;4;5,False,False,,2;4,5,17.0,41.0,602.0,23.0,5.0,False,1.0,17.0,17.0,False
20,10,_original_nint128_seed26,3,3,7,3;4;5,False,False,,4;5,3,23.0,52.0,627.0,19.0,5.0,False,1.0,23.0,23.0,False
20,10,_original_nint128_seed26,3,3,7,4;5;7,False,False,,4;7,5,20.0,46.0,574.0,21.0,5.0,False,1.0,20.0,20.0,False
20,10,_original_nint128_seed26,3,3,7,4;5;8,False,False,,4;8,5,21.0,46.0,555.0,21.0,5.0,False,1.0,21.0,21.0,False
20,10,_original_nint128_seed26,3,3,7,4;5;9,False,False,,4;9,5,17.0,33.0,530.0,29.0,5.0,False,1.0,17.0,17.0,False
20,10,_original_nint128_seed26,3,3,7,0;7;9,False,False,,7;9,0,19.0,37.0,746.0,25.0,5.0,False,1.0,19.0,19.0,False
20,10,_original_nint128_seed26,3,3,7,1;7;9,False,False,,7;9,1,18.0,37.0,764.0,26.0,5.0,False,1.0,18.0,18.0,False
20,10,_original_nint128_seed26,3,3,7,2;7;9,False,False,,2;9,7,15.0,31.0,743.0,29.0,5.0,False,1.0,15.0,15.0,False
20,10,_original_nint128_seed26,3,3,7,4;7;9,False,False,,4;9,7,15.0,30.0,625.0,31.0,5.0,False,1.0,15.0,15.0,False
20,10,_original_nint128_seed26,3,3,7,5;7;9,False,False,,7;9,5,19.0,37.0,621.0,24.0,5.0,False,1.0,19.0,19.0,False
20,10,_original_nint128_seed26,3,3,7,6;7;9,False,False,,6;9,7,16.0,32.0,665.0,30.0,5.0,False,1.0,16.0,16.0,False
20,10,_original_nint128_seed26,3,3,7,7;8;9,False,False,,7;9,8,18.0,34.0,702.0,26.0,5.0,False,1.0,18.0,18.0,False
20,10,_original_nint128_seed26,3,3,7,0;7;8,False,False,,7;8,0,24.0,51.0,771.0,16.0,5.0,False,1.0,24.0,24.0,False
20,10,_original_nint128_seed26,3,3,7,1;7;8,False,False,,7;8,1,22.0,47.0,798.0,16.0,5.0,False,1.0,22.0,22.0,False
20,10,_original_nint128_seed26,3,3,7,3;7;8,False,False,,7;8,3,23.0,50.0,801.0,14.0,5.0,False,1.0,23.0,23.0,False
20,10,_original_nint128_seed26,3,3,7,4;7;8,False,False,,4;8,7,19.0,42.0,656.0,22.0,5.0,False,1.0,19.0,19.0,False
20,10,_original_nint128_seed26,3,3,7,5;7;8,False,False,,7;8,5,24.0,52.0,646.0,16.0,5.0,False,1.0,24.0,24.0,False
20,10,_original_nint128_seed26,3,3,7,6;7;8,False,False,,6;8,7,20.0,42.0,696.0,21.0,5.0,False,1.0,20.0,20.0,False
20,10,_original_nint128_seed26,3,3,7,0;1;5,False,False,,0;1,5,25.0,54.0,747.0,13.0,5.0,False,1.0,25.0,25.0,False
20,10,_original_nint128_seed26,3,3,7,0;2;5,False,False,,0;2,5,21.0,49.0,724.0,16.0,5.0,False,1.0,21.0,21.0,False
20,10,_original_nint128_seed26,3,3,7,0;3;5,False,False,,0;5,3,27.0,58.0,750.0,11.0,5.0,False,1.0,27.0,27.0,False
20,10,_original_nint128_seed26,3,3,7,0;5;6,False,False,,0;6,5,22.0,47.0,647.0,17.0,5.0,False,1.0,22.0,22.0,False
20,10,_original_nint128_seed26,3,3,7,0;5;7,False,False,,0;7,5,24.0,52.0,696.0,14.0,5.0,False,1.0,24.0,24.0,False
20,10,_original_nint128_seed26,3,3,7,0;5;8,False,False,,0;8,5,26.0,57.0,670.0,15.0,5.0,False,1.0,26.0,26.0,False
20,10,_original_nint128_seed26,3,3,7,0;5;9,False,False,,0;9,5,22.0,43.0,651.0,23.0,5.0,False,1.0,22.0,22.0,False
20,10,_original_nint128_seed26,3,3,7,0;4;9,False,False,,4;9,0,17.0,33.0,655.0,30.0,5.0,False,1.0,17.0,17.0,False
20,10,_original_nint128_seed26,3,3,7,2;4;9,False,False,,4;9,2,13.0,27.0,653.0,33.0,5.0,False,1.0,13.0,13.0,False
20,10,_original_nint128_seed26,3,3,7,4;8;9,False,False,,4;9,8,16.0,30.0,611.0,31.0,5.0,False,1.0,16.0,16.0,False
20,10,_original_nint128_seed26,3,3,7,0;2;9,False,False,,2;9,0,17.0,36.0,774.0,27.0,5.0,False,1.0,17.0,17.0,False
20,10,_original_nint128_seed26,3,3,7,1;2;9,False,False,,2;9,1,17.0,37.0,792.0,28.0,5.0,False,1.0,17.0,17.0,False
20,10,_original_nint128_seed26,3,3,7,2;5;9,False,False,,2;9,5,17.0,36.0,649.0,26.0,5.0,False,1.0,17.0,17.0,False
20,10,_original_nint128_seed26,3,3,7,1;5;9,False,False,,1;9,5,21.0,43.0,669.0,24.0,5.0,False,1.0,21.0,21.0,False
20,10,_original_nint128_seed26,3,3,7,5;6;9,False,False,,6;9,5,18.0,36.0,572.0,27.0,5.0,False,1.0,18.0,18.0,False
20,10,_original_nint128_seed26,3,3,7,5;8;9,False,False,,8;9,5,22.0,43.0,601.0,25.0,5.0,False,1.0,22.0,22.0,False
20,10,_original_nint128_seed26,3,3,7,0;3;4,False,False,,0;4,3,23.0,51.0,753.0,19.0,5.0,False,1.0,23.0,23.0,False
20,10,_original_nint128_seed26,3,3,7,3;4;8,False,False,,4;8,3,22.0,48.0,709.0,20.0,5.0,False,1.0,22.0,22.0,False
20,10,_original_nint128_seed26,3,3,7,0;6;9,False,False,,6;9,0,18.0,36.0,697.0,28.0,5.0,False,1.0,18.0,18.0,False
20,10,_original_nint128_seed26,3,3,7,1;6;9,False,False,,6;9,1,17.0,36.0,715.0,29.0,5.0,False,1.0,17.0,17.0,False
20,10,_original_nint128_seed26,3,3,7,6;8;9,False,False,,6;9,8,17.0,33.0,653.0,29.0,5.0,False,1.0,17.0,17.0,False
20,10,_original_nint128_seed26,3,3,7,0;1;7,False,False,,1;7,0,23.0,50.0,842.0,15.0,5.0,False,1.0,23.0,23.0,False
20,10,_original_nint128_seed26,3,3,7,1;2;7,False,False,,2;7,1,20.0,46.0,838.0,20.0,5.0,False,1.0,20.0,20.0,False
20,10,_original_nint128_seed26,3,3,7,1;3;7,False,False,,1;7,3,23.0,52.0,865.0,14.0,5.0,False,1.0,23.0,23.0,False
20,10,_original_nint128_seed26,3,3,7,1;5;7,False,False,,1;7,5,23.0,51.0,716.0,15.0,5.0,False,1.0,23.0,23.0,False
20,10,_original_nint128_seed26,3,3,7,1;6;7,False,False,,1;6,7,20.0,44.0,760.0,21.0,5.0,False,1.0,20.0,20.0,False
20,10,_original_nint128_seed26,3,3,7,0;1;6,False,False,,1;6,0,21.0,45.0,793.0,18.0,5.0,False,1.0,21.0,21.0,False
20,10,_original_nint128_seed26,3,3,7,0;3;6,False,False,,0;6,3,23.0,49.0,796.0,16.0,5.0,False,1.0,23.0,23.0,False
20,10,_original_nint128_seed26,3,3,7,0;6;7,False,False,,6;7,0,21.0,45.0,740.0,20.0,5.0,False,1.0,21.0,21.0,False
20,10,_original_nint128_seed26,3,3,7,0;6;8,False,False,,6;8,0,22.0,46.0,722.0,19.0,5.0,False,1.0,22.0,22.0,False
20,10,_original_nint128_seed26,3,3,7,0;1;3,False,False,,0;1,3,26.0,56.0,896.0,12.0,5.0,False,1.0,26.0,26.0,False
20,10,_original_nint128_seed26,3,3,7,0;3;7,False,False,,0;7,3,24.0,53.0,845.0,13.0,5.0,False,1.0,24.0,24.0,False
20,10,_original_nint128_seed26,3,3,7,0;3;8,False,False,,0;8,3,27.0,57.0,825.0,13.0,5.0,False,1.0,27.0,27.0,False
20,10,_original_nint128_seed26,3,3,7,0;1;2,False,False,,0;2,1,21.0,48.0,870.0,17.0,5.0,False,1.0,21.0,21.0,False
20,10,_original_nint128_seed26,3,3,7,0;2;4,False,False,,2;4,0,17.0,40.0,728.0,23.0,5.0,False,1.0,17.0,17.0,False
20,10,_original_nint128_seed26,3,3,7,0;2;7,False,False,,2;7,0,20.0,46.0,818.0,19.0,5.0,False,1.0,20.0,20.0,False
20,10,_original_nint128_seed26,3,3,7,0;4;7,False,False,,4;7,0,20.0,45.0,700.0,21.0,5.0,False,1.0,20.0,20.0,False
20,10,_original_nint128_seed26,3,3,7,0;4;8,False,False,,4;8,0,21.0,45.0,680.0,21.0,5.0,False,1.0,21.0,21.0,False
20,10,_original_nint128_seed26,3,3,7,2;4;7,False,False,,2;4,7,17.0,41.0,696.0,26.0,5.0,False,1.0,17.0,17.0,False
20,10,_original_nint128_seed26,3,3,7,0;1;8,False,False,,1;8,0,25.0,53.0,822.0,15.0,5.0,False,1.0,25.0,25.0,False
20,10,_original_nint128_seed26,3,3,7,1;3;8,False,False,,1;8,3,25.0,53.0,852.0,13.0,5.0,False,1.0,25.0,25.0,False
20,10,_original_nint128_seed26,3,3,7,1;5;8,False,False,,1;8,5,25.0,54.0,697.0,15.0,5.0,False,1.0,25.0,25.0,False
20,10,_original_nint128_seed26,3,3,7,1;6;8,False,False,,6;8,1,20.0,42.0,749.0,19.0,5.0,False,1.0,20.0,20.0,False
20,10,_original_nint128_seed26,3,3,7,1;8;9,False,False,,8;9,1,20.0,40.0,750.0,26.0,5.0,False,1.0,20.0,20.0,False
20,10,_original_nint128_seed26,3,3,7,1;5;6,False,False,,1;6,5,21.0,46.0,667.0,18.0,5.0,False,1.0,21.0,21.0,False
20,10,_original_nint128_seed26,3,3,7,3;5;6,False,False,,5;6,3,23.0,50.0,670.0,16.0,5.0,False,1.0,23.0,23.0,False
20,10,_original_nint128_seed26,3,3,7,5;6;7,False,False,,6;7,5,21.0,46.0,614.0,20.0,5.0,False,1.0,21.0,21.0,False
20,10,_original_nint128_seed26,3,3,7,5;6;8,False,False,,6;8,5,22.0,47.0,597.0,19.0,5.0,False,1.0,22.0,22.0,False
20,10,_original_nint128_seed26,3,3,7,1;3;5,False,False,,1;5,3,26.0,57.0,770.0,12.0,5.0,False,1.0,26.0,26.0,False
20,10,_original_nint128_seed26,3,3,7,3;5;7,False,False,,5;7,3,24.0,54.0,719.0,13.0,5.0,False,1.0,24.0,24.0,False
20,10,_original_nint128_seed26,3,3,7,3;5;8,False,False,,3;8,5,27.0,58.0,700.0,13.0,5.0,False,1.0,27.0,27.0,False
20,10,_original_nint128_seed26,3,3,7,1;3;6,False,False,,1;6,3,22.0,48.0,816.0,17.0,5.0,False,1.0,22.0,22.0,False
20,10,_original_nint128_seed26,3,3,7,3;6;7,False,False,,6;7,3,21.0,47.0,763.0,19.0,5.0,False,1.0,21.0,21.0,False
20,10,_original_nint128_seed26,3,3,7,3;6;8,False,False,,6;8,3,22.0,46.0,752.0,17.0,5.0,False,1.0,22.0,22.0,False
20,10,_original_nint128_seed26,3,3,7,0;1;9,False,False,,1;9,0,21.0,43.0,794.0,25.0,5.0,False,1.0,21.0,21.0,False
20,10,_original_nint128_seed26,3,3,7,1;2;5,False,False,,1;2,5,21.0,49.0,744.0,17.0,5.0,False,1.0,21.0,21.0,False
20,10,_original_nint128_seed26,3,3,7,2;5;7,False,False,,2;7,5,20.0,47.0,692.0,19.0,5.0,False,1.0,20.0,20.0,False
20,10,_original_nint128_seed26,3,3,7,0;8;9,False,False,,8;9,0,22.0,43.0,725.0,26.0,5.0,False,1.0,22.0,22.0,False
20,10,_original_nint128_seed26,4,4,6,0;1;2;9,False,False,,0;2;9,1,15.0,32.0,735.0,33.0,5.0,False,1.0,15.0,15.0,False
20,10,_original_nint128_seed26,4,4,6,1;2;3;9,False,False,,2;3;9,1,15.0,32.0,759.0,31.0,5.0,False,1.0,15.0,15.0,False
20,10,_original_nint128_seed26,4,4,6,1;2;4;9,False,False,,2;4;9,1,12.0,25.0,614.0,39.0,5.0,False,1.0,12.0,12.0,False
20,10,_original_nint128_seed26,4,4,6,1;2;5;9,False,False,,2;5;9,1,15.0,32.0,610.0,32.0,5.0,False,1.0,15.0,15.0,False
20,10,_original_nint128_seed26,4,4,6,1;2;6;9,False,False,,2;6;9,1,13.0,29.0,655.0,38.0,5.0,False,1.0,13.0,13.0,False
20,10,_original_nint128_seed26,4,4,6,1;2;7;9,False,False,,2;7;9,1,13.0,27.0,704.0,35.0,5.0,False,1.0,13.0,13.0,False
20,10,_original_nint128_seed26,4,4,6,1;2;8;9,False,False,,2;8;9,1,14.0,29.0,691.0,34.0,5.0,False,1.0,14.0,14.0,False
20,10,_original_nint128_seed26,4,4,6,0;1;2;7,False,False,,0;2;7,1,17.0,38.0,782.0,24.0,5.0,False,1.0,17.0,17.0,False
20,10,_original_nint128_seed26,4,4,6,0;1;3;7,False,False,,0;1;7,3,20.0,44.0,809.0,18.0,5.0,False,1.0,20.0,20.0,False
20,10,_original_nint128_seed26,4,4,6,0;1;4;7,False,False,,0;4;7,1,17.0,38.0,664.0,26.0,5.0,False,1.0,17.0,17.0,False
20,10,_original_nint128_seed26,4,4,6,0;1;5;7,False,False,,0;1;7,5,20.0,43.0,660.0,19.0,5.0,False,1.0,20.0,20.0,False
20,10,_original_nint128_seed26,4,4,6,0;1;6;7,False,False,,1;6;7,0,17.0,36.0,704.0,25.0,5.0,False,1.0,17.0,17.0,False
20,10,_original_nint128_seed26,4,4,6,0;1;7;8,False,False,,1;7;8,0,20.0,42.0,735.0,21.0,5.0,False,1.0,20.0,20.0,False
20,10,_original_nint128_seed26,4,4,6,0;1;7;9,False,False,,1;7;9,0,16.0,32.0,707.0,31.0,5.0,False,1.0,16.0,16.0,False
20,10,_original_nint128_seed26,4,4,6,0;2;6;9,False,False,,2;6;9,0,13.0,28.0,637.0,37.0,5.0,False,1.0,13.0,13.0,False
20,10,_original_nint128_seed26,4,4,6,2;3;6;9,False,False,,2;6;9,3,13.0,28.0,661.0,35.0,5.0,False,1.0,13.0,13.0,False
20,10,_original_nint128_seed26,4,4,6,2;4;6;9,False,False,,2;4;9,6,10.0,20.0,516.0,43.0,5.0,False,1.0,10.0,10.0,False
20,10,_original_nint128_seed26,4,4,6,2;5;6;9,False,False,,2;6;9,5,13.0,28.0,512.0,36.0,5.0,False,1.0,13.0,13.0,False
20,10,_original_nint128_seed26,4,4,6,2;6;8;9,False,False,,2;6;9,8,12.0,25.0,593.0,38.0,5.0,False,1.0,12.0,12.0,False
20,10,_original_nint128_seed26,4,4,6,0;2;7;8,False,False,,2;7;8,0,17.0,38.0,711.0,25.0,5.0,False,1.0,17.0,17.0,False
20,10,_original_nint128_seed26,4,4,6,1;2;7;8,False,False,,2;7;8,1,16.0,35.0,738.0,25.0,5.0,False,1.0,16.0,16.0,False
20,10,_original_nint128_seed26,4,4,6,2;3;7;8,False,False,,2;7;8,3,16.0,36.0,741.0,23.0,5.0,False,1.0,16.0,16.0,False
20,10,_original_nint128_seed26,4,4,6,2;4;7;8,False,False,,2;4;8,7,13.0,30.0,596.0,31.0,5.0,False,1.0,13.0,13.0,False
20,10,_original_nint128_seed26,4,4,6,2;5;7;8,False,False,,2;7;8,5,17.0,39.0,586.0,25.0,5.0,False,1.0,17.0,17.0,False
20,10,_original_nint128_seed26,4,4,6,2;7;8;9,False,False,,2;7;9,8,12.0,23.0,642.0,35.0,5.0,False,1.0,12.0,12.0,False
20,10,_original_nint128_seed26,4,4,6,0;4;7;9,False,False,,4;7;9,0,13.0,25.0,568.0,36.0,5.0,False,1.0,13.0,13.0,False
20,10,_original_nint128_seed26,4,4,6,1;4;7;9,False,False,,4;7;9,1,13.0,27.0,586.0,37.0,5.0,False,1.0,13.0,13.0,False
20,10,_original_nint128_seed26,4,4,6,2;4;7;9,False,False,,2;4;9,7,10.0,20.0,565.0,40.0,5.0,False,1.0,10.0,10.0,False
20,10,_original_nint128_seed26,4,4,6,4;5;7;9,False,False,,4;7;9,5,13.0,25.0,443.0,35.0,5.0,False,1.0,13.0,13.0,False
20,10,_original_nint128_seed26,4,4,6,4;6;7;9,False,False,,4;6;9,7,11.0,21.0,487.0,41.0,5.0,False,1.0,11.0,11.0,False
20,10,_original_nint128_seed26,4,4,6,4;7;8;9,False,False,,4;7;9,8,12.0,22.0,524.0,37.0,5.0,False,1.0,12.0,12.0,False
20,10,_original_nint128_seed26,4,4,6,0;1;2;4,False,False,,0;2;4,1,15.0,34.0,692.0,28.0,5.0,False,1.0,15.0,15.0,False
20,10,_original_nint128_seed26,4,4,6,0;2;3;4,False,False,,0;2;4,3,16.0,38.0,694.0,27.0,5.0,False,1.0,16.0,16.0,False
20,10,_original_nint128_seed26,4,4,6,0;2;4;5,False,False,,0;2;4,5,14.0,33.0,546.0,27.0,5.0,False,1.0,14.0,14.0,False
20,10,_original_nint128_seed26,4,4,6,0;2;4;6,False,False,,2;4;6,0,13.0,29.0,591.0,33.0,5.0,False,1.0,13.0,13.0,False
20,10,_original_nint128_seed26,4,4,6,0;2;4;7,False,False,,0;2;4,7,14.0,33.0,640.0,30.0,5.0,False,1.0,14.0,14.0,False
20,10,_original_nint128_seed26,4,4,6,0;2;4;8,False,False,,2;4;8,0,14.0,32.0,621.0,29.0,5.0,False,1.0,14.0,14.0,False
20,10,_original_nint128_seed26,4,4,6,0;2;4;9,False,False,,2;4;9,0,11.0,22.0,596.0,38.0,5.0,False,1.0,11.0,11.0,False
20,10,_original_nint128_seed26,4,4,6,0;3;5;9,False,False,,0;3;9,5,20.0,38.0,618.0,26.0,5.0,False,1.0,20.0,20.0,False
20,10,_original_nint128_seed26,4,4,6,1;3;5;9,False,False,,1;3;9,5,19.0,38.0,636.0,27.0,5.0,False,1.0,19.0,19.0,False
20,10,_original_nint128_seed26,4,4,6,2;3;5;9,False,False,,2;3;9,5,15.0,31.0,616.0,29.0,5.0,False,1.0,15.0,15.0,False
20,10,_original_nint128_seed26,4,4,6,3;4;5;9,False,False,,4;5;9,3,16.0,31.0,496.0,33.0,5.0,False,1.0,16.0,16.0,False
20,10,_original_nint128_seed26,4,4,6,3;5;6;9,False,False,,3;6;9,5,16.0,31.0,539.0,30.0,5.0,False,1.0,16.0,16.0,False
20,10,_original_nint128_seed26,4,4,6,3;5;7;9,False,False,,3;7;9,5,17.0,32.0,588.0,27.0,5.0,False,1.0,17.0,17.0,False
20,10,_original_nint128_seed26,4,4,6,3;5;8;9,False,False,,3;8;9,5,20.0,38.0,568.0,28.0,5.0,False,1.0,20.0,20.0,False
20,10,_original_nint128_seed26,4,4,6,1;2;4;8,False,False,,2;4;8,1,14.0,31.0,648.0,29.0,5.0,False,1.0,14.0,14.0,False
20,10,_original_nint128_seed26,4,4,6,2;3;4;8,False,False,,2;4;8,3,15.0,35.0,650.0,28.0,5.0,False,1.0,15.0,15.0,False
20,10,_original_nint128_seed26,4,4,6,2;4;5;8,False,False,,2;4;8,5,14.0,33.0,496.0,29.0,5.0,False,1.0,14.0,14.0,False
20,10,_original_nint128_seed26,4,4,6,2;4;6;8,False,False,,4;6;8,2,12.0,26.0,547.0,34.0,5.0,False,1.0,12.0,12.0,False
20,10,_original_nint128_seed26,4,4,6,2;4;8;9,False,False,,2;4;9,8,10.0,19.0,552.0,39.0,5.0,False,1.0,10.0,10.0,False
20,10,_original_nint128_seed26,4,4,6,0;1;4;6,False,False,,0;4;6,1,15.0,31.0,615.0,29.0,5.0,False,1.0,15.0,15.0,False
20,10,_original_nint128_seed26,4,4,6,0;3;4;6,False,False,,0;4;6,3,17.0,36.0,617.0,28.0,5.0,False,1.0,17.0,17.0,False
20,10,_original_nint128_seed26,4,4,6,0;4;5;6,False,False,,0;4;6,5,15.0,31.0,469.0,28.0,5.0,False,1.0,15.0,15.0,False
20,10,_original_nint128_seed26,4,4,6,0;4;6;7,False,False,,0;4;6,7,15.0,32.0,562.0,31.0,5.0,False,1.0,15.0,15.0,False
20,10,_original_nint128_seed26,4,4,6,0;4;6;8,False,False,,4;6;8,0,15.0,30.0,544.0,30.0,5.0,False,1.0,15.0,15.0,False
20,10,_original_nint128_seed26,4,4,6,0;4;6;9,False,False,,4;6;9,0,12.0,22.0,519.0,39.0,5.0,False,1.0,12.0,12.0,False
20,10,_original_nint128_seed26,4,4,6,0;4;7;8,False,False,,4;7;8,0,17.0,37.0,593.0,27.0,5.0,False,1.0,17.0,17.0,False
20,10,_original_nint128_seed26,4,4,6,1;4;7;8,False,False,,4;7;8,1,16.0,35.0,620.0,27.0,5.0,False,1.0,16.0,16.0,False
20,10,_original_nint128_seed26,4,4,6,4;5;7;8,False,False,,4;7;8,5,17.0,38.0,468.0,27.0,5.0,False,1.0,17.0,17.0,False
20,10,_original_nint128_seed26,4,4,6,4;6;7;8,False,False,,4;6;8,7,14.0,29.0,518.0,32.0,5.0,False,1.0,14.0,14.0,False
20,10,_original_nint128_seed26,4,4,6,1;2;3;7,False,False,,1;2;7,3,17.0,39.0,805.0,23.0,5.0,False,1.0,17.0,17.0,False
20,10,_original_nint128_seed26,4,4,6,1;3;5;7,False,False,,1;5;7,3,20.0,45.0,683.0,18.0,5.0,False,1.0,20.0,20.0,False
20,10,_original_nint128_seed26,4,4,6,1;3;6;7,False,False,,1;6;7,3,17.0,38.0,727.0,24.0,5.0,False,1.0,17.0,17.0,False
20,10,_original_nint128_seed26,4,4,6,1;3;7;8,False,False,,1;7;8,3,19.0,41.0,765.0,19.0,5.0,False,1.0,19.0,19.0,False
20,10,_original_nint128_seed26,4,4,6,1;3;7;9,False,False,,1;7;9,3,16.0,32.0,731.0,29.0,5.0,False,1.0,16.0,16.0,False
20,10,_original_nint128_seed26,4,4,6,0;3;4;5,False,False,,0;4;5,3,20.0,44.0,571.0,23.0,5.0,False,1.0,20.0,20.0,False
20,10,_original_nint128_seed26,4,4,6,1;3;4;5,False,False,,1;4;5,3,20.0,45.0,591.0,24.0,5.0,False,1.0,20.0,20.0,False
20,10,_original_nint128_seed26,4,4,6,2;3;4;5,False,False,,2;4;5,3,16.0,39.0,568.0,27.0,5.0,False,1.0,16.0,16.0,False
20,10,_original_nint128_seed26,4,4,6,3;4;5;6,False,False,,4;5;6,3,17.0,37.0,491.0,28.0,5.0,False,1.0,17.0,17.0,False
20,10,_original_nint128_seed26,4,4,6,3;4;5;8,False,False,,4;5;8,3,20.0,44.0,521.0,25.0,5.0,False,1.0,20.0,20.0,False
20,10,_original_nint128_seed26,4,4,6,0;3;4;8,False,False,,0;4;8,3,20.0,43.0,646.0,25.0,5.0,False,1.0,20.0,20.0,False
20,10,_original_nint128_seed26,4,4,6,1;3;4;8,False,False,,1;4;8,3,19.0,41.0,673.0,25.0,5.0,False,1.0,19.0,19.0,False
20,10,_original_nint128_seed26,4,4,6,3;4;6;8,False,False,,4;6;8,3,16.0,33.0,573.0,29.0,5.0,False,1.0,16.0,16.0,False
20,10,_original_nint128_seed26,4,4,6,3;4;8;9,False,False,,4;8;9,3,15.0,28.0,577.0,35.0,5.0,False,1.0,15.0,15.0,False
20,10,_original_nint128_seed26,4,4,6,0;2;5;9,False,False,,0;2;9,5,15.0,31.0,592.0,31.0,5.0,False,1.0,15.0,15.0,False
20,10,_original_nint128_seed26,4,4,6,2;4;5;9,False,False,,2;4;9,5,11.0,22.0,471.0,37.0,5.0,False,1.0,11.0,11.0,False
20,10,_original_nint128_seed26,4,4,6,2;5;7;9,False,False,,2;7;9,5,13.0,26.0,561.0,33.0,5.0,False,1.0,13.0,13.0,False
20,10,_original_nint128_seed26,4,4,6,2;5;8;9,False,False,,2;8;9,5,15.0,31.0,542.0,33.0,5.0,False,1.0,15.0,15.0,False
20,10,_original_nint128_seed26,4,4,6,0;7;8;9,False,False,,7;8;9,0,17.0,32.0,638.0,32.0,5.0,False,1.0,17.0,17.0,False
20,10,_original_nint128_seed26,4,4,6,1;7;8;9,False,False,,7;8;9,1,15.0,29.0,663.0,32.0,5.0,False,1.0,15.0,15.0,False
20,10,_original_nint128_seed26,4,4,6,3;7;8;9,False,False,,7;8;9,3,16.0,29.0,669.0,29.0,5.0,False,1.0,16.0,16.0,False
20,10,_original_nint128_seed26,4,4,6,5;7;8;9,False,False,,7;8;9,5,17.0,32.0,514.0,31.0,5.0,False,1.0,17.0,17.0,False
20,10,_original_nint128_seed26,4,4,6,6;7;8;9,False,False,,6;7;9,8,13.0,24.0,564.0,36.0,5.0,False,1.0,13.0,13.0,False
20,10,_original_nint128_seed26,4,4,6,0;1;6;9,False,False,,1;6;9,0,15.0,31.0,658.0,34.0,5.0,False,1.0,15.0,15.0,False
20,10,_original_nint128_seed26,4,4,6,0;3;6;9,False,False,,0;6;9,3,16.0,31.0,664.0,31.0,5.0,False,1.0,16.0,16.0,False
20,10,_original_nint128_seed26,4,4,6,0;5;6;9,False,False,,0;6;9,5,16.0,31.0,515.0,32.0,5.0,False,1.0,16.0,16.0,False
20,10,_original_nint128_seed26,4,4,6,0;6;7;9,False,False,,6;7;9,0,14.0,27.0,608.0,35.0,5.0,False,1.0,14.0,14.0,False
20,10,_original_nint128_seed26,4,4,6,0;6;8;9,False,False,,6;8;9,0,16.0,31.0,589.0,35.0,5.0,False,1.0,16.0,16.0,False
20,10,_original_nint128_seed26,4,4,6,0;1;3;9,False,False,,0;1;9,3,19.0,38.0,761.0,28.0,5.0,False,1.0,19.0,19.0,False
20,10,_original_nint128_seed26,4,4,6,0;1;4;9,False,False,,0;4;9,1,15.0,30.0,616.0,36.0,5.0,False,1.0,15.0,15.0,False
20,10,_original_nint128_seed26,4,4,6,0;1;5;9,False,False,,0;1;9,5,19.0,38.0,612.0,29.0,5.0,False,1.0,19.0,19.0,False
20,10,_original_nint128_seed26,4,4,6,0;1;8;9,False,False,,1;8;9,0,19.0,38.0,686.0,32.0,5.0,False,1.0,19.0,19.0,False
20,10,_original_nint128_seed26,4,4,6,0;5;7;9,False,False,,0;7;9,5,17.0,32.0,564.0,29.0,5.0,False,1.0,17.0,17.0,False
20,10,_original_nint128_seed26,4,4,6,1;5;7;9,False,False,,1;7;9,5,16.0,32.0,582.0,30.0,5.0,False,1.0,16.0,16.0,False
20,10,_original_nint128_seed26,4,4,6,5;6;7;9,False,False,,6;7;9,5,14.0,27.0,483.0,34.0,5.0,False,1.0,14.0,14.0,False
20,10,_original_nint128_seed26,4,4,6,0;4;8;9,False,False,,4;8;9,0,15.0,28.0,547.0,37.0,5.0,False,1.0,15.0,15.0,False
20,10,_original_nint128_seed26,4,4,6,1;4;8;9,False,False,,4;8;9,1,14.0,27.0,572.0,37.0,5.0,False,1.0,14.0,14.0,False
20,10,_original_nint128_seed26,4,4,6,4;5;8;9,False,False,,4;8;9,5,15.0,28.0,423.0,36.0,5.0,False,1.0,15.0,15.0,False
20,10,_original_nint128_seed26,4,4,6,4;6;8;9,False,False,,4;6;9,8,11.0,19.0,475.0,40.0,5.0,False,1.0,11.0,11.0,False
20,10,_original_nint128_seed26,4,4,6,1;3;4;9,False,False,,1;4;9,3,16.0,33.0,639.0,35.0,5.0,False,1.0,16.0,16.0,False
20,10,_original_nint128_seed26,4,4,6,1;3;6;9,False,False,,1;6;9,3,15.0,31.0,682.0,32.0,5.0,False,1.0,15.0,15.0,False
20,10,_original_nint128_seed26,4,4,6,1;3;8;9,False,False,,1;8;9,3,18.0,35.0,717.0,29.0,5.0,False,1.0,18.0,18.0,False
20,10,_original_nint128_seed26,4,4,6,0;2;3;8,False,False,,0;2;8,3,19.0,43.0,766.0,21.0,5.0,False,1.0,19.0,19.0,False
20,10,_original_nint128_seed26,4,4,6,1;2;3;8,False,False,,1;2;8,3,18.0,40.0,793.0,21.0,5.0,False,1.0,18.0,18.0,False
20,10,_original_nint128_seed26,4,4,6,2;3;5;8,False,False,,2;3;8,5,19.0,44.0,641.0,21.0,5.0,False,1.0,19.0,19.0,False
20,10,_original_nint128_seed26,4,4,6,2;3;6;8,False,False,,2;6;8,3,16.0,36.0,692.0,26.0,5.0,False,1.0,16.0,16.0,False
20,10,_original_nint128_seed26,4,4,6,2;3;8;9,False,False,,2;8;9,3,14.0,28.0,697.0,31.0,5.0,False,1.0,14.0,14.0,False
20,10,_original_nint128_seed26,4,4,6,0;1;2;3,False,False,,0;1;2,3,19.0,43.0,837.0,20.0,5.0,False,1.0,19.0,19.0,False
20,10,_original_nint128_seed26,4,4,6,0;1;3;4,False,False,,0;1;4,3,20.0,44.0,717.0,24.0,5.0,False,1.0,20.0,20.0,False
20,10,_original_nint128_seed26,4,4,6,0;1;3;5,False,False,,0;1;5,3,23.0,49.0,714.0,16.0,5.0,False,1.0,23.0,23.0,False
20,10,_original_nint128_seed26,4,4,6,0;1;3;6,False,False,,0;1;6,3,19.0,40.0,760.0,21.0,5.0,False,1.0,19.0,19.0,False
20,10,_original_nint128_seed26,4,4,6,0;1;3;8,False,False,,0;1;8,3,23.0,48.0,789.0,18.0,5.0,False,1.0,23.0,23.0,False
20,10,_original_nint128_seed26,4,4,6,0;1;4;8,False,False,,1;4;8,0,18.0,38.0,644.0,26.0,5.0,False,1.0,18.0,18.0,False
20,10,_original_nint128_seed26,4,4,6,0;4;5;8,False,False,,0;4;8,5,18.0,38.0,492.0,26.0,5.0,False,1.0,18.0,18.0,False
20,10,_original_nint128_seed26,4,4,6,1;4;6;7,False,False,,1;4;6,7,15.0,33.0,582.0,32.0,5.0,False,1.0,15.0,15.0,False
20,10,_original_nint128_seed26,4,4,6,4;5;6;7,False,False,,4;5;6,7,15.0,33.0,436.0,31.0,5.0,False,1.0,15.0,15.0,False
20,10,_original_nint128_seed26,4,4,6,0;3;5;8,False,False,,0;5;8,3,24.0,52.0,637.0,18.0,5.0,False,1.0,24.0,24.0,False
20,10,_original_nint128_seed26,4,4,6,1;3;5;8,False,False,,1;3;8,5,23.0,49.0,664.0,18.0,5.0,False,1.0,23.0,23.0,False
20,10,_original_nint128_seed26,4,4,6,3;5;6;8,False,False,,3;6;8,5,20.0,42.0,564.0,22.0,5.0,False,1.0,20.0,20.0,False
20,10,_original_nint128_seed26,4,4,6,3;5;7;8,False,False,,3;7;8,5,21.0,46.0,613.0,19.0,5.0,False,1.0,21.0,21.0,False
20,10,_original_nint128_seed26,4,4,6,1;2;3;6,False,False,,1;2;6,3,17.0,38.0,756.0,26.0,5.0,False,1.0,17.0,17.0,False
20,10,_original_nint128_seed26,4,4,6,1;3;4;6,False,False,,1;4;6,3,17.0,37.0,637.0,29.0,5.0,False,1.0,17.0,17.0,False
20,10,_original_nint128_seed26,4,4,6,1;3;5;6,False,False,,1;5;6,3,19.0,41.0,634.0,21.0,5.0,False,1.0,19.0,19.0,False
20,10,_original_nint128_seed26,4,4,6,1;3;6;8,False,False,,1;6;8,3,18.0,37.0,716.0,22.0,5.0,False,1.0,18.0,18.0,False
20,10,_original_nint128_seed26,4,4,6,0;3;6;7,False,False,,0;6;7,3,18.0,39.0,707.0,23.0,5.0,False,1.0,18.0,18.0,False
20,10,_original_nint128_seed26,4,4,6,0;5;6;7,False,False,,0;6;7,5,18.0,38.0,558.0,24.0,5.0,False,1.0,18.0,18.0,False
20,10,_original_nint128_seed26,4,4,6,0;6;7;8,False,False,,6;7;8,0,18.0,37.0,633.0,26.0,5.0,False,1.0,18.0,18.0,False
20,10,_original_nint128_seed26,4,4,6,0;1;6;8,False,False,,1;6;8,0,18.0,37.0,686.0,24.0,5.0,False,1.0,18.0,18.0,False
20,10,_original_nint128_seed26,4,4,6,1;2;6;8,False,False,,2;6;8,1,15.0,33.0,689.0,28.0,5.0,False,1.0,15.0,15.0,False
20,10,_original_nint128_seed26,4,4,6,1;4;6;8,False,False,,4;6;8,1,14.0,28.0,571.0,30.0,5.0,False,1.0,14.0,14.0,False
20,10,_original_nint128_seed26,4,4,6,1;5;6;8,False,False,,1;6;8,5,18.0,38.0,561.0,24.0,5.0,False,1.0,18.0,18.0,False
20,10,_original_nint128_seed26,4,4,6,1;6;7;8,False,False,,1;6;8,7,16.0,33.0,660.0,26.0,5.0,False,1.0,16.0,16.0,False
20,10,_original_nint128_seed26,4,4,6,1;6;8;9,False,False,,6;8;9,1,14.0,28.0,614.0,35.0,5.0,False,1.0,14.0,14.0,False
20,10,_original_nint128_seed26,4,4,6,1;2;3;4,False,False,,1;2;4,3,17.0,40.0,714.0,28.0,5.0,False,1.0,17.0,17.0,False
20,10,_original_nint128_seed26,4,4,6,2;3;4;6,False,False,,2;4;6,3,15.0,35.0,613.0,33.0,5.0,False,1.0,15.0,15.0,False
20,10,_original_nint128_seed26,4,4,6,2;3;4;9,False,False,,2;4;9,3,12.0,25.0,619.0,37.0,5.0,False,1.0,12.0,12.0,False
20,10,_original_nint128_seed26,4,4,6,1;4;6;9,False,False,,4;6;9,1,12.0,24.0,537.0,40.0,5.0,False,1.0,12.0,12.0,False
20,10,_original_nint128_seed26,4,4,6,3;4;6;9,False,False,,4;6;9,3,13.0,25.0,542.0,38.0,5.0,False,1.0,13.0,13.0,False
20,10,_original_nint128_seed26,4,4,6,4;5;6;9,False,False,,4;6;9,5,12.0,22.0,394.0,38.0,5.0,False,1.0,12.0,12.0,False
20,10,_original_nint128_seed26,4,4,6,3;6;7;8,False,False,,6;7;8,3,17.0,36.0,663.0,24.0,5.0,False,1.0,17.0,17.0,False
20,10,_original_nint128_seed26,4,4,6,5;6;7;8,False,False,,6;7;8,5,18.0,38.0,508.0,26.0,5.0,False,1.0,18.0,18.0,False
20,10,_original_nint128_seed26,4,4,6,1;2;5;7,False,False,,1;2;7,5,17.0,39.0,656.0,24.0,5.0,False,1.0,17.0,17.0,False
20,10,_original_nint128_seed26,4,4,6,1;4;5;7,False,False,,1;4;7,5,17.0,39.0,538.0,26.0,5.0,False,1.0,17.0,17.0,False
20,10,_original_nint128_seed26,4,4,6,1;5;6;7,False,False,,1;6;7,5,17.0,37.0,578.0,25.0,5.0,False,1.0,17.0,17.0,False
20,10,_original_nint128_seed26,4,4,6,1;5;7;8,False,False,,1;7;8,5,20.0,43.0,610.0,21.0,5.0,False,1.0,20.0,20.0,False
20,10,_original_nint128_seed26,4,4,6,0;2;3;5,False,False,,0;2;5,3,19.0,44.0,691.0,19.0,5.0,False,1.0,19.0,19.0,False
20,10,_original_nint128_seed26,4,4,6,0;3;5;6,False,False,,0;5;6,3,20.0,42.0,614.0,20.0,5.0,False,1.0,20.0,20.0,False
20,10,_original_nint128_seed26,4,4,6,0;3;5;7,False,False,,0;5;7,3,21.0,46.0,663.0,17.0,5.0,False,1.0,21.0,21.0,False
20,10,_original_nint128_seed26,4,4,6,1;4;5;6,False,False,,1;4;6,5,15.0,32.0,489.0,29.0,5.0,False,1.0,15.0,15.0,False
20,10,_original_nint128_seed26,4,4,6,1;4;5;8,False,False,,1;4;8,5,18.0,39.0,519.0,26.0,5.0,False,1.0,18.0,18.0,False
20,10,_original_nint128_seed26,4,4,6,4;5;6;8,False,False,,4;6;8,5,15.0,31.0,419.0,30.0,5.0,False,1.0,15.0,15.0,False
20,10,_original_nint128_seed26,4,4,6,0;2;3;9,False,False,,0;2;9,3,15.0,31.0,741.0,30.0,5.0,False,1.0,15.0,15.0,False
20,10,_original_nint128_seed26,4,4,6,2;3;7;9,False,False,,2;7;9,3,13.0,26.0,710.0,32.0,5.0,False,1.0,13.0,13.0,False
20,10,_original_nint128_seed26,4,4,6,0;2;3;6,False,False,,0;2;6,3,17.0,39.0,736.0,25.0,5.0,False,1.0,17.0,17.0,False
20,10,_original_nint128_seed26,4,4,6,0;2;3;7,False,False,,0;2;7,3,17.0,39.0,785.0,22.0,5.0,False,1.0,17.0,17.0,False
20,10,_original_nint128_seed26,4,4,6,1;2;4;7,False,False,,2;4;7,1,15.0,35.0,660.0,31.0,5.0,False,1.0,15.0,15.0,False
20,10,_original_nint128_seed26,4,4,6,1;2;3;5,False,False,,1;2;5,3,19.0,44.0,711.0,20.0,5.0,False,1.0,19.0,19.0,False
20,10,_original_nint128_seed26,4,4,6,2;3;5;6,False,False,,2;5;6,3,17.0,40.0,610.0,25.0,5.0,False,1.0,17.0,17.0,False
20,10,_original_nint128_seed26,4,4,6,2;3;5;7,False,False,,2;3;7,5,17.0,40.0,659.0,22.0,5.0,False,1.0,17.0,17.0,False
20,10,_original_nint128_seed26,4,4,6,1;5;6;9,False,False,,1;6;9,5,15.0,31.0,533.0,33.0,5.0,False,1.0,15.0,15.0,False
20,10,_original_nint128_seed26,4,4,6,5;6;8;9,False,False,,6;8;9,5,16.0,31.0,465.0,34.0,5.0,False,1.0,16.0,16.0,False
20,10,_original_nint128_seed26,4,4,6,1;5;8;9,False,False,,1;8;9,5,19.0,38.0,562.0,31.0,5.0,False,1.0,19.0,19.0,False
20,10,_original_nint128_seed26,4,4,6,1;4;5;9,False,False,,4;5;9,1,15.0,30.0,491.0,35.0,5.0,False,1.0,15.0,15.0,False
20,10,_original_nint128_seed26,4,4,6,3;6;8;9,False,False,,6;8;9,3,15.0,28.0,620.0,32.0,5.0,False,1.0,15.0,15.0,False
20,10,_original_nint128_seed26,4,4,6,0;2;5;8,False,False,,0;2;8,5,18.0,43.0,611.0,23.0,5.0,False,1.0,18.0,18.0,False
20,10,_original_nint128_seed26,4,4,6,1;2;5;8,False,False,,1;2;8,5,18.0,41.0,638.0,23.0,5.0,False,1.0,18.0,18.0,False
20,10,_original_nint128_seed26,4,4,6,2;5;6;8,False,False,,2;6;8,5,16.0,37.0,537.0,28.0,5.0,False,1.0,16.0,16.0,False
20,10,_original_nint128_seed26,4,4,6,0;1;2;6,False,False,,0;2;6,1,16.0,36.0,733.0,27.0,5.0,False,1.0,16.0,16.0,False
20,10,_original_nint128_seed26,4,4,6,1;2;5;6,False,False,,1;2;6,5,16.0,37.0,607.0,27.0,5.0,False,1.0,16.0,16.0,False
20,10,_original_nint128_seed26,4,4,6,0;3;4;9,False,False,,0;4;9,3,16.0,31.0,621.0,34.0,5.0,False,1.0,16.0,16.0,False
20,10,_original_nint128_seed26,4,4,6,0;1;4;5,False,False,,0;1;4,5,18.0,39.0,569.0,24.0,5.0,False,1.0,18.0,18.0,False
20,10,_original_nint128_seed26,4,4,6,1;2;4;5,False,False,,2;4;5,1,15.0,35.0,566.0,28.0,5.0,False,1.0,15.0,15.0,False
20,10,_original_nint128_seed26,4,4,6,0;2;5;7,False,False,,0;2;7,5,17.0,39.0,636.0,23.0,5.0,False,1.0,17.0,17.0,False
20,10,_original_nint128_seed26,4,4,6,2;4;5;7,False,False,,2;4;5,7,14.0,34.0,514.0,30.0,5.0,False,1.0,14.0,14.0,False
20,10,_original_nint128_seed26,4,4,6,2;4;5;6,False,False,,2;4;6,5,13.0,30.0,465.0,33.0,5.0,False,1.0,13.0,13.0,False
20,10,_original_nint128_seed26,4,4,6,0;5;8;9,False,False,,0;5;9,8,17.0,39.0,537.0,31.0,5.0,False,1.0,17.0,17.0,False
20,10,_original_nint128_seed26,4,4,6,1;6;7;9,False,False,,6;7;9,1,13.0,27.0,626.0,36.0,5.0,False,1.0,13.0,13.0,False
20,10,_original_nint128_seed26,4,4,6,0;3;6;8,False,False,,0;6;8,3,20.0,41.0,689.0,22.0,5.0,False,1.0,20.0,20.0,False
20,10,_original_nint128_seed26,4,4,6,0;3;7;8,False,False,,3;7;8,0,21.0,45.0,738.0,19.0,5.0,False,1.0,21.0,21.0,False
20,10,_original_nint128_seed26,4,4,6,0;3;8;9,False,False,,3;8;9,0,20.0,38.0,692.0,29.0,5.0,False,1.0,20.0,20.0,False
20,10,_original_nint128_seed26,4,4,6,0;2;7;9,False,False,,2;7;9,0,13.0,26.0,686.0,34.0,5.0,False,1.0,13.0,13.0,False
20,10,_original_nint128_seed26,4,4,6,3;5;6;7,False,False,,5;6;7,3,18.0,40.0,581.0,23.0,5.0,False,1.0,18.0,18.0,False
20,10,_original_nint128_seed26,4,4,6,0;4;5;7,False,False,,0;4;7,5,17.0,38.0,518.0,25.0,5.0,False,1.0,17.0,17.0,False
20,10,_original_nint128_seed26,4,4,6,0;5;7;8,False,False,,0;7;8,5,21.0,46.0,583.0,21.0,5.0,False,1.0,21.0,21.0,False
20,10,_original_nint128_seed26,4,4,6,0;1;5;8,False,False,,0;1;8,5,22.0,48.0,634.0,20.0,5.0,False,1.0,22.0,22.0,False
20,10,_original_nint128_seed26,4,4,6,0;1;2;5,False,False,,0;1;2,5,18.0,41.0,688.0,21.0,5.0,False,1.0,18.0,18.0,False
20,10,_original_nint128_seed26,4,4,6,0;2;5;6,False,False,,0;2;6,5,16.0,37.0,587.0,26.0,5.0,False,1.0,16.0,16.0,False
20,10,_original_nint128_seed26,4,4,6,3;6;7;9,False,False,,6;7;9,3,14.0,27.0,632.0,33.0,5.0,False,1.0,14.0,14.0,False
20,10,_original_nint128_seed26,4,4,6,0;4;5;9,False,False,,0;4;9,5,15.0,28.0,473.0,34.0,5.0,False,1.0,15.0,15.0,False
20,10,_original_nint128_seed26,4,4,6,0;1;2;8,False,False,,1;2;8,0,18.0,40.0,763.0,23.0,5.0,False,1.0,18.0,18.0,False
20,10,_original_nint128_seed26,4,4,6,0;2;8;9,False,False,,2;8;9,0,15.0,31.0,666.0,34.0,5.0,False,1.0,15.0,15.0,False
20,10,_original_nint128_seed26,4,4,6,0;2;6;8,False,False,,2;6;8,0,16.0,36.0,662.0,28.0,5.0,False,1.0,16.0,16.0,False
20,10,_original_nint128_seed26,4,4,6,0;5;6;8,False,False,,0;6;8,5,19.0,40.0,534.0,24.0,5.0,False,1.0,19.0,19.0,False
20,10,_original_nint128_seed26,4,4,6,0;1;5;6,False,False,,0;1;6,5,18.0,38.0,611.0,22.0,5.0,False,1.0,18.0,18.0,False
20,10,_original_nint128_seed26,4,4,6,0;3;7;9,False,False,,0;7;9,3,17.0,32.0,713.0,28.0,5.0,False,1.0,17.0,17.0,False
20,10,_original_nint128_seed26,5,5,5,0;2;5;6;8,False,False,,0;2;6;8,5,13.0,30.0,474.0,33.0,5.0,False,1.0,13.0,13.0,False
20,10,_original_nint128_seed26,5,5,5,1;2;5;6;8,False,False,,1;2;6;8,5,13.0,29.0,501.0,33.0,5.0,False,1.0,13.0,13.0,False
20,10,_original_nint128_seed26,5,5,5,2;3;5;6;8,False,False,,2;3;6;8,5,14.0,32.0,504.0,31.0,5.0,False,1.0,14.0,14.0,False
20,10,_original_nint128_seed26,5,5,5,2;4;5;6;8,False,False,,2;4;6;8,5,10.0,22.0,359.0,39.0,5.0,False,1.0,10.0,10.0,False
20,10,_original_nint128_seed26,5,5,5,2;5;6;8;9,False,False,,2;6;8;9,5,11.0,23.0,405.0,43.0,5.0,False,1.0,11.0,11.0,False
20,10,_original_nint128_seed26,5,5,5,0;1;2;3;8,False,False,,0;1;2;8,3,16.0,35.0,730.0,26.0,5.0,False,1.0,16.0,16.0,False
20,10,_original_nint128_seed26,5,5,5,1;2;3;4;8,False,False,,1;2;4;8,3,13.0,29.0,614.0,33.0,5.0,False,1.0,13.0,13.0,False
20,10,_original_nint128_seed26,5,5,5,1;2;3;5;8,False,False,,1;2;3;8,5,16.0,36.0,605.0,26.0,5.0,False,1.0,16.0,16.0,False
20,10,_original_nint128_seed26,5,5,5,1;2;3;6;8,False,False,,1;2;6;8,3,13.0,27.0,656.0,31.0,5.0,False,1.0,13.0,13.0,False
20,10,_original_nint128_seed26,5,5,5,1;2;3;7;8,False,False,,1;2;7;8,3,13.0,28.0,705.0,28.0,5.0,False,1.0,13.0,13.0,False
20,10,_original_nint128_seed26,5,5,5,1;2;3;8;9,False,False,,2;3;8;9,1,12.0,24.0,658.0,37.0,5.0,False,1.0,12.0,12.0,False
20,10,_original_nint128_seed26,5,5,5,0;2;3;5;6,False,False,,0;2;5;6,3,14.0,32.0,554.0,29.0,5.0,False,1.0,14.0,14.0,False
20,10,_original_nint128_seed26,5,5,5,1;2;3;5;6,False,False,,1;2;5;6,3,14.0,31.0,574.0,30.0,5.0,False,1.0,14.0,14.0,False
20,10,_original_nint128_seed26,5,5,5,2;3;4;5;6,False,False,,2;4;5;6,3,12.0,28.0,431.0,37.0,5.0,False,1.0,12.0,12.0,False
20,10,_original_nint128_seed26,5,5,5,2;3;5;6;9,False,False,,2;3;6;9,5,11.0,23.0,479.0,39.0,5.0,False,1.0,11.0,11.0,False
20,10,_original_nint128_seed26,5,5,5,0;1;2;7;8,False,False,,1;2;7;8,0,14.0,30.0,675.0,30.0,5.0,False,1.0,14.0,14.0,False
20,10,_original_nint128_seed26,5,5,5,0;2;3;7;8,False,False,,2;3;7;8,0,14.0,31.0,678.0,28.0,5.0,False,1.0,14.0,14.0,False
20,10,_original_nint128_seed26,5,5,5,0;2;4;7;8,False,False,,2;4;7;8,0,11.0,25.0,533.0,36.0,5.0,False,1.0,11.0,11.0,False
20,10,_original_nint128_seed26,5,5,5,0;2;5;7;8,False,False,,0;2;7;8,5,14.0,33.0,523.0,30.0,5.0,False,1.0,14.0,14.0,False
20,10,_original_nint128_seed26,5,5,5,0;2;7;8;9,False,False,,2;7;8;9,0,11.0,21.0,578.0,41.0,5.0,False,1.0,11.0,11.0,False
20,10,_original_nint128_seed26,5,5,5,0;5;6;7;8,False,False,,0;6;7;8,5,15.0,31.0,445.0,31.0,5.0,False,1.0,15.0,15.0,False
20,10,_original_nint128_seed26,5,5,5,1;5;6;7;8,False,False,,1;6;7;8,5,14.0,29.0,472.0,31.0,5.0,False,1.0,14.0,14.0,False
20,10,_original_nint128_seed26,5,5,5,3;5;6;7;8,False,False,,3;6;7;8,5,15.0,32.0,475.0,29.0,5.0,False,1.0,15.0,15.0,False
20,10,_original_nint128_seed26,5,5,5,4;5;6;7;8,False,False,,4;6;7;8,5,12.0,25.0,330.0,37.0,5.0,False,1.0,12.0,12.0,False
20,10,_original_nint128_seed26,5,5,5,5;6;7;8;9,False,False,,6;7;8;9,5,12.0,22.0,376.0,41.0,5.0,False,1.0,12.0,12.0,False
20,10,_original_nint128_seed26,5,5,5,0;1;2;4;9,False,False,,0;2;4;9,1,10.0,20.0,557.0,44.0,5.0,False,1.0,10.0,10.0,False
20,10,_original_nint128_seed26,5,5,5,0;2;3;4;9,False,False,,0;2;4;9,3,10.0,20.0,562.0,42.0,5.0,False,1.0,10.0,10.0,False
20,10,_original_nint128_seed26,5,5,5,0;2;4;5;9,False,False,,0;2;4;9,5,9.0,17.0,414.0,42.0,5.0,False,1.0,9.0,9.0,False
20,10,_original_nint128_seed26,5,5,5,0;2;4;6;9,False,False,,2;4;6;9,0,8.0,15.0,459.0,48.0,5.0,False,1.0,8.0,8.0,False
20,10,_original_nint128_seed26,5,5,5,0;2;4;7;9,False,False,,2;4;7;9,0,8.0,15.0,508.0,45.0,5.0,False,1.0,8.0,8.0,False
20,10,_original_nint128_seed26,5,5,5,0;2;4;8;9,False,False,,2;4;8;9,0,9.0,17.0,488.0,45.0,5.0,False,1.0,9.0,9.0,False
20,10,_original_nint128_seed26,5,5,5,0;1;3;4;6,False,False,,0;1;4;6,3,14.0,29.0,581.0,33.0,5.0,False,1.0,14.0,14.0,False
20,10,_original_nint128_seed26,5,5,5,0;2;3;4;6,False,False,,0;2;4;6,3,12.0,27.0,557.0,37.0,5.0,False,1.0,12.0,12.0,False
20,10,_original_nint128_seed26,5,5,5,0;3;4;5;6,False,False,,0;4;5;6,3,14.0,29.0,435.0,32.0,5.0,False,1.0,14.0,14.0,False
20,10,_original_nint128_seed26,5,5,5,0;3;4;6;8,False,False,,0;4;6;8,3,14.0,28.0,510.0,34.0,5.0,False,1.0,14.0,14.0,False
20,10,_original_nint128_seed26,5,5,5,0;3;4;6;9,False,False,,0;4;6;9,3,11.0,20.0,485.0,43.0,5.0,False,1.0,11.0,11.0,False
20,10,_original_nint128_seed26,5,5,5,0;2;5;6;9,False,False,,0;2;6;9,5,11.0,23.0,455.0,41.0,5.0,False,1.0,11.0,11.0,False
20,10,_original_nint128_seed26,5,5,5,1;2;5;6;9,False,False,,2;5;6;9,1,11.0,24.0,473.0,42.0,5.0,False,1.0,11.0,11.0,False
20,10,_original_nint128_seed26,5,5,5,2;4;5;6;9,False,False,,2;4;6;9,5,8.0,15.0,334.0,47.0,5.0,False,1.0,8.0,8.0,False
20,10,_original_nint128_seed26,5,5,5,0;1;2;8;9,False,False,,1;2;8;9,0,13.0,27.0,627.0,40.0,5.0,False,1.0,13.0,13.0,False
20,10,_original_nint128_seed26,5,5,5,1;2;4;8;9,False,False,,2;4;8;9,1,9.0,17.0,513.0,45.0,5.0,False,1.0,9.0,9.0,False
20,10,_original_nint128_seed26,5,5,5,1;2;5;8;9,False,False,,1;2;8;9,5,13.0,27.0,503.0,39.0,5.0,False,1.0,13.0,13.0,False
20,10,_original_nint128_seed26,5,5,5,1;2;6;8;9,False,False,,2;6;8;9,1,10.0,21.0,554.0,44.0,5.0,False,1.0,10.0,10.0,False
20,10,_original_nint128_seed26,5,5,5,1;2;7;8;9,False,False,,2;7;8;9,1,10.0,19.0,603.0,41.0,5.0,False,1.0,10.0,10.0,False
20,10,_original_nint128_seed26,5,5,5,1;2;3;4;9,False,False,,1;2;4;9,3,11.0,23.0,580.0,43.0,5.0,False,1.0,11.0,11.0,False
20,10,_original_nint128_seed26,5,5,5,2;3;4;5;9,False,False,,2;4;5;9,3,10.0,20.0,437.0,41.0,5.0,False,1.0,10.0,10.0,False
20,10,_original_nint128_seed26,5,5,5,2;3;4;6;9,False,False,,2;4;6;9,3,9.0,18.0,482.0,47.0,5.0,False,1.0,9.0,9.0,False
20,10,_original_nint128_seed26,5,5,5,2;3;4;8;9,False,False,,2;4;8;9,3,9.0,17.0,518.0,43.0,5.0,False,1.0,9.0,9.0,False
20,10,_original_nint128_seed26,5,5,5,1;3;4;5;6,False,False,,1;4;5;6,3,14.0,30.0,455.0,33.0,5.0,False,1.0,14.0,14.0,False
20,10,_original_nint128_seed26,5,5,5,3;4;5;6;8,False,False,,4;5;6;8,3,14.0,29.0,385.0,34.0,5.0,False,1.0,14.0,14.0,False
20,10,_original_nint128_seed26,5,5,5,3;4;5;6;9,False,False,,4;5;6;9,3,11.0,20.0,360.0,42.0,5.0,False,1.0,11.0,11.0,False
20,10,_original_nint128_seed26,5,5,5,0;1;3;4;8,False,False,,0;1;4;8,3,17.0,36.0,610.0,30.0,5.0,False,1.0,17.0,17.0,False
20,10,_original_nint128_seed26,5,5,5,1;3;4;5;8,False,False,,1;4;5;8,3,17.0,37.0,485.0,30.0,5.0,False,1.0,17.0,17.0,False
20,10,_original_nint128_seed26,5,5,5,1;3;4;6;8,False,False,,1;4;6;8,3,13.0,26.0,537.0,34.0,5.0,False,1.0,13.0,13.0,False
20,10,_original_nint128_seed26,5,5,5,1;3;4;8;9,False,False,,1;4;8;9,3,13.0,25.0,538.0,41.0,5.0,False,1.0,13.0,13.0,False
20,10,_original_nint128_seed26,5,5,5,0;1;2;3;4,False,False,,0;1;2;4,3,14.0,32.0,658.0,32.0,5.0,False,1.0,14.0,14.0,False
20,10,_original_nint128_seed26,5,5,5,0;2;3;4;5,False,False,,0;2;4;5,3,13.0,31.0,512.0,31.0,5.0,False,1.0,13.0,13.0,False
20,10,_original_nint128_seed26,5,5,5,0;2;3;4;8,False,False,,0;2;4;8,3,13.0,30.0,587.0,33.0,5.0,False,1.0,13.0,13.0,False
20,10,_original_nint128_seed26,5,5,5,0;4;7;8;9,False,False,,4;7;8;9,0,11.0,20.0,460.0,43.0,5.0,False,1.0,11.0,11.0,False
20,10,_original_nint128_seed26,5,5,5,1;4;7;8;9,False,False,,4;7;8;9,1,10.0,19.0,485.0,43.0,5.0,False,1.0,10.0,10.0,False
20,10,_original_nint128_seed26,5,5,5,2;4;7;8;9,False,False,,2;4;8;9,7,7.0,12.0,464.0,46.0,5.0,False,1.0,7.0,7.0,False
20,10,_original_nint128_seed26,5,5,5,4;5;7;8;9,False,False,,4;7;8;9,5,11.0,20.0,336.0,42.0,5.0,False,1.0,11.0,11.0,False
20,10,_original_nint128_seed26,5,5,5,4;6;7;8;9,False,False,,4;6;8;9,7,8.0,13.0,386.0,47.0,5.0,False,1.0,8.0,8.0,False
20,10,_original_nint128_seed26,5,5,5,0;1;2;5;6,False,False,,0;1;2;6,5,13.0,29.0,551.0,31.0,5.0,False,1.0,13.0,13.0,False
20,10,_original_nint128_seed26,5,5,5,0;2;4;5;6,False,False,,0;2;4;6,5,10.0,22.0,409.0,37.0,5.0,False,1.0,10.0,10.0,False
20,10,_original_nint128_seed26,5,5,5,0;1;2;4;8,False,False,,1;2;4;8,0,12.0,26.0,585.0,34.0,5.0,False,1.0,12.0,12.0,False
20,10,_original_nint128_seed26,5,5,5,0;1;2;5;8,False,False,,0;1;2;8,5,15.0,35.0,575.0,28.0,5.0,False,1.0,15.0,15.0,False
20,10,_original_nint128_seed26,5,5,5,0;1;2;6;8,False,False,,1;2;6;8,0,13.0,28.0,626.0,33.0,5.0,False,1.0,13.0,13.0,False
20,10,_original_nint128_seed26,5,5,5,2;3;5;7;8,False,False,,2;3;7;8,5,14.0,32.0,553.0,28.0,5.0,False,1.0,14.0,14.0,False
20,10,_original_nint128_seed26,5,5,5,2;3;7;8;9,False,False,,2;7;8;9,3,10.0,18.0,609.0,38.0,5.0,False,1.0,10.0,10.0,False
20,10,_original_nint128_seed26,5,5,5,0;1;3;4;9,False,False,,0;1;4;9,3,14.0,28.0,582.0,40.0,5.0,False,1.0,14.0,14.0,False
20,10,_original_nint128_seed26,5,5,5,0;1;4;5;9,False,False,,0;4;5;9,1,13.0,25.0,434.0,40.0,5.0,False,1.0,13.0,13.0,False
20,10,_original_nint128_seed26,5,5,5,0;1;4;6;9,False,False,,0;4;6;9,1,10.0,19.0,480.0,45.0,5.0,False,1.0,10.0,10.0,False
20,10,_original_nint128_seed26,5,5,5,0;1;4;7;9,False,False,,0;4;7;9,1,11.0,22.0,529.0,42.0,5.0,False,1.0,11.0,11.0,False
20,10,_original_nint128_seed26,5,5,5,0;1;4;8;9,False,False,,1;4;8;9,0,13.0,25.0,508.0,43.0,5.0,False,1.0,13.0,13.0,False
20,10,_original_nint128_seed26,5,5,5,1;2;4;5;8,False,False,,1;2;4;8,5,12.0,27.0,460.0,34.0,5.0,False,1.0,12.0,12.0,False
20,10,_original_nint128_seed26,5,5,5,1;2;4;7;8,False,False,,2;4;7;8,1,11.0,24.0,560.0,36.0,5.0,False,1.0,11.0,11.0,False
20,10,_original_nint128_seed26,5,5,5,0;1;2;4;7,False,False,,0;2;4;7,1,12.0,27.0,604.0,35.0,5.0,False,1.0,12.0,12.0,False
20,10,_original_nint128_seed26,5,5,5,0;2;4;5;7,False,False,,0;2;4;5,7,11.0,26.0,458.0,34.0,5.0,False,1.0,11.0,11.0,False
20,10,_original_nint128_seed26,5,5,5,0;2;4;6;8,False,False,,2;4;6;8,0,10.0,21.0,484.0,39.0,5.0,False,1.0,10.0,10.0,False
20,10,_original_nint128_seed26,5,5,5,2;3;4;6;8,False,False,,2;4;6;8,3,11.0,24.0,513.0,38.0,5.0,False,1.0,11.0,11.0,False
20,10,_original_nint128_seed26,5,5,5,2;4;6;8;9,False,False,,2;4;8;9,6,7.0,12.0,415.0,49.0,5.0,False,1.0,7.0,7.0,False
20,10,_original_nint128_seed26,5,5,5,0;1;2;3;9,False,False,,0;2;3;9,1,13.0,27.0,702.0,36.0,5.0,False,1.0,13.0,13.0,False
20,10,_original_nint128_seed26,5,5,5,0;2;3;5;9,False,False,,0;2;3;9,5,13.0,26.0,559.0,34.0,5.0,False,1.0,13.0,13.0,False
20,10,_original_nint128_seed26,5,5,5,0;2;3;6;9,False,False,,0;2;6;9,3,11.0,23.0,604.0,40.0,5.0,False,1.0,11.0,11.0,False
20,10,_original_nint128_seed26,5,5,5,0;2;3;7;9,False,False,,0;2;7;9,3,11.0,21.0,653.0,37.0,5.0,False,1.0,11.0,11.0,False
20,10,_original_nint128_seed26,5,5,5,0;2;3;8;9,False,False,,2;3;8;9,0,13.0,26.0,633.0,37.0,5.0,False,1.0,13.0,13.0,False
20,10,_original_nint128_seed26,5,5,5,0;1;2;4;5,False,False,,0;2;4;5,1,12.0,27.0,510.0,32.0,5.0,False,1.0,12.0,12.0,False
20,10,_original_nint128_seed26,5,5,5,1;2;3;4;5,False,False,,1;2;4;5,3,14.0,33.0,532.0,32.0,5.0,False,1.0,14.0,14.0,False
20,10,_original_nint128_seed26,5,5,5,1;2;4;5;7,False,False,,2;4;5;7,1,12.0,28.0,478.0,35.0,5.0,False,1.0,12.0,12.0,False
20,10,_original_nint128_seed26,5,5,5,1;2;4;5;9,False,False,,2;4;5;9,1,10.0,20.0,432.0,43.0,5.0,False,1.0,10.0,10.0,False
20,10,_original_nint128_seed26,5,5,5,0;1;4;7;8,False,False,,1;4;7;8,0,14.0,30.0,557.0,32.0,5.0,False,1.0,14.0,14.0,False
20,10,_original_nint128_seed26,5,5,5,1;4;5;7;8,False,False,,1;4;7;8,5,14.0,31.0,432.0,32.0,5.0,False,1.0,14.0,14.0,False
20,10,_original_nint128_seed26,5,5,5,1;4;6;7;8,False,False,,1;4;6;8,7,11.0,22.0,482.0,37.0,5.0,False,1.0,11.0,11.0,False
20,10,_original_nint128_seed26,5,5,5,0;4;5;6;7,False,False,,0;4;5;6,7,12.0,25.0,380.0,35.0,5.0,False,1.0,12.0,12.0,False
20,10,_original_nint128_seed26,5,5,5,1;4;5;6;7,False,False,,1;4;5;6,7,12.0,26.0,400.0,36.0,5.0,False,1.0,12.0,12.0,False
20,10,_original_nint128_seed26,5,5,5,4;5;6;7;9,False,False,,4;6;7;9,5,9.0,16.0,305.0,45.0,5.0,False,1.0,9.0,9.0,False
20,10,_original_nint128_seed26,5,5,5,0;1;2;3;5,False,False,,0;1;2;5,3,16.0,36.0,655.0,24.0,5.0,False,1.0,16.0,16.0,False
20,10,_original_nint128_seed26,5,5,5,0;1;3;4;5,False,False,,0;1;4;5,3,17.0,37.0,535.0,28.0,5.0,False,1.0,17.0,17.0,False
20,10,_original_nint128_seed26,5,5,5,0;1;3;5;6,False,False,,0;1;5;6,3,16.0,33.0,578.0,25.0,5.0,False,1.0,16.0,16.0,False
20,10,_original_nint128_seed26,5,5,5,0;1;3;5;7,False,False,,0;1;5;7,3,17.0,37.0,627.0,22.0,5.0,False,1.0,17.0,17.0,False
20,10,_original_nint128_seed26,5,5,5,0;1;3;5;8,False,False,,0;1;5;8,3,20.0,43.0,601.0,23.0,5.0,False,1.0,20.0,20.0,False
20,10,_original_nint128_seed26,5,5,5,0;1;3;5;9,False,False,,0;1;3;9,5,17.0,33.0,579.0,32.0,5.0,False,1.0,17.0,17.0,False
20,10,_original_nint128_seed26,5,5,5,0;1;3;6;8,False,False,,0;1;6;8,3,16.0,32.0,653.0,27.0,5.0,False,1.0,16.0,16.0,False
20,10,_original_nint128_seed26,5,5,5,0;2;3;6;8,False,False,,0;2;6;8,3,14.0,31.0,629.0,31.0,5.0,False,1.0,14.0,14.0,False
20,10,_original_nint128_seed26,5,5,5,0;3;5;6;8,False,False,,0;5;6;8,3,17.0,35.0,501.0,27.0,5.0,False,1.0,17.0,17.0,False
20,10,_original_nint128_seed26,5,5,5,0;3;6;7;8,False,False,,3;6;7;8,0,15.0,31.0,600.0,29.0,5.0,False,1.0,15.0,15.0,False
20,10,_original_nint128_seed26,5,5,5,0;3;6;8;9,False,False,,3;6;8;9,0,14.0,26.0,556.0,38.0,5.0,False,1.0,14.0,14.0,False
20,10,_original_nint128_seed26,5,5,5,0;1;6;7;8,False,False,,1;6;7;8,0,14.0,28.0,597.0,31.0,5.0,False,1.0,14.0,14.0,False
20,10,_original_nint128_seed26,5,5,5,1;3;6;7;8,False,False,,1;6;7;8,3,13.0,27.0,627.0,29.0,5.0,False,1.0,13.0,13.0,False
20,10,_original_nint128_seed26,5,5,5,1;6;7;8;9,False,False,,6;7;8;9,1,10.0,19.0,525.0,42.0,5.0,False,1.0,10.0,10.0,False
20,10,_original_nint128_seed26,5,5,5,0;1;3;7;8,False,False,,1;3;7;8,0,17.0,36.0,702.0,24.0,5.0,False,1.0,17.0,17.0,False
20,10,_original_nint128_seed26,5,5,5,0;3;5;7;8,False,False,,0;3;7;8,5,18.0,40.0,550.0,24.0,5.0,False,1.0,18.0,18.0,False
20,10,_original_nint128_seed26,5,5,5,0;3;7;8;9,False,False,,3;7;8;9,0,15.0,27.0,605.0,35.0,5.0,False,1.0,15.0,15.0,False
20,10,_original_nint128_seed26,5,5,5,1;2;4;7;9,False,False,,2;4;7;9,1,9.0,18.0,526.0,46.0,5.0,False,1.0,9.0,9.0,False
20,10,_original_nint128_seed26,5,5,5,1;3;5;6;8,False,False,,1;3;6;8,5,16.0,33.0,528.0,27.0,5.0,False,1.0,16.0,16.0,False
20,10,_original_nint128_seed26,5,5,5,3;5;6;8;9,False,False,,3;6;8;9,5,14.0,26.0,432.0,37.0,5.0,False,1.0,14.0,14.0,False
20,10,_original_nint128_seed26,5,5,5,0;1;2;6;9,False,False,,0;2;6;9,1,11.0,24.0,598.0,43.0,5.0,False,1.0,11.0,11.0,False
20,10,_original_nint128_seed26,5,5,5,1;2;3;6;9,False,False,,2;3;6;9,1,11.0,23.0,622.0,41.0,5.0,False,1.0,11.0,11.0,False
20,10,_original_nint128_seed26,5,5,5,0;2;5;8;9,False,False,,0;2;5;9,8,12.0,27.0,478.0,39.0,5.0,False,1.0,12.0,12.0,False
20,10,_original_nint128_seed26,5,5,5,2;3;5;8;9,False,False,,2;3;8;9,5,13.0,26.0,509.0,36.0,5.0,False,1.0,13.0,13.0,False
20,10,_original_nint128_seed26,5,5,5,2;4;5;8;9,False,False,,2;4;8;9,5,9.0,17.0,364.0,44.0,5.0,False,1.0,9.0,9.0,False
20,10,_original_nint128_seed26,5,5,5,2;5;7;8;9,False,False,,2;7;8;9,5,11.0,21.0,454.0,40.0,5.0,False,1.0,11.0,11.0,False
20,10,_original_nint128_seed26,5,5,5,0;2;3;5;8,False,False,,0;2;5;8,3,16.0,38.0,578.0,26.0,5.0,False,1.0,16.0,16.0,False
20,10,_original_nint128_seed26,5,5,5,1;2;5;7;8,False,False,,1;2;7;8,5,14.0,31.0,550.0,30.0,5.0,False,1.0,14.0,14.0,False
20,10,_original_nint128_seed26,5,5,5,0;1;5;6;9,False,False,,0;1;6;9,5,13.0,26.0,476.0,38.0,5.0,False,1.0,13.0,13.0,False
20,10,_original_nint128_seed26,5,5,5,0;3;5;6;9,False,False,,0;3;6;9,5,14.0,26.0,482.0,35.0,5.0,False,1.0,14.0,14.0,False
20,10,_original_nint128_seed26,5,5,5,0;4;5;6;9,False,False,,0;4;6;9,5,10.0,17.0,337.0,43.0,5.0,False,1.0,10.0,10.0,False
20,10,_original_nint128_seed26,5,5,5,0;5;6;7;9,False,False,,0;6;7;9,5,12.0,22.0,426.0,39.0,5.0,False,1.0,12.0,12.0,False
20,10,_original_nint128_seed26,5,5,5,0;5;6;8;9,False,False,,0;5;6;9,8,13.0,27.0,401.0,40.0,5.0,False,1.0,13.0,13.0,False
20,10,_original_nint128_seed26,5,5,5,0;1;3;8;9,False,False,,1;3;8;9,0,17.0,33.0,653.0,35.0,5.0,False,1.0,17.0,17.0,False
20,10,_original_nint128_seed26,5,5,5,0;1;5;8;9,False,False,,0;1;5;9,8,14.0,34.0,498.0,37.0,5.0,False,1.0,14.0,14.0,False
20,10,_original_nint128_seed26,5,5,5,0;1;6;8;9,False,False,,1;6;8;9,0,13.0,26.0,550.0,41.0,5.0,False,1.0,13.0,13.0,False
20,10,_original_nint128_seed26,5,5,5,0;1;7;8;9,False,False,,1;7;8;9,0,14.0,27.0,599.0,38.0,5.0,False,1.0,14.0,14.0,False
20,10,_original_nint128_seed26,5,5,5,1;3;5;6;9,False,False,,1;3;6;9,5,13.0,26.0,500.0,36.0,5.0,False,1.0,13.0,13.0,False
20,10,_original_nint128_seed26,5,5,5,1;4;5;6;9,False,False,,4;5;6;9,1,10.0,19.0,355.0,44.0,5.0,False,1.0,10.0,10.0,False
20,10,_original_nint128_seed26,5,5,5,1;5;6;7;9,False,False,,1;6;7;9,5,11.0,22.0,444.0,40.0,5.0,False,1.0,11.0,11.0,False
20,10,_original_nint128_seed26,5,5,5,1;5;6;8;9,False,False,,1;6;8;9,5,13.0,26.0,426.0,40.0,5.0,False,1.0,13.0,13.0,False
20,10,_original_nint128_seed26,5,5,5,0;1;2;5;7,False,False,,0;1;2;7,5,14.0,31.0,600.0,28.0,5.0,False,1.0,14.0,14.0,False
20,10,_original_nint128_seed26,5,5,5,0;2;3;5;7,False,False,,0;2;3;7,5,14.0,32.0,603.0,26.0,5.0,False,1.0,14.0,14.0,False
20,10,_original_nint128_seed26,5,5,5,0;2;5;7;9,False,False,,0;2;7;9,5,11.0,21.0,504.0,38.0,5.0,False,1.0,11.0,11.0,False
20,10,_original_nint128_seed26,5,5,5,0;1;6;7;9,False,False,,1;6;7;9,0,11.0,22.0,569.0,41.0,5.0,False,1.0,11.0,11.0,False
20,10,_original_nint128_seed26,5,5,5,0;3;6;7;9,False,False,,0;6;7;9,3,12.0,22.0,575.0,38.0,5.0,False,1.0,12.0,12.0,False
20,10,_original_nint128_seed26,5,5,5,0;4;6;7;9,False,False,,4;6;7;9,0,9.0,16.0,430.0,46.0,5.0,False,1.0,9.0,9.0,False
20,10,_original_nint128_seed26,5,5,5,0;6;7;8;9,False,False,,6;7;8;9,0,12.0,22.0,500.0,42.0,5.0,False,1.0,12.0,12.0,False
20,10,_original_nint128_seed26,5,5,5,2;3;6;8;9,False,False,,2;6;8;9,3,10.0,20.0,560.0,41.0,5.0,False,1.0,10.0,10.0,False
20,10,_original_nint128_seed26,5,5,5,1;2;3;5;7,False,False,,1;2;3;7,5,14.0,32.0,623.0,27.0,5.0,False,1.0,14.0,14.0,False
20,10,_original_nint128_seed26,5,5,5,1;2;3;5;9,False,False,,2;3;5;9,1,13.0,27.0,577.0,35.0,5.0,False,1.0,13.0,13.0,False
20,10,_original_nint128_seed26,5,5,5,0;4;6;8;9,False,False,,4;6;8;9,0,10.0,17.0,411.0,46.0,5.0,False,1.0,10.0,10.0,False
20,10,_original_nint128_seed26,5,5,5,1;4;6;8;9,False,False,,4;6;8;9,1,9.0,16.0,436.0,46.0,5.0,False,1.0,9.0,9.0,False
20,10,_original_nint128_seed26,5,5,5,3;4;6;8;9,False,False,,4;6;8;9,3,10.0,17.0,441.0,44.0,5.0,False,1.0,10.0,10.0,False
20,10,_original_nint128_seed26,5,5,5,4;5;6;8;9,False,False,,4;6;8;9,5,10.0,17.0,287.0,45.0,5.0,False,1.0,10.0,10.0,False
20,10,_original_nint128_seed26,5,5,5,1;3;4;5;9,False,False,,1;4;5;9,3,14.0,28.0,457.0,39.0,5.0,False,1.0,14.0,14.0,False
20,10,_original_nint128_seed26,5,5,5,1;4;5;7;9,False,False,,4;5;7;9,1,11.0,22.0,404.0,41.0,5.0,False,1.0,11.0,11.0,False
20,10,_original_nint128_seed26,5,5,5,1;4;5;8;9,False,False,,1;4;8;9,5,13.0,25.0,384.0,42.0,5.0,False,1.0,13.0,13.0,False
20,10,_original_nint128_seed26,5,5,5,0;4;5;7;8,False,False,,0;4;7;8,5,14.0,30.0,405.0,32.0,5.0,False,1.0,14.0,14.0,False
20,10,_original_nint128_seed26,5,5,5,2;4;5;7;8,False,False,,2;4;7;8,5,11.0,26.0,408.0,36.0,5.0,False,1.0,11.0,11.0,False
20,10,_original_nint128_seed26,5,5,5,0;1;4;6;7,False,False,,0;1;4;6,7,12.0,25.0,526.0,36.0,5.0,False,1.0,12.0,12.0,False
20,10,_original_nint128_seed26,5,5,5,1;4;6;7;9,False,False,,4;6;7;9,1,9.0,18.0,448.0,47.0,5.0,False,1.0,9.0,9.0,False
20,10,_original_nint128_seed26,5,5,5,0;4;5;6;8,False,False,,0;4;6;8,5,13.0,25.0,356.0,35.0,5.0,False,1.0,13.0,13.0,False
20,10,_original_nint128_seed26,5,5,5,1;4;5;6;8,False,False,,1;4;6;8,5,12.0,24.0,383.0,35.0,5.0,False,1.0,12.0,12.0,False
20,10,_original_nint128_seed26,5,5,5,0;1;4;5;7,False,False,,0;1;4;7,5,14.0,31.0,482.0,30.0,5.0,False,1.0,14.0,14.0,False
20,10,_original_nint128_seed26,5,5,5,0;4;5;7;9,False,False,,0;4;7;9,5,11.0,20.0,386.0,40.0,5.0,False,1.0,11.0,11.0,False
20,10,_original_nint128_seed26,5,5,5,0;4;6;7;8,False,False,,4;6;7;8,0,12.0,24.0,455.0,37.0,5.0,False,1.0,12.0,12.0,False
20,10,_original_nint128_seed26,5,5,5,2;4;5;7;9,False,False,,2;4;7;9,5,8.0,15.0,383.0,44.0,5.0,False,1.0,8.0,8.0,False
20,10,_original_nint128_seed26,5,5,5,0;1;4;5;8,False,False,,0;1;4;8,5,14.0,30.0,456.0,31.0,5.0,False,1.0,14.0,14.0,False
20,10,_original_nint128_seed26,5,5,5,1;3;7;8;9,False,False,,1;7;8;9,3,13.0,24.0,630.0,35.0,5.0,False,1.0,13.0,13.0,False
20,10,_original_nint128_seed26,5,5,5,1;5;7;8;9,False,False,,1;7;8;9,5,14.0,27.0,475.0,37.0,5.0,False,1.0,14.0,14.0,False
20,10,_original_nint128_seed26,5,5,5,3;5;6;7;9,False,False,,3;6;7;9,5,12.0,22.0,450.0,37.0,5.0,False,1.0,12.0,12.0,False
20,10,_original_nint128_seed26,5,5,5,0;1;2;3;6,False,False,,0;1;2;6,3,14.0,30.0,700.0,30.0,5.0,False,1.0,14.0,14.0,False
20,10,_original_nint128_seed26,5,5,5,0;3;4;5;9,False,False,,0;4;5;9,3,14.0,26.0,439.0,38.0,5.0,False,1.0,14.0,14.0,False
20,10,_original_nint128_seed26,5,5,5,3;4;5;8;9,False,False,,3;4;8;9,5,14.0,26.0,389.0,40.0,5.0,False,1.0,14.0,14.0,False
20,10,_original_nint128_seed26,5,5,5,1;3;5;8;9,False,False,,1;3;8;9,5,17.0,33.0,529.0,34.0,5.0,False,1.0,17.0,17.0,False
20,10,_original_nint128_seed26,5,5,5,0;5;7;8;9,False,False,,0;5;7;9,8,12.0,27.0,450.0,37.0,5.0,False,1.0,12.0,12.0,False
20,10,_original_nint128_seed26,5,5,5,0;1;5;6;7,False,False,,0;1;6;7,5,14.0,29.0,522.0,29.0,5.0,False,1.0,14.0,14.0,False
20,10,_original_nint128_seed26,5,5,5,1;3;5;6;7,False,False,,1;5;6;7,3,14.0,31.0,545.0,28.0,5.0,False,1.0,14.0,14.0,False
20,10,_original_nint128_seed26,5,5,5,0;1;2;5;9,False,False,,0;2;5;9,1,13.0,27.0,553.0,37.0,5.0,False,1.0,13.0,13.0,False
20,10,_original_nint128_seed26,5,5,5,0;3;5;6;7,False,False,,0;5;6;7,3,15.0,32.0,525.0,27.0,5.0,False,1.0,15.0,15.0,False
20,10,_original_nint128_seed26,5,5,5,0;1;3;6;7,False,False,,0;1;6;7,3,14.0,30.0,671.0,28.0,5.0,False,1.0,14.0,14.0,False
20,10,_original_nint128_seed26,5,5,5,0;1;5;7;8,False,False,,0;1;7;8,5,17.0,37.0,547.0,26.0,5.0,False,1.0,17.0,17.0,False
20,10,_original_nint128_seed26,5,5,5,1;3;5;7;8,False,False,,1;3;7;8,5,17.0,37.0,577.0,24.0,5.0,False,1.0,17.0,17.0,False
20,10,_original_nint128_seed26,5,5,5,0;3;5;7;9,False,False,,0;3;7;9,5,15.0,27.0,531.0,32.0,5.0,False,1.0,15.0,15.0,False
20,10,_original_nint128_seed26,5,5,5,0;3;4;8;9,False,False,,0;4;8;9,3,14.0,26.0,513.0,41.0,5.0,False,1.0,14.0,14.0,False
20,10,_original_nint128_seed26,5,5,5,0;3;5;8;9,False,False,,0;3;5;9,8,15.0,34.0,504.0,34.0,5.0,False,1.0,15.0,15.0,False
20,10,_original_nint128_seed26,5,5,5,3;5;7;8;9,False,False,,3;7;8;9,5,15.0,27.0,481.0,34.0,5.0,False,1.0,15.0,15.0,False
20,10,_original_nint128_seed26,5,5,5,0;1;3;6;9,False,False,,0;1;6;9,3,13.0,26.0,625.0,37.0,5.0,False,1.0,13.0,13.0,False
20,10,_original_nint128_seed26,5,5,5,1;3;4;6;9,False,False,,1;4;6;9,3,11.0,22.0,503.0,44.0,5.0,False,1.0,11.0,11.0,False
20,10,_original_nint128_seed26,5,5,5,1;3;6;7;9,False,False,,1;6;7;9,3,11.0,22.0,593.0,39.0,5.0,False,1.0,11.0,11.0,False
20,10,_original_nint128_seed26,5,5,5,1;3;6;8;9,False,False,,1;6;8;9,3,12.0,23.0,581.0,38.0,5.0,False,1.0,12.0,12.0,False
20,10,_original_nint128_seed26,5,5,5,2;3;4;5;8,False,False,,2;4;5;8,3,13.0,31.0,462.0,33.0,5.0,False,1.0,13.0,13.0,False
20,10,_original_nint128_seed26,5,5,5,0;2;6;8;9,False,False,,2;6;8;9,0,11.0,23.0,529.0,44.0,5.0,False,1.0,11.0,11.0,False
20,10,_original_nint128_seed26,5,5,5,1;2;5;7;9,False,False,,2;5;7;9,1,11.0,22.0,522.0,39.0,5.0,False,1.0,11.0,11.0,False
20,10,_original_nint128_seed26,5,5,5,2;3;5;7;9,False,False,,2;3;7;9,5,11.0,21.0,528.0,36.0,5.0,False,1.0,11.0,11.0,False
20,10,_original_nint128_seed26,5,5,5,0;3;4;5;8,False,False,,0;4;5;8,3,17.0,36.0,458.0,30.0,5.0,False,1.0,17.0,17.0,False
20,10,_original_nint128_seed26,5,5,5,0;1;2;3;7,False,False,,0;1;2;7,3,14.0,31.0,749.0,27.0,5.0,False,1.0,14.0,14.0,False
20,10,_original_nint128_seed26,5,5,5,3;6;7;8;9,False,False,,6;7;8;9,3,11.0,19.0,531.0,39.0,5.0,False,1.0,11.0,11.0,False
20,10,_original_nint128_seed26,5,5,5,0;1;3;7;9,False,False,,0;1;7;9,3,14.0,27.0,674.0,34.0,5.0,False,1.0,14.0,14.0,False
20,10,_original_nint128_seed26,5,5,5,1;2;3;7;9,False,False,,2;3;7;9,1,11.0,22.0,671.0,38.0,5.0,False,1.0,11.0,11.0,False
20,10,_original_nint128_seed26,5,5,5,1;3;5;7;9,False,False,,1;3;7;9,5,14.0,27.0,549.0,33.0,5.0,False,1.0,14.0,14.0,False
20,10,_original_nint128_seed26,5,5,5,0;1;5;6;8,False,False,,0;1;6;8,5,15.0,31.0,498.0,29.0,5.0,False,1.0,15.0,15.0,False
20,10,_original_nint128_seed26,5,5,5,0;2;4;5;8,False,False,,0;2;4;8,5,11.0,25.0,433.0,34.0,5.0,False,1.0,11.0,11.0,False
20,10,_original_nint128_seed26,5,5,5,0;1;4;6;8,False,False,,1;4;6;8,0,12.0,23.0,508.0,35.0,5.0,False,1.0,12.0,12.0,False
20,10,_original_nint128_seed26,5,5,5,0;1;4;5;6,False,False,,0;1;4;6,5,12.0,24.0,433.0,33.0,5.0,False,1.0,12.0,12.0,False
20,10,_original_nint128_seed26,5,5,5,0;1;5;7;9,False,False,,0;1;7;9,5,14.0,27.0,525.0,35.0,5.0,False,1.0,14.0,14.0,False
20,10,_original_nint128_seed26,5,5,5,0;1;2;7;9,False,False,,0;2;7;9,1,11.0,22.0,647.0,40.0,5.0,False,1.0,11.0,11.0,False
20,10,_original_nint128_seed26,6,6,4,0;1;2;3;5;7,False,False,,0;1;2;3;7,5,11.0,24.0,567.0,31.0,5.0,False,1.0,11.0,11.0,False
20,10,_original_nint128_seed26,6,6,4,0;1;2;3;7;8,False,False,,1;2;3;7;8,0,11.0,23.0,642.0,33.0,5.0,False,1.0,11.0,11.0,False
20,10,_original_nint128_seed26,6,6,4,0;1;2;3;7;9,False,False,,0;2;3;7;9,1,9.0,17.0,614.0,43.0,5.0,False,1.0,9.0,9.0,False
20,10,_original_nint128_seed26,6,6,4,0;3;5;6;8;9,False,False,,0;3;5;6;9,8,11.0,22.0,368.0,43.0,5.0,False,1.0,11.0,11.0,False
20,10,_original_nint128_seed26,6,6,4,1;3;5;6;8;9,False,False,,1;3;6;8;9,5,11.0,21.0,393.0,43.0,5.0,False,1.0,11.0,11.0,False
20,10,_original_nint128_seed26,6,6,4,2;3;5;6;8;9,False,False,,2;3;6;8;9,5,9.0,18.0,372.0,46.0,5.0,False,1.0,9.0,9.0,False
20,10,_original_nint128_seed26,6,6,4,3;4;5;6;8;9,False,False,,3;4;6;8;9,5,9.0,15.0,253.0,49.0,5.0,False,1.0,9.0,9.0,False
20,10,_original_nint128_seed26,6,6,4,3;5;6;7;8;9,False,False,,3;6;7;8;9,5,10.0,17.0,343.0,44.0,5.0,False,1.0,10.0,10.0,False
20,10,_original_nint128_seed26,6,6,4,0;4;5;6;7;8,False,False,,0;4;6;7;8,5,10.0,19.0,267.0,42.0,5.0,False,1.0,10.0,10.0,False
20,10,_original_nint128_seed26,6,6,4,1;4;5;6;7;8,False,False,,1;4;6;7;8,5,9.0,18.0,294.0,42.0,5.0,False,1.0,9.0,9.0,False
20,10,_original_nint128_seed26,6,6,4,4;5;6;7;8;9,False,False,,4;6;7;8;9,5,7.0,11.0,198.0,52.0,5.0,False,1.0,7.0,7.0,False
20,10,_original_nint128_seed26,6,6,4,0;1;2;3;8;9,False,False,,1;2;3;8;9,0,11.0,22.0,594.0,43.0,5.0,False,1.0,11.0,11.0,False
20,10,_original_nint128_seed26,6,6,4,0;2;3;4;8;9,False,False,,0;2;4;8;9,3,8.0,15.0,454.0,49.0,5.0,False,1.0,8.0,8.0,False
20,10,_original_nint128_seed26,6,6,4,0;2;3;5;8;9,False,False,,0;2;3;5;9,8,10.0,22.0,445.0,42.0,5.0,False,1.0,10.0,10.0,False
20,10,_original_nint128_seed26,6,6,4,0;2;3;6;8;9,False,False,,2;3;6;8;9,0,9.0,18.0,496.0,47.0,5.0,False,1.0,9.0,9.0,False
20,10,_original_nint128_seed26,6,6,4,0;2;3;7;8;9,False,False,,2;3;7;8;9,0,9.0,16.0,545.0,44.0,5.0,False,1.0,9.0,9.0,False
20,10,_original_nint128_seed26,6,6,4,0;1;2;7;8;9,False,False,,1;2;7;8;9,0,9.0,17.0,539.0,47.0,5.0,False,1.0,9.0,9.0,False
20,10,_original_nint128_seed26,6,6,4,1;2;3;7;8;9,False,False,,2;3;7;8;9,1,8.0,14.0,570.0,44.0,5.0,False,1.0,8.0,8.0,False
20,10,_original_nint128_seed26,6,6,4,1;2;4;7;8;9,False,False,,2;4;7;8;9,1,6.0,10.0,425.0,52.0,5.0,False,1.0,6.0,6.0,False
20,10,_original_nint128_seed26,6,6,4,1;2;5;7;8;9,False,False,,1;2;7;8;9,5,9.0,17.0,415.0,46.0,5.0,False,1.0,9.0,9.0,False
20,10,_original_nint128_seed26,6,6,4,0;1;3;4;5;6,False,False,,0;1;4;5;6,3,11.0,22.0,399.0,37.0,5.0,False,1.0,11.0,11.0,False
20,10,_original_nint128_seed26,6,6,4,0;1;4;5;6;7,False,False,,0;1;4;5;6,7,9.0,18.0,344.0,40.0,5.0,False,1.0,9.0,9.0,False
20,10,_original_nint128_seed26,6,6,4,0;1;4;5;6;8,False,False,,0;1;4;6;8,5,9.0,17.0,320.0,40.0,5.0,False,1.0,9.0,9.0,False
20,10,_original_nint128_seed26,6,6,4,0;1;4;5;6;9,False,False,,0;4;5;6;9,1,8.0,14.0,298.0,49.0,5.0,False,1.0,8.0,8.0,False
20,10,_original_nint128_seed26,6,6,4,0;2;4;5;6;9,False,False,,0;2;4;6;9,5,6.0,10.0,277.0,52.0,5.0,False,1.0,6.0,6.0,False
20,10,_original_nint128_seed26,6,6,4,0;3;4;5;6;9,False,False,,0;4;5;6;9,3,9.0,15.0,303.0,47.0,5.0,False,1.0,9.0,9.0,False
20,10,_original_nint128_seed26,6,6,4,0;4;5;6;7;9,False,False,,0;4;6;7;9,5,7.0,11.0,248.0,50.0,5.0,False,1.0,7.0,7.0,False
20,10,_original_nint128_seed26,6,6,4,0;1;3;6;7;8,False,False,,1;3;6;7;8,0,11.0,22.0,564.0,34.0,5.0,False,1.0,11.0,11.0,False
20,10,_original_nint128_seed26,6,6,4,0;1;4;6;7;8,False,False,,1;4;6;7;8,0,9.0,17.0,419.0,42.0,5.0,False,1.0,9.0,9.0,False
20,10,_original_nint128_seed26,6,6,4,0;1;5;6;7;8,False,False,,0;1;6;7;8,5,11.0,22.0,409.0,36.0,5.0,False,1.0,11.0,11.0,False
20,10,_original_nint128_seed26,6,6,4,0;1;6;7;8;9,False,False,,1;6;7;8;9,0,9.0,17.0,461.0,48.0,5.0,False,1.0,9.0,9.0,False
20,10,_original_nint128_seed26,6,6,4,1;3;4;5;6;8,False,False,,1;4;5;6;8,3,11.0,22.0,349.0,39.0,5.0,False,1.0,11.0,11.0,False
20,10,_original_nint128_seed26,6,6,4,1;3;4;5;6;9,False,False,,1;4;5;6;9,3,9.0,17.0,321.0,48.0,5.0,False,1.0,9.0,9.0,False
20,10,_original_nint128_seed26,6,6,4,0;1;2;3;4;9,False,False,,0;1;2;4;9,3,9.0,18.0,523.0,48.0,5.0,False,1.0,9.0,9.0,False
20,10,_original_nint128_seed26,6,6,4,1;2;3;4;5;9,False,False,,1;2;4;5;9,3,9.0,18.0,398.0,47.0,5.0,False,1.0,9.0,9.0,False
20,10,_original_nint128_seed26,6,6,4,1;2;3;4;8;9,False,False,,1;2;4;8;9,3,8.0,15.0,479.0,49.0,5.0,False,1.0,8.0,8.0,False
20,10,_original_nint128_seed26,6,6,4,0;1;2;4;7;8,False,False,,1;2;4;7;8,0,9.0,19.0,497.0,41.0,5.0,False,1.0,9.0,9.0,False
20,10,_original_nint128_seed26,6,6,4,0;1;4;5;7;8,False,False,,0;1;4;5;8,7,10.0,22.0,369.0,37.0,5.0,False,1.0,10.0,10.0,False
20,10,_original_nint128_seed26,6,6,4,0;1;4;7;8;9,False,False,,1;4;7;8;9,0,9.0,17.0,421.0,49.0,5.0,False,1.0,9.0,9.0,False
20,10,_original_nint128_seed26,6,6,4,0;1;2;3;6;8,False,False,,1;2;3;6;8,0,11.0,22.0,593.0,36.0,5.0,False,1.0,11.0,11.0,False
20,10,_original_nint128_seed26,6,6,4,0;2;3;4;6;8,False,False,,0;2;4;6;8,3,9.0,19.0,450.0,43.0,5.0,False,1.0,9.0,9.0,False
20,10,_original_nint128_seed26,6,6,4,0;2;3;5;6;8,False,False,,0;2;5;6;8,3,11.0,25.0,441.0,36.0,5.0,False,1.0,11.0,11.0,False
20,10,_original_nint128_seed26,6,6,4,0;1;2;3;4;5,False,False,,0;1;2;4;5,3,11.0,25.0,476.0,36.0,5.0,False,1.0,11.0,11.0,False
20,10,_original_nint128_seed26,6,6,4,0;1;2;3;4;8,False,False,,0;1;2;4;8,3,11.0,24.0,551.0,38.0,5.0,False,1.0,11.0,11.0,False
20,10,_original_nint128_seed26,6,6,4,0;1;3;4;8;9,False,False,,0;1;4;8;9,3,12.0,23.0,474.0,47.0,5.0,False,1.0,12.0,12.0,False
20,10,_original_nint128_seed26,6,6,4,0;3;4;6;8;9,False,False,,0;4;6;8;9,3,9.0,15.0,377.0,50.0,5.0,False,1.0,9.0,9.0,False
20,10,_original_nint128_seed26,6,6,4,0;1;5;6;8;9,False,False,,0;1;5;6;9,8,10.0,22.0,362.0,46.0,5.0,False,1.0,10.0,10.0,False
20,10,_original_nint128_seed26,6,6,4,0;2;5;6;8;9,False,False,,0;2;5;6;9,8,9.0,19.0,341.0,49.0,5.0,False,1.0,9.0,9.0,False
20,10,_original_nint128_seed26,6,6,4,0;5;6;7;8;9,False,False,,0;5;6;7;9,8,9.0,17.0,312.0,47.0,5.0,False,1.0,9.0,9.0,False
20,10,_original_nint128_seed26,6,6,4,0;2;3;4;5;6,False,False,,0;2;4;5;6,3,9.0,20.0,375.0,41.0,5.0,False,1.0,9.0,9.0,False
20,10,_original_nint128_seed26,6,6,4,0;2;4;5;6;8,False,False,,0;2;4;6;8,5,8.0,16.0,296.0,44.0,5.0,False,1.0,8.0,8.0,False
20,10,_original_nint128_seed26,6,6,4,0;1;2;4;5;8,False,False,,0;2;4;5;8,1,9.0,19.0,397.0,39.0,5.0,False,1.0,9.0,9.0,False
20,10,_original_nint128_seed26,6,6,4,0;1;2;4;8;9,False,False,,0;2;4;8;9,1,8.0,15.0,449.0,51.0,5.0,False,1.0,8.0,8.0,False
20,10,_original_nint128_seed26,6,6,4,1;4;5;6;8;9,False,False,,1;4;6;8;9,5,8.0,14.0,248.0,51.0,5.0,False,1.0,8.0,8.0,False
20,10,_original_nint128_seed26,6,6,4,2;4;5;6;8;9,False,False,,2;4;6;8;9,5,6.0,10.0,227.0,54.0,5.0,False,1.0,6.0,6.0,False
20,10,_original_nint128_seed26,6,6,4,0;1;4;5;7;9,False,False,,0;4;5;7;9,1,9.0,17.0,347.0,46.0,5.0,False,1.0,9.0,9.0,False
20,10,_original_nint128_seed26,6,6,4,0;2;4;5;7;9,False,False,,0;2;4;7;9,5,6.0,10.0,326.0,49.0,5.0,False,1.0,6.0,6.0,False
20,10,_original_nint128_seed26,6,6,4,0;2;4;7;8;9,False,False,,2;4;7;8;9,0,6.0,10.0,400.0,52.0,5.0,False,1.0,6.0,6.0,False
20,10,_original_nint128_seed26,6,6,4,0;4;6;7;8;9,False,False,,4;6;7;8;9,0,7.0,11.0,322.0,53.0,5.0,False,1.0,7.0,7.0,False
20,10,_original_nint128_seed26,6,6,4,0;2;3;5;7;8,False,False,,0;2;3;7;8,5,11.0,26.0,490.0,33.0,5.0,False,1.0,11.0,11.0,False
20,10,_original_nint128_seed26,6,6,4,0;2;3;5;7;9,False,False,,0;2;3;7;9,5,9.0,16.0,471.0,41.0,5.0,False,1.0,9.0,9.0,False
20,10,_original_nint128_seed26,6,6,4,1;2;4;5;8;9,False,False,,1;2;4;8;9,5,8.0,15.0,325.0,50.0,5.0,False,1.0,8.0,8.0,False
20,10,_original_nint128_seed26,6,6,4,1;3;4;5;8;9,False,False,,1;3;4;8;9,5,12.0,23.0,350.0,46.0,5.0,False,1.0,12.0,12.0,False
20,10,_original_nint128_seed26,6,6,4,1;4;5;7;8;9,False,False,,1;4;7;8;9,5,9.0,17.0,297.0,48.0,5.0,False,1.0,9.0,9.0,False
20,10,_original_nint128_seed26,6,6,4,0;1;2;3;5;6,False,False,,0;1;2;5;6,3,11.0,23.0,518.0,34.0,5.0,False,1.0,11.0,11.0,False
20,10,_original_nint128_seed26,6,6,4,0;1;3;5;6;7,False,False,,0;1;5;6;7,3,11.0,23.0,489.0,32.0,5.0,False,1.0,11.0,11.0,False
20,10,_original_nint128_seed26,6,6,4,0;1;3;5;6;8,False,False,,0;1;5;6;8,3,13.0,26.0,465.0,32.0,5.0,False,1.0,13.0,13.0,False
20,10,_original_nint128_seed26,6,6,4,0;1;3;5;6;9,False,False,,0;1;3;6;9,5,11.0,21.0,443.0,41.0,5.0,False,1.0,11.0,11.0,False
20,10,_original_nint128_seed26,6,6,4,0;1;2;4;7;9,False,False,,0;2;4;7;9,1,7.0,13.0,469.0,51.0,5.0,False,1.0,7.0,7.0,False
20,10,_original_nint128_seed26,6,6,4,1;2;4;5;7;9,False,False,,2;4;5;7;9,1,7.0,13.0,344.0,50.0,5.0,False,1.0,7.0,7.0,False
20,10,_original_nint128_seed26,6,6,4,0;1;3;5;7;8,False,False,,0;1;3;7;8,5,14.0,31.0,514.0,29.0,5.0,False,1.0,14.0,14.0,False
20,10,_original_nint128_seed26,6,6,4,1;2;3;5;7;8,False,False,,1;2;3;7;8,5,11.0,24.0,517.0,33.0,5.0,False,1.0,11.0,11.0,False
20,10,_original_nint128_seed26,6,6,4,1;3;5;6;7;8,False,False,,1;3;6;7;8,5,11.0,23.0,439.0,34.0,5.0,False,1.0,11.0,11.0,False
20,10,_original_nint128_seed26,6,6,4,1;3;5;7;8;9,False,False,,1;3;7;8;9,5,12.0,22.0,442.0,40.0,5.0,False,1.0,12.0,12.0,False
20,10,_original_nint128_seed26,6,6,4,0;3;5;6;7;8,False,False,,0;3;6;7;8,5,12.0,25.0,412.0,34.0,5.0,False,1.0,12.0,12.0,False
20,10,_original_nint128_seed26,6,6,4,0;1;2;3;6;9,False,False,,0;2;3;6;9,1,9.0,18.0,565.0,46.0,5.0,False,1.0,9.0,9.0,False
20,10,_original_nint128_seed26,6,6,4,0;2;3;4;6;9,False,False,,0;2;4;6;9,3,7.0,13.0,425.0,52.0,5.0,False,1.0,7.0,7.0,False
20,10,_original_nint128_seed26,6,6,4,0;2;3;5;6;9,False,False,,0;2;3;6;9,5,9.0,18.0,422.0,44.0,5.0,False,1.0,9.0,9.0,False
20,10,_original_nint128_seed26,6,6,4,0;1;3;4;6;8,False,False,,0;1;4;6;8,3,11.0,21.0,474.0,39.0,5.0,False,1.0,11.0,11.0,False
20,10,_original_nint128_seed26,6,6,4,0;1;3;6;8;9,False,False,,1;3;6;8;9,0,11.0,21.0,517.0,44.0,5.0,False,1.0,11.0,11.0,False
20,10,_original_nint128_seed26,6,6,4,0;2;5;7;8;9,False,False,,0;2;5;7;9,8,8.0,17.0,390.0,46.0,5.0,False,1.0,8.0,8.0,False
20,10,_original_nint128_seed26,6,6,4,2;3;5;7;8;9,False,False,,2;3;7;8;9,5,9.0,16.0,421.0,43.0,5.0,False,1.0,9.0,9.0,False
20,10,_original_nint128_seed26,6,6,4,2;4;5;7;8;9,False,False,,2;4;7;8;9,5,6.0,10.0,276.0,51.0,5.0,False,1.0,6.0,6.0,False
20,10,_original_nint128_seed26,6,6,4,1;2;5;6;8;9,False,False,,1;2;6;8;9,5,9.0,19.0,366.0,49.0,5.0,False,1.0,9.0,9.0,False
20,10,_original_nint128_seed26,6,6,4,1;2;3;5;8;9,False,False,,1;2;3;8;9,5,11.0,22.0,470.0,42.0,5.0,False,1.0,11.0,11.0,False
20,10,_original_nint128_seed26,6,6,4,1;2;3;6;8;9,False,False,,2;3;6;8;9,1,8.0,15.0,521.0,47.0,5.0,False,1.0,8.0,8.0,False
20,10,_original_nint128_seed26,6,6,4,1;2;3;5;6;9,False,False,,1;2;3;6;9,5,9.0,18.0,440.0,45.0,5.0,False,1.0,9.0,9.0,False
20,10,_original_nint128_seed26,6,6,4,2;3;4;5;6;9,False,False,,2;4;5;6;9,3,7.0,13.0,300.0,51.0,5.0,False,1.0,7.0,7.0,False
20,10,_original_nint128_seed26,6,6,4,0;1;2;3;5;8,False,False,,0;1;2;5;8,3,13.0,30.0,542.0,31.0,5.0,False,1.0,13.0,13.0,False
20,10,_original_nint128_seed26,6,6,4,0;1;2;3;5;9,False,False,,0;2;3;5;9,1,11.0,22.0,520.0,40.0,5.0,False,1.0,11.0,11.0,False
20,10,_original_nint128_seed26,6,6,4,1;5;6;7;8;9,False,False,,1;6;7;8;9,5,9.0,17.0,337.0,47.0,5.0,False,1.0,9.0,9.0,False
20,10,_original_nint128_seed26,6,6,4,0;1;2;5;6;8,False,False,,0;1;2;6;8,5,10.0,22.0,438.0,38.0,5.0,False,1.0,10.0,10.0,False
20,10,_original_nint128_seed26,6,6,4,0;1;3;4;6;9,False,False,,0;1;4;6;9,3,9.0,17.0,446.0,49.0,5.0,False,1.0,9.0,9.0,False
20,10,_original_nint128_seed26,6,6,4,1;2;3;5;6;8,False,False,,1;2;3;6;8,5,11.0,23.0,468.0,36.0,5.0,False,1.0,11.0,11.0,False
20,10,_original_nint128_seed26,6,6,4,0;1;3;6;7;9,False,False,,0;1;6;7;9,3,9.0,17.0,536.0,44.0,5.0,False,1.0,9.0,9.0,False
20,10,_original_nint128_seed26,6,6,4,0;1;4;6;7;9,False,False,,0;4;6;7;9,1,7.0,13.0,391.0,52.0,5.0,False,1.0,7.0,7.0,False
20,10,_original_nint128_seed26,6,6,4,0;1;5;6;7;9,False,False,,0;1;6;7;9,5,9.0,17.0,387.0,45.0,5.0,False,1.0,9.0,9.0,False
20,10,_original_nint128_seed26,6,6,4,0;3;5;7;8;9,False,False,,0;5;7;8;9,3,10.0,22.0,417.0,40.0,5.0,False,1.0,10.0,10.0,False
20,10,_original_nint128_seed26,6,6,4,0;1;2;4;5;7,False,False,,0;2;4;5;7,1,9.0,20.0,422.0,39.0,5.0,False,1.0,9.0,9.0,False
20,10,_original_nint128_seed26,6,6,4,0;1;2;5;7;8,False,False,,0;1;2;7;8,5,11.0,25.0,487.0,35.0,5.0,False,1.0,11.0,11.0,False
20,10,_original_nint128_seed26,6,6,4,0;1;2;5;7;9,False,False,,0;2;5;7;9,1,9.0,17.0,465.0,44.0,5.0,False,1.0,9.0,9.0,False
20,10,_original_nint128_seed26,6,6,4,0;1;3;5;8;9,False,False,,0;1;3;5;9,8,11.0,28.0,465.0,40.0,5.0,False,1.0,11.0,11.0,False
20,10,_original_nint128_seed26,6,6,4,1;2;3;4;5;8,False,False,,1;2;4;5;8,3,11.0,25.0,426.0,38.0,5.0,False,1.0,11.0,11.0,False
20,10,_original_nint128_seed26,6,6,4,1;2;4;5;7;8,False,False,,1;2;4;7;8,5,9.0,20.0,372.0,41.0,5.0,False,1.0,9.0,9.0,False
20,10,_original_nint128_seed26,6,6,4,0;1;3;5;7;9,False,False,,0;1;3;7;9,5,12.0,22.0,492.0,38.0,5.0,False,1.0,12.0,12.0,False
20,10,_original_nint128_seed26,6,6,4,0;3;5;6;7;9,False,False,,0;3;6;7;9,5,10.0,17.0,393.0,42.0,5.0,False,1.0,10.0,10.0,False
20,10,_original_nint128_seed26,6,6,4,0;1;4;6;8;9,False,False,,1;4;6;8;9,0,8.0,14.0,372.0,52.0,5.0,False,1.0,8.0,8.0,False
20,10,_original_nint128_seed26,6,6,4,0;1;3;4;5;8,False,False,,0;1;4;5;8,3,12.0,28.0,422.0,35.0,5.0,False,1.0,12.0,12.0,False
20,10,_original_nint128_seed26,6,6,4,0;2;3;4;5;8,False,False,,0;2;4;5;8,3,10.0,23.0,399.0,38.0,5.0,False,1.0,10.0,10.0,False
20,10,_original_nint128_seed26,6,6,4,0;3;4;5;6;8,False,False,,0;4;5;6;8,3,12.0,23.0,322.0,39.0,5.0,False,1.0,12.0,12.0,False
20,10,_original_nint128_seed26,6,6,4,0;2;4;6;8;9,False,False,,2;4;6;8;9,0,6.0,10.0,351.0,55.0,5.0,False,1.0,6.0,6.0,False
20,10,_original_nint128_seed26,6,6,4,2;3;4;6;8;9,False,False,,2;4;6;8;9,3,6.0,10.0,381.0,53.0,5.0,False,1.0,6.0,6.0,False
20,10,_original_nint128_seed26,6,6,4,0;1;2;4;5;9,False,False,,0;2;4;5;9,1,8.0,15.0,375.0,48.0,5.0,False,1.0,8.0,8.0,False
20,10,_original_nint128_seed26,6,6,4,1;4;6;7;8;9,False,False,,4;6;7;8;9,1,6.0,10.0,347.0,53.0,5.0,False,1.0,6.0,6.0,False
20,10,_original_nint128_seed26,6,6,4,1;4;5;6;7;9,False,False,,4;5;6;7;9,1,7.0,13.0,266.0,51.0,5.0,False,1.0,7.0,7.0,False
20,10,_original_nint128_seed26,6,6,4,0;1;3;4;5;9,False,False,,0;1;4;5;9,3,12.0,23.0,400.0,44.0,5.0,False,1.0,12.0,12.0,False
20,10,_original_nint128_seed26,6,6,4,0;3;6;7;8;9,False,False,,3;6;7;8;9,0,10.0,17.0,467.0,45.0,5.0,False,1.0,10.0,10.0,False
20,10,_original_nint128_seed26,6,6,4,0;1;2;5;6;9,False,False,,0;2;5;6;9,1,9.0,19.0,416.0,47.0,5.0,False,1.0,9.0,9.0,False
20,10,_original_nint128_seed26,6,6,4,1;3;6;7;8;9,False,False,,1;6;7;8;9,3,8.0,14.0,492.0,45.0,5.0,False,1.0,8.0,8.0,False
20,10,_original_nint128_seed26,6,6,4,1;3;4;6;8;9,False,False,,1;4;6;8;9,3,8.0,14.0,402.0,50.0,5.0,False,1.0,8.0,8.0,False
20,10,_original_nint128_seed26,6,6,4,2;3;4;5;6;8,False,False,,2;4;5;6;8,3,9.0,20.0,325.0,43.0,5.0,False,1.0,9.0,9.0,False
20,10,_original_nint128_seed26,6,6,4,2;3;4;5;8;9,False,False,,2;3;4;8;9,5,8.0,15.0,330.0,48.0,5.0,False,1.0,8.0,8.0,False
20,10,_original_nint128_seed26,6,6,4,0;1;3;7;8;9,False,False,,1;3;7;8;9,0,12.0,22.0,566.0,41.0,5.0,False,1.0,12.0,12.0,False
20,10,_original_nint128_seed26,6,6,4,1;2;3;5;7;9,False,False,,2;3;5;7;9,1,9.0,17.0,489.0,42.0,5.0,False,1.0,9.0,9.0,False
20,10,_original_nint128_seed26,6,6,4,0;1;2;5;8;9,False,False,,0;2;5;8;9,1,10.0,23.0,439.0,45.0,5.0,False,1.0,10.0,10.0,False
20,10,_original_nint128_seed26,6,6,4,0;2;4;5;7;8,False,False,,0;2;4;5;8,7,8.0,18.0,345.0,41.0,5.0,False,1.0,8.0,8.0,False
20,10,_original_nint128_seed26,6,6,4,0;2;3;4;5;9,False,False,,0;2;4;5;9,3,8.0,15.0,380.0,46.0,5.0,False,1.0,8.0,8.0,False
20,10,_original_nint128_seed26,6,6,4,1;3;5;6;7;9,False,False,,1;3;6;7;9,5,9.0,17.0,411.0,43.0,5.0,False,1.0,9.0,9.0,False
20,10,_original_nint128_seed26,6,6,4,0;1;2;6;8;9,False,False,,1;2;6;8;9,0,9.0,19.0,490.0,50.0,5.0,False,1.0,9.0,9.0,False
20,10,_original_nint128_seed26,7,7,3,0;2;3;5;7;8;9,True,False,,0;2;3;5;7;9,8,6.0,12.0,357.0,49.0,5.0,False,1.0,6.0,6.0,False
20,10,_original_nint128_seed26,7,7,3,1;2;3;5;7;8;9,True,False,,1;2;3;7;8;9,5,7.0,12.0,382.0,49.0,5.0,False,1.0,7.0,7.0,False
20,10,_original_nint128_seed26,7,7,3,0;1;4;5;6;7;9,True,False,,0;4;5;6;7;9,1,5.0,8.0,209.0,56.0,5.0,False,1.0,5.0,5.0,True
20,10,_original_nint128_seed26,7,7,3,0;1;4;6;7;8;9,True,False,,1;4;6;7;8;9,0,5.0,8.0,283.0,59.0,5.0,False,1.0,5.0,5.0,True
20,10,_original_nint128_seed26,7,7,3,1;2;3;4;5;8;9,True,False,,1;2;3;4;8;9,5,7.0,13.0,291.0,54.0,5.0,False,1.0,7.0,7.0,False
20,10,_original_nint128_seed26,7,7,3,1;3;4;5;6;8;9,True,False,,1;3;4;6;8;9,5,7.0,12.0,214.0,55.0,5.0,False,1.0,7.0,7.0,False
20,10,_original_nint128_seed26,7,7,3,0;1;3;4;6;8;9,True,False,,0;1;4;6;8;9,3,7.0,12.0,338.0,56.0,5.0,False,1.0,7.0,7.0,False
20,10,_original_nint128_seed26,7,7,3,0;2;3;4;6;8;9,True,False,,0;2;4;6;8;9,3,5.0,8.0,317.0,59.0,5.0,False,1.0,5.0,5.0,True
20,10,_original_nint128_seed26,7,7,3,0;1;2;3;4;5;9,True,False,,0;1;2;4;5;9,3,7.0,13.0,341.0,52.0,5.0,False,1.0,7.0,7.0,False
20,10,_original_nint128_seed26,7,7,3,0;1;3;4;5;6;9,True,False,,0;1;4;5;6;9,3,7.0,12.0,264.0,53.0,5.0,False,1.0,7.0,7.0,False
20,10,_original_nint128_seed26,7,7,3,0;1;2;3;4;5;8,True,False,,0;1;2;4;5;8,3,7.0,17.0,363.0,43.0,5.0,False,1.0,7.0,7.0,False
20,10,_original_nint128_seed26,7,7,3,0;2;3;4;5;6;8,True,False,,0;2;4;5;6;8,3,7.0,14.0,262.0,48.0,5.0,False,1.0,7.0,7.0,False
20,10,_original_nint128_seed26,7,7,3,1;4;5;6;7;8;9,True,False,,1;4;6;7;8;9,5,5.0,8.0,159.0,58.0,5.0,False,1.0,5.0,5.0,True
20,10,_original_nint128_seed26,7,7,3,2;3;4;5;6;8;9,True,False,,2;3;4;6;8;9,5,5.0,8.0,193.0,58.0,5.0,False,1.0,5.0,5.0,True
20,10,_original_nint128_seed26,7,7,3,0;1;2;3;5;7;8,True,False,,0;1;2;3;7;8,5,8.0,18.0,454.0,38.0,5.0,False,1.0,8.0,8.0,False
20,10,_original_nint128_seed26,7,7,3,0;1;3;5;6;7;8,True,False,,0;1;3;6;7;8,5,8.0,16.0,376.0,39.0,5.0,False,1.0,8.0,8.0,False
20,10,_original_nint128_seed26,7,7,3,0;1;2;4;5;7;9,True,False,,0;2;4;5;7;9,1,5.0,8.0,287.0,55.0,5.0,False,1.0,5.0,5.0,True
20,10,_original_nint128_seed26,7,7,3,0;1;2;3;7;8;9,True,False,,1;2;3;7;8;9,0,7.0,12.0,506.0,50.0,5.0,False,1.0,7.0,7.0,False
20,10,_original_nint128_seed26,7,7,3,0;1;3;4;5;6;8,True,False,,0;1;4;5;6;8,3,7.0,15.0,286.0,44.0,5.0,False,1.0,7.0,7.0,False
20,10,_original_nint128_seed26,7,7,3,0;1;4;5;6;7;8,True,False,,0;1;4;5;6;8,7,6.0,11.0,231.0,47.0,5.0,False,1.0,6.0,6.0,False
20,10,_original_nint128_seed26,7,7,3,0;1;2;4;5;7;8,True,False,,0;2;4;5;7;8,1,6.0,12.0,309.0,46.0,5.0,False,1.0,6.0,6.0,False
20,10,_original_nint128_seed26,7,7,3,0;1;3;5;6;7;9,True,False,,0;1;3;6;7;9,5,7.0,12.0,354.0,48.0,5.0,False,1.0,7.0,7.0,False
20,10,_original_nint128_seed26,7,7,3,0;1;3;6;7;8;9,True,False,,1;3;6;7;8;9,0,7.0,12.0,428.0,51.0,5.0,False,1.0,7.0,7.0,False
20,10,_original_nint128_seed26,7,7,3,0;3;5;6;7;8;9,True,False,,0;5;6;7;8;9,3,7.0,12.0,279.0,50.0,5.0,False,1.0,7.0,7.0,False
20,10,_original_nint128_seed26,7,7,3,0;1;2;3;5;6;8,True,False,,0;1;2;5;6;8,3,8.0,16.0,405.0,41.0,5.0,False,1.0,8.0,8.0,False
20,10,_original_nint128_seed26,7,7,3,1;2;3;5;6;8;9,True,False,,1;2;3;6;8;9,5,7.0,13.0,333.0,52.0,5.0,False,1.0,7.0,7.0,False
20,10,_original_nint128_seed26,7,7,3,0;1;2;3;6;8;9,True,False,,1;2;3;6;8;9,0,7.0,13.0,457.0,53.0,5.0,False,1.0,7.0,7.0,False
20,10,_original_nint128_seed26,7,7,3,0;1;2;3;5;7;9,True,False,,0;2;3;5;7;9,1,7.0,12.0,432.0,47.0,5.0,False,1.0,7.0,7.0,False
20,10,_original_nint128_seed26,7,7,3,0;1;2;3;5;8;9,True,False,,0;2;3;5;8;9,1,7.0,16.0,406.0,48.0,5.0,False,1.0,7.0,7.0,False
20,10,_original_nint128_seed26,7,7,3,0;1;3;5;6;8;9,True,False,,0;1;3;5;6;9,8,7.0,16.0,329.0,49.0,5.0,False,1.0,7.0,7.0,False
20,10,_original_nint128_seed26,7,7,3,0;1;2;4;7;8;9,True,False,,0;2;4;7;8;9,1,5.0,8.0,361.0,58.0,5.0,False,1.0,5.0,5.0,True
20,10,_original_nint128_seed26,7,7,3,1;3;5;6;7;8;9,True,False,,1;3;6;7;8;9,5,7.0,12.0,304.0,50.0,5.0,False,1.0,7.0,7.0,False
20,10,_original_nint128_seed26,7,7,3,1;2;4;5;7;8;9,True,False,,1;2;4;7;8;9,5,5.0,8.0,237.0,57.0,5.0,False,1.0,5.0,5.0,True
20,10,_original_nint128_seed26,7,7,3,0;1;2;3;4;8;9,True,False,,0;1;2;4;8;9,3,7.0,13.0,415.0,55.0,5.0,False,1.0,7.0,7.0,False
20,10,_original_nint128_seed26,7,7,3,0;1;2;3;5;6;9,True,False,,0;1;2;3;6;9,5,7.0,13.0,383.0,50.0,5.0,False,1.0,7.0,7.0,False
20,10,_original_nint128_seed26,7,7,3,0;2;3;4;5;6;9,True,False,,0;2;4;5;6;9,3,5.0,8.0,243.0,56.0,5.0,False,1.0,5.0,5.0,True
20,10,_original_nint128_seed26,7,7,3,0;2;3;5;6;8;9,True,False,,0;2;3;5;6;9,8,7.0,14.0,308.0,52.0,5.0,False,1.0,7.0,7.0,False
20,10,_original_nint128_seed26,3,3,7,2;6;7,False,True,collision,2;6,7,,,,,,True,,,,
20,10,_original_nint128_seed26,3,3,7,3;4;7,False,True,collision,3;4,7,,,,,,True,,,,
20,10,_original_nint128_seed26,4,4,6,2;6;7;9,False,True,monotone,2;6;9,7,,,,,,True,,,,
20,10,_original_nint128_seed26,4,4,6,2;6;7;8,False,True,monotone,2;7;8,6,,,,,,True,,,,
20,10,_original_nint128_seed26,4,4,6,3;4;7;9,False,True,monotone,4;7;9,3,,,,,,True,,,,
20,10,_original_nint128_seed26,4,4,6,3;4;7;8,False,True,monotone,4;7;8,3,,,,,,True,,,,
20,10,_original_nint128_seed26,4,4,6,1;3;4;7,False,True,monotone,1;3;7,4,,,,,,True,,,,
20,10,_original_nint128_seed26,4,4,6,3;4;5;7,False,True,monotone,3;4;5,7,,,,,,True,,,,
20,10,_original_nint128_seed26,4,4,6,2;4;6;7,False,True,monotone,4;6;7,2,,,,,,True,,,,
20,10,_original_nint128_seed26,4,4,6,3;4;6;7,False,True,monotone,4;6;7,3,,,,,,True,,,,
20,10,_original_nint128_seed26,4,4,6,0;2;6;7,False,True,monotone,0;6;7,2,,,,,,True,,,,
20,10,_original_nint128_seed26,4,4,6,2;3;4;7,False,True,monotone,2;3;4,7,,,,,,True,,,,
20,10,_original_nint128_seed26,4,4,6,1;2;4;6,False,True,collision,1;4;6,2,,,,,,True,,,,
20,10,_original_nint128_seed26,4,4,6,1;2;6;7,False,True,monotone,1;2;7,6,,,,,,True,,,,
20,10,_original_nint128_seed26,4,4,6,0;3;4;7,False,True,monotone,0;3;4,7,,,,,,True,,,,
20,10,_original_nint128_seed26,4,4,6,2;5;6;7,False,True,monotone,2;5;7,6,,,,,,True,,,,
20,10,_original_nint128_seed26,4,4,6,2;3;6;7,False,True,monotone,2;3;7,6,,,,,,True,,,,
20,10,_original_nint128_seed26,5,5,5,2;5;6;7;8,False,True,monotone,2;5;6;8,7,,,,,,True,,,,
20,10,_original_nint128_seed26,5,5,5,2;3;5;6;7,False,True,monotone,2;3;5;6,7,,,,,,True,,,,
20,10,_original_nint128_seed26,5,5,5,0;2;6;7;8,False,True,monotone,0;2;7;8,6,,,,,,True,,,,
20,10,_original_nint128_seed26,5,5,5,0;3;4;6;7,False,True,monotone,0;3;4;6,7,,,,,,True,,,,
20,10,_original_nint128_seed26,5,5,5,2;5;6;7;9,False,True,monotone,2;5;6;9,7,,,,,,True,,,,
20,10,_original_nint128_seed26,5,5,5,2;3;4;7;9,False,True,monotone,2;3;4;9,7,,,,,,True,,,,
20,10,_original_nint128_seed26,5,5,5,3;4;5;6;7,False,True,monotone,3;4;5;6,7,,,,,,True,,,,
20,10,_original_nint128_seed26,5,5,5,1;3;4;7;8,False,True,monotone,1;3;4;8,7,,,,,,True,,,,
20,10,_original_nint128_seed26,5,5,5,0;2;3;4;7,False,True,monotone,0;2;3;4,7,,,,,,True,,,,
20,10,_original_nint128_seed26,5,5,5,3;4;7;8;9,False,True,monotone,4;7;8;9,3,,,,,,True,,,,
20,10,_original_nint128_seed26,5,5,5,0;2;5;6;7,False,True,monotone,0;2;5;6,7,,,,,,True,,,,
20,10,_original_nint128_seed26,5,5,5,2;3;4;7;8,False,True,monotone,2;3;7;8,4,,,,,,True,,,,
20,10,_original_nint128_seed26,5,5,5,2;3;6;7;8,False,True,monotone,2;3;7;8,6,,,,,,True,,,,
20,10,_original_nint128_seed26,5,5,5,1;2;4;6;8,False,True,monotone,1;2;4;8,6,,,,,,True,,,,
20,10,_original_nint128_seed26,5,5,5,1;2;4;5;6,False,True,monotone,2;4;5;6,1,,,,,,True,,,,
20,10,_original_nint128_seed26,5,5,5,2;4;5;6;7,False,True,monotone,2;4;5;6,7,,,,,,True,,,,
20,10,_original_nint128_seed26,5,5,5,0;2;4;6;7,False,True,monotone,0;2;4;7,6,,,,,,True,,,,
20,10,_original_nint128_seed26,5,5,5,2;4;6;7;8,False,True,monotone,2;4;6;8,7,,,,,,True,,,,
20,10,_original_nint128_seed26,5,5,5,1;2;6;7;8,False,True,monotone,1;6;7;8,2,,,,,,True,,,,
20,10,_original_nint128_seed26,5,5,5,0;3;4;7;8,False,True,monotone,0;3;7;8,4,,,,,,True,,,,
20,10,_original_nint128_seed26,5,5,5,1;2;4;6;9,False,True,monotone,1;2;4;9,6,,,,,,True,,,,
20,10,_original_nint128_seed26,5,5,5,1;2;6;7;9,False,True,monotone,1;2;6;9,7,,,,,,True,,,,
20,10,_original_nint128_seed26,5,5,5,0;2;6;7;9,False,True,monotone,0;6;7;9,2,,,,,,True,,,,
20,10,_original_nint128_seed26,5,5,5,3;4;5;7;8,False,True,monotone,4;5;7;8,3,,,,,,True,,,,
20,10,_original_nint128_seed26,5,5,5,1;2;4;6;7,False,True,monotone,1;4;6;7,2,,,,,,True,,,,
20,10,_original_nint128_seed26,5,5,5,1;3;4;6;7,False,True,monotone,1;4;6;7,3,,,,,,True,,,,
20,10,_original_nint128_seed26,5,5,5,0;3;4;5;7,False,True,monotone,0;4;5;7,3,,,,,,True,,,,
20,10,_original_nint128_seed26,5,5,5,1;2;3;4;7,False,True,monotone,1;2;4;7,3,,,,,,True,,,,
20,10,_original_nint128_seed26,5,5,5,0;2;3;6;7,False,True,monotone,0;2;3;6,7,,,,,,True,,,,
20,10,_original_nint128_seed26,5,5,5,1;2;3;4;6,False,True,monotone,2;3;4;6,1,,,,,,True,,,,
20,10,_original_nint128_seed26,5,5,5,2;3;4;6;7,False,True,monotone,2;3;4;6,7,,,,,,True,,,,
20,10,_original_nint128_seed26,5,5,5,3;4;5;7;9,False,True,monotone,3;4;5;9,7,,,,,,True,,,,
20,10,_original_nint128_seed26,5,5,5,1;2;5;6;7,False,True,monotone,1;5;6;7,2,,,,,,True,,,,
20,10,_original_nint128_seed26,5,5,5,3;4;6;7;8,False,True,monotone,4;6;7;8,3,,,,,,True,,,,
20,10,_original_nint128_seed26,5,5,5,1;3;4;5;7,False,True,monotone,1;4;5;7,3,,,,,,True,,,,
20,10,_original_nint128_seed26,5,5,5,0;1;2;6;7,False,True,monotone,0;1;6;7,2,,,,,,True,,,,
20,10,_original_nint128_seed26,5,5,5,1;3;4;7;9,False,True,monotone,1;4;7;9,3,,,,,,True,,,,
20,10,_original_nint128_seed26,5,5,5,0;3;4;7;9,False,True,monotone,0;3;4;9,7,,,,,,True,,,,
20,10,_original_nint128_seed26,5,5,5,0;4;5;8;9,False,True,collision,0;4;8;9,5,,,,,,True,,,,
20,10,_original_nint128_seed26,5,5,5,2;3;4;5;7,False,True,monotone,2;4;5;7,3,,,,,,True,,,,
20,10,_original_nint128_seed26,5,5,5,0;1;3;4;7,False,True,monotone,0;1;3;4,7,,,,,,True,,,,
20,10,_original_nint128_seed26,5,5,5,2;3;6;7;9,False,True,monotone,3;6;7;9,2,,,,,,True,,,,
20,10,_original_nint128_seed26,5,5,5,3;4;6;7;9,False,True,monotone,3;6;7;9,4,,,,,,True,,,,
20,10,_original_nint128_seed26,5,5,5,1;2;3;6;7,False,True,monotone,1;2;3;6,7,,,,,,True,,,,
20,10,_original_nint128_seed26,5,5,5,2;4;6;7;9,False,True,monotone,2;4;6;9,7,,,,,,True,,,,
20,10,_original_nint128_seed26,5,5,5,2;6;7;8;9,False,True,monotone,2;6;8;9,7,,,,,,True,,,,
20,10,_original_nint128_seed26,5,5,5,0;1;2;4;6,False,True,monotone,0;1;4;6,2,,,,,,True,,,,
20,10,_original_nint128_seed26,6,6,4,0;1;2;3;4;7,False,True,monotone,0;1;2;3;7,4,,,,,,True,,,,
20,10,_original_nint128_seed26,6,6,4,0;1;2;3;6;7,False,True,monotone,0;1;2;3;7,6,,,,,,True,,,,
20,10,_original_nint128_seed26,6,6,4,2;4;5;6;7;8,False,True,monotone,4;5;6;7;8,2,,,,,,True,,,,
20,10,_original_nint128_seed26,6,6,4,3;4;5;6;7;8,False,True,monotone,4;5;6;7;8,3,,,,,,True,,,,
20,10,_original_nint128_seed26,6,6,4,1;2;6;7;8;9,False,True,monotone,1;2;7;8;9,6,,,,,,True,,,,
20,10,_original_nint128_seed26,6,6,4,0;1;2;4;5;6,False,True,monotone,0;1;4;5;6,2,,,,,,True,,,,
20,10,_original_nint128_seed26,6,6,4,0;4;5;6;8;9,False,True,monotone,0;4;5;6;9,8,,,,,,True,,,,
20,10,_original_nint128_seed26,6,6,4,0;1;2;6;7;8,False,True,monotone,0;1;6;7;8,2,,,,,,True,,,,
20,10,_original_nint128_seed26,6,6,4,1;2;3;4;5;6,False,True,monotone,1;3;4;5;6,2,,,,,,True,,,,
20,10,_original_nint128_seed26,6,6,4,1;3;4;5;6;7,False,True,monotone,1;3;4;5;6,7,,,,,,True,,,,
20,10,_original_nint128_seed26,6,6,4,1;2;3;4;6;9,False,True,monotone,1;2;3;4;9,6,,,,,,True,,,,
20,10,_original_nint128_seed26,6,6,4,1;2;3;4;7;9,False,True,monotone,1;2;3;4;9,7,,,,,,True,,,,
20,10,_original_nint128_seed26,6,6,4,0;1;3;4;7;8,False,True,monotone,0;1;4;7;8,3,,,,,,True,,,,
20,10,_original_nint128_seed26,6,6,4,0;2;4;5;6;7,False,True,monotone,0;4;5;6;7,2,,,,,,True,,,,
20,10,_original_nint128_seed26,6,6,4,0;3;4;5;6;7,False,True,monotone,0;4;5;6;7,3,,,,,,True,,,,
20,10,_original_nint128_seed26,6,6,4,0;2;3;6;7;8,False,True,monotone,0;2;3;6;8,7,,,,,,True,,,,
20,10,_original_nint128_seed26,6,6,4,0;1;2;3;4;6,False,True,monotone,0;1;2;3;4,6,,,,,,True,,,,
20,10,_original_nint128_seed26,6,6,4,0;3;4;5;8;9,False,True,monotone,0;3;4;8;9,5,,,,,,True,,,,
20,10,_original_nint128_seed26,6,6,4,0;3;4;7;8;9,False,True,monotone,0;3;4;8;9,7,,,,,,True,,,,
20,10,_original_nint128_seed26,6,6,4,0;1;2;4;6;8,False,True,monotone,0;1;2;4;8,6,,,,,,True,,,,
20,10,_original_nint128_seed26,6,6,4,0;3;4;5;7;9,False,True,monotone,0;4;5;7;9,3,,,,,,True,,,,
20,10,_original_nint128_seed26,6,6,4,0;4;5;7;8;9,False,True,monotone,0;4;5;7;9,8,,,,,,True,,,,
20,10,_original_nint128_seed26,6,6,4,0;2;3;4;5;7,False,True,monotone,0;2;3;5;7,4,,,,,,True,,,,
20,10,_original_nint128_seed26,6,6,4,0;2;3;5;6;7,False,True,monotone,0;2;3;5;7,6,,,,,,True,,,,
20,10,_original_nint128_seed26,6,6,4,0;1;4;5;8;9,False,True,monotone,1;4;5;8;9,0,,,,,,True,,,,
20,10,_original_nint128_seed26,6,6,4,1;2;4;6;7;9,False,True,monotone,1;2;4;7;9,6,,,,,,True,,,,
20,10,_original_nint128_seed26,6,6,4,1;3;4;5;7;8,False,True,monotone,1;3;5;7;8,4,,,,,,True,,,,
20,10,_original_nint128_seed26,6,6,4,2;3;5;6;7;8,False,True,monotone,3;5;6;7;8,2,,,,,,True,,,,
20,10,_original_nint128_seed26,6,6,4,0;2;3;6;7;9,False,True,monotone,0;2;3;6;9,7,,,,,,True,,,,
20,10,_original_nint128_seed26,6,6,4,2;5;6;7;8;9,False,True,monotone,2;5;7;8;9,6,,,,,,True,,,,
20,10,_original_nint128_seed26,6,6,4,0;2;3;4;7;9,False,True,monotone,0;2;3;7;9,4,,,,,,True,,,,
20,10,_original_nint128_seed26,6,6,4,2;3;5;6;7;9,False,True,monotone,2;3;5;6;9,7,,,,,,True,,,,
20,10,_original_nint128_seed26,6,6,4,0;2;5;6;7;8,False,True,monotone,0;5;6;7;8,2,,,,,,True,,,,
20,10,_original_nint128_seed26,6,6,4,0;2;6;7;8;9,False,True,monotone,0;2;7;8;9,6,,,,,,True,,,,
20,10,_original_nint128_seed26,6,6,4,0;3;4;6;7;9,False,True,monotone,0;3;4;6;9,7,,,,,,True,,,,
20,10,_original_nint128_seed26,6,6,4,1;2;4;5;6;8,False,True,monotone,1;2;5;6;8,4,,,,,,True,,,,
20,10,_original_nint128_seed26,6,6,4,1;2;5;6;7;8,False,True,monotone,1;2;5;6;8,7,,,,,,True,,,,
20,10,_original_nint128_seed26,6,6,4,0;1;2;6;7;9,False,True,monotone,0;1;6;7;9,2,,,,,,True,,,,
20,10,_original_nint128_seed26,6,6,4,0;1;5;7;8;9,False,True,collision,0;5;7;8;9,1,,,,,,True,,,,
20,10,_original_nint128_seed26,6,6,4,0;1;2;5;6;7,False,True,monotone,0;1;2;5;7,6,,,,,,True,,,,
20,10,_original_nint128_seed26,6,6,4,2;3;4;7;8;9,False,True,monotone,2;4;7;8;9,3,,,,,,True,,,,
20,10,_original_nint128_seed26,6,6,4,2;4;6;7;8;9,False,True,monotone,2;4;7;8;9,6,,,,,,True,,,,
20,10,_original_nint128_seed26,6,6,4,0;1;3;4;6;7,False,True,monotone,0;1;3;4;6,7,,,,,,True,,,,
20,10,_original_nint128_seed26,6,6,4,2;3;4;5;7;9,False,True,monotone,2;4;5;7;9,3,,,,,,True,,,,
20,10,_original_nint128_seed26,6,6,4,2;4;5;6;7;9,False,True,monotone,2;4;5;7;9,6,,,,,,True,,,,
20,10,_original_nint128_seed26,6,6,4,0;3;4;5;7;8,False,True,monotone,0;3;4;5;8,7,,,,,,True,,,,
20,10,_original_nint128_seed26,6,6,4,1;2;4;6;8;9,False,True,monotone,1;2;4;8;9,6,,,,,,True,,,,
20,10,_original_nint128_seed26,6,6,4,1;2;4;5;6;9,False,True,monotone,2;4;5;6;9,1,,,,,,True,,,,
20,10,_original_nint128_seed26,6,6,4,0;2;4;6;7;9,False,True,monotone,0;2;4;7;9,6,,,,,,True,,,,
20,10,_original_nint128_seed26,6,6,4,1;3;4;7;8;9,False,True,monotone,1;4;7;8;9,3,,,,,,True,,,,
20,10,_original_nint128_seed26,6,6,4,3;4;5;6;7;9,False,True,monotone,4;5;6;7;9,3,,,,,,True,,,,
20,10,_original_nint128_seed26,6,6,4,3;4;6;7;8;9,False,True,monotone,3;4;6;8;9,7,,,,,,True,,,,
20,10,_original_nint128_seed26,6,6,4,1;3;4;5;7;9,False,True,monotone,1;3;4;5;9,7,,,,,,True,,,,
20,10,_original_nint128_seed26,6,6,4,2;3;4;5;7;8,False,True,monotone,2;3;4;5;8,7,,,,,,True,,,,
20,10,_original_nint128_seed26,6,6,4,0;2;5;6;7;9,False,True,monotone,0;2;5;7;9,6,,,,,,True,,,,
20,10,_original_nint128_seed26,6,6,4,2;3;6;7;8;9,False,True,monotone,2;3;6;8;9,7,,,,,,True,,,,
20,10,_original_nint128_seed26,6,6,4,0;1;3;4;5;7,False,True,monotone,0;1;3;5;7,4,,,,,,True,,,,
20,10,_original_nint128_seed26,6,6,4,0;3;4;6;7;8,False,True,monotone,0;3;6;7;8,4,,,,,,True,,,,
20,10,_original_nint128_seed26,6,6,4,1;2;3;4;7;8,False,True,monotone,1;2;4;7;8,3,,,,,,True,,,,
20,10,_original_nint128_seed26,6,6,4,1;2;4;6;7;8,False,True,monotone,1;2;4;7;8,6,,,,,,True,,,,
20,10,_original_nint128_seed26,6,6,4,0;2;3;4;7;8,False,True,monotone,0;2;3;4;8,7,,,,,,True,,,,
20,10,_original_nint128_seed26,6,6,4,3;4;5;7;8;9,False,True,monotone,4;5;7;8;9,3,,,,,,True,,,,
20,10,_original_nint128_seed26,6,6,4,1;3;4;6;7;9,False,True,monotone,1;4;6;7;9,3,,,,,,True,,,,
20,10,_original_nint128_seed26,6,6,4,1;2;3;4;6;8,False,True,monotone,1;2;3;6;8,4,,,,,,True,,,,
20,10,_original_nint128_seed26,6,6,4,1;2;3;6;7;8,False,True,monotone,1;2;3;6;8,7,,,,,,True,,,,
20,10,_original_nint128_seed26,6,6,4,0;2;4;6;7;8,False,True,monotone,0;2;4;7;8,6,,,,,,True,,,,
20,10,_original_nint128_seed26,6,6,4,2;3;4;5;6;7,False,True,monotone,2;3;4;5;6,7,,,,,,True,,,,
20,10,_original_nint128_seed26,6,6,4,1;2;5;6;7;9,False,True,monotone,1;2;5;7;9,6,,,,,,True,,,,
20,10,_original_nint128_seed26,6,6,4,2;3;4;6;7;9,False,True,monotone,2;3;4;6;9,7,,,,,,True,,,,
20,10,_original_nint128_seed26,6,6,4,1;2;3;4;5;7,False,True,monotone,1;2;3;5;7,4,,,,,,True,,,,
20,10,_original_nint128_seed26,6,6,4,1;2;3;5;6;7,False,True,monotone,1;2;3;5;7,6,,,,,,True,,,,
20,10,_original_nint128_seed26,6,6,4,1;3;4;6;7;8,False,True,monotone,1;4;6;7;8,3,,,,,,True,,,,
20,10,_original_nint128_seed26,6,6,4,0;1;3;4;7;9,False,True,monotone,0;1;3;4;9,7,,,,,,True,,,,
20,10,_original_nint128_seed26,6,6,4,0;2;4;5;8;9,False,True,monotone,0;2;4;5;8,9,,,,,,True,,,,
20,10,_original_nint128_seed26,6,6,4,1;2;4;5;6;7,False,True,monotone,1;2;4;5;7,6,,,,,,True,,,,
20,10,_original_nint128_seed26,6,6,4,2;3;4;6;7;8,False,True,monotone,2;3;4;6;8,7,,,,,,True,,,,
20,10,_original_nint128_seed26,6,6,4,0;1;2;4;6;9,False,True,monotone,0;2;4;6;9,1,,,,,,True,,,,
20,10,_original_nint128_seed26,6,6,4,1;2;3;6;7;9,False,True,monotone,1;2;3;7;9,6,,,,,,True,,,,
20,10,_original_nint128_seed26,6,6,4,0;1;2;4;6;7,False,True,monotone,0;1;2;4;7,6,,,,,,True,,,,
20,10,_original_nint128_seed26,6,6,4,0;2;3;4;6;7,False,True,monotone,0;2;3;4;6,7,,,,,,True,,,,
20,10,_original_nint128_seed26,7,7,3,2;3;4;5;7;8;9,False,True,monotone,2;3;5;7;8;9,4,,,,,,True,,,,
20,10,_original_nint128_seed26,7,7,3,2;3;5;6;7;8;9,False,True,monotone,2;3;5;7;8;9,6,,,,,,True,,,,
20,10,_original_nint128_seed26,7,7,3,0;1;2;4;6;7;9,False,True,monotone,0;1;4;6;7;9,2,,,,,,True,,,,
20,10,_original_nint128_seed26,7,7,3,0;1;3;4;6;7;9,False,True,monotone,0;1;4;6;7;9,3,,,,,,True,,,,
20,10,_original_nint128_seed26,7,7,3,0;1;3;4;5;8;9,False,True,monotone,1;3;4;5;8;9,0,,,,,,True,,,,
20,10,_original_nint128_seed26,7,7,3,1;3;4;5;7;8;9,False,True,monotone,1;3;4;5;8;9,7,,,,,,True,,,,
20,10,_original_nint128_seed26,7,7,3,0;3;4;5;6;8;9,False,True,monotone,0;3;4;6;8;9,5,,,,,,True,,,,
20,10,_original_nint128_seed26,7,7,3,0;3;4;6;7;8;9,False,True,monotone,0;3;4;6;8;9,7,,,,,,True,,,,
20,10,_original_nint128_seed26,7,7,3,0;1;3;4;5;7;9,False,True,monotone,0;1;3;4;5;9,7,,,,,,True,,,,
20,10,_original_nint128_seed26,7,7,3,0;2;3;4;5;7;8,False,True,monotone,0;2;3;4;5;8,7,,,,,,True,,,,
20,10,_original_nint128_seed26,7,7,3,0;2;3;4;5;8;9,False,True,monotone,0;2;3;4;5;8,9,,,,,,True,,,,
20,10,_original_nint128_seed26,7,7,3,1;2;4;6;7;8;9,False,True,monotone,1;4;6;7;8;9,2,,,,,,True,,,,
20,10,_original_nint128_seed26,7,7,3,1;3;4;6;7;8;9,False,True,monotone,1;4;6;7;8;9,3,,,,,,True,,,,
20,10,_original_nint128_seed26,7,7,3,0;1;3;4;5;7;8,False,True,monotone,0;1;3;5;7;8,4,,,,,,True,,,,
20,10,_original_nint128_seed26,7,7,3,0;1;3;5;7;8;9,False,True,monotone,0;1;3;5;7;8,9,,,,,,True,,,,
20,10,_original_nint128_seed26,7,7,3,0;1;2;4;6;8;9,False,True,monotone,0;2;4;6;8;9,1,,,,,,True,,,,
20,10,_original_nint128_seed26,7,7,3,0;2;4;5;6;8;9,False,True,monotone,0;2;4;6;8;9,5,,,,,,True,,,,
20,10,_original_nint128_seed26,7,7,3,0;2;4;6;7;8;9,False,True,monotone,0;2;4;6;8;9,7,,,,,,True,,,,
20,10,_original_nint128_seed26,7,7,3,0;1;2;4;5;6;9,False,True,monotone,0;1;2;4;5;9,6,,,,,,True,,,,
20,10,_original_nint128_seed26,7,7,3,0;1;2;4;5;8;9,False,True,monotone,0;1;2;4;5;9,8,,,,,,True,,,,
20,10,_original_nint128_seed26,7,7,3,1;2;3;4;7;8;9,False,True,monotone,1;2;3;7;8;9,4,,,,,,True,,,,
20,10,_original_nint128_seed26,7,7,3,1;2;3;6;7;8;9,False,True,monotone,1;2;3;7;8;9,6,,,,,,True,,,,
20,10,_original_nint128_seed26,7,7,3,0;1;2;4;5;6;8,False,True,monotone,0;1;4;5;6;8,2,,,,,,True,,,,
20,10,_original_nint128_seed26,7,7,3,0;1;4;5;6;8;9,False,True,monotone,0;1;4;5;6;8,9,,,,,,True,,,,
20,10,_original_nint128_seed26,7,7,3,0;2;4;5;6;7;8,False,True,monotone,0;2;4;5;7;8,6,,,,,,True,,,,
20,10,_original_nint128_seed26,7,7,3,0;2;4;5;7;8;9,False,True,monotone,0;2;4;5;7;8,9,,,,,,True,,,,
20,10,_original_nint128_seed26,7,7,3,0;1;2;3;6;7;9,False,True,monotone,0;1;3;6;7;9,2,,,,,,True,,,,
20,10,_original_nint128_seed26,7,7,3,0;3;4;5;7;8;9,False,True,monotone,0;3;5;7;8;9,4,,,,,,True,,,,
20,10,_original_nint128_seed26,7,7,3,1;2;3;4;5;6;8,False,True,monotone,1;2;3;5;6;8,4,,,,,,True,,,,
20,10,_original_nint128_seed26,7,7,3,1;2;3;5;6;7;8,False,True,monotone,1;2;3;5;6;8,7,,,,,,True,,,,
20,10,_original_nint128_seed26,7,7,3,1;2;3;4;5;7;8,False,True,monotone,1;2;3;5;7;8,4,,,,,,True,,,,
20,10,_original_nint128_seed26,7,7,3,0;1;2;3;4;6;8,False,True,monotone,0;1;2;3;6;8,4,,,,,,True,,,,
20,10,_original_nint128_seed26,7,7,3,0;1;2;3;6;7;8,False,True,monotone,0;1;2;3;6;8,7,,,,,,True,,,,
20,10,_original_nint128_seed26,7,7,3,0;1;2;5;6;7;9,False,True,monotone,0;1;2;5;7;9,6,,,,,,True,,,,
20,10,_original_nint128_seed26,7,7,3,0;1;2;5;7;8;9,False,True,monotone,0;1;2;5;7;9,8,,,,,,True,,,,
20,10,_original_nint128_seed26,7,7,3,1;3;4;5;6;7;8,False,True,monotone,1;3;4;5;6;8,7,,,,,,True,,,,
20,10,_original_nint128_seed26,7,7,3,0;1;2;5;6;8;9,False,True,collision,0;1;2;5;8;9,6,,,,,,True,,,,
20,10,_original_nint128_seed26,7,7,3,0;1;2;3;4;5;7,False,True,monotone,0;1;2;4;5;7,3,,,,,,True,,,,
20,10,_original_nint128_seed26,7,7,3,0;1;2;4;5;6;7,False,True,monotone,0;1;2;4;5;7,6,,,,,,True,,,,
20,10,_original_nint128_seed26,7,7,3,3;4;5;6;7;8;9,False,True,monotone,3;4;5;6;8;9,7,,,,,,True,,,,
20,10,_original_nint128_seed26,7,7,3,0;1;2;3;4;7;8,False,True,monotone,0;1;2;4;7;8,3,,,,,,True,,,,
20,10,_original_nint128_seed26,7,7,3,0;1;2;4;6;7;8,False,True,monotone,0;1;2;4;7;8,6,,,,,,True,,,,
20,10,_original_nint128_seed26,7,7,3,1;2;4;5;6;7;8,False,True,monotone,1;2;4;5;7;8,6,,,,,,True,,,,
20,10,_original_nint128_seed26,7,7,3,0;1;3;4;6;7;8,False,True,monotone,0;1;4;6;7;8,3,,,,,,True,,,,
20,10,_original_nint128_seed26,7,7,3,0;2;5;6;7;8;9,False,True,monotone,0;2;5;7;8;9,6,,,,,,True,,,,
20,10,_original_nint128_seed26,7,7,3,0;1;2;3;4;5;6,False,True,monotone,0;1;3;4;5;6,2,,,,,,True,,,,
20,10,_original_nint128_seed26,7,7,3,0;1;3;4;5;6;7,False,True,monotone,0;1;3;4;5;6,7,,,,,,True,,,,
20,10,_original_nint128_seed26,7,7,3,0;1;2;3;4;6;9,False,True,monotone,0;1;2;3;4;9,6,,,,,,True,,,,
20,10,_original_nint128_seed26,7,7,3,0;1;2;3;4;7;9,False,True,monotone,0;1;2;3;4;9,7,,,,,,True,,,,
20,10,_original_nint128_seed26,7,7,3,1;2;5;6;7;8;9,False,True,monotone,1;2;5;7;8;9,6,,,,,,True,,,,
20,10,_original_nint128_seed26,7,7,3,0;1;2;5;6;7;8,False,True,monotone,0;1;2;5;7;8,6,,,,,,True,,,,
20,10,_original_nint128_seed26,7,7,3,0;1;5;6;7;8;9,False,True,monotone,0;1;5;6;7;9,8,,,,,,True,,,,
20,10,_original_nint128_seed26,7,7,3,0;1;2;3;5;6;7,False,True,monotone,0;1;2;3;5;6,7,,,,,,True,,,,
20,10,_original_nint128_seed26,7,7,3,1;2;3;5;6;7;9,False,True,monotone,1;3;5;6;7;9,2,,,,,,True,,,,
20,10,_original_nint128_seed26,7,7,3,1;3;4;5;6;7;9,False,True,monotone,1;3;5;6;7;9,4,,,,,,True,,,,
20,10,_original_nint128_seed26,7,7,3,0;2;3;4;5;7;9,False,True,monotone,0;2;4;5;7;9,3,,,,,,True,,,,
20,10,_original_nint128_seed26,7,7,3,0;2;4;5;6;7;9,False,True,monotone,0;2;4;5;7;9,6,,,,,,True,,,,
20,10,_original_nint128_seed26,7,7,3,0;1;4;5;7;8;9,False,True,monotone,0;1;4;5;7;8,9,,,,,,True,,,,
20,10,_original_nint128_seed26,7,7,3,1;2;3;4;5;6;9,False,True,monotone,1;2;3;4;5;9,6,,,,,,True,,,,
20,10,_original_nint128_seed26,7,7,3,1;2;3;4;5;7;9,False,True,monotone,1;2;3;4;5;9,7,,,,,,True,,,,
20,10,_original_nint128_seed26,7,7,3,1;2;3;4;6;8;9,False,True,monotone,2;3;4;6;8;9,1,,,,,,True,,,,
20,10,_original_nint128_seed26,7,7,3,2;3;4;6;7;8;9,False,True,monotone,2;3;4;6;8;9,7,,,,,,True,,,,
20,10,_original_nint128_seed26,7,7,3,1;2;4;5;6;8;9,False,True,monotone,1;2;4;5;8;9,6,,,,,,True,,,,
20,10,_original_nint128_seed26,7,7,3,0;3;4;5;6;7;8,False,True,monotone,0;4;5;6;7;8,3,,,,,,True,,,,
20,10,_original_nint128_seed26,7,7,3,0;4;5;6;7;8;9,False,True,monotone,0;4;5;6;7;8,9,,,,,,True,,,,
20,10,_original_nint128_seed26,7,7,3,0;2;3;5;6;7;9,False,True,monotone,0;2;3;5;6;9,7,,,,,,True,,,,
20,10,_original_nint128_seed26,7,7,3,1;2;4;5;6;7;9,False,True,monotone,1;2;4;5;7;9,6,,,,,,True,,,,
20,10,_original_nint128_seed26,7,7,3,0;2;3;4;7;8;9,False,True,monotone,0;2;3;7;8;9,4,,,,,,True,,,,
20,10,_original_nint128_seed26,7,7,3,0;2;3;6;7;8;9,False,True,monotone,0;2;3;7;8;9,6,,,,,,True,,,,
20,10,_original_nint128_seed26,7,7,3,0;3;4;5;6;7;9,False,True,monotone,0;4;5;6;7;9,3,,,,,,True,,,,
20,10,_original_nint128_seed26,7,7,3,0;1;3;4;7;8;9,False,True,monotone,0;1;4;7;8;9,3,,,,,,True,,,,
20,10,_original_nint128_seed26,7,7,3,2;3;4;5;6;7;8,False,True,monotone,2;3;4;5;6;8,7,,,,,,True,,,,
20,10,_original_nint128_seed26,7,7,3,0;2;3;4;5;6;7,False,True,monotone,0;2;3;4;5;6,7,,,,,,True,,,,
20,10,_original_nint128_seed26,7,7,3,2;4;5;6;7;8;9,False,True,monotone,2;4;5;6;8;9,7,,,,,,True,,,,
20,10,_original_nint128_seed26,7,7,3,2;3;4;5;6;7;9,False,True,monotone,2;3;4;5;6;9,7,,,,,,True,,,,
20,10,_original_nint128_seed26,7,7,3,0;2;3;5;6;7;8,False,True,monotone,0;2;3;5;7;8,6,,,,,,True,,,,
20,10,_original_nint128_seed26,7,7,3,0;1;2;6;7;8;9,False,True,monotone,0;1;2;6;8;9,7,,,,,,True,,,,
20,10,_original_nint128_seed26,7,7,3,0;2;3;4;6;7;9,False,True,monotone,0;2;3;4;6;9,7,,,,,,True,,,,
20,10,_original_nint128_seed26,7,7,3,0;2;3;4;6;7;8,False,True,monotone,0;2;3;4;6;8,7,,,,,,True,,,,
20,10,_original_nint128_seed26,8,8,2,0;1;2;3;4;6;8;9,False,True,monotone,0;2;3;4;6;8;9,1,,,,,,True,,,,
20,10,_original_nint128_seed26,8,8,2,0;2;3;4;5;6;8;9,False,True,monotone,0;2;3;4;6;8;9,5,,,,,,True,,,,
20,10,_original_nint128_seed26,8,8,2,0;2;3;4;6;7;8;9,False,True,monotone,0;2;3;4;6;8;9,7,,,,,,True,,,,
20,10,_original_nint128_seed26,8,8,2,0;1;2;3;4;5;6;9,False,True,monotone,0;1;2;3;4;5;9,6,,,,,,True,,,,
20,10,_original_nint128_seed26,8,8,2,0;1;2;3;4;5;7;9,False,True,monotone,0;1;2;3;4;5;9,7,,,,,,True,,,,
20,10,_original_nint128_seed26,8,8,2,0;1;2;3;4;5;8;9,False,True,monotone,0;1;2;3;4;5;9,8,,,,,,True,,,,
20,10,_original_nint128_seed26,8,8,2,0;1;2;3;5;6;8;9,False,True,monotone,0;1;3;5;6;8;9,2,,,,,,True,,,,
20,10,_original_nint128_seed26,8,8,2,0;1;3;4;5;6;8;9,False,True,monotone,0;1;3;5;6;8;9,4,,,,,,True,,,,
20,10,_original_nint128_seed26,8,8,2,0;1;3;5;6;7;8;9,False,True,monotone,0;1;3;5;6;8;9,7,,,,,,True,,,,
20,10,_original_nint128_seed26,8,8,2,1;2;3;5;6;7;8;9,False,True,monotone,1;3;5;6;7;8;9,2,,,,,,True,,,,
20,10,_original_nint128_seed26,8,8,2,1;3;4;5;6;7;8;9,False,True,monotone,1;3;5;6;7;8;9,4,,,,,,True,,,,
20,10,_original_nint128_seed26,8,8,2,0;1;2;3;4;5;6;8,False,True,monotone,0;1;2;3;5;6;8,4,,,,,,True,,,,
20,10,_original_nint128_seed26,8,8,2,0;1;2;3;5;6;7;8,False,True,monotone,0;1;2;3;5;6;8,7,,,,,,True,,,,
20,10,_original_nint128_seed26,8,8,2,0;1;2;3;4;5;7;8,False,True,monotone,0;1;2;3;5;7;8,4,,,,,,True,,,,
20,10,_original_nint128_seed26,8,8,2,0;1;2;3;5;7;8;9,False,True,monotone,0;1;2;3;5;7;8,9,,,,,,True,,,,
20,10,_original_nint128_seed26,8,8,2,0;1;2;3;5;6;7;9,False,True,monotone,0;1;2;3;5;7;9,6,,,,,,True,,,,
20,10,_original_nint128_seed26,8,8,2,0;1;2;4;5;6;7;9,False,True,monotone,0;1;4;5;6;7;9,2,,,,,,True,,,,
20,10,_original_nint128_seed26,8,8,2,0;1;3;4;5;6;7;9,False,True,monotone,0;1;4;5;6;7;9,3,,,,,,True,,,,
20,10,_original_nint128_seed26,8,8,2,0;1;4;5;6;7;8;9,False,True,monotone,0;1;4;5;6;7;9,8,,,,,,True,,,,
20,10,_original_nint128_seed26,8,8,2,0;1;2;4;5;7;8;9,False,True,monotone,0;1;2;4;5;7;9,8,,,,,,True,,,,
20,10,_original_nint128_seed26,8,8,2,0;1;3;4;5;6;7;8,False,True,monotone,0;1;3;4;5;6;8,7,,,,,,True,,,,
20,10,_original_nint128_seed26,8,8,2,1;2;3;4;5;6;8;9,False,True,monotone,1;3;4;5;6;8;9,2,,,,,,True,,,,
20,10,_original_nint128_seed26,8,8,2,1;2;3;4;5;7;8;9,False,True,monotone,1;2;3;4;5;8;9,7,,,,,,True,,,,
20,10,_original_nint128_seed26,8,8,2,0;2;3;5;6;7;8;9,False,True,monotone,0;3;5;6;7;8;9,2,,,,,,True,,,,
20,10,_original_nint128_seed26,8,8,2,0;3;4;5;6;7;8;9,False,True,monotone,0;3;5;6;7;8;9,4,,,,,,True,,,,
20,10,_original_nint128_seed26,8,8,2,0;1;3;4;6;7;8;9,False,True,monotone,0;1;3;4;6;8;9,7,,,,,,True,,,,
20,10,_original_nint128_seed26,8,8,2,0;1;2;3;6;7;8;9,False,True,monotone,0;1;2;3;6;8;9,7,,,,,,True,,,,
20,10,_original_nint128_seed26,8,8,2,1;2;4;5;6;7;8;9,False,True,monotone,1;4;5;6;7;8;9,2,,,,,,True,,,,
20,10,_original_nint128_seed26,8,8,2,0;2;3;4;5;7;8;9,False,True,monotone,0;2;3;5;7;8;9,4,,,,,,True,,,,
20,10,_original_nint128_seed26,8,8,2,0;1;2;4;5;6;7;8,False,True,monotone,0;1;2;4;5;7;8,6,,,,,,True,,,,
20,10,_original_nint128_seed26,8,8,2,0;2;3;4;5;6;7;8,False,True,monotone,0;2;3;4;5;6;8,7,,,,,,True,,,,
20,10,_original_nint128_seed26,8,8,2,2;3;4;5;6;7;8;9,False,True,monotone,2;3;4;5;6;8;9,7,,,,,,True,,,,
20,10,_original_nint128_seed26,8,8,2,0;1;2;4;6;7;8;9,False,True,monotone,0;1;4;6;7;8;9,2,,,,,,True,,,,
20,10,_original_nint128_seed26,8,8,2,0;1;2;3;4;7;8;9,False,True,monotone,0;1;2;3;4;8;9,7,,,,,,True,,,,
20,10,_original_nint128_seed26,8,8,2,0;2;3;4;5;6;7;9,False,True,monotone,0;2;3;4;5;6;9,7,,,,,,True,,,,
