M,P,option,depth,num_deleted,num_remaining_relu,deleted_set_str,is_leaf,is_rejected,reject_reason,parent_set_str,added_relu,num_clusters,edge_types,weighted_edges_total,num_self_absorbed_edges,num_fixed_nodes,fixed_collision,num_scc_ge3,largest_scc_size,cycle_penalty_ge3,is_minimal_num_clusters
20,10,_original_nint128_seed25,1,1,9,0,False,False,,,0,30.0,71.0,1036.0,8.0,5.0,False,1.0,30.0,30.0,False
20,10,_original_nint128_seed25,1,1,9,1,False,False,,,1,32.0,75.0,1079.0,4.0,5.0,False,1.0,32.0,32.0,False
20,10,_original_nint128_seed25,1,1,9,2,False,False,,,2,31.0,74.0,1055.0,4.0,5.0,False,1.0,31.0,31.0,False
20,10,_original_nint128_seed25,1,1,9,3,False,False,,,3,30.0,69.0,1064.0,7.0,5.0,False,1.0,30.0,30.0,False
20,10,_original_nint128_seed25,1,1,9,4,False,False,,,4,28.0,62.0,878.0,10.0,5.0,False,1.0,28.0,28.0,False
20,10,_original_nint128_seed25,1,1,9,5,False,False,,,5,30.0,72.0,904.0,6.0,5.0,False,1.0,30.0,30.0,False
20,10,_original_nint128_seed25,1,1,9,6,False,False,,,6,33.0,74.0,1083.0,4.0,5.0,False,1.0,33.0,33.0,False
20,10,_original_nint128_seed25,1,1,9,7,False,False,,,7,26.0,63.0,936.0,10.0,5.0,False,1.0,26.0,26.0,False
20,10,_original_nint128_seed25,1,1,9,8,False,False,,,8,28.0,66.0,985.0,11.0,5.0,False,1.0,28.0,28.0,False
20,10,_original_nint128_seed25,1,1,9,9,False,False,,,9,32.0,76.0,1030.0,3.0,5.0,False,1.0,32.0,32.0,False
20,10,_original_nint128_seed25,2,2,8,0;2,False,False,,0,2,26.0,60.0,978.0,12.0,5.0,False,1.0,26.0,26.0,False
20,10,_original_nint128_seed25,2,2,8,1;2,False,False,,2,1,28.0,67.0,1021.0,8.0,5.0,False,1.0,28.0,28.0,False
20,10,_original_nint128_seed25,2,2,8,2;3,False,False,,3,2,26.0,60.0,1006.0,11.0,5.0,False,1.0,26.0,26.0,False
20,10,_original_nint128_seed25,2,2,8,2;4,False,False,,4,2,24.0,53.0,820.0,14.0,5.0,False,1.0,24.0,24.0,False
20,10,_original_nint128_seed25,2,2,8,2;5,False,False,,5,2,26.0,64.0,846.0,10.0,5.0,False,1.0,26.0,26.0,False
20,10,_original_nint128_seed25,2,2,8,2;6,False,False,,2,6,29.0,66.0,1025.0,8.0,5.0,False,1.0,29.0,29.0,False
20,10,_original_nint128_seed25,2,2,8,2;7,False,False,,7,2,23.0,56.0,877.0,15.0,5.0,False,1.0,23.0,23.0,False
20,10,_original_nint128_seed25,2,2,8,2;8,False,False,,8,2,25.0,61.0,925.0,16.0,5.0,False,1.0,25.0,25.0,False
20,10,_original_nint128_seed25,2,2,8,2;9,False,False,,2,9,28.0,68.0,972.0,7.0,5.0,False,1.0,28.0,28.0,False
20,10,_original_nint128_seed25,2,2,8,0;9,False,False,,0,9,27.0,65.0,953.0,11.0,5.0,False,1.0,27.0,27.0,False
20,10,_original_nint128_seed25,2,2,8,1;9,False,False,,1,9,28.0,70.0,995.0,8.0,5.0,False,1.0,28.0,28.0,False
20,10,_original_nint128_seed25,2,2,8,3;9,False,False,,3,9,27.0,63.0,981.0,10.0,5.0,False,1.0,27.0,27.0,False
20,10,_original_nint128_seed25,2,2,8,4;9,False,False,,4,9,26.0,58.0,795.0,13.0,5.0,False,1.0,26.0,26.0,False
20,10,_original_nint128_seed25,2,2,8,5;9,False,False,,5,9,27.0,65.0,821.0,9.0,5.0,False,1.0,27.0,27.0,False
20,10,_original_nint128_seed25,2,2,8,6;9,False,False,,6,9,30.0,68.0,1000.0,7.0,5.0,False,1.0,30.0,30.0,False
20,10,_original_nint128_seed25,2,2,8,7;9,False,False,,7,9,23.0,57.0,853.0,13.0,5.0,False,1.0,23.0,23.0,False
20,10,_original_nint128_seed25,2,2,8,8;9,False,False,,8,9,25.0,60.0,902.0,14.0,5.0,False,1.0,25.0,25.0,False
20,10,_original_nint128_seed25,2,2,8,0;8,False,False,,8,0,24.0,57.0,908.0,19.0,5.0,False,1.0,24.0,24.0,False
20,10,_original_nint128_seed25,2,2,8,1;8,False,False,,8,1,25.0,59.0,951.0,15.0,5.0,False,1.0,25.0,25.0,False
20,10,_original_nint128_seed25,2,2,8,3;8,False,False,,8,3,24.0,57.0,934.0,19.0,5.0,False,1.0,24.0,24.0,False
20,10,_original_nint128_seed25,2,2,8,4;8,False,False,,4,8,21.0,46.0,750.0,21.0,5.0,False,1.0,21.0,21.0,False
20,10,_original_nint128_seed25,2,2,8,5;8,False,False,,8,5,24.0,57.0,776.0,17.0,5.0,False,1.0,24.0,24.0,False
20,10,_original_nint128_seed25,2,2,8,6;8,False,False,,8,6,26.0,58.0,955.0,15.0,5.0,False,1.0,26.0,26.0,False
20,10,_original_nint128_seed25,2,2,8,7;8,False,False,,7,8,19.0,47.0,808.0,21.0,5.0,False,1.0,19.0,19.0,False
20,10,_original_nint128_seed25,2,2,8,0;7,False,False,,7,0,23.0,55.0,859.0,18.0,5.0,False,1.0,23.0,23.0,False
20,10,_original_nint128_seed25,2,2,8,1;7,False,False,,7,1,23.0,56.0,902.0,14.0,5.0,False,1.0,23.0,23.0,False
20,10,_original_nint128_seed25,2,2,8,3;7,False,False,,7,3,23.0,53.0,886.0,18.0,5.0,False,1.0,23.0,23.0,False
20,10,_original_nint128_seed25,2,2,8,4;7,False,False,,4,7,20.0,44.0,700.0,21.0,5.0,False,1.0,20.0,20.0,False
20,10,_original_nint128_seed25,2,2,8,5;7,False,False,,7,5,22.0,54.0,727.0,16.0,5.0,False,1.0,22.0,22.0,False
20,10,_original_nint128_seed25,2,2,8,6;7,False,False,,7,6,24.0,55.0,906.0,14.0,5.0,False,1.0,24.0,24.0,False
20,10,_original_nint128_seed25,2,2,8,0;3,False,False,,3,0,24.0,56.0,986.0,16.0,5.0,False,1.0,24.0,24.0,False
20,10,_original_nint128_seed25,2,2,8,1;3,False,False,,3,1,27.0,62.0,1030.0,11.0,5.0,False,1.0,27.0,27.0,False
20,10,_original_nint128_seed25,2,2,8,3;4,False,False,,4,3,23.0,48.0,829.0,17.0,5.0,False,1.0,23.0,23.0,False
20,10,_original_nint128_seed25,2,2,8,3;5,False,False,,3,5,25.0,60.0,848.0,14.0,5.0,False,1.0,25.0,25.0,False
20,10,_original_nint128_seed25,2,2,8,3;6,False,False,,3,6,28.0,61.0,1034.0,11.0,5.0,False,1.0,28.0,28.0,False
20,10,_original_nint128_seed25,2,2,8,0;1,False,False,,0,1,27.0,64.0,1002.0,12.0,5.0,False,1.0,27.0,27.0,False
20,10,_original_nint128_seed25,2,2,8,1;4,False,False,,4,1,26.0,58.0,843.0,15.0,5.0,False,1.0,26.0,26.0,False
20,10,_original_nint128_seed25,2,2,8,1;5,False,False,,5,1,27.0,65.0,870.0,10.0,5.0,False,1.0,27.0,27.0,False
20,10,_original_nint128_seed25,2,2,8,1;6,False,False,,6,1,30.0,67.0,1049.0,8.0,5.0,False,1.0,30.0,30.0,False
20,10,_original_nint128_seed25,2,2,8,0;6,False,False,,0,6,28.0,63.0,1006.0,12.0,5.0,False,1.0,28.0,28.0,False
20,10,_original_nint128_seed25,2,2,8,4;6,False,False,,4,6,26.0,58.0,836.0,16.0,5.0,False,1.0,26.0,26.0,False
20,10,_original_nint128_seed25,2,2,8,5;6,False,False,,5,6,28.0,64.0,874.0,10.0,5.0,False,1.0,28.0,28.0,False
20,10,_original_nint128_seed25,2,2,8,0;5,False,False,,0,5,25.0,61.0,827.0,14.0,5.0,False,1.0,25.0,25.0,False
20,10,_original_nint128_seed25,2,2,8,4;5,False,False,,4,5,24.0,55.0,668.0,17.0,5.0,False,1.0,24.0,24.0,False
20,10,_original_nint128_seed25,2,2,8,0;4,False,False,,4,0,23.0,50.0,801.0,18.0,5.0,False,1.0,23.0,23.0,False
20,10,_original_nint128_seed25,3,3,7,0;2;8,False,False,,0;8,2,21.0,49.0,848.0,24.0,5.0,False,1.0,21.0,21.0,False
20,10,_original_nint128_seed25,3,3,7,1;2;8,False,False,,1;8,2,22.0,54.0,891.0,20.0,5.0,False,1.0,22.0,22.0,False
20,10,_original_nint128_seed25,3,3,7,2;3;8,False,False,,3;8,2,21.0,51.0,874.0,24.0,5.0,False,1.0,21.0,21.0,False
20,10,_original_nint128_seed25,3,3,7,2;4;8,False,False,,4;8,2,18.0,40.0,690.0,26.0,5.0,False,1.0,18.0,18.0,False
20,10,_original_nint128_seed25,3,3,7,2;5;8,False,False,,5;8,2,21.0,52.0,716.0,22.0,5.0,False,1.0,21.0,21.0,False
20,10,_original_nint128_seed25,3,3,7,2;6;8,False,False,,6;8,2,23.0,53.0,895.0,20.0,5.0,False,1.0,23.0,23.0,False
20,10,_original_nint128_seed25,3,3,7,2;7;8,False,False,,7;8,2,17.0,43.0,747.0,27.0,5.0,False,1.0,17.0,17.0,False
20,10,_original_nint128_seed25,3,3,7,2;8;9,False,False,,8;9,2,22.0,55.0,842.0,19.0,5.0,False,1.0,22.0,22.0,False
20,10,_original_nint128_seed25,3,3,7,0;1;4,False,False,,0;4,1,21.0,46.0,766.0,23.0,5.0,False,1.0,21.0,21.0,False
20,10,_original_nint128_seed25,3,3,7,1;2;4,False,False,,2;4,1,22.0,49.0,785.0,19.0,5.0,False,1.0,22.0,22.0,False
20,10,_original_nint128_seed25,3,3,7,1;3;4,False,False,,3;4,1,21.0,44.0,794.0,22.0,5.0,False,1.0,21.0,21.0,False
20,10,_original_nint128_seed25,3,3,7,1;4;5,False,False,,4;5,1,22.0,50.0,633.0,22.0,5.0,False,1.0,22.0,22.0,False
20,10,_original_nint128_seed25,3,3,7,1;4;6,False,False,,1;4,6,24.0,54.0,801.0,21.0,5.0,False,1.0,24.0,24.0,False
20,10,_original_nint128_seed25,3,3,7,1;4;7,False,False,,4;7,1,18.0,40.0,665.0,26.0,5.0,False,1.0,18.0,18.0,False
20,10,_original_nint128_seed25,3,3,7,1;4;8,False,False,,4;8,1,19.0,42.0,715.0,26.0,5.0,False,1.0,19.0,19.0,False
20,10,_original_nint128_seed25,3,3,7,1;4;9,False,False,,1;4,9,23.0,55.0,759.0,19.0,5.0,False,1.0,23.0,23.0,False
20,10,_original_nint128_seed25,3,3,7,0;4;6,False,False,,0;4,6,21.0,46.0,759.0,24.0,5.0,False,1.0,21.0,21.0,False
20,10,_original_nint128_seed25,3,3,7,2;4;6,False,False,,2;4,6,22.0,49.0,778.0,20.0,5.0,False,1.0,22.0,22.0,False
20,10,_original_nint128_seed25,3,3,7,3;4;6,False,False,,3;4,6,21.0,44.0,787.0,23.0,5.0,False,1.0,21.0,21.0,False
20,10,_original_nint128_seed25,3,3,7,4;5;6,False,False,,4;5,6,22.0,51.0,626.0,23.0,5.0,False,1.0,22.0,22.0,False
20,10,_original_nint128_seed25,3,3,7,4;6;7,False,False,,4;7,6,18.0,40.0,658.0,27.0,5.0,False,1.0,18.0,18.0,False
20,10,_original_nint128_seed25,3,3,7,4;6;9,False,False,,4;6,9,24.0,54.0,753.0,19.0,5.0,False,1.0,24.0,24.0,False
20,10,_original_nint128_seed25,3,3,7,0;2;3,False,False,,0;3,2,20.0,46.0,928.0,20.0,5.0,False,1.0,20.0,20.0,False
20,10,_original_nint128_seed25,3,3,7,1;2;3,False,False,,2;3,1,23.0,53.0,972.0,15.0,5.0,False,1.0,23.0,23.0,False
20,10,_original_nint128_seed25,3,3,7,2;3;4,False,False,,3;4,2,19.0,39.0,771.0,21.0,5.0,False,1.0,19.0,19.0,False
20,10,_original_nint128_seed25,3,3,7,2;3;5,False,False,,3;5,2,21.0,51.0,790.0,18.0,5.0,False,1.0,21.0,21.0,False
20,10,_original_nint128_seed25,3,3,7,2;3;6,False,False,,2;3,6,24.0,52.0,976.0,15.0,5.0,False,1.0,24.0,24.0,False
20,10,_original_nint128_seed25,3,3,7,2;3;7,False,False,,3;7,2,20.0,45.0,827.0,23.0,5.0,False,1.0,20.0,20.0,False
20,10,_original_nint128_seed25,3,3,7,2;3;9,False,False,,2;3,9,23.0,54.0,923.0,14.0,5.0,False,1.0,23.0,23.0,False
20,10,_original_nint128_seed25,3,3,7,0;3;9,False,False,,0;3,9,21.0,50.0,903.0,19.0,5.0,False,1.0,21.0,21.0,False
20,10,_original_nint128_seed25,3,3,7,1;3;9,False,False,,1;3,9,23.0,57.0,946.0,15.0,5.0,False,1.0,23.0,23.0,False
20,10,_original_nint128_seed25,3,3,7,3;4;9,False,False,,3;4,9,21.0,44.0,746.0,20.0,5.0,False,1.0,21.0,21.0,False
20,10,_original_nint128_seed25,3,3,7,3;5;9,False,False,,3;5,9,22.0,53.0,765.0,17.0,5.0,False,1.0,22.0,22.0,False
20,10,_original_nint128_seed25,3,3,7,3;6;9,False,False,,3;6,9,25.0,55.0,951.0,14.0,5.0,False,1.0,25.0,25.0,False
20,10,_original_nint128_seed25,3,3,7,3;7;9,False,False,,3;7,9,20.0,47.0,803.0,21.0,5.0,False,1.0,20.0,20.0,False
20,10,_original_nint128_seed25,3,3,7,3;8;9,False,False,,3;8,9,21.0,51.0,851.0,22.0,5.0,False,1.0,21.0,21.0,False
20,10,_original_nint128_seed25,3,3,7,0;2;6,False,False,,0;2,6,24.0,52.0,948.0,16.0,5.0,False,1.0,24.0,24.0,False
20,10,_original_nint128_seed25,3,3,7,1;2;6,False,False,,2;6,1,26.0,59.0,991.0,12.0,5.0,False,1.0,26.0,26.0,False
20,10,_original_nint128_seed25,3,3,7,2;5;6,False,False,,2;5,6,24.0,56.0,816.0,14.0,5.0,False,1.0,24.0,24.0,False
20,10,_original_nint128_seed25,3,3,7,2;6;7,False,False,,6;7,2,21.0,48.0,847.0,19.0,5.0,False,1.0,21.0,21.0,False
20,10,_original_nint128_seed25,3,3,7,2;6;9,False,False,,2;6,9,26.0,60.0,942.0,11.0,5.0,False,1.0,26.0,26.0,False
20,10,_original_nint128_seed25,3,3,7,0;4;5,False,False,,0;4,5,19.0,43.0,591.0,25.0,5.0,False,1.0,19.0,19.0,False
20,10,_original_nint128_seed25,3,3,7,2;4;5,False,False,,2;4,5,20.0,46.0,610.0,21.0,5.0,False,1.0,20.0,20.0,False
20,10,_original_nint128_seed25,3,3,7,3;4;5,False,False,,3;4,5,19.0,42.0,612.0,25.0,5.0,False,1.0,19.0,19.0,False
20,10,_original_nint128_seed25,3,3,7,4;5;7,False,False,,4;7,5,17.0,38.0,490.0,28.0,5.0,False,1.0,17.0,17.0,False
20,10,_original_nint128_seed25,3,3,7,4;5;8,False,False,,4;8,5,18.0,40.0,540.0,28.0,5.0,False,1.0,18.0,18.0,False
20,10,_original_nint128_seed25,3,3,7,4;5;9,False,False,,4;5,9,22.0,50.0,585.0,20.0,5.0,False,1.0,22.0,22.0,False
20,10,_original_nint128_seed25,3,3,7,0;7;9,False,False,,0;7,9,20.0,49.0,776.0,21.0,5.0,False,1.0,20.0,20.0,False
20,10,_original_nint128_seed25,3,3,7,1;7;9,False,False,,1;7,9,19.0,51.0,818.0,18.0,5.0,False,1.0,19.0,19.0,False
20,10,_original_nint128_seed25,3,3,7,2;7;9,False,False,,2;7,9,20.0,50.0,794.0,18.0,5.0,False,1.0,20.0,20.0,False
20,10,_original_nint128_seed25,3,3,7,4;7;9,False,False,,4;7,9,18.0,40.0,617.0,24.0,5.0,False,1.0,18.0,18.0,False
20,10,_original_nint128_seed25,3,3,7,5;7;9,False,False,,5;7,9,19.0,47.0,644.0,19.0,5.0,False,1.0,19.0,19.0,False
20,10,_original_nint128_seed25,3,3,7,6;7;9,False,False,,6;7,9,21.0,49.0,823.0,17.0,5.0,False,1.0,21.0,21.0,False
20,10,_original_nint128_seed25,3,3,7,7;8;9,False,False,,7;8,9,16.0,41.0,725.0,24.0,5.0,False,1.0,16.0,16.0,False
20,10,_original_nint128_seed25,3,3,7,0;7;8,False,False,,7;8,0,17.0,41.0,731.0,29.0,5.0,False,1.0,17.0,17.0,False
20,10,_original_nint128_seed25,3,3,7,1;7;8,False,False,,7;8,1,16.0,40.0,774.0,25.0,5.0,False,1.0,16.0,16.0,False
20,10,_original_nint128_seed25,3,3,7,3;7;8,False,False,,7;8,3,17.0,41.0,756.0,30.0,5.0,False,1.0,17.0,17.0,False
20,10,_original_nint128_seed25,3,3,7,4;7;8,False,False,,4;7,8,13.0,28.0,572.0,32.0,5.0,False,1.0,13.0,13.0,False
20,10,_original_nint128_seed25,3,3,7,5;7;8,False,False,,7;8,5,16.0,39.0,599.0,27.0,5.0,False,1.0,16.0,16.0,False
20,10,_original_nint128_seed25,3,3,7,6;7;8,False,False,,7;8,6,17.0,39.0,778.0,25.0,5.0,False,1.0,17.0,17.0,False
20,10,_original_nint128_seed25,3,3,7,0;1;5,False,False,,0;5,1,22.0,54.0,793.0,18.0,5.0,False,1.0,22.0,22.0,False
20,10,_original_nint128_seed25,3,3,7,0;2;5,False,False,,0;2,5,21.0,50.0,769.0,18.0,5.0,False,1.0,21.0,21.0,False
20,10,_original_nint128_seed25,3,3,7,0;3;5,False,False,,0;3,5,19.0,46.0,770.0,23.0,5.0,False,1.0,19.0,19.0,False
20,10,_original_nint128_seed25,3,3,7,0;5;6,False,False,,0;5,6,23.0,53.0,797.0,18.0,5.0,False,1.0,23.0,23.0,False
20,10,_original_nint128_seed25,3,3,7,0;5;7,False,False,,5;7,0,19.0,46.0,650.0,24.0,5.0,False,1.0,19.0,19.0,False
20,10,_original_nint128_seed25,3,3,7,0;5;8,False,False,,0;8,5,20.0,48.0,699.0,25.0,5.0,False,1.0,20.0,20.0,False
20,10,_original_nint128_seed25,3,3,7,0;5;9,False,False,,0;5,9,22.0,54.0,744.0,17.0,5.0,False,1.0,22.0,22.0,False
20,10,_original_nint128_seed25,3,3,7,0;4;9,False,False,,0;4,9,21.0,46.0,718.0,21.0,5.0,False,1.0,21.0,21.0,False
20,10,_original_nint128_seed25,3,3,7,2;4;9,False,False,,2;4,9,22.0,49.0,737.0,17.0,5.0,False,1.0,22.0,22.0,False
20,10,_original_nint128_seed25,3,3,7,4;8;9,False,False,,4;8,9,19.0,42.0,667.0,24.0,5.0,False,1.0,19.0,19.0,False
20,10,_original_nint128_seed25,3,3,7,0;2;9,False,False,,0;2,9,23.0,54.0,895.0,15.0,5.0,False,1.0,23.0,23.0,False
20,10,_original_nint128_seed25,3,3,7,1;2;9,False,False,,1;2,9,24.0,62.0,937.0,12.0,5.0,False,1.0,24.0,24.0,False
20,10,_original_nint128_seed25,3,3,7,2;5;9,False,False,,2;5,9,23.0,57.0,763.0,13.0,5.0,False,1.0,23.0,23.0,False
20,10,_original_nint128_seed25,3,3,7,1;5;9,False,False,,1;5,9,24.0,60.0,786.0,14.0,5.0,False,1.0,24.0,24.0,False
20,10,_original_nint128_seed25,3,3,7,5;6;9,False,False,,5;6,9,25.0,57.0,791.0,13.0,5.0,False,1.0,25.0,25.0,False
20,10,_original_nint128_seed25,3,3,7,5;8;9,False,False,,5;8,9,21.0,50.0,693.0,20.0,5.0,False,1.0,21.0,21.0,False
20,10,_original_nint128_seed25,3,3,7,0;3;4,False,False,,3;4,0,17.0,35.0,750.0,27.0,5.0,False,1.0,17.0,17.0,False
20,10,_original_nint128_seed25,3,3,7,3;4;7,False,False,,4;7,3,17.0,34.0,649.0,30.0,5.0,False,1.0,17.0,17.0,False
20,10,_original_nint128_seed25,3,3,7,3;4;8,False,False,,4;8,3,17.0,36.0,699.0,29.0,5.0,False,1.0,17.0,17.0,False
20,10,_original_nint128_seed25,3,3,7,0;6;9,False,False,,0;6,9,25.0,57.0,923.0,15.0,5.0,False,1.0,25.0,25.0,False
20,10,_original_nint128_seed25,3,3,7,1;6;9,False,False,,1;6,9,26.0,62.0,965.0,12.0,5.0,False,1.0,26.0,26.0,False
20,10,_original_nint128_seed25,3,3,7,6;8;9,False,False,,6;8,9,23.0,52.0,872.0,18.0,5.0,False,1.0,23.0,23.0,False
20,10,_original_nint128_seed25,3,3,7,0;1;7,False,False,,0;7,1,20.0,48.0,825.0,22.0,5.0,False,1.0,20.0,20.0,False
20,10,_original_nint128_seed25,3,3,7,1;2;7,False,False,,1;7,2,20.0,49.0,843.0,19.0,5.0,False,1.0,20.0,20.0,False
20,10,_original_nint128_seed25,3,3,7,1;3;7,False,False,,3;7,1,20.0,46.0,852.0,22.0,5.0,False,1.0,20.0,20.0,False
20,10,_original_nint128_seed25,3,3,7,1;5;7,False,False,,5;7,1,19.0,47.0,693.0,20.0,5.0,False,1.0,19.0,19.0,False
20,10,_original_nint128_seed25,3,3,7,1;6;7,False,False,,6;7,1,21.0,48.0,872.0,18.0,5.0,False,1.0,21.0,21.0,False
20,10,_original_nint128_seed25,3,3,7,0;1;6,False,False,,0;6,1,25.0,56.0,972.0,16.0,5.0,False,1.0,25.0,25.0,False
20,10,_original_nint128_seed25,3,3,7,0;3;6,False,False,,0;3,6,22.0,48.0,956.0,20.0,5.0,False,1.0,22.0,22.0,False
20,10,_original_nint128_seed25,3,3,7,0;6;7,False,False,,0;7,6,21.0,47.0,829.0,22.0,5.0,False,1.0,21.0,21.0,False
20,10,_original_nint128_seed25,3,3,7,0;6;8,False,False,,0;8,6,22.0,49.0,878.0,23.0,5.0,False,1.0,22.0,22.0,False
20,10,_original_nint128_seed25,3,3,7,0;1;3,False,False,,0;3,1,21.0,49.0,952.0,20.0,5.0,False,1.0,21.0,21.0,False
20,10,_original_nint128_seed25,3,3,7,0;3;8,False,False,,0;3,8,19.0,46.0,856.0,28.0,5.0,False,1.0,19.0,19.0,False
20,10,_original_nint128_seed25,3,3,7,0;1;2,False,False,,0;2,1,23.0,53.0,944.0,16.0,5.0,False,1.0,23.0,23.0,False
20,10,_original_nint128_seed25,3,3,7,0;2;4,False,False,,0;4,2,19.0,39.0,743.0,22.0,5.0,False,1.0,19.0,19.0,False
20,10,_original_nint128_seed25,3,3,7,0;2;7,False,False,,0;7,2,20.0,48.0,799.0,24.0,5.0,False,1.0,20.0,20.0,False
20,10,_original_nint128_seed25,3,3,7,0;4;7,False,False,,4;7,0,17.0,36.0,623.0,29.0,5.0,False,1.0,17.0,17.0,False
20,10,_original_nint128_seed25,3,3,7,0;4;8,False,False,,4;8,0,17.0,36.0,673.0,29.0,5.0,False,1.0,17.0,17.0,False
20,10,_original_nint128_seed25,3,3,7,2;4;7,False,False,,4;7,2,17.0,36.0,641.0,26.0,5.0,False,1.0,17.0,17.0,False
20,10,_original_nint128_seed25,3,3,7,0;1;8,False,False,,0;8,1,21.0,50.0,874.0,23.0,5.0,False,1.0,21.0,21.0,False
20,10,_original_nint128_seed25,3,3,7,1;3;8,False,False,,3;8,1,21.0,50.0,900.0,23.0,5.0,False,1.0,21.0,21.0,False
20,10,_original_nint128_seed25,3,3,7,1;5;8,False,False,,5;8,1,21.0,50.0,742.0,21.0,5.0,False,1.0,21.0,21.0,False
20,10,_original_nint128_seed25,3,3,7,1;6;8,False,False,,6;8,1,23.0,51.0,921.0,19.0,5.0,False,1.0,23.0,23.0,False
20,10,_original_nint128_seed25,3,3,7,1;8;9,False,False,,1;8,9,21.0,52.0,867.0,19.0,5.0,False,1.0,21.0,21.0,False
20,10,_original_nint128_seed25,3,3,7,1;5;6,False,False,,5;6,1,25.0,57.0,840.0,14.0,5.0,False,1.0,25.0,25.0,False
20,10,_original_nint128_seed25,3,3,7,3;5;6,False,False,,3;5,6,23.0,52.0,818.0,18.0,5.0,False,1.0,23.0,23.0,False
20,10,_original_nint128_seed25,3,3,7,5;6;7,False,False,,5;7,6,20.0,46.0,697.0,20.0,5.0,False,1.0,20.0,20.0,False
20,10,_original_nint128_seed25,3,3,7,5;6;8,False,False,,5;8,6,22.0,49.0,746.0,21.0,5.0,False,1.0,22.0,22.0,False
20,10,_original_nint128_seed25,3,3,7,1;3;5,False,False,,3;5,1,22.0,53.0,814.0,18.0,5.0,False,1.0,22.0,22.0,False
20,10,_original_nint128_seed25,3,3,7,3;5;7,False,False,,3;7,5,19.0,45.0,670.0,25.0,5.0,False,1.0,19.0,19.0,False
20,10,_original_nint128_seed25,3,3,7,3;5;8,False,False,,3;8,5,20.0,49.0,718.0,26.0,5.0,False,1.0,20.0,20.0,False
20,10,_original_nint128_seed25,3,3,7,1;3;6,False,False,,3;6,1,25.0,54.0,1000.0,15.0,5.0,False,1.0,25.0,25.0,False
20,10,_original_nint128_seed25,3,3,7,3;6;7,False,False,,3;7,6,21.0,45.0,856.0,22.0,5.0,False,1.0,21.0,21.0,False
20,10,_original_nint128_seed25,3,3,7,3;6;8,False,False,,3;8,6,22.0,49.0,904.0,23.0,5.0,False,1.0,22.0,22.0,False
20,10,_original_nint128_seed25,3,3,7,0;1;9,False,False,,0;1,9,23.0,59.0,918.0,16.0,5.0,False,1.0,23.0,23.0,False
20,10,_original_nint128_seed25,3,3,7,1;2;5,False,False,,2;5,1,23.0,57.0,812.0,14.0,5.0,False,1.0,23.0,23.0,False
20,10,_original_nint128_seed25,3,3,7,2;5;7,False,False,,5;7,2,19.0,47.0,668.0,21.0,5.0,False,1.0,19.0,19.0,False
20,10,_original_nint128_seed25,3,3,7,0;8;9,False,False,,0;8,9,21.0,51.0,825.0,22.0,5.0,False,1.0,21.0,21.0,False
20,10,_original_nint128_seed25,4,4,6,0;1;2;9,False,False,,0;1;2,9,19.0,48.0,860.0,20.0,5.0,False,1.0,19.0,19.0,False
20,10,_original_nint128_seed25,4,4,6,1;2;3;9,False,False,,1;2;3,9,19.0,48.0,888.0,19.0,5.0,False,1.0,19.0,19.0,False
20,10,_original_nint128_seed25,4,4,6,1;2;4;9,False,False,,1;2;4,9,19.0,46.0,701.0,23.0,5.0,False,1.0,19.0,19.0,False
20,10,_original_nint128_seed25,4,4,6,1;2;5;9,False,False,,1;2;5,9,19.0,52.0,728.0,18.0,5.0,False,1.0,19.0,19.0,False
20,10,_original_nint128_seed25,4,4,6,1;2;6;9,False,False,,1;2;6,9,22.0,54.0,907.0,16.0,5.0,False,1.0,22.0,22.0,False
20,10,_original_nint128_seed25,4,4,6,1;2;7;9,False,False,,1;2;7,9,16.0,44.0,759.0,23.0,5.0,False,1.0,16.0,16.0,False
20,10,_original_nint128_seed25,4,4,6,1;2;8;9,False,False,,1;8;9,2,18.0,47.0,807.0,24.0,5.0,False,1.0,18.0,18.0,False
20,10,_original_nint128_seed25,4,4,6,0;1;2;7,False,False,,0;1;7,2,17.0,41.0,765.0,28.0,5.0,False,1.0,17.0,17.0,False
20,10,_original_nint128_seed25,4,4,6,0;1;4;7,False,False,,0;4;7,1,15.0,32.0,588.0,34.0,5.0,False,1.0,15.0,15.0,False
20,10,_original_nint128_seed25,4,4,6,0;1;5;7,False,False,,0;5;7,1,16.0,39.0,616.0,28.0,5.0,False,1.0,16.0,16.0,False
20,10,_original_nint128_seed25,4,4,6,0;1;6;7,False,False,,0;6;7,1,18.0,40.0,795.0,26.0,5.0,False,1.0,18.0,18.0,False
20,10,_original_nint128_seed25,4,4,6,0;1;7;8,False,False,,1;7;8,0,14.0,34.0,697.0,33.0,5.0,False,1.0,14.0,14.0,False
20,10,_original_nint128_seed25,4,4,6,0;1;7;9,False,False,,0;1;7,9,16.0,43.0,741.0,26.0,5.0,False,1.0,16.0,16.0,False
20,10,_original_nint128_seed25,4,4,6,0;2;6;9,False,False,,0;2;6,9,21.0,46.0,865.0,19.0,5.0,False,1.0,21.0,21.0,False
20,10,_original_nint128_seed25,4,4,6,2;3;6;9,False,False,,2;3;6,9,21.0,46.0,893.0,18.0,5.0,False,1.0,21.0,21.0,False
20,10,_original_nint128_seed25,4,4,6,2;4;6;9,False,False,,2;4;6,9,20.0,45.0,695.0,23.0,5.0,False,1.0,20.0,20.0,False
20,10,_original_nint128_seed25,4,4,6,2;5;6;9,False,False,,2;5;6,9,21.0,49.0,733.0,17.0,5.0,False,1.0,21.0,21.0,False
20,10,_original_nint128_seed25,4,4,6,2;6;7;9,False,False,,2;6;7,9,18.0,42.0,764.0,22.0,5.0,False,1.0,18.0,18.0,False
20,10,_original_nint128_seed25,4,4,6,2;6;8;9,False,False,,6;8;9,2,20.0,47.0,812.0,23.0,5.0,False,1.0,20.0,20.0,False
20,10,_original_nint128_seed25,4,4,6,0;2;7;8,False,False,,0;7;8,2,15.0,37.0,669.0,36.0,5.0,False,1.0,15.0,15.0,False
20,10,_original_nint128_seed25,4,4,6,1;2;7;8,False,False,,1;7;8,2,14.0,36.0,713.0,31.0,5.0,False,1.0,14.0,14.0,False
20,10,_original_nint128_seed25,4,4,6,2;3;7;8,False,False,,3;7;8,2,15.0,36.0,695.0,36.0,5.0,False,1.0,15.0,15.0,False
20,10,_original_nint128_seed25,4,4,6,2;4;7;8,False,False,,4;7;8,2,11.0,23.0,511.0,38.0,5.0,False,1.0,11.0,11.0,False
20,10,_original_nint128_seed25,4,4,6,2;5;7;8,False,False,,5;7;8,2,14.0,35.0,538.0,33.0,5.0,False,1.0,14.0,14.0,False
20,10,_original_nint128_seed25,4,4,6,2;6;7;8,False,False,,6;7;8,2,15.0,35.0,717.0,31.0,5.0,False,1.0,15.0,15.0,False
20,10,_original_nint128_seed25,4,4,6,2;7;8;9,False,False,,7;8;9,2,14.0,37.0,664.0,30.0,5.0,False,1.0,14.0,14.0,False
20,10,_original_nint128_seed25,4,4,6,0;4;7;9,False,False,,0;4;7,9,15.0,32.0,540.0,32.0,5.0,False,1.0,15.0,15.0,False
20,10,_original_nint128_seed25,4,4,6,1;4;7;9,False,False,,1;4;7,9,15.0,37.0,581.0,30.0,5.0,False,1.0,15.0,15.0,False
20,10,_original_nint128_seed25,4,4,6,2;4;7;9,False,False,,2;4;7,9,15.0,32.0,558.0,29.0,5.0,False,1.0,15.0,15.0,False
20,10,_original_nint128_seed25,4,4,6,3;4;7;9,False,False,,3;4;7,9,15.0,30.0,566.0,33.0,5.0,False,1.0,15.0,15.0,False
20,10,_original_nint128_seed25,4,4,6,4;5;7;9,False,False,,4;5;7,9,15.0,33.0,407.0,31.0,5.0,False,1.0,15.0,15.0,False
20,10,_original_nint128_seed25,4,4,6,4;6;7;9,False,False,,4;6;7,9,16.0,36.0,575.0,30.0,5.0,False,1.0,16.0,16.0,False
20,10,_original_nint128_seed25,4,4,6,4;7;8;9,False,False,,4;7;8,9,11.0,24.0,489.0,35.0,5.0,False,1.0,11.0,11.0,False
20,10,_original_nint128_seed25,4,4,6,0;1;2;4,False,False,,0;2;4,1,17.0,35.0,708.0,27.0,5.0,False,1.0,17.0,17.0,False
20,10,_original_nint128_seed25,4,4,6,0;2;3;4,False,False,,0;3;4,2,14.0,26.0,692.0,31.0,5.0,False,1.0,14.0,14.0,False
20,10,_original_nint128_seed25,4,4,6,0;2;4;5,False,False,,0;2;4,5,15.0,32.0,533.0,29.0,5.0,False,1.0,15.0,15.0,False
20,10,_original_nint128_seed25,4,4,6,0;2;4;6,False,False,,0;2;4,6,17.0,35.0,701.0,28.0,5.0,False,1.0,17.0,17.0,False
20,10,_original_nint128_seed25,4,4,6,0;2;4;7,False,False,,0;4;7,2,14.0,29.0,563.0,35.0,5.0,False,1.0,14.0,14.0,False
20,10,_original_nint128_seed25,4,4,6,0;2;4;8,False,False,,0;4;8,2,14.0,28.0,613.0,34.0,5.0,False,1.0,14.0,14.0,False
20,10,_original_nint128_seed25,4,4,6,0;2;4;9,False,False,,0;2;4,9,17.0,35.0,660.0,25.0,5.0,False,1.0,17.0,17.0,False
20,10,_original_nint128_seed25,4,4,6,0;3;5;9,False,False,,0;3;5,9,16.0,39.0,687.0,26.0,5.0,False,1.0,16.0,16.0,False
20,10,_original_nint128_seed25,4,4,6,1;3;5;9,False,False,,1;3;5,9,19.0,48.0,730.0,22.0,5.0,False,1.0,19.0,19.0,False
20,10,_original_nint128_seed25,4,4,6,2;3;5;9,False,False,,2;3;5,9,18.0,44.0,707.0,21.0,5.0,False,1.0,18.0,18.0,False
20,10,_original_nint128_seed25,4,4,6,3;4;5;9,False,False,,3;4;5,9,17.0,37.0,529.0,28.0,5.0,False,1.0,17.0,17.0,False
20,10,_original_nint128_seed25,4,4,6,3;5;6;9,False,False,,3;5;6,9,20.0,45.0,735.0,21.0,5.0,False,1.0,20.0,20.0,False
20,10,_original_nint128_seed25,4,4,6,3;5;7;9,False,False,,3;5;7,9,16.0,38.0,587.0,28.0,5.0,False,1.0,16.0,16.0,False
20,10,_original_nint128_seed25,4,4,6,3;5;8;9,False,False,,3;5;8,9,17.0,42.0,635.0,29.0,5.0,False,1.0,17.0,17.0,False
20,10,_original_nint128_seed25,4,4,6,1;2;4;8,False,False,,2;4;8,1,16.0,36.0,655.0,31.0,5.0,False,1.0,16.0,16.0,False
20,10,_original_nint128_seed25,4,4,6,2;3;4;8,False,False,,3;4;8,2,14.0,30.0,639.0,34.0,5.0,False,1.0,14.0,14.0,False
20,10,_original_nint128_seed25,4,4,6,2;4;5;8,False,False,,2;4;8,5,15.0,34.0,480.0,33.0,5.0,False,1.0,15.0,15.0,False
20,10,_original_nint128_seed25,4,4,6,2;4;8;9,False,False,,2;4;8,9,16.0,36.0,607.0,29.0,5.0,False,1.0,16.0,16.0,False
20,10,_original_nint128_seed25,4,4,6,0;1;4;6,False,False,,0;1;4,6,19.0,42.0,724.0,29.0,5.0,False,1.0,19.0,19.0,False
20,10,_original_nint128_seed25,4,4,6,0;3;4;6,False,False,,0;3;4,6,15.0,31.0,708.0,33.0,5.0,False,1.0,15.0,15.0,False
20,10,_original_nint128_seed25,4,4,6,0;4;5;6,False,False,,0;4;5,6,17.0,39.0,549.0,31.0,5.0,False,1.0,17.0,17.0,False
20,10,_original_nint128_seed25,4,4,6,0;4;6;7,False,False,,0;4;7,6,15.0,32.0,581.0,35.0,5.0,False,1.0,15.0,15.0,False
20,10,_original_nint128_seed25,4,4,6,0;4;6;9,False,False,,0;4;6,9,19.0,42.0,676.0,27.0,5.0,False,1.0,19.0,19.0,False
20,10,_original_nint128_seed25,4,4,6,0;4;7;8,False,False,,4;7;8,0,11.0,22.0,495.0,40.0,5.0,False,1.0,11.0,11.0,False
20,10,_original_nint128_seed25,4,4,6,1;4;7;8,False,False,,4;7;8,1,11.0,24.0,537.0,37.0,5.0,False,1.0,11.0,11.0,False
20,10,_original_nint128_seed25,4,4,6,3;4;7;8,False,False,,4;7;8,3,11.0,22.0,519.0,42.0,5.0,False,1.0,11.0,11.0,False
20,10,_original_nint128_seed25,4,4,6,4;5;7;8,False,False,,4;7;8,5,11.0,23.0,362.0,39.0,5.0,False,1.0,11.0,11.0,False
20,10,_original_nint128_seed25,4,4,6,1;2;3;7,False,False,,2;3;7,1,17.0,38.0,793.0,27.0,5.0,False,1.0,17.0,17.0,False
20,10,_original_nint128_seed25,4,4,6,1;3;4;7,False,False,,3;4;7,1,15.0,30.0,614.0,35.0,5.0,False,1.0,15.0,15.0,False
20,10,_original_nint128_seed25,4,4,6,1;3;5;7,False,False,,3;5;7,1,16.0,38.0,636.0,29.0,5.0,False,1.0,16.0,16.0,False
20,10,_original_nint128_seed25,4,4,6,1;3;6;7,False,False,,3;6;7,1,18.0,38.0,822.0,26.0,5.0,False,1.0,18.0,18.0,False
20,10,_original_nint128_seed25,4,4,6,1;3;7;8,False,False,,1;7;8,3,14.0,34.0,722.0,34.0,5.0,False,1.0,14.0,14.0,False
20,10,_original_nint128_seed25,4,4,6,1;3;7;9,False,False,,1;3;7,9,16.0,41.0,768.0,26.0,5.0,False,1.0,16.0,16.0,False
20,10,_original_nint128_seed25,4,4,6,0;3;4;5,False,False,,0;3;4,5,13.0,28.0,533.0,35.0,5.0,False,1.0,13.0,13.0,False
20,10,_original_nint128_seed25,4,4,6,1;3;4;5,False,False,,3;4;5,1,17.0,37.0,577.0,30.0,5.0,False,1.0,17.0,17.0,False
20,10,_original_nint128_seed25,4,4,6,2;3;4;5,False,False,,2;3;4,5,15.0,33.0,554.0,29.0,5.0,False,1.0,15.0,15.0,False
20,10,_original_nint128_seed25,4,4,6,3;4;5;6,False,False,,3;4;5,6,17.0,38.0,570.0,31.0,5.0,False,1.0,17.0,17.0,False
20,10,_original_nint128_seed25,4,4,6,3;4;5;7,False,False,,3;4;7,5,14.0,29.0,432.0,38.0,5.0,False,1.0,14.0,14.0,False
20,10,_original_nint128_seed25,4,4,6,3;4;5;8,False,False,,3;4;8,5,14.0,31.0,482.0,37.0,5.0,False,1.0,14.0,14.0,False
20,10,_original_nint128_seed25,4,4,6,0;3;4;8,False,False,,0;3;4,8,12.0,25.0,620.0,39.0,5.0,False,1.0,12.0,12.0,False
20,10,_original_nint128_seed25,4,4,6,1;3;4;8,False,False,,3;4;8,1,15.0,32.0,664.0,34.0,5.0,False,1.0,15.0,15.0,False
20,10,_original_nint128_seed25,4,4,6,3;4;8;9,False,False,,3;4;8,9,15.0,32.0,616.0,32.0,5.0,False,1.0,15.0,15.0,False
20,10,_original_nint128_seed25,4,4,6,0;2;5;9,False,False,,0;2;5,9,18.0,43.0,686.0,21.0,5.0,False,1.0,18.0,18.0,False
20,10,_original_nint128_seed25,4,4,6,2;4;5;9,False,False,,2;4;5,9,18.0,41.0,527.0,24.0,5.0,False,1.0,18.0,18.0,False
20,10,_original_nint128_seed25,4,4,6,2;5;7;9,False,False,,2;5;7,9,16.0,40.0,585.0,24.0,5.0,False,1.0,16.0,16.0,False
20,10,_original_nint128_seed25,4,4,6,2;5;8;9,False,False,,5;8;9,2,18.0,45.0,633.0,25.0,5.0,False,1.0,18.0,18.0,False
20,10,_original_nint128_seed25,4,4,6,0;7;8;9,False,False,,7;8;9,0,14.0,35.0,648.0,32.0,5.0,False,1.0,14.0,14.0,False
20,10,_original_nint128_seed25,4,4,6,1;7;8;9,False,False,,1;7;8,9,13.0,33.0,690.0,29.0,5.0,False,1.0,13.0,13.0,False
20,10,_original_nint128_seed25,4,4,6,3;7;8;9,False,False,,7;8;9,3,14.0,35.0,673.0,33.0,5.0,False,1.0,14.0,14.0,False
20,10,_original_nint128_seed25,4,4,6,5;7;8;9,False,False,,5;7;8,9,13.0,32.0,516.0,30.0,5.0,False,1.0,13.0,13.0,False
20,10,_original_nint128_seed25,4,4,6,6;7;8;9,False,False,,6;7;8,9,14.0,33.0,695.0,28.0,5.0,False,1.0,14.0,14.0,False
20,10,_original_nint128_seed25,4,4,6,0;1;6;9,False,False,,0;1;6,9,21.0,51.0,888.0,20.0,5.0,False,1.0,21.0,21.0,False
20,10,_original_nint128_seed25,4,4,6,0;3;6;9,False,False,,0;3;6,9,19.0,42.0,873.0,23.0,5.0,False,1.0,19.0,19.0,False
20,10,_original_nint128_seed25,4,4,6,0;5;6;9,False,False,,0;5;6,9,20.0,46.0,714.0,21.0,5.0,False,1.0,20.0,20.0,False
20,10,_original_nint128_seed25,4,4,6,0;6;7;9,False,False,,0;6;7,9,18.0,41.0,746.0,25.0,5.0,False,1.0,18.0,18.0,False
20,10,_original_nint128_seed25,4,4,6,0;6;8;9,False,False,,0;6;8,9,19.0,43.0,795.0,26.0,5.0,False,1.0,19.0,19.0,False
20,10,_original_nint128_seed25,4,4,6,0;1;3;9,False,False,,0;1;3,9,17.0,44.0,868.0,24.0,5.0,False,1.0,17.0,17.0,False
20,10,_original_nint128_seed25,4,4,6,0;1;4;9,False,False,,0;1;4,9,18.0,43.0,682.0,27.0,5.0,False,1.0,18.0,18.0,False
20,10,_original_nint128_seed25,4,4,6,0;1;5;9,False,False,,0;1;5,9,19.0,49.0,709.0,22.0,5.0,False,1.0,19.0,19.0,False
20,10,_original_nint128_seed25,4,4,6,0;1;8;9,False,False,,0;1;8,9,17.0,43.0,790.0,27.0,5.0,False,1.0,17.0,17.0,False
20,10,_original_nint128_seed25,4,4,6,0;2;6;7,False,False,,0;6;7,2,18.0,40.0,769.0,28.0,5.0,False,1.0,18.0,18.0,False
20,10,_original_nint128_seed25,4,4,6,1;2;6;7,False,False,,1;6;7,2,18.0,41.0,813.0,23.0,5.0,False,1.0,18.0,18.0,False
20,10,_original_nint128_seed25,4,4,6,2;3;6;7,False,False,,2;3;7,6,18.0,37.0,797.0,27.0,5.0,False,1.0,18.0,18.0,False
20,10,_original_nint128_seed25,4,4,6,2;4;6;7,False,False,,2;4;7,6,15.0,32.0,599.0,32.0,5.0,False,1.0,15.0,15.0,False
20,10,_original_nint128_seed25,4,4,6,2;5;6;7,False,False,,5;6;7,2,17.0,39.0,638.0,25.0,5.0,False,1.0,17.0,17.0,False
20,10,_original_nint128_seed25,4,4,6,0;5;7;9,False,False,,0;5;7,9,16.0,39.0,567.0,27.0,5.0,False,1.0,16.0,16.0,False
20,10,_original_nint128_seed25,4,4,6,1;5;7;9,False,False,,1;5;7,9,16.0,41.0,609.0,24.0,5.0,False,1.0,16.0,16.0,False
20,10,_original_nint128_seed25,4,4,6,5;6;7;9,False,False,,5;6;7,9,17.0,39.0,614.0,23.0,5.0,False,1.0,17.0,17.0,False
20,10,_original_nint128_seed25,4,4,6,0;4;8;9,False,False,,0;4;8,9,15.0,32.0,590.0,32.0,5.0,False,1.0,15.0,15.0,False
20,10,_original_nint128_seed25,4,4,6,1;4;8;9,False,False,,1;4;8,9,16.0,37.0,631.0,30.0,5.0,False,1.0,16.0,16.0,False
20,10,_original_nint128_seed25,4,4,6,4;5;8;9,False,False,,4;5;8,9,16.0,35.0,457.0,31.0,5.0,False,1.0,16.0,16.0,False
20,10,_original_nint128_seed25,4,4,6,1;3;4;9,False,False,,1;3;4,9,18.0,41.0,710.0,26.0,5.0,False,1.0,18.0,18.0,False
20,10,_original_nint128_seed25,4,4,6,1;3;6;9,False,False,,1;3;6,9,21.0,49.0,916.0,19.0,5.0,False,1.0,21.0,21.0,False
20,10,_original_nint128_seed25,4,4,6,1;3;8;9,False,False,,1;3;8,9,17.0,43.0,816.0,27.0,5.0,False,1.0,17.0,17.0,False
20,10,_original_nint128_seed25,4,4,6,0;2;3;8,False,False,,0;3;8,2,16.0,39.0,796.0,33.0,5.0,False,1.0,16.0,16.0,False
20,10,_original_nint128_seed25,4,4,6,1;2;3;8,False,False,,1;3;8,2,18.0,44.0,840.0,28.0,5.0,False,1.0,18.0,18.0,False
20,10,_original_nint128_seed25,4,4,6,2;3;5;8,False,False,,3;5;8,2,17.0,43.0,658.0,31.0,5.0,False,1.0,17.0,17.0,False
20,10,_original_nint128_seed25,4,4,6,2;3;6;8,False,False,,3;6;8,2,19.0,43.0,844.0,28.0,5.0,False,1.0,19.0,19.0,False
20,10,_original_nint128_seed25,4,4,6,2;3;8;9,False,False,,2;3;8,9,18.0,45.0,791.0,27.0,5.0,False,1.0,18.0,18.0,False
20,10,_original_nint128_seed25,4,4,6,0;1;2;3,False,False,,0;2;3,1,17.0,39.0,894.0,24.0,5.0,False,1.0,17.0,17.0,False
20,10,_original_nint128_seed25,4,4,6,0;1;3;4,False,False,,0;3;4,1,15.0,31.0,715.0,32.0,5.0,False,1.0,15.0,15.0,False
20,10,_original_nint128_seed25,4,4,6,0;1;3;5,False,False,,0;3;5,1,16.0,39.0,736.0,27.0,5.0,False,1.0,16.0,16.0,False
20,10,_original_nint128_seed25,4,4,6,0;1;3;6,False,False,,0;3;6,1,19.0,41.0,922.0,24.0,5.0,False,1.0,19.0,19.0,False
20,10,_original_nint128_seed25,4,4,6,0;1;3;8,False,False,,0;3;8,1,16.0,39.0,822.0,32.0,5.0,False,1.0,16.0,16.0,False
20,10,_original_nint128_seed25,4,4,6,0;1;4;8,False,False,,0;4;8,1,15.0,32.0,638.0,34.0,5.0,False,1.0,15.0,15.0,False
20,10,_original_nint128_seed25,4,4,6,0;4;5;8,False,False,,0;4;8,5,14.0,30.0,463.0,36.0,5.0,False,1.0,14.0,14.0,False
20,10,_original_nint128_seed25,4,4,6,1;4;6;7,False,False,,1;4;7,6,16.0,36.0,623.0,32.0,5.0,False,1.0,16.0,16.0,False
20,10,_original_nint128_seed25,4,4,6,3;4;6;7,False,False,,3;4;7,6,15.0,30.0,607.0,36.0,5.0,False,1.0,15.0,15.0,False
20,10,_original_nint128_seed25,4,4,6,4;5;6;7,False,False,,4;5;7,6,15.0,34.0,448.0,34.0,5.0,False,1.0,15.0,15.0,False
20,10,_original_nint128_seed25,4,4,6,0;3;5;8,False,False,,0;3;5,8,15.0,37.0,640.0,35.0,5.0,False,1.0,15.0,15.0,False
20,10,_original_nint128_seed25,4,4,6,1;3;5;8,False,False,,3;5;8,1,17.0,42.0,684.0,30.0,5.0,False,1.0,17.0,17.0,False
20,10,_original_nint128_seed25,4,4,6,3;5;6;8,False,False,,3;5;8,6,18.0,41.0,688.0,30.0,5.0,False,1.0,18.0,18.0,False
20,10,_original_nint128_seed25,4,4,6,3;5;7;8,False,False,,5;7;8,3,14.0,34.0,540.0,37.0,5.0,False,1.0,14.0,14.0,False
20,10,_original_nint128_seed25,4,4,6,1;2;3;6,False,False,,2;3;6,1,21.0,45.0,942.0,19.0,5.0,False,1.0,21.0,21.0,False
20,10,_original_nint128_seed25,4,4,6,1;3;4;6,False,False,,1;3;4,6,19.0,40.0,752.0,28.0,5.0,False,1.0,19.0,19.0,False
20,10,_original_nint128_seed25,4,4,6,1;3;5;6,False,False,,3;5;6,1,20.0,45.0,784.0,22.0,5.0,False,1.0,20.0,20.0,False
20,10,_original_nint128_seed25,4,4,6,1;3;6;8,False,False,,3;6;8,1,19.0,42.0,870.0,27.0,5.0,False,1.0,19.0,19.0,False
20,10,_original_nint128_seed25,4,4,6,0;5;6;7,False,False,,0;5;7,6,17.0,38.0,620.0,28.0,5.0,False,1.0,17.0,17.0,False
20,10,_original_nint128_seed25,4,4,6,0;6;7;8,False,False,,6;7;8,0,15.0,33.0,701.0,33.0,5.0,False,1.0,15.0,15.0,False
20,10,_original_nint128_seed25,4,4,6,0;1;6;8,False,False,,0;6;8,1,19.0,42.0,844.0,27.0,5.0,False,1.0,19.0,19.0,False
20,10,_original_nint128_seed25,4,4,6,1;2;6;8,False,False,,1;6;8,2,20.0,46.0,861.0,24.0,5.0,False,1.0,20.0,20.0,False
20,10,_original_nint128_seed25,4,4,6,1;5;6;8,False,False,,5;6;8,1,19.0,42.0,712.0,25.0,5.0,False,1.0,19.0,19.0,False
20,10,_original_nint128_seed25,4,4,6,1;6;7;8,False,False,,6;7;8,1,14.0,32.0,744.0,29.0,5.0,False,1.0,14.0,14.0,False
20,10,_original_nint128_seed25,4,4,6,1;6;8;9,False,False,,1;6;8,9,19.0,44.0,837.0,23.0,5.0,False,1.0,19.0,19.0,False
20,10,_original_nint128_seed25,4,4,6,1;2;3;4,False,False,,2;3;4,1,17.0,35.0,736.0,26.0,5.0,False,1.0,17.0,17.0,False
20,10,_original_nint128_seed25,4,4,6,2;3;4;6,False,False,,2;3;4,6,17.0,35.0,729.0,27.0,5.0,False,1.0,17.0,17.0,False
20,10,_original_nint128_seed25,4,4,6,2;3;4;7,False,False,,3;4;7,2,14.0,26.0,590.0,35.0,5.0,False,1.0,14.0,14.0,False
20,10,_original_nint128_seed25,4,4,6,2;3;4;9,False,False,,2;3;4,9,17.0,35.0,688.0,24.0,5.0,False,1.0,17.0,17.0,False
20,10,_original_nint128_seed25,4,4,6,1;4;6;9,False,False,,1;4;6,9,21.0,51.0,717.0,25.0,5.0,False,1.0,21.0,21.0,False
20,10,_original_nint128_seed25,4,4,6,3;4;6;9,False,False,,3;4;6,9,19.0,40.0,704.0,26.0,5.0,False,1.0,19.0,19.0,False
20,10,_original_nint128_seed25,4,4,6,4;5;6;9,False,False,,4;5;9,6,20.0,46.0,543.0,26.0,5.0,False,1.0,20.0,20.0,False
20,10,_original_nint128_seed25,4,4,6,3;6;7;8,False,False,,6;7;8,3,15.0,33.0,726.0,34.0,5.0,False,1.0,15.0,15.0,False
20,10,_original_nint128_seed25,4,4,6,5;6;7;8,False,False,,5;7;8,6,14.0,31.0,569.0,31.0,5.0,False,1.0,14.0,14.0,False
20,10,_original_nint128_seed25,4,4,6,1;2;5;7,False,False,,1;5;7,2,16.0,40.0,634.0,25.0,5.0,False,1.0,16.0,16.0,False
20,10,_original_nint128_seed25,4,4,6,1;4;5;7,False,False,,4;5;7,1,15.0,33.0,455.0,33.0,5.0,False,1.0,15.0,15.0,False
20,10,_original_nint128_seed25,4,4,6,1;5;6;7,False,False,,5;6;7,1,17.0,39.0,663.0,24.0,5.0,False,1.0,17.0,17.0,False
20,10,_original_nint128_seed25,4,4,6,1;5;7;8,False,False,,5;7;8,1,13.0,32.0,565.0,31.0,5.0,False,1.0,13.0,13.0,False
20,10,_original_nint128_seed25,4,4,6,0;2;3;5,False,False,,0;3;5,2,15.0,36.0,712.0,27.0,5.0,False,1.0,15.0,15.0,False
20,10,_original_nint128_seed25,4,4,6,0;3;5;6,False,False,,0;3;5,6,17.0,38.0,740.0,27.0,5.0,False,1.0,17.0,17.0,False
20,10,_original_nint128_seed25,4,4,6,1;2;4;6,False,False,,1;2;4,6,20.0,45.0,743.0,25.0,5.0,False,1.0,20.0,20.0,False
20,10,_original_nint128_seed25,4,4,6,1;4;5;6,False,False,,1;4;5,6,20.0,46.0,591.0,28.0,5.0,False,1.0,20.0,20.0,False
20,10,_original_nint128_seed25,4,4,6,1;4;5;8,False,False,,4;5;8,1,16.0,35.0,505.0,33.0,5.0,False,1.0,16.0,16.0,False
20,10,_original_nint128_seed25,4,4,6,0;2;3;9,False,False,,0;2;3,9,17.0,40.0,845.0,23.0,5.0,False,1.0,17.0,17.0,False
20,10,_original_nint128_seed25,4,4,6,2;3;7;9,False,False,,2;3;7,9,17.0,39.0,744.0,26.0,5.0,False,1.0,17.0,17.0,False
20,10,_original_nint128_seed25,4,4,6,0;2;3;6,False,False,,0;2;3,6,18.0,38.0,898.0,24.0,5.0,False,1.0,18.0,18.0,False
20,10,_original_nint128_seed25,4,4,6,1;2;4;7,False,False,,2;4;7,1,15.0,32.0,606.0,31.0,5.0,False,1.0,15.0,15.0,False
20,10,_original_nint128_seed25,4,4,6,1;2;3;5,False,False,,2;3;5,1,18.0,44.0,756.0,22.0,5.0,False,1.0,18.0,18.0,False
20,10,_original_nint128_seed25,4,4,6,2;3;5;6,False,False,,2;3;5,6,19.0,43.0,760.0,22.0,5.0,False,1.0,19.0,19.0,False
20,10,_original_nint128_seed25,4,4,6,2;3;5;7,False,False,,3;5;7,2,16.0,37.0,611.0,30.0,5.0,False,1.0,16.0,16.0,False
20,10,_original_nint128_seed25,4,4,6,1;5;6;9,False,False,,1;5;6,9,22.0,52.0,756.0,18.0,5.0,False,1.0,22.0,22.0,False
20,10,_original_nint128_seed25,4,4,6,5;6;8;9,False,False,,5;6;8,9,19.0,42.0,663.0,24.0,5.0,False,1.0,19.0,19.0,False
20,10,_original_nint128_seed25,4,4,6,1;4;5;9,False,False,,1;4;5,9,20.0,48.0,549.0,26.0,5.0,False,1.0,20.0,20.0,False
20,10,_original_nint128_seed25,4,4,6,3;6;8;9,False,False,,3;6;8,9,19.0,43.0,821.0,26.0,5.0,False,1.0,19.0,19.0,False
20,10,_original_nint128_seed25,4,4,6,0;2;5;8,False,False,,0;5;8,2,17.0,40.0,639.0,30.0,5.0,False,1.0,17.0,17.0,False
20,10,_original_nint128_seed25,4,4,6,1;2;5;8,False,False,,1;5;8,2,18.0,45.0,682.0,26.0,5.0,False,1.0,18.0,18.0,False
20,10,_original_nint128_seed25,4,4,6,2;5;6;8,False,False,,5;6;8,2,19.0,44.0,686.0,26.0,5.0,False,1.0,19.0,19.0,False
20,10,_original_nint128_seed25,4,4,6,0;1;2;6,False,False,,0;2;6,1,21.0,45.0,914.0,20.0,5.0,False,1.0,21.0,21.0,False
20,10,_original_nint128_seed25,4,4,6,1;2;5;6,False,False,,2;5;6,1,21.0,49.0,782.0,18.0,5.0,False,1.0,21.0,21.0,False
20,10,_original_nint128_seed25,4,4,6,0;3;4;9,False,False,,0;3;4,9,15.0,31.0,667.0,30.0,5.0,False,1.0,15.0,15.0,False
20,10,_original_nint128_seed25,4,4,6,0;1;4;5,False,False,,0;4;5,1,17.0,38.0,556.0,30.0,5.0,False,1.0,17.0,17.0,False
20,10,_original_nint128_seed25,4,4,6,1;2;4;5,False,False,,2;4;5,1,18.0,41.0,575.0,26.0,5.0,False,1.0,18.0,18.0,False
20,10,_original_nint128_seed25,4,4,6,0;2;5;7,False,False,,0;5;7,2,16.0,39.0,590.0,30.0,5.0,False,1.0,16.0,16.0,False
20,10,_original_nint128_seed25,4,4,6,2;4;5;7,False,False,,2;4;7,5,14.0,30.0,431.0,33.0,5.0,False,1.0,14.0,14.0,False
20,10,_original_nint128_seed25,4,4,6,2;4;5;6,False,False,,2;4;5,6,18.0,42.0,568.0,27.0,5.0,False,1.0,18.0,18.0,False
20,10,_original_nint128_seed25,4,4,6,0;5;8;9,False,False,,0;5;8,9,17.0,41.0,616.0,28.0,5.0,False,1.0,17.0,17.0,False
20,10,_original_nint128_seed25,4,4,6,1;6;7;9,False,False,,1;6;7,9,17.0,43.0,788.0,22.0,5.0,False,1.0,17.0,17.0,False
20,10,_original_nint128_seed25,4,4,6,0;3;6;8,False,False,,0;3;8,6,17.0,38.0,826.0,32.0,5.0,False,1.0,17.0,17.0,False
20,10,_original_nint128_seed25,4,4,6,0;3;8;9,False,False,,0;3;8,9,16.0,40.0,773.0,31.0,5.0,False,1.0,16.0,16.0,False
20,10,_original_nint128_seed25,4,4,6,0;2;7;9,False,False,,0;2;7,9,17.0,42.0,716.0,27.0,5.0,False,1.0,17.0,17.0,False
20,10,_original_nint128_seed25,4,4,6,3;5;6;7,False,False,,3;5;7,6,17.0,37.0,640.0,29.0,5.0,False,1.0,17.0,17.0,False
20,10,_original_nint128_seed25,4,4,6,0;4;5;7,False,False,,0;4;7,5,14.0,30.0,413.0,36.0,5.0,False,1.0,14.0,14.0,False
20,10,_original_nint128_seed25,4,4,6,0;5;7;8,False,False,,5;7;8,0,14.0,33.0,522.0,35.0,5.0,False,1.0,14.0,14.0,False
20,10,_original_nint128_seed25,4,4,6,0;1;5;8,False,False,,0;5;8,1,17.0,41.0,665.0,29.0,5.0,False,1.0,17.0,17.0,False
20,10,_original_nint128_seed25,4,4,6,0;1;2;5,False,False,,0;2;5,1,18.0,43.0,735.0,22.0,5.0,False,1.0,18.0,18.0,False
20,10,_original_nint128_seed25,4,4,6,0;2;5;6,False,False,,0;2;5,6,19.0,42.0,739.0,22.0,5.0,False,1.0,19.0,19.0,False
20,10,_original_nint128_seed25,4,4,6,3;6;7;9,False,False,,3;6;7,9,18.0,39.0,773.0,25.0,5.0,False,1.0,18.0,18.0,False
20,10,_original_nint128_seed25,4,4,6,0;4;5;9,False,False,,0;4;5,9,17.0,38.0,508.0,28.0,5.0,False,1.0,17.0,17.0,False
20,10,_original_nint128_seed25,4,4,6,0;1;2;8,False,False,,0;2;8,1,18.0,42.0,814.0,28.0,5.0,False,1.0,18.0,18.0,False
20,10,_original_nint128_seed25,4,4,6,0;2;8;9,False,False,,0;2;8,9,18.0,43.0,765.0,27.0,5.0,False,1.0,18.0,18.0,False
20,10,_original_nint128_seed25,4,4,6,0;2;6;8,False,False,,0;2;8,6,19.0,41.0,818.0,28.0,5.0,False,1.0,19.0,19.0,False
20,10,_original_nint128_seed25,4,4,6,0;5;6;8,False,False,,0;5;8,6,18.0,40.0,669.0,29.0,5.0,False,1.0,18.0,18.0,False
20,10,_original_nint128_seed25,4,4,6,0;1;5;6,False,False,,0;5;6,1,20.0,46.0,763.0,22.0,5.0,False,1.0,20.0,20.0,False
20,10,_original_nint128_seed25,5,5,5,0;2;5;6;8,False,False,,0;2;5;8,6,15.0,32.0,609.0,34.0,5.0,False,1.0,15.0,15.0,False
20,10,_original_nint128_seed25,5,5,5,1;2;5;6;8,False,False,,1;5;6;8,2,16.0,37.0,652.0,30.0,5.0,False,1.0,16.0,16.0,False
20,10,_original_nint128_seed25,5,5,5,2;3;5;6;8,False,False,,3;5;6;8,2,15.0,35.0,628.0,35.0,5.0,False,1.0,15.0,15.0,False
20,10,_original_nint128_seed25,5,5,5,2;5;6;7;8,False,False,,5;6;7;8,2,12.0,27.0,508.0,37.0,5.0,False,1.0,12.0,12.0,False
20,10,_original_nint128_seed25,5,5,5,2;5;6;8;9,False,False,,5;6;8;9,2,16.0,37.0,603.0,29.0,5.0,False,1.0,16.0,16.0,False
20,10,_original_nint128_seed25,5,5,5,0;1;2;3;8,False,False,,0;1;3;8,2,13.0,32.0,762.0,37.0,5.0,False,1.0,13.0,13.0,False
20,10,_original_nint128_seed25,5,5,5,1;2;3;4;8,False,False,,2;3;4;8,1,12.0,26.0,604.0,39.0,5.0,False,1.0,12.0,12.0,False
20,10,_original_nint128_seed25,5,5,5,1;2;3;5;8,False,False,,1;3;5;8,2,14.0,36.0,624.0,35.0,5.0,False,1.0,14.0,14.0,False
20,10,_original_nint128_seed25,5,5,5,1;2;3;6;8,False,False,,1;3;6;8,2,16.0,36.0,810.0,32.0,5.0,False,1.0,16.0,16.0,False
20,10,_original_nint128_seed25,5,5,5,1;2;3;7;8,False,False,,1;3;7;8,2,12.0,29.0,661.0,40.0,5.0,False,1.0,12.0,12.0,False
20,10,_original_nint128_seed25,5,5,5,1;2;3;8;9,False,False,,1;3;8;9,2,14.0,37.0,756.0,32.0,5.0,False,1.0,14.0,14.0,False
20,10,_original_nint128_seed25,5,5,5,0;2;3;5;6,False,False,,0;2;3;5,6,13.0,28.0,682.0,31.0,5.0,False,1.0,13.0,13.0,False
20,10,_original_nint128_seed25,5,5,5,1;2;3;5;6,False,False,,2;3;5;6,1,16.0,36.0,726.0,26.0,5.0,False,1.0,16.0,16.0,False
20,10,_original_nint128_seed25,5,5,5,2;3;4;5;6,False,False,,2;3;4;5,6,13.0,29.0,512.0,35.0,5.0,False,1.0,13.0,13.0,False
20,10,_original_nint128_seed25,5,5,5,2;3;5;6;7,False,False,,2;3;5;7,6,14.0,29.0,581.0,34.0,5.0,False,1.0,14.0,14.0,False
20,10,_original_nint128_seed25,5,5,5,2;3;5;6;9,False,False,,2;3;5;6,9,16.0,36.0,677.0,25.0,5.0,False,1.0,16.0,16.0,False
20,10,_original_nint128_seed25,5,5,5,0;1;2;7;8,False,False,,0;1;7;8,2,12.0,30.0,635.0,40.0,5.0,False,1.0,12.0,12.0,False
20,10,_original_nint128_seed25,5,5,5,0;2;4;7;8,False,False,,0;4;7;8,2,9.0,18.0,433.0,47.0,5.0,False,1.0,9.0,9.0,False
20,10,_original_nint128_seed25,5,5,5,0;2;5;7;8,False,False,,0;5;7;8,2,12.0,29.0,460.0,42.0,5.0,False,1.0,12.0,12.0,False
20,10,_original_nint128_seed25,5,5,5,0;2;6;7;8,False,False,,0;6;7;8,2,13.0,29.0,639.0,40.0,5.0,False,1.0,13.0,13.0,False
20,10,_original_nint128_seed25,5,5,5,0;2;7;8;9,False,False,,0;7;8;9,2,12.0,31.0,586.0,39.0,5.0,False,1.0,12.0,12.0,False
20,10,_original_nint128_seed25,5,5,5,0;5;6;7;8,False,False,,5;6;7;8,0,12.0,25.0,492.0,39.0,5.0,False,1.0,12.0,12.0,False
20,10,_original_nint128_seed25,5,5,5,1;5;6;7;8,False,False,,5;6;7;8,1,11.0,24.0,535.0,35.0,5.0,False,1.0,11.0,11.0,False
20,10,_original_nint128_seed25,5,5,5,3;5;6;7;8,False,False,,5;6;7;8,3,12.0,26.0,510.0,41.0,5.0,False,1.0,12.0,12.0,False
20,10,_original_nint128_seed25,5,5,5,5;6;7;8;9,False,False,,5;6;7;8,9,11.0,24.0,486.0,34.0,5.0,False,1.0,11.0,11.0,False
20,10,_original_nint128_seed25,5,5,5,0;1;2;4;9,False,False,,0;1;2;4,9,14.0,32.0,624.0,31.0,5.0,False,1.0,14.0,14.0,False
20,10,_original_nint128_seed25,5,5,5,0;2;3;4;9,False,False,,0;2;3;4,9,12.0,22.0,609.0,34.0,5.0,False,1.0,12.0,12.0,False
20,10,_original_nint128_seed25,5,5,5,0;2;4;5;9,False,False,,0;2;4;5,9,13.0,27.0,450.0,32.0,5.0,False,1.0,13.0,13.0,False
20,10,_original_nint128_seed25,5,5,5,0;2;4;6;9,False,False,,0;2;4;6,9,15.0,31.0,618.0,31.0,5.0,False,1.0,15.0,15.0,False
20,10,_original_nint128_seed25,5,5,5,0;2;4;7;9,False,False,,0;2;4;7,9,12.0,25.0,480.0,38.0,5.0,False,1.0,12.0,12.0,False
20,10,_original_nint128_seed25,5,5,5,0;2;4;8;9,False,False,,0;2;4;8,9,12.0,24.0,530.0,37.0,5.0,False,1.0,12.0,12.0,False
20,10,_original_nint128_seed25,5,5,5,1;3;4;7;8,False,False,,3;4;7;8,1,9.0,18.0,484.0,47.0,5.0,False,1.0,9.0,9.0,False
20,10,_original_nint128_seed25,5,5,5,2;3;4;7;8,False,False,,3;4;7;8,2,9.0,17.0,458.0,48.0,5.0,False,1.0,9.0,9.0,False
20,10,_original_nint128_seed25,5,5,5,3;4;5;7;8,False,False,,3;4;7;8,5,9.0,18.0,302.0,50.0,5.0,False,1.0,9.0,9.0,False
20,10,_original_nint128_seed25,5,5,5,3;4;7;8;9,False,False,,3;4;7;8,9,9.0,18.0,436.0,45.0,5.0,False,1.0,9.0,9.0,False
20,10,_original_nint128_seed25,5,5,5,0;1;3;4;6,False,False,,0;1;3;4,6,13.0,27.0,673.0,38.0,5.0,False,1.0,13.0,13.0,False
20,10,_original_nint128_seed25,5,5,5,0;2;3;4;6,False,False,,0;2;3;4,6,12.0,22.0,650.0,37.0,5.0,False,1.0,12.0,12.0,False
20,10,_original_nint128_seed25,5,5,5,0;3;4;5;6,False,False,,0;3;4;5,6,11.0,24.0,491.0,41.0,5.0,False,1.0,11.0,11.0,False
20,10,_original_nint128_seed25,5,5,5,0;3;4;6;9,False,False,,0;3;4;6,9,13.0,27.0,625.0,36.0,5.0,False,1.0,13.0,13.0,False
20,10,_original_nint128_seed25,5,5,5,0;2;5;6;9,False,False,,0;2;5;6,9,16.0,35.0,656.0,25.0,5.0,False,1.0,16.0,16.0,False
20,10,_original_nint128_seed25,5,5,5,1;2;5;6;9,False,False,,1;2;5;6,9,17.0,44.0,698.0,22.0,5.0,False,1.0,17.0,17.0,False
20,10,_original_nint128_seed25,5,5,5,2;4;5;6;9,False,False,,2;4;5;9,6,16.0,37.0,485.0,30.0,5.0,False,1.0,16.0,16.0,False
20,10,_original_nint128_seed25,5,5,5,2;5;6;7;9,False,False,,2;5;6;7,9,14.0,32.0,555.0,28.0,5.0,False,1.0,14.0,14.0,False
20,10,_original_nint128_seed25,5,5,5,0;1;2;8;9,False,False,,0;1;2;8,9,14.0,35.0,730.0,32.0,5.0,False,1.0,14.0,14.0,False
20,10,_original_nint128_seed25,5,5,5,1;2;4;8;9,False,False,,1;2;4;8,9,13.0,31.0,571.0,35.0,5.0,False,1.0,13.0,13.0,False
20,10,_original_nint128_seed25,5,5,5,1;2;6;8;9,False,False,,1;6;8;9,2,16.0,39.0,777.0,28.0,5.0,False,1.0,16.0,16.0,False
20,10,_original_nint128_seed25,5,5,5,1;2;7;8;9,False,False,,1;7;8;9,2,11.0,29.0,629.0,35.0,5.0,False,1.0,11.0,11.0,False
20,10,_original_nint128_seed25,5,5,5,1;2;3;4;9,False,False,,1;2;3;4,9,14.0,32.0,652.0,30.0,5.0,False,1.0,14.0,14.0,False
20,10,_original_nint128_seed25,5,5,5,2;3;4;5;9,False,False,,2;3;4;5,9,13.0,28.0,471.0,32.0,5.0,False,1.0,13.0,13.0,False
20,10,_original_nint128_seed25,5,5,5,2;3;4;6;9,False,False,,2;3;4;6,9,15.0,31.0,646.0,30.0,5.0,False,1.0,15.0,15.0,False
20,10,_original_nint128_seed25,5,5,5,2;3;4;7;9,False,False,,2;3;4;7,9,12.0,22.0,507.0,38.0,5.0,False,1.0,12.0,12.0,False
20,10,_original_nint128_seed25,5,5,5,2;3;4;8;9,False,False,,2;3;4;8,9,12.0,26.0,556.0,37.0,5.0,False,1.0,12.0,12.0,False
20,10,_original_nint128_seed25,5,5,5,1;3;4;5;6,False,False,,1;3;4;5,6,15.0,33.0,535.0,36.0,5.0,False,1.0,15.0,15.0,False
20,10,_original_nint128_seed25,5,5,5,3;4;5;6;7,False,False,,3;4;5;7,6,12.0,25.0,390.0,44.0,5.0,False,1.0,12.0,12.0,False
20,10,_original_nint128_seed25,5,5,5,3;4;5;6;9,False,False,,3;4;5;9,6,15.0,33.0,487.0,34.0,5.0,False,1.0,15.0,15.0,False
20,10,_original_nint128_seed25,5,5,5,0;1;3;4;8,False,False,,0;3;4;8,1,10.0,21.0,585.0,44.0,5.0,False,1.0,10.0,10.0,False
20,10,_original_nint128_seed25,5,5,5,1;3;4;5;8,False,False,,3;4;5;8,1,12.0,26.0,447.0,42.0,5.0,False,1.0,12.0,12.0,False
20,10,_original_nint128_seed25,5,5,5,1;3;4;8;9,False,False,,1;3;4;8,9,12.0,27.0,580.0,38.0,5.0,False,1.0,12.0,12.0,False
20,10,_original_nint128_seed25,5,5,5,0;1;2;3;4,False,False,,0;2;3;4,1,12.0,22.0,657.0,36.0,5.0,False,1.0,12.0,12.0,False
20,10,_original_nint128_seed25,5,5,5,0;2;3;4;5,False,False,,0;2;3;4,5,10.0,19.0,475.0,39.0,5.0,False,1.0,10.0,10.0,False
20,10,_original_nint128_seed25,5,5,5,0;2;3;4;8,False,False,,0;3;4;8,2,10.0,19.0,560.0,44.0,5.0,False,1.0,10.0,10.0,False
20,10,_original_nint128_seed25,5,5,5,0;4;7;8;9,False,False,,0;4;7;8,9,9.0,18.0,412.0,43.0,5.0,False,1.0,9.0,9.0,False
20,10,_original_nint128_seed25,5,5,5,1;4;7;8;9,False,False,,1;4;7;8,9,9.0,19.0,453.0,41.0,5.0,False,1.0,9.0,9.0,False
20,10,_original_nint128_seed25,5,5,5,2;4;7;8;9,False,False,,2;4;7;8,9,9.0,19.0,428.0,41.0,5.0,False,1.0,9.0,9.0,False
20,10,_original_nint128_seed25,5,5,5,4;5;7;8;9,False,False,,4;5;7;8,9,9.0,18.0,279.0,42.0,5.0,False,1.0,9.0,9.0,False
20,10,_original_nint128_seed25,5,5,5,0;1;2;5;6,False,False,,0;2;5;6,1,16.0,35.0,705.0,26.0,5.0,False,1.0,16.0,16.0,False
20,10,_original_nint128_seed25,5,5,5,0;2;4;5;6,False,False,,0;2;4;5,6,13.0,28.0,491.0,35.0,5.0,False,1.0,13.0,13.0,False
20,10,_original_nint128_seed25,5,5,5,0;2;5;6;7,False,False,,0;5;6;7,2,14.0,31.0,560.0,34.0,5.0,False,1.0,14.0,14.0,False
20,10,_original_nint128_seed25,5,5,5,0;1;2;4;8,False,False,,0;2;4;8,1,12.0,24.0,578.0,39.0,5.0,False,1.0,12.0,12.0,False
20,10,_original_nint128_seed25,5,5,5,0;1;2;5;8,False,False,,0;2;5;8,1,14.0,33.0,605.0,34.0,5.0,False,1.0,14.0,14.0,False
20,10,_original_nint128_seed25,5,5,5,0;1;2;6;8,False,False,,0;2;6;8,1,16.0,34.0,784.0,32.0,5.0,False,1.0,16.0,16.0,False
20,10,_original_nint128_seed25,5,5,5,1;3;4;7;9,False,False,,1;3;4;7,9,12.0,27.0,530.0,39.0,5.0,False,1.0,12.0,12.0,False
20,10,_original_nint128_seed25,5,5,5,3;4;5;7;9,False,False,,3;4;5;7,9,12.0,24.0,349.0,41.0,5.0,False,1.0,12.0,12.0,False
20,10,_original_nint128_seed25,5,5,5,3;4;6;7;9,False,False,,3;4;6;7,9,13.0,26.0,524.0,39.0,5.0,False,1.0,13.0,13.0,False
20,10,_original_nint128_seed25,5,5,5,2;3;5;7;8,False,False,,3;5;7;8,2,12.0,29.0,479.0,43.0,5.0,False,1.0,12.0,12.0,False
20,10,_original_nint128_seed25,5,5,5,2;3;6;7;8,False,False,,3;6;7;8,2,13.0,28.0,665.0,40.0,5.0,False,1.0,13.0,13.0,False
20,10,_original_nint128_seed25,5,5,5,2;3;7;8;9,False,False,,3;7;8;9,2,12.0,30.0,612.0,39.0,5.0,False,1.0,12.0,12.0,False
20,10,_original_nint128_seed25,5,5,5,0;1;3;4;9,False,False,,0;1;3;4,9,12.0,28.0,631.0,36.0,5.0,False,1.0,12.0,12.0,False
20,10,_original_nint128_seed25,5,5,5,0;1;4;5;9,False,False,,0;1;4;5,9,15.0,36.0,472.0,34.0,5.0,False,1.0,15.0,15.0,False
20,10,_original_nint128_seed25,5,5,5,0;1;4;6;9,False,False,,0;1;4;6,9,16.0,39.0,640.0,33.0,5.0,False,1.0,16.0,16.0,False
20,10,_original_nint128_seed25,5,5,5,0;1;4;7;9,False,False,,0;1;4;7,9,12.0,29.0,504.0,38.0,5.0,False,1.0,12.0,12.0,False
20,10,_original_nint128_seed25,5,5,5,0;1;4;8;9,False,False,,0;1;4;8,9,12.0,27.0,554.0,38.0,5.0,False,1.0,12.0,12.0,False
20,10,_original_nint128_seed25,5,5,5,1;2;4;5;8,False,False,,2;4;5;8,1,13.0,29.0,445.0,38.0,5.0,False,1.0,13.0,13.0,False
20,10,_original_nint128_seed25,5,5,5,1;2;4;7;8,False,False,,2;4;7;8,1,9.0,19.0,476.0,43.0,5.0,False,1.0,9.0,9.0,False
20,10,_original_nint128_seed25,5,5,5,1;2;4;5;6,False,False,,1;2;4;5,6,16.0,37.0,533.0,32.0,5.0,False,1.0,16.0,16.0,False
20,10,_original_nint128_seed25,5,5,5,2;4;5;6;7,False,False,,2;4;5;7,6,12.0,26.0,389.0,39.0,5.0,False,1.0,12.0,12.0,False
20,10,_original_nint128_seed25,5,5,5,0;1;2;4;7,False,False,,0;2;4;7,1,12.0,25.0,528.0,40.0,5.0,False,1.0,12.0,12.0,False
20,10,_original_nint128_seed25,5,5,5,0;2;4;5;7,False,False,,0;2;4;7,5,11.0,23.0,353.0,42.0,5.0,False,1.0,11.0,11.0,False
20,10,_original_nint128_seed25,5,5,5,0;2;4;6;7,False,False,,0;2;4;7,6,12.0,25.0,521.0,41.0,5.0,False,1.0,12.0,12.0,False
20,10,_original_nint128_seed25,5,5,5,0;1;2;4;5,False,False,,0;2;4;5,1,13.0,27.0,498.0,34.0,5.0,False,1.0,13.0,13.0,False
20,10,_original_nint128_seed25,5,5,5,1;2;3;4;5,False,False,,2;3;4;5,1,13.0,28.0,519.0,34.0,5.0,False,1.0,13.0,13.0,False
20,10,_original_nint128_seed25,5,5,5,1;2;4;5;7,False,False,,2;4;5;7,1,12.0,25.0,396.0,38.0,5.0,False,1.0,12.0,12.0,False
20,10,_original_nint128_seed25,5,5,5,1;2;4;5;9,False,False,,1;2;4;5,9,15.0,39.0,491.0,30.0,5.0,False,1.0,15.0,15.0,False
20,10,_original_nint128_seed25,5,5,5,0;1;2;3;9,False,False,,0;1;2;3,9,13.0,34.0,810.0,28.0,5.0,False,1.0,13.0,13.0,False
20,10,_original_nint128_seed25,5,5,5,0;2;3;5;9,False,False,,0;2;3;5,9,12.0,29.0,629.0,30.0,5.0,False,1.0,12.0,12.0,False
20,10,_original_nint128_seed25,5,5,5,0;2;3;6;9,False,False,,0;2;3;6,9,15.0,32.0,815.0,27.0,5.0,False,1.0,15.0,15.0,False
20,10,_original_nint128_seed25,5,5,5,0;2;3;8;9,False,False,,0;2;3;8,9,13.0,33.0,713.0,36.0,5.0,False,1.0,13.0,13.0,False
20,10,_original_nint128_seed25,5,5,5,0;1;4;7;8,False,False,,0;4;7;8,1,9.0,18.0,460.0,45.0,5.0,False,1.0,9.0,9.0,False
20,10,_original_nint128_seed25,5,5,5,1;4;5;7;8,False,False,,4;5;7;8,1,9.0,18.0,327.0,44.0,5.0,False,1.0,9.0,9.0,False
20,10,_original_nint128_seed25,5,5,5,0;4;5;6;7,False,False,,0;4;5;7,6,12.0,26.0,371.0,42.0,5.0,False,1.0,12.0,12.0,False
20,10,_original_nint128_seed25,5,5,5,1;4;5;6;7,False,False,,1;4;5;7,6,13.0,29.0,413.0,39.0,5.0,False,1.0,13.0,13.0,False
20,10,_original_nint128_seed25,5,5,5,4;5;6;7;9,False,False,,4;5;7;9,6,13.0,29.0,365.0,37.0,5.0,False,1.0,13.0,13.0,False
20,10,_original_nint128_seed25,5,5,5,0;1;2;3;5,False,False,,0;2;3;5,1,12.0,29.0,678.0,31.0,5.0,False,1.0,12.0,12.0,False
20,10,_original_nint128_seed25,5,5,5,0;1;3;4;5,False,False,,0;3;4;5,1,11.0,23.0,498.0,40.0,5.0,False,1.0,11.0,11.0,False
20,10,_original_nint128_seed25,5,5,5,0;1;3;5;6,False,False,,0;3;5;6,1,14.0,31.0,706.0,31.0,5.0,False,1.0,14.0,14.0,False
20,10,_original_nint128_seed25,5,5,5,0;1;3;5;8,False,False,,0;3;5;8,1,12.0,30.0,606.0,39.0,5.0,False,1.0,12.0,12.0,False
20,10,_original_nint128_seed25,5,5,5,0;1;3;5;9,False,False,,0;1;3;5,9,13.0,34.0,652.0,31.0,5.0,False,1.0,13.0,13.0,False
20,10,_original_nint128_seed25,5,5,5,0;1;3;6;8,False,False,,0;3;6;8,1,14.0,31.0,792.0,36.0,5.0,False,1.0,14.0,14.0,False
20,10,_original_nint128_seed25,5,5,5,0;2;3;6;8,False,False,,0;3;6;8,2,14.0,31.0,766.0,37.0,5.0,False,1.0,14.0,14.0,False
20,10,_original_nint128_seed25,5,5,5,0;3;5;6;8,False,False,,0;3;5;8,6,13.0,29.0,610.0,39.0,5.0,False,1.0,13.0,13.0,False
20,10,_original_nint128_seed25,5,5,5,0;3;6;8;9,False,False,,0;3;6;8,9,14.0,32.0,743.0,35.0,5.0,False,1.0,14.0,14.0,False
20,10,_original_nint128_seed25,5,5,5,0;1;6;7;8,False,False,,1;6;7;8,0,12.0,26.0,667.0,37.0,5.0,False,1.0,12.0,12.0,False
20,10,_original_nint128_seed25,5,5,5,1;2;6;7;8,False,False,,1;6;7;8,2,12.0,28.0,683.0,35.0,5.0,False,1.0,12.0,12.0,False
20,10,_original_nint128_seed25,5,5,5,1;3;6;7;8,False,False,,1;6;7;8,3,12.0,26.0,692.0,38.0,5.0,False,1.0,12.0,12.0,False
20,10,_original_nint128_seed25,5,5,5,1;6;7;8;9,False,False,,1;6;7;8,9,11.0,25.0,660.0,33.0,5.0,False,1.0,11.0,11.0,False
20,10,_original_nint128_seed25,5,5,5,1;2;4;6;9,False,False,,1;2;4;6,9,17.0,42.0,659.0,29.0,5.0,False,1.0,17.0,17.0,False
20,10,_original_nint128_seed25,5,5,5,1;2;4;7;9,False,False,,1;2;4;7,9,12.0,29.0,522.0,35.0,5.0,False,1.0,12.0,12.0,False
20,10,_original_nint128_seed25,5,5,5,1;3;5;6;8,False,False,,3;5;6;8,1,15.0,34.0,654.0,34.0,5.0,False,1.0,15.0,15.0,False
20,10,_original_nint128_seed25,5,5,5,3;5;6;8;9,False,False,,3;5;6;8,9,15.0,34.0,605.0,33.0,5.0,False,1.0,15.0,15.0,False
20,10,_original_nint128_seed25,5,5,5,0;1;2;6;9,False,False,,0;1;2;6,9,17.0,40.0,830.0,24.0,5.0,False,1.0,17.0,17.0,False
20,10,_original_nint128_seed25,5,5,5,1;2;3;6;9,False,False,,1;2;3;6,9,17.0,40.0,858.0,23.0,5.0,False,1.0,17.0,17.0,False
20,10,_original_nint128_seed25,5,5,5,1;2;6;7;9,False,False,,1;2;6;7,9,14.0,36.0,729.0,27.0,5.0,False,1.0,14.0,14.0,False
20,10,_original_nint128_seed25,5,5,5,0;2;5;8;9,False,False,,0;2;5;8,9,14.0,33.0,556.0,33.0,5.0,False,1.0,14.0,14.0,False
20,10,_original_nint128_seed25,5,5,5,2;3;5;8;9,False,False,,3;5;8;9,2,14.0,36.0,575.0,34.0,5.0,False,1.0,14.0,14.0,False
20,10,_original_nint128_seed25,5,5,5,2;4;5;8;9,False,False,,2;4;5;8,9,13.0,29.0,397.0,36.0,5.0,False,1.0,13.0,13.0,False
20,10,_original_nint128_seed25,5,5,5,2;5;7;8;9,False,False,,5;7;8;9,2,11.0,28.0,455.0,36.0,5.0,False,1.0,11.0,11.0,False
20,10,_original_nint128_seed25,5,5,5,0;2;3;5;8,False,False,,0;2;3;5,8,12.0,30.0,580.0,40.0,5.0,False,1.0,12.0,12.0,False
20,10,_original_nint128_seed25,5,5,5,1;2;5;7;8,False,False,,1;5;7;8,2,11.0,28.0,504.0,37.0,5.0,False,1.0,11.0,11.0,False
20,10,_original_nint128_seed25,5,5,5,1;2;5;6;7,False,False,,1;5;6;7,2,14.0,32.0,604.0,29.0,5.0,False,1.0,14.0,14.0,False
20,10,_original_nint128_seed25,5,5,5,1;2;3;4;7,False,False,,2;3;4;7,1,12.0,22.0,555.0,40.0,5.0,False,1.0,12.0,12.0,False
20,10,_original_nint128_seed25,5,5,5,2;3;4;5;7,False,False,,2;3;4;7,5,11.0,21.0,373.0,43.0,5.0,False,1.0,11.0,11.0,False
20,10,_original_nint128_seed25,5,5,5,2;3;4;6;7,False,False,,2;3;4;7,6,12.0,22.0,548.0,41.0,5.0,False,1.0,12.0,12.0,False
20,10,_original_nint128_seed25,5,5,5,0;1;5;6;9,False,False,,0;1;5;6,9,17.0,41.0,679.0,26.0,5.0,False,1.0,17.0,17.0,False
20,10,_original_nint128_seed25,5,5,5,0;3;5;6;9,False,False,,0;3;5;6,9,14.0,31.0,657.0,30.0,5.0,False,1.0,14.0,14.0,False
20,10,_original_nint128_seed25,5,5,5,0;4;5;6;9,False,False,,0;4;5;9,6,15.0,34.0,466.0,34.0,5.0,False,1.0,15.0,15.0,False
20,10,_original_nint128_seed25,5,5,5,0;5;6;7;9,False,False,,0;5;6;7,9,14.0,31.0,537.0,31.0,5.0,False,1.0,14.0,14.0,False
20,10,_original_nint128_seed25,5,5,5,0;5;6;8;9,False,False,,0;5;6;8,9,15.0,33.0,586.0,32.0,5.0,False,1.0,15.0,15.0,False
20,10,_original_nint128_seed25,5,5,5,0;1;3;8;9,False,False,,0;1;3;8,9,12.0,32.0,738.0,36.0,5.0,False,1.0,12.0,12.0,False
20,10,_original_nint128_seed25,5,5,5,0;1;6;8;9,False,False,,0;1;6;8,9,15.0,35.0,760.0,31.0,5.0,False,1.0,15.0,15.0,False
20,10,_original_nint128_seed25,5,5,5,0;1;7;8;9,False,False,,1;7;8;9,0,11.0,27.0,613.0,37.0,5.0,False,1.0,11.0,11.0,False
20,10,_original_nint128_seed25,5,5,5,1;3;5;6;9,False,False,,1;3;5;6,9,17.0,40.0,700.0,26.0,5.0,False,1.0,17.0,17.0,False
20,10,_original_nint128_seed25,5,5,5,1;4;5;6;9,False,False,,1;4;5;6,9,18.0,44.0,507.0,32.0,5.0,False,1.0,18.0,18.0,False
20,10,_original_nint128_seed25,5,5,5,1;5;6;7;9,False,False,,1;5;6;7,9,14.0,33.0,579.0,28.0,5.0,False,1.0,14.0,14.0,False
20,10,_original_nint128_seed25,5,5,5,0;1;2;5;7,False,False,,0;1;5;7,2,13.0,32.0,556.0,34.0,5.0,False,1.0,13.0,13.0,False
20,10,_original_nint128_seed25,5,5,5,0;2;5;7;9,False,False,,0;2;5;7,9,13.0,32.0,507.0,33.0,5.0,False,1.0,13.0,13.0,False
20,10,_original_nint128_seed25,5,5,5,0;1;6;7;9,False,False,,0;1;6;7,9,14.0,35.0,711.0,30.0,5.0,False,1.0,14.0,14.0,False
20,10,_original_nint128_seed25,5,5,5,0;2;6;7;9,False,False,,0;2;6;7,9,15.0,34.0,686.0,31.0,5.0,False,1.0,15.0,15.0,False
20,10,_original_nint128_seed25,5,5,5,0;4;6;7;9,False,False,,0;4;6;7,9,13.0,28.0,498.0,38.0,5.0,False,1.0,13.0,13.0,False
20,10,_original_nint128_seed25,5,5,5,0;6;7;8;9,False,False,,6;7;8;9,0,12.0,27.0,618.0,36.0,5.0,False,1.0,12.0,12.0,False
20,10,_original_nint128_seed25,5,5,5,2;3;6;8;9,False,False,,2;3;6;8,9,16.0,37.0,761.0,31.0,5.0,False,1.0,16.0,16.0,False
20,10,_original_nint128_seed25,5,5,5,1;2;3;5;7,False,False,,2;3;5;7,1,13.0,30.0,577.0,34.0,5.0,False,1.0,13.0,13.0,False
20,10,_original_nint128_seed25,5,5,5,1;2;3;5;9,False,False,,1;2;3;5,9,14.0,38.0,672.0,26.0,5.0,False,1.0,14.0,14.0,False
20,10,_original_nint128_seed25,5,5,5,1;3;4;5;9,False,False,,1;3;4;5,9,15.0,35.0,493.0,34.0,5.0,False,1.0,15.0,15.0,False
20,10,_original_nint128_seed25,5,5,5,1;4;5;7;9,False,False,,1;4;5;7,9,13.0,30.0,371.0,37.0,5.0,False,1.0,13.0,13.0,False
20,10,_original_nint128_seed25,5,5,5,0;4;5;7;8,False,False,,0;4;7;8,5,9.0,17.0,285.0,47.0,5.0,False,1.0,9.0,9.0,False
20,10,_original_nint128_seed25,5,5,5,2;4;5;7;8,False,False,,2;4;7;8,5,9.0,18.0,301.0,45.0,5.0,False,1.0,9.0,9.0,False
20,10,_original_nint128_seed25,5,5,5,0;1;4;6;7,False,False,,0;1;4;7,6,13.0,28.0,546.0,40.0,5.0,False,1.0,13.0,13.0,False
20,10,_original_nint128_seed25,5,5,5,1;2;4;6;7,False,False,,1;2;4;7,6,13.0,28.0,564.0,37.0,5.0,False,1.0,13.0,13.0,False
20,10,_original_nint128_seed25,5,5,5,1;3;4;6;7,False,False,,1;3;4;7,6,13.0,26.0,572.0,41.0,5.0,False,1.0,13.0,13.0,False
20,10,_original_nint128_seed25,5,5,5,1;4;6;7;9,False,False,,1;4;6;7,9,13.0,33.0,539.0,36.0,5.0,False,1.0,13.0,13.0,False
20,10,_original_nint128_seed25,5,5,5,0;1;4;5;7,False,False,,0;4;5;7,1,12.0,25.0,378.0,41.0,5.0,False,1.0,12.0,12.0,False
20,10,_original_nint128_seed25,5,5,5,0;4;5;7;9,False,False,,0;4;5;7,9,12.0,25.0,330.0,39.0,5.0,False,1.0,12.0,12.0,False
20,10,_original_nint128_seed25,5,5,5,2;4;5;7;9,False,False,,2;4;5;7,9,12.0,25.0,348.0,36.0,5.0,False,1.0,12.0,12.0,False
20,10,_original_nint128_seed25,5,5,5,0;1;4;5;8,False,False,,0;4;5;8,1,12.0,25.0,428.0,41.0,5.0,False,1.0,12.0,12.0,False
20,10,_original_nint128_seed25,5,5,5,1;3;7;8;9,False,False,,1;7;8;9,3,11.0,27.0,638.0,38.0,5.0,False,1.0,11.0,11.0,False
20,10,_original_nint128_seed25,5,5,5,3;5;6;7;9,False,False,,3;5;6;7,9,14.0,30.0,557.0,32.0,5.0,False,1.0,14.0,14.0,False
20,10,_original_nint128_seed25,5,5,5,0;1;2;3;6,False,False,,0;2;3;6,1,15.0,31.0,864.0,28.0,5.0,False,1.0,15.0,15.0,False
20,10,_original_nint128_seed25,5,5,5,0;1;2;6;7,False,False,,0;1;6;7,2,15.0,33.0,735.0,32.0,5.0,False,1.0,15.0,15.0,False
20,10,_original_nint128_seed25,5,5,5,1;2;3;6;7,False,False,,2;3;6;7,1,15.0,30.0,763.0,31.0,5.0,False,1.0,15.0,15.0,False
20,10,_original_nint128_seed25,5,5,5,1;2;3;4;6,False,False,,1;2;3;4,6,15.0,31.0,694.0,32.0,5.0,False,1.0,15.0,15.0,False
20,10,_original_nint128_seed25,5,5,5,0;3;4;5;9,False,False,,0;3;4;5,9,11.0,23.0,450.0,38.0,5.0,False,1.0,11.0,11.0,False
20,10,_original_nint128_seed25,5,5,5,3;4;5;8;9,False,False,,3;4;5;8,9,12.0,26.0,399.0,40.0,5.0,False,1.0,12.0,12.0,False
20,10,_original_nint128_seed25,5,5,5,0;5;7;8;9,False,False,,5;7;8;9,0,11.0,26.0,439.0,38.0,5.0,False,1.0,11.0,11.0,False
20,10,_original_nint128_seed25,5,5,5,0;1;5;6;7,False,False,,0;5;6;7,1,14.0,31.0,586.0,32.0,5.0,False,1.0,14.0,14.0,False
20,10,_original_nint128_seed25,5,5,5,1;3;5;6;7,False,False,,3;5;6;7,1,14.0,30.0,606.0,33.0,5.0,False,1.0,14.0,14.0,False
20,10,_original_nint128_seed25,5,5,5,0;1;2;5;9,False,False,,0;1;2;5,9,14.0,37.0,651.0,26.0,5.0,False,1.0,14.0,14.0,False
20,10,_original_nint128_seed25,5,5,5,2;3;6;7;9,False,False,,2;3;6;7,9,15.0,31.0,714.0,30.0,5.0,False,1.0,15.0,15.0,False
20,10,_original_nint128_seed25,5,5,5,2;4;6;7;9,False,False,,2;4;6;7,9,13.0,28.0,516.0,35.0,5.0,False,1.0,13.0,13.0,False
20,10,_original_nint128_seed25,5,5,5,2;6;7;8;9,False,False,,6;7;8;9,2,12.0,29.0,634.0,34.0,5.0,False,1.0,12.0,12.0,False
20,10,_original_nint128_seed25,5,5,5,1;3;4;5;7,False,False,,3;4;5;7,1,12.0,24.0,397.0,43.0,5.0,False,1.0,12.0,12.0,False
20,10,_original_nint128_seed25,5,5,5,0;1;5;7;8,False,False,,1;5;7;8,0,11.0,26.0,488.0,39.0,5.0,False,1.0,11.0,11.0,False
20,10,_original_nint128_seed25,5,5,5,1;3;5;7;8,False,False,,1;5;7;8,3,11.0,27.0,506.0,41.0,5.0,False,1.0,11.0,11.0,False
20,10,_original_nint128_seed25,5,5,5,0;3;4;8;9,False,False,,0;3;4;8,9,10.0,21.0,537.0,42.0,5.0,False,1.0,10.0,10.0,False
20,10,_original_nint128_seed25,5,5,5,0;4;5;8;9,False,False,,0;4;5;8,9,12.0,25.0,380.0,39.0,5.0,False,1.0,12.0,12.0,False
20,10,_original_nint128_seed25,5,5,5,0;3;5;8;9,False,False,,0;3;5;8,9,12.0,30.0,557.0,38.0,5.0,False,1.0,12.0,12.0,False
20,10,_original_nint128_seed25,5,5,5,3;5;7;8;9,False,False,,5;7;8;9,3,11.0,27.0,457.0,40.0,5.0,False,1.0,11.0,11.0,False
20,10,_original_nint128_seed25,5,5,5,0;1;3;6;9,False,False,,0;1;3;6,9,15.0,36.0,838.0,28.0,5.0,False,1.0,15.0,15.0,False
20,10,_original_nint128_seed25,5,5,5,1;3;4;6;9,False,False,,1;3;4;6,9,16.0,37.0,668.0,32.0,5.0,False,1.0,16.0,16.0,False
20,10,_original_nint128_seed25,5,5,5,1;3;6;7;9,False,False,,1;3;6;7,9,14.0,33.0,738.0,30.0,5.0,False,1.0,14.0,14.0,False
20,10,_original_nint128_seed25,5,5,5,1;3;6;8;9,False,False,,1;3;6;8,9,15.0,35.0,786.0,31.0,5.0,False,1.0,15.0,15.0,False
20,10,_original_nint128_seed25,5,5,5,2;3;4;5;8,False,False,,2;3;4;8,5,11.0,25.0,422.0,42.0,5.0,False,1.0,11.0,11.0,False
20,10,_original_nint128_seed25,5,5,5,0;2;6;8;9,False,False,,0;2;6;8,9,16.0,35.0,735.0,31.0,5.0,False,1.0,16.0,16.0,False
20,10,_original_nint128_seed25,5,5,5,1;2;5;7;9,False,False,,1;2;5;7,9,12.0,34.0,550.0,29.0,5.0,False,1.0,12.0,12.0,False
20,10,_original_nint128_seed25,5,5,5,2;3;5;7;9,False,False,,2;3;5;7,9,13.0,30.0,528.0,33.0,5.0,False,1.0,13.0,13.0,False
20,10,_original_nint128_seed25,5,5,5,0;3;4;5;8,False,False,,0;3;4;8,5,9.0,19.0,403.0,47.0,5.0,False,1.0,9.0,9.0,False
20,10,_original_nint128_seed25,5,5,5,3;6;7;8;9,False,False,,6;7;8;9,3,12.0,27.0,643.0,37.0,5.0,False,1.0,12.0,12.0,False
20,10,_original_nint128_seed25,5,5,5,1;2;3;7;9,False,False,,1;2;3;7,9,13.0,33.0,709.0,31.0,5.0,False,1.0,13.0,13.0,False
20,10,_original_nint128_seed25,5,5,5,1;3;5;7;9,False,False,,1;3;5;7,9,13.0,32.0,552.0,33.0,5.0,False,1.0,13.0,13.0,False
20,10,_original_nint128_seed25,5,5,5,0;1;5;6;8,False,False,,0;5;6;8,1,15.0,33.0,635.0,33.0,5.0,False,1.0,15.0,15.0,False
20,10,_original_nint128_seed25,5,5,5,0;2;4;5;8,False,False,,0;2;4;8,5,11.0,22.0,403.0,41.0,5.0,False,1.0,11.0,11.0,False
20,10,_original_nint128_seed25,5,5,5,0;1;2;4;6,False,False,,0;1;2;4,6,15.0,31.0,666.0,33.0,5.0,False,1.0,15.0,15.0,False
20,10,_original_nint128_seed25,5,5,5,0;1;4;5;6,False,False,,0;1;4;5,6,15.0,34.0,514.0,36.0,5.0,False,1.0,15.0,15.0,False
20,10,_original_nint128_seed25,5,5,5,0;1;5;7;9,False,False,,0;1;5;7,9,13.0,33.0,532.0,32.0,5.0,False,1.0,13.0,13.0,False
20,10,_original_nint128_seed25,5,5,5,0;1;2;7;9,False,False,,0;1;2;7,9,13.0,35.0,681.0,32.0,5.0,False,1.0,13.0,13.0,False
20,10,_original_nint128_seed25,6,6,4,0;3;5;6;8;9,False,False,,0;3;5;6;8,9,10.0,22.0,527.0,42.0,5.0,False,1.0,10.0,10.0,False
20,10,_original_nint128_seed25,6,6,4,2;3;5;6;8;9,False,False,,3;5;6;8;9,2,12.0,28.0,545.0,38.0,5.0,False,1.0,12.0,12.0,False
20,10,_original_nint128_seed25,6,6,4,3;5;6;7;8;9,False,False,,5;6;7;8;9,3,9.0,19.0,427.0,44.0,5.0,False,1.0,9.0,9.0,False
20,10,_original_nint128_seed25,6,6,4,0;1;2;3;8;9,False,False,,0;1;3;8;9,2,9.0,25.0,678.0,41.0,5.0,False,1.0,9.0,9.0,False
20,10,_original_nint128_seed25,6,6,4,0;2;3;4;8;9,False,False,,0;2;3;4;8,9,8.0,15.0,477.0,47.0,5.0,False,1.0,8.0,8.0,False
20,10,_original_nint128_seed25,6,6,4,0;2;3;5;8;9,False,False,,0;2;3;5;9,8,9.0,23.0,497.0,43.0,5.0,False,1.0,9.0,9.0,False
20,10,_original_nint128_seed25,6,6,4,0;2;3;6;8;9,False,False,,0;2;3;6;8,9,11.0,25.0,683.0,40.0,5.0,False,1.0,11.0,11.0,False
20,10,_original_nint128_seed25,6,6,4,0;2;5;6;7;9,False,False,,0;2;5;6;7,9,11.0,24.0,477.0,37.0,5.0,False,1.0,11.0,11.0,False
20,10,_original_nint128_seed25,6,6,4,1;2;5;6;7;9,False,False,,1;2;5;6;7,9,10.0,26.0,520.0,33.0,5.0,False,1.0,10.0,10.0,False
20,10,_original_nint128_seed25,6,6,4,2;3;5;6;7;9,False,False,,2;3;5;6;7,9,11.0,22.0,498.0,37.0,5.0,False,1.0,11.0,11.0,False
20,10,_original_nint128_seed25,6,6,4,2;4;5;6;7;9,False,False,,2;4;5;7;9,6,10.0,21.0,306.0,42.0,5.0,False,1.0,10.0,10.0,False
20,10,_original_nint128_seed25,6,6,4,2;5;6;7;8;9,False,False,,5;6;7;8;9,2,9.0,20.0,425.0,40.0,5.0,False,1.0,9.0,9.0,False
20,10,_original_nint128_seed25,6,6,4,0;1;2;7;8;9,False,False,,0;1;7;8;9,2,9.0,23.0,551.0,44.0,5.0,False,1.0,9.0,9.0,False
20,10,_original_nint128_seed25,6,6,4,1;2;3;7;8;9,False,False,,1;3;7;8;9,2,9.0,22.0,577.0,44.0,5.0,False,1.0,9.0,9.0,False
20,10,_original_nint128_seed25,6,6,4,1;2;4;7;8;9,False,False,,1;2;4;7;8,9,7.0,14.0,392.0,47.0,5.0,False,1.0,7.0,7.0,False
20,10,_original_nint128_seed25,6,6,4,1;2;6;7;8;9,False,False,,1;6;7;8;9,2,9.0,21.0,599.0,39.0,5.0,False,1.0,9.0,9.0,False
20,10,_original_nint128_seed25,6,6,4,1;2;3;4;7;9,False,False,,1;2;3;4;7,9,9.0,19.0,471.0,44.0,5.0,False,1.0,9.0,9.0,False
20,10,_original_nint128_seed25,6,6,4,2;3;4;5;7;9,False,False,,2;3;4;5;7,9,9.0,16.0,290.0,46.0,5.0,False,1.0,9.0,9.0,False
20,10,_original_nint128_seed25,6,6,4,2;3;4;6;7;9,False,False,,2;3;4;6;7,9,10.0,18.0,465.0,44.0,5.0,False,1.0,10.0,10.0,False
20,10,_original_nint128_seed25,6,6,4,2;3;4;7;8;9,False,False,,2;3;4;7;8,9,7.0,13.0,375.0,51.0,5.0,False,1.0,7.0,7.0,False
20,10,_original_nint128_seed25,6,6,4,0;1;4;5;6;9,False,False,,0;1;4;5;6,9,13.0,32.0,430.0,40.0,5.0,False,1.0,13.0,13.0,False
20,10,_original_nint128_seed25,6,6,4,0;2;4;5;6;9,False,False,,0;2;4;5;9,6,11.0,23.0,408.0,38.0,5.0,False,1.0,11.0,11.0,False
20,10,_original_nint128_seed25,6,6,4,0;3;4;5;6;9,False,False,,0;3;4;5;9,6,9.0,19.0,408.0,44.0,5.0,False,1.0,9.0,9.0,False
20,10,_original_nint128_seed25,6,6,4,0;4;5;6;7;9,False,False,,0;4;5;7;9,6,10.0,21.0,288.0,45.0,5.0,False,1.0,10.0,10.0,False
20,10,_original_nint128_seed25,6,6,4,1;2;3;4;7;8,False,False,,2;3;4;7;8,1,7.0,13.0,423.0,53.0,5.0,False,1.0,7.0,7.0,False
20,10,_original_nint128_seed25,6,6,4,1;3;4;5;7;8,False,False,,1;3;4;7;8,5,7.0,13.0,267.0,55.0,5.0,False,1.0,7.0,7.0,False
20,10,_original_nint128_seed25,6,6,4,1;3;4;7;8;9,False,False,,1;3;4;7;8,9,7.0,13.0,400.0,51.0,5.0,False,1.0,7.0,7.0,False
20,10,_original_nint128_seed25,6,6,4,1;3;4;5;6;7,False,False,,1;3;4;5;7,6,10.0,20.0,355.0,49.0,5.0,False,1.0,10.0,10.0,False
20,10,_original_nint128_seed25,6,6,4,2;3;4;5;6;7,False,False,,2;3;4;5;7,6,9.0,17.0,331.0,49.0,5.0,False,1.0,9.0,9.0,False
20,10,_original_nint128_seed25,6,6,4,3;4;5;6;7;9,False,False,,3;4;5;7;9,6,10.0,20.0,307.0,47.0,5.0,False,1.0,10.0,10.0,False
20,10,_original_nint128_seed25,6,6,4,0;1;2;4;5;6,False,False,,0;1;2;4;5,6,11.0,23.0,456.0,40.0,5.0,False,1.0,11.0,11.0,False
20,10,_original_nint128_seed25,6,6,4,0;1;3;4;5;6,False,False,,0;1;3;4;5,6,9.0,19.0,456.0,46.0,5.0,False,1.0,9.0,9.0,False
20,10,_original_nint128_seed25,6,6,4,0;1;4;5;6;7,False,False,,0;1;4;5;7,6,10.0,21.0,336.0,47.0,5.0,False,1.0,10.0,10.0,False
20,10,_original_nint128_seed25,6,6,4,0;1;2;6;7;8,False,False,,0;1;6;7;8,2,10.0,22.0,605.0,44.0,5.0,False,1.0,10.0,10.0,False
20,10,_original_nint128_seed25,6,6,4,0;1;5;6;7;8,False,False,,1;5;6;7;8,0,9.0,18.0,458.0,43.0,5.0,False,1.0,9.0,9.0,False
20,10,_original_nint128_seed25,6,6,4,0;1;6;7;8;9,False,False,,1;6;7;8;9,0,9.0,19.0,583.0,41.0,5.0,False,1.0,9.0,9.0,False
20,10,_original_nint128_seed25,6,6,4,1;2;3;4;5;6,False,False,,1;2;3;4;5,6,11.0,24.0,477.0,40.0,5.0,False,1.0,11.0,11.0,False
20,10,_original_nint128_seed25,6,6,4,1;3;4;5;6;9,False,False,,1;3;4;5;6,9,13.0,31.0,451.0,40.0,5.0,False,1.0,13.0,13.0,False
20,10,_original_nint128_seed25,6,6,4,0;1;2;3;4;9,False,False,,0;1;2;3;4,9,9.0,19.0,573.0,40.0,5.0,False,1.0,9.0,9.0,False
20,10,_original_nint128_seed25,6,6,4,1;2;3;4;5;9,False,False,,1;2;3;4;5,9,10.0,25.0,435.0,38.0,5.0,False,1.0,10.0,10.0,False
20,10,_original_nint128_seed25,6,6,4,1;2;3;4;6;9,False,False,,1;2;3;4;6,9,12.0,28.0,610.0,36.0,5.0,False,1.0,12.0,12.0,False
20,10,_original_nint128_seed25,6,6,4,1;2;3;4;8;9,False,False,,1;2;3;4;8,9,9.0,21.0,520.0,43.0,5.0,False,1.0,9.0,9.0,False
20,10,_original_nint128_seed25,6,6,4,0;1;2;4;7;8,False,False,,0;1;4;7;8,2,7.0,14.0,398.0,52.0,5.0,False,1.0,7.0,7.0,False
20,10,_original_nint128_seed25,6,6,4,0;1;4;5;7;8,False,False,,0;4;5;7;8,1,7.0,12.0,250.0,52.0,5.0,False,1.0,7.0,7.0,False
20,10,_original_nint128_seed25,6,6,4,0;1;4;7;8;9,False,False,,0;1;4;7;8,9,7.0,13.0,376.0,49.0,5.0,False,1.0,7.0,7.0,False
20,10,_original_nint128_seed25,6,6,4,0;2;4;5;6;7,False,False,,0;2;4;5;7,6,9.0,19.0,311.0,48.0,5.0,False,1.0,9.0,9.0,False
20,10,_original_nint128_seed25,6,6,4,1;3;4;6;7;9,False,False,,1;3;4;6;7,9,10.0,23.0,488.0,45.0,5.0,False,1.0,10.0,10.0,False
20,10,_original_nint128_seed25,6,6,4,0;1;2;3;6;8,False,False,,0;1;3;6;8,2,11.0,24.0,732.0,41.0,5.0,False,1.0,11.0,11.0,False
20,10,_original_nint128_seed25,6,6,4,0;2;3;5;6;8,False,False,,0;2;3;5;6,8,10.0,22.0,550.0,44.0,5.0,False,1.0,10.0,10.0,False
20,10,_original_nint128_seed25,6,6,4,0;1;2;3;4;5,False,False,,0;2;3;4;5,1,8.0,14.0,440.0,44.0,5.0,False,1.0,8.0,8.0,False
20,10,_original_nint128_seed25,6,6,4,0;1;2;3;4;6,False,False,,0;1;2;3;4,6,10.0,18.0,615.0,42.0,5.0,False,1.0,10.0,10.0,False
20,10,_original_nint128_seed25,6,6,4,0;1;2;3;4;8,False,False,,0;2;3;4;8,1,8.0,15.0,525.0,49.0,5.0,False,1.0,8.0,8.0,False
20,10,_original_nint128_seed25,6,6,4,0;1;3;4;8;9,False,False,,0;1;3;4;8,9,7.0,16.0,501.0,48.0,5.0,False,1.0,7.0,7.0,False
20,10,_original_nint128_seed25,6,6,4,0;3;4;5;8;9,False,False,,0;3;4;5;8,9,7.0,14.0,320.0,50.0,5.0,False,1.0,7.0,7.0,False
20,10,_original_nint128_seed25,6,6,4,0;2;5;6;8;9,False,False,,0;2;5;6;8,9,12.0,25.0,526.0,37.0,5.0,False,1.0,12.0,12.0,False
20,10,_original_nint128_seed25,6,6,4,0;5;6;7;8;9,False,False,,5;6;7;8;9,0,9.0,18.0,409.0,42.0,5.0,False,1.0,9.0,9.0,False
20,10,_original_nint128_seed25,6,6,4,2;3;4;5;7;8,False,False,,2;3;4;7;8,5,7.0,13.0,241.0,56.0,5.0,False,1.0,7.0,7.0,False
20,10,_original_nint128_seed25,6,6,4,0;2;3;4;5;6,False,False,,0;2;3;4;5,6,8.0,15.0,433.0,45.0,5.0,False,1.0,8.0,8.0,False
20,10,_original_nint128_seed25,6,6,4,0;1;2;4;5;8,False,False,,0;2;4;5;8,1,9.0,17.0,368.0,46.0,5.0,False,1.0,9.0,9.0,False
20,10,_original_nint128_seed25,6,6,4,0;1;2;4;8;9,False,False,,0;1;2;4;8,9,9.0,19.0,494.0,43.0,5.0,False,1.0,9.0,9.0,False
20,10,_original_nint128_seed25,6,6,4,1;2;4;5;6;7,False,False,,1;2;4;5;7,6,10.0,21.0,354.0,44.0,5.0,False,1.0,10.0,10.0,False
20,10,_original_nint128_seed25,6,6,4,0;1;4;5;7;9,False,False,,0;1;4;5;7,9,10.0,22.0,294.0,45.0,5.0,False,1.0,10.0,10.0,False
20,10,_original_nint128_seed25,6,6,4,0;2;4;5;7;9,False,False,,0;2;4;5;7,9,9.0,18.0,270.0,45.0,5.0,False,1.0,9.0,9.0,False
20,10,_original_nint128_seed25,6,6,4,0;4;5;7;8;9,False,False,,0;4;5;7;8,9,7.0,12.0,202.0,50.0,5.0,False,1.0,7.0,7.0,False
20,10,_original_nint128_seed25,6,6,4,0;2;4;7;8;9,False,False,,0;2;4;7;8,9,7.0,14.0,350.0,50.0,5.0,False,1.0,7.0,7.0,False
20,10,_original_nint128_seed25,6,6,4,0;1;2;3;5;6,False,False,,0;2;3;5;6,1,10.0,21.0,648.0,35.0,5.0,False,1.0,10.0,10.0,False
20,10,_original_nint128_seed25,6,6,4,0;1;3;5;6;8,False,False,,0;3;5;6;8,1,10.0,22.0,576.0,43.0,5.0,False,1.0,10.0,10.0,False
20,10,_original_nint128_seed25,6,6,4,0;1;3;5;6;9,False,False,,0;1;3;5;6,9,11.0,26.0,622.0,35.0,5.0,False,1.0,11.0,11.0,False
20,10,_original_nint128_seed25,6,6,4,0;1;2;4;7;9,False,False,,0;1;2;4;7,9,9.0,21.0,444.0,44.0,5.0,False,1.0,9.0,9.0,False
20,10,_original_nint128_seed25,6,6,4,1;2;4;5;7;9,False,False,,1;2;4;5;7,9,9.0,22.0,312.0,42.0,5.0,False,1.0,9.0,9.0,False
20,10,_original_nint128_seed25,6,6,4,1;2;4;6;7;9,False,False,,1;2;4;6;7,9,10.0,25.0,480.0,41.0,5.0,False,1.0,10.0,10.0,False
20,10,_original_nint128_seed25,6,6,4,1;2;3;5;7;8,False,False,,1;3;5;7;8,2,9.0,22.0,445.0,47.0,5.0,False,1.0,9.0,9.0,False
20,10,_original_nint128_seed25,6,6,4,1;3;5;6;7;8,False,False,,1;5;6;7;8,3,9.0,19.0,476.0,45.0,5.0,False,1.0,9.0,9.0,False
20,10,_original_nint128_seed25,6,6,4,2;3;5;6;7;8,False,False,,3;5;6;7;8,2,10.0,21.0,449.0,47.0,5.0,False,1.0,10.0,10.0,False
20,10,_original_nint128_seed25,6,6,4,0;1;2;3;6;9,False,False,,0;1;2;3;6,9,11.0,26.0,780.0,32.0,5.0,False,1.0,11.0,11.0,False
20,10,_original_nint128_seed25,6,6,4,0;2;3;4;6;9,False,False,,0;2;3;4;6,9,10.0,18.0,567.0,40.0,5.0,False,1.0,10.0,10.0,False
20,10,_original_nint128_seed25,6,6,4,0;2;3;5;6;9,False,False,,0;2;3;5;6,9,10.0,21.0,599.0,34.0,5.0,False,1.0,10.0,10.0,False
20,10,_original_nint128_seed25,6,6,4,0;1;3;6;8;9,False,False,,0;1;3;6;8,9,10.0,24.0,708.0,40.0,5.0,False,1.0,10.0,10.0,False
20,10,_original_nint128_seed25,6,6,4,0;1;2;6;7;9,False,False,,0;1;2;6;7,9,11.0,27.0,651.0,36.0,5.0,False,1.0,11.0,11.0,False
20,10,_original_nint128_seed25,6,6,4,1;2;3;6;7;9,False,False,,1;2;3;6;7,9,11.0,25.0,679.0,35.0,5.0,False,1.0,11.0,11.0,False
20,10,_original_nint128_seed25,6,6,4,0;2;5;7;8;9,False,False,,0;5;7;8;9,2,9.0,22.0,377.0,45.0,5.0,False,1.0,9.0,9.0,False
20,10,_original_nint128_seed25,6,6,4,2;3;5;7;8;9,False,False,,3;5;7;8;9,2,9.0,22.0,396.0,46.0,5.0,False,1.0,9.0,9.0,False
20,10,_original_nint128_seed25,6,6,4,2;4;5;7;8;9,False,False,,2;4;5;7;8,9,7.0,13.0,218.0,48.0,5.0,False,1.0,7.0,7.0,False
20,10,_original_nint128_seed25,6,6,4,1;2;3;6;8;9,False,False,,1;3;6;8;9,2,12.0,29.0,726.0,36.0,5.0,False,1.0,12.0,12.0,False
20,10,_original_nint128_seed25,6,6,4,1;2;3;5;6;9,False,False,,1;2;3;5;6,9,12.0,30.0,642.0,30.0,5.0,False,1.0,12.0,12.0,False
20,10,_original_nint128_seed25,6,6,4,2;3;4;5;6;9,False,False,,2;3;4;5;9,6,11.0,24.0,429.0,38.0,5.0,False,1.0,11.0,11.0,False
20,10,_original_nint128_seed25,6,6,4,0;2;5;6;7;8,False,False,,0;5;6;7;8,2,10.0,21.0,430.0,46.0,5.0,False,1.0,10.0,10.0,False
20,10,_original_nint128_seed25,6,6,4,0;2;6;7;8;9,False,False,,0;6;7;8;9,2,10.0,23.0,556.0,43.0,5.0,False,1.0,10.0,10.0,False
20,10,_original_nint128_seed25,6,6,4,0;1;2;3;5;8,False,False,,0;1;2;3;5,8,9.0,23.0,546.0,44.0,5.0,False,1.0,9.0,9.0,False
20,10,_original_nint128_seed25,6,6,4,0;1;2;3;5;9,False,False,,0;1;2;3;5,9,9.0,24.0,594.0,35.0,5.0,False,1.0,9.0,9.0,False
20,10,_original_nint128_seed25,6,6,4,0;1;2;5;6;7,False,False,,0;1;5;6;7,2,11.0,24.0,526.0,38.0,5.0,False,1.0,11.0,11.0,False
20,10,_original_nint128_seed25,6,6,4,1;2;3;5;6;7,False,False,,2;3;5;6;7,1,11.0,22.0,547.0,38.0,5.0,False,1.0,11.0,11.0,False
20,10,_original_nint128_seed25,6,6,4,1;2;5;6;7;8,False,False,,1;5;6;7;8,2,9.0,20.0,474.0,41.0,5.0,False,1.0,9.0,9.0,False
20,10,_original_nint128_seed25,6,6,4,3;4;5;7;8;9,False,False,,3;4;5;7;8,9,7.0,13.0,219.0,53.0,5.0,False,1.0,7.0,7.0,False
20,10,_original_nint128_seed25,6,6,4,0;1;2;5;6;8,False,False,,0;2;5;6;8,1,12.0,25.0,575.0,38.0,5.0,False,1.0,12.0,12.0,False
20,10,_original_nint128_seed25,6,6,4,0;1;3;4;6;9,False,False,,0;1;3;4;6,9,10.0,24.0,589.0,42.0,5.0,False,1.0,10.0,10.0,False
20,10,_original_nint128_seed25,6,6,4,1;2;3;5;6;8,False,False,,1;3;5;6;8,2,12.0,28.0,594.0,39.0,5.0,False,1.0,12.0,12.0,False
20,10,_original_nint128_seed25,6,6,4,0;1;4;6;7;9,False,False,,0;1;4;6;7,9,10.0,25.0,462.0,44.0,5.0,False,1.0,10.0,10.0,False
20,10,_original_nint128_seed25,6,6,4,0;1;5;6;7;9,False,False,,0;1;5;6;7,9,11.0,25.0,502.0,36.0,5.0,False,1.0,11.0,11.0,False
20,10,_original_nint128_seed25,6,6,4,0;1;2;4;5;7,False,False,,0;2;4;5;7,1,9.0,18.0,318.0,47.0,5.0,False,1.0,9.0,9.0,False
20,10,_original_nint128_seed25,6,6,4,0;1;2;5;7;8,False,False,,0;1;5;7;8,2,9.0,22.0,426.0,46.0,5.0,False,1.0,9.0,9.0,False
20,10,_original_nint128_seed25,6,6,4,0;1;2;5;7;9,False,False,,0;1;2;5;7,9,9.0,24.0,472.0,38.0,5.0,False,1.0,9.0,9.0,False
20,10,_original_nint128_seed25,6,6,4,1;2;3;4;5;8,False,False,,2;3;4;5;8,1,9.0,20.0,387.0,47.0,5.0,False,1.0,9.0,9.0,False
20,10,_original_nint128_seed25,6,6,4,1;2;4;5;7;8,False,False,,1;4;5;7;8,2,7.0,13.0,266.0,50.0,5.0,False,1.0,7.0,7.0,False
20,10,_original_nint128_seed25,6,6,4,1;2;3;4;5;7,False,False,,2;3;4;5;7,1,9.0,16.0,338.0,48.0,5.0,False,1.0,9.0,9.0,False
20,10,_original_nint128_seed25,6,6,4,1;3;4;5;7;9,False,False,,1;3;4;5;7,9,10.0,21.0,313.0,47.0,5.0,False,1.0,10.0,10.0,False
20,10,_original_nint128_seed25,6,6,4,0;1;3;4;5;8,False,False,,0;3;4;5;8,1,7.0,14.0,368.0,52.0,5.0,False,1.0,7.0,7.0,False
20,10,_original_nint128_seed25,6,6,4,0;2;3;4;5;8,False,False,,0;3;4;5;8,2,7.0,13.0,343.0,52.0,5.0,False,1.0,7.0,7.0,False
20,10,_original_nint128_seed25,6,6,4,0;2;4;6;7;9,False,False,,0;2;4;6;7,9,10.0,21.0,438.0,44.0,5.0,False,1.0,10.0,10.0,False
20,10,_original_nint128_seed25,6,6,4,0;1;2;4;5;9,False,False,,0;1;2;4;5,9,10.0,24.0,414.0,38.0,5.0,False,1.0,10.0,10.0,False
20,10,_original_nint128_seed25,6,6,4,1;4;5;6;7;9,False,False,,1;4;5;6;7,9,11.0,26.0,329.0,43.0,5.0,False,1.0,11.0,11.0,False
20,10,_original_nint128_seed25,6,6,4,0;1;3;4;5;9,False,False,,0;1;3;4;5,9,9.0,21.0,414.0,44.0,5.0,False,1.0,9.0,9.0,False
20,10,_original_nint128_seed25,6,6,4,0;1;2;5;6;9,False,False,,0;1;2;5;6,9,12.0,29.0,621.0,30.0,5.0,False,1.0,12.0,12.0,False
20,10,_original_nint128_seed25,6,6,4,1;3;6;7;8;9,False,False,,1;6;7;8;9,3,9.0,19.0,608.0,42.0,5.0,False,1.0,9.0,9.0,False
20,10,_original_nint128_seed25,6,6,4,0;1;2;4;6;7,False,False,,0;1;2;4;7,6,10.0,21.0,486.0,46.0,5.0,False,1.0,10.0,10.0,False
20,10,_original_nint128_seed25,6,6,4,1;2;3;4;6;7,False,False,,1;2;3;4;7,6,10.0,18.0,513.0,46.0,5.0,False,1.0,10.0,10.0,False
20,10,_original_nint128_seed25,6,6,4,2;3;4;5;8;9,False,False,,2;3;4;5;8,9,9.0,20.0,339.0,45.0,5.0,False,1.0,9.0,9.0,False
20,10,_original_nint128_seed25,6,6,4,2;3;6;7;8;9,False,False,,3;6;7;8;9,2,10.0,22.0,582.0,43.0,5.0,False,1.0,10.0,10.0,False
20,10,_original_nint128_seed25,6,6,4,1;2;3;5;7;9,False,False,,1;2;3;5;7,9,9.0,23.0,493.0,38.0,5.0,False,1.0,9.0,9.0,False
20,10,_original_nint128_seed25,6,6,4,1;2;3;6;7;8,False,False,,1;3;6;7;8,2,10.0,21.0,631.0,44.0,5.0,False,1.0,10.0,10.0,False
20,10,_original_nint128_seed25,6,6,4,0;2;4;5;7;8,False,False,,0;4;5;7;8,2,7.0,13.0,223.0,54.0,5.0,False,1.0,7.0,7.0,False
20,10,_original_nint128_seed25,6,6,4,0;2;3;4;5;9,False,False,,0;2;3;4;5,9,8.0,14.0,392.0,42.0,5.0,False,1.0,8.0,8.0,False
20,10,_original_nint128_seed25,6,6,4,1;3;5;6;7;9,False,False,,1;3;5;6;7,9,11.0,24.0,522.0,37.0,5.0,False,1.0,11.0,11.0,False
20,10,_original_nint128_seed25,6,6,4,0;1;2;6;8;9,False,False,,0;1;2;6;8,9,12.0,27.0,700.0,36.0,5.0,False,1.0,12.0,12.0,False
20,10,_original_nint128_seed25,6,6,4,0;2;4;5;8;9,False,False,,0;2;4;5;8,9,9.0,17.0,320.0,44.0,5.0,False,1.0,9.0,9.0,False
20,10,_original_nint128_seed25,6,6,4,0;1;2;4;6;9,False,False,,0;1;2;4;6,9,12.0,28.0,582.0,37.0,5.0,False,1.0,12.0,12.0,False
20,10,_original_nint128_seed25,7,7,3,1;2;3;4;6;7;9,True,False,,1;2;3;4;6;7,9,7.0,15.0,429.0,50.0,5.0,False,1.0,7.0,7.0,False
20,10,_original_nint128_seed25,7,7,3,1;2;3;5;6;7;9,True,False,,1;2;3;5;6;7,9,7.0,15.0,463.0,42.0,5.0,False,1.0,7.0,7.0,False
20,10,_original_nint128_seed25,7,7,3,1;2;3;6;7;8;9,True,False,,1;3;6;7;8;9,2,7.0,14.0,547.0,48.0,5.0,False,1.0,7.0,7.0,False
20,10,_original_nint128_seed25,7,7,3,2;3;4;5;7;8;9,True,False,,2;3;4;5;7;8,9,5.0,8.0,158.0,59.0,5.0,False,1.0,5.0,5.0,True
20,10,_original_nint128_seed25,7,7,3,2;3;5;6;7;8;9,True,False,,3;5;6;7;8;9,2,7.0,14.0,366.0,50.0,5.0,False,1.0,7.0,7.0,False
20,10,_original_nint128_seed25,7,7,3,0;2;4;5;7;8;9,True,False,,0;4;5;7;8;9,2,5.0,8.0,140.0,57.0,5.0,False,1.0,5.0,5.0,True
20,10,_original_nint128_seed25,7,7,3,0;1;2;4;6;7;9,True,False,,0;1;2;4;7;9,6,7.0,17.0,402.0,50.0,5.0,False,1.0,7.0,7.0,False
20,10,_original_nint128_seed25,7,7,3,0;1;4;5;6;7;9,True,False,,0;1;4;5;6;7,9,8.0,18.0,252.0,51.0,5.0,False,1.0,8.0,8.0,False
20,10,_original_nint128_seed25,7,7,3,0;1;2;5;6;7;8,True,False,,0;1;5;6;7;8,2,7.0,14.0,396.0,50.0,5.0,False,1.0,7.0,7.0,False
20,10,_original_nint128_seed25,7,7,3,0;1;2;6;7;8;9,True,False,,0;1;6;7;8;9,2,7.0,15.0,521.0,48.0,5.0,False,1.0,7.0,7.0,False
20,10,_original_nint128_seed25,7,7,3,0;1;2;3;4;5;6,True,False,,0;1;2;3;4;5,6,6.0,10.0,398.0,50.0,5.0,False,1.0,6.0,6.0,False
20,10,_original_nint128_seed25,7,7,3,1;2;3;4;5;6;7,True,False,,1;2;3;4;5;7,6,7.0,12.0,296.0,54.0,5.0,False,1.0,7.0,7.0,False
20,10,_original_nint128_seed25,7,7,3,1;2;3;4;5;7;8,True,False,,1;2;3;4;7;8,5,5.0,8.0,206.0,61.0,5.0,False,1.0,5.0,5.0,True
20,10,_original_nint128_seed25,7,7,3,1;2;3;4;5;7;9,True,False,,1;2;3;4;5;7,9,6.0,12.0,254.0,52.0,5.0,False,1.0,6.0,6.0,False
20,10,_original_nint128_seed25,7,7,3,0;1;2;3;4;5;9,True,False,,0;1;2;3;4;5,9,6.0,12.0,356.0,48.0,5.0,False,1.0,6.0,6.0,False
20,10,_original_nint128_seed25,7,7,3,0;1;3;4;5;6;9,True,False,,0;1;3;4;5;6,9,7.0,17.0,372.0,50.0,5.0,False,1.0,7.0,7.0,False
20,10,_original_nint128_seed25,7,7,3,0;1;2;3;4;6;9,True,False,,0;1;2;3;4;6,9,7.0,15.0,531.0,46.0,5.0,False,1.0,7.0,7.0,False
20,10,_original_nint128_seed25,7,7,3,0;1;2;3;4;5;8,True,False,,0;2;3;4;5;8,1,5.0,8.0,308.0,57.0,5.0,False,1.0,5.0,5.0,True
20,10,_original_nint128_seed25,7,7,3,0;2;3;4;5;8;9,True,False,,0;2;3;4;5;8,9,5.0,8.0,260.0,55.0,5.0,False,1.0,5.0,5.0,True
20,10,_original_nint128_seed25,7,7,3,0;2;4;5;6;7;9,True,False,,0;2;4;5;7;9,6,7.0,14.0,228.0,51.0,5.0,False,1.0,7.0,7.0,False
20,10,_original_nint128_seed25,7,7,3,2;3;4;5;6;7;9,True,False,,2;3;4;5;7;9,6,7.0,12.0,248.0,52.0,5.0,False,1.0,7.0,7.0,False
20,10,_original_nint128_seed25,7,7,3,0;1;2;4;5;7;9,True,False,,0;1;2;4;5;7,9,6.0,13.0,234.0,51.0,5.0,False,1.0,6.0,6.0,False
20,10,_original_nint128_seed25,7,7,3,1;2;3;4;7;8;9,True,False,,1;2;3;4;7;8,9,5.0,8.0,339.0,57.0,5.0,False,1.0,5.0,5.0,True
20,10,_original_nint128_seed25,7,7,3,0;1;2;4;5;6;7,True,False,,0;1;2;4;5;7,6,7.0,14.0,276.0,53.0,5.0,False,1.0,7.0,7.0,False
20,10,_original_nint128_seed25,7,7,3,0;1;2;4;5;7;8,True,False,,0;1;4;5;7;8,2,5.0,8.0,188.0,59.0,5.0,False,1.0,5.0,5.0,True
20,10,_original_nint128_seed25,7,7,3,0;1;2;3;5;6;8,True,False,,0;1;2;3;5;6,8,7.0,15.0,516.0,48.0,5.0,False,1.0,7.0,7.0,False
20,10,_original_nint128_seed25,7,7,3,1;2;3;5;6;7;8,True,False,,1;3;5;6;7;8,2,7.0,14.0,415.0,51.0,5.0,False,1.0,7.0,7.0,False
20,10,_original_nint128_seed25,7,7,3,0;2;5;6;7;8;9,True,False,,0;5;6;7;8;9,2,7.0,14.0,347.0,49.0,5.0,False,1.0,7.0,7.0,False
20,10,_original_nint128_seed25,7,7,3,1;3;4;5;6;7;9,True,False,,1;3;4;5;6;7,9,8.0,17.0,271.0,53.0,5.0,False,1.0,8.0,8.0,False
20,10,_original_nint128_seed25,7,7,3,0;1;2;3;6;8;9,True,False,,0;1;3;6;8;9,2,7.0,17.0,648.0,45.0,5.0,False,1.0,7.0,7.0,False
20,10,_original_nint128_seed25,7,7,3,0;1;2;5;6;7;9,True,False,,0;1;2;5;7;9,6,7.0,16.0,442.0,42.0,5.0,False,1.0,7.0,7.0,False
20,10,_original_nint128_seed25,7,7,3,0;1;2;4;7;8;9,True,False,,0;1;4;7;8;9,2,5.0,9.0,314.0,56.0,5.0,False,1.0,5.0,5.0,True
20,10,_original_nint128_seed25,7,7,3,0;1;2;3;4;8;9,True,False,,0;1;2;3;4;8,9,5.0,10.0,441.0,53.0,5.0,False,1.0,5.0,5.0,True
20,10,_original_nint128_seed25,7,7,3,0;1;2;3;5;6;9,True,False,,0;1;2;3;5;6,9,7.0,16.0,564.0,39.0,5.0,False,1.0,7.0,7.0,False
20,10,_original_nint128_seed25,7,7,3,0;2;3;4;5;6;9,True,False,,0;2;3;4;5;9,6,6.0,10.0,350.0,48.0,5.0,False,1.0,6.0,6.0,False
20,10,_original_nint128_seed25,7,7,3,0;2;3;5;6;8;9,True,False,,0;2;3;5;6;9,8,7.0,15.0,467.0,47.0,5.0,False,1.0,7.0,7.0,False
20,10,_original_nint128_seed25,3,3,7,4;6;8,False,True,collision,4;6,8,,,,,,True,,,,
20,10,_original_nint128_seed25,3,3,7,0;3;7,False,True,collision,0;3,7,,,,,,True,,,,
20,10,_original_nint128_seed25,4,4,6,0;1;3;7,False,True,monotone,0;1;7,3,,,,,,True,,,,
20,10,_original_nint128_seed25,4,4,6,2;4;6;8,False,True,monotone,2;4;8,6,,,,,,True,,,,
20,10,_original_nint128_seed25,4,4,6,0;4;6;8,False,True,monotone,0;4;6,8,,,,,,True,,,,
20,10,_original_nint128_seed25,4,4,6,4;6;7;8,False,True,monotone,4;7;8,6,,,,,,True,,,,
20,10,_original_nint128_seed25,4,4,6,3;4;6;8,False,True,monotone,3;4;8,6,,,,,,True,,,,
20,10,_original_nint128_seed25,4,4,6,4;6;8;9,False,True,monotone,4;8;9,6,,,,,,True,,,,
20,10,_original_nint128_seed25,4,4,6,0;3;6;7,False,True,monotone,0;6;7,3,,,,,,True,,,,
20,10,_original_nint128_seed25,4,4,6,1;4;6;8,False,True,monotone,1;6;8,4,,,,,,True,,,,
20,10,_original_nint128_seed25,4,4,6,0;3;5;7,False,True,monotone,0;3;5,7,,,,,,True,,,,
20,10,_original_nint128_seed25,4,4,6,4;5;6;8,False,True,monotone,4;5;8,6,,,,,,True,,,,
20,10,_original_nint128_seed25,4,4,6,0;2;3;7,False,True,monotone,0;2;3,7,,,,,,True,,,,
20,10,_original_nint128_seed25,4,4,6,1;5;8;9,False,True,collision,1;8;9,5,,,,,,True,,,,
20,10,_original_nint128_seed25,4,4,6,0;3;4;7,False,True,monotone,0;3;4,7,,,,,,True,,,,
20,10,_original_nint128_seed25,4,4,6,0;3;7;8,False,True,monotone,0;3;8,7,,,,,,True,,,,
20,10,_original_nint128_seed25,4,4,6,0;3;7;9,False,True,monotone,0;3;9,7,,,,,,True,,,,
20,10,_original_nint128_seed25,5,5,5,2;4;5;6;8,False,True,monotone,2;5;6;8,4,,,,,,True,,,,
20,10,_original_nint128_seed25,5,5,5,0;2;3;7;8,False,True,monotone,0;2;7;8,3,,,,,,True,,,,
20,10,_original_nint128_seed25,5,5,5,4;5;6;7;8,False,True,monotone,5;6;7;8,4,,,,,,True,,,,
20,10,_original_nint128_seed25,5,5,5,0;3;4;7;8,False,True,monotone,3;4;7;8,0,,,,,,True,,,,
20,10,_original_nint128_seed25,5,5,5,3;4;6;7;8,False,True,monotone,3;4;7;8,6,,,,,,True,,,,
20,10,_original_nint128_seed25,5,5,5,0;3;4;6;7,False,True,monotone,0;3;4;6,7,,,,,,True,,,,
20,10,_original_nint128_seed25,5,5,5,0;3;4;6;8,False,True,monotone,0;3;4;6,8,,,,,,True,,,,
20,10,_original_nint128_seed25,5,5,5,1;2;5;8;9,False,True,monotone,1;2;8;9,5,,,,,,True,,,,
20,10,_original_nint128_seed25,5,5,5,3;4;5;6;8,False,True,monotone,3;4;5;6,8,,,,,,True,,,,
20,10,_original_nint128_seed25,5,5,5,1;3;4;6;8,False,True,monotone,1;3;4;8,6,,,,,,True,,,,
20,10,_original_nint128_seed25,5,5,5,0;2;3;4;7,False,True,monotone,0;2;3;4,7,,,,,,True,,,,
20,10,_original_nint128_seed25,5,5,5,4;6;7;8;9,False,True,monotone,4;7;8;9,6,,,,,,True,,,,
20,10,_original_nint128_seed25,5,5,5,0;3;4;7;9,False,True,monotone,3;4;7;9,0,,,,,,True,,,,
20,10,_original_nint128_seed25,5,5,5,1;2;4;6;8,False,True,monotone,1;2;4;8,6,,,,,,True,,,,
20,10,_original_nint128_seed25,5,5,5,0;2;3;7;9,False,True,monotone,0;2;3;9,7,,,,,,True,,,,
20,10,_original_nint128_seed25,5,5,5,1;4;6;7;8,False,True,monotone,1;4;7;8,6,,,,,,True,,,,
20,10,_original_nint128_seed25,5,5,5,0;1;3;5;7,False,True,monotone,0;1;3;5,7,,,,,,True,,,,
20,10,_original_nint128_seed25,5,5,5,0;3;6;7;8,False,True,monotone,0;3;6;8,7,,,,,,True,,,,
20,10,_original_nint128_seed25,5,5,5,0;1;5;8;9,False,True,monotone,0;1;8;9,5,,,,,,True,,,,
20,10,_original_nint128_seed25,5,5,5,1;5;6;8;9,False,True,monotone,1;5;6;9,8,,,,,,True,,,,
20,10,_original_nint128_seed25,5,5,5,0;2;3;5;7,False,True,monotone,0;2;5;7,3,,,,,,True,,,,
20,10,_original_nint128_seed25,5,5,5,0;3;6;7;9,False,True,monotone,0;6;7;9,3,,,,,,True,,,,
20,10,_original_nint128_seed25,5,5,5,2;3;4;6;8,False,True,monotone,2;3;6;8,4,,,,,,True,,,,
20,10,_original_nint128_seed25,5,5,5,1;4;5;8;9,False,True,monotone,1;4;5;9,8,,,,,,True,,,,
20,10,_original_nint128_seed25,5,5,5,0;3;4;5;7,False,True,monotone,0;4;5;7,3,,,,,,True,,,,
20,10,_original_nint128_seed25,5,5,5,0;4;6;7;8,False,True,monotone,0;4;7;8,6,,,,,,True,,,,
20,10,_original_nint128_seed25,5,5,5,1;4;5;6;8,False,True,monotone,1;4;5;8,6,,,,,,True,,,,
20,10,_original_nint128_seed25,5,5,5,1;5;7;8;9,False,True,monotone,1;7;8;9,5,,,,,,True,,,,
20,10,_original_nint128_seed25,5,5,5,0;2;3;6;7,False,True,monotone,0;2;3;6,7,,,,,,True,,,,
20,10,_original_nint128_seed25,5,5,5,0;3;7;8;9,False,True,monotone,0;7;8;9,3,,,,,,True,,,,
20,10,_original_nint128_seed25,5,5,5,0;1;3;7;8,False,True,monotone,0;1;3;8,7,,,,,,True,,,,
20,10,_original_nint128_seed25,5,5,5,0;3;5;6;7,False,True,monotone,0;3;5;6,7,,,,,,True,,,,
20,10,_original_nint128_seed25,5,5,5,0;1;3;6;7,False,True,monotone,0;1;6;7,3,,,,,,True,,,,
20,10,_original_nint128_seed25,5,5,5,0;3;5;7;8,False,True,monotone,0;5;7;8,3,,,,,,True,,,,
20,10,_original_nint128_seed25,5,5,5,1;3;5;8;9,False,True,monotone,1;3;5;8,9,,,,,,True,,,,
20,10,_original_nint128_seed25,5,5,5,2;4;6;7;8,False,True,monotone,2;4;7;8,6,,,,,,True,,,,
20,10,_original_nint128_seed25,5,5,5,0;4;6;8;9,False,True,monotone,0;4;8;9,6,,,,,,True,,,,
20,10,_original_nint128_seed25,5,5,5,0;1;3;4;7,False,True,monotone,0;1;3;4,7,,,,,,True,,,,
20,10,_original_nint128_seed25,5,5,5,2;4;6;8;9,False,True,monotone,2;4;8;9,6,,,,,,True,,,,
20,10,_original_nint128_seed25,5,5,5,0;1;2;3;7,False,True,monotone,0;1;2;3,7,,,,,,True,,,,
20,10,_original_nint128_seed25,5,5,5,0;1;3;7;9,False,True,monotone,1;3;7;9,0,,,,,,True,,,,
20,10,_original_nint128_seed25,5,5,5,0;3;5;7;9,False,True,monotone,0;3;5;9,7,,,,,,True,,,,
20,10,_original_nint128_seed25,5,5,5,3;4;6;8;9,False,True,monotone,3;6;8;9,4,,,,,,True,,,,
20,10,_original_nint128_seed25,5,5,5,0;2;4;6;8,False,True,monotone,0;2;6;8,4,,,,,,True,,,,
20,10,_original_nint128_seed25,5,5,5,4;5;6;8;9,False,True,monotone,5;6;8;9,4,,,,,,True,,,,
20,10,_original_nint128_seed25,5,5,5,0;1;4;6;8,False,True,monotone,0;1;4;6,8,,,,,,True,,,,
20,10,_original_nint128_seed25,5,5,5,0;4;5;6;8,False,True,monotone,0;4;5;8,6,,,,,,True,,,,
20,10,_original_nint128_seed25,5,5,5,1;4;6;8;9,False,True,monotone,1;4;8;9,6,,,,,,True,,,,
20,10,_original_nint128_seed25,6,6,4,1;3;5;6;8;9,False,True,monotone,3;5;6;8;9,1,,,,,,True,,,,
20,10,_original_nint128_seed25,6,6,4,3;4;5;6;8;9,False,True,monotone,3;5;6;8;9,4,,,,,,True,,,,
20,10,_original_nint128_seed25,6,6,4,0;2;3;7;8;9,False,True,monotone,0;2;3;8;9,7,,,,,,True,,,,
20,10,_original_nint128_seed25,6,6,4,1;2;5;7;8;9,False,True,monotone,1;2;7;8;9,5,,,,,,True,,,,
20,10,_original_nint128_seed25,6,6,4,0;2;3;4;7;9,False,True,monotone,2;3;4;7;9,0,,,,,,True,,,,
20,10,_original_nint128_seed25,6,6,4,0;4;5;6;8;9,False,True,monotone,0;4;5;6;9,8,,,,,,True,,,,
20,10,_original_nint128_seed25,6,6,4,0;1;3;4;7;8,False,True,monotone,1;3;4;7;8,0,,,,,,True,,,,
20,10,_original_nint128_seed25,6,6,4,1;3;4;6;7;8,False,True,monotone,1;3;4;7;8,6,,,,,,True,,,,
20,10,_original_nint128_seed25,6,6,4,0;3;4;5;6;7,False,True,monotone,3;4;5;6;7,0,,,,,,True,,,,
20,10,_original_nint128_seed25,6,6,4,3;4;5;6;7;8,False,True,monotone,3;4;5;6;7,8,,,,,,True,,,,
20,10,_original_nint128_seed25,6,6,4,0;1;4;5;6;8,False,True,monotone,0;1;4;5;6,8,,,,,,True,,,,
20,10,_original_nint128_seed25,6,6,4,0;1;3;6;7;8,False,True,monotone,0;1;6;7;8,3,,,,,,True,,,,
20,10,_original_nint128_seed25,6,6,4,0;1;4;6;7;8,False,True,monotone,0;1;6;7;8,4,,,,,,True,,,,
20,10,_original_nint128_seed25,6,6,4,1;3;4;5;6;8,False,True,monotone,1;3;4;5;6,8,,,,,,True,,,,
20,10,_original_nint128_seed25,6,6,4,0;4;5;6;7;8,False,True,monotone,0;4;5;6;7,8,,,,,,True,,,,
20,10,_original_nint128_seed25,6,6,4,0;3;4;6;7;9,False,True,monotone,3;4;6;7;9,0,,,,,,True,,,,
20,10,_original_nint128_seed25,6,6,4,3;4;6;7;8;9,False,True,monotone,3;4;6;7;9,8,,,,,,True,,,,
20,10,_original_nint128_seed25,6,6,4,0;2;3;4;6;8,False,True,monotone,0;2;3;6;8,4,,,,,,True,,,,
20,10,_original_nint128_seed25,6,6,4,0;2;3;6;7;8,False,True,monotone,0;2;3;6;8,7,,,,,,True,,,,
20,10,_original_nint128_seed25,6,6,4,0;1;2;3;4;7,False,True,monotone,0;1;2;3;4,7,,,,,,True,,,,
20,10,_original_nint128_seed25,6,6,4,0;3;4;6;8;9,False,True,monotone,0;3;4;8;9,6,,,,,,True,,,,
20,10,_original_nint128_seed25,6,6,4,0;3;4;7;8;9,False,True,monotone,0;3;4;8;9,7,,,,,,True,,,,
20,10,_original_nint128_seed25,6,6,4,0;1;5;6;8;9,False,True,monotone,0;5;6;8;9,1,,,,,,True,,,,
20,10,_original_nint128_seed25,6,6,4,0;2;3;4;7;8,False,True,monotone,2;3;4;7;8,0,,,,,,True,,,,
20,10,_original_nint128_seed25,6,6,4,2;3;4;6;7;8,False,True,monotone,2;3;4;7;8,6,,,,,,True,,,,
20,10,_original_nint128_seed25,6,6,4,0;2;4;5;6;8,False,True,monotone,0;2;4;5;6,8,,,,,,True,,,,
20,10,_original_nint128_seed25,6,6,4,0;1;2;4;6;8,False,True,monotone,0;1;2;4;8,6,,,,,,True,,,,
20,10,_original_nint128_seed25,6,6,4,1;2;4;5;6;8,False,True,monotone,1;2;4;5;6,8,,,,,,True,,,,
20,10,_original_nint128_seed25,6,6,4,1;2;4;5;6;9,False,True,collision,1;2;4;5;6,9,,,,,,True,,,,
20,10,_original_nint128_seed25,6,6,4,0;3;4;5;7;9,False,True,monotone,0;4;5;7;9,3,,,,,,True,,,,
20,10,_original_nint128_seed25,6,6,4,0;4;6;7;8;9,False,True,monotone,0;4;7;8;9,6,,,,,,True,,,,
20,10,_original_nint128_seed25,6,6,4,0;1;3;5;6;7,False,True,monotone,0;1;3;5;6,7,,,,,,True,,,,
20,10,_original_nint128_seed25,6,6,4,0;1;3;5;7;8,False,True,monotone,1;3;5;7;8,0,,,,,,True,,,,
20,10,_original_nint128_seed25,6,6,4,1;3;5;7;8;9,False,True,monotone,1;3;5;7;8,9,,,,,,True,,,,
20,10,_original_nint128_seed25,6,6,4,0;3;5;6;7;8,False,True,monotone,3;5;6;7;8,0,,,,,,True,,,,
20,10,_original_nint128_seed25,6,6,4,0;2;3;6;7;9,False,True,monotone,0;2;3;6;9,7,,,,,,True,,,,
20,10,_original_nint128_seed25,6,6,4,0;1;3;4;6;8,False,True,monotone,0;1;3;6;8,4,,,,,,True,,,,
20,10,_original_nint128_seed25,6,6,4,1;2;5;6;8;9,False,True,monotone,2;5;6;8;9,1,,,,,,True,,,,
20,10,_original_nint128_seed25,6,6,4,2;4;5;6;8;9,False,True,monotone,2;5;6;8;9,4,,,,,,True,,,,
20,10,_original_nint128_seed25,6,6,4,1;2;3;5;8;9,False,True,monotone,1;2;3;8;9,5,,,,,,True,,,,
20,10,_original_nint128_seed25,6,6,4,0;1;2;3;5;7,False,True,monotone,0;1;2;3;5,7,,,,,,True,,,,
20,10,_original_nint128_seed25,6,6,4,1;5;6;7;8;9,False,True,monotone,5;6;7;8;9,1,,,,,,True,,,,
20,10,_original_nint128_seed25,6,6,4,4;5;6;7;8;9,False,True,monotone,5;6;7;8;9,4,,,,,,True,,,,
20,10,_original_nint128_seed25,6,6,4,0;1;3;6;7;9,False,True,monotone,0;1;6;7;9,3,,,,,,True,,,,
20,10,_original_nint128_seed25,6,6,4,0;1;5;7;8;9,False,True,monotone,0;5;7;8;9,1,,,,,,True,,,,
20,10,_original_nint128_seed25,6,6,4,0;3;5;7;8;9,False,True,monotone,0;5;7;8;9,3,,,,,,True,,,,
20,10,_original_nint128_seed25,6,6,4,0;2;4;6;7;8,False,True,monotone,0;2;6;7;8,4,,,,,,True,,,,
20,10,_original_nint128_seed25,6,6,4,1;2;4;5;8;9,False,True,monotone,1;2;4;5;8,9,,,,,,True,,,,
20,10,_original_nint128_seed25,6,6,4,0;1;3;4;5;7,False,True,monotone,1;3;4;5;7,0,,,,,,True,,,,
20,10,_original_nint128_seed25,6,6,4,2;4;6;7;8;9,False,True,monotone,2;4;7;8;9,6,,,,,,True,,,,
20,10,_original_nint128_seed25,6,6,4,0;1;3;4;6;7,False,True,monotone,0;1;3;4;6,7,,,,,,True,,,,
20,10,_original_nint128_seed25,6,6,4,0;3;4;5;6;8,False,True,monotone,0;3;4;5;8,6,,,,,,True,,,,
20,10,_original_nint128_seed25,6,6,4,0;3;4;5;7;8,False,True,monotone,0;3;4;5;8,7,,,,,,True,,,,
20,10,_original_nint128_seed25,6,6,4,1;4;5;6;7;8,False,True,monotone,1;4;5;7;8,6,,,,,,True,,,,
20,10,_original_nint128_seed25,6,6,4,1;4;5;7;8;9,False,True,monotone,1;4;5;7;8,9,,,,,,True,,,,
20,10,_original_nint128_seed25,6,6,4,1;2;4;6;8;9,False,True,monotone,1;2;4;8;9,6,,,,,,True,,,,
20,10,_original_nint128_seed25,6,6,4,1;4;6;7;8;9,False,True,monotone,1;4;7;8;9,6,,,,,,True,,,,
20,10,_original_nint128_seed25,6,6,4,2;4;5;6;7;8,False,True,monotone,2;5;6;7;8,4,,,,,,True,,,,
20,10,_original_nint128_seed25,6,6,4,0;1;3;5;7;9,False,True,monotone,0;1;3;5;9,7,,,,,,True,,,,
20,10,_original_nint128_seed25,6,6,4,0;1;3;5;8;9,False,True,monotone,0;1;3;5;9,8,,,,,,True,,,,
20,10,_original_nint128_seed25,6,6,4,0;3;6;7;8;9,False,True,monotone,0;3;6;8;9,7,,,,,,True,,,,
20,10,_original_nint128_seed25,6,6,4,0;2;3;4;6;7,False,True,monotone,0;2;4;6;7,3,,,,,,True,,,,
20,10,_original_nint128_seed25,6,6,4,1;3;4;5;8;9,False,True,monotone,1;3;4;5;9,8,,,,,,True,,,,
20,10,_original_nint128_seed25,6,6,4,1;2;3;4;6;8,False,True,monotone,1;2;3;4;6,8,,,,,,True,,,,
20,10,_original_nint128_seed25,6,6,4,2;3;4;5;6;8,False,True,monotone,2;3;4;5;8,6,,,,,,True,,,,
20,10,_original_nint128_seed25,6,6,4,0;1;2;3;7;9,False,True,monotone,0;1;2;3;9,7,,,,,,True,,,,
20,10,_original_nint128_seed25,6,6,4,0;2;3;5;7;9,False,True,monotone,0;2;5;7;9,3,,,,,,True,,,,
20,10,_original_nint128_seed25,6,6,4,2;3;4;6;8;9,False,True,monotone,2;3;6;8;9,4,,,,,,True,,,,
20,10,_original_nint128_seed25,6,6,4,1;2;4;6;7;8,False,True,monotone,1;2;4;7;8,6,,,,,,True,,,,
20,10,_original_nint128_seed25,6,6,4,1;3;4;6;8;9,False,True,monotone,1;3;4;6;9,8,,,,,,True,,,,
20,10,_original_nint128_seed25,6,6,4,0;3;5;6;7;9,False,True,monotone,0;3;5;6;9,7,,,,,,True,,,,
20,10,_original_nint128_seed25,6,6,4,0;1;3;7;8;9,False,True,monotone,0;1;3;8;9,7,,,,,,True,,,,
20,10,_original_nint128_seed25,6,6,4,0;1;2;3;7;8,False,True,monotone,1;2;3;7;8,0,,,,,,True,,,,
20,10,_original_nint128_seed25,6,6,4,0;2;3;5;6;7,False,True,monotone,2;3;5;6;7,0,,,,,,True,,,,
20,10,_original_nint128_seed25,6,6,4,0;2;3;5;7;8,False,True,monotone,0;2;3;5;8,7,,,,,,True,,,,
20,10,_original_nint128_seed25,6,6,4,0;1;2;3;6;7,False,True,monotone,0;1;2;3;6,7,,,,,,True,,,,
20,10,_original_nint128_seed25,6,6,4,0;1;4;5;8;9,False,True,monotone,0;1;4;5;8,9,,,,,,True,,,,
20,10,_original_nint128_seed25,6,6,4,0;1;2;5;8;9,False,True,monotone,0;1;2;5;9,8,,,,,,True,,,,
20,10,_original_nint128_seed25,6,6,4,0;2;4;6;8;9,False,True,monotone,0;2;6;8;9,4,,,,,,True,,,,
20,10,_original_nint128_seed25,6,6,4,0;1;3;4;7;9,False,True,monotone,0;1;3;4;9,7,,,,,,True,,,,
20,10,_original_nint128_seed25,6,6,4,0;2;3;4;5;7,False,True,monotone,0;2;3;4;5,7,,,,,,True,,,,
20,10,_original_nint128_seed25,6,6,4,1;4;5;6;8;9,False,True,monotone,1;4;5;6;9,8,,,,,,True,,,,
20,10,_original_nint128_seed25,6,6,4,0;1;4;6;8;9,False,True,monotone,0;1;4;6;9,8,,,,,,True,,,,
20,10,_original_nint128_seed25,7,7,3,0;1;2;3;6;7;9,False,True,monotone,1;2;3;6;7;9,0,,,,,,True,,,,
20,10,_original_nint128_seed25,7,7,3,0;2;3;5;7;8;9,False,True,monotone,2;3;5;7;8;9,0,,,,,,True,,,,
20,10,_original_nint128_seed25,7,7,3,1;2;3;5;7;8;9,False,True,monotone,2;3;5;7;8;9,1,,,,,,True,,,,
20,10,_original_nint128_seed25,7,7,3,0;1;4;5;7;8;9,False,True,monotone,0;4;5;7;8;9,1,,,,,,True,,,,
20,10,_original_nint128_seed25,7,7,3,0;3;4;5;7;8;9,False,True,monotone,0;4;5;7;8;9,3,,,,,,True,,,,
20,10,_original_nint128_seed25,7,7,3,0;4;5;6;7;8;9,False,True,monotone,0;4;5;7;8;9,6,,,,,,True,,,,
20,10,_original_nint128_seed25,7,7,3,0;1;3;4;6;7;9,False,True,monotone,0;1;4;6;7;9,3,,,,,,True,,,,
20,10,_original_nint128_seed25,7,7,3,0;1;4;6;7;8;9,False,True,monotone,0;1;4;6;7;9,8,,,,,,True,,,,
20,10,_original_nint128_seed25,7,7,3,0;1;2;3;6;7;8,False,True,monotone,0;1;2;6;7;8,3,,,,,,True,,,,
20,10,_original_nint128_seed25,7,7,3,0;1;2;4;6;7;8,False,True,monotone,0;1;2;6;7;8,4,,,,,,True,,,,
20,10,_original_nint128_seed25,7,7,3,1;2;3;4;5;6;8,False,True,monotone,1;2;3;4;5;6,8,,,,,,True,,,,
20,10,_original_nint128_seed25,7,7,3,1;2;3;4;5;6;9,False,True,monotone,1;2;3;4;5;6,9,,,,,,True,,,,
20,10,_original_nint128_seed25,7,7,3,0;1;2;3;4;5;7,False,True,monotone,1;2;3;4;5;7,0,,,,,,True,,,,
20,10,_original_nint128_seed25,7,7,3,0;1;3;4;5;7;9,False,True,monotone,0;1;3;4;5;9,7,,,,,,True,,,,
20,10,_original_nint128_seed25,7,7,3,0;1;3;4;5;8;9,False,True,monotone,0;1;3;4;5;9,8,,,,,,True,,,,
20,10,_original_nint128_seed25,7,7,3,0;1;2;3;4;6;7,False,True,monotone,0;1;2;3;4;6,7,,,,,,True,,,,
20,10,_original_nint128_seed25,7,7,3,0;1;2;3;4;6;8,False,True,monotone,0;1;2;3;4;6,8,,,,,,True,,,,
20,10,_original_nint128_seed25,7,7,3,0;2;3;4;5;6;8,False,True,monotone,0;2;3;4;5;8,6,,,,,,True,,,,
20,10,_original_nint128_seed25,7,7,3,0;2;3;4;5;7;8,False,True,monotone,0;2;3;4;5;8,7,,,,,,True,,,,
20,10,_original_nint128_seed25,7,7,3,1;2;3;4;6;8;9,False,True,monotone,1;2;3;4;6;9,8,,,,,,True,,,,
20,10,_original_nint128_seed25,7,7,3,1;2;3;4;5;8;9,False,True,monotone,2;3;4;5;8;9,1,,,,,,True,,,,
20,10,_original_nint128_seed25,7,7,3,2;3;4;5;6;8;9,False,True,monotone,2;3;4;5;8;9,6,,,,,,True,,,,
20,10,_original_nint128_seed25,7,7,3,0;2;3;4;6;7;9,False,True,monotone,0;2;4;6;7;9,3,,,,,,True,,,,
20,10,_original_nint128_seed25,7,7,3,0;2;4;6;7;8;9,False,True,monotone,0;2;4;6;7;9,8,,,,,,True,,,,
20,10,_original_nint128_seed25,7,7,3,0;2;3;4;5;7;9,False,True,monotone,2;3;4;5;7;9,0,,,,,,True,,,,
20,10,_original_nint128_seed25,7,7,3,0;1;2;4;5;6;9,False,True,monotone,0;1;2;4;5;9,6,,,,,,True,,,,
20,10,_original_nint128_seed25,7,7,3,0;1;2;4;5;8;9,False,True,monotone,0;1;2;4;5;9,8,,,,,,True,,,,
20,10,_original_nint128_seed25,7,7,3,0;2;3;5;6;7;9,False,True,monotone,2;3;5;6;7;9,0,,,,,,True,,,,
20,10,_original_nint128_seed25,7,7,3,0;1;2;3;7;8;9,False,True,monotone,1;2;3;7;8;9,0,,,,,,True,,,,
20,10,_original_nint128_seed25,7,7,3,0;2;4;5;6;7;8,False,True,monotone,0;2;4;5;7;8,6,,,,,,True,,,,
20,10,_original_nint128_seed25,7,7,3,1;2;3;5;6;8;9,False,True,monotone,1;2;3;5;6;8,9,,,,,,True,,,,
20,10,_original_nint128_seed25,7,7,3,0;2;3;5;6;7;8,False,True,monotone,0;2;5;6;7;8,3,,,,,,True,,,,
20,10,_original_nint128_seed25,7,7,3,0;1;2;3;5;7;8,False,True,monotone,1;2;3;5;7;8,0,,,,,,True,,,,
20,10,_original_nint128_seed25,7,7,3,1;3;4;5;7;8;9,False,True,monotone,1;3;4;5;7;9,8,,,,,,True,,,,
20,10,_original_nint128_seed25,7,7,3,0;2;3;6;7;8;9,False,True,monotone,0;2;6;7;8;9,3,,,,,,True,,,,
20,10,_original_nint128_seed25,7,7,3,0;1;2;3;5;7;9,False,True,monotone,0;1;2;5;7;9,3,,,,,,True,,,,
20,10,_original_nint128_seed25,7,7,3,0;1;2;5;7;8;9,False,True,monotone,0;1;2;5;7;9,8,,,,,,True,,,,
20,10,_original_nint128_seed25,7,7,3,1;2;4;5;6;7;9,False,True,monotone,1;2;5;6;7;9,4,,,,,,True,,,,
20,10,_original_nint128_seed25,7,7,3,1;2;5;6;7;8;9,False,True,monotone,1;2;5;6;7;9,8,,,,,,True,,,,
20,10,_original_nint128_seed25,7,7,3,0;1;3;4;5;6;8,False,True,monotone,0;1;3;5;6;8,4,,,,,,True,,,,
20,10,_original_nint128_seed25,7,7,3,0;1;3;5;6;7;8,False,True,monotone,0;1;3;5;6;8,7,,,,,,True,,,,
20,10,_original_nint128_seed25,7,7,3,0;1;3;5;6;8;9,False,True,monotone,0;1;3;5;6;8,9,,,,,,True,,,,
20,10,_original_nint128_seed25,7,7,3,0;1;2;3;4;7;9,False,True,monotone,1;2;3;4;7;9,0,,,,,,True,,,,
20,10,_original_nint128_seed25,7,7,3,0;2;3;4;5;6;7,False,True,monotone,0;2;4;5;6;7,3,,,,,,True,,,,
20,10,_original_nint128_seed25,7,7,3,0;1;2;3;4;7;8,False,True,monotone,0;1;2;4;7;8,3,,,,,,True,,,,
20,10,_original_nint128_seed25,7,7,3,1;2;4;5;6;7;8,False,True,monotone,1;2;4;5;7;8,6,,,,,,True,,,,
20,10,_original_nint128_seed25,7,7,3,1;2;4;5;7;8;9,False,True,monotone,1;2;4;5;7;8,9,,,,,,True,,,,
20,10,_original_nint128_seed25,7,7,3,0;1;2;4;5;6;8,False,True,monotone,0;1;2;4;5;6,8,,,,,,True,,,,
20,10,_original_nint128_seed25,7,7,3,0;1;3;4;5;6;7,False,True,monotone,0;1;3;4;5;6,7,,,,,,True,,,,
20,10,_original_nint128_seed25,7,7,3,0;1;2;5;6;8;9,False,True,monotone,0;1;2;5;6;9,8,,,,,,True,,,,
20,10,_original_nint128_seed25,7,7,3,0;1;3;5;6;7;9,False,True,monotone,0;1;5;6;7;9,3,,,,,,True,,,,
20,10,_original_nint128_seed25,7,7,3,0;1;5;6;7;8;9,False,True,monotone,0;1;5;6;7;9,8,,,,,,True,,,,
20,10,_original_nint128_seed25,7,7,3,0;1;3;6;7;8;9,False,True,monotone,1;3;6;7;8;9,0,,,,,,True,,,,
20,10,_original_nint128_seed25,7,7,3,1;3;4;6;7;8;9,False,True,monotone,1;3;6;7;8;9,4,,,,,,True,,,,
20,10,_original_nint128_seed25,7,7,3,1;3;5;6;7;8;9,False,True,monotone,1;3;6;7;8;9,5,,,,,,True,,,,
20,10,_original_nint128_seed25,7,7,3,0;1;2;3;5;6;7,False,True,monotone,0;1;2;3;5;6,7,,,,,,True,,,,
20,10,_original_nint128_seed25,7,7,3,2;3;4;5;6;7;8,False,True,monotone,2;3;5;6;7;8,4,,,,,,True,,,,
20,10,_original_nint128_seed25,7,7,3,0;1;3;4;5;7;8,False,True,monotone,0;1;4;5;7;8,3,,,,,,True,,,,
20,10,_original_nint128_seed25,7,7,3,0;1;4;5;6;7;8,False,True,monotone,0;1;4;5;7;8,6,,,,,,True,,,,
20,10,_original_nint128_seed25,7,7,3,0;1;2;3;5;8;9,False,True,monotone,0;1;2;3;8;9,5,,,,,,True,,,,
20,10,_original_nint128_seed25,7,7,3,1;3;4;5;6;7;8,False,True,monotone,1;3;4;5;6;7,8,,,,,,True,,,,
20,10,_original_nint128_seed25,7,7,3,0;3;5;6;7;8;9,False,True,monotone,0;5;6;7;8;9,3,,,,,,True,,,,
20,10,_original_nint128_seed25,7,7,3,3;4;5;6;7;8;9,False,True,monotone,3;4;5;7;8;9,6,,,,,,True,,,,
20,10,_original_nint128_seed25,7,7,3,1;2;3;4;6;7;8,False,True,monotone,1;2;3;4;7;8,6,,,,,,True,,,,
20,10,_original_nint128_seed25,7,7,3,0;3;4;5;6;7;9,False,True,monotone,0;4;5;6;7;9,3,,,,,,True,,,,
20,10,_original_nint128_seed25,7,7,3,0;1;3;4;7;8;9,False,True,monotone,0;1;4;7;8;9,3,,,,,,True,,,,
20,10,_original_nint128_seed25,7,7,3,1;3;4;5;6;8;9,False,True,monotone,1;3;4;5;6;9,8,,,,,,True,,,,
20,10,_original_nint128_seed25,7,7,3,0;1;4;5;6;8;9,False,True,monotone,0;1;4;5;6;9,8,,,,,,True,,,,
20,10,_original_nint128_seed25,7,7,3,0;2;3;4;7;8;9,False,True,monotone,0;2;4;7;8;9,3,,,,,,True,,,,
20,10,_original_nint128_seed25,7,7,3,0;2;3;4;6;8;9,False,True,monotone,0;2;3;4;8;9,6,,,,,,True,,,,
20,10,_original_nint128_seed25,7,7,3,2;4;5;6;7;8;9,False,True,monotone,2;4;5;6;7;9,8,,,,,,True,,,,
20,10,_original_nint128_seed25,7,7,3,1;2;4;6;7;8;9,False,True,monotone,1;2;4;7;8;9,6,,,,,,True,,,,
20,10,_original_nint128_seed25,7,7,3,1;4;5;6;7;8;9,False,True,monotone,1;4;5;6;7;9,8,,,,,,True,,,,
20,10,_original_nint128_seed25,7,7,3,0;3;4;5;6;8;9,False,True,monotone,0;3;4;5;6;9,8,,,,,,True,,,,
20,10,_original_nint128_seed25,7,7,3,0;1;3;4;6;8;9,False,True,monotone,0;1;3;4;8;9,6,,,,,,True,,,,
20,10,_original_nint128_seed25,7,7,3,0;1;2;4;6;8;9,False,True,monotone,0;1;2;6;8;9,4,,,,,,True,,,,
20,10,_original_nint128_seed25,7,7,3,0;2;4;5;6;8;9,False,True,monotone,0;2;4;5;8;9,6,,,,,,True,,,,
20,10,_original_nint128_seed25,7,7,3,2;3;4;6;7;8;9,False,True,monotone,2;3;4;6;7;9,8,,,,,,True,,,,
20,10,_original_nint128_seed25,8,8,2,0;1;2;3;4;5;6;9,False,True,monotone,0;1;2;3;4;5;9,6,,,,,,True,,,,
20,10,_original_nint128_seed25,8,8,2,0;1;2;3;4;5;7;9,False,True,monotone,0;1;2;3;4;5;9,7,,,,,,True,,,,
20,10,_original_nint128_seed25,8,8,2,0;1;2;3;4;5;8;9,False,True,monotone,0;1;2;3;4;5;9,8,,,,,,True,,,,
20,10,_original_nint128_seed25,8,8,2,0;2;3;4;5;6;7;9,False,True,monotone,2;3;4;5;6;7;9,0,,,,,,True,,,,
20,10,_original_nint128_seed25,8,8,2,1;2;3;4;5;6;7;9,False,True,monotone,2;3;4;5;6;7;9,1,,,,,,True,,,,
20,10,_original_nint128_seed25,8,8,2,2;3;4;5;6;7;8;9,False,True,monotone,2;3;4;5;6;7;9,8,,,,,,True,,,,
20,10,_original_nint128_seed25,8,8,2,0;1;2;3;4;7;8;9,False,True,monotone,1;2;3;4;7;8;9,0,,,,,,True,,,,
20,10,_original_nint128_seed25,8,8,2,1;2;3;4;5;7;8;9,False,True,monotone,1;2;3;4;7;8;9,5,,,,,,True,,,,
20,10,_original_nint128_seed25,8,8,2,1;2;3;4;6;7;8;9,False,True,monotone,1;2;3;4;7;8;9,6,,,,,,True,,,,
20,10,_original_nint128_seed25,8,8,2,0;1;2;3;4;5;6;8,False,True,monotone,0;1;2;3;5;6;8,4,,,,,,True,,,,
20,10,_original_nint128_seed25,8,8,2,0;1;2;3;5;6;7;8,False,True,monotone,0;1;2;3;5;6;8,7,,,,,,True,,,,
20,10,_original_nint128_seed25,8,8,2,0;1;2;3;5;6;8;9,False,True,monotone,0;1;2;3;5;6;8,9,,,,,,True,,,,
20,10,_original_nint128_seed25,8,8,2,0;2;3;4;5;7;8;9,False,True,monotone,2;3;4;5;7;8;9,0,,,,,,True,,,,
20,10,_original_nint128_seed25,8,8,2,0;1;2;3;4;6;7;9,False,True,monotone,1;2;3;4;6;7;9,0,,,,,,True,,,,
20,10,_original_nint128_seed25,8,8,2,0;1;2;4;5;6;7;9,False,True,monotone,0;1;4;5;6;7;9,2,,,,,,True,,,,
20,10,_original_nint128_seed25,8,8,2,0;1;3;4;5;6;7;9,False,True,monotone,0;1;4;5;6;7;9,3,,,,,,True,,,,
20,10,_original_nint128_seed25,8,8,2,0;1;4;5;6;7;8;9,False,True,monotone,0;1;4;5;6;7;9,8,,,,,,True,,,,
20,10,_original_nint128_seed25,8,8,2,0;1;2;4;5;6;7;8,False,True,monotone,0;1;2;5;6;7;8,4,,,,,,True,,,,
20,10,_original_nint128_seed25,8,8,2,0;1;2;5;6;7;8;9,False,True,monotone,0;1;2;5;6;7;8,9,,,,,,True,,,,
20,10,_original_nint128_seed25,8,8,2,0;1;2;4;5;7;8;9,False,True,monotone,0;1;2;4;5;7;9,8,,,,,,True,,,,
20,10,_original_nint128_seed25,8,8,2,0;1;2;3;4;5;6;7,False,True,monotone,1;2;3;4;5;6;7,0,,,,,,True,,,,
20,10,_original_nint128_seed25,8,8,2,1;2;3;4;5;6;7;8,False,True,monotone,1;2;3;4;5;6;7,8,,,,,,True,,,,
20,10,_original_nint128_seed25,8,8,2,0;1;2;3;4;5;7;8,False,True,monotone,0;1;2;3;4;5;8,7,,,,,,True,,,,
20,10,_original_nint128_seed25,8,8,2,0;2;3;5;6;7;8;9,False,True,monotone,0;2;5;6;7;8;9,3,,,,,,True,,,,
20,10,_original_nint128_seed25,8,8,2,0;2;4;5;6;7;8;9,False,True,monotone,0;2;5;6;7;8;9,4,,,,,,True,,,,
20,10,_original_nint128_seed25,8,8,2,0;1;2;3;5;6;7;9,False,True,monotone,0;1;2;5;6;7;9,3,,,,,,True,,,,
20,10,_original_nint128_seed25,8,8,2,0;1;2;4;6;7;8;9,False,True,monotone,0;1;2;4;6;7;9,8,,,,,,True,,,,
20,10,_original_nint128_seed25,8,8,2,1;2;3;5;6;7;8;9,False,True,monotone,2;3;5;6;7;8;9,1,,,,,,True,,,,
20,10,_original_nint128_seed25,8,8,2,1;3;4;5;6;7;8;9,False,True,monotone,1;3;4;5;6;7;9,8,,,,,,True,,,,
20,10,_original_nint128_seed25,8,8,2,0;1;2;3;6;7;8;9,False,True,monotone,1;2;3;6;7;8;9,0,,,,,,True,,,,
20,10,_original_nint128_seed25,8,8,2,0;1;2;3;4;6;8;9,False,True,monotone,0;1;2;3;6;8;9,4,,,,,,True,,,,
20,10,_original_nint128_seed25,8,8,2,0;2;3;4;5;6;8;9,False,True,monotone,0;2;3;5;6;8;9,4,,,,,,True,,,,
20,10,_original_nint128_seed25,8,8,2,0;1;3;4;5;6;8;9,False,True,monotone,0;1;3;4;5;6;9,8,,,,,,True,,,,
