M,P,option,depth,num_deleted,num_remaining_relu,deleted_set_str,is_leaf,is_rejected,reject_reason,parent_set_str,added_relu,num_clusters,edge_types,weighted_edges_total,num_self_absorbed_edges,num_fixed_nodes,fixed_collision,num_scc_ge3,largest_scc_size,cycle_penalty_ge3,is_minimal_num_clusters
20,10,_original_nint128_seed23,1,1,9,0,False,False,,,0,37.0,79.0,852.0,5.0,5.0,False,1.0,37.0,37.0,False
20,10,_original_nint128_seed23,1,1,9,1,False,False,,,1,36.0,74.0,881.0,6.0,5.0,False,1.0,36.0,36.0,False
20,10,_original_nint128_seed23,1,1,9,3,False,False,,,3,37.0,78.0,878.0,5.0,5.0,False,1.0,37.0,37.0,False
20,10,_original_nint128_seed23,1,1,9,4,False,False,,,4,38.0,79.0,799.0,4.0,5.0,False,1.0,38.0,38.0,False
20,10,_original_nint128_seed23,1,1,9,5,False,False,,,5,32.0,72.0,868.0,6.0,5.0,False,1.0,32.0,32.0,False
20,10,_original_nint128_seed23,1,1,9,6,False,False,,,6,28.0,57.0,707.0,16.0,5.0,False,1.0,28.0,28.0,False
20,10,_original_nint128_seed23,1,1,9,7,False,False,,,7,31.0,67.0,737.0,8.0,5.0,False,1.0,31.0,31.0,False
20,10,_original_nint128_seed23,1,1,9,8,False,False,,,8,36.0,75.0,878.0,6.0,5.0,False,1.0,36.0,36.0,False
20,10,_original_nint128_seed23,1,1,9,9,False,False,,,9,30.0,65.0,848.0,11.0,5.0,False,1.0,30.0,30.0,False
20,10,_original_nint128_seed23,2,2,8,0;9,False,False,,9,0,26.0,56.0,780.0,16.0,5.0,False,1.0,26.0,26.0,False
20,10,_original_nint128_seed23,2,2,8,1;9,False,False,,9,1,26.0,55.0,804.0,18.0,5.0,False,1.0,26.0,26.0,False
20,10,_original_nint128_seed23,2,2,8,3;9,False,False,,9,3,26.0,56.0,806.0,16.0,5.0,False,1.0,26.0,26.0,False
20,10,_original_nint128_seed23,2,2,8,4;9,False,False,,9,4,27.0,57.0,727.0,15.0,5.0,False,1.0,27.0,27.0,False
20,10,_original_nint128_seed23,2,2,8,5;9,False,False,,9,5,22.0,51.0,796.0,17.0,5.0,False,1.0,22.0,22.0,False
20,10,_original_nint128_seed23,2,2,8,6;9,False,False,,6,9,19.0,38.0,633.0,28.0,5.0,False,1.0,19.0,19.0,False
20,10,_original_nint128_seed23,2,2,8,7;9,False,False,,9,7,23.0,50.0,663.0,21.0,5.0,False,1.0,23.0,23.0,False
20,10,_original_nint128_seed23,2,2,8,8;9,False,False,,9,8,27.0,58.0,805.0,18.0,5.0,False,1.0,27.0,27.0,False
20,10,_original_nint128_seed23,2,2,8,0;8,False,False,,8,0,32.0,67.0,810.0,11.0,5.0,False,1.0,32.0,32.0,False
20,10,_original_nint128_seed23,2,2,8,1;8,False,False,,1,8,31.0,62.0,839.0,12.0,5.0,False,1.0,31.0,31.0,False
20,10,_original_nint128_seed23,2,2,8,3;8,False,False,,8,3,32.0,66.0,836.0,11.0,5.0,False,1.0,32.0,32.0,False
20,10,_original_nint128_seed23,2,2,8,4;8,False,False,,8,4,33.0,67.0,757.0,10.0,5.0,False,1.0,33.0,33.0,False
20,10,_original_nint128_seed23,2,2,8,5;8,False,False,,5,8,26.0,60.0,826.0,12.0,5.0,False,1.0,26.0,26.0,False
20,10,_original_nint128_seed23,2,2,8,6;8,False,False,,6,8,24.0,47.0,665.0,22.0,5.0,False,1.0,24.0,24.0,False
20,10,_original_nint128_seed23,2,2,8,7;8,False,False,,7,8,27.0,58.0,694.0,15.0,5.0,False,1.0,27.0,27.0,False
20,10,_original_nint128_seed23,2,2,8,0;7,False,False,,7,0,28.0,60.0,669.0,13.0,5.0,False,1.0,28.0,28.0,False
20,10,_original_nint128_seed23,2,2,8,1;7,False,False,,7,1,27.0,55.0,698.0,14.0,5.0,False,1.0,27.0,27.0,False
20,10,_original_nint128_seed23,2,2,8,3;7,False,False,,7,3,27.0,58.0,695.0,13.0,5.0,False,1.0,27.0,27.0,False
20,10,_original_nint128_seed23,2,2,8,4;7,False,False,,7,4,28.0,59.0,616.0,12.0,5.0,False,1.0,28.0,28.0,False
20,10,_original_nint128_seed23,2,2,8,5;7,False,False,,7,5,23.0,53.0,685.0,14.0,5.0,False,1.0,23.0,23.0,False
20,10,_original_nint128_seed23,2,2,8,6;7,False,False,,6,7,18.0,39.0,524.0,24.0,5.0,False,1.0,18.0,18.0,False
20,10,_original_nint128_seed23,2,2,8,0;3,False,False,,3,0,33.0,70.0,810.0,10.0,5.0,False,1.0,33.0,33.0,False
20,10,_original_nint128_seed23,2,2,8,1;3,False,False,,1,3,32.0,65.0,839.0,11.0,5.0,False,1.0,32.0,32.0,False
20,10,_original_nint128_seed23,2,2,8,3;4,False,False,,3,4,34.0,70.0,757.0,9.0,5.0,False,1.0,34.0,34.0,False
20,10,_original_nint128_seed23,2,2,8,3;5,False,False,,5,3,30.0,67.0,826.0,11.0,5.0,False,1.0,30.0,30.0,False
20,10,_original_nint128_seed23,2,2,8,3;6,False,False,,6,3,26.0,54.0,660.0,23.0,5.0,False,1.0,26.0,26.0,False
20,10,_original_nint128_seed23,2,2,8,0;1,False,False,,1,0,33.0,68.0,812.0,12.0,5.0,False,1.0,33.0,33.0,False
20,10,_original_nint128_seed23,2,2,8,1;4,False,False,,1,4,33.0,66.0,760.0,10.0,5.0,False,1.0,33.0,33.0,False
20,10,_original_nint128_seed23,2,2,8,1;5,False,False,,5,1,27.0,59.0,829.0,12.0,5.0,False,1.0,27.0,27.0,False
20,10,_original_nint128_seed23,2,2,8,1;6,False,False,,6,1,24.0,48.0,667.0,23.0,5.0,False,1.0,24.0,24.0,False
20,10,_original_nint128_seed23,2,2,8,0;6,False,False,,6,0,25.0,51.0,638.0,22.0,5.0,False,1.0,25.0,25.0,False
20,10,_original_nint128_seed23,2,2,8,4;6,False,False,,6,4,26.0,52.0,575.0,21.0,5.0,False,1.0,26.0,26.0,False
20,10,_original_nint128_seed23,2,2,8,5;6,False,False,,6,5,21.0,47.0,655.0,22.0,5.0,False,1.0,21.0,21.0,False
20,10,_original_nint128_seed23,2,2,8,0;5,False,False,,5,0,28.0,64.0,800.0,11.0,5.0,False,1.0,28.0,28.0,False
20,10,_original_nint128_seed23,2,2,8,4;5,False,False,,5,4,30.0,67.0,744.0,11.0,5.0,False,1.0,30.0,30.0,False
20,10,_original_nint128_seed23,2,2,8,0;4,False,False,,0,4,34.0,71.0,731.0,9.0,5.0,False,1.0,34.0,34.0,False
20,10,_original_nint128_seed23,3,3,7,0;1;4,False,False,,1;4,0,30.0,60.0,691.0,16.0,5.0,False,1.0,30.0,30.0,False
20,10,_original_nint128_seed23,3,3,7,1;3;4,False,False,,1;3,4,29.0,57.0,718.0,15.0,5.0,False,1.0,29.0,29.0,False
20,10,_original_nint128_seed23,3,3,7,1;4;5,False,False,,1;5,4,25.0,54.0,705.0,17.0,5.0,False,1.0,25.0,25.0,False
20,10,_original_nint128_seed23,3,3,7,1;4;6,False,False,,1;6,4,22.0,43.0,535.0,28.0,5.0,False,1.0,22.0,22.0,False
20,10,_original_nint128_seed23,3,3,7,1;4;7,False,False,,1;7,4,24.0,47.0,577.0,18.0,5.0,False,1.0,24.0,24.0,False
20,10,_original_nint128_seed23,3,3,7,1;4;8,False,False,,1;8,4,28.0,54.0,718.0,16.0,5.0,False,1.0,28.0,28.0,False
20,10,_original_nint128_seed23,3,3,7,1;4;9,False,False,,1;9,4,23.0,47.0,683.0,22.0,5.0,False,1.0,23.0,23.0,False
20,10,_original_nint128_seed23,3,3,7,0;4;6,False,False,,0;6,4,23.0,46.0,506.0,27.0,5.0,False,1.0,23.0,23.0,False
20,10,_original_nint128_seed23,3,3,7,3;4;6,False,False,,4;6,3,24.0,49.0,528.0,28.0,5.0,False,1.0,24.0,24.0,False
20,10,_original_nint128_seed23,3,3,7,4;5;6,False,False,,5;6,4,20.0,45.0,520.0,28.0,5.0,False,1.0,20.0,20.0,False
20,10,_original_nint128_seed23,3,3,7,4;6;7,False,False,,6;7,4,16.0,34.0,392.0,29.0,5.0,False,1.0,16.0,16.0,False
20,10,_original_nint128_seed23,3,3,7,4;6;8,False,False,,6;8,4,22.0,42.0,533.0,27.0,5.0,False,1.0,22.0,22.0,False
20,10,_original_nint128_seed23,3,3,7,4;6;9,False,False,,6;9,4,17.0,33.0,501.0,33.0,5.0,False,1.0,17.0,17.0,False
20,10,_original_nint128_seed23,3,3,7,0;3;9,False,False,,0;9,3,22.0,47.0,738.0,21.0,5.0,False,1.0,22.0,22.0,False
20,10,_original_nint128_seed23,3,3,7,1;3;9,False,False,,1;9,3,22.0,46.0,762.0,23.0,5.0,False,1.0,22.0,22.0,False
20,10,_original_nint128_seed23,3,3,7,3;4;9,False,False,,3;9,4,23.0,48.0,685.0,20.0,5.0,False,1.0,23.0,23.0,False
20,10,_original_nint128_seed23,3,3,7,3;5;9,False,False,,5;9,3,20.0,46.0,754.0,22.0,5.0,False,1.0,20.0,20.0,False
20,10,_original_nint128_seed23,3,3,7,3;6;9,False,False,,6;9,3,17.0,35.0,586.0,35.0,5.0,False,1.0,17.0,17.0,False
20,10,_original_nint128_seed23,3,3,7,3;7;9,False,False,,7;9,3,19.0,41.0,621.0,26.0,5.0,False,1.0,19.0,19.0,False
20,10,_original_nint128_seed23,3,3,7,3;8;9,False,False,,3;9,8,23.0,49.0,763.0,23.0,5.0,False,1.0,23.0,23.0,False
20,10,_original_nint128_seed23,3,3,7,0;4;5,False,False,,0;5,4,26.0,59.0,676.0,16.0,5.0,False,1.0,26.0,26.0,False
20,10,_original_nint128_seed23,3,3,7,3;4;5,False,False,,3;5,4,28.0,62.0,702.0,16.0,5.0,False,1.0,28.0,28.0,False
20,10,_original_nint128_seed23,3,3,7,4;5;7,False,False,,5;7,4,21.0,48.0,561.0,19.0,5.0,False,1.0,21.0,21.0,False
20,10,_original_nint128_seed23,3,3,7,4;5;8,False,False,,5;8,4,24.0,55.0,702.0,17.0,5.0,False,1.0,24.0,24.0,False
20,10,_original_nint128_seed23,3,3,7,4;5;9,False,False,,5;9,4,20.0,46.0,672.0,22.0,5.0,False,1.0,20.0,20.0,False
20,10,_original_nint128_seed23,3,3,7,0;7;9,False,False,,7;9,0,20.0,42.0,595.0,26.0,5.0,False,1.0,20.0,20.0,False
20,10,_original_nint128_seed23,3,3,7,1;7;9,False,False,,7;9,1,20.0,41.0,619.0,28.0,5.0,False,1.0,20.0,20.0,False
20,10,_original_nint128_seed23,3,3,7,4;7;9,False,False,,7;9,4,20.0,42.0,542.0,25.0,5.0,False,1.0,20.0,20.0,False
20,10,_original_nint128_seed23,3,3,7,5;7;9,False,False,,7;9,5,16.0,37.0,611.0,27.0,5.0,False,1.0,16.0,16.0,False
20,10,_original_nint128_seed23,3,3,7,6;7;9,False,False,,6;9,7,13.0,25.0,448.0,38.0,5.0,False,1.0,13.0,13.0,False
20,10,_original_nint128_seed23,3,3,7,7;8;9,False,False,,7;9,8,21.0,46.0,619.0,29.0,5.0,False,1.0,21.0,21.0,False
20,10,_original_nint128_seed23,3,3,7,0;7;8,False,False,,7;8,0,24.0,51.0,626.0,20.0,5.0,False,1.0,24.0,24.0,False
20,10,_original_nint128_seed23,3,3,7,1;7;8,False,False,,1;7,8,23.0,46.0,655.0,21.0,5.0,False,1.0,23.0,23.0,False
20,10,_original_nint128_seed23,3,3,7,3;7;8,False,False,,3;7,8,23.0,49.0,652.0,20.0,5.0,False,1.0,23.0,23.0,False
20,10,_original_nint128_seed23,3,3,7,4;7;8,False,False,,7;8,4,24.0,50.0,573.0,19.0,5.0,False,1.0,24.0,24.0,False
20,10,_original_nint128_seed23,3,3,7,5;7;8,False,False,,5;7,8,19.0,44.0,642.0,21.0,5.0,False,1.0,19.0,19.0,False
20,10,_original_nint128_seed23,3,3,7,6;7;8,False,False,,6;7,8,16.0,32.0,481.0,31.0,5.0,False,1.0,16.0,16.0,False
20,10,_original_nint128_seed23,3,3,7,0;1;5,False,False,,1;5,0,24.0,53.0,760.0,18.0,5.0,False,1.0,24.0,24.0,False
20,10,_original_nint128_seed23,3,3,7,0;3;5,False,False,,0;5,3,26.0,59.0,758.0,16.0,5.0,False,1.0,26.0,26.0,False
20,10,_original_nint128_seed23,3,3,7,0;5;6,False,False,,5;6,0,18.0,41.0,586.0,28.0,5.0,False,1.0,18.0,18.0,False
20,10,_original_nint128_seed23,3,3,7,0;5;7,False,False,,5;7,0,20.0,46.0,617.0,19.0,5.0,False,1.0,20.0,20.0,False
20,10,_original_nint128_seed23,3,3,7,0;5;8,False,False,,5;8,0,22.0,52.0,758.0,17.0,5.0,False,1.0,22.0,22.0,False
20,10,_original_nint128_seed23,3,3,7,0;5;9,False,False,,5;9,0,18.0,42.0,728.0,22.0,5.0,False,1.0,18.0,18.0,False
20,10,_original_nint128_seed23,3,3,7,0;4;9,False,False,,0;9,4,23.0,48.0,659.0,20.0,5.0,False,1.0,23.0,23.0,False
20,10,_original_nint128_seed23,3,3,7,4;8;9,False,False,,4;9,8,24.0,50.0,684.0,22.0,5.0,False,1.0,24.0,24.0,False
20,10,_original_nint128_seed23,3,3,7,1;5;9,False,False,,5;9,1,18.0,41.0,752.0,24.0,5.0,False,1.0,18.0,18.0,False
20,10,_original_nint128_seed23,3,3,7,5;6;9,False,False,,6;9,5,14.0,29.0,581.0,34.0,5.0,False,1.0,14.0,14.0,False
20,10,_original_nint128_seed23,3,3,7,5;8;9,False,False,,5;9,8,19.0,43.0,753.0,24.0,5.0,False,1.0,19.0,19.0,False
20,10,_original_nint128_seed23,3,3,7,0;3;4,False,False,,0;3,4,30.0,62.0,689.0,14.0,5.0,False,1.0,30.0,30.0,False
20,10,_original_nint128_seed23,3,3,7,3;4;7,False,False,,3;7,4,24.0,50.0,574.0,17.0,5.0,False,1.0,24.0,24.0,False
20,10,_original_nint128_seed23,3,3,7,3;4;8,False,False,,3;8,4,29.0,58.0,715.0,15.0,5.0,False,1.0,29.0,29.0,False
20,10,_original_nint128_seed23,3,3,7,0;6;9,False,False,,6;9,0,16.0,32.0,564.0,34.0,5.0,False,1.0,16.0,16.0,False
20,10,_original_nint128_seed23,3,3,7,1;6;9,False,False,,6;9,1,16.0,32.0,588.0,36.0,5.0,False,1.0,16.0,16.0,False
20,10,_original_nint128_seed23,3,3,7,6;8;9,False,False,,6;9,8,17.0,33.0,590.0,35.0,5.0,False,1.0,17.0,17.0,False
20,10,_original_nint128_seed23,3,3,7,0;1;7,False,False,,1;7,0,25.0,51.0,629.0,20.0,5.0,False,1.0,25.0,25.0,False
20,10,_original_nint128_seed23,3,3,7,1;3;7,False,False,,1;7,3,23.0,46.0,656.0,19.0,5.0,False,1.0,23.0,23.0,False
20,10,_original_nint128_seed23,3,3,7,1;5;7,False,False,,5;7,1,19.0,41.0,646.0,20.0,5.0,False,1.0,19.0,19.0,False
20,10,_original_nint128_seed23,3,3,7,1;6;7,False,False,,6;7,1,15.0,31.0,484.0,31.0,5.0,False,1.0,15.0,15.0,False
20,10,_original_nint128_seed23,3,3,7,0;1;6,False,False,,1;6,0,22.0,44.0,597.0,30.0,5.0,False,1.0,22.0,22.0,False
20,10,_original_nint128_seed23,3,3,7,0;3;6,False,False,,0;6,3,23.0,48.0,591.0,29.0,5.0,False,1.0,23.0,23.0,False
20,10,_original_nint128_seed23,3,3,7,0;6;7,False,False,,6;7,0,16.0,34.0,455.0,30.0,5.0,False,1.0,16.0,16.0,False
20,10,_original_nint128_seed23,3,3,7,0;6;8,False,False,,6;8,0,21.0,41.0,596.0,28.0,5.0,False,1.0,21.0,21.0,False
20,10,_original_nint128_seed23,3,3,7,0;1;3,False,False,,1;3,0,29.0,59.0,770.0,17.0,5.0,False,1.0,29.0,29.0,False
20,10,_original_nint128_seed23,3,3,7,0;3;7,False,False,,3;7,0,24.0,51.0,627.0,18.0,5.0,False,1.0,24.0,24.0,False
20,10,_original_nint128_seed23,3,3,7,0;3;8,False,False,,3;8,0,28.0,58.0,768.0,16.0,5.0,False,1.0,28.0,28.0,False
20,10,_original_nint128_seed23,3,3,7,0;4;7,False,False,,4;7,0,25.0,52.0,548.0,17.0,5.0,False,1.0,25.0,25.0,False
20,10,_original_nint128_seed23,3,3,7,0;4;8,False,False,,0;8,4,29.0,59.0,689.0,15.0,5.0,False,1.0,29.0,29.0,False
20,10,_original_nint128_seed23,3,3,7,0;1;8,False,False,,1;8,0,28.0,56.0,770.0,18.0,5.0,False,1.0,28.0,28.0,False
20,10,_original_nint128_seed23,3,3,7,1;3;8,False,False,,1;8,3,27.0,53.0,797.0,17.0,5.0,False,1.0,27.0,27.0,False
20,10,_original_nint128_seed23,3,3,7,1;5;8,False,False,,1;5,8,21.0,47.0,787.0,18.0,5.0,False,1.0,21.0,21.0,False
20,10,_original_nint128_seed23,3,3,7,1;6;8,False,False,,6;8,1,20.0,38.0,625.0,29.0,5.0,False,1.0,20.0,20.0,False
20,10,_original_nint128_seed23,3,3,7,1;8;9,False,False,,1;9,8,23.0,48.0,761.0,25.0,5.0,False,1.0,23.0,23.0,False
20,10,_original_nint128_seed23,3,3,7,1;5;6,False,False,,5;6,1,17.0,38.0,615.0,29.0,5.0,False,1.0,17.0,17.0,False
20,10,_original_nint128_seed23,3,3,7,3;5;6,False,False,,5;6,3,20.0,45.0,608.0,29.0,5.0,False,1.0,20.0,20.0,False
20,10,_original_nint128_seed23,3,3,7,5;6;7,False,False,,6;7,5,13.0,30.0,472.0,30.0,5.0,False,1.0,13.0,13.0,False
20,10,_original_nint128_seed23,3,3,7,5;6;8,False,False,,5;6,8,17.0,37.0,613.0,28.0,5.0,False,1.0,17.0,17.0,False
20,10,_original_nint128_seed23,3,3,7,1;3;5,False,False,,1;5,3,25.0,54.0,787.0,17.0,5.0,False,1.0,25.0,25.0,False
20,10,_original_nint128_seed23,3,3,7,3;5;7,False,False,,5;7,3,21.0,48.0,643.0,19.0,5.0,False,1.0,21.0,21.0,False
20,10,_original_nint128_seed23,3,3,7,3;5;8,False,False,,5;8,3,24.0,55.0,784.0,17.0,5.0,False,1.0,24.0,24.0,False
20,10,_original_nint128_seed23,3,3,7,1;3;6,False,False,,1;6,3,22.0,45.0,620.0,30.0,5.0,False,1.0,22.0,22.0,False
20,10,_original_nint128_seed23,3,3,7,3;6;7,False,False,,6;7,3,16.0,36.0,477.0,31.0,5.0,False,1.0,16.0,16.0,False
20,10,_original_nint128_seed23,3,3,7,3;6;8,False,False,,6;8,3,22.0,44.0,618.0,29.0,5.0,False,1.0,22.0,22.0,False
20,10,_original_nint128_seed23,3,3,7,0;1;9,False,False,,1;9,0,23.0,48.0,735.0,24.0,5.0,False,1.0,23.0,23.0,False
20,10,_original_nint128_seed23,3,3,7,0;8;9,False,False,,0;9,8,23.0,49.0,737.0,23.0,5.0,False,1.0,23.0,23.0,False
20,10,_original_nint128_seed23,4,4,6,0;1;3;7,False,False,,1;3;7,0,21.0,42.0,587.0,25.0,5.0,False,1.0,21.0,21.0,False
20,10,_original_nint128_seed23,4,4,6,0;1;4;7,False,False,,1;4;7,0,22.0,43.0,508.0,24.0,5.0,False,1.0,22.0,22.0,False
20,10,_original_nint128_seed23,4,4,6,0;1;5;7,False,False,,1;5;7,0,17.0,37.0,577.0,26.0,5.0,False,1.0,17.0,17.0,False
20,10,_original_nint128_seed23,4,4,6,0;1;6;7,False,False,,1;6;7,0,14.0,29.0,414.0,38.0,5.0,False,1.0,14.0,14.0,False
20,10,_original_nint128_seed23,4,4,6,0;1;7;8,False,False,,1;7;8,0,21.0,42.0,586.0,27.0,5.0,False,1.0,21.0,21.0,False
20,10,_original_nint128_seed23,4,4,6,0;1;7;9,False,False,,1;7;9,0,18.0,36.0,550.0,34.0,5.0,False,1.0,18.0,18.0,False
20,10,_original_nint128_seed23,4,4,6,0;4;7;9,False,False,,0;7;9,4,17.0,34.0,474.0,30.0,5.0,False,1.0,17.0,17.0,False
20,10,_original_nint128_seed23,4,4,6,1;4;7;9,False,False,,1;7;9,4,17.0,33.0,498.0,32.0,5.0,False,1.0,17.0,17.0,False
20,10,_original_nint128_seed23,4,4,6,3;4;7;9,False,False,,3;7;9,4,16.0,33.0,500.0,30.0,5.0,False,1.0,16.0,16.0,False
20,10,_original_nint128_seed23,4,4,6,4;5;7;9,False,False,,5;7;9,4,14.0,32.0,487.0,32.0,5.0,False,1.0,14.0,14.0,False
20,10,_original_nint128_seed23,4,4,6,4;6;7;9,False,False,,6;7;9,4,11.0,20.0,316.0,43.0,5.0,False,1.0,11.0,11.0,False
20,10,_original_nint128_seed23,4,4,6,4;7;8;9,False,False,,4;7;9,8,18.0,38.0,498.0,33.0,5.0,False,1.0,18.0,18.0,False
20,10,_original_nint128_seed23,4,4,6,0;3;5;9,False,False,,0;5;9,3,16.0,37.0,686.0,27.0,5.0,False,1.0,16.0,16.0,False
20,10,_original_nint128_seed23,4,4,6,1;3;5;9,False,False,,1;5;9,3,16.0,36.0,710.0,29.0,5.0,False,1.0,16.0,16.0,False
20,10,_original_nint128_seed23,4,4,6,3;4;5;9,False,False,,3;5;9,4,18.0,41.0,630.0,27.0,5.0,False,1.0,18.0,18.0,False
20,10,_original_nint128_seed23,4,4,6,3;5;6;9,False,False,,5;6;9,3,13.0,27.0,534.0,41.0,5.0,False,1.0,13.0,13.0,False
20,10,_original_nint128_seed23,4,4,6,3;5;7;9,False,False,,5;7;9,3,14.0,32.0,569.0,32.0,5.0,False,1.0,14.0,14.0,False
20,10,_original_nint128_seed23,4,4,6,3;5;8;9,False,False,,5;8;9,3,17.0,38.0,711.0,29.0,5.0,False,1.0,17.0,17.0,False
20,10,_original_nint128_seed23,4,4,6,0;1;4;6,False,False,,1;4;6,0,20.0,39.0,465.0,35.0,5.0,False,1.0,20.0,20.0,False
20,10,_original_nint128_seed23,4,4,6,0;3;4;6,False,False,,0;4;6,3,21.0,43.0,459.0,34.0,5.0,False,1.0,21.0,21.0,False
20,10,_original_nint128_seed23,4,4,6,0;4;5;6,False,False,,0;5;6,4,17.0,39.0,451.0,34.0,5.0,False,1.0,17.0,17.0,False
20,10,_original_nint128_seed23,4,4,6,0;4;6;7,False,False,,0;6;7,4,14.0,29.0,323.0,35.0,5.0,False,1.0,14.0,14.0,False
20,10,_original_nint128_seed23,4,4,6,0;4;6;8,False,False,,0;6;8,4,19.0,36.0,464.0,33.0,5.0,False,1.0,19.0,19.0,False
20,10,_original_nint128_seed23,4,4,6,0;4;6;9,False,False,,0;6;9,4,14.0,27.0,432.0,39.0,5.0,False,1.0,14.0,14.0,False
20,10,_original_nint128_seed23,4,4,6,0;4;7;8,False,False,,4;7;8,0,21.0,43.0,505.0,24.0,5.0,False,1.0,21.0,21.0,False
20,10,_original_nint128_seed23,4,4,6,1;4;7;8,False,False,,1;7;8,4,20.0,38.0,534.0,25.0,5.0,False,1.0,20.0,20.0,False
20,10,_original_nint128_seed23,4,4,6,3;4;7;8,False,False,,3;7;8,4,20.0,41.0,531.0,24.0,5.0,False,1.0,20.0,20.0,False
20,10,_original_nint128_seed23,4,4,6,4;5;7;8,False,False,,5;7;8,4,17.0,39.0,518.0,26.0,5.0,False,1.0,17.0,17.0,False
20,10,_original_nint128_seed23,4,4,6,4;6;7;8,False,False,,6;7;8,4,14.0,27.0,349.0,36.0,5.0,False,1.0,14.0,14.0,False
20,10,_original_nint128_seed23,4,4,6,1;3;4;7,False,False,,1;3;7,4,20.0,38.0,535.0,23.0,5.0,False,1.0,20.0,20.0,False
20,10,_original_nint128_seed23,4,4,6,1;3;5;7,False,False,,1;5;7,3,17.0,36.0,604.0,25.0,5.0,False,1.0,17.0,17.0,False
20,10,_original_nint128_seed23,4,4,6,1;3;6;7,False,False,,1;6;7,3,13.0,28.0,437.0,38.0,5.0,False,1.0,13.0,13.0,False
20,10,_original_nint128_seed23,4,4,6,1;3;7;8,False,False,,1;3;7,8,19.0,37.0,613.0,26.0,5.0,False,1.0,19.0,19.0,False
20,10,_original_nint128_seed23,4,4,6,1;3;7;9,False,False,,3;7;9,1,16.0,32.0,577.0,33.0,5.0,False,1.0,16.0,16.0,False
20,10,_original_nint128_seed23,4,4,6,0;3;4;5,False,False,,0;3;5,4,24.0,54.0,634.0,21.0,5.0,False,1.0,24.0,24.0,False
20,10,_original_nint128_seed23,4,4,6,1;3;4;5,False,False,,1;3;5,4,23.0,49.0,663.0,22.0,5.0,False,1.0,23.0,23.0,False
20,10,_original_nint128_seed23,4,4,6,3;4;5;7,False,False,,3;5;7,4,19.0,43.0,519.0,24.0,5.0,False,1.0,19.0,19.0,False
20,10,_original_nint128_seed23,4,4,6,3;4;5;8,False,False,,3;5;8,4,22.0,50.0,660.0,22.0,5.0,False,1.0,22.0,22.0,False
20,10,_original_nint128_seed23,4,4,6,0;3;4;8,False,False,,0;3;8,4,25.0,50.0,647.0,20.0,5.0,False,1.0,25.0,25.0,False
20,10,_original_nint128_seed23,4,4,6,1;3;4;8,False,False,,1;3;8,4,24.0,45.0,676.0,21.0,5.0,False,1.0,24.0,24.0,False
20,10,_original_nint128_seed23,4,4,6,3;4;6;8,False,False,,4;6;8,3,20.0,39.0,486.0,34.0,5.0,False,1.0,20.0,20.0,False
20,10,_original_nint128_seed23,4,4,6,3;4;8;9,False,False,,3;4;9,8,20.0,41.0,642.0,27.0,5.0,False,1.0,20.0,20.0,False
20,10,_original_nint128_seed23,4,4,6,0;7;8;9,False,False,,0;7;9,8,18.0,38.0,551.0,34.0,5.0,False,1.0,18.0,18.0,False
20,10,_original_nint128_seed23,4,4,6,1;7;8;9,False,False,,1;7;9,8,18.0,37.0,575.0,36.0,5.0,False,1.0,18.0,18.0,False
20,10,_original_nint128_seed23,4,4,6,3;7;8;9,False,False,,3;7;9,8,17.0,37.0,577.0,34.0,5.0,False,1.0,17.0,17.0,False
20,10,_original_nint128_seed23,4,4,6,5;7;8;9,False,False,,5;7;9,8,14.0,33.0,567.0,35.0,5.0,False,1.0,14.0,14.0,False
20,10,_original_nint128_seed23,4,4,6,6;7;8;9,False,False,,6;7;9,8,12.0,23.0,404.0,46.0,5.0,False,1.0,12.0,12.0,False
20,10,_original_nint128_seed23,4,4,6,0;1;6;9,False,False,,0;6;9,1,14.0,28.0,518.0,43.0,5.0,False,1.0,14.0,14.0,False
20,10,_original_nint128_seed23,4,4,6,0;3;6;9,False,False,,0;6;9,3,14.0,29.0,517.0,41.0,5.0,False,1.0,14.0,14.0,False
20,10,_original_nint128_seed23,4,4,6,0;5;6;9,False,False,,5;6;9,0,11.0,23.0,512.0,40.0,5.0,False,1.0,11.0,11.0,False
20,10,_original_nint128_seed23,4,4,6,0;6;7;9,False,False,,6;7;9,0,11.0,20.0,379.0,44.0,5.0,False,1.0,11.0,11.0,False
20,10,_original_nint128_seed23,4,4,6,0;6;8;9,False,False,,0;6;9,8,14.0,27.0,521.0,41.0,5.0,False,1.0,14.0,14.0,False
20,10,_original_nint128_seed23,4,4,6,0;1;3;9,False,False,,1;3;9,0,19.0,39.0,693.0,29.0,5.0,False,1.0,19.0,19.0,False
20,10,_original_nint128_seed23,4,4,6,0;1;4;9,False,False,,1;4;9,0,20.0,40.0,614.0,28.0,5.0,False,1.0,20.0,20.0,False
20,10,_original_nint128_seed23,4,4,6,0;1;5;9,False,False,,1;5;9,0,15.0,34.0,683.0,30.0,5.0,False,1.0,15.0,15.0,False
20,10,_original_nint128_seed23,4,4,6,0;1;8;9,False,False,,0;1;9,8,20.0,41.0,692.0,31.0,5.0,False,1.0,20.0,20.0,False
20,10,_original_nint128_seed23,4,4,6,0;5;7;9,False,False,,5;7;9,0,13.0,29.0,543.0,32.0,5.0,False,1.0,13.0,13.0,False
20,10,_original_nint128_seed23,4,4,6,1;5;7;9,False,False,,5;7;9,1,13.0,28.0,567.0,34.0,5.0,False,1.0,13.0,13.0,False
20,10,_original_nint128_seed23,4,4,6,5;6;7;9,False,False,,6;7;9,5,9.0,17.0,396.0,44.0,5.0,False,1.0,9.0,9.0,False
20,10,_original_nint128_seed23,4,4,6,0;4;8;9,False,False,,0;4;9,8,20.0,41.0,616.0,27.0,5.0,False,1.0,20.0,20.0,False
20,10,_original_nint128_seed23,4,4,6,1;4;8;9,False,False,,1;4;9,8,20.0,40.0,640.0,29.0,5.0,False,1.0,20.0,20.0,False
20,10,_original_nint128_seed23,4,4,6,4;5;8;9,False,False,,5;8;9,4,17.0,38.0,629.0,29.0,5.0,False,1.0,17.0,17.0,False
20,10,_original_nint128_seed23,4,4,6,4;6;8;9,False,False,,4;6;9,8,15.0,28.0,458.0,40.0,5.0,False,1.0,15.0,15.0,False
20,10,_original_nint128_seed23,4,4,6,1;3;4;9,False,False,,1;3;9,4,19.0,38.0,641.0,27.0,5.0,False,1.0,19.0,19.0,False
20,10,_original_nint128_seed23,4,4,6,1;3;6;9,False,False,,1;6;9,3,14.0,29.0,541.0,43.0,5.0,False,1.0,14.0,14.0,False
20,10,_original_nint128_seed23,4,4,6,1;3;8;9,False,False,,1;3;9,8,19.0,39.0,719.0,30.0,5.0,False,1.0,19.0,19.0,False
20,10,_original_nint128_seed23,4,4,6,0;1;3;4,False,False,,1;3;4,0,25.0,51.0,649.0,21.0,5.0,False,1.0,25.0,25.0,False
20,10,_original_nint128_seed23,4,4,6,0;1;3;5,False,False,,0;1;5,3,22.0,48.0,718.0,23.0,5.0,False,1.0,22.0,22.0,False
20,10,_original_nint128_seed23,4,4,6,0;1;3;6,False,False,,0;1;6,3,20.0,41.0,550.0,37.0,5.0,False,1.0,20.0,20.0,False
20,10,_original_nint128_seed23,4,4,6,0;1;3;8,False,False,,1;3;8,0,24.0,47.0,728.0,23.0,5.0,False,1.0,24.0,24.0,False
20,10,_original_nint128_seed23,4,4,6,0;1;4;8,False,False,,1;4;8,0,25.0,48.0,649.0,22.0,5.0,False,1.0,25.0,25.0,False
20,10,_original_nint128_seed23,4,4,6,0;4;5;8,False,False,,0;5;8,4,20.0,47.0,634.0,22.0,5.0,False,1.0,20.0,20.0,False
20,10,_original_nint128_seed23,4,4,6,1;4;6;7,False,False,,1;6;7,4,13.0,26.0,352.0,36.0,5.0,False,1.0,13.0,13.0,False
20,10,_original_nint128_seed23,4,4,6,3;4;6;7,False,False,,4;6;7,3,14.0,31.0,345.0,36.0,5.0,False,1.0,14.0,14.0,False
20,10,_original_nint128_seed23,4,4,6,4;5;6;7,False,False,,5;6;7,4,12.0,28.0,337.0,36.0,5.0,False,1.0,12.0,12.0,False
20,10,_original_nint128_seed23,4,4,6,0;3;5;8,False,False,,0;5;8,3,20.0,47.0,716.0,22.0,5.0,False,1.0,20.0,20.0,False
20,10,_original_nint128_seed23,4,4,6,1;3;5;8,False,False,,1;5;8,3,19.0,42.0,745.0,23.0,5.0,False,1.0,19.0,19.0,False
20,10,_original_nint128_seed23,4,4,6,3;5;6;8,False,False,,5;6;8,3,16.0,35.0,566.0,35.0,5.0,False,1.0,16.0,16.0,False
20,10,_original_nint128_seed23,4,4,6,3;5;7;8,False,False,,5;7;8,3,17.0,39.0,600.0,26.0,5.0,False,1.0,17.0,17.0,False
20,10,_original_nint128_seed23,4,4,6,1;3;4;6,False,False,,1;4;6,3,20.0,40.0,488.0,35.0,5.0,False,1.0,20.0,20.0,False
20,10,_original_nint128_seed23,4,4,6,1;3;5;6,False,False,,1;5;6,3,16.0,36.0,568.0,36.0,5.0,False,1.0,16.0,16.0,False
20,10,_original_nint128_seed23,4,4,6,1;3;6;8,False,False,,1;6;8,3,18.0,35.0,578.0,36.0,5.0,False,1.0,18.0,18.0,False
20,10,_original_nint128_seed23,4,4,6,0;3;6;7,False,False,,0;6;7,3,14.0,31.0,408.0,37.0,5.0,False,1.0,14.0,14.0,False
20,10,_original_nint128_seed23,4,4,6,0;5;6;7,False,False,,5;6;7,0,11.0,25.0,403.0,36.0,5.0,False,1.0,11.0,11.0,False
20,10,_original_nint128_seed23,4,4,6,0;6;7;8,False,False,,6;7;8,0,14.0,27.0,412.0,37.0,5.0,False,1.0,14.0,14.0,False
20,10,_original_nint128_seed23,4,4,6,0;1;6;8,False,False,,1;6;8,0,18.0,34.0,555.0,36.0,5.0,False,1.0,18.0,18.0,False
20,10,_original_nint128_seed23,4,4,6,1;4;6;8,False,False,,1;6;8,4,18.0,33.0,493.0,34.0,5.0,False,1.0,18.0,18.0,False
20,10,_original_nint128_seed23,4,4,6,1;5;6;8,False,False,,5;6;8,1,13.0,28.0,573.0,35.0,5.0,False,1.0,13.0,13.0,False
20,10,_original_nint128_seed23,4,4,6,1;6;7;8,False,False,,1;6;7,8,13.0,24.0,441.0,38.0,5.0,False,1.0,13.0,13.0,False
20,10,_original_nint128_seed23,4,4,6,1;6;8;9,False,False,,1;6;9,8,14.0,27.0,545.0,43.0,5.0,False,1.0,14.0,14.0,False
20,10,_original_nint128_seed23,4,4,6,1;4;6;9,False,False,,1;6;9,4,14.0,27.0,456.0,41.0,5.0,False,1.0,14.0,14.0,False
20,10,_original_nint128_seed23,4,4,6,3;4;6;9,False,False,,4;6;9,3,15.0,30.0,454.0,40.0,5.0,False,1.0,15.0,15.0,False
20,10,_original_nint128_seed23,4,4,6,4;5;6;9,False,False,,5;6;9,4,13.0,27.0,446.0,40.0,5.0,False,1.0,13.0,13.0,False
20,10,_original_nint128_seed23,4,4,6,3;6;7;8,False,False,,6;7;8,3,14.0,29.0,434.0,38.0,5.0,False,1.0,14.0,14.0,False
20,10,_original_nint128_seed23,4,4,6,5;6;7;8,False,False,,5;6;7,8,11.0,23.0,429.0,37.0,5.0,False,1.0,11.0,11.0,False
20,10,_original_nint128_seed23,4,4,6,1;4;5;7,False,False,,1;5;7,4,17.0,36.0,522.0,25.0,5.0,False,1.0,17.0,17.0,False
20,10,_original_nint128_seed23,4,4,6,1;5;6;7,False,False,,5;6;7,1,10.0,22.0,432.0,37.0,5.0,False,1.0,10.0,10.0,False
20,10,_original_nint128_seed23,4,4,6,1;5;7;8,False,False,,1;5;7,8,15.0,32.0,603.0,27.0,5.0,False,1.0,15.0,15.0,False
20,10,_original_nint128_seed23,4,4,6,0;3;5;6,False,False,,0;5;6,3,17.0,39.0,539.0,35.0,5.0,False,1.0,17.0,17.0,False
20,10,_original_nint128_seed23,4,4,6,0;3;5;7,False,False,,0;5;7,3,18.0,41.0,575.0,24.0,5.0,False,1.0,18.0,18.0,False
20,10,_original_nint128_seed23,4,4,6,1;4;5;6,False,False,,1;5;6,4,16.0,36.0,480.0,35.0,5.0,False,1.0,16.0,16.0,False
20,10,_original_nint128_seed23,4,4,6,1;4;5;8,False,False,,1;5;8,4,19.0,42.0,663.0,23.0,5.0,False,1.0,19.0,19.0,False
20,10,_original_nint128_seed23,4,4,6,4;5;6;8,False,False,,5;6;8,4,16.0,35.0,478.0,34.0,5.0,False,1.0,16.0,16.0,False
20,10,_original_nint128_seed23,4,4,6,1;5;6;9,False,False,,5;6;9,1,11.0,23.0,536.0,42.0,5.0,False,1.0,11.0,11.0,False
20,10,_original_nint128_seed23,4,4,6,5;6;8;9,False,False,,5;6;9,8,12.0,23.0,538.0,41.0,5.0,False,1.0,12.0,12.0,False
20,10,_original_nint128_seed23,4,4,6,1;5;8;9,False,False,,1;5;9,8,15.0,33.0,709.0,31.0,5.0,False,1.0,15.0,15.0,False
20,10,_original_nint128_seed23,4,4,6,1;4;5;9,False,False,,1;5;9,4,16.0,36.0,628.0,29.0,5.0,False,1.0,16.0,16.0,False
20,10,_original_nint128_seed23,4,4,6,3;6;8;9,False,False,,6;8;9,3,15.0,30.0,543.0,42.0,5.0,False,1.0,15.0,15.0,False
20,10,_original_nint128_seed23,4,4,6,0;3;4;7,False,False,,3;4;7,0,21.0,43.0,506.0,22.0,5.0,False,1.0,21.0,21.0,False
20,10,_original_nint128_seed23,4,4,6,0;3;4;9,False,False,,0;3;9,4,19.0,39.0,617.0,25.0,5.0,False,1.0,19.0,19.0,False
20,10,_original_nint128_seed23,4,4,6,0;1;4;5,False,False,,0;1;5,4,22.0,48.0,636.0,23.0,5.0,False,1.0,22.0,22.0,False
20,10,_original_nint128_seed23,4,4,6,0;5;8;9,False,False,,0;5;9,8,15.0,34.0,685.0,29.0,5.0,False,1.0,15.0,15.0,False
20,10,_original_nint128_seed23,4,4,6,1;6;7;9,False,False,,6;7;9,1,11.0,20.0,403.0,46.0,5.0,False,1.0,11.0,11.0,False
20,10,_original_nint128_seed23,4,4,6,0;3;6;8,False,False,,0;6;8,3,19.0,38.0,549.0,35.0,5.0,False,1.0,19.0,19.0,False
20,10,_original_nint128_seed23,4,4,6,0;3;7;8,False,False,,3;7;8,0,20.0,42.0,584.0,25.0,5.0,False,1.0,20.0,20.0,False
20,10,_original_nint128_seed23,4,4,6,0;3;8;9,False,False,,0;3;9,8,19.0,40.0,695.0,28.0,5.0,False,1.0,19.0,19.0,False
20,10,_original_nint128_seed23,4,4,6,3;5;6;7,False,False,,5;6;7,3,12.0,28.0,425.0,37.0,5.0,False,1.0,12.0,12.0,False
20,10,_original_nint128_seed23,4,4,6,0;4;5;7,False,False,,0;5;7,4,18.0,41.0,493.0,24.0,5.0,False,1.0,18.0,18.0,False
20,10,_original_nint128_seed23,4,4,6,0;5;7;8,False,False,,5;7;8,0,16.0,37.0,574.0,26.0,5.0,False,1.0,16.0,16.0,False
20,10,_original_nint128_seed23,4,4,6,0;1;5;8,False,False,,1;5;8,0,18.0,41.0,718.0,24.0,5.0,False,1.0,18.0,18.0,False
20,10,_original_nint128_seed23,4,4,6,3;6;7;9,False,False,,6;7;9,3,11.0,22.0,401.0,45.0,5.0,False,1.0,11.0,11.0,False
20,10,_original_nint128_seed23,4,4,6,0;4;5;9,False,False,,0;5;9,4,16.0,37.0,604.0,27.0,5.0,False,1.0,16.0,16.0,False
20,10,_original_nint128_seed23,4,4,6,0;5;6;8,False,False,,5;6;8,0,14.0,31.0,544.0,34.0,5.0,False,1.0,14.0,14.0,False
20,10,_original_nint128_seed23,4,4,6,0;1;5;6,False,False,,1;5;6,0,15.0,34.0,545.0,36.0,5.0,False,1.0,15.0,15.0,False
20,10,_original_nint128_seed23,4,4,6,0;3;7;9,False,False,,3;7;9,0,16.0,33.0,553.0,31.0,5.0,False,1.0,16.0,16.0,False
20,10,_original_nint128_seed23,5,5,5,0;5;6;7;8,False,False,,5;6;7;8,0,9.0,18.0,360.0,43.0,5.0,False,1.0,9.0,9.0,False
20,10,_original_nint128_seed23,5,5,5,1;5;6;7;8,False,False,,1;5;6;7,8,8.0,15.0,389.0,44.0,5.0,False,1.0,8.0,8.0,False
20,10,_original_nint128_seed23,5,5,5,3;5;6;7;8,False,False,,5;6;7;8,3,10.0,21.0,382.0,44.0,5.0,False,1.0,10.0,10.0,False
20,10,_original_nint128_seed23,5,5,5,4;5;6;7;8,False,False,,5;6;7;8,4,10.0,21.0,294.0,43.0,5.0,False,1.0,10.0,10.0,False
20,10,_original_nint128_seed23,5,5,5,0;3;4;7;8,False,False,,3;4;7;8,0,17.0,34.0,463.0,29.0,5.0,False,1.0,17.0,17.0,False
20,10,_original_nint128_seed23,5,5,5,1;3;4;7;8,False,False,,1;3;7;8,4,16.0,29.0,492.0,30.0,5.0,False,1.0,16.0,16.0,False
20,10,_original_nint128_seed23,5,5,5,3;4;5;7;8,False,False,,3;5;7;8,4,15.0,34.0,476.0,31.0,5.0,False,1.0,15.0,15.0,False
20,10,_original_nint128_seed23,5,5,5,3;4;6;7;8,False,False,,4;6;7;8,3,12.0,24.0,302.0,43.0,5.0,False,1.0,12.0,12.0,False
20,10,_original_nint128_seed23,5,5,5,3;4;7;8;9,False,False,,3;4;7;9,8,14.0,29.0,456.0,38.0,5.0,False,1.0,14.0,14.0,False
20,10,_original_nint128_seed23,5,5,5,0;1;3;4;6,False,False,,0;1;4;6,3,17.0,36.0,418.0,42.0,5.0,False,1.0,17.0,17.0,False
20,10,_original_nint128_seed23,5,5,5,0;3;4;6;7,False,False,,0;4;6;7,3,12.0,26.0,276.0,42.0,5.0,False,1.0,12.0,12.0,False
20,10,_original_nint128_seed23,5,5,5,0;3;4;6;8,False,False,,0;4;6;8,3,17.0,33.0,417.0,40.0,5.0,False,1.0,17.0,17.0,False
20,10,_original_nint128_seed23,5,5,5,0;3;4;6;9,False,False,,0;4;6;9,3,12.0,24.0,385.0,46.0,5.0,False,1.0,12.0,12.0,False
20,10,_original_nint128_seed23,5,5,5,0;1;3;4;7,False,False,,1;3;4;7,0,17.0,34.0,466.0,29.0,5.0,False,1.0,17.0,17.0,False
20,10,_original_nint128_seed23,5,5,5,0;3;4;5;7,False,False,,0;3;5;7,4,16.0,36.0,451.0,29.0,5.0,False,1.0,16.0,16.0,False
20,10,_original_nint128_seed23,5,5,5,0;3;4;7;9,False,False,,0;3;7;9,4,13.0,25.0,432.0,35.0,5.0,False,1.0,13.0,13.0,False
20,10,_original_nint128_seed23,5,5,5,0;1;3;4;8,False,False,,1;3;4;8,0,20.0,39.0,607.0,27.0,5.0,False,1.0,20.0,20.0,False
20,10,_original_nint128_seed23,5,5,5,1;3;4;5;8,False,False,,1;3;5;8,4,17.0,37.0,621.0,28.0,5.0,False,1.0,17.0,17.0,False
20,10,_original_nint128_seed23,5,5,5,1;3;4;6;8,False,False,,1;4;6;8,3,16.0,30.0,446.0,41.0,5.0,False,1.0,16.0,16.0,False
20,10,_original_nint128_seed23,5,5,5,1;3;4;8;9,False,False,,1;3;4;9,8,16.0,31.0,598.0,34.0,5.0,False,1.0,16.0,16.0,False
20,10,_original_nint128_seed23,5,5,5,0;4;7;8;9,False,False,,0;4;7;9,8,15.0,30.0,430.0,38.0,5.0,False,1.0,15.0,15.0,False
20,10,_original_nint128_seed23,5,5,5,1;4;7;8;9,False,False,,1;4;7;9,8,15.0,29.0,454.0,40.0,5.0,False,1.0,15.0,15.0,False
20,10,_original_nint128_seed23,5,5,5,4;5;7;8;9,False,False,,4;5;7;9,8,12.0,28.0,443.0,40.0,5.0,False,1.0,12.0,12.0,False
20,10,_original_nint128_seed23,5,5,5,4;6;7;8;9,False,False,,4;6;7;9,8,10.0,18.0,272.0,51.0,5.0,False,1.0,10.0,10.0,False
20,10,_original_nint128_seed23,5,5,5,1;3;4;7;9,False,False,,1;3;7;9,4,13.0,24.0,456.0,37.0,5.0,False,1.0,13.0,13.0,False
20,10,_original_nint128_seed23,5,5,5,3;4;5;7;9,False,False,,3;5;7;9,4,12.0,27.0,445.0,37.0,5.0,False,1.0,12.0,12.0,False
20,10,_original_nint128_seed23,5,5,5,3;4;6;7;9,False,False,,4;6;7;9,3,9.0,17.0,269.0,50.0,5.0,False,1.0,9.0,9.0,False
20,10,_original_nint128_seed23,5,5,5,0;1;3;4;9,False,False,,1;3;4;9,0,15.0,31.0,572.0,33.0,5.0,False,1.0,15.0,15.0,False
20,10,_original_nint128_seed23,5,5,5,0;1;4;5;9,False,False,,0;1;5;9,4,13.0,29.0,559.0,35.0,5.0,False,1.0,13.0,13.0,False
20,10,_original_nint128_seed23,5,5,5,0;1;4;6;9,False,False,,0;4;6;9,1,12.0,23.0,386.0,48.0,5.0,False,1.0,12.0,12.0,False
20,10,_original_nint128_seed23,5,5,5,0;1;4;7;9,False,False,,1;4;7;9,0,15.0,28.0,429.0,38.0,5.0,False,1.0,15.0,15.0,False
20,10,_original_nint128_seed23,5,5,5,0;1;4;8;9,False,False,,0;1;4;9,8,17.0,33.0,571.0,35.0,5.0,False,1.0,17.0,17.0,False
20,10,_original_nint128_seed23,5,5,5,0;1;4;7;8,False,False,,1;4;7;8,0,18.0,34.0,465.0,31.0,5.0,False,1.0,18.0,18.0,False
20,10,_original_nint128_seed23,5,5,5,1;4;5;7;8,False,False,,1;5;7;8,4,13.0,27.0,479.0,32.0,5.0,False,1.0,13.0,13.0,False
20,10,_original_nint128_seed23,5,5,5,1;4;6;7;8,False,False,,1;6;7;8,4,11.0,19.0,309.0,43.0,5.0,False,1.0,11.0,11.0,False
20,10,_original_nint128_seed23,5,5,5,0;4;5;6;7,False,False,,0;5;6;7,4,10.0,23.0,268.0,42.0,5.0,False,1.0,10.0,10.0,False
20,10,_original_nint128_seed23,5,5,5,1;4;5;6;7,False,False,,1;5;6;7,4,9.0,20.0,297.0,43.0,5.0,False,1.0,9.0,9.0,False
20,10,_original_nint128_seed23,5,5,5,4;5;6;7;9,False,False,,5;6;7;9,4,8.0,15.0,261.0,50.0,5.0,False,1.0,8.0,8.0,False
20,10,_original_nint128_seed23,5,5,5,0;1;3;4;5,False,False,,0;1;3;5,4,19.0,43.0,594.0,28.0,5.0,False,1.0,19.0,19.0,False
20,10,_original_nint128_seed23,5,5,5,0;1;3;5;6,False,False,,0;1;5;6,3,14.0,32.0,498.0,43.0,5.0,False,1.0,14.0,14.0,False
20,10,_original_nint128_seed23,5,5,5,0;1;3;5;7,False,False,,1;3;5;7,0,15.0,32.0,535.0,31.0,5.0,False,1.0,15.0,15.0,False
20,10,_original_nint128_seed23,5,5,5,0;1;3;5;8,False,False,,0;1;5;8,3,16.0,36.0,676.0,29.0,5.0,False,1.0,16.0,16.0,False
20,10,_original_nint128_seed23,5,5,5,0;1;3;5;9,False,False,,0;1;5;9,3,13.0,29.0,641.0,35.0,5.0,False,1.0,13.0,13.0,False
20,10,_original_nint128_seed23,5,5,5,0;1;3;6;8,False,False,,0;1;6;8,3,16.0,31.0,508.0,43.0,5.0,False,1.0,16.0,16.0,False
20,10,_original_nint128_seed23,5,5,5,0;3;5;6;8,False,False,,0;5;6;8,3,13.0,29.0,497.0,41.0,5.0,False,1.0,13.0,13.0,False
20,10,_original_nint128_seed23,5,5,5,0;3;6;7;8,False,False,,0;6;7;8,3,12.0,24.0,365.0,44.0,5.0,False,1.0,12.0,12.0,False
20,10,_original_nint128_seed23,5,5,5,0;3;6;8;9,False,False,,0;6;8;9,3,12.0,24.0,474.0,48.0,5.0,False,1.0,12.0,12.0,False
20,10,_original_nint128_seed23,5,5,5,0;1;6;7;8,False,False,,1;6;7;8,0,12.0,22.0,371.0,45.0,5.0,False,1.0,12.0,12.0,False
20,10,_original_nint128_seed23,5,5,5,1;3;6;7;8,False,False,,1;6;7;8,3,11.0,21.0,394.0,45.0,5.0,False,1.0,11.0,11.0,False
20,10,_original_nint128_seed23,5,5,5,1;6;7;8;9,False,False,,1;6;7;9,8,10.0,18.0,359.0,54.0,5.0,False,1.0,10.0,10.0,False
20,10,_original_nint128_seed23,5,5,5,0;1;3;7;8,False,False,,1;3;7;8,0,17.0,33.0,544.0,32.0,5.0,False,1.0,17.0,17.0,False
20,10,_original_nint128_seed23,5,5,5,0;3;5;7;8,False,False,,0;5;7;8,3,14.0,32.0,532.0,31.0,5.0,False,1.0,14.0,14.0,False
20,10,_original_nint128_seed23,5,5,5,0;3;7;8;9,False,False,,0;3;7;9,8,14.0,29.0,509.0,39.0,5.0,False,1.0,14.0,14.0,False
20,10,_original_nint128_seed23,5,5,5,1;3;5;6;8,False,False,,1;5;6;8,3,12.0,26.0,526.0,42.0,5.0,False,1.0,12.0,12.0,False
20,10,_original_nint128_seed23,5,5,5,3;5;6;8;9,False,False,,5;6;8;9,3,11.0,21.0,491.0,48.0,5.0,False,1.0,11.0,11.0,False
20,10,_original_nint128_seed23,5,5,5,0;1;5;6;9,False,False,,0;5;6;9,1,9.0,19.0,466.0,49.0,5.0,False,1.0,9.0,9.0,False
20,10,_original_nint128_seed23,5,5,5,0;3;5;6;9,False,False,,0;5;6;9,3,10.0,21.0,465.0,47.0,5.0,False,1.0,10.0,10.0,False
20,10,_original_nint128_seed23,5,5,5,0;4;5;6;9,False,False,,0;5;6;9,4,10.0,21.0,377.0,46.0,5.0,False,1.0,10.0,10.0,False
20,10,_original_nint128_seed23,5,5,5,0;5;6;7;9,False,False,,5;6;7;9,0,7.0,12.0,327.0,50.0,5.0,False,1.0,7.0,7.0,False
20,10,_original_nint128_seed23,5,5,5,0;5;6;8;9,False,False,,0;5;6;9,8,9.0,17.0,469.0,47.0,5.0,False,1.0,9.0,9.0,False
20,10,_original_nint128_seed23,5,5,5,0;1;3;8;9,False,False,,0;1;3;9,8,16.0,32.0,650.0,36.0,5.0,False,1.0,16.0,16.0,False
20,10,_original_nint128_seed23,5,5,5,0;1;5;8;9,False,False,,1;5;8;9,0,12.0,26.0,640.0,37.0,5.0,False,1.0,12.0,12.0,False
20,10,_original_nint128_seed23,5,5,5,0;1;6;8;9,False,False,,0;6;8;9,1,12.0,23.0,475.0,50.0,5.0,False,1.0,12.0,12.0,False
20,10,_original_nint128_seed23,5,5,5,0;1;7;8;9,False,False,,0;1;7;9,8,16.0,32.0,506.0,42.0,5.0,False,1.0,16.0,16.0,False
20,10,_original_nint128_seed23,5,5,5,1;3;5;6;9,False,False,,1;5;6;9,3,10.0,21.0,489.0,49.0,5.0,False,1.0,10.0,10.0,False
20,10,_original_nint128_seed23,5,5,5,1;4;5;6;9,False,False,,1;5;6;9,4,10.0,21.0,401.0,48.0,5.0,False,1.0,10.0,10.0,False
20,10,_original_nint128_seed23,5,5,5,1;5;6;7;9,False,False,,5;6;7;9,1,7.0,12.0,351.0,52.0,5.0,False,1.0,7.0,7.0,False
20,10,_original_nint128_seed23,5,5,5,1;5;6;8;9,False,False,,1;5;6;9,8,9.0,17.0,493.0,49.0,5.0,False,1.0,9.0,9.0,False
20,10,_original_nint128_seed23,5,5,5,0;1;6;7;9,False,False,,0;6;7;9,1,10.0,18.0,333.0,53.0,5.0,False,1.0,10.0,10.0,False
20,10,_original_nint128_seed23,5,5,5,0;3;6;7;9,False,False,,0;6;7;9,3,9.0,17.0,332.0,51.0,5.0,False,1.0,9.0,9.0,False
20,10,_original_nint128_seed23,5,5,5,0;4;6;7;9,False,False,,0;6;7;9,4,9.0,15.0,247.0,49.0,5.0,False,1.0,9.0,9.0,False
20,10,_original_nint128_seed23,5,5,5,0;6;7;8;9,False,False,,0;6;7;9,8,10.0,18.0,335.0,52.0,5.0,False,1.0,10.0,10.0,False
20,10,_original_nint128_seed23,5,5,5,0;4;6;8;9,False,False,,0;4;6;9,8,12.0,22.0,389.0,46.0,5.0,False,1.0,12.0,12.0,False
20,10,_original_nint128_seed23,5,5,5,1;4;6;8;9,False,False,,1;4;6;9,8,12.0,22.0,413.0,48.0,5.0,False,1.0,12.0,12.0,False
20,10,_original_nint128_seed23,5,5,5,3;4;6;8;9,False,False,,4;6;8;9,3,13.0,25.0,411.0,47.0,5.0,False,1.0,13.0,13.0,False
20,10,_original_nint128_seed23,5,5,5,4;5;6;8;9,False,False,,5;6;8;9,4,11.0,21.0,403.0,47.0,5.0,False,1.0,11.0,11.0,False
20,10,_original_nint128_seed23,5,5,5,1;3;4;5;9,False,False,,1;3;5;9,4,14.0,31.0,586.0,34.0,5.0,False,1.0,14.0,14.0,False
20,10,_original_nint128_seed23,5,5,5,1;4;5;7;9,False,False,,1;5;7;9,4,11.0,23.0,443.0,39.0,5.0,False,1.0,11.0,11.0,False
20,10,_original_nint128_seed23,5,5,5,1;4;5;8;9,False,False,,1;5;8;9,4,13.0,28.0,585.0,36.0,5.0,False,1.0,13.0,13.0,False
20,10,_original_nint128_seed23,5,5,5,0;1;4;6;7,False,False,,1;4;6;7,0,12.0,24.0,282.0,43.0,5.0,False,1.0,12.0,12.0,False
20,10,_original_nint128_seed23,5,5,5,1;3;4;6;7,False,False,,1;4;6;7,3,11.0,23.0,305.0,43.0,5.0,False,1.0,11.0,11.0,False
20,10,_original_nint128_seed23,5,5,5,1;4;6;7;9,False,False,,1;6;7;9,4,9.0,15.0,271.0,51.0,5.0,False,1.0,9.0,9.0,False
20,10,_original_nint128_seed23,5,5,5,0;4;5;7;8,False,False,,0;5;7;8,4,14.0,32.0,450.0,31.0,5.0,False,1.0,14.0,14.0,False
20,10,_original_nint128_seed23,5,5,5,0;4;5;6;8,False,False,,0;5;6;8,4,13.0,29.0,409.0,40.0,5.0,False,1.0,13.0,13.0,False
20,10,_original_nint128_seed23,5,5,5,1;4;5;6;8,False,False,,1;5;6;8,4,12.0,26.0,438.0,41.0,5.0,False,1.0,12.0,12.0,False
20,10,_original_nint128_seed23,5,5,5,0;1;4;5;7,False,False,,1;4;5;7,0,15.0,32.0,453.0,31.0,5.0,False,1.0,15.0,15.0,False
20,10,_original_nint128_seed23,5,5,5,0;4;5;7;9,False,False,,0;5;7;9,4,11.0,24.0,419.0,37.0,5.0,False,1.0,11.0,11.0,False
20,10,_original_nint128_seed23,5,5,5,0;4;6;7;8,False,False,,0;6;7;8,4,12.0,22.0,280.0,42.0,5.0,False,1.0,12.0,12.0,False
20,10,_original_nint128_seed23,5,5,5,0;1;4;5;8,False,False,,0;1;5;8,4,16.0,36.0,594.0,29.0,5.0,False,1.0,16.0,16.0,False
20,10,_original_nint128_seed23,5,5,5,1;3;7;8;9,False,False,,1;3;7;9,8,14.0,28.0,533.0,41.0,5.0,False,1.0,14.0,14.0,False
20,10,_original_nint128_seed23,5,5,5,1;5;7;8;9,False,False,,1;5;7;9,8,11.0,24.0,523.0,42.0,5.0,False,1.0,11.0,11.0,False
20,10,_original_nint128_seed23,5,5,5,3;5;6;7;9,False,False,,5;6;7;9,3,8.0,15.0,349.0,51.0,5.0,False,1.0,8.0,8.0,False
20,10,_original_nint128_seed23,5,5,5,0;3;4;5;9,False,False,,0;3;5;9,4,14.0,32.0,562.0,32.0,5.0,False,1.0,14.0,14.0,False
20,10,_original_nint128_seed23,5,5,5,3;4;5;8;9,False,False,,3;5;8;9,4,15.0,33.0,587.0,34.0,5.0,False,1.0,15.0,15.0,False
20,10,_original_nint128_seed23,5,5,5,1;3;5;8;9,False,False,,1;5;8;9,3,13.0,28.0,667.0,36.0,5.0,False,1.0,13.0,13.0,False
20,10,_original_nint128_seed23,5,5,5,0;5;7;8;9,False,False,,0;5;7;9,8,11.0,25.0,499.0,40.0,5.0,False,1.0,11.0,11.0,False
20,10,_original_nint128_seed23,5,5,5,0;1;5;6;7,False,False,,1;5;6;7,0,9.0,20.0,362.0,44.0,5.0,False,1.0,9.0,9.0,False
20,10,_original_nint128_seed23,5,5,5,1;3;5;6;7,False,False,,1;5;6;7,3,9.0,20.0,385.0,44.0,5.0,False,1.0,9.0,9.0,False
20,10,_original_nint128_seed23,5,5,5,0;3;5;6;7,False,False,,0;5;6;7,3,10.0,23.0,356.0,43.0,5.0,False,1.0,10.0,10.0,False
20,10,_original_nint128_seed23,5,5,5,1;3;4;5;7,False,False,,1;3;5;7,4,15.0,31.0,480.0,30.0,5.0,False,1.0,15.0,15.0,False
20,10,_original_nint128_seed23,5,5,5,0;1;3;6;7,False,False,,1;3;6;7,0,12.0,26.0,367.0,45.0,5.0,False,1.0,12.0,12.0,False
20,10,_original_nint128_seed23,5,5,5,0;1;5;7;8,False,False,,1;5;7;8,0,13.0,28.0,534.0,33.0,5.0,False,1.0,13.0,13.0,False
20,10,_original_nint128_seed23,5,5,5,1;3;5;7;8,False,False,,1;5;7;8,3,13.0,27.0,561.0,32.0,5.0,False,1.0,13.0,13.0,False
20,10,_original_nint128_seed23,5,5,5,0;3;5;7;9,False,False,,0;5;7;9,3,11.0,24.0,501.0,37.0,5.0,False,1.0,11.0,11.0,False
20,10,_original_nint128_seed23,5,5,5,0;3;4;8;9,False,False,,0;3;4;9,8,16.0,32.0,574.0,32.0,5.0,False,1.0,16.0,16.0,False
20,10,_original_nint128_seed23,5,5,5,0;4;5;8;9,False,False,,0;5;8;9,4,13.0,29.0,561.0,34.0,5.0,False,1.0,13.0,13.0,False
20,10,_original_nint128_seed23,5,5,5,0;3;5;8;9,False,False,,0;5;8;9,3,13.0,29.0,643.0,34.0,5.0,False,1.0,13.0,13.0,False
20,10,_original_nint128_seed23,5,5,5,3;5;7;8;9,False,False,,3;5;7;9,8,12.0,28.0,525.0,40.0,5.0,False,1.0,12.0,12.0,False
20,10,_original_nint128_seed23,5,5,5,0;1;3;6;9,False,False,,0;1;6;9,3,12.0,25.0,471.0,50.0,5.0,False,1.0,12.0,12.0,False
20,10,_original_nint128_seed23,5,5,5,1;3;4;6;9,False,False,,1;4;6;9,3,12.0,24.0,409.0,48.0,5.0,False,1.0,12.0,12.0,False
20,10,_original_nint128_seed23,5,5,5,1;3;6;7;9,False,False,,1;6;7;9,3,9.0,17.0,356.0,53.0,5.0,False,1.0,9.0,9.0,False
20,10,_original_nint128_seed23,5,5,5,1;3;6;8;9,False,False,,1;6;8;9,3,12.0,24.0,498.0,50.0,5.0,False,1.0,12.0,12.0,False
20,10,_original_nint128_seed23,5,5,5,0;3;4;5;8,False,False,,0;3;5;8,4,18.0,42.0,592.0,27.0,5.0,False,1.0,18.0,18.0,False
20,10,_original_nint128_seed23,5,5,5,3;6;7;8;9,False,False,,3;6;7;9,8,10.0,20.0,357.0,53.0,5.0,False,1.0,10.0,10.0,False
20,10,_original_nint128_seed23,5,5,5,0;1;3;7;9,False,False,,1;3;7;9,0,14.0,27.0,508.0,39.0,5.0,False,1.0,14.0,14.0,False
20,10,_original_nint128_seed23,5,5,5,1;3;5;7;9,False,False,,1;5;7;9,3,11.0,23.0,525.0,39.0,5.0,False,1.0,11.0,11.0,False
20,10,_original_nint128_seed23,5,5,5,0;1;5;6;8,False,False,,1;5;6;8,0,11.0,24.0,503.0,42.0,5.0,False,1.0,11.0,11.0,False
20,10,_original_nint128_seed23,5,5,5,0;1;4;6;8,False,False,,1;4;6;8,0,16.0,29.0,423.0,41.0,5.0,False,1.0,16.0,16.0,False
20,10,_original_nint128_seed23,5,5,5,0;1;4;5;6,False,False,,0;1;5;6,4,14.0,32.0,410.0,42.0,5.0,False,1.0,14.0,14.0,False
20,10,_original_nint128_seed23,5,5,5,0;1;5;7;9,False,False,,1;5;7;9,0,11.0,23.0,498.0,40.0,5.0,False,1.0,11.0,11.0,False
20,10,_original_nint128_seed23,6,6,4,0;3;5;6;8;9,False,False,,0;5;6;8;9,3,8.0,15.0,422.0,54.0,5.0,False,1.0,8.0,8.0,False
20,10,_original_nint128_seed23,6,6,4,1;3;5;6;8;9,False,False,,1;5;6;8;9,3,8.0,15.0,446.0,56.0,5.0,False,1.0,8.0,8.0,False
20,10,_original_nint128_seed23,6,6,4,0;4;5;6;7;8,False,False,,0;5;6;7;8,4,8.0,16.0,225.0,49.0,5.0,False,1.0,8.0,8.0,False
20,10,_original_nint128_seed23,6,6,4,1;4;5;6;7;8,False,False,,1;5;6;7;8,4,7.0,13.0,254.0,50.0,5.0,False,1.0,7.0,7.0,False
20,10,_original_nint128_seed23,6,6,4,0;1;4;5;6;7,False,False,,0;1;5;6;7,4,8.0,18.0,227.0,50.0,5.0,False,1.0,8.0,8.0,False
20,10,_original_nint128_seed23,6,6,4,0;1;4;5;6;8,False,False,,0;1;5;6;8,4,10.0,22.0,368.0,48.0,5.0,False,1.0,10.0,10.0,False
20,10,_original_nint128_seed23,6,6,4,0;1;4;5;6;9,False,False,,0;1;5;6;9,4,8.0,17.0,331.0,55.0,5.0,False,1.0,8.0,8.0,False
20,10,_original_nint128_seed23,6,6,4,1;3;4;5;7;8,False,False,,1;3;5;7;8,4,11.0,22.0,437.0,37.0,5.0,False,1.0,11.0,11.0,False
20,10,_original_nint128_seed23,6,6,4,1;3;4;6;7;8,False,False,,1;4;6;7;8,3,9.0,16.0,262.0,50.0,5.0,False,1.0,9.0,9.0,False
20,10,_original_nint128_seed23,6,6,4,1;3;4;7;8;9,False,False,,1;3;4;7;9,8,11.0,20.0,412.0,45.0,5.0,False,1.0,11.0,11.0,False
20,10,_original_nint128_seed23,6,6,4,0;1;3;6;7;8,False,False,,1;3;6;7;8,0,10.0,19.0,324.0,52.0,5.0,False,1.0,10.0,10.0,False
20,10,_original_nint128_seed23,6,6,4,0;1;4;6;7;8,False,False,,1;4;6;7;8,0,10.0,17.0,239.0,50.0,5.0,False,1.0,10.0,10.0,False
20,10,_original_nint128_seed23,6,6,4,0;1;5;6;7;8,False,False,,1;5;6;7;8,0,7.0,13.0,319.0,51.0,5.0,False,1.0,7.0,7.0,False
20,10,_original_nint128_seed23,6,6,4,0;1;6;7;8;9,False,False,,0;1;6;7;9,8,9.0,16.0,289.0,61.0,5.0,False,1.0,9.0,9.0,False
20,10,_original_nint128_seed23,6,6,4,0;1;4;5;7;8,False,False,,1;4;5;7;8,0,11.0,23.0,410.0,38.0,5.0,False,1.0,11.0,11.0,False
20,10,_original_nint128_seed23,6,6,4,0;1;4;7;8;9,False,False,,0;1;4;7;9,8,13.0,24.0,385.0,46.0,5.0,False,1.0,13.0,13.0,False
20,10,_original_nint128_seed23,6,6,4,0;4;5;6;7;9,False,False,,0;5;6;7;9,4,6.0,10.0,192.0,56.0,5.0,False,1.0,6.0,6.0,False
20,10,_original_nint128_seed23,6,6,4,0;3;4;6;7;9,False,False,,0;4;6;7;9,3,7.0,12.0,200.0,56.0,5.0,False,1.0,7.0,7.0,False
20,10,_original_nint128_seed23,6,6,4,1;3;4;6;7;9,False,False,,1;4;6;7;9,3,7.0,12.0,224.0,58.0,5.0,False,1.0,7.0,7.0,False
20,10,_original_nint128_seed23,6,6,4,3;4;6;7;8;9,False,False,,3;4;6;7;9,8,8.0,15.0,225.0,58.0,5.0,False,1.0,8.0,8.0,False
20,10,_original_nint128_seed23,6,6,4,0;1;3;4;8;9,False,False,,0;1;3;4;9,8,12.0,24.0,529.0,40.0,5.0,False,1.0,12.0,12.0,False
20,10,_original_nint128_seed23,6,6,4,0;3;4;5;8;9,False,False,,0;3;5;8;9,4,11.0,24.0,519.0,39.0,5.0,False,1.0,11.0,11.0,False
20,10,_original_nint128_seed23,6,6,4,0;3;4;6;8;9,False,False,,0;4;6;8;9,3,10.0,19.0,342.0,53.0,5.0,False,1.0,10.0,10.0,False
20,10,_original_nint128_seed23,6,6,4,0;3;4;7;8;9,False,False,,0;3;4;7;9,8,11.0,21.0,388.0,43.0,5.0,False,1.0,11.0,11.0,False
20,10,_original_nint128_seed23,6,6,4,0;1;5;6;8;9,False,False,,0;5;6;8;9,1,7.0,13.0,423.0,56.0,5.0,False,1.0,7.0,7.0,False
20,10,_original_nint128_seed23,6,6,4,0;4;5;6;8;9,False,False,,0;5;6;8;9,4,8.0,15.0,334.0,53.0,5.0,False,1.0,8.0,8.0,False
20,10,_original_nint128_seed23,6,6,4,1;4;5;6;8;9,False,False,,1;5;6;8;9,4,8.0,15.0,358.0,55.0,5.0,False,1.0,8.0,8.0,False
20,10,_original_nint128_seed23,6,6,4,0;1;4;5;7;9,False,False,,0;1;5;7;9,4,9.0,18.0,374.0,45.0,5.0,False,1.0,9.0,9.0,False
20,10,_original_nint128_seed23,6,6,4,0;3;4;5;7;9,False,False,,0;3;5;7;9,4,9.0,19.0,377.0,42.0,5.0,False,1.0,9.0,9.0,False
20,10,_original_nint128_seed23,6,6,4,0;4;5;7;8;9,False,False,,0;4;5;7;9,8,9.0,20.0,375.0,45.0,5.0,False,1.0,9.0,9.0,False
20,10,_original_nint128_seed23,6,6,4,0;4;6;7;8;9,False,False,,0;4;6;7;9,8,8.0,13.0,203.0,57.0,5.0,False,1.0,8.0,8.0,False
20,10,_original_nint128_seed23,6,6,4,0;1;4;5;8;9,False,False,,0;1;5;8;9,4,10.0,21.0,516.0,42.0,5.0,False,1.0,10.0,10.0,False
20,10,_original_nint128_seed23,6,6,4,1;3;4;5;8;9,False,False,,1;3;5;8;9,4,11.0,23.0,543.0,41.0,5.0,False,1.0,11.0,11.0,False
20,10,_original_nint128_seed23,6,6,4,1;4;5;7;8;9,False,False,,1;4;5;7;9,8,9.0,19.0,399.0,47.0,5.0,False,1.0,9.0,9.0,False
20,10,_original_nint128_seed23,6,6,4,0;1;3;5;6;7,False,False,,0;1;5;6;7,3,8.0,18.0,315.0,51.0,5.0,False,1.0,8.0,8.0,False
20,10,_original_nint128_seed23,6,6,4,0;1;3;5;6;8,False,False,,0;1;5;6;8,3,10.0,22.0,456.0,49.0,5.0,False,1.0,10.0,10.0,False
20,10,_original_nint128_seed23,6,6,4,0;1;3;5;6;9,False,False,,0;1;5;6;9,3,8.0,17.0,419.0,56.0,5.0,False,1.0,8.0,8.0,False
20,10,_original_nint128_seed23,6,6,4,0;1;4;6;8;9,False,False,,0;4;6;8;9,1,10.0,18.0,343.0,55.0,5.0,False,1.0,10.0,10.0,False
20,10,_original_nint128_seed23,6,6,4,0;3;5;6;7;8,False,False,,0;5;6;7;8,3,8.0,16.0,313.0,50.0,5.0,False,1.0,8.0,8.0,False
20,10,_original_nint128_seed23,6,6,4,1;3;5;6;7;8,False,False,,1;5;6;7;8,3,7.0,13.0,342.0,51.0,5.0,False,1.0,7.0,7.0,False
20,10,_original_nint128_seed23,6,6,4,0;1;3;5;7;8,False,False,,1;3;5;7;8,0,11.0,23.0,492.0,38.0,5.0,False,1.0,11.0,11.0,False
20,10,_original_nint128_seed23,6,6,4,1;3;5;7;8;9,False,False,,1;3;5;7;9,8,9.0,19.0,481.0,47.0,5.0,False,1.0,9.0,9.0,False
20,10,_original_nint128_seed23,6,6,4,0;1;3;4;6;8,False,False,,0;1;4;6;8,3,13.0,26.0,376.0,48.0,5.0,False,1.0,13.0,13.0,False
20,10,_original_nint128_seed23,6,6,4,0;1;3;6;8;9,False,False,,0;1;6;8;9,3,10.0,20.0,428.0,57.0,5.0,False,1.0,10.0,10.0,False
20,10,_original_nint128_seed23,6,6,4,0;3;4;5;7;8,False,False,,0;3;5;7;8,4,12.0,27.0,408.0,36.0,5.0,False,1.0,12.0,12.0,False
20,10,_original_nint128_seed23,6,6,4,0;3;4;6;7;8,False,False,,0;4;6;7;8,3,10.0,19.0,233.0,49.0,5.0,False,1.0,10.0,10.0,False
20,10,_original_nint128_seed23,6,6,4,3;4;5;7;8;9,False,False,,3;4;5;7;9,8,10.0,23.0,401.0,45.0,5.0,False,1.0,10.0,10.0,False
20,10,_original_nint128_seed23,6,6,4,0;1;3;4;6;9,False,False,,0;1;4;6;9,3,9.0,20.0,339.0,55.0,5.0,False,1.0,9.0,9.0,False
20,10,_original_nint128_seed23,6,6,4,0;1;3;6;7;9,False,False,,0;3;6;7;9,1,8.0,15.0,286.0,60.0,5.0,False,1.0,8.0,8.0,False
20,10,_original_nint128_seed23,6,6,4,0;1;4;6;7;9,False,False,,0;4;6;7;9,1,8.0,13.0,201.0,58.0,5.0,False,1.0,8.0,8.0,False
20,10,_original_nint128_seed23,6,6,4,0;1;5;6;7;9,False,False,,0;5;6;7;9,1,6.0,10.0,281.0,59.0,5.0,False,1.0,6.0,6.0,False
20,10,_original_nint128_seed23,6,6,4,0;1;5;7;8;9,False,False,,0;1;5;7;9,8,9.0,19.0,454.0,48.0,5.0,False,1.0,9.0,9.0,False
20,10,_original_nint128_seed23,6,6,4,0;3;5;7;8;9,False,False,,0;3;5;7;9,8,9.0,20.0,457.0,45.0,5.0,False,1.0,9.0,9.0,False
20,10,_original_nint128_seed23,6,6,4,0;1;3;5;8;9,False,False,,0;1;5;8;9,3,10.0,21.0,598.0,42.0,5.0,False,1.0,10.0,10.0,False
20,10,_original_nint128_seed23,6,6,4,0;1;3;5;7;9,False,False,,0;1;5;7;9,3,9.0,18.0,456.0,45.0,5.0,False,1.0,9.0,9.0,False
20,10,_original_nint128_seed23,6,6,4,0;3;5;6;7;9,False,False,,0;5;6;7;9,3,6.0,10.0,280.0,57.0,5.0,False,1.0,6.0,6.0,False
20,10,_original_nint128_seed23,6,6,4,0;1;3;4;5;7,False,False,,1;3;4;5;7,0,12.0,27.0,411.0,36.0,5.0,False,1.0,12.0,12.0,False
20,10,_original_nint128_seed23,6,6,4,1;3;4;5;7;9,False,False,,1;3;5;7;9,4,9.0,18.0,401.0,44.0,5.0,False,1.0,9.0,9.0,False
20,10,_original_nint128_seed23,6,6,4,0;1;3;4;6;7,False,False,,1;3;4;6;7,0,9.0,21.0,235.0,50.0,5.0,False,1.0,9.0,9.0,False
20,10,_original_nint128_seed23,6,6,4,0;1;3;4;5;8,False,False,,0;1;3;5;8,4,13.0,31.0,552.0,34.0,5.0,False,1.0,13.0,13.0,False
20,10,_original_nint128_seed23,6,6,4,1;4;6;7;8;9,False,False,,1;4;6;7;9,8,8.0,13.0,227.0,59.0,5.0,False,1.0,8.0,8.0,False
20,10,_original_nint128_seed23,6,6,4,1;4;5;6;7;9,False,False,,1;5;6;7;9,4,6.0,10.0,216.0,58.0,5.0,False,1.0,6.0,6.0,False
20,10,_original_nint128_seed23,6,6,4,0;1;3;4;5;9,False,False,,0;1;3;5;9,4,10.0,23.0,517.0,40.0,5.0,False,1.0,10.0,10.0,False
20,10,_original_nint128_seed23,6,6,4,0;3;6;7;8;9,False,False,,0;3;6;7;9,8,8.0,15.0,288.0,59.0,5.0,False,1.0,8.0,8.0,False
20,10,_original_nint128_seed23,6,6,4,1;3;6;7;8;9,False,False,,1;3;6;7;9,8,8.0,15.0,312.0,61.0,5.0,False,1.0,8.0,8.0,False
20,10,_original_nint128_seed23,6,6,4,1;3;4;6;8;9,False,False,,1;4;6;8;9,3,10.0,19.0,366.0,55.0,5.0,False,1.0,10.0,10.0,False
20,10,_original_nint128_seed23,6,6,4,0;1;3;7;8;9,False,False,,0;1;3;7;9,8,12.0,23.0,464.0,47.0,5.0,False,1.0,12.0,12.0,False
20,10,_original_nint128_seed23,6,6,4,0;1;3;4;7;9,False,False,,1;3;4;7;9,0,10.0,19.0,387.0,43.0,5.0,False,1.0,10.0,10.0,False
20,10,_original_nint128_seed23,6,6,4,1;3;5;6;7;9,False,False,,1;5;6;7;9,3,6.0,10.0,304.0,59.0,5.0,False,1.0,6.0,6.0,False
20,10,_original_nint128_seed23,7,7,3,0;1;3;5;6;7;8,True,False,,0;1;5;6;7;8,3,6.0,11.0,272.0,58.0,5.0,False,1.0,6.0,6.0,False
20,10,_original_nint128_seed23,7,7,3,0;1;4;5;6;8;9,True,False,,0;1;5;6;8;9,4,6.0,11.0,288.0,62.0,5.0,False,1.0,6.0,6.0,False
20,10,_original_nint128_seed23,7,7,3,0;1;4;5;7;8;9,True,False,,0;1;4;5;7;9,8,7.0,14.0,330.0,53.0,5.0,False,1.0,7.0,7.0,False
20,10,_original_nint128_seed23,7,7,3,1;3;4;5;7;8;9,True,False,,1;3;4;5;7;9,8,7.0,14.0,357.0,52.0,5.0,False,1.0,7.0,7.0,False
20,10,_original_nint128_seed23,7,7,3,0;1;3;4;5;8;9,True,False,,0;1;3;5;8;9,4,7.0,15.0,474.0,47.0,5.0,False,1.0,7.0,7.0,False
20,10,_original_nint128_seed23,7,7,3,0;3;4;5;7;8;9,True,False,,0;3;4;5;7;9,8,7.0,15.0,333.0,50.0,5.0,False,1.0,7.0,7.0,False
20,10,_original_nint128_seed23,7,7,3,0;1;4;5;6;7;8,True,False,,0;1;5;6;7;8,4,6.0,11.0,184.0,57.0,5.0,False,1.0,6.0,6.0,False
20,10,_original_nint128_seed23,7,7,3,0;1;4;6;7;8;9,True,False,,0;1;4;6;7;9,8,7.0,11.0,157.0,66.0,5.0,False,1.0,7.0,7.0,False
20,10,_original_nint128_seed23,7,7,3,0;1;3;4;6;7;9,True,False,,0;3;4;6;7;9,1,5.0,10.0,154.0,65.0,5.0,False,1.0,5.0,5.0,True
20,10,_original_nint128_seed23,7,7,3,0;1;3;4;6;8;9,True,False,,0;1;4;6;8;9,3,7.0,15.0,296.0,62.0,5.0,False,1.0,7.0,7.0,False
20,10,_original_nint128_seed23,7,7,3,0;1;4;5;6;7;9,True,False,,0;1;5;6;7;9,4,5.0,8.0,146.0,65.0,5.0,False,1.0,5.0,5.0,True
20,10,_original_nint128_seed23,7,7,3,0;1;3;6;7;8;9,True,False,,0;1;3;6;7;9,8,7.0,13.0,242.0,68.0,5.0,False,1.0,7.0,7.0,False
20,10,_original_nint128_seed23,7,7,3,0;1;3;4;5;7;9,True,False,,0;1;3;5;7;9,4,6.0,12.0,332.0,50.0,5.0,False,1.0,6.0,6.0,False
20,10,_original_nint128_seed23,7,7,3,1;3;4;6;7;8;9,True,False,,1;3;4;6;7;9,8,6.0,10.0,180.0,66.0,5.0,False,1.0,6.0,6.0,False
20,10,_original_nint128_seed23,7,7,3,0;3;4;6;7;8;9,True,False,,0;3;4;6;7;9,8,6.0,10.0,156.0,64.0,5.0,False,1.0,6.0,6.0,False
20,10,_original_nint128_seed23,7,7,3,0;1;3;5;7;8;9,True,False,,0;1;3;5;7;9,8,7.0,14.0,412.0,53.0,5.0,False,1.0,7.0,7.0,False
20,10,_original_nint128_seed23,7,7,3,0;1;3;5;6;7;9,True,False,,0;1;5;6;7;9,3,5.0,8.0,234.0,66.0,5.0,False,1.0,5.0,5.0,True
20,10,_original_nint128_seed23,7,7,3,0;1;3;5;6;8;9,True,False,,0;1;5;6;8;9,3,6.0,11.0,376.0,63.0,5.0,False,1.0,6.0,6.0,False
20,10,_original_nint128_seed23,1,1,9,2,False,True,collision,,2,,,,,,True,,,,
20,10,_original_nint128_seed23,2,2,8,2;9,False,True,monotone,9,2,,,,,,True,,,,
20,10,_original_nint128_seed23,2,2,8,2;8,False,True,monotone,8,2,,,,,,True,,,,
20,10,_original_nint128_seed23,2,2,8,2;7,False,True,monotone,7,2,,,,,,True,,,,
20,10,_original_nint128_seed23,2,2,8,2;3,False,True,monotone,3,2,,,,,,True,,,,
20,10,_original_nint128_seed23,2,2,8,1;2,False,True,monotone,1,2,,,,,,True,,,,
20,10,_original_nint128_seed23,2,2,8,2;6,False,True,monotone,6,2,,,,,,True,,,,
20,10,_original_nint128_seed23,2,2,8,2;5,False,True,monotone,5,2,,,,,,True,,,,
20,10,_original_nint128_seed23,2,2,8,2;4,False,True,monotone,4,2,,,,,,True,,,,
20,10,_original_nint128_seed23,2,2,8,0;2,False,True,monotone,0,2,,,,,,True,,,,
20,10,_original_nint128_seed23,3,3,7,1;2;4,False,True,monotone,1;4,2,,,,,,True,,,,
20,10,_original_nint128_seed23,3,3,7,2;4;6,False,True,monotone,4;6,2,,,,,,True,,,,
20,10,_original_nint128_seed23,3,3,7,2;3;9,False,True,monotone,3;9,2,,,,,,True,,,,
20,10,_original_nint128_seed23,3,3,7,2;4;5,False,True,monotone,4;5,2,,,,,,True,,,,
20,10,_original_nint128_seed23,3,3,7,2;7;9,False,True,monotone,7;9,2,,,,,,True,,,,
20,10,_original_nint128_seed23,3,3,7,2;7;8,False,True,monotone,7;8,2,,,,,,True,,,,
20,10,_original_nint128_seed23,3,3,7,0;2;5,False,True,monotone,0;5,2,,,,,,True,,,,
20,10,_original_nint128_seed23,3,3,7,2;4;9,False,True,monotone,4;9,2,,,,,,True,,,,
20,10,_original_nint128_seed23,3,3,7,2;5;9,False,True,monotone,5;9,2,,,,,,True,,,,
20,10,_original_nint128_seed23,3,3,7,2;3;4,False,True,monotone,3;4,2,,,,,,True,,,,
20,10,_original_nint128_seed23,3,3,7,2;6;9,False,True,monotone,6;9,2,,,,,,True,,,,
20,10,_original_nint128_seed23,3,3,7,1;2;7,False,True,monotone,1;7,2,,,,,,True,,,,
20,10,_original_nint128_seed23,3,3,7,0;2;6,False,True,monotone,0;6,2,,,,,,True,,,,
20,10,_original_nint128_seed23,3,3,7,0;2;3,False,True,monotone,0;3,2,,,,,,True,,,,
20,10,_original_nint128_seed23,3,3,7,0;2;4,False,True,monotone,0;4,2,,,,,,True,,,,
20,10,_original_nint128_seed23,3,3,7,1;2;8,False,True,monotone,1;8,2,,,,,,True,,,,
20,10,_original_nint128_seed23,3,3,7,2;5;6,False,True,monotone,5;6,2,,,,,,True,,,,
20,10,_original_nint128_seed23,3,3,7,2;3;5,False,True,monotone,3;5,2,,,,,,True,,,,
20,10,_original_nint128_seed23,3,3,7,2;5;8,False,True,monotone,5;8,2,,,,,,True,,,,
20,10,_original_nint128_seed23,3,3,7,0;2;7,False,True,monotone,0;7,2,,,,,,True,,,,
20,10,_original_nint128_seed23,3,3,7,1;2;6,False,True,monotone,1;6,2,,,,,,True,,,,
20,10,_original_nint128_seed23,3,3,7,1;2;3,False,True,monotone,1;3,2,,,,,,True,,,,
20,10,_original_nint128_seed23,3,3,7,2;4;7,False,True,monotone,4;7,2,,,,,,True,,,,
20,10,_original_nint128_seed23,3,3,7,2;3;7,False,True,monotone,3;7,2,,,,,,True,,,,
20,10,_original_nint128_seed23,3,3,7,2;6;7,False,True,monotone,6;7,2,,,,,,True,,,,
20,10,_original_nint128_seed23,3,3,7,2;3;6,False,True,monotone,3;6,2,,,,,,True,,,,
20,10,_original_nint128_seed23,3,3,7,0;1;2,False,True,monotone,0;1,2,,,,,,True,,,,
20,10,_original_nint128_seed23,3,3,7,2;3;8,False,True,monotone,3;8,2,,,,,,True,,,,
20,10,_original_nint128_seed23,3,3,7,2;6;8,False,True,monotone,6;8,2,,,,,,True,,,,
20,10,_original_nint128_seed23,3,3,7,1;2;5,False,True,monotone,1;5,2,,,,,,True,,,,
20,10,_original_nint128_seed23,3,3,7,0;2;8,False,True,monotone,0;8,2,,,,,,True,,,,
20,10,_original_nint128_seed23,3,3,7,0;2;9,False,True,monotone,0;9,2,,,,,,True,,,,
20,10,_original_nint128_seed23,3,3,7,2;5;7,False,True,monotone,5;7,2,,,,,,True,,,,
20,10,_original_nint128_seed23,3,3,7,1;2;9,False,True,monotone,1;9,2,,,,,,True,,,,
20,10,_original_nint128_seed23,3,3,7,2;8;9,False,True,monotone,8;9,2,,,,,,True,,,,
20,10,_original_nint128_seed23,3,3,7,2;4;8,False,True,monotone,4;8,2,,,,,,True,,,,
20,10,_original_nint128_seed23,4,4,6,0;1;2;7,False,True,monotone,0;1;7,2,,,,,,True,,,,
20,10,_original_nint128_seed23,4,4,6,2;4;7;9,False,True,monotone,4;7;9,2,,,,,,True,,,,
20,10,_original_nint128_seed23,4,4,6,2;3;5;9,False,True,monotone,3;5;9,2,,,,,,True,,,,
20,10,_original_nint128_seed23,4,4,6,0;2;4;6,False,True,monotone,0;4;6,2,,,,,,True,,,,
20,10,_original_nint128_seed23,4,4,6,2;4;7;8,False,True,monotone,4;7;8,2,,,,,,True,,,,
20,10,_original_nint128_seed23,4,4,6,1;2;3;7,False,True,monotone,1;3;7,2,,,,,,True,,,,
20,10,_original_nint128_seed23,4,4,6,2;3;4;5,False,True,monotone,3;4;5,2,,,,,,True,,,,
20,10,_original_nint128_seed23,4,4,6,3;4;5;6,False,True,collision,3;4;5,6,,,,,,True,,,,
20,10,_original_nint128_seed23,4,4,6,2;3;4;8,False,True,monotone,3;4;8,2,,,,,,True,,,,
20,10,_original_nint128_seed23,4,4,6,2;7;8;9,False,True,monotone,7;8;9,2,,,,,,True,,,,
20,10,_original_nint128_seed23,4,4,6,0;2;6;9,False,True,monotone,0;6;9,2,,,,,,True,,,,
20,10,_original_nint128_seed23,4,4,6,0;1;2;9,False,True,monotone,0;1;9,2,,,,,,True,,,,
20,10,_original_nint128_seed23,4,4,6,2;5;7;9,False,True,monotone,5;7;9,2,,,,,,True,,,,
20,10,_original_nint128_seed23,4,4,6,2;4;8;9,False,True,monotone,4;8;9,2,,,,,,True,,,,
20,10,_original_nint128_seed23,4,4,6,1;2;3;9,False,True,monotone,1;3;9,2,,,,,,True,,,,
20,10,_original_nint128_seed23,4,4,6,0;1;2;3,False,True,monotone,0;1;3,2,,,,,,True,,,,
20,10,_original_nint128_seed23,4,4,6,0;2;4;8,False,True,monotone,0;4;8,2,,,,,,True,,,,
20,10,_original_nint128_seed23,4,4,6,2;4;6;7,False,True,monotone,4;6;7,2,,,,,,True,,,,
20,10,_original_nint128_seed23,4,4,6,2;3;5;8,False,True,monotone,3;5;8,2,,,,,,True,,,,
20,10,_original_nint128_seed23,4,4,6,1;2;3;6,False,True,monotone,1;3;6,2,,,,,,True,,,,
20,10,_original_nint128_seed23,4,4,6,0;2;6;7,False,True,monotone,0;6;7,2,,,,,,True,,,,
20,10,_original_nint128_seed23,4,4,6,1;2;6;8,False,True,monotone,1;6;8,2,,,,,,True,,,,
20,10,_original_nint128_seed23,4,4,6,2;4;6;9,False,True,monotone,4;6;9,2,,,,,,True,,,,
20,10,_original_nint128_seed23,4,4,6,2;6;7;8,False,True,monotone,6;7;8,2,,,,,,True,,,,
20,10,_original_nint128_seed23,4,4,6,1;2;5;7,False,True,monotone,1;5;7,2,,,,,,True,,,,
20,10,_original_nint128_seed23,4,4,6,0;2;3;5,False,True,monotone,0;3;5,2,,,,,,True,,,,
20,10,_original_nint128_seed23,4,4,6,1;2;4;6,False,True,monotone,1;4;6,2,,,,,,True,,,,
20,10,_original_nint128_seed23,4,4,6,2;4;5;8,False,True,monotone,4;5;8,2,,,,,,True,,,,
20,10,_original_nint128_seed23,4,4,6,2;5;6;9,False,True,monotone,5;6;9,2,,,,,,True,,,,
20,10,_original_nint128_seed23,4,4,6,1;2;8;9,False,True,monotone,1;8;9,2,,,,,,True,,,,
20,10,_original_nint128_seed23,4,4,6,1;2;5;9,False,True,monotone,1;5;9,2,,,,,,True,,,,
20,10,_original_nint128_seed23,4,4,6,2;6;8;9,False,True,monotone,6;8;9,2,,,,,,True,,,,
20,10,_original_nint128_seed23,4,4,6,0;2;3;4,False,True,monotone,0;3;4,2,,,,,,True,,,,
20,10,_original_nint128_seed23,4,4,6,1;2;4;5,False,True,monotone,1;4;5,2,,,,,,True,,,,
20,10,_original_nint128_seed23,4,4,6,2;4;6;8,False,True,monotone,4;6;8,2,,,,,,True,,,,
20,10,_original_nint128_seed23,4,4,6,1;2;4;9,False,True,monotone,1;4;9,2,,,,,,True,,,,
20,10,_original_nint128_seed23,4,4,6,2;5;8;9,False,True,monotone,5;8;9,2,,,,,,True,,,,
20,10,_original_nint128_seed23,4,4,6,1;2;6;9,False,True,monotone,1;6;9,2,,,,,,True,,,,
20,10,_original_nint128_seed23,4,4,6,0;2;3;8,False,True,monotone,0;3;8,2,,,,,,True,,,,
20,10,_original_nint128_seed23,4,4,6,1;2;7;8,False,True,monotone,1;7;8,2,,,,,,True,,,,
20,10,_original_nint128_seed23,4,4,6,2;5;6;7,False,True,monotone,5;6;7,2,,,,,,True,,,,
20,10,_original_nint128_seed23,4,4,6,0;2;5;7,False,True,monotone,0;5;7,2,,,,,,True,,,,
20,10,_original_nint128_seed23,4,4,6,1;2;3;5,False,True,monotone,1;3;5,2,,,,,,True,,,,
20,10,_original_nint128_seed23,4,4,6,2;3;6;8,False,True,monotone,3;6;8,2,,,,,,True,,,,
20,10,_original_nint128_seed23,4,4,6,1;2;5;8,False,True,monotone,1;5;8,2,,,,,,True,,,,
20,10,_original_nint128_seed23,4,4,6,2;3;6;9,False,True,monotone,3;6;9,2,,,,,,True,,,,
20,10,_original_nint128_seed23,4,4,6,2;4;5;9,False,True,monotone,4;5;9,2,,,,,,True,,,,
20,10,_original_nint128_seed23,4,4,6,1;2;4;7,False,True,monotone,1;4;7,2,,,,,,True,,,,
20,10,_original_nint128_seed23,4,4,6,0;2;4;5,False,True,monotone,0;4;5,2,,,,,,True,,,,
20,10,_original_nint128_seed23,4,4,6,0;2;3;6,False,True,monotone,0;3;6,2,,,,,,True,,,,
20,10,_original_nint128_seed23,4,4,6,2;5;7;8,False,True,monotone,5;7;8,2,,,,,,True,,,,
20,10,_original_nint128_seed23,4,4,6,1;2;6;7,False,True,monotone,1;6;7,2,,,,,,True,,,,
20,10,_original_nint128_seed23,4,4,6,2;3;4;6,False,True,monotone,3;4;6,2,,,,,,True,,,,
20,10,_original_nint128_seed23,4,4,6,1;2;3;4,False,True,monotone,1;3;4,2,,,,,,True,,,,
20,10,_original_nint128_seed23,4,4,6,0;2;5;9,False,True,monotone,0;5;9,2,,,,,,True,,,,
20,10,_original_nint128_seed23,4,4,6,1;2;7;9,False,True,monotone,1;7;9,2,,,,,,True,,,,
20,10,_original_nint128_seed23,4,4,6,2;6;7;9,False,True,monotone,6;7;9,2,,,,,,True,,,,
20,10,_original_nint128_seed23,4,4,6,0;2;8;9,False,True,monotone,0;8;9,2,,,,,,True,,,,
20,10,_original_nint128_seed23,4,4,6,2;3;8;9,False,True,monotone,3;8;9,2,,,,,,True,,,,
20,10,_original_nint128_seed23,4,4,6,0;2;5;8,False,True,monotone,0;5;8,2,,,,,,True,,,,
20,10,_original_nint128_seed23,4,4,6,0;1;2;6,False,True,monotone,0;1;6,2,,,,,,True,,,,
20,10,_original_nint128_seed23,4,4,6,2;3;6;7,False,True,monotone,3;6;7,2,,,,,,True,,,,
20,10,_original_nint128_seed23,4,4,6,2;4;5;7,False,True,monotone,4;5;7,2,,,,,,True,,,,
20,10,_original_nint128_seed23,4,4,6,0;1;2;4,False,True,monotone,0;1;4,2,,,,,,True,,,,
20,10,_original_nint128_seed23,4,4,6,0;2;3;7,False,True,monotone,0;3;7,2,,,,,,True,,,,
20,10,_original_nint128_seed23,4,4,6,2;5;6;8,False,True,monotone,5;6;8,2,,,,,,True,,,,
20,10,_original_nint128_seed23,4,4,6,1;2;3;8,False,True,monotone,1;3;8,2,,,,,,True,,,,
20,10,_original_nint128_seed23,4,4,6,2;3;5;6,False,True,monotone,3;5;6,2,,,,,,True,,,,
20,10,_original_nint128_seed23,4,4,6,0;2;7;8,False,True,monotone,0;7;8,2,,,,,,True,,,,
20,10,_original_nint128_seed23,4,4,6,0;2;4;9,False,True,monotone,0;4;9,2,,,,,,True,,,,
20,10,_original_nint128_seed23,4,4,6,2;3;4;9,False,True,monotone,3;4;9,2,,,,,,True,,,,
20,10,_original_nint128_seed23,4,4,6,0;2;5;6,False,True,monotone,0;5;6,2,,,,,,True,,,,
20,10,_original_nint128_seed23,4,4,6,0;1;2;8,False,True,monotone,0;1;8,2,,,,,,True,,,,
20,10,_original_nint128_seed23,4,4,6,2;3;7;8,False,True,monotone,3;7;8,2,,,,,,True,,,,
20,10,_original_nint128_seed23,4,4,6,1;2;4;8,False,True,monotone,1;4;8,2,,,,,,True,,,,
20,10,_original_nint128_seed23,4,4,6,2;4;5;6,False,True,monotone,4;5;6,2,,,,,,True,,,,
20,10,_original_nint128_seed23,4,4,6,0;2;4;7,False,True,monotone,0;4;7,2,,,,,,True,,,,
20,10,_original_nint128_seed23,4,4,6,0;2;3;9,False,True,monotone,0;3;9,2,,,,,,True,,,,
20,10,_original_nint128_seed23,4,4,6,2;3;4;7,False,True,monotone,3;4;7,2,,,,,,True,,,,
20,10,_original_nint128_seed23,4,4,6,2;3;7;9,False,True,monotone,3;7;9,2,,,,,,True,,,,
20,10,_original_nint128_seed23,4,4,6,0;2;7;9,False,True,monotone,0;7;9,2,,,,,,True,,,,
20,10,_original_nint128_seed23,4,4,6,2;3;5;7,False,True,monotone,3;5;7,2,,,,,,True,,,,
20,10,_original_nint128_seed23,4,4,6,0;1;2;5,False,True,monotone,0;1;5,2,,,,,,True,,,,
20,10,_original_nint128_seed23,4,4,6,0;2;6;8,False,True,monotone,0;6;8,2,,,,,,True,,,,
20,10,_original_nint128_seed23,4,4,6,1;2;5;6,False,True,monotone,1;5;6,2,,,,,,True,,,,
20,10,_original_nint128_seed23,5,5,5,2;5;6;7;8,False,True,monotone,5;6;7;8,2,,,,,,True,,,,
20,10,_original_nint128_seed23,5,5,5,5;6;7;8;9,False,True,collision,5;6;7;8,9,,,,,,True,,,,
20,10,_original_nint128_seed23,5,5,5,2;3;4;7;8,False,True,monotone,3;4;7;8,2,,,,,,True,,,,
20,10,_original_nint128_seed23,5,5,5,0;2;3;4;6,False,True,monotone,0;3;4;6,2,,,,,,True,,,,
20,10,_original_nint128_seed23,5,5,5,0;3;4;5;6,False,True,monotone,0;3;4;6,5,,,,,,True,,,,
20,10,_original_nint128_seed23,5,5,5,0;2;3;4;7,False,True,monotone,0;3;4;7,2,,,,,,True,,,,
20,10,_original_nint128_seed23,5,5,5,1;2;3;4;8,False,True,monotone,1;3;4;8,2,,,,,,True,,,,
20,10,_original_nint128_seed23,5,5,5,2;4;7;8;9,False,True,monotone,4;7;8;9,2,,,,,,True,,,,
20,10,_original_nint128_seed23,5,5,5,2;3;4;7;9,False,True,monotone,3;4;7;9,2,,,,,,True,,,,
20,10,_original_nint128_seed23,5,5,5,0;1;2;4;9,False,True,monotone,0;1;4;9,2,,,,,,True,,,,
20,10,_original_nint128_seed23,5,5,5,1;2;4;7;8,False,True,monotone,1;4;7;8,2,,,,,,True,,,,
20,10,_original_nint128_seed23,5,5,5,2;4;5;6;7,False,True,monotone,4;5;6;7,2,,,,,,True,,,,
20,10,_original_nint128_seed23,5,5,5,3;4;5;6;7,False,True,monotone,4;5;6;7,3,,,,,,True,,,,
20,10,_original_nint128_seed23,5,5,5,0;1;2;3;5,False,True,monotone,0;1;3;5,2,,,,,,True,,,,
20,10,_original_nint128_seed23,5,5,5,0;2;3;6;8,False,True,monotone,0;3;6;8,2,,,,,,True,,,,
20,10,_original_nint128_seed23,5,5,5,1;2;6;7;8,False,True,monotone,1;6;7;8,2,,,,,,True,,,,
20,10,_original_nint128_seed23,5,5,5,0;2;3;7;8,False,True,monotone,0;3;7;8,2,,,,,,True,,,,
20,10,_original_nint128_seed23,5,5,5,2;3;5;6;8,False,True,monotone,3;5;6;8,2,,,,,,True,,,,
20,10,_original_nint128_seed23,5,5,5,3;4;5;6;8,False,True,monotone,3;5;6;8,4,,,,,,True,,,,
20,10,_original_nint128_seed23,5,5,5,0;2;5;6;9,False,True,monotone,0;5;6;9,2,,,,,,True,,,,
20,10,_original_nint128_seed23,5,5,5,0;1;2;8;9,False,True,monotone,0;1;8;9,2,,,,,,True,,,,
20,10,_original_nint128_seed23,5,5,5,1;2;5;6;9,False,True,monotone,1;5;6;9,2,,,,,,True,,,,
20,10,_original_nint128_seed23,5,5,5,0;2;6;7;9,False,True,monotone,0;6;7;9,2,,,,,,True,,,,
20,10,_original_nint128_seed23,5,5,5,2;4;6;8;9,False,True,monotone,4;6;8;9,2,,,,,,True,,,,
20,10,_original_nint128_seed23,5,5,5,1;2;4;5;9,False,True,monotone,1;4;5;9,2,,,,,,True,,,,
20,10,_original_nint128_seed23,5,5,5,1;2;4;6;7,False,True,monotone,1;4;6;7,2,,,,,,True,,,,
20,10,_original_nint128_seed23,5,5,5,2;4;5;7;8,False,True,monotone,4;5;7;8,2,,,,,,True,,,,
20,10,_original_nint128_seed23,5,5,5,2;4;5;6;8,False,True,monotone,4;5;6;8,2,,,,,,True,,,,
20,10,_original_nint128_seed23,5,5,5,0;2;4;5;7,False,True,monotone,0;4;5;7,2,,,,,,True,,,,
20,10,_original_nint128_seed23,5,5,5,0;2;4;7;8,False,True,monotone,0;4;7;8,2,,,,,,True,,,,
20,10,_original_nint128_seed23,5,5,5,1;2;4;5;8,False,True,monotone,1;4;5;8,2,,,,,,True,,,,
20,10,_original_nint128_seed23,5,5,5,1;2;7;8;9,False,True,monotone,1;7;8;9,2,,,,,,True,,,,
20,10,_original_nint128_seed23,5,5,5,2;5;6;7;9,False,True,monotone,5;6;7;9,2,,,,,,True,,,,
20,10,_original_nint128_seed23,5,5,5,2;3;4;5;9,False,True,monotone,3;4;5;9,2,,,,,,True,,,,
20,10,_original_nint128_seed23,5,5,5,3;4;5;6;9,False,True,monotone,3;4;5;9,6,,,,,,True,,,,
20,10,_original_nint128_seed23,5,5,5,1;2;5;8;9,False,True,monotone,1;5;8;9,2,,,,,,True,,,,
20,10,_original_nint128_seed23,5,5,5,0;2;7;8;9,False,True,monotone,0;7;8;9,2,,,,,,True,,,,
20,10,_original_nint128_seed23,5,5,5,1;2;5;6;7,False,True,monotone,1;5;6;7,2,,,,,,True,,,,
20,10,_original_nint128_seed23,5,5,5,0;1;2;3;8,False,True,monotone,0;1;3;8,2,,,,,,True,,,,
20,10,_original_nint128_seed23,5,5,5,0;2;3;5;6,False,True,monotone,0;3;5;6,2,,,,,,True,,,,
20,10,_original_nint128_seed23,5,5,5,2;4;6;7;8,False,True,monotone,4;6;7;8,2,,,,,,True,,,,
20,10,_original_nint128_seed23,5,5,5,1;2;4;5;7,False,True,monotone,1;4;5;7,2,,,,,,True,,,,
20,10,_original_nint128_seed23,5,5,5,0;1;2;6;7,False,True,monotone,0;1;6;7,2,,,,,,True,,,,
20,10,_original_nint128_seed23,5,5,5,0;2;5;7;8,False,True,monotone,0;5;7;8,2,,,,,,True,,,,
20,10,_original_nint128_seed23,5,5,5,1;2;3;5;8,False,True,monotone,1;3;5;8,2,,,,,,True,,,,
20,10,_original_nint128_seed23,5,5,5,0;2;3;5;7,False,True,monotone,0;3;5;7,2,,,,,,True,,,,
20,10,_original_nint128_seed23,5,5,5,1;2;4;7;9,False,True,monotone,1;4;7;9,2,,,,,,True,,,,
20,10,_original_nint128_seed23,5,5,5,0;2;3;4;9,False,True,monotone,0;3;4;9,2,,,,,,True,,,,
20,10,_original_nint128_seed23,5,5,5,0;2;4;8;9,False,True,monotone,0;4;8;9,2,,,,,,True,,,,
20,10,_original_nint128_seed23,5,5,5,2;3;5;8;9,False,True,monotone,3;5;8;9,2,,,,,,True,,,,
20,10,_original_nint128_seed23,5,5,5,1;2;3;6;9,False,True,monotone,1;3;6;9,2,,,,,,True,,,,
20,10,_original_nint128_seed23,5,5,5,0;2;4;7;9,False,True,monotone,0;4;7;9,2,,,,,,True,,,,
20,10,_original_nint128_seed23,5,5,5,1;2;3;4;9,False,True,monotone,1;3;4;9,2,,,,,,True,,,,
20,10,_original_nint128_seed23,5,5,5,0;1;2;3;4,False,True,monotone,0;1;3;4,2,,,,,,True,,,,
20,10,_original_nint128_seed23,5,5,5,2;3;4;5;7,False,True,monotone,3;4;5;7,2,,,,,,True,,,,
20,10,_original_nint128_seed23,5,5,5,1;2;5;7;8,False,True,monotone,1;5;7;8,2,,,,,,True,,,,
20,10,_original_nint128_seed23,5,5,5,0;1;2;3;6,False,True,monotone,0;1;3;6,2,,,,,,True,,,,
20,10,_original_nint128_seed23,5,5,5,0;2;3;5;8,False,True,monotone,0;3;5;8,2,,,,,,True,,,,
20,10,_original_nint128_seed23,5,5,5,1;2;3;4;5,False,True,monotone,1;3;4;5,2,,,,,,True,,,,
20,10,_original_nint128_seed23,5,5,5,1;3;4;5;6,False,True,monotone,1;3;4;5,6,,,,,,True,,,,
20,10,_original_nint128_seed23,5,5,5,2;3;4;6;8,False,True,monotone,3;4;6;8,2,,,,,,True,,,,
20,10,_original_nint128_seed23,5,5,5,0;2;3;8;9,False,True,monotone,0;3;8;9,2,,,,,,True,,,,
20,10,_original_nint128_seed23,5,5,5,2;3;6;7;9,False,True,monotone,3;6;7;9,2,,,,,,True,,,,
20,10,_original_nint128_seed23,5,5,5,1;2;3;7;9,False,True,monotone,1;3;7;9,2,,,,,,True,,,,
20,10,_original_nint128_seed23,5,5,5,0;2;3;5;9,False,True,monotone,0;3;5;9,2,,,,,,True,,,,
20,10,_original_nint128_seed23,5,5,5,1;2;3;5;9,False,True,monotone,1;3;5;9,2,,,,,,True,,,,
20,10,_original_nint128_seed23,5,5,5,2;3;6;8;9,False,True,monotone,3;6;8;9,2,,,,,,True,,,,
20,10,_original_nint128_seed23,5,5,5,2;3;5;6;9,False,True,monotone,3;5;6;9,2,,,,,,True,,,,
20,10,_original_nint128_seed23,5,5,5,1;2;3;8;9,False,True,monotone,1;3;8;9,2,,,,,,True,,,,
20,10,_original_nint128_seed23,5,5,5,1;2;3;6;7,False,True,monotone,1;3;6;7,2,,,,,,True,,,,
20,10,_original_nint128_seed23,5,5,5,2;3;5;7;8,False,True,monotone,3;5;7;8,2,,,,,,True,,,,
20,10,_original_nint128_seed23,5,5,5,0;1;2;5;8,False,True,monotone,0;1;5;8,2,,,,,,True,,,,
20,10,_original_nint128_seed23,5,5,5,0;2;3;4;5,False,True,monotone,0;3;4;5,2,,,,,,True,,,,
20,10,_original_nint128_seed23,5,5,5,1;2;3;4;7,False,True,monotone,1;3;4;7,2,,,,,,True,,,,
20,10,_original_nint128_seed23,5,5,5,2;3;4;5;8,False,True,monotone,3;4;5;8,2,,,,,,True,,,,
20,10,_original_nint128_seed23,5,5,5,1;2;3;4;6,False,True,monotone,1;3;4;6,2,,,,,,True,,,,
20,10,_original_nint128_seed23,5,5,5,0;2;4;5;9,False,True,monotone,0;4;5;9,2,,,,,,True,,,,
20,10,_original_nint128_seed23,5,5,5,2;4;6;7;9,False,True,monotone,4;6;7;9,2,,,,,,True,,,,
20,10,_original_nint128_seed23,5,5,5,2;3;4;6;9,False,True,monotone,3;4;6;9,2,,,,,,True,,,,
20,10,_original_nint128_seed23,5,5,5,0;2;4;6;8,False,True,monotone,0;4;6;8,2,,,,,,True,,,,
20,10,_original_nint128_seed23,5,5,5,0;1;2;4;5,False,True,monotone,0;1;4;5,2,,,,,,True,,,,
20,10,_original_nint128_seed23,5,5,5,1;2;3;7;8,False,True,monotone,1;3;7;8,2,,,,,,True,,,,
20,10,_original_nint128_seed23,5,5,5,2;3;5;6;7,False,True,monotone,3;5;6;7,2,,,,,,True,,,,
20,10,_original_nint128_seed23,5,5,5,0;1;2;5;6,False,True,monotone,0;1;5;6,2,,,,,,True,,,,
20,10,_original_nint128_seed23,5,5,5,1;2;3;6;8,False,True,monotone,1;3;6;8,2,,,,,,True,,,,
20,10,_original_nint128_seed23,5,5,5,0;1;2;5;7,False,True,monotone,0;1;5;7,2,,,,,,True,,,,
20,10,_original_nint128_seed23,5,5,5,0;2;6;7;8,False,True,monotone,0;6;7;8,2,,,,,,True,,,,
20,10,_original_nint128_seed23,5,5,5,0;2;3;6;7,False,True,monotone,0;3;6;7,2,,,,,,True,,,,
20,10,_original_nint128_seed23,5,5,5,0;1;2;6;9,False,True,monotone,0;1;6;9,2,,,,,,True,,,,
20,10,_original_nint128_seed23,5,5,5,0;2;5;8;9,False,True,monotone,0;5;8;9,2,,,,,,True,,,,
20,10,_original_nint128_seed23,5,5,5,2;6;7;8;9,False,True,monotone,6;7;8;9,2,,,,,,True,,,,
20,10,_original_nint128_seed23,5,5,5,1;2;5;7;9,False,True,monotone,1;5;7;9,2,,,,,,True,,,,
20,10,_original_nint128_seed23,5,5,5,0;2;5;7;9,False,True,monotone,0;5;7;9,2,,,,,,True,,,,
20,10,_original_nint128_seed23,5,5,5,2;5;6;8;9,False,True,monotone,5;6;8;9,2,,,,,,True,,,,
20,10,_original_nint128_seed23,5,5,5,2;3;4;8;9,False,True,monotone,3;4;8;9,2,,,,,,True,,,,
20,10,_original_nint128_seed23,5,5,5,0;1;2;4;6,False,True,monotone,0;1;4;6,2,,,,,,True,,,,
20,10,_original_nint128_seed23,5,5,5,0;2;4;5;8,False,True,monotone,0;4;5;8,2,,,,,,True,,,,
20,10,_original_nint128_seed23,5,5,5,0;2;4;6;7,False,True,monotone,0;4;6;7,2,,,,,,True,,,,
20,10,_original_nint128_seed23,5,5,5,1;2;4;5;6,False,True,monotone,1;4;5;6,2,,,,,,True,,,,
20,10,_original_nint128_seed23,5,5,5,1;2;4;6;8,False,True,monotone,1;4;6;8,2,,,,,,True,,,,
20,10,_original_nint128_seed23,5,5,5,0;1;2;4;7,False,True,monotone,0;1;4;7,2,,,,,,True,,,,
20,10,_original_nint128_seed23,5,5,5,0;2;6;8;9,False,True,monotone,0;6;8;9,2,,,,,,True,,,,
20,10,_original_nint128_seed23,5,5,5,0;1;2;5;9,False,True,monotone,0;1;5;9,2,,,,,,True,,,,
20,10,_original_nint128_seed23,5,5,5,2;5;7;8;9,False,True,monotone,5;7;8;9,2,,,,,,True,,,,
20,10,_original_nint128_seed23,5,5,5,1;2;6;7;9,False,True,monotone,1;6;7;9,2,,,,,,True,,,,
20,10,_original_nint128_seed23,5,5,5,1;2;4;8;9,False,True,monotone,1;4;8;9,2,,,,,,True,,,,
20,10,_original_nint128_seed23,5,5,5,2;4;5;6;9,False,True,monotone,4;5;6;9,2,,,,,,True,,,,
20,10,_original_nint128_seed23,5,5,5,0;1;2;7;9,False,True,monotone,0;1;7;9,2,,,,,,True,,,,
20,10,_original_nint128_seed23,5,5,5,1;2;6;8;9,False,True,monotone,1;6;8;9,2,,,,,,True,,,,
20,10,_original_nint128_seed23,5,5,5,0;1;2;6;8,False,True,monotone,0;1;6;8,2,,,,,,True,,,,
20,10,_original_nint128_seed23,5,5,5,1;2;3;5;7,False,True,monotone,1;3;5;7,2,,,,,,True,,,,
20,10,_original_nint128_seed23,5,5,5,2;3;6;7;8,False,True,monotone,3;6;7;8,2,,,,,,True,,,,
20,10,_original_nint128_seed23,5,5,5,0;2;4;5;6,False,True,monotone,0;4;5;6,2,,,,,,True,,,,
20,10,_original_nint128_seed23,5,5,5,0;1;2;4;8,False,True,monotone,0;1;4;8,2,,,,,,True,,,,
20,10,_original_nint128_seed23,5,5,5,1;2;5;6;8,False,True,monotone,1;5;6;8,2,,,,,,True,,,,
20,10,_original_nint128_seed23,5,5,5,0;1;2;3;7,False,True,monotone,0;1;3;7,2,,,,,,True,,,,
20,10,_original_nint128_seed23,5,5,5,0;1;2;7;8,False,True,monotone,0;1;7;8,2,,,,,,True,,,,
20,10,_original_nint128_seed23,5,5,5,0;2;5;6;7,False,True,monotone,0;5;6;7,2,,,,,,True,,,,
20,10,_original_nint128_seed23,5,5,5,1;2;3;5;6,False,True,monotone,1;3;5;6,2,,,,,,True,,,,
20,10,_original_nint128_seed23,5,5,5,0;2;4;6;9,False,True,monotone,0;4;6;9,2,,,,,,True,,,,
20,10,_original_nint128_seed23,5,5,5,2;4;5;7;9,False,True,monotone,4;5;7;9,2,,,,,,True,,,,
20,10,_original_nint128_seed23,5,5,5,0;2;3;7;9,False,True,monotone,0;3;7;9,2,,,,,,True,,,,
20,10,_original_nint128_seed23,5,5,5,2;4;5;8;9,False,True,monotone,4;5;8;9,2,,,,,,True,,,,
20,10,_original_nint128_seed23,5,5,5,1;2;4;6;9,False,True,monotone,1;4;6;9,2,,,,,,True,,,,
20,10,_original_nint128_seed23,5,5,5,2;3;4;6;7,False,True,monotone,3;4;6;7,2,,,,,,True,,,,
20,10,_original_nint128_seed23,5,5,5,0;2;3;4;8,False,True,monotone,0;3;4;8,2,,,,,,True,,,,
20,10,_original_nint128_seed23,5,5,5,0;2;5;6;8,False,True,monotone,0;5;6;8,2,,,,,,True,,,,
20,10,_original_nint128_seed23,5,5,5,2;3;5;7;9,False,True,monotone,3;5;7;9,2,,,,,,True,,,,
20,10,_original_nint128_seed23,5,5,5,0;1;2;3;9,False,True,monotone,0;1;3;9,2,,,,,,True,,,,
20,10,_original_nint128_seed23,5,5,5,0;2;3;6;9,False,True,monotone,0;3;6;9,2,,,,,,True,,,,
20,10,_original_nint128_seed23,5,5,5,2;3;7;8;9,False,True,monotone,3;7;8;9,2,,,,,,True,,,,
20,10,_original_nint128_seed23,6,6,4,2;3;5;6;8;9,False,True,monotone,3;5;6;8;9,2,,,,,,True,,,,
20,10,_original_nint128_seed23,6,6,4,3;4;5;6;8;9,False,True,monotone,3;5;6;8;9,4,,,,,,True,,,,
20,10,_original_nint128_seed23,6,6,4,3;5;6;7;8;9,False,True,monotone,3;5;6;8;9,7,,,,,,True,,,,
20,10,_original_nint128_seed23,6,6,4,2;4;5;6;7;8,False,True,monotone,4;5;6;7;8,2,,,,,,True,,,,
20,10,_original_nint128_seed23,6,6,4,3;4;5;6;7;8,False,True,monotone,4;5;6;7;8,3,,,,,,True,,,,
20,10,_original_nint128_seed23,6,6,4,4;5;6;7;8;9,False,True,monotone,4;5;6;7;8,9,,,,,,True,,,,
20,10,_original_nint128_seed23,6,6,4,0;1;2;4;5;6,False,True,monotone,0;1;4;5;6,2,,,,,,True,,,,
20,10,_original_nint128_seed23,6,6,4,0;1;3;4;5;6,False,True,monotone,0;1;4;5;6,3,,,,,,True,,,,
20,10,_original_nint128_seed23,6,6,4,0;1;3;4;7;8,False,True,collision,1;3;4;7;8,0,,,,,,True,,,,
20,10,_original_nint128_seed23,6,6,4,1;2;3;4;7;8,False,True,monotone,1;3;4;7;8,2,,,,,,True,,,,
20,10,_original_nint128_seed23,6,6,4,0;1;2;6;7;8,False,True,monotone,0;1;6;7;8,2,,,,,,True,,,,
20,10,_original_nint128_seed23,6,6,4,0;1;2;4;7;8,False,True,monotone,0;1;4;7;8,2,,,,,,True,,,,
20,10,_original_nint128_seed23,6,6,4,0;2;4;5;6;7,False,True,monotone,0;4;5;6;7,2,,,,,,True,,,,
20,10,_original_nint128_seed23,6,6,4,0;3;4;5;6;7,False,True,monotone,0;4;5;6;7,3,,,,,,True,,,,
20,10,_original_nint128_seed23,6,6,4,2;3;4;6;7;9,False,True,monotone,3;4;6;7;9,2,,,,,,True,,,,
20,10,_original_nint128_seed23,6,6,4,3;4;5;6;7;9,False,True,monotone,3;4;6;7;9,5,,,,,,True,,,,
20,10,_original_nint128_seed23,6,6,4,0;2;3;4;8;9,False,True,monotone,0;3;4;8;9,2,,,,,,True,,,,
20,10,_original_nint128_seed23,6,6,4,0;2;5;6;8;9,False,True,monotone,0;5;6;8;9,2,,,,,,True,,,,
20,10,_original_nint128_seed23,6,6,4,0;5;6;7;8;9,False,True,monotone,0;5;6;8;9,7,,,,,,True,,,,
20,10,_original_nint128_seed23,6,6,4,2;4;5;6;8;9,False,True,monotone,4;5;6;8;9,2,,,,,,True,,,,
20,10,_original_nint128_seed23,6,6,4,0;2;4;5;7;9,False,True,monotone,0;4;5;7;9,2,,,,,,True,,,,
20,10,_original_nint128_seed23,6,6,4,0;2;4;7;8;9,False,True,monotone,0;4;7;8;9,2,,,,,,True,,,,
20,10,_original_nint128_seed23,6,6,4,1;2;4;5;8;9,False,True,monotone,1;4;5;8;9,2,,,,,,True,,,,
20,10,_original_nint128_seed23,6,6,4,0;1;2;3;5;6,False,True,monotone,0;1;3;5;6,2,,,,,,True,,,,
20,10,_original_nint128_seed23,6,6,4,0;1;2;4;8;9,False,True,monotone,0;1;4;8;9,2,,,,,,True,,,,
20,10,_original_nint128_seed23,6,6,4,2;3;5;6;7;8,False,True,monotone,3;5;6;7;8,2,,,,,,True,,,,
20,10,_original_nint128_seed23,6,6,4,1;2;3;5;7;8,False,True,monotone,1;3;5;7;8,2,,,,,,True,,,,
20,10,_original_nint128_seed23,6,6,4,0;1;2;3;6;8,False,True,monotone,0;1;3;6;8,2,,,,,,True,,,,
20,10,_original_nint128_seed23,6,6,4,0;2;3;4;7;8,False,True,monotone,0;3;4;7;8,2,,,,,,True,,,,
20,10,_original_nint128_seed23,6,6,4,0;2;5;6;7;8,False,True,monotone,0;5;6;7;8,2,,,,,,True,,,,
20,10,_original_nint128_seed23,6,6,4,2;3;4;7;8;9,False,True,monotone,3;4;7;8;9,2,,,,,,True,,,,
20,10,_original_nint128_seed23,6,6,4,0;2;3;4;6;9,False,True,monotone,0;3;4;6;9,2,,,,,,True,,,,
20,10,_original_nint128_seed23,6,6,4,0;3;4;5;6;9,False,True,monotone,0;3;4;6;9,5,,,,,,True,,,,
20,10,_original_nint128_seed23,6,6,4,0;1;2;6;7;9,False,True,monotone,0;1;6;7;9,2,,,,,,True,,,,
20,10,_original_nint128_seed23,6,6,4,0;2;5;7;8;9,False,True,monotone,0;5;7;8;9,2,,,,,,True,,,,
20,10,_original_nint128_seed23,6,6,4,1;2;3;5;8;9,False,True,monotone,1;3;5;8;9,2,,,,,,True,,,,
20,10,_original_nint128_seed23,6,6,4,0;2;3;5;7;9,False,True,monotone,0;3;5;7;9,2,,,,,,True,,,,
20,10,_original_nint128_seed23,6,6,4,2;3;4;6;7;8,False,True,monotone,3;4;6;7;8,2,,,,,,True,,,,
20,10,_original_nint128_seed23,6,6,4,1;2;3;4;5;7,False,True,monotone,1;3;4;5;7,2,,,,,,True,,,,
20,10,_original_nint128_seed23,6,6,4,1;3;4;5;6;7,False,True,monotone,1;3;4;5;7,6,,,,,,True,,,,
20,10,_original_nint128_seed23,6,6,4,0;1;2;4;6;8,False,True,monotone,0;1;4;6;8,2,,,,,,True,,,,
20,10,_original_nint128_seed23,6,6,4,0;1;2;3;4;6,False,True,monotone,0;1;3;4;6,2,,,,,,True,,,,
20,10,_original_nint128_seed23,6,6,4,0;2;3;4;5;8,False,True,monotone,0;3;4;5;8,2,,,,,,True,,,,
20,10,_original_nint128_seed23,6,6,4,0;3;4;5;6;8,False,True,monotone,0;3;4;5;8,6,,,,,,True,,,,
20,10,_original_nint128_seed23,6,6,4,1;2;4;5;7;8,False,True,monotone,1;4;5;7;8,2,,,,,,True,,,,
20,10,_original_nint128_seed23,6,6,4,0;2;3;4;6;7,False,True,monotone,0;3;4;6;7,2,,,,,,True,,,,
20,10,_original_nint128_seed23,6,6,4,1;2;4;7;8;9,False,True,monotone,1;4;7;8;9,2,,,,,,True,,,,
20,10,_original_nint128_seed23,6,6,4,2;4;5;6;7;9,False,True,monotone,4;5;6;7;9,2,,,,,,True,,,,
20,10,_original_nint128_seed23,6,6,4,0;1;2;3;5;9,False,True,monotone,0;1;3;5;9,2,,,,,,True,,,,
20,10,_original_nint128_seed23,6,6,4,0;2;3;6;8;9,False,True,monotone,0;3;6;8;9,2,,,,,,True,,,,
20,10,_original_nint128_seed23,6,6,4,1;2;6;7;8;9,False,True,monotone,1;6;7;8;9,2,,,,,,True,,,,
20,10,_original_nint128_seed23,6,6,4,1;5;6;7;8;9,False,True,monotone,1;6;7;8;9,5,,,,,,True,,,,
20,10,_original_nint128_seed23,6,6,4,2;3;4;6;8;9,False,True,monotone,3;4;6;8;9,2,,,,,,True,,,,
20,10,_original_nint128_seed23,6,6,4,1;2;3;4;5;9,False,True,monotone,1;3;4;5;9,2,,,,,,True,,,,
20,10,_original_nint128_seed23,6,6,4,1;3;4;5;6;9,False,True,monotone,1;3;4;5;9,6,,,,,,True,,,,
20,10,_original_nint128_seed23,6,6,4,0;1;2;3;7;8,False,True,monotone,0;1;3;7;8,2,,,,,,True,,,,
20,10,_original_nint128_seed23,6,6,4,0;2;3;5;6;7,False,True,monotone,0;3;5;6;7,2,,,,,,True,,,,
20,10,_original_nint128_seed23,6,6,4,0;1;2;3;5;7,False,True,monotone,0;1;3;5;7,2,,,,,,True,,,,
20,10,_original_nint128_seed23,6,6,4,0;2;3;6;7;8,False,True,monotone,0;3;6;7;8,2,,,,,,True,,,,
20,10,_original_nint128_seed23,6,6,4,2;4;5;7;8;9,False,True,monotone,4;5;7;8;9,2,,,,,,True,,,,
20,10,_original_nint128_seed23,6,6,4,1;2;4;6;7;9,False,True,monotone,1;4;6;7;9,2,,,,,,True,,,,
20,10,_original_nint128_seed23,6,6,4,2;3;4;5;8;9,False,True,monotone,3;4;5;8;9,2,,,,,,True,,,,
20,10,_original_nint128_seed23,6,6,4,1;2;3;4;6;9,False,True,monotone,1;3;4;6;9,2,,,,,,True,,,,
20,10,_original_nint128_seed23,6,6,4,0;1;2;3;4;7,False,True,monotone,0;1;3;4;7,2,,,,,,True,,,,
20,10,_original_nint128_seed23,6,6,4,1;2;4;5;6;8,False,True,monotone,1;4;5;6;8,2,,,,,,True,,,,
20,10,_original_nint128_seed23,6,6,4,1;3;4;5;6;8,False,True,monotone,1;4;5;6;8,3,,,,,,True,,,,
20,10,_original_nint128_seed23,6,6,4,0;2;3;5;7;8,False,True,monotone,0;3;5;7;8,2,,,,,,True,,,,
20,10,_original_nint128_seed23,6,6,4,0;1;2;3;6;7,False,True,monotone,0;1;3;6;7,2,,,,,,True,,,,
20,10,_original_nint128_seed23,6,6,4,1;2;5;6;7;9,False,True,monotone,1;5;6;7;9,2,,,,,,True,,,,
20,10,_original_nint128_seed23,6,6,4,0;2;3;5;6;9,False,True,monotone,0;3;5;6;9,2,,,,,,True,,,,
20,10,_original_nint128_seed23,6,6,4,0;1;2;3;8;9,False,True,monotone,0;1;3;8;9,2,,,,,,True,,,,
20,10,_original_nint128_seed23,6,6,4,2;4;6;7;8;9,False,True,monotone,4;6;7;8;9,2,,,,,,True,,,,
20,10,_original_nint128_seed23,6,6,4,1;2;4;5;7;9,False,True,monotone,1;4;5;7;9,2,,,,,,True,,,,
20,10,_original_nint128_seed23,6,6,4,1;2;3;6;8;9,False,True,monotone,1;3;6;8;9,2,,,,,,True,,,,
20,10,_original_nint128_seed23,6,6,4,0;2;6;7;8;9,False,True,monotone,0;6;7;8;9,2,,,,,,True,,,,
20,10,_original_nint128_seed23,6,6,4,0;1;2;5;7;9,False,True,monotone,0;1;5;7;9,2,,,,,,True,,,,
20,10,_original_nint128_seed23,6,6,4,0;2;3;6;7;9,False,True,monotone,0;3;6;7;9,2,,,,,,True,,,,
20,10,_original_nint128_seed23,6,6,4,0;1;2;4;5;8,False,True,monotone,0;1;4;5;8,2,,,,,,True,,,,
20,10,_original_nint128_seed23,6,6,4,2;3;4;5;7;8,False,True,monotone,3;4;5;7;8,2,,,,,,True,,,,
20,10,_original_nint128_seed23,6,6,4,1;2;3;4;6;7,False,True,monotone,1;3;4;6;7,2,,,,,,True,,,,
20,10,_original_nint128_seed23,6,6,4,1;2;4;6;7;8,False,True,monotone,1;4;6;7;8,2,,,,,,True,,,,
20,10,_original_nint128_seed23,6,6,4,0;2;3;4;6;8,False,True,monotone,0;3;4;6;8,2,,,,,,True,,,,
20,10,_original_nint128_seed23,6,6,4,0;1;2;3;4;5,False,True,monotone,0;1;3;4;5,2,,,,,,True,,,,
20,10,_original_nint128_seed23,6,6,4,0;1;2;5;7;8,False,True,monotone,0;1;5;7;8,2,,,,,,True,,,,
20,10,_original_nint128_seed23,6,6,4,0;2;3;4;5;7,False,True,monotone,0;3;4;5;7,2,,,,,,True,,,,
20,10,_original_nint128_seed23,6,6,4,0;1;2;3;4;9,False,True,monotone,0;1;3;4;9,2,,,,,,True,,,,
20,10,_original_nint128_seed23,6,6,4,2;3;4;5;7;9,False,True,monotone,3;4;5;7;9,2,,,,,,True,,,,
20,10,_original_nint128_seed23,6,6,4,1;2;5;7;8;9,False,True,monotone,1;5;7;8;9,2,,,,,,True,,,,
20,10,_original_nint128_seed23,6,6,4,0;2;3;5;8;9,False,True,monotone,0;3;5;8;9,2,,,,,,True,,,,
20,10,_original_nint128_seed23,6,6,4,0;1;2;3;6;9,False,True,monotone,0;1;3;6;9,2,,,,,,True,,,,
20,10,_original_nint128_seed23,6,6,4,0;2;4;6;7;9,False,True,monotone,0;4;6;7;9,2,,,,,,True,,,,
20,10,_original_nint128_seed23,6,6,4,1;2;4;5;6;9,False,True,monotone,1;4;5;6;9,2,,,,,,True,,,,
20,10,_original_nint128_seed23,6,6,4,1;2;4;6;8;9,False,True,monotone,1;4;6;8;9,2,,,,,,True,,,,
20,10,_original_nint128_seed23,6,6,4,0;1;2;4;7;9,False,True,monotone,0;1;4;7;9,2,,,,,,True,,,,
20,10,_original_nint128_seed23,6,6,4,1;2;3;6;7;8,False,True,monotone,1;3;6;7;8,2,,,,,,True,,,,
20,10,_original_nint128_seed23,6,6,4,0;2;3;5;6;8,False,True,monotone,0;3;5;6;8,2,,,,,,True,,,,
20,10,_original_nint128_seed23,6,6,4,0;1;2;3;5;8,False,True,monotone,0;1;3;5;8,2,,,,,,True,,,,
20,10,_original_nint128_seed23,6,6,4,1;2;3;5;6;7,False,True,monotone,1;3;5;6;7,2,,,,,,True,,,,
20,10,_original_nint128_seed23,6,6,4,0;1;2;4;5;7,False,True,monotone,0;1;4;5;7,2,,,,,,True,,,,
20,10,_original_nint128_seed23,6,6,4,0;2;4;6;7;8,False,True,monotone,0;4;6;7;8,2,,,,,,True,,,,
20,10,_original_nint128_seed23,6,6,4,1;2;3;4;6;8,False,True,monotone,1;3;4;6;8,2,,,,,,True,,,,
20,10,_original_nint128_seed23,6,6,4,0;1;2;5;6;7,False,True,monotone,0;1;5;6;7,2,,,,,,True,,,,
20,10,_original_nint128_seed23,6,6,4,2;3;5;7;8;9,False,True,monotone,3;5;7;8;9,2,,,,,,True,,,,
20,10,_original_nint128_seed23,6,6,4,1;2;3;6;7;9,False,True,monotone,1;3;6;7;9,2,,,,,,True,,,,
20,10,_original_nint128_seed23,6,6,4,0;1;2;5;8;9,False,True,monotone,0;1;5;8;9,2,,,,,,True,,,,
20,10,_original_nint128_seed23,6,6,4,0;2;3;4;5;9,False,True,monotone,0;3;4;5;9,2,,,,,,True,,,,
20,10,_original_nint128_seed23,6,6,4,1;2;3;4;7;9,False,True,monotone,1;3;4;7;9,2,,,,,,True,,,,
20,10,_original_nint128_seed23,6,6,4,1;2;5;6;8;9,False,True,monotone,1;5;6;8;9,2,,,,,,True,,,,
20,10,_original_nint128_seed23,6,6,4,0;1;2;3;7;9,False,True,monotone,0;1;3;7;9,2,,,,,,True,,,,
20,10,_original_nint128_seed23,6,6,4,0;2;5;6;7;9,False,True,monotone,0;5;6;7;9,2,,,,,,True,,,,
20,10,_original_nint128_seed23,6,6,4,0;1;2;7;8;9,False,True,monotone,0;1;7;8;9,2,,,,,,True,,,,
20,10,_original_nint128_seed23,6,6,4,1;2;3;5;6;9,False,True,monotone,1;3;5;6;9,2,,,,,,True,,,,
20,10,_original_nint128_seed23,6,6,4,0;1;2;3;4;8,False,True,monotone,0;1;3;4;8,2,,,,,,True,,,,
20,10,_original_nint128_seed23,6,6,4,1;2;4;5;6;7,False,True,monotone,1;4;5;6;7,2,,,,,,True,,,,
20,10,_original_nint128_seed23,6,6,4,0;2;4;5;6;8,False,True,monotone,0;4;5;6;8,2,,,,,,True,,,,
20,10,_original_nint128_seed23,6,6,4,0;1;2;4;5;9,False,True,monotone,0;1;4;5;9,2,,,,,,True,,,,
20,10,_original_nint128_seed23,6,6,4,0;2;4;6;8;9,False,True,monotone,0;4;6;8;9,2,,,,,,True,,,,
20,10,_original_nint128_seed23,6,6,4,1;2;3;7;8;9,False,True,monotone,1;3;7;8;9,2,,,,,,True,,,,
20,10,_original_nint128_seed23,6,6,4,2;3;5;6;7;9,False,True,monotone,3;5;6;7;9,2,,,,,,True,,,,
20,10,_original_nint128_seed23,6,6,4,0;1;2;5;6;9,False,True,monotone,0;1;5;6;9,2,,,,,,True,,,,
20,10,_original_nint128_seed23,6,6,4,1;2;5;6;7;8,False,True,monotone,1;5;6;7;8,2,,,,,,True,,,,
20,10,_original_nint128_seed23,6,6,4,0;1;2;4;6;9,False,True,monotone,0;1;4;6;9,2,,,,,,True,,,,
20,10,_original_nint128_seed23,6,6,4,0;2;4;5;8;9,False,True,monotone,0;4;5;8;9,2,,,,,,True,,,,
20,10,_original_nint128_seed23,6,6,4,0;2;3;4;7;9,False,True,monotone,0;3;4;7;9,2,,,,,,True,,,,
20,10,_original_nint128_seed23,6,6,4,1;2;3;4;8;9,False,True,monotone,1;3;4;8;9,2,,,,,,True,,,,
20,10,_original_nint128_seed23,6,6,4,0;1;2;5;6;8,False,True,monotone,0;1;5;6;8,2,,,,,,True,,,,
20,10,_original_nint128_seed23,6,6,4,1;2;3;4;5;8,False,True,monotone,1;3;4;5;8,2,,,,,,True,,,,
20,10,_original_nint128_seed23,6,6,4,0;1;2;4;6;7,False,True,monotone,0;1;4;6;7,2,,,,,,True,,,,
20,10,_original_nint128_seed23,6,6,4,0;2;4;5;7;8,False,True,monotone,0;4;5;7;8,2,,,,,,True,,,,
20,10,_original_nint128_seed23,6,6,4,1;2;3;5;6;8,False,True,monotone,1;3;5;6;8,2,,,,,,True,,,,
20,10,_original_nint128_seed23,6,6,4,0;1;2;6;8;9,False,True,monotone,0;1;6;8;9,2,,,,,,True,,,,
20,10,_original_nint128_seed23,6,6,4,2;3;6;7;8;9,False,True,monotone,3;6;7;8;9,2,,,,,,True,,,,
20,10,_original_nint128_seed23,6,6,4,1;2;3;5;7;9,False,True,monotone,1;3;5;7;9,2,,,,,,True,,,,
20,10,_original_nint128_seed23,6,6,4,0;2;4;5;6;9,False,True,monotone,0;4;5;6;9,2,,,,,,True,,,,
20,10,_original_nint128_seed23,6,6,4,0;2;3;7;8;9,False,True,monotone,0;3;7;8;9,2,,,,,,True,,,,
20,10,_original_nint128_seed23,7,7,3,1;2;3;5;6;7;8,False,True,monotone,1;3;5;6;7;8,2,,,,,,True,,,,
20,10,_original_nint128_seed23,7,7,3,1;3;4;5;6;7;8,False,True,monotone,1;3;5;6;7;8,4,,,,,,True,,,,
20,10,_original_nint128_seed23,7,7,3,1;3;5;6;7;8;9,False,True,monotone,1;3;5;6;7;8,9,,,,,,True,,,,
20,10,_original_nint128_seed23,7,7,3,0;2;4;5;6;8;9,False,True,monotone,0;4;5;6;8;9,2,,,,,,True,,,,
20,10,_original_nint128_seed23,7,7,3,0;3;4;5;6;8;9,False,True,monotone,0;4;5;6;8;9,3,,,,,,True,,,,
20,10,_original_nint128_seed23,7,7,3,0;4;5;6;7;8;9,False,True,monotone,0;4;5;6;8;9,7,,,,,,True,,,,
20,10,_original_nint128_seed23,7,7,3,1;2;4;5;7;8;9,False,True,monotone,1;4;5;7;8;9,2,,,,,,True,,,,
20,10,_original_nint128_seed23,7,7,3,1;4;5;6;7;8;9,False,True,monotone,1;4;5;7;8;9,6,,,,,,True,,,,
20,10,_original_nint128_seed23,7,7,3,0;2;3;4;5;8;9,False,True,monotone,0;3;4;5;8;9,2,,,,,,True,,,,
20,10,_original_nint128_seed23,7,7,3,1;2;4;5;6;8;9,False,True,monotone,1;4;5;6;8;9,2,,,,,,True,,,,
20,10,_original_nint128_seed23,7,7,3,1;3;4;5;6;8;9,False,True,monotone,1;4;5;6;8;9,3,,,,,,True,,,,
20,10,_original_nint128_seed23,7,7,3,0;1;2;4;6;7;8,False,True,monotone,0;1;4;6;7;8,2,,,,,,True,,,,
20,10,_original_nint128_seed23,7,7,3,0;1;3;4;6;7;8,False,True,monotone,0;1;4;6;7;8,3,,,,,,True,,,,
20,10,_original_nint128_seed23,7,7,3,0;2;4;5;7;8;9,False,True,monotone,0;4;5;7;8;9,2,,,,,,True,,,,
20,10,_original_nint128_seed23,7,7,3,1;2;3;4;5;8;9,False,True,monotone,1;3;4;5;8;9,2,,,,,,True,,,,
20,10,_original_nint128_seed23,7,7,3,0;1;2;3;4;6;9,False,True,monotone,0;1;3;4;6;9,2,,,,,,True,,,,
20,10,_original_nint128_seed23,7,7,3,0;1;3;4;5;6;9,False,True,monotone,0;1;3;4;6;9,5,,,,,,True,,,,
20,10,_original_nint128_seed23,7,7,3,0;1;2;4;6;7;9,False,True,monotone,0;1;4;6;7;9,2,,,,,,True,,,,
20,10,_original_nint128_seed23,7,7,3,0;1;2;4;7;8;9,False,True,monotone,0;1;4;7;8;9,2,,,,,,True,,,,
20,10,_original_nint128_seed23,7,7,3,0;1;3;4;7;8;9,False,True,monotone,0;1;4;7;8;9,3,,,,,,True,,,,
20,10,_original_nint128_seed23,7,7,3,0;2;4;5;6;7;9,False,True,monotone,0;4;5;6;7;9,2,,,,,,True,,,,
20,10,_original_nint128_seed23,7,7,3,0;3;4;5;6;7;9,False,True,monotone,0;4;5;6;7;9,3,,,,,,True,,,,
20,10,_original_nint128_seed23,7,7,3,0;1;2;3;6;7;8,False,True,monotone,0;1;3;6;7;8,2,,,,,,True,,,,
20,10,_original_nint128_seed23,7,7,3,0;2;3;4;5;7;9,False,True,monotone,0;3;4;5;7;9,2,,,,,,True,,,,
20,10,_original_nint128_seed23,7,7,3,0;1;2;3;4;7;9,False,True,monotone,0;1;3;4;7;9,2,,,,,,True,,,,
20,10,_original_nint128_seed23,7,7,3,1;2;3;4;6;7;8,False,True,monotone,1;3;4;6;7;8,2,,,,,,True,,,,
20,10,_original_nint128_seed23,7,7,3,1;2;3;4;7;8;9,False,True,monotone,1;3;4;7;8;9,2,,,,,,True,,,,
20,10,_original_nint128_seed23,7,7,3,0;2;3;4;6;8;9,False,True,monotone,0;3;4;6;8;9,2,,,,,,True,,,,
20,10,_original_nint128_seed23,7,7,3,0;1;2;3;4;5;8,False,True,monotone,0;1;3;4;5;8,2,,,,,,True,,,,
20,10,_original_nint128_seed23,7,7,3,0;1;3;4;5;6;8,False,True,monotone,0;1;3;4;5;8,6,,,,,,True,,,,
20,10,_original_nint128_seed23,7,7,3,0;1;3;4;5;7;8,False,True,monotone,0;1;3;4;5;8,7,,,,,,True,,,,
20,10,_original_nint128_seed23,7,7,3,0;1;2;4;5;6;9,False,True,monotone,0;1;4;5;6;9,2,,,,,,True,,,,
20,10,_original_nint128_seed23,7,7,3,1;2;4;6;7;8;9,False,True,monotone,1;4;6;7;8;9,2,,,,,,True,,,,
20,10,_original_nint128_seed23,7,7,3,0;1;2;3;4;5;9,False,True,monotone,0;1;3;4;5;9,2,,,,,,True,,,,
20,10,_original_nint128_seed23,7,7,3,0;1;2;5;7;8;9,False,True,monotone,0;1;5;7;8;9,2,,,,,,True,,,,
20,10,_original_nint128_seed23,7,7,3,0;1;5;6;7;8;9,False,True,monotone,0;1;5;7;8;9,6,,,,,,True,,,,
20,10,_original_nint128_seed23,7,7,3,0;1;2;5;6;7;8,False,True,monotone,0;1;5;6;7;8,2,,,,,,True,,,,
20,10,_original_nint128_seed23,7,7,3,0;1;2;5;6;7;9,False,True,monotone,0;1;5;6;7;9,2,,,,,,True,,,,
20,10,_original_nint128_seed23,7,7,3,0;1;2;3;5;7;8,False,True,monotone,0;1;3;5;7;8,2,,,,,,True,,,,
20,10,_original_nint128_seed23,7,7,3,1;2;4;5;6;7;8,False,True,monotone,1;4;5;6;7;8,2,,,,,,True,,,,
20,10,_original_nint128_seed23,7,7,3,0;1;2;3;5;6;9,False,True,monotone,0;1;3;5;6;9,2,,,,,,True,,,,
20,10,_original_nint128_seed23,7,7,3,1;2;3;6;7;8;9,False,True,monotone,1;3;6;7;8;9,2,,,,,,True,,,,
20,10,_original_nint128_seed23,7,7,3,0;1;2;3;6;8;9,False,True,monotone,0;1;3;6;8;9,2,,,,,,True,,,,
20,10,_original_nint128_seed23,7,7,3,1;2;3;5;6;7;9,False,True,monotone,1;3;5;6;7;9,2,,,,,,True,,,,
20,10,_original_nint128_seed23,7,7,3,1;3;4;5;6;7;9,False,True,monotone,1;3;5;6;7;9,4,,,,,,True,,,,
20,10,_original_nint128_seed23,7,7,3,0;1;2;4;5;6;8,False,True,monotone,0;1;4;5;6;8,2,,,,,,True,,,,
20,10,_original_nint128_seed23,7,7,3,0;2;3;5;6;7;9,False,True,monotone,0;3;5;6;7;9,2,,,,,,True,,,,
20,10,_original_nint128_seed23,7,7,3,0;3;5;6;7;8;9,False,True,monotone,0;3;5;6;7;9,8,,,,,,True,,,,
20,10,_original_nint128_seed23,7,7,3,0;1;2;3;7;8;9,False,True,monotone,0;1;3;7;8;9,2,,,,,,True,,,,
20,10,_original_nint128_seed23,7,7,3,0;1;2;4;5;7;8,False,True,monotone,0;1;4;5;7;8,2,,,,,,True,,,,
20,10,_original_nint128_seed23,7,7,3,1;2;3;5;6;8;9,False,True,monotone,1;3;5;6;8;9,2,,,,,,True,,,,
20,10,_original_nint128_seed23,7,7,3,0;1;2;3;6;7;9,False,True,monotone,0;1;3;6;7;9,2,,,,,,True,,,,
20,10,_original_nint128_seed23,7,7,3,0;2;4;5;6;7;8,False,True,monotone,0;4;5;6;7;8,2,,,,,,True,,,,
20,10,_original_nint128_seed23,7,7,3,0;3;4;5;6;7;8,False,True,monotone,0;4;5;6;7;8,3,,,,,,True,,,,
20,10,_original_nint128_seed23,7,7,3,0;2;3;5;7;8;9,False,True,monotone,0;3;5;7;8;9,2,,,,,,True,,,,
20,10,_original_nint128_seed23,7,7,3,0;1;2;3;5;7;9,False,True,monotone,0;1;3;5;7;9,2,,,,,,True,,,,
20,10,_original_nint128_seed23,7,7,3,0;2;3;6;7;8;9,False,True,monotone,0;3;6;7;8;9,2,,,,,,True,,,,
20,10,_original_nint128_seed23,7,7,3,0;1;2;4;6;8;9,False,True,monotone,0;1;4;6;8;9,2,,,,,,True,,,,
20,10,_original_nint128_seed23,7,7,3,1;2;4;5;6;7;9,False,True,monotone,1;4;5;6;7;9,2,,,,,,True,,,,
20,10,_original_nint128_seed23,7,7,3,1;2;3;4;5;7;8,False,True,monotone,1;3;4;5;7;8,2,,,,,,True,,,,
20,10,_original_nint128_seed23,7,7,3,2;3;4;6;7;8;9,False,True,monotone,3;4;6;7;8;9,2,,,,,,True,,,,
20,10,_original_nint128_seed23,7,7,3,3;4;5;6;7;8;9,False,True,monotone,3;4;6;7;8;9,5,,,,,,True,,,,
20,10,_original_nint128_seed23,7,7,3,0;1;2;3;4;8;9,False,True,monotone,0;1;3;4;8;9,2,,,,,,True,,,,
20,10,_original_nint128_seed23,7,7,3,0;1;2;5;6;8;9,False,True,monotone,0;1;5;6;8;9,2,,,,,,True,,,,
20,10,_original_nint128_seed23,7,7,3,1;2;3;4;5;7;9,False,True,monotone,1;3;4;5;7;9,2,,,,,,True,,,,
20,10,_original_nint128_seed23,7,7,3,0;1;2;3;4;6;8,False,True,monotone,0;1;3;4;6;8,2,,,,,,True,,,,
20,10,_original_nint128_seed23,7,7,3,0;2;3;5;6;7;8,False,True,monotone,0;3;5;6;7;8,2,,,,,,True,,,,
20,10,_original_nint128_seed23,7,7,3,0;1;2;6;7;8;9,False,True,monotone,0;1;6;7;8;9,2,,,,,,True,,,,
20,10,_original_nint128_seed23,7,7,3,0;2;3;4;6;7;8,False,True,monotone,0;3;4;6;7;8,2,,,,,,True,,,,
20,10,_original_nint128_seed23,7,7,3,0;1;2;3;4;5;7,False,True,monotone,0;1;3;4;5;7,2,,,,,,True,,,,
20,10,_original_nint128_seed23,7,7,3,0;1;3;4;5;6;7,False,True,monotone,0;1;3;4;5;7,6,,,,,,True,,,,
20,10,_original_nint128_seed23,7,7,3,0;2;3;4;5;7;8,False,True,monotone,0;3;4;5;7;8,2,,,,,,True,,,,
20,10,_original_nint128_seed23,7,7,3,0;1;2;3;4;6;7,False,True,monotone,0;1;3;4;6;7,2,,,,,,True,,,,
20,10,_original_nint128_seed23,7,7,3,1;2;3;4;6;7;9,False,True,monotone,1;3;4;6;7;9,2,,,,,,True,,,,
20,10,_original_nint128_seed23,7,7,3,2;3;4;5;7;8;9,False,True,monotone,3;4;5;7;8;9,2,,,,,,True,,,,
20,10,_original_nint128_seed23,7,7,3,0;1;2;4;5;8;9,False,True,monotone,0;1;4;5;8;9,2,,,,,,True,,,,
20,10,_original_nint128_seed23,7,7,3,0;1;2;3;5;6;8,False,True,monotone,0;1;3;5;6;8,2,,,,,,True,,,,
20,10,_original_nint128_seed23,7,7,3,0;1;2;3;5;8;9,False,True,monotone,0;1;3;5;8;9,2,,,,,,True,,,,
20,10,_original_nint128_seed23,7,7,3,1;2;3;5;7;8;9,False,True,monotone,1;3;5;7;8;9,2,,,,,,True,,,,
20,10,_original_nint128_seed23,7,7,3,0;2;3;4;7;8;9,False,True,monotone,0;3;4;7;8;9,2,,,,,,True,,,,
20,10,_original_nint128_seed23,7,7,3,0;1;2;3;5;6;7,False,True,monotone,0;1;3;5;6;7,2,,,,,,True,,,,
20,10,_original_nint128_seed23,7,7,3,1;2;3;4;6;8;9,False,True,monotone,1;3;4;6;8;9,2,,,,,,True,,,,
20,10,_original_nint128_seed23,7,7,3,0;1;2;4;5;7;9,False,True,monotone,0;1;4;5;7;9,2,,,,,,True,,,,
20,10,_original_nint128_seed23,7,7,3,0;2;4;6;7;8;9,False,True,monotone,0;4;6;7;8;9,2,,,,,,True,,,,
20,10,_original_nint128_seed23,7,7,3,0;2;3;4;6;7;9,False,True,monotone,0;3;4;6;7;9,2,,,,,,True,,,,
20,10,_original_nint128_seed23,7,7,3,0;1;2;4;5;6;7,False,True,monotone,0;1;4;5;6;7,2,,,,,,True,,,,
20,10,_original_nint128_seed23,7,7,3,0;2;3;5;6;8;9,False,True,monotone,0;3;5;6;8;9,2,,,,,,True,,,,
20,10,_original_nint128_seed23,8,8,2,0;1;2;4;6;7;8;9,False,True,monotone,0;1;4;6;7;8;9,2,,,,,,True,,,,
20,10,_original_nint128_seed23,8,8,2,0;1;3;4;6;7;8;9,False,True,monotone,0;1;4;6;7;8;9,3,,,,,,True,,,,
20,10,_original_nint128_seed23,8,8,2,0;1;4;5;6;7;8;9,False,True,monotone,0;1;4;6;7;8;9,5,,,,,,True,,,,
20,10,_original_nint128_seed23,8,8,2,0;1;2;3;5;6;8;9,False,True,monotone,0;1;3;5;6;8;9,2,,,,,,True,,,,
20,10,_original_nint128_seed23,8,8,2,0;1;3;4;5;6;8;9,False,True,monotone,0;1;3;5;6;8;9,4,,,,,,True,,,,
20,10,_original_nint128_seed23,8,8,2,0;1;3;5;6;7;8;9,False,True,monotone,0;1;3;5;6;8;9,7,,,,,,True,,,,
20,10,_original_nint128_seed23,8,8,2,0;1;2;3;5;6;7;8,False,True,monotone,0;1;3;5;6;7;8,2,,,,,,True,,,,
20,10,_original_nint128_seed23,8,8,2,0;1;3;4;5;6;7;8,False,True,monotone,0;1;3;5;6;7;8,4,,,,,,True,,,,
20,10,_original_nint128_seed23,8,8,2,0;1;3;4;5;7;8;9,False,True,monotone,0;3;4;5;7;8;9,1,,,,,,True,,,,
20,10,_original_nint128_seed23,8,8,2,0;2;3;4;5;7;8;9,False,True,monotone,0;3;4;5;7;8;9,2,,,,,,True,,,,
20,10,_original_nint128_seed23,8,8,2,0;3;4;5;6;7;8;9,False,True,monotone,0;3;4;5;7;8;9,6,,,,,,True,,,,
20,10,_original_nint128_seed23,8,8,2,0;1;2;4;5;7;8;9,False,True,monotone,0;1;4;5;7;8;9,2,,,,,,True,,,,
20,10,_original_nint128_seed23,8,8,2,0;1;2;3;4;6;7;9,False,True,monotone,0;1;3;4;6;7;9,2,,,,,,True,,,,
20,10,_original_nint128_seed23,8,8,2,0;1;3;4;5;6;7;9,False,True,monotone,0;1;3;4;6;7;9,5,,,,,,True,,,,
20,10,_original_nint128_seed23,8,8,2,0;1;2;4;5;6;8;9,False,True,monotone,0;1;4;5;6;8;9,2,,,,,,True,,,,
20,10,_original_nint128_seed23,8,8,2,0;1;2;4;5;6;7;9,False,True,monotone,0;1;4;5;6;7;9,2,,,,,,True,,,,
20,10,_original_nint128_seed23,8,8,2,0;1;2;3;4;5;8;9,False,True,monotone,0;1;3;4;5;8;9,2,,,,,,True,,,,
20,10,_original_nint128_seed23,8,8,2,0;1;2;3;4;5;7;9,False,True,monotone,0;1;3;4;5;7;9,2,,,,,,True,,,,
20,10,_original_nint128_seed23,8,8,2,0;2;3;4;6;7;8;9,False,True,monotone,0;3;4;6;7;8;9,2,,,,,,True,,,,
20,10,_original_nint128_seed23,8,8,2,0;1;2;4;5;6;7;8,False,True,monotone,0;1;4;5;6;7;8,2,,,,,,True,,,,
20,10,_original_nint128_seed23,8,8,2,0;1;2;3;4;6;8;9,False,True,monotone,0;1;3;4;6;8;9,2,,,,,,True,,,,
20,10,_original_nint128_seed23,8,8,2,1;2;3;4;6;7;8;9,False,True,monotone,1;3;4;6;7;8;9,2,,,,,,True,,,,
20,10,_original_nint128_seed23,8,8,2,1;3;4;5;6;7;8;9,False,True,monotone,1;3;4;6;7;8;9,5,,,,,,True,,,,
20,10,_original_nint128_seed23,8,8,2,0;1;2;3;6;7;8;9,False,True,monotone,0;1;3;6;7;8;9,2,,,,,,True,,,,
20,10,_original_nint128_seed23,8,8,2,1;2;3;4;5;7;8;9,False,True,monotone,1;3;4;5;7;8;9,2,,,,,,True,,,,
20,10,_original_nint128_seed23,8,8,2,0;1;2;3;5;6;7;9,False,True,monotone,0;1;3;5;6;7;9,2,,,,,,True,,,,
20,10,_original_nint128_seed23,8,8,2,0;1;2;3;5;7;8;9,False,True,monotone,0;1;3;5;7;8;9,2,,,,,,True,,,,
