M,P,option,depth,num_deleted,num_remaining_relu,deleted_set_str,is_leaf,is_rejected,reject_reason,parent_set_str,added_relu,num_clusters,edge_types,weighted_edges_total,num_self_absorbed_edges,num_fixed_nodes,fixed_collision,num_scc_ge3,largest_scc_size,cycle_penalty_ge3,is_minimal_num_clusters
20,10,_original_nint128_seed21,1,1,9,0,False,False,,,0,24.0,50.0,784.0,7.0,5.0,False,1.0,24.0,24.0,False
20,10,_original_nint128_seed21,1,1,9,1,False,False,,,1,25.0,50.0,912.0,5.0,5.0,False,1.0,25.0,25.0,False
20,10,_original_nint128_seed21,1,1,9,2,False,False,,,2,25.0,50.0,922.0,6.0,5.0,False,1.0,25.0,25.0,False
20,10,_original_nint128_seed21,1,1,9,3,False,False,,,3,21.0,43.0,871.0,10.0,5.0,False,1.0,21.0,21.0,False
20,10,_original_nint128_seed21,1,1,9,4,False,False,,,4,24.0,51.0,790.0,6.0,5.0,False,1.0,24.0,24.0,False
20,10,_original_nint128_seed21,1,1,9,5,False,False,,,5,27.0,55.0,815.0,3.0,5.0,False,1.0,27.0,27.0,False
20,10,_original_nint128_seed21,1,1,9,6,False,False,,,6,26.0,51.0,898.0,5.0,5.0,False,1.0,26.0,26.0,False
20,10,_original_nint128_seed21,1,1,9,8,False,False,,,8,29.0,59.0,808.0,2.0,5.0,False,1.0,29.0,29.0,False
20,10,_original_nint128_seed21,1,1,9,9,False,False,,,9,26.0,51.0,918.0,4.0,5.0,False,1.0,26.0,26.0,False
20,10,_original_nint128_seed21,2,2,8,0;2,False,False,,0,2,20.0,42.0,751.0,14.0,5.0,False,1.0,20.0,20.0,False
20,10,_original_nint128_seed21,2,2,8,1;2,False,False,,1,2,20.0,39.0,880.0,11.0,5.0,False,1.0,20.0,20.0,False
20,10,_original_nint128_seed21,2,2,8,2;3,False,False,,3,2,18.0,37.0,838.0,17.0,5.0,False,1.0,18.0,18.0,False
20,10,_original_nint128_seed21,2,2,8,2;4,False,False,,2,4,21.0,42.0,758.0,12.0,5.0,False,1.0,21.0,21.0,False
20,10,_original_nint128_seed21,2,2,8,2;5,False,False,,2,5,22.0,44.0,783.0,9.0,5.0,False,1.0,22.0,22.0,False
20,10,_original_nint128_seed21,2,2,8,2;6,False,False,,2,6,21.0,40.0,866.0,11.0,5.0,False,1.0,21.0,21.0,False
20,10,_original_nint128_seed21,2,2,8,2;8,False,False,,2,8,24.0,48.0,776.0,8.0,5.0,False,1.0,24.0,24.0,False
20,10,_original_nint128_seed21,2,2,8,2;9,False,False,,2,9,21.0,40.0,886.0,10.0,5.0,False,1.0,21.0,21.0,False
20,10,_original_nint128_seed21,2,2,8,0;9,False,False,,0,9,20.0,40.0,748.0,11.0,5.0,False,1.0,20.0,20.0,False
20,10,_original_nint128_seed21,2,2,8,1;9,False,False,,1,9,22.0,42.0,875.0,10.0,5.0,False,1.0,22.0,22.0,False
20,10,_original_nint128_seed21,2,2,8,3;9,False,False,,3,9,18.0,36.0,832.0,15.0,5.0,False,1.0,18.0,18.0,False
20,10,_original_nint128_seed21,2,2,8,4;9,False,False,,4,9,20.0,41.0,754.0,10.0,5.0,False,1.0,20.0,20.0,False
20,10,_original_nint128_seed21,2,2,8,5;9,False,False,,9,5,23.0,45.0,779.0,7.0,5.0,False,1.0,23.0,23.0,False
20,10,_original_nint128_seed21,2,2,8,6;9,False,False,,6,9,23.0,44.0,860.0,10.0,5.0,False,1.0,23.0,23.0,False
20,10,_original_nint128_seed21,2,2,8,8;9,False,False,,9,8,25.0,49.0,772.0,6.0,5.0,False,1.0,25.0,25.0,False
20,10,_original_nint128_seed21,2,2,8,0;8,False,False,,0,8,23.0,48.0,638.0,9.0,5.0,False,1.0,23.0,23.0,False
20,10,_original_nint128_seed21,2,2,8,1;8,False,False,,1,8,24.0,48.0,766.0,7.0,5.0,False,1.0,24.0,24.0,False
20,10,_original_nint128_seed21,2,2,8,3;8,False,False,,3,8,20.0,41.0,725.0,12.0,5.0,False,1.0,20.0,20.0,False
20,10,_original_nint128_seed21,2,2,8,4;8,False,False,,4,8,23.0,49.0,644.0,8.0,5.0,False,1.0,23.0,23.0,False
20,10,_original_nint128_seed21,2,2,8,5;8,False,False,,5,8,26.0,53.0,669.0,5.0,5.0,False,1.0,26.0,26.0,False
20,10,_original_nint128_seed21,2,2,8,6;8,False,False,,6,8,25.0,49.0,752.0,7.0,5.0,False,1.0,25.0,25.0,False
20,10,_original_nint128_seed21,2,2,8,0;3,False,False,,3,0,16.0,34.0,700.0,18.0,5.0,False,1.0,16.0,16.0,False
20,10,_original_nint128_seed21,2,2,8,1;3,False,False,,3,1,17.0,33.0,829.0,15.0,5.0,False,1.0,17.0,17.0,False
20,10,_original_nint128_seed21,2,2,8,3;4,False,False,,3,4,17.0,35.0,707.0,16.0,5.0,False,1.0,17.0,17.0,False
20,10,_original_nint128_seed21,2,2,8,3;5,False,False,,3,5,18.0,37.0,732.0,13.0,5.0,False,1.0,18.0,18.0,False
20,10,_original_nint128_seed21,2,2,8,3;6,False,False,,3,6,18.0,35.0,815.0,15.0,5.0,False,1.0,18.0,18.0,False
20,10,_original_nint128_seed21,2,2,8,0;1,False,False,,0,1,19.0,39.0,742.0,12.0,5.0,False,1.0,19.0,19.0,False
20,10,_original_nint128_seed21,2,2,8,1;4,False,False,,1,4,19.0,40.0,748.0,11.0,5.0,False,1.0,19.0,19.0,False
20,10,_original_nint128_seed21,2,2,8,1;5,False,False,,1,5,23.0,47.0,770.0,9.0,5.0,False,1.0,23.0,23.0,False
20,10,_original_nint128_seed21,2,2,8,1;6,False,False,,1,6,22.0,43.0,854.0,11.0,5.0,False,1.0,22.0,22.0,False
20,10,_original_nint128_seed21,2,2,8,0;6,False,False,,0,6,20.0,40.0,728.0,12.0,5.0,False,1.0,20.0,20.0,False
20,10,_original_nint128_seed21,2,2,8,4;6,False,False,,4,6,20.0,41.0,734.0,11.0,5.0,False,1.0,20.0,20.0,False
20,10,_original_nint128_seed21,2,2,8,5;6,False,False,,6,5,23.0,45.0,759.0,8.0,5.0,False,1.0,23.0,23.0,False
20,10,_original_nint128_seed21,2,2,8,0;5,False,False,,0,5,22.0,45.0,645.0,10.0,5.0,False,1.0,22.0,22.0,False
20,10,_original_nint128_seed21,2,2,8,4;5,False,False,,4,5,21.0,45.0,651.0,9.0,5.0,False,1.0,21.0,21.0,False
20,10,_original_nint128_seed21,2,2,8,0;4,False,False,,0,4,19.0,41.0,620.0,13.0,5.0,False,1.0,19.0,19.0,False
20,10,_original_nint128_seed21,3,3,7,0;2;8,False,False,,0;2,8,19.0,40.0,605.0,16.0,5.0,False,1.0,19.0,19.0,False
20,10,_original_nint128_seed21,3,3,7,1;2;8,False,False,,1;2,8,19.0,37.0,734.0,13.0,5.0,False,1.0,19.0,19.0,False
20,10,_original_nint128_seed21,3,3,7,2;3;8,False,False,,2;3,8,17.0,35.0,692.0,19.0,5.0,False,1.0,17.0,17.0,False
20,10,_original_nint128_seed21,3,3,7,2;4;8,False,False,,2;4,8,20.0,40.0,612.0,14.0,5.0,False,1.0,20.0,20.0,False
20,10,_original_nint128_seed21,3,3,7,2;5;8,False,False,,2;5,8,21.0,42.0,637.0,11.0,5.0,False,1.0,21.0,21.0,False
20,10,_original_nint128_seed21,3,3,7,2;6;8,False,False,,2;6,8,20.0,38.0,720.0,13.0,5.0,False,1.0,20.0,20.0,False
20,10,_original_nint128_seed21,3,3,7,2;8;9,False,False,,2;9,8,20.0,38.0,740.0,12.0,5.0,False,1.0,20.0,20.0,False
20,10,_original_nint128_seed21,3,3,7,0;1;4,False,False,,0;1,4,14.0,30.0,578.0,18.0,5.0,False,1.0,14.0,14.0,False
20,10,_original_nint128_seed21,3,3,7,1;2;4,False,False,,1;2,4,16.0,31.0,716.0,17.0,5.0,False,1.0,16.0,16.0,False
20,10,_original_nint128_seed21,3,3,7,1;3;4,False,False,,1;3,4,13.0,25.0,665.0,21.0,5.0,False,1.0,13.0,13.0,False
20,10,_original_nint128_seed21,3,3,7,1;4;5,False,False,,1;4,5,17.0,37.0,606.0,15.0,5.0,False,1.0,17.0,17.0,False
20,10,_original_nint128_seed21,3,3,7,1;4;6,False,False,,1;4,6,16.0,33.0,690.0,17.0,5.0,False,1.0,16.0,16.0,False
20,10,_original_nint128_seed21,3,3,7,1;4;8,False,False,,1;4,8,18.0,38.0,602.0,13.0,5.0,False,1.0,18.0,18.0,False
20,10,_original_nint128_seed21,3,3,7,1;4;9,False,False,,1;4,9,16.0,32.0,711.0,16.0,5.0,False,1.0,16.0,16.0,False
20,10,_original_nint128_seed21,3,3,7,0;4;6,False,False,,0;6,4,15.0,31.0,564.0,18.0,5.0,False,1.0,15.0,15.0,False
20,10,_original_nint128_seed21,3,3,7,2;4;6,False,False,,2;6,4,17.0,32.0,702.0,17.0,5.0,False,1.0,17.0,17.0,False
20,10,_original_nint128_seed21,3,3,7,3;4;6,False,False,,3;4,6,14.0,27.0,651.0,21.0,5.0,False,1.0,14.0,14.0,False
20,10,_original_nint128_seed21,3,3,7,4;5;6,False,False,,4;6,5,17.0,35.0,595.0,14.0,5.0,False,1.0,17.0,17.0,False
20,10,_original_nint128_seed21,3,3,7,4;6;8,False,False,,4;6,8,19.0,39.0,588.0,13.0,5.0,False,1.0,19.0,19.0,False
20,10,_original_nint128_seed21,3,3,7,4;6;9,False,False,,4;6,9,17.0,34.0,696.0,16.0,5.0,False,1.0,17.0,17.0,False
20,10,_original_nint128_seed21,3,3,7,0;2;3,False,False,,0;3,2,14.0,30.0,666.0,26.0,5.0,False,1.0,14.0,14.0,False
20,10,_original_nint128_seed21,3,3,7,1;2;3,False,False,,1;3,2,14.0,27.0,796.0,22.0,5.0,False,1.0,14.0,14.0,False
20,10,_original_nint128_seed21,3,3,7,2;3;4,False,False,,3;4,2,15.0,30.0,674.0,23.0,5.0,False,1.0,15.0,15.0,False
20,10,_original_nint128_seed21,3,3,7,2;3;5,False,False,,2;3,5,15.0,31.0,699.0,20.0,5.0,False,1.0,15.0,15.0,False
20,10,_original_nint128_seed21,3,3,7,2;3;6,False,False,,3;6,2,15.0,29.0,782.0,22.0,5.0,False,1.0,15.0,15.0,False
20,10,_original_nint128_seed21,3,3,7,2;3;9,False,False,,3;9,2,15.0,30.0,799.0,22.0,5.0,False,1.0,15.0,15.0,False
20,10,_original_nint128_seed21,3,3,7,0;3;9,False,False,,0;3,9,13.0,27.0,661.0,23.0,5.0,False,1.0,13.0,13.0,False
20,10,_original_nint128_seed21,3,3,7,1;3;9,False,False,,1;3,9,15.0,28.0,789.0,21.0,5.0,False,1.0,15.0,15.0,False
20,10,_original_nint128_seed21,3,3,7,3;4;9,False,False,,3;4,9,14.0,28.0,668.0,21.0,5.0,False,1.0,14.0,14.0,False
20,10,_original_nint128_seed21,3,3,7,3;5;9,False,False,,3;9,5,15.0,30.0,693.0,18.0,5.0,False,1.0,15.0,15.0,False
20,10,_original_nint128_seed21,3,3,7,3;6;9,False,False,,3;6,9,16.0,31.0,774.0,21.0,5.0,False,1.0,16.0,16.0,False
20,10,_original_nint128_seed21,3,3,7,3;8;9,False,False,,3;9,8,17.0,34.0,686.0,17.0,5.0,False,1.0,17.0,17.0,False
20,10,_original_nint128_seed21,3,3,7,0;2;6,False,False,,0;6,2,16.0,32.0,695.0,19.0,5.0,False,1.0,16.0,16.0,False
20,10,_original_nint128_seed21,3,3,7,1;2;6,False,False,,1;2,6,17.0,32.0,822.0,17.0,5.0,False,1.0,17.0,17.0,False
20,10,_original_nint128_seed21,3,3,7,2;5;6,False,False,,2;6,5,18.0,34.0,727.0,14.0,5.0,False,1.0,18.0,18.0,False
20,10,_original_nint128_seed21,3,3,7,2;6;9,False,False,,2;6,9,18.0,33.0,828.0,16.0,5.0,False,1.0,18.0,18.0,False
20,10,_original_nint128_seed21,3,3,7,0;4;5,False,False,,0;4,5,17.0,36.0,481.0,16.0,5.0,False,1.0,17.0,17.0,False
20,10,_original_nint128_seed21,3,3,7,2;4;5,False,False,,2;4,5,18.0,36.0,619.0,15.0,5.0,False,1.0,18.0,18.0,False
20,10,_original_nint128_seed21,3,3,7,3;4;5,False,False,,3;4,5,14.0,29.0,568.0,19.0,5.0,False,1.0,14.0,14.0,False
20,10,_original_nint128_seed21,3,3,7,4;5;8,False,False,,4;5,8,20.0,43.0,505.0,11.0,5.0,False,1.0,20.0,20.0,False
20,10,_original_nint128_seed21,3,3,7,4;5;9,False,False,,4;9,5,17.0,35.0,615.0,13.0,5.0,False,1.0,17.0,17.0,False
20,10,_original_nint128_seed21,3,3,7,0;1;5,False,False,,0;1,5,18.0,37.0,600.0,16.0,5.0,False,1.0,18.0,18.0,False
20,10,_original_nint128_seed21,3,3,7,0;2;5,False,False,,0;2,5,18.0,37.0,612.0,17.0,5.0,False,1.0,18.0,18.0,False
20,10,_original_nint128_seed21,3,3,7,0;3;5,False,False,,0;3,5,14.0,29.0,561.0,21.0,5.0,False,1.0,14.0,14.0,False
20,10,_original_nint128_seed21,3,3,7,0;5;6,False,False,,0;6,5,18.0,35.0,589.0,15.0,5.0,False,1.0,18.0,18.0,False
20,10,_original_nint128_seed21,3,3,7,0;5;8,False,False,,0;5,8,21.0,43.0,499.0,12.0,5.0,False,1.0,21.0,21.0,False
20,10,_original_nint128_seed21,3,3,7,0;5;9,False,False,,0;9,5,18.0,35.0,609.0,14.0,5.0,False,1.0,18.0,18.0,False
20,10,_original_nint128_seed21,3,3,7,0;4;9,False,False,,0;9,4,15.0,31.0,584.0,17.0,5.0,False,1.0,15.0,15.0,False
20,10,_original_nint128_seed21,3,3,7,2;4;9,False,False,,2;9,4,17.0,32.0,722.0,16.0,5.0,False,1.0,17.0,17.0,False
20,10,_original_nint128_seed21,3,3,7,4;8;9,False,False,,4;9,8,19.0,39.0,608.0,12.0,5.0,False,1.0,19.0,19.0,False
20,10,_original_nint128_seed21,3,3,7,0;2;9,False,False,,0;9,2,16.0,32.0,715.0,18.0,5.0,False,1.0,16.0,16.0,False
20,10,_original_nint128_seed21,3,3,7,1;2;9,False,False,,1;2,9,17.0,31.0,843.0,16.0,5.0,False,1.0,17.0,17.0,False
20,10,_original_nint128_seed21,3,3,7,2;5;9,False,False,,2;9,5,18.0,34.0,747.0,13.0,5.0,False,1.0,18.0,18.0,False
20,10,_original_nint128_seed21,3,3,7,1;5;9,False,False,,1;9,5,20.0,39.0,733.0,14.0,5.0,False,1.0,20.0,20.0,False
20,10,_original_nint128_seed21,3,3,7,5;6;9,False,False,,6;9,5,20.0,38.0,721.0,13.0,5.0,False,1.0,20.0,20.0,False
20,10,_original_nint128_seed21,3,3,7,5;8;9,False,False,,5;9,8,22.0,43.0,633.0,9.0,5.0,False,1.0,22.0,22.0,False
20,10,_original_nint128_seed21,3,3,7,0;3;4,False,False,,0;3,4,13.0,27.0,536.0,24.0,5.0,False,1.0,13.0,13.0,False
20,10,_original_nint128_seed21,3,3,7,3;4;8,False,False,,3;4,8,16.0,33.0,561.0,18.0,5.0,False,1.0,16.0,16.0,False
20,10,_original_nint128_seed21,3,3,7,0;6;9,False,False,,0;6,9,17.0,33.0,690.0,17.0,5.0,False,1.0,17.0,17.0,False
20,10,_original_nint128_seed21,3,3,7,1;6;9,False,False,,1;9,6,20.0,38.0,815.0,17.0,5.0,False,1.0,20.0,20.0,False
20,10,_original_nint128_seed21,3,3,7,6;8;9,False,False,,6;9,8,22.0,42.0,714.0,12.0,5.0,False,1.0,22.0,22.0,False
20,10,_original_nint128_seed21,3,3,7,0;1;6,False,False,,0;1,6,16.0,32.0,684.0,18.0,5.0,False,1.0,16.0,16.0,False
20,10,_original_nint128_seed21,3,3,7,0;3;6,False,False,,0;3,6,13.0,26.0,644.0,23.0,5.0,False,1.0,13.0,13.0,False
20,10,_original_nint128_seed21,3,3,7,0;6;8,False,False,,0;6,8,19.0,38.0,582.0,14.0,5.0,False,1.0,19.0,19.0,False
20,10,_original_nint128_seed21,3,3,7,0;1;3,False,False,,1;3,0,12.0,24.0,658.0,23.0,5.0,False,1.0,12.0,12.0,False
20,10,_original_nint128_seed21,3,3,7,0;3;8,False,False,,0;3,8,15.0,32.0,554.0,20.0,5.0,False,1.0,15.0,15.0,False
20,10,_original_nint128_seed21,3,3,7,0;1;2,False,False,,0;1,2,15.0,31.0,709.0,19.0,5.0,False,1.0,15.0,15.0,False
20,10,_original_nint128_seed21,3,3,7,0;2;4,False,False,,0;4,2,17.0,35.0,587.0,20.0,5.0,False,1.0,17.0,17.0,False
20,10,_original_nint128_seed21,3,3,7,0;4;8,False,False,,0;4,8,18.0,39.0,474.0,15.0,5.0,False,1.0,18.0,18.0,False
20,10,_original_nint128_seed21,3,3,7,0;1;8,False,False,,0;1,8,18.0,37.0,596.0,14.0,5.0,False,1.0,18.0,18.0,False
20,10,_original_nint128_seed21,3,3,7,1;3;8,False,False,,1;3,8,16.0,31.0,683.0,17.0,5.0,False,1.0,16.0,16.0,False
20,10,_original_nint128_seed21,3,3,7,1;5;8,False,False,,1;5,8,22.0,45.0,624.0,11.0,5.0,False,1.0,22.0,22.0,False
20,10,_original_nint128_seed21,3,3,7,1;6;8,False,False,,1;6,8,21.0,41.0,708.0,13.0,5.0,False,1.0,21.0,21.0,False
20,10,_original_nint128_seed21,3,3,7,1;8;9,False,False,,1;9,8,21.0,40.0,729.0,12.0,5.0,False,1.0,21.0,21.0,False
20,10,_original_nint128_seed21,3,3,7,1;5;6,False,False,,1;6,5,20.0,40.0,712.0,15.0,5.0,False,1.0,20.0,20.0,False
20,10,_original_nint128_seed21,3,3,7,3;5;6,False,False,,3;6,5,15.0,29.0,676.0,18.0,5.0,False,1.0,15.0,15.0,False
20,10,_original_nint128_seed21,3,3,7,5;6;8,False,False,,5;6,8,22.0,43.0,613.0,10.0,5.0,False,1.0,22.0,22.0,False
20,10,_original_nint128_seed21,3,3,7,1;3;5,False,False,,1;3,5,15.0,30.0,687.0,19.0,5.0,False,1.0,15.0,15.0,False
20,10,_original_nint128_seed21,3,3,7,3;5;8,False,False,,3;5,8,17.0,35.0,586.0,15.0,5.0,False,1.0,17.0,17.0,False
20,10,_original_nint128_seed21,3,3,7,1;3;6,False,False,,1;3,6,15.0,28.0,771.0,21.0,5.0,False,1.0,15.0,15.0,False
20,10,_original_nint128_seed21,3,3,7,0;1;9,False,False,,0;1,9,16.0,31.0,705.0,17.0,5.0,False,1.0,16.0,16.0,False
20,10,_original_nint128_seed21,3,3,7,3;6;8,False,False,,3;6,8,17.0,33.0,669.0,17.0,5.0,False,1.0,17.0,17.0,False
20,10,_original_nint128_seed21,3,3,7,1;2;5,False,False,,1;2,5,18.0,36.0,738.0,15.0,5.0,False,1.0,18.0,18.0,False
20,10,_original_nint128_seed21,3,3,7,0;8;9,False,False,,0;9,8,19.0,38.0,602.0,13.0,5.0,False,1.0,19.0,19.0,False
20,10,_original_nint128_seed21,4,4,6,0;1;2;9,False,False,,0;1;2,9,12.0,23.0,672.0,24.0,5.0,False,1.0,12.0,12.0,False
20,10,_original_nint128_seed21,4,4,6,1;2;3;9,False,False,,1;2;3,9,12.0,22.0,756.0,28.0,5.0,False,1.0,12.0,12.0,False
20,10,_original_nint128_seed21,4,4,6,1;2;4;9,False,False,,1;2;4,9,13.0,23.0,679.0,22.0,5.0,False,1.0,13.0,13.0,False
20,10,_original_nint128_seed21,4,4,6,1;2;5;9,False,False,,1;2;9,5,15.0,28.0,701.0,20.0,5.0,False,1.0,15.0,15.0,False
20,10,_original_nint128_seed21,4,4,6,1;2;6;9,False,False,,1;2;9,6,15.0,27.0,783.0,23.0,5.0,False,1.0,15.0,15.0,False
20,10,_original_nint128_seed21,4,4,6,1;2;8;9,False,False,,1;2;9,8,16.0,29.0,697.0,18.0,5.0,False,1.0,16.0,16.0,False
20,10,_original_nint128_seed21,4,4,6,0;2;6;9,False,False,,0;2;6,9,13.0,25.0,657.0,24.0,5.0,False,1.0,13.0,13.0,False
20,10,_original_nint128_seed21,4,4,6,2;3;6;9,False,False,,2;3;6,9,13.0,25.0,741.0,28.0,5.0,False,1.0,13.0,13.0,False
20,10,_original_nint128_seed21,4,4,6,2;4;6;9,False,False,,2;4;6,9,14.0,25.0,664.0,22.0,5.0,False,1.0,14.0,14.0,False
20,10,_original_nint128_seed21,4,4,6,2;5;6;9,False,False,,2;6;9,5,15.0,27.0,689.0,19.0,5.0,False,1.0,15.0,15.0,False
20,10,_original_nint128_seed21,4,4,6,2;6;8;9,False,False,,2;6;9,8,17.0,31.0,682.0,18.0,5.0,False,1.0,17.0,17.0,False
20,10,_original_nint128_seed21,4,4,6,0;1;2;4,False,False,,0;1;4,2,12.0,24.0,545.0,25.0,5.0,False,1.0,12.0,12.0,False
20,10,_original_nint128_seed21,4,4,6,0;2;4;5,False,False,,0;2;4,5,15.0,30.0,448.0,23.0,5.0,False,1.0,15.0,15.0,False
20,10,_original_nint128_seed21,4,4,6,0;2;4;6,False,False,,0;4;6,2,13.0,25.0,531.0,25.0,5.0,False,1.0,13.0,13.0,False
20,10,_original_nint128_seed21,4,4,6,0;2;4;8,False,False,,0;2;4,8,16.0,33.0,441.0,22.0,5.0,False,1.0,16.0,16.0,False
20,10,_original_nint128_seed21,4,4,6,0;2;4;9,False,False,,0;4;9,2,13.0,25.0,551.0,24.0,5.0,False,1.0,13.0,13.0,False
20,10,_original_nint128_seed21,4,4,6,0;3;5;9,False,False,,0;3;9,5,11.0,22.0,522.0,26.0,5.0,False,1.0,11.0,11.0,False
20,10,_original_nint128_seed21,4,4,6,1;3;5;9,False,False,,1;3;9,5,13.0,25.0,647.0,25.0,5.0,False,1.0,13.0,13.0,False
20,10,_original_nint128_seed21,4,4,6,2;3;5;9,False,False,,2;3;9,5,12.0,24.0,660.0,25.0,5.0,False,1.0,12.0,12.0,False
20,10,_original_nint128_seed21,4,4,6,3;4;5;9,False,False,,3;4;9,5,11.0,22.0,529.0,24.0,5.0,False,1.0,11.0,11.0,False
20,10,_original_nint128_seed21,4,4,6,3;5;6;9,False,False,,3;5;6,9,13.0,25.0,635.0,24.0,5.0,False,1.0,13.0,13.0,False
20,10,_original_nint128_seed21,4,4,6,3;5;8;9,False,False,,3;5;9,8,14.0,28.0,547.0,20.0,5.0,False,1.0,14.0,14.0,False
20,10,_original_nint128_seed21,4,4,6,1;2;4;8,False,False,,1;2;4,8,15.0,29.0,570.0,19.0,5.0,False,1.0,15.0,15.0,False
20,10,_original_nint128_seed21,4,4,6,2;3;4;8,False,False,,2;3;4,8,14.0,28.0,528.0,25.0,5.0,False,1.0,14.0,14.0,False
20,10,_original_nint128_seed21,4,4,6,2;4;5;8,False,False,,2;4;5,8,17.0,34.0,473.0,17.0,5.0,False,1.0,17.0,17.0,False
20,10,_original_nint128_seed21,4,4,6,2;4;6;8,False,False,,2;4;6,8,16.0,30.0,556.0,19.0,5.0,False,1.0,16.0,16.0,False
20,10,_original_nint128_seed21,4,4,6,2;4;8;9,False,False,,2;4;9,8,16.0,30.0,576.0,18.0,5.0,False,1.0,16.0,16.0,False
20,10,_original_nint128_seed21,4,4,6,0;1;4;6,False,False,,0;1;4,6,11.0,23.0,520.0,24.0,5.0,False,1.0,11.0,11.0,False
20,10,_original_nint128_seed21,4,4,6,0;3;4;6,False,False,,0;3;6,4,10.0,19.0,480.0,29.0,5.0,False,1.0,10.0,10.0,False
20,10,_original_nint128_seed21,4,4,6,0;4;5;6,False,False,,0;4;6,5,13.0,26.0,425.0,21.0,5.0,False,1.0,13.0,13.0,False
20,10,_original_nint128_seed21,4,4,6,0;4;6;8,False,False,,0;4;6,8,14.0,29.0,418.0,20.0,5.0,False,1.0,14.0,14.0,False
20,10,_original_nint128_seed21,4,4,6,0;4;6;9,False,False,,0;4;6,9,12.0,24.0,526.0,23.0,5.0,False,1.0,12.0,12.0,False
20,10,_original_nint128_seed21,4,4,6,0;3;4;5,False,False,,0;3;4,5,11.0,22.0,397.0,27.0,5.0,False,1.0,11.0,11.0,False
20,10,_original_nint128_seed21,4,4,6,1;3;4;5,False,False,,1;3;4,5,11.0,22.0,523.0,25.0,5.0,False,1.0,11.0,11.0,False
20,10,_original_nint128_seed21,4,4,6,2;3;4;5,False,False,,3;4;5,2,12.0,24.0,535.0,26.0,5.0,False,1.0,12.0,12.0,False
20,10,_original_nint128_seed21,4,4,6,3;4;5;6,False,False,,3;4;6,5,11.0,21.0,512.0,24.0,5.0,False,1.0,11.0,11.0,False
20,10,_original_nint128_seed21,4,4,6,3;4;5;8,False,False,,3;4;5,8,13.0,27.0,422.0,21.0,5.0,False,1.0,13.0,13.0,False
20,10,_original_nint128_seed21,4,4,6,0;3;4;8,False,False,,0;3;4,8,12.0,25.0,390.0,26.0,5.0,False,1.0,12.0,12.0,False
20,10,_original_nint128_seed21,4,4,6,1;3;4;8,False,False,,1;3;4,8,12.0,23.0,519.0,23.0,5.0,False,1.0,12.0,12.0,False
20,10,_original_nint128_seed21,4,4,6,3;4;6;8,False,False,,3;4;6,8,13.0,25.0,505.0,23.0,5.0,False,1.0,13.0,13.0,False
20,10,_original_nint128_seed21,4,4,6,3;4;8;9,False,False,,3;4;9,8,13.0,26.0,522.0,23.0,5.0,False,1.0,13.0,13.0,False
20,10,_original_nint128_seed21,4,4,6,0;2;5;9,False,False,,0;2;9,5,14.0,27.0,576.0,21.0,5.0,False,1.0,14.0,14.0,False
20,10,_original_nint128_seed21,4,4,6,2;4;5;9,False,False,,2;4;9,5,14.0,26.0,583.0,19.0,5.0,False,1.0,14.0,14.0,False
20,10,_original_nint128_seed21,4,4,6,2;5;8;9,False,False,,2;5;9,8,17.0,32.0,601.0,15.0,5.0,False,1.0,17.0,17.0,False
20,10,_original_nint128_seed21,4,4,6,0;1;6;9,False,False,,0;1;9,6,14.0,27.0,645.0,24.0,5.0,False,1.0,14.0,14.0,False
20,10,_original_nint128_seed21,4,4,6,0;3;6;9,False,False,,0;3;6,9,11.0,22.0,603.0,29.0,5.0,False,1.0,11.0,11.0,False
20,10,_original_nint128_seed21,4,4,6,0;5;6;9,False,False,,0;6;9,5,15.0,28.0,551.0,20.0,5.0,False,1.0,15.0,15.0,False
20,10,_original_nint128_seed21,4,4,6,0;6;8;9,False,False,,0;6;9,8,16.0,31.0,544.0,19.0,5.0,False,1.0,16.0,16.0,False
20,10,_original_nint128_seed21,4,4,6,0;1;3;9,False,False,,0;1;3,9,10.0,19.0,618.0,29.0,5.0,False,1.0,10.0,10.0,False
20,10,_original_nint128_seed21,4,4,6,0;1;4;9,False,False,,0;1;4,9,11.0,22.0,541.0,23.0,5.0,False,1.0,11.0,11.0,False
20,10,_original_nint128_seed21,4,4,6,0;1;5;9,False,False,,0;1;9,5,15.0,29.0,563.0,21.0,5.0,False,1.0,15.0,15.0,False
20,10,_original_nint128_seed21,4,4,6,0;1;8;9,False,False,,0;1;9,8,15.0,29.0,559.0,19.0,5.0,False,1.0,15.0,15.0,False
20,10,_original_nint128_seed21,4,4,6,0;4;8;9,False,False,,0;4;9,8,14.0,29.0,438.0,19.0,5.0,False,1.0,14.0,14.0,False
20,10,_original_nint128_seed21,4,4,6,1;4;8;9,False,False,,1;4;9,8,15.0,30.0,565.0,18.0,5.0,False,1.0,15.0,15.0,False
20,10,_original_nint128_seed21,4,4,6,4;5;8;9,False,False,,4;5;9,8,16.0,33.0,469.0,15.0,5.0,False,1.0,16.0,16.0,False
20,10,_original_nint128_seed21,4,4,6,4;6;8;9,False,False,,4;6;9,8,16.0,32.0,550.0,18.0,5.0,False,1.0,16.0,16.0,False
20,10,_original_nint128_seed21,4,4,6,1;3;4;9,False,False,,1;3;4,9,11.0,20.0,625.0,27.0,5.0,False,1.0,11.0,11.0,False
20,10,_original_nint128_seed21,4,4,6,1;3;6;9,False,False,,1;3;6,9,14.0,26.0,729.0,28.0,5.0,False,1.0,14.0,14.0,False
20,10,_original_nint128_seed21,4,4,6,1;3;8;9,False,False,,1;3;9,8,14.0,26.0,643.0,23.0,5.0,False,1.0,14.0,14.0,False
20,10,_original_nint128_seed21,4,4,6,0;2;3;8,False,False,,0;2;3,8,13.0,28.0,520.0,28.0,5.0,False,1.0,13.0,13.0,False
20,10,_original_nint128_seed21,4,4,6,1;2;3;8,False,False,,1;2;3,8,13.0,25.0,650.0,24.0,5.0,False,1.0,13.0,13.0,False
20,10,_original_nint128_seed21,4,4,6,2;3;5;8,False,False,,2;3;5,8,14.0,29.0,553.0,22.0,5.0,False,1.0,14.0,14.0,False
20,10,_original_nint128_seed21,4,4,6,2;3;6;8,False,False,,2;3;6,8,14.0,27.0,636.0,24.0,5.0,False,1.0,14.0,14.0,False
20,10,_original_nint128_seed21,4,4,6,2;3;8;9,False,False,,2;3;9,8,14.0,28.0,653.0,24.0,5.0,False,1.0,14.0,14.0,False
20,10,_original_nint128_seed21,4,4,6,0;1;2;3,False,False,,0;1;3,2,10.0,20.0,624.0,31.0,5.0,False,1.0,10.0,10.0,False
20,10,_original_nint128_seed21,4,4,6,0;1;3;4,False,False,,0;1;3,4,9.0,17.0,494.0,29.0,5.0,False,1.0,9.0,9.0,False
20,10,_original_nint128_seed21,4,4,6,0;1;3;5,False,False,,0;1;3,5,11.0,22.0,516.0,27.0,5.0,False,1.0,11.0,11.0,False
20,10,_original_nint128_seed21,4,4,6,0;1;3;6,False,False,,0;1;3,6,10.0,19.0,600.0,29.0,5.0,False,1.0,10.0,10.0,False
20,10,_original_nint128_seed21,4,4,6,0;1;3;8,False,False,,0;1;3,8,11.0,22.0,512.0,25.0,5.0,False,1.0,11.0,11.0,False
20,10,_original_nint128_seed21,4,4,6,0;1;4;8,False,False,,0;1;4,8,13.0,28.0,432.0,20.0,5.0,False,1.0,13.0,13.0,False
20,10,_original_nint128_seed21,4,4,6,0;4;5;8,False,False,,0;4;5,8,16.0,34.0,335.0,18.0,5.0,False,1.0,16.0,16.0,False
20,10,_original_nint128_seed21,4,4,6,0;3;5;8,False,False,,0;3;5,8,13.0,27.0,415.0,23.0,5.0,False,1.0,13.0,13.0,False
20,10,_original_nint128_seed21,4,4,6,1;3;5;8,False,False,,1;3;5,8,14.0,28.0,541.0,21.0,5.0,False,1.0,14.0,14.0,False
20,10,_original_nint128_seed21,4,4,6,3;5;6;8,False,False,,3;5;6,8,14.0,27.0,530.0,20.0,5.0,False,1.0,14.0,14.0,False
20,10,_original_nint128_seed21,4,4,6,1;2;3;6,False,False,,1;2;3,6,12.0,22.0,738.0,28.0,5.0,False,1.0,12.0,12.0,False
20,10,_original_nint128_seed21,4,4,6,1;3;4;6,False,False,,1;3;4,6,11.0,20.0,607.0,27.0,5.0,False,1.0,11.0,11.0,False
20,10,_original_nint128_seed21,4,4,6,1;3;5;6,False,False,,1;3;6,5,13.0,25.0,629.0,25.0,5.0,False,1.0,13.0,13.0,False
20,10,_original_nint128_seed21,4,4,6,1;3;6;8,False,False,,1;3;6,8,14.0,26.0,625.0,23.0,5.0,False,1.0,14.0,14.0,False
20,10,_original_nint128_seed21,4,4,6,0;1;6;8,False,False,,0;1;6,8,15.0,30.0,538.0,20.0,5.0,False,1.0,15.0,15.0,False
20,10,_original_nint128_seed21,4,4,6,1;2;6;8,False,False,,1;2;6,8,16.0,30.0,676.0,19.0,5.0,False,1.0,16.0,16.0,False
20,10,_original_nint128_seed21,4,4,6,1;4;6;8,False,False,,1;4;6,8,15.0,31.0,544.0,19.0,5.0,False,1.0,15.0,15.0,False
20,10,_original_nint128_seed21,4,4,6,1;5;6;8,False,False,,1;5;6,8,19.0,38.0,566.0,17.0,5.0,False,1.0,19.0,19.0,False
20,10,_original_nint128_seed21,4,4,6,1;6;8;9,False,False,,1;6;9,8,19.0,36.0,669.0,19.0,5.0,False,1.0,19.0,19.0,False
20,10,_original_nint128_seed21,4,4,6,1;2;3;4,False,False,,1;3;4,2,11.0,20.0,632.0,28.0,5.0,False,1.0,11.0,11.0,False
20,10,_original_nint128_seed21,4,4,6,2;3;4;6,False,False,,3;4;6,2,12.0,22.0,618.0,28.0,5.0,False,1.0,12.0,12.0,False
20,10,_original_nint128_seed21,4,4,6,2;3;4;9,False,False,,3;4;9,2,12.0,23.0,635.0,28.0,5.0,False,1.0,12.0,12.0,False
20,10,_original_nint128_seed21,4,4,6,1;4;6;9,False,False,,1;4;9,6,14.0,28.0,651.0,23.0,5.0,False,1.0,14.0,14.0,False
20,10,_original_nint128_seed21,4,4,6,3;4;6;9,False,False,,3;4;6,9,12.0,23.0,610.0,27.0,5.0,False,1.0,12.0,12.0,False
20,10,_original_nint128_seed21,4,4,6,4;5;6;9,False,False,,4;6;9,5,14.0,28.0,557.0,19.0,5.0,False,1.0,14.0,14.0,False
20,10,_original_nint128_seed21,4,4,6,0;2;3;5,False,False,,0;3;5,2,12.0,25.0,527.0,29.0,5.0,False,1.0,12.0,12.0,False
20,10,_original_nint128_seed21,4,4,6,0;3;5;6,False,False,,0;3;6,5,11.0,21.0,505.0,26.0,5.0,False,1.0,11.0,11.0,False
20,10,_original_nint128_seed21,4,4,6,1;2;4;6,False,False,,1;2;4,6,13.0,24.0,658.0,23.0,5.0,False,1.0,13.0,13.0,False
20,10,_original_nint128_seed21,4,4,6,1;4;5;6,False,False,,1;4;6,5,14.0,30.0,548.0,21.0,5.0,False,1.0,14.0,14.0,False
20,10,_original_nint128_seed21,4,4,6,1;4;5;8,False,False,,1;4;5,8,16.0,35.0,460.0,17.0,5.0,False,1.0,16.0,16.0,False
20,10,_original_nint128_seed21,4,4,6,4;5;6;8,False,False,,4;5;6,8,16.0,33.0,449.0,16.0,5.0,False,1.0,16.0,16.0,False
20,10,_original_nint128_seed21,4,4,6,0;2;3;9,False,False,,0;3;9,2,11.0,23.0,627.0,31.0,5.0,False,1.0,11.0,11.0,False
20,10,_original_nint128_seed21,4,4,6,0;2;3;6,False,False,,0;3;6,2,11.0,22.0,610.0,31.0,5.0,False,1.0,11.0,11.0,False
20,10,_original_nint128_seed21,4,4,6,1;2;3;5,False,False,,1;2;3,5,12.0,24.0,654.0,26.0,5.0,False,1.0,12.0,12.0,False
20,10,_original_nint128_seed21,4,4,6,2;3;5;6,False,False,,2;3;6,5,12.0,23.0,643.0,25.0,5.0,False,1.0,12.0,12.0,False
20,10,_original_nint128_seed21,4,4,6,1;5;6;9,False,False,,1;6;9,5,18.0,35.0,673.0,21.0,5.0,False,1.0,18.0,18.0,False
20,10,_original_nint128_seed21,4,4,6,5;6;8;9,False,False,,5;6;9,8,19.0,36.0,575.0,15.0,5.0,False,1.0,19.0,19.0,False
20,10,_original_nint128_seed21,4,4,6,1;5;8;9,False,False,,1;5;9,8,19.0,37.0,587.0,16.0,5.0,False,1.0,19.0,19.0,False
20,10,_original_nint128_seed21,4,4,6,1;4;5;9,False,False,,1;4;9,5,14.0,29.0,569.0,20.0,5.0,False,1.0,14.0,14.0,False
20,10,_original_nint128_seed21,4,4,6,3;6;8;9,False,False,,3;6;9,8,15.0,29.0,628.0,23.0,5.0,False,1.0,15.0,15.0,False
20,10,_original_nint128_seed21,4,4,6,0;2;5;8,False,False,,0;2;5,8,17.0,35.0,466.0,19.0,5.0,False,1.0,17.0,17.0,False
20,10,_original_nint128_seed21,4,4,6,1;2;5;8,False,False,,1;2;5,8,17.0,34.0,592.0,17.0,5.0,False,1.0,17.0,17.0,False
20,10,_original_nint128_seed21,4,4,6,2;5;6;8,False,False,,2;5;6,8,17.0,32.0,581.0,16.0,5.0,False,1.0,17.0,17.0,False
20,10,_original_nint128_seed21,4,4,6,0;1;2;6,False,False,,0;1;2,6,12.0,24.0,651.0,25.0,5.0,False,1.0,12.0,12.0,False
20,10,_original_nint128_seed21,4,4,6,1;2;5;6,False,False,,1;2;6,5,15.0,29.0,680.0,21.0,5.0,False,1.0,15.0,15.0,False
20,10,_original_nint128_seed21,4,4,6,0;3;4;9,False,False,,0;3;4,9,10.0,20.0,497.0,29.0,5.0,False,1.0,10.0,10.0,False
20,10,_original_nint128_seed21,4,4,6,0;1;4;5,False,False,,0;1;4,5,13.0,28.0,436.0,22.0,5.0,False,1.0,13.0,13.0,False
20,10,_original_nint128_seed21,4,4,6,1;2;4;5,False,False,,1;2;4,5,14.0,28.0,574.0,21.0,5.0,False,1.0,14.0,14.0,False
20,10,_original_nint128_seed21,4,4,6,2;4;5;6,False,False,,2;4;6,5,14.0,26.0,563.0,20.0,5.0,False,1.0,14.0,14.0,False
20,10,_original_nint128_seed21,4,4,6,0;5;8;9,False,False,,0;5;9,8,17.0,33.0,463.0,16.0,5.0,False,1.0,17.0,17.0,False
20,10,_original_nint128_seed21,4,4,6,0;3;6;8,False,False,,0;3;6,8,12.0,24.0,498.0,25.0,5.0,False,1.0,12.0,12.0,False
20,10,_original_nint128_seed21,4,4,6,0;3;8;9,False,False,,0;3;9,8,12.0,25.0,515.0,25.0,5.0,False,1.0,12.0,12.0,False
20,10,_original_nint128_seed21,4,4,6,0;1;5;8,False,False,,0;1;5,8,17.0,35.0,454.0,18.0,5.0,False,1.0,17.0,17.0,False
20,10,_original_nint128_seed21,4,4,6,0;1;2;5,False,False,,0;1;2,5,14.0,29.0,567.0,23.0,5.0,False,1.0,14.0,14.0,False
20,10,_original_nint128_seed21,4,4,6,0;2;5;6,False,False,,0;2;6,5,14.0,27.0,556.0,22.0,5.0,False,1.0,14.0,14.0,False
20,10,_original_nint128_seed21,4,4,6,0;4;5;9,False,False,,0;4;9,5,13.0,26.0,445.0,20.0,5.0,False,1.0,13.0,13.0,False
20,10,_original_nint128_seed21,4,4,6,0;1;2;8,False,False,,0;1;2,8,14.0,29.0,563.0,21.0,5.0,False,1.0,14.0,14.0,False
20,10,_original_nint128_seed21,4,4,6,0;2;8;9,False,False,,0;2;9,8,15.0,30.0,569.0,20.0,5.0,False,1.0,15.0,15.0,False
20,10,_original_nint128_seed21,4,4,6,0;2;6;8,False,False,,0;2;6,8,15.0,30.0,549.0,21.0,5.0,False,1.0,15.0,15.0,False
20,10,_original_nint128_seed21,4,4,6,0;5;6;8,False,False,,0;5;6,8,17.0,33.0,443.0,17.0,5.0,False,1.0,17.0,17.0,False
20,10,_original_nint128_seed21,4,4,6,0;1;5;6,False,False,,0;1;6,5,15.0,30.0,542.0,22.0,5.0,False,1.0,15.0,15.0,False
20,10,_original_nint128_seed21,5,5,5,0;2;5;6;8,False,False,,0;2;5;6,8,13.0,25.0,410.0,24.0,5.0,False,1.0,13.0,13.0,False
20,10,_original_nint128_seed21,5,5,5,1;2;5;6;8,False,False,,1;2;5;6,8,14.0,27.0,534.0,23.0,5.0,False,1.0,14.0,14.0,False
20,10,_original_nint128_seed21,5,5,5,2;3;5;6;8,False,False,,2;3;5;6,8,11.0,21.0,497.0,27.0,5.0,False,1.0,11.0,11.0,False
20,10,_original_nint128_seed21,5,5,5,2;4;5;6;8,False,False,,2;4;5;6,8,13.0,24.0,417.0,22.0,5.0,False,1.0,13.0,13.0,False
20,10,_original_nint128_seed21,5,5,5,2;5;6;8;9,False,False,,2;5;6;9,8,14.0,25.0,543.0,21.0,5.0,False,1.0,14.0,14.0,False
20,10,_original_nint128_seed21,5,5,5,0;1;2;3;8,False,False,,0;1;2;3,8,9.0,18.0,478.0,33.0,5.0,False,1.0,9.0,9.0,False
20,10,_original_nint128_seed21,5,5,5,1;2;3;4;8,False,False,,1;2;3;4,8,10.0,18.0,486.0,30.0,5.0,False,1.0,10.0,10.0,False
20,10,_original_nint128_seed21,5,5,5,1;2;3;5;8,False,False,,1;2;3;5,8,11.0,22.0,508.0,28.0,5.0,False,1.0,11.0,11.0,False
20,10,_original_nint128_seed21,5,5,5,1;2;3;6;8,False,False,,1;2;3;6,8,11.0,20.0,592.0,30.0,5.0,False,1.0,11.0,11.0,False
20,10,_original_nint128_seed21,5,5,5,1;2;3;8;9,False,False,,1;2;3;9,8,11.0,20.0,610.0,30.0,5.0,False,1.0,11.0,11.0,False
20,10,_original_nint128_seed21,5,5,5,0;2;3;5;6,False,False,,0;3;5;6,2,9.0,17.0,471.0,34.0,5.0,False,1.0,9.0,9.0,False
20,10,_original_nint128_seed21,5,5,5,1;2;3;5;6,False,False,,1;2;3;6,5,10.0,19.0,596.0,32.0,5.0,False,1.0,10.0,10.0,False
20,10,_original_nint128_seed21,5,5,5,2;3;4;5;6,False,False,,3;4;5;6,2,9.0,16.0,479.0,31.0,5.0,False,1.0,9.0,9.0,False
20,10,_original_nint128_seed21,5,5,5,2;3;5;6;9,False,False,,2;3;5;6,9,10.0,19.0,602.0,31.0,5.0,False,1.0,10.0,10.0,False
20,10,_original_nint128_seed21,5,5,5,0;1;2;4;9,False,False,,0;1;4;9,2,9.0,16.0,508.0,30.0,5.0,False,1.0,9.0,9.0,False
20,10,_original_nint128_seed21,5,5,5,0;2;4;5;9,False,False,,0;2;4;9,5,11.0,20.0,412.0,27.0,5.0,False,1.0,11.0,11.0,False
20,10,_original_nint128_seed21,5,5,5,0;2;4;6;9,False,False,,0;4;6;9,2,10.0,18.0,493.0,30.0,5.0,False,1.0,10.0,10.0,False
20,10,_original_nint128_seed21,5,5,5,0;2;4;8;9,False,False,,0;2;4;9,8,12.0,23.0,405.0,26.0,5.0,False,1.0,12.0,12.0,False
20,10,_original_nint128_seed21,5,5,5,0;1;3;4;6,False,False,,0;1;3;4,6,7.0,12.0,436.0,35.0,5.0,False,1.0,7.0,7.0,False
20,10,_original_nint128_seed21,5,5,5,0;3;4;5;6,False,False,,0;3;4;6,5,8.0,14.0,341.0,32.0,5.0,False,1.0,8.0,8.0,False
20,10,_original_nint128_seed21,5,5,5,0;3;4;6;8,False,False,,0;3;4;6,8,9.0,17.0,334.0,31.0,5.0,False,1.0,9.0,9.0,False
20,10,_original_nint128_seed21,5,5,5,0;3;4;6;9,False,False,,0;3;4;6,9,8.0,15.0,439.0,35.0,5.0,False,1.0,8.0,8.0,False
20,10,_original_nint128_seed21,5,5,5,0;2;5;6;9,False,False,,0;2;6;9,5,11.0,20.0,518.0,27.0,5.0,False,1.0,11.0,11.0,False
20,10,_original_nint128_seed21,5,5,5,1;2;5;6;9,False,False,,1;2;6;9,5,13.0,24.0,641.0,27.0,5.0,False,1.0,13.0,13.0,False
20,10,_original_nint128_seed21,5,5,5,2;4;5;6;9,False,False,,2;4;6;9,5,11.0,19.0,525.0,25.0,5.0,False,1.0,11.0,11.0,False
20,10,_original_nint128_seed21,5,5,5,0;1;2;8;9,False,False,,0;1;2;9,8,11.0,21.0,526.0,26.0,5.0,False,1.0,11.0,11.0,False
20,10,_original_nint128_seed21,5,5,5,1;2;4;8;9,False,False,,1;2;4;9,8,12.0,21.0,533.0,24.0,5.0,False,1.0,12.0,12.0,False
20,10,_original_nint128_seed21,5,5,5,1;2;5;8;9,False,False,,1;2;5;9,8,14.0,26.0,555.0,22.0,5.0,False,1.0,14.0,14.0,False
20,10,_original_nint128_seed21,5,5,5,1;2;6;8;9,False,False,,1;2;6;9,8,14.0,25.0,637.0,25.0,5.0,False,1.0,14.0,14.0,False
20,10,_original_nint128_seed21,5,5,5,1;2;3;4;9,False,False,,1;2;3;4,9,9.0,15.0,592.0,34.0,5.0,False,1.0,9.0,9.0,False
20,10,_original_nint128_seed21,5,5,5,2;3;4;5;9,False,False,,3;4;5;9,2,9.0,17.0,496.0,31.0,5.0,False,1.0,9.0,9.0,False
20,10,_original_nint128_seed21,5,5,5,2;3;4;6;9,False,False,,2;3;4;6,9,10.0,18.0,577.0,34.0,5.0,False,1.0,10.0,10.0,False
20,10,_original_nint128_seed21,5,5,5,2;3;4;8;9,False,False,,2;3;4;9,8,11.0,21.0,489.0,30.0,5.0,False,1.0,11.0,11.0,False
20,10,_original_nint128_seed21,5,5,5,1;3;4;5;6,False,False,,1;3;4;6,5,9.0,17.0,465.0,31.0,5.0,False,1.0,9.0,9.0,False
20,10,_original_nint128_seed21,5,5,5,3;4;5;6;8,False,False,,3;4;5;6,8,10.0,19.0,366.0,26.0,5.0,False,1.0,10.0,10.0,False
20,10,_original_nint128_seed21,5,5,5,3;4;5;6;9,False,False,,3;4;5;6,9,9.0,17.0,471.0,30.0,5.0,False,1.0,9.0,9.0,False
20,10,_original_nint128_seed21,5,5,5,0;1;3;4;8,False,False,,0;1;3;4,8,8.0,15.0,348.0,31.0,5.0,False,1.0,8.0,8.0,False
20,10,_original_nint128_seed21,5,5,5,1;3;4;5;8,False,False,,1;3;4;5,8,10.0,20.0,377.0,27.0,5.0,False,1.0,10.0,10.0,False
20,10,_original_nint128_seed21,5,5,5,1;3;4;6;8,False,False,,1;3;4;6,8,10.0,18.0,461.0,29.0,5.0,False,1.0,10.0,10.0,False
20,10,_original_nint128_seed21,5,5,5,1;3;4;8;9,False,False,,1;3;4;9,8,10.0,18.0,479.0,29.0,5.0,False,1.0,10.0,10.0,False
20,10,_original_nint128_seed21,5,5,5,0;1;2;5;6,False,False,,0;1;2;6,5,11.0,22.0,509.0,29.0,5.0,False,1.0,11.0,11.0,False
20,10,_original_nint128_seed21,5,5,5,0;2;4;5;6,False,False,,0;2;4;6,5,11.0,20.0,392.0,28.0,5.0,False,1.0,11.0,11.0,False
20,10,_original_nint128_seed21,5,5,5,0;1;2;4;8,False,False,,0;1;2;4,8,11.0,22.0,399.0,27.0,5.0,False,1.0,11.0,11.0,False
20,10,_original_nint128_seed21,5,5,5,0;1;2;5;8,False,False,,0;1;2;5,8,13.0,27.0,421.0,25.0,5.0,False,1.0,13.0,13.0,False
20,10,_original_nint128_seed21,5,5,5,0;1;2;6;8,False,False,,0;1;2;6,8,11.0,22.0,505.0,27.0,5.0,False,1.0,11.0,11.0,False
20,10,_original_nint128_seed21,5,5,5,0;1;3;4;9,False,False,,0;1;3;4,9,7.0,12.0,454.0,35.0,5.0,False,1.0,7.0,7.0,False
20,10,_original_nint128_seed21,5,5,5,0;1;4;5;9,False,False,,0;1;4;9,5,10.0,20.0,399.0,27.0,5.0,False,1.0,10.0,10.0,False
20,10,_original_nint128_seed21,5,5,5,0;1;4;6;9,False,False,,0;1;4;9,6,9.0,18.0,481.0,30.0,5.0,False,1.0,9.0,9.0,False
20,10,_original_nint128_seed21,5,5,5,0;1;4;8;9,False,False,,0;1;4;9,8,10.0,20.0,395.0,25.0,5.0,False,1.0,10.0,10.0,False
20,10,_original_nint128_seed21,5,5,5,1;2;4;5;8,False,False,,1;2;4;5,8,13.0,26.0,428.0,23.0,5.0,False,1.0,13.0,13.0,False
20,10,_original_nint128_seed21,5,5,5,1;2;4;6;8,False,False,,1;2;4;6,8,12.0,22.0,512.0,25.0,5.0,False,1.0,12.0,12.0,False
20,10,_original_nint128_seed21,5,5,5,1;2;4;5;6,False,False,,1;2;4;6,5,11.0,21.0,516.0,27.0,5.0,False,1.0,11.0,11.0,False
20,10,_original_nint128_seed21,5,5,5,0;2;4;6;8,False,False,,0;2;4;6,8,12.0,23.0,385.0,27.0,5.0,False,1.0,12.0,12.0,False
20,10,_original_nint128_seed21,5,5,5,2;3;4;6;8,False,False,,2;3;4;6,8,11.0,20.0,472.0,30.0,5.0,False,1.0,11.0,11.0,False
20,10,_original_nint128_seed21,5,5,5,2;4;6;8;9,False,False,,2;4;6;9,8,13.0,23.0,518.0,24.0,5.0,False,1.0,13.0,13.0,False
20,10,_original_nint128_seed21,5,5,5,0;1;2;3;9,False,False,,0;1;3;9,2,8.0,15.0,584.0,37.0,5.0,False,1.0,8.0,8.0,False
20,10,_original_nint128_seed21,5,5,5,0;2;3;5;9,False,False,,0;3;5;9,2,9.0,18.0,488.0,34.0,5.0,False,1.0,9.0,9.0,False
20,10,_original_nint128_seed21,5,5,5,0;2;3;6;9,False,False,,0;2;3;6,9,9.0,18.0,569.0,37.0,5.0,False,1.0,9.0,9.0,False
20,10,_original_nint128_seed21,5,5,5,0;2;3;8;9,False,False,,0;2;3;9,8,10.0,21.0,481.0,33.0,5.0,False,1.0,10.0,10.0,False
20,10,_original_nint128_seed21,5,5,5,0;1;2;4;5,False,False,,0;1;2;4,5,11.0,22.0,403.0,29.0,5.0,False,1.0,11.0,11.0,False
20,10,_original_nint128_seed21,5,5,5,1;2;3;4;5,False,False,,1;2;3;4,5,9.0,17.0,490.0,32.0,5.0,False,1.0,9.0,9.0,False
20,10,_original_nint128_seed21,5,5,5,1;2;4;5;9,False,False,,1;2;4;9,5,11.0,20.0,537.0,26.0,5.0,False,1.0,11.0,11.0,False
20,10,_original_nint128_seed21,5,5,5,0;1;2;3;5,False,False,,0;1;2;3,5,9.0,18.0,482.0,35.0,5.0,False,1.0,9.0,9.0,False
20,10,_original_nint128_seed21,5,5,5,0;1;3;4;5,False,False,,0;1;3;4,5,8.0,15.0,352.0,33.0,5.0,False,1.0,8.0,8.0,False
20,10,_original_nint128_seed21,5,5,5,0;1;3;5;6,False,False,,0;1;3;6,5,9.0,17.0,458.0,33.0,5.0,False,1.0,9.0,9.0,False
20,10,_original_nint128_seed21,5,5,5,0;1;3;5;8,False,False,,0;1;3;5,8,10.0,20.0,370.0,29.0,5.0,False,1.0,10.0,10.0,False
20,10,_original_nint128_seed21,5,5,5,0;1;3;5;9,False,False,,0;1;3;9,5,9.0,17.0,476.0,33.0,5.0,False,1.0,9.0,9.0,False
20,10,_original_nint128_seed21,5,5,5,0;1;3;6;8,False,False,,0;1;3;6,8,9.0,17.0,454.0,31.0,5.0,False,1.0,9.0,9.0,False
20,10,_original_nint128_seed21,5,5,5,0;2;3;6;8,False,False,,0;2;3;6,8,10.0,20.0,464.0,33.0,5.0,False,1.0,10.0,10.0,False
20,10,_original_nint128_seed21,5,5,5,0;3;5;6;8,False,False,,0;3;5;6,8,10.0,19.0,359.0,28.0,5.0,False,1.0,10.0,10.0,False
20,10,_original_nint128_seed21,5,5,5,0;3;6;8;9,False,False,,0;3;6;9,8,10.0,20.0,457.0,31.0,5.0,False,1.0,10.0,10.0,False
20,10,_original_nint128_seed21,5,5,5,1;2;4;6;9,False,False,,1;2;4;9,6,11.0,19.0,619.0,29.0,5.0,False,1.0,11.0,11.0,False
20,10,_original_nint128_seed21,5,5,5,1;3;5;6;8,False,False,,1;3;5;6,8,12.0,23.0,483.0,27.0,5.0,False,1.0,12.0,12.0,False
20,10,_original_nint128_seed21,5,5,5,3;5;6;8;9,False,False,,3;5;6;9,8,12.0,23.0,489.0,26.0,5.0,False,1.0,12.0,12.0,False
20,10,_original_nint128_seed21,5,5,5,0;1;2;6;9,False,False,,0;1;2;9,6,10.0,19.0,612.0,31.0,5.0,False,1.0,10.0,10.0,False
20,10,_original_nint128_seed21,5,5,5,1;2;3;6;9,False,False,,1;2;3;6,9,11.0,20.0,696.0,35.0,5.0,False,1.0,11.0,11.0,False
20,10,_original_nint128_seed21,5,5,5,0;2;5;8;9,False,False,,0;2;5;9,8,13.0,25.0,430.0,23.0,5.0,False,1.0,13.0,13.0,False
20,10,_original_nint128_seed21,5,5,5,2;3;5;8;9,False,False,,2;3;5;9,8,11.0,22.0,514.0,27.0,5.0,False,1.0,11.0,11.0,False
20,10,_original_nint128_seed21,5,5,5,2;4;5;8;9,False,False,,2;4;5;9,8,13.0,24.0,437.0,21.0,5.0,False,1.0,13.0,13.0,False
20,10,_original_nint128_seed21,5,5,5,0;2;3;5;8,False,False,,0;2;3;5,8,11.0,23.0,381.0,31.0,5.0,False,1.0,11.0,11.0,False
20,10,_original_nint128_seed21,5,5,5,0;1;5;6;9,False,False,,0;1;6;9,5,13.0,25.0,503.0,28.0,5.0,False,1.0,13.0,13.0,False
20,10,_original_nint128_seed21,5,5,5,0;3;5;6;9,False,False,,0;3;5;6,9,9.0,17.0,464.0,32.0,5.0,False,1.0,9.0,9.0,False
20,10,_original_nint128_seed21,5,5,5,0;4;5;6;9,False,False,,0;4;6;9,5,10.0,19.0,387.0,26.0,5.0,False,1.0,10.0,10.0,False
20,10,_original_nint128_seed21,5,5,5,0;5;6;8;9,False,False,,0;5;6;9,8,14.0,26.0,405.0,22.0,5.0,False,1.0,14.0,14.0,False
20,10,_original_nint128_seed21,5,5,5,0;1;3;8;9,False,False,,0;1;3;9,8,9.0,17.0,472.0,31.0,5.0,False,1.0,9.0,9.0,False
20,10,_original_nint128_seed21,5,5,5,0;1;5;8;9,False,False,,0;1;5;9,8,14.0,27.0,417.0,23.0,5.0,False,1.0,14.0,14.0,False
20,10,_original_nint128_seed21,5,5,5,0;1;6;8;9,False,False,,0;1;6;9,8,13.0,25.0,499.0,26.0,5.0,False,1.0,13.0,13.0,False
20,10,_original_nint128_seed21,5,5,5,1;3;5;6;9,False,False,,1;3;5;6,9,12.0,23.0,587.0,32.0,5.0,False,1.0,12.0,12.0,False
20,10,_original_nint128_seed21,5,5,5,1;4;5;6;9,False,False,,1;4;6;9,5,12.0,25.0,509.0,27.0,5.0,False,1.0,12.0,12.0,False
20,10,_original_nint128_seed21,5,5,5,1;5;6;8;9,False,False,,1;5;6;9,8,16.0,33.0,527.0,23.0,5.0,False,1.0,16.0,16.0,False
20,10,_original_nint128_seed21,5,5,5,2;3;6;8;9,False,False,,2;3;6;9,8,12.0,23.0,595.0,30.0,5.0,False,1.0,12.0,12.0,False
20,10,_original_nint128_seed21,5,5,5,1;2;3;5;9,False,False,,1;2;3;9,5,10.0,19.0,614.0,32.0,5.0,False,1.0,10.0,10.0,False
20,10,_original_nint128_seed21,5,5,5,0;4;6;8;9,False,False,,0;4;6;9,8,11.0,22.0,380.0,25.0,5.0,False,1.0,11.0,11.0,False
20,10,_original_nint128_seed21,5,5,5,1;4;6;8;9,False,False,,1;4;6;9,8,13.0,26.0,505.0,25.0,5.0,False,1.0,13.0,13.0,False
20,10,_original_nint128_seed21,5,5,5,3;4;6;8;9,False,False,,3;4;6;9,8,11.0,21.0,464.0,29.0,5.0,False,1.0,11.0,11.0,False
20,10,_original_nint128_seed21,5,5,5,4;5;6;8;9,False,False,,4;5;6;9,8,13.0,26.0,411.0,21.0,5.0,False,1.0,13.0,13.0,False
20,10,_original_nint128_seed21,5,5,5,1;3;4;5;9,False,False,,1;3;4;9,5,9.0,17.0,483.0,31.0,5.0,False,1.0,9.0,9.0,False
20,10,_original_nint128_seed21,5,5,5,1;4;5;8;9,False,False,,1;4;5;9,8,13.0,27.0,423.0,22.0,5.0,False,1.0,13.0,13.0,False
20,10,_original_nint128_seed21,5,5,5,0;4;5;6;8,False,False,,0;4;5;6,8,12.0,24.0,279.0,23.0,5.0,False,1.0,12.0,12.0,False
20,10,_original_nint128_seed21,5,5,5,1;4;5;6;8,False,False,,1;4;5;6,8,13.0,28.0,402.0,23.0,5.0,False,1.0,13.0,13.0,False
20,10,_original_nint128_seed21,5,5,5,0;1;4;5;8,False,False,,0;1;4;5,8,12.0,26.0,290.0,24.0,5.0,False,1.0,12.0,12.0,False
20,10,_original_nint128_seed21,5,5,5,0;1;2;3;6,False,False,,0;1;3;6,2,8.0,15.0,566.0,37.0,5.0,False,1.0,8.0,8.0,False
20,10,_original_nint128_seed21,5,5,5,1;2;3;4;6,False,False,,1;2;3;4,6,9.0,15.0,574.0,34.0,5.0,False,1.0,9.0,9.0,False
20,10,_original_nint128_seed21,5,5,5,0;3;4;5;9,False,False,,0;3;4;9,5,8.0,15.0,358.0,32.0,5.0,False,1.0,8.0,8.0,False
20,10,_original_nint128_seed21,5,5,5,3;4;5;8;9,False,False,,3;4;5;9,8,10.0,20.0,383.0,26.0,5.0,False,1.0,10.0,10.0,False
20,10,_original_nint128_seed21,5,5,5,1;3;5;8;9,False,False,,1;3;5;9,8,12.0,23.0,501.0,27.0,5.0,False,1.0,12.0,12.0,False
20,10,_original_nint128_seed21,5,5,5,0;1;2;5;9,False,False,,0;1;2;9,5,11.0,21.0,530.0,28.0,5.0,False,1.0,11.0,11.0,False
20,10,_original_nint128_seed21,5,5,5,0;3;4;8;9,False,False,,0;3;4;9,8,9.0,18.0,351.0,31.0,5.0,False,1.0,9.0,9.0,False
20,10,_original_nint128_seed21,5,5,5,0;4;5;8;9,False,False,,0;4;5;9,8,12.0,24.0,299.0,22.0,5.0,False,1.0,12.0,12.0,False
20,10,_original_nint128_seed21,5,5,5,0;3;5;8;9,False,False,,0;3;5;9,8,10.0,20.0,376.0,28.0,5.0,False,1.0,10.0,10.0,False
20,10,_original_nint128_seed21,5,5,5,0;1;3;6;9,False,False,,0;1;3;6,9,9.0,17.0,558.0,36.0,5.0,False,1.0,9.0,9.0,False
20,10,_original_nint128_seed21,5,5,5,1;3;4;6;9,False,False,,1;3;4;6,9,10.0,18.0,565.0,34.0,5.0,False,1.0,10.0,10.0,False
20,10,_original_nint128_seed21,5,5,5,1;3;6;8;9,False,False,,1;3;6;8,9,13.0,24.0,583.0,30.0,5.0,False,1.0,13.0,13.0,False
20,10,_original_nint128_seed21,5,5,5,2;3;4;5;8,False,False,,2;3;4;5,8,11.0,22.0,389.0,28.0,5.0,False,1.0,11.0,11.0,False
20,10,_original_nint128_seed21,5,5,5,0;2;6;8;9,False,False,,0;2;6;9,8,12.0,23.0,511.0,26.0,5.0,False,1.0,12.0,12.0,False
20,10,_original_nint128_seed21,5,5,5,0;3;4;5;8,False,False,,0;3;4;5,8,10.0,20.0,251.0,29.0,5.0,False,1.0,10.0,10.0,False
20,10,_original_nint128_seed21,5,5,5,0;1;5;6;8,False,False,,0;1;5;6,8,14.0,28.0,396.0,24.0,5.0,False,1.0,14.0,14.0,False
20,10,_original_nint128_seed21,5,5,5,0;2;4;5;8,False,False,,0;2;4;5,8,14.0,28.0,302.0,25.0,5.0,False,1.0,14.0,14.0,False
20,10,_original_nint128_seed21,5,5,5,0;1;2;4;6,False,False,,0;1;4;6,2,9.0,17.0,487.0,31.0,5.0,False,1.0,9.0,9.0,False
20,10,_original_nint128_seed21,5,5,5,0;1;4;6;8,False,False,,0;1;4;6,8,10.0,21.0,374.0,26.0,5.0,False,1.0,10.0,10.0,False
20,10,_original_nint128_seed21,5,5,5,0;1;4;5;6,False,False,,0;1;4;6,5,10.0,21.0,378.0,28.0,5.0,False,1.0,10.0,10.0,False
20,10,_original_nint128_seed21,6,6,4,0;3;5;6;8;9,False,False,,0;3;5;6;9,8,8.0,15.0,318.0,34.0,5.0,False,1.0,8.0,8.0,False
20,10,_original_nint128_seed21,6,6,4,1;3;5;6;8;9,False,False,,1;3;5;6;8,9,10.0,21.0,441.0,34.0,5.0,False,1.0,10.0,10.0,False
20,10,_original_nint128_seed21,6,6,4,2;3;5;6;8;9,False,False,,2;3;5;6;9,8,9.0,17.0,456.0,33.0,5.0,False,1.0,9.0,9.0,False
20,10,_original_nint128_seed21,6,6,4,3;4;5;6;8;9,False,False,,3;4;5;6;9,8,8.0,15.0,325.0,32.0,5.0,False,1.0,8.0,8.0,False
20,10,_original_nint128_seed21,6,6,4,0;1;2;3;8;9,False,False,,0;1;2;3;9,8,7.0,13.0,438.0,39.0,5.0,False,1.0,7.0,7.0,False
20,10,_original_nint128_seed21,6,6,4,0;2;3;5;8;9,False,False,,0;2;3;5;9,8,8.0,16.0,342.0,36.0,5.0,False,1.0,8.0,8.0,False
20,10,_original_nint128_seed21,6,6,4,0;2;3;6;8;9,False,False,,0;2;3;6;9,8,8.0,16.0,423.0,39.0,5.0,False,1.0,8.0,8.0,False
20,10,_original_nint128_seed21,6,6,4,0;1;2;4;5;6,False,False,,0;1;2;4;6,5,8.0,15.0,345.0,35.0,5.0,False,1.0,8.0,8.0,False
20,10,_original_nint128_seed21,6,6,4,0;1;3;4;5;6,False,False,,0;1;3;4;6,5,6.0,10.0,294.0,39.0,5.0,False,1.0,6.0,6.0,False
20,10,_original_nint128_seed21,6,6,4,0;1;4;5;6;8,False,False,,0;1;4;5;6,8,9.0,19.0,232.0,30.0,5.0,False,1.0,9.0,9.0,False
20,10,_original_nint128_seed21,6,6,4,0;1;4;5;6;9,False,False,,0;1;4;6;9,5,8.0,16.0,339.0,34.0,5.0,False,1.0,8.0,8.0,False
20,10,_original_nint128_seed21,6,6,4,0;2;4;5;6;9,False,False,,0;2;4;6;9,5,8.0,13.0,354.0,33.0,5.0,False,1.0,8.0,8.0,False
20,10,_original_nint128_seed21,6,6,4,0;3;4;5;6;9,False,False,,0;3;4;5;6,9,6.0,10.0,300.0,38.0,5.0,False,1.0,6.0,6.0,False
20,10,_original_nint128_seed21,6,6,4,0;4;5;6;8;9,False,False,,0;4;5;6;9,8,9.0,17.0,241.0,28.0,5.0,False,1.0,9.0,9.0,False
20,10,_original_nint128_seed21,6,6,4,1;2;3;4;5;6,False,False,,1;2;3;4;6,5,7.0,12.0,432.0,38.0,5.0,False,1.0,7.0,7.0,False
20,10,_original_nint128_seed21,6,6,4,1;3;4;5;6;8,False,False,,1;3;4;5;6,8,8.0,15.0,319.0,33.0,5.0,False,1.0,8.0,8.0,False
20,10,_original_nint128_seed21,6,6,4,1;3;4;5;6;9,False,False,,1;3;4;5;6,9,8.0,15.0,423.0,38.0,5.0,False,1.0,8.0,8.0,False
20,10,_original_nint128_seed21,6,6,4,1;2;3;4;5;9,False,False,,1;2;3;4;9,5,7.0,12.0,450.0,38.0,5.0,False,1.0,7.0,7.0,False
20,10,_original_nint128_seed21,6,6,4,1;2;3;4;6;9,False,False,,1;2;3;4;6,9,8.0,13.0,532.0,41.0,5.0,False,1.0,8.0,8.0,False
20,10,_original_nint128_seed21,6,6,4,1;2;3;4;8;9,False,False,,1;2;3;4;9,8,8.0,13.0,446.0,36.0,5.0,False,1.0,8.0,8.0,False
20,10,_original_nint128_seed21,6,6,4,0;1;3;4;8;9,False,False,,0;1;3;4;9,8,6.0,10.0,308.0,37.0,5.0,False,1.0,6.0,6.0,False
20,10,_original_nint128_seed21,6,6,4,0;3;4;5;8;9,False,False,,0;3;4;5;9,8,7.0,13.0,212.0,34.0,5.0,False,1.0,7.0,7.0,False
20,10,_original_nint128_seed21,6,6,4,0;3;4;6;8;9,False,False,,0;3;4;6;9,8,7.0,13.0,293.0,37.0,5.0,False,1.0,7.0,7.0,False
20,10,_original_nint128_seed21,6,6,4,0;1;5;6;8;9,False,False,,0;1;5;6;9,8,11.0,23.0,357.0,30.0,5.0,False,1.0,11.0,11.0,False
20,10,_original_nint128_seed21,6,6,4,0;2;5;6;8;9,False,False,,0;2;5;6;9,8,10.0,18.0,372.0,29.0,5.0,False,1.0,10.0,10.0,False
20,10,_original_nint128_seed21,6,6,4,0;2;4;5;6;8,False,False,,0;2;4;5;6,8,10.0,18.0,246.0,30.0,5.0,False,1.0,10.0,10.0,False
20,10,_original_nint128_seed21,6,6,4,0;1;2;4;5;8,False,False,,0;1;2;4;5,8,10.0,20.0,257.0,31.0,5.0,False,1.0,10.0,10.0,False
20,10,_original_nint128_seed21,6,6,4,0;1;2;4;6;8,False,False,,0;1;2;4;6,8,8.0,15.0,341.0,33.0,5.0,False,1.0,8.0,8.0,False
20,10,_original_nint128_seed21,6,6,4,0;1;2;4;8;9,False,False,,0;1;2;4;9,8,8.0,14.0,362.0,32.0,5.0,False,1.0,8.0,8.0,False
20,10,_original_nint128_seed21,6,6,4,1;4;5;6;8;9,False,False,,1;4;5;6;9,8,10.0,23.0,363.0,29.0,5.0,False,1.0,10.0,10.0,False
20,10,_original_nint128_seed21,6,6,4,2;4;5;6;8;9,False,False,,2;4;5;6;9,8,10.0,17.0,379.0,27.0,5.0,False,1.0,10.0,10.0,False
20,10,_original_nint128_seed21,6,6,4,1;2;4;5;6;8,False,False,,1;2;4;5;6,8,10.0,19.0,370.0,29.0,5.0,False,1.0,10.0,10.0,False
20,10,_original_nint128_seed21,6,6,4,1;2;4;5;6;9,False,False,,1;2;4;6;9,5,9.0,16.0,477.0,33.0,5.0,False,1.0,9.0,9.0,False
20,10,_original_nint128_seed21,6,6,4,0;1;4;5;8;9,False,False,,0;1;4;5;9,8,9.0,18.0,253.0,29.0,5.0,False,1.0,9.0,9.0,False
20,10,_original_nint128_seed21,6,6,4,1;2;4;5;8;9,False,False,,1;2;4;5;9,8,10.0,18.0,391.0,28.0,5.0,False,1.0,10.0,10.0,False
20,10,_original_nint128_seed21,6,6,4,1;3;4;5;8;9,False,False,,1;3;4;5;9,8,8.0,15.0,337.0,33.0,5.0,False,1.0,8.0,8.0,False
20,10,_original_nint128_seed21,6,6,4,0;1;2;3;5;6,False,False,,0;1;2;3;6,5,7.0,13.0,424.0,41.0,5.0,False,1.0,7.0,7.0,False
20,10,_original_nint128_seed21,6,6,4,0;1;3;5;6;8,False,False,,0;1;3;5;6,8,8.0,15.0,312.0,35.0,5.0,False,1.0,8.0,8.0,False
20,10,_original_nint128_seed21,6,6,4,0;1;2;3;6;9,False,False,,0;1;2;3;6,9,7.0,13.0,524.0,44.0,5.0,False,1.0,7.0,7.0,False
20,10,_original_nint128_seed21,6,6,4,0;2;3;5;6;9,False,False,,0;2;3;5;6,9,7.0,13.0,430.0,40.0,5.0,False,1.0,7.0,7.0,False
20,10,_original_nint128_seed21,6,6,4,0;1;2;3;6;8,False,False,,0;1;2;3;6,8,7.0,13.0,420.0,39.0,5.0,False,1.0,7.0,7.0,False
20,10,_original_nint128_seed21,6,6,4,0;1;3;4;6;8,False,False,,0;1;3;4;6,8,6.0,10.0,290.0,37.0,5.0,False,1.0,6.0,6.0,False
20,10,_original_nint128_seed21,6,6,4,0;1;3;6;8;9,False,False,,0;1;3;6;8,9,8.0,15.0,412.0,38.0,5.0,False,1.0,8.0,8.0,False
20,10,_original_nint128_seed21,6,6,4,1;2;5;6;8;9,False,False,,1;2;5;6;9,8,11.0,22.0,495.0,29.0,5.0,False,1.0,11.0,11.0,False
20,10,_original_nint128_seed21,6,6,4,1;2;3;5;8;9,False,False,,1;2;3;5;9,8,9.0,17.0,468.0,34.0,5.0,False,1.0,9.0,9.0,False
20,10,_original_nint128_seed21,6,6,4,1;2;3;6;8;9,False,False,,1;2;3;6;8,9,10.0,18.0,550.0,37.0,5.0,False,1.0,10.0,10.0,False
20,10,_original_nint128_seed21,6,6,4,1;2;3;5;6;9,False,False,,1;2;3;5;6,9,9.0,17.0,554.0,39.0,5.0,False,1.0,9.0,9.0,False
20,10,_original_nint128_seed21,6,6,4,2;3;4;5;6;9,False,False,,2;3;4;5;6,9,7.0,12.0,438.0,37.0,5.0,False,1.0,7.0,7.0,False
20,10,_original_nint128_seed21,6,6,4,0;1;2;3;5;8,False,False,,0;1;2;3;5,8,8.0,16.0,336.0,37.0,5.0,False,1.0,8.0,8.0,False
20,10,_original_nint128_seed21,6,6,4,0;1;2;3;5;9,False,False,,0;1;2;3;9,5,7.0,13.0,442.0,41.0,5.0,False,1.0,7.0,7.0,False
20,10,_original_nint128_seed21,6,6,4,0;1;2;5;6;8,False,False,,0;1;2;5;6,8,10.0,20.0,363.0,31.0,5.0,False,1.0,10.0,10.0,False
20,10,_original_nint128_seed21,6,6,4,0;2;3;5;6;8,False,False,,0;2;3;5;6,8,8.0,15.0,325.0,36.0,5.0,False,1.0,8.0,8.0,False
20,10,_original_nint128_seed21,6,6,4,0;1;3;4;6;9,False,False,,0;1;3;4;6,9,6.0,10.0,394.0,42.0,5.0,False,1.0,6.0,6.0,False
20,10,_original_nint128_seed21,6,6,4,1;2;3;5;6;8,False,False,,1;2;3;5;6,8,9.0,17.0,450.0,34.0,5.0,False,1.0,9.0,9.0,False
20,10,_original_nint128_seed21,6,6,4,0;1;3;5;8;9,False,False,,0;1;3;5;9,8,8.0,15.0,330.0,35.0,5.0,False,1.0,8.0,8.0,False
20,10,_original_nint128_seed21,6,6,4,1;2;3;4;5;8,False,False,,1;2;3;4;5,8,8.0,15.0,344.0,34.0,5.0,False,1.0,8.0,8.0,False
20,10,_original_nint128_seed21,6,6,4,0;1;4;6;8;9,False,False,,0;1;4;6;9,8,8.0,16.0,335.0,32.0,5.0,False,1.0,8.0,8.0,False
20,10,_original_nint128_seed21,6,6,4,0;1;3;4;5;8,False,False,,0;1;3;4;5,8,7.0,13.0,206.0,35.0,5.0,False,1.0,7.0,7.0,False
20,10,_original_nint128_seed21,6,6,4,0;3;4;5;6;8,False,False,,0;3;4;5;6,8,7.0,12.0,195.0,34.0,5.0,False,1.0,7.0,7.0,False
20,10,_original_nint128_seed21,6,6,4,1;2;4;6;8;9,False,False,,1;2;4;6;9,8,10.0,17.0,473.0,31.0,5.0,False,1.0,10.0,10.0,False
20,10,_original_nint128_seed21,6,6,4,0;2;4;6;8;9,False,False,,0;2;4;6;9,8,9.0,16.0,347.0,32.0,5.0,False,1.0,9.0,9.0,False
20,10,_original_nint128_seed21,6,6,4,2;3;4;6;8;9,False,False,,2;3;4;6;9,8,9.0,16.0,431.0,36.0,5.0,False,1.0,9.0,9.0,False
20,10,_original_nint128_seed21,6,6,4,0;1;2;4;5;9,False,False,,0;1;2;4;9,5,8.0,14.0,366.0,34.0,5.0,False,1.0,8.0,8.0,False
20,10,_original_nint128_seed21,6,6,4,0;1;3;4;5;9,False,False,,0;1;3;4;9,5,6.0,10.0,312.0,39.0,5.0,False,1.0,6.0,6.0,False
20,10,_original_nint128_seed21,6,6,4,0;1;2;5;6;9,False,False,,0;1;2;6;9,5,9.0,17.0,470.0,35.0,5.0,False,1.0,9.0,9.0,False
20,10,_original_nint128_seed21,6,6,4,1;3;4;6;8;9,False,False,,1;3;4;6;8,9,9.0,16.0,419.0,36.0,5.0,False,1.0,9.0,9.0,False
20,10,_original_nint128_seed21,6,6,4,1;2;3;4;6;8,False,False,,1;2;3;4;6,8,8.0,13.0,428.0,36.0,5.0,False,1.0,8.0,8.0,False
20,10,_original_nint128_seed21,6,6,4,2;3;4;5;6;8,False,False,,2;3;4;5;6,8,8.0,14.0,333.0,33.0,5.0,False,1.0,8.0,8.0,False
20,10,_original_nint128_seed21,6,6,4,2;3;4;5;8;9,False,False,,2;3;4;5;9,8,8.0,15.0,350.0,33.0,5.0,False,1.0,8.0,8.0,False
20,10,_original_nint128_seed21,6,6,4,0;1;2;5;8;9,False,False,,0;1;2;5;9,8,10.0,19.0,384.0,30.0,5.0,False,1.0,10.0,10.0,False
20,10,_original_nint128_seed21,6,6,4,0;1;2;6;8;9,False,False,,0;1;2;6;9,8,9.0,17.0,466.0,33.0,5.0,False,1.0,9.0,9.0,False
20,10,_original_nint128_seed21,6,6,4,0;2;4;5;8;9,False,False,,0;2;4;5;9,8,10.0,18.0,266.0,29.0,5.0,False,1.0,10.0,10.0,False
20,10,_original_nint128_seed21,6,6,4,0;1;2;4;6;9,False,False,,0;1;2;4;9,6,7.0,12.0,448.0,37.0,5.0,False,1.0,7.0,7.0,False
20,10,_original_nint128_seed21,7,7,3,0;1;2;4;5;6;8,True,False,,0;1;2;4;5;6,8,7.0,13.0,199.0,37.0,5.0,False,1.0,7.0,7.0,False
20,10,_original_nint128_seed21,7,7,3,0;1;2;4;5;8;9,True,False,,0;1;2;4;5;9,8,7.0,12.0,220.0,36.0,5.0,False,1.0,7.0,7.0,False
20,10,_original_nint128_seed21,7,7,3,0;2;4;5;6;8;9,True,False,,0;2;4;5;6;9,8,7.0,11.0,208.0,35.0,5.0,False,1.0,7.0,7.0,False
20,10,_original_nint128_seed21,7,7,3,0;1;2;3;5;8;9,True,False,,0;1;2;3;5;9,8,6.0,11.0,296.0,43.0,5.0,False,1.0,6.0,6.0,False
20,10,_original_nint128_seed21,7,7,3,0;2;3;5;6;8;9,True,False,,0;2;3;5;6;9,8,6.0,11.0,284.0,42.0,5.0,False,1.0,6.0,6.0,False
20,10,_original_nint128_seed21,7,7,3,0;1;4;5;6;8;9,True,False,,0;1;4;5;6;9,8,6.0,14.0,193.0,36.0,5.0,False,1.0,6.0,6.0,False
20,10,_original_nint128_seed21,7,7,3,0;3;4;5;6;8;9,True,False,,0;3;4;5;6;9,8,5.0,8.0,154.0,40.0,5.0,False,1.0,5.0,5.0,True
20,10,_original_nint128_seed21,7,7,3,0;1;2;3;6;8;9,True,False,,0;1;2;3;6;8,9,6.0,11.0,378.0,46.0,5.0,False,1.0,6.0,6.0,False
20,10,_original_nint128_seed21,7,7,3,0;1;2;4;5;6;9,True,False,,0;1;2;4;6;9,5,6.0,10.0,306.0,41.0,5.0,False,1.0,6.0,6.0,False
20,10,_original_nint128_seed21,7,7,3,0;1;3;4;5;8;9,True,False,,0;1;3;4;5;9,8,5.0,8.0,166.0,41.0,5.0,False,1.0,5.0,5.0,True
20,10,_original_nint128_seed21,7,7,3,1;3;4;5;6;8;9,True,False,,1;3;4;5;6;8,9,6.0,13.0,277.0,40.0,5.0,False,1.0,6.0,6.0,False
20,10,_original_nint128_seed21,7,7,3,0;1;3;4;6;8;9,True,False,,0;1;3;4;6;8,9,5.0,8.0,248.0,44.0,5.0,False,1.0,5.0,5.0,True
20,10,_original_nint128_seed21,7,7,3,1;2;3;4;5;8;9,True,False,,1;2;3;4;5;9,8,6.0,10.0,304.0,40.0,5.0,False,1.0,6.0,6.0,False
20,10,_original_nint128_seed21,7,7,3,0;1;2;5;6;8;9,True,False,,0;1;2;5;6;9,8,7.0,15.0,324.0,37.0,5.0,False,1.0,7.0,7.0,False
20,10,_original_nint128_seed21,7,7,3,1;2;3;5;6;8;9,True,False,,1;2;3;5;6;8,9,7.0,15.0,408.0,41.0,5.0,False,1.0,7.0,7.0,False
20,10,_original_nint128_seed21,7,7,3,1;2;3;4;5;6;8,True,False,,1;2;3;4;5;6,8,6.0,10.0,286.0,40.0,5.0,False,1.0,6.0,6.0,False
20,10,_original_nint128_seed21,7,7,3,2;3;4;5;6;8;9,True,False,,2;3;4;5;6;9,8,6.0,10.0,292.0,39.0,5.0,False,1.0,6.0,6.0,False
20,10,_original_nint128_seed21,7,7,3,1;2;3;4;5;6;9,True,False,,1;2;3;4;5;6,9,6.0,10.0,390.0,45.0,5.0,False,1.0,6.0,6.0,False
20,10,_original_nint128_seed21,7,7,3,0;1;3;4;5;6;8,True,False,,0;1;3;4;5;6,8,5.0,8.0,148.0,41.0,5.0,False,1.0,5.0,5.0,True
20,10,_original_nint128_seed21,7,7,3,0;1;2;4;6;8;9,True,False,,0;1;2;4;6;9,8,6.0,10.0,302.0,39.0,5.0,False,1.0,6.0,6.0,False
20,10,_original_nint128_seed21,7,7,3,1;2;3;4;6;8;9,True,False,,1;2;3;4;6;8,9,7.0,11.0,386.0,43.0,5.0,False,1.0,7.0,7.0,False
20,10,_original_nint128_seed21,7,7,3,0;1;2;3;5;6;8,True,False,,0;1;2;3;5;6,8,6.0,11.0,278.0,43.0,5.0,False,1.0,6.0,6.0,False
20,10,_original_nint128_seed21,1,1,9,7,False,True,collision,,7,,,,,,True,,,,
20,10,_original_nint128_seed21,2,2,8,2;7,False,True,monotone,2,7,,,,,,True,,,,
20,10,_original_nint128_seed21,2,2,8,7;9,False,True,monotone,9,7,,,,,,True,,,,
20,10,_original_nint128_seed21,2,2,8,7;8,False,True,monotone,8,7,,,,,,True,,,,
20,10,_original_nint128_seed21,2,2,8,3;7,False,True,monotone,3,7,,,,,,True,,,,
20,10,_original_nint128_seed21,2,2,8,1;7,False,True,monotone,1,7,,,,,,True,,,,
20,10,_original_nint128_seed21,2,2,8,6;7,False,True,monotone,6,7,,,,,,True,,,,
20,10,_original_nint128_seed21,2,2,8,5;7,False,True,monotone,5,7,,,,,,True,,,,
20,10,_original_nint128_seed21,2,2,8,4;7,False,True,monotone,4,7,,,,,,True,,,,
20,10,_original_nint128_seed21,2,2,8,0;7,False,True,monotone,0,7,,,,,,True,,,,
20,10,_original_nint128_seed21,3,3,7,2;7;8,False,True,monotone,2;8,7,,,,,,True,,,,
20,10,_original_nint128_seed21,3,3,7,1;4;7,False,True,monotone,1;4,7,,,,,,True,,,,
20,10,_original_nint128_seed21,3,3,7,4;6;7,False,True,monotone,4;6,7,,,,,,True,,,,
20,10,_original_nint128_seed21,3,3,7,2;3;7,False,True,monotone,2;3,7,,,,,,True,,,,
20,10,_original_nint128_seed21,3,3,7,3;7;9,False,True,monotone,3;9,7,,,,,,True,,,,
20,10,_original_nint128_seed21,3,3,7,2;6;7,False,True,monotone,2;6,7,,,,,,True,,,,
20,10,_original_nint128_seed21,3,3,7,4;5;7,False,True,monotone,4;5,7,,,,,,True,,,,
20,10,_original_nint128_seed21,3,3,7,0;5;7,False,True,monotone,0;5,7,,,,,,True,,,,
20,10,_original_nint128_seed21,3,3,7,4;7;9,False,True,monotone,4;9,7,,,,,,True,,,,
20,10,_original_nint128_seed21,3,3,7,2;7;9,False,True,monotone,2;9,7,,,,,,True,,,,
20,10,_original_nint128_seed21,3,3,7,5;7;9,False,True,monotone,5;9,7,,,,,,True,,,,
20,10,_original_nint128_seed21,3,3,7,3;4;7,False,True,monotone,3;4,7,,,,,,True,,,,
20,10,_original_nint128_seed21,3,3,7,6;7;9,False,True,monotone,6;9,7,,,,,,True,,,,
20,10,_original_nint128_seed21,3,3,7,0;6;7,False,True,monotone,0;6,7,,,,,,True,,,,
20,10,_original_nint128_seed21,3,3,7,0;3;7,False,True,monotone,0;3,7,,,,,,True,,,,
20,10,_original_nint128_seed21,3,3,7,0;2;7,False,True,monotone,0;2,7,,,,,,True,,,,
20,10,_original_nint128_seed21,3,3,7,0;4;7,False,True,monotone,0;4,7,,,,,,True,,,,
20,10,_original_nint128_seed21,3,3,7,2;4;7,False,True,monotone,2;4,7,,,,,,True,,,,
20,10,_original_nint128_seed21,3,3,7,1;7;8,False,True,monotone,1;8,7,,,,,,True,,,,
20,10,_original_nint128_seed21,3,3,7,5;6;7,False,True,monotone,5;6,7,,,,,,True,,,,
20,10,_original_nint128_seed21,3,3,7,3;5;7,False,True,monotone,3;5,7,,,,,,True,,,,
20,10,_original_nint128_seed21,3,3,7,5;7;8,False,True,monotone,5;8,7,,,,,,True,,,,
20,10,_original_nint128_seed21,3,3,7,1;6;7,False,True,monotone,1;6,7,,,,,,True,,,,
20,10,_original_nint128_seed21,3,3,7,1;3;7,False,True,monotone,1;3,7,,,,,,True,,,,
20,10,_original_nint128_seed21,3,3,7,0;1;7,False,True,monotone,0;1,7,,,,,,True,,,,
20,10,_original_nint128_seed21,3,3,7,3;6;7,False,True,monotone,3;6,7,,,,,,True,,,,
20,10,_original_nint128_seed21,3,3,7,3;7;8,False,True,monotone,3;8,7,,,,,,True,,,,
20,10,_original_nint128_seed21,3,3,7,6;7;8,False,True,monotone,6;8,7,,,,,,True,,,,
20,10,_original_nint128_seed21,3,3,7,1;5;7,False,True,monotone,1;5,7,,,,,,True,,,,
20,10,_original_nint128_seed21,3,3,7,0;7;8,False,True,monotone,0;8,7,,,,,,True,,,,
20,10,_original_nint128_seed21,3,3,7,0;7;9,False,True,monotone,0;9,7,,,,,,True,,,,
20,10,_original_nint128_seed21,3,3,7,1;7;9,False,True,monotone,1;9,7,,,,,,True,,,,
20,10,_original_nint128_seed21,3,3,7,1;2;7,False,True,monotone,1;2,7,,,,,,True,,,,
20,10,_original_nint128_seed21,3,3,7,7;8;9,False,True,monotone,8;9,7,,,,,,True,,,,
20,10,_original_nint128_seed21,3,3,7,2;5;7,False,True,monotone,2;5,7,,,,,,True,,,,
20,10,_original_nint128_seed21,3,3,7,4;7;8,False,True,monotone,4;8,7,,,,,,True,,,,
20,10,_original_nint128_seed21,4,4,6,1;2;7;9,False,True,monotone,1;2;9,7,,,,,,True,,,,
20,10,_original_nint128_seed21,4,4,6,2;6;7;9,False,True,monotone,2;6;9,7,,,,,,True,,,,
20,10,_original_nint128_seed21,4,4,6,0;2;3;4,False,True,collision,0;2;4,3,,,,,,True,,,,
20,10,_original_nint128_seed21,4,4,6,0;2;4;7,False,True,monotone,0;2;4,7,,,,,,True,,,,
20,10,_original_nint128_seed21,4,4,6,3;5;7;9,False,True,monotone,3;5;9,7,,,,,,True,,,,
20,10,_original_nint128_seed21,4,4,6,2;4;7;8,False,True,monotone,2;4;8,7,,,,,,True,,,,
20,10,_original_nint128_seed21,4,4,6,0;4;6;7,False,True,monotone,0;4;6,7,,,,,,True,,,,
20,10,_original_nint128_seed21,4,4,6,3;4;5;7,False,True,monotone,3;4;5,7,,,,,,True,,,,
20,10,_original_nint128_seed21,4,4,6,3;4;7;8,False,True,monotone,3;4;8,7,,,,,,True,,,,
20,10,_original_nint128_seed21,4,4,6,2;5;7;9,False,True,monotone,2;5;9,7,,,,,,True,,,,
20,10,_original_nint128_seed21,4,4,6,0;6;7;9,False,True,monotone,0;6;9,7,,,,,,True,,,,
20,10,_original_nint128_seed21,4,4,6,0;1;7;9,False,True,monotone,0;1;9,7,,,,,,True,,,,
20,10,_original_nint128_seed21,4,4,6,4;7;8;9,False,True,monotone,4;8;9,7,,,,,,True,,,,
20,10,_original_nint128_seed21,4,4,6,1;3;7;9,False,True,monotone,1;3;9,7,,,,,,True,,,,
20,10,_original_nint128_seed21,4,4,6,2;3;7;8,False,True,monotone,2;3;8,7,,,,,,True,,,,
20,10,_original_nint128_seed21,4,4,6,0;1;3;7,False,True,monotone,0;1;3,7,,,,,,True,,,,
20,10,_original_nint128_seed21,4,4,6,0;4;7;8,False,True,monotone,0;4;8,7,,,,,,True,,,,
20,10,_original_nint128_seed21,4,4,6,3;5;7;8,False,True,monotone,3;5;8,7,,,,,,True,,,,
20,10,_original_nint128_seed21,4,4,6,1;3;6;7,False,True,monotone,1;3;6,7,,,,,,True,,,,
20,10,_original_nint128_seed21,4,4,6,1;6;7;8,False,True,monotone,1;6;8,7,,,,,,True,,,,
20,10,_original_nint128_seed21,4,4,6,2;3;4;7,False,True,monotone,2;3;4,7,,,,,,True,,,,
20,10,_original_nint128_seed21,4,4,6,4;6;7;9,False,True,monotone,4;6;9,7,,,,,,True,,,,
20,10,_original_nint128_seed21,4,4,6,0;3;5;7,False,True,monotone,0;3;5,7,,,,,,True,,,,
20,10,_original_nint128_seed21,4,4,6,1;4;6;7,False,True,monotone,1;4;6,7,,,,,,True,,,,
20,10,_original_nint128_seed21,4,4,6,4;5;7;8,False,True,monotone,4;5;8,7,,,,,,True,,,,
20,10,_original_nint128_seed21,4,4,6,2;3;7;9,False,True,monotone,2;3;9,7,,,,,,True,,,,
20,10,_original_nint128_seed21,4,4,6,0;2;3;7,False,True,monotone,0;2;3,7,,,,,,True,,,,
20,10,_original_nint128_seed21,4,4,6,2;3;5;7,False,True,monotone,2;3;5,7,,,,,,True,,,,
20,10,_original_nint128_seed21,4,4,6,5;6;7;9,False,True,monotone,5;6;9,7,,,,,,True,,,,
20,10,_original_nint128_seed21,4,4,6,1;7;8;9,False,True,monotone,1;8;9,7,,,,,,True,,,,
20,10,_original_nint128_seed21,4,4,6,1;5;7;9,False,True,monotone,1;5;9,7,,,,,,True,,,,
20,10,_original_nint128_seed21,4,4,6,6;7;8;9,False,True,monotone,6;8;9,7,,,,,,True,,,,
20,10,_original_nint128_seed21,4,4,6,2;5;7;8,False,True,monotone,2;5;8,7,,,,,,True,,,,
20,10,_original_nint128_seed21,4,4,6,1;2;6;7,False,True,monotone,1;2;6,7,,,,,,True,,,,
20,10,_original_nint128_seed21,4,4,6,0;3;4;7,False,True,monotone,0;3;4,7,,,,,,True,,,,
20,10,_original_nint128_seed21,4,4,6,1;4;5;7,False,True,monotone,1;4;5,7,,,,,,True,,,,
20,10,_original_nint128_seed21,4,4,6,4;6;7;8,False,True,monotone,4;6;8,7,,,,,,True,,,,
20,10,_original_nint128_seed21,4,4,6,1;4;7;9,False,True,monotone,1;4;9,7,,,,,,True,,,,
20,10,_original_nint128_seed21,4,4,6,2;4;5;7,False,True,monotone,2;4;5,7,,,,,,True,,,,
20,10,_original_nint128_seed21,4,4,6,5;7;8;9,False,True,monotone,5;8;9,7,,,,,,True,,,,
20,10,_original_nint128_seed21,4,4,6,1;6;7;9,False,True,monotone,1;6;9,7,,,,,,True,,,,
20,10,_original_nint128_seed21,4,4,6,0;3;7;8,False,True,monotone,0;3;8,7,,,,,,True,,,,
20,10,_original_nint128_seed21,4,4,6,1;3;5;7,False,True,monotone,1;3;5,7,,,,,,True,,,,
20,10,_original_nint128_seed21,4,4,6,3;6;7;8,False,True,monotone,3;6;8,7,,,,,,True,,,,
20,10,_original_nint128_seed21,4,4,6,1;5;7;8,False,True,monotone,1;5;8,7,,,,,,True,,,,
20,10,_original_nint128_seed21,4,4,6,0;2;5;7,False,True,monotone,0;2;5,7,,,,,,True,,,,
20,10,_original_nint128_seed21,4,4,6,3;6;7;9,False,True,monotone,3;6;9,7,,,,,,True,,,,
20,10,_original_nint128_seed21,4,4,6,4;5;7;9,False,True,monotone,4;5;9,7,,,,,,True,,,,
20,10,_original_nint128_seed21,4,4,6,2;4;6;7,False,True,monotone,2;4;6,7,,,,,,True,,,,
20,10,_original_nint128_seed21,4,4,6,0;4;5;7,False,True,monotone,0;4;5,7,,,,,,True,,,,
20,10,_original_nint128_seed21,4,4,6,0;3;6;7,False,True,monotone,0;3;6,7,,,,,,True,,,,
20,10,_original_nint128_seed21,4,4,6,3;4;6;7,False,True,monotone,3;4;6,7,,,,,,True,,,,
20,10,_original_nint128_seed21,4,4,6,1;3;4;7,False,True,monotone,1;3;4,7,,,,,,True,,,,
20,10,_original_nint128_seed21,4,4,6,0;5;7;9,False,True,monotone,0;5;9,7,,,,,,True,,,,
20,10,_original_nint128_seed21,4,4,6,0;1;2;7,False,True,monotone,0;1;2,7,,,,,,True,,,,
20,10,_original_nint128_seed21,4,4,6,0;7;8;9,False,True,monotone,0;8;9,7,,,,,,True,,,,
20,10,_original_nint128_seed21,4,4,6,2;3;6;7,False,True,monotone,2;3;6,7,,,,,,True,,,,
20,10,_original_nint128_seed21,4,4,6,2;6;7;8,False,True,monotone,2;6;8,7,,,,,,True,,,,
20,10,_original_nint128_seed21,4,4,6,1;2;5;7,False,True,monotone,1;2;5,7,,,,,,True,,,,
20,10,_original_nint128_seed21,4,4,6,3;7;8;9,False,True,monotone,3;8;9,7,,,,,,True,,,,
20,10,_original_nint128_seed21,4,4,6,0;5;7;8,False,True,monotone,0;5;8,7,,,,,,True,,,,
20,10,_original_nint128_seed21,4,4,6,0;1;6;7,False,True,monotone,0;1;6,7,,,,,,True,,,,
20,10,_original_nint128_seed21,4,4,6,0;1;4;7,False,True,monotone,0;1;4,7,,,,,,True,,,,
20,10,_original_nint128_seed21,4,4,6,5;6;7;8,False,True,monotone,5;6;8,7,,,,,,True,,,,
20,10,_original_nint128_seed21,4,4,6,1;3;7;8,False,True,monotone,1;3;8,7,,,,,,True,,,,
20,10,_original_nint128_seed21,4,4,6,3;5;6;7,False,True,monotone,3;5;6,7,,,,,,True,,,,
20,10,_original_nint128_seed21,4,4,6,0;4;7;9,False,True,monotone,0;4;9,7,,,,,,True,,,,
20,10,_original_nint128_seed21,4,4,6,3;4;7;9,False,True,monotone,3;4;9,7,,,,,,True,,,,
20,10,_original_nint128_seed21,4,4,6,0;5;6;7,False,True,monotone,0;5;6,7,,,,,,True,,,,
20,10,_original_nint128_seed21,4,4,6,0;1;7;8,False,True,monotone,0;1;8,7,,,,,,True,,,,
20,10,_original_nint128_seed21,4,4,6,4;5;6;7,False,True,monotone,4;5;6,7,,,,,,True,,,,
20,10,_original_nint128_seed21,4,4,6,1;4;7;8,False,True,monotone,1;4;8,7,,,,,,True,,,,
20,10,_original_nint128_seed21,4,4,6,2;4;7;9,False,True,monotone,2;4;9,7,,,,,,True,,,,
20,10,_original_nint128_seed21,4,4,6,0;3;7;9,False,True,monotone,0;3;9,7,,,,,,True,,,,
20,10,_original_nint128_seed21,4,4,6,0;2;6;7,False,True,monotone,0;2;6,7,,,,,,True,,,,
20,10,_original_nint128_seed21,4,4,6,1;2;7;8,False,True,monotone,1;2;8,7,,,,,,True,,,,
20,10,_original_nint128_seed21,4,4,6,2;5;6;7,False,True,monotone,2;5;6,7,,,,,,True,,,,
20,10,_original_nint128_seed21,4,4,6,1;2;3;7,False,True,monotone,1;2;3,7,,,,,,True,,,,
20,10,_original_nint128_seed21,4,4,6,2;7;8;9,False,True,monotone,2;8;9,7,,,,,,True,,,,
20,10,_original_nint128_seed21,4,4,6,0;2;7;8,False,True,monotone,0;2;8,7,,,,,,True,,,,
20,10,_original_nint128_seed21,4,4,6,1;2;4;7,False,True,monotone,1;2;4,7,,,,,,True,,,,
20,10,_original_nint128_seed21,4,4,6,0;1;5;7,False,True,monotone,0;1;5,7,,,,,,True,,,,
20,10,_original_nint128_seed21,4,4,6,0;6;7;8,False,True,monotone,0;6;8,7,,,,,,True,,,,
20,10,_original_nint128_seed21,4,4,6,0;2;7;9,False,True,monotone,0;2;9,7,,,,,,True,,,,
20,10,_original_nint128_seed21,4,4,6,1;5;6;7,False,True,monotone,1;5;6,7,,,,,,True,,,,
20,10,_original_nint128_seed21,5,5,5,2;5;6;7;8,False,True,monotone,2;5;6;8,7,,,,,,True,,,,
20,10,_original_nint128_seed21,5,5,5,1;2;3;7;8,False,True,monotone,1;2;3;8,7,,,,,,True,,,,
20,10,_original_nint128_seed21,5,5,5,2;3;5;6;7,False,True,monotone,2;3;5;6,7,,,,,,True,,,,
20,10,_original_nint128_seed21,5,5,5,0;2;3;4;9,False,True,monotone,0;2;4;9,3,,,,,,True,,,,
20,10,_original_nint128_seed21,5,5,5,0;2;4;7;9,False,True,monotone,0;2;4;9,7,,,,,,True,,,,
20,10,_original_nint128_seed21,5,5,5,0;2;3;4;6,False,True,monotone,0;3;4;6,2,,,,,,True,,,,
20,10,_original_nint128_seed21,5,5,5,0;3;4;6;7,False,True,monotone,0;3;4;6,7,,,,,,True,,,,
20,10,_original_nint128_seed21,5,5,5,2;5;6;7;9,False,True,monotone,2;5;6;9,7,,,,,,True,,,,
20,10,_original_nint128_seed21,5,5,5,1;2;7;8;9,False,True,monotone,1;2;8;9,7,,,,,,True,,,,
20,10,_original_nint128_seed21,5,5,5,2;3;4;7;9,False,True,monotone,2;3;4;9,7,,,,,,True,,,,
20,10,_original_nint128_seed21,5,5,5,3;4;5;6;7,False,True,monotone,3;4;5;6,7,,,,,,True,,,,
20,10,_original_nint128_seed21,5,5,5,1;3;4;7;8,False,True,monotone,1;3;4;8,7,,,,,,True,,,,
20,10,_original_nint128_seed21,5,5,5,0;2;5;6;7,False,True,monotone,0;2;5;6,7,,,,,,True,,,,
20,10,_original_nint128_seed21,5,5,5,0;1;2;7;8,False,True,monotone,0;1;2;8,7,,,,,,True,,,,
20,10,_original_nint128_seed21,5,5,5,0;1;4;7;9,False,True,monotone,0;1;4;9,7,,,,,,True,,,,
20,10,_original_nint128_seed21,5,5,5,1;2;4;7;8,False,True,monotone,1;2;4;8,7,,,,,,True,,,,
20,10,_original_nint128_seed21,5,5,5,2;4;5;6;7,False,True,monotone,2;4;5;6,7,,,,,,True,,,,
20,10,_original_nint128_seed21,5,5,5,2;4;6;7;8,False,True,monotone,2;4;6;8,7,,,,,,True,,,,
20,10,_original_nint128_seed21,5,5,5,0;2;3;7;9,False,True,monotone,0;2;3;9,7,,,,,,True,,,,
20,10,_original_nint128_seed21,5,5,5,1;2;4;5;7,False,True,monotone,1;2;4;5,7,,,,,,True,,,,
20,10,_original_nint128_seed21,5,5,5,0;1;3;5;7,False,True,monotone,0;1;3;5,7,,,,,,True,,,,
20,10,_original_nint128_seed21,5,5,5,0;3;6;7;8,False,True,monotone,0;3;6;8,7,,,,,,True,,,,
20,10,_original_nint128_seed21,5,5,5,1;2;4;7;9,False,True,monotone,1;2;4;9,7,,,,,,True,,,,
20,10,_original_nint128_seed21,5,5,5,3;5;6;7;8,False,True,monotone,3;5;6;8,7,,,,,,True,,,,
20,10,_original_nint128_seed21,5,5,5,1;2;6;7;9,False,True,monotone,1;2;6;9,7,,,,,,True,,,,
20,10,_original_nint128_seed21,5,5,5,2;5;7;8;9,False,True,monotone,2;5;8;9,7,,,,,,True,,,,
20,10,_original_nint128_seed21,5,5,5,0;2;3;4;8,False,True,monotone,0;2;3;8,4,,,,,,True,,,,
20,10,_original_nint128_seed21,5,5,5,0;2;3;7;8,False,True,monotone,0;2;3;8,7,,,,,,True,,,,
20,10,_original_nint128_seed21,5,5,5,0;5;6;7;9,False,True,monotone,0;5;6;9,7,,,,,,True,,,,
20,10,_original_nint128_seed21,5,5,5,0;1;7;8;9,False,True,monotone,0;1;8;9,7,,,,,,True,,,,
20,10,_original_nint128_seed21,5,5,5,1;5;6;7;9,False,True,monotone,1;5;6;9,7,,,,,,True,,,,
20,10,_original_nint128_seed21,5,5,5,2;3;6;7;8,False,True,monotone,2;3;6;8,7,,,,,,True,,,,
20,10,_original_nint128_seed21,5,5,5,1;2;3;5;7,False,True,monotone,1;2;3;5,7,,,,,,True,,,,
20,10,_original_nint128_seed21,5,5,5,1;2;5;7;8,False,True,monotone,1;2;5;8,7,,,,,,True,,,,
20,10,_original_nint128_seed21,5,5,5,4;6;7;8;9,False,True,monotone,4;6;8;9,7,,,,,,True,,,,
20,10,_original_nint128_seed21,5,5,5,1;4;5;7;9,False,True,monotone,1;4;5;9,7,,,,,,True,,,,
20,10,_original_nint128_seed21,5,5,5,4;5;6;7;8,False,True,monotone,4;5;6;8,7,,,,,,True,,,,
20,10,_original_nint128_seed21,5,5,5,2;4;5;7;9,False,True,monotone,2;4;5;9,7,,,,,,True,,,,
20,10,_original_nint128_seed21,5,5,5,1;4;5;7;8,False,True,monotone,1;4;5;8,7,,,,,,True,,,,
20,10,_original_nint128_seed21,5,5,5,0;2;3;6;7,False,True,monotone,0;2;3;6,7,,,,,,True,,,,
20,10,_original_nint128_seed21,5,5,5,2;3;4;6;7,False,True,monotone,2;3;4;6,7,,,,,,True,,,,
20,10,_original_nint128_seed21,5,5,5,3;4;5;7;9,False,True,monotone,3;4;5;9,7,,,,,,True,,,,
20,10,_original_nint128_seed21,5,5,5,1;5;7;8;9,False,True,monotone,1;5;8;9,7,,,,,,True,,,,
20,10,_original_nint128_seed21,5,5,5,0;2;5;7;9,False,True,monotone,0;2;5;9,7,,,,,,True,,,,
20,10,_original_nint128_seed21,5,5,5,0;1;3;7;8,False,True,monotone,0;1;3;8,7,,,,,,True,,,,
20,10,_original_nint128_seed21,5,5,5,0;3;5;6;7,False,True,monotone,0;3;5;6,7,,,,,,True,,,,
20,10,_original_nint128_seed21,5,5,5,1;3;5;7;8,False,True,monotone,1;3;5;8,7,,,,,,True,,,,
20,10,_original_nint128_seed21,5,5,5,0;3;4;7;9,False,True,monotone,0;3;4;9,7,,,,,,True,,,,
20,10,_original_nint128_seed21,5,5,5,0;4;7;8;9,False,True,monotone,0;4;8;9,7,,,,,,True,,,,
20,10,_original_nint128_seed21,5,5,5,3;5;7;8;9,False,True,monotone,3;5;8;9,7,,,,,,True,,,,
20,10,_original_nint128_seed21,5,5,5,1;3;6;7;9,False,True,monotone,1;3;6;9,7,,,,,,True,,,,
20,10,_original_nint128_seed21,5,5,5,0;2;3;4;5,False,True,monotone,2;3;4;5,0,,,,,,True,,,,
20,10,_original_nint128_seed21,5,5,5,2;3;4;5;7,False,True,monotone,2;3;4;5,7,,,,,,True,,,,
20,10,_original_nint128_seed21,5,5,5,1;3;4;7;9,False,True,monotone,1;3;4;9,7,,,,,,True,,,,
20,10,_original_nint128_seed21,5,5,5,0;1;2;3;4,False,True,monotone,0;1;3;4,2,,,,,,True,,,,
20,10,_original_nint128_seed21,5,5,5,0;1;3;4;7,False,True,monotone,0;1;3;4,7,,,,,,True,,,,
20,10,_original_nint128_seed21,5,5,5,0;2;6;7;9,False,True,monotone,0;2;6;9,7,,,,,,True,,,,
20,10,_original_nint128_seed21,5,5,5,0;1;3;6;7,False,True,monotone,0;1;3;6,7,,,,,,True,,,,
20,10,_original_nint128_seed21,5,5,5,0;3;5;7;8,False,True,monotone,0;3;5;8,7,,,,,,True,,,,
20,10,_original_nint128_seed21,5,5,5,1;3;4;5;7,False,True,monotone,1;3;4;5,7,,,,,,True,,,,
20,10,_original_nint128_seed21,5,5,5,3;4;6;7;8,False,True,monotone,3;4;6;8,7,,,,,,True,,,,
20,10,_original_nint128_seed21,5,5,5,2;4;7;8;9,False,True,monotone,2;4;8;9,7,,,,,,True,,,,
20,10,_original_nint128_seed21,5,5,5,0;3;7;8;9,False,True,monotone,0;3;8;9,7,,,,,,True,,,,
20,10,_original_nint128_seed21,5,5,5,0;1;2;3;7,False,True,monotone,0;1;2;3,7,,,,,,True,,,,
20,10,_original_nint128_seed21,5,5,5,0;3;5;7;9,False,True,monotone,0;3;5;9,7,,,,,,True,,,,
20,10,_original_nint128_seed21,5,5,5,1;2;3;6;7,False,True,monotone,1;2;3;6,7,,,,,,True,,,,
20,10,_original_nint128_seed21,5,5,5,2;3;5;7;8,False,True,monotone,2;3;5;8,7,,,,,,True,,,,
20,10,_original_nint128_seed21,5,5,5,1;3;5;7;9,False,True,monotone,1;3;5;9,7,,,,,,True,,,,
20,10,_original_nint128_seed21,5,5,5,3;6;7;8;9,False,True,monotone,3;6;8;9,7,,,,,,True,,,,
20,10,_original_nint128_seed21,5,5,5,3;5;6;7;9,False,True,monotone,3;5;6;9,7,,,,,,True,,,,
20,10,_original_nint128_seed21,5,5,5,1;3;7;8;9,False,True,monotone,1;3;8;9,7,,,,,,True,,,,
20,10,_original_nint128_seed21,5,5,5,1;2;6;7;8,False,True,monotone,1;2;6;8,7,,,,,,True,,,,
20,10,_original_nint128_seed21,5,5,5,0;1;5;7;8,False,True,monotone,0;1;5;8,7,,,,,,True,,,,
20,10,_original_nint128_seed21,5,5,5,0;3;4;5;7,False,True,monotone,0;3;4;5,7,,,,,,True,,,,
20,10,_original_nint128_seed21,5,5,5,3;4;5;7;8,False,True,monotone,3;4;5;8,7,,,,,,True,,,,
20,10,_original_nint128_seed21,5,5,5,1;3;4;6;7,False,True,monotone,1;3;4;6,7,,,,,,True,,,,
20,10,_original_nint128_seed21,5,5,5,2;4;6;7;9,False,True,monotone,2;4;6;9,7,,,,,,True,,,,
20,10,_original_nint128_seed21,5,5,5,0;4;5;7;9,False,True,monotone,0;4;5;9,7,,,,,,True,,,,
20,10,_original_nint128_seed21,5,5,5,0;2;3;5;7,False,True,monotone,0;2;3;5,7,,,,,,True,,,,
20,10,_original_nint128_seed21,5,5,5,3;4;6;7;9,False,True,monotone,3;4;6;9,7,,,,,,True,,,,
20,10,_original_nint128_seed21,5,5,5,2;4;5;7;8,False,True,monotone,2;4;5;8,7,,,,,,True,,,,
20,10,_original_nint128_seed21,5,5,5,1;2;4;6;7,False,True,monotone,1;2;4;6,7,,,,,,True,,,,
20,10,_original_nint128_seed21,5,5,5,0;4;6;7;8,False,True,monotone,0;4;6;8,7,,,,,,True,,,,
20,10,_original_nint128_seed21,5,5,5,0;1;4;5;7,False,True,monotone,0;1;4;5,7,,,,,,True,,,,
20,10,_original_nint128_seed21,5,5,5,0;1;5;6;7,False,True,monotone,0;1;5;6,7,,,,,,True,,,,
20,10,_original_nint128_seed21,5,5,5,1;3;6;7;8,False,True,monotone,1;3;6;8,7,,,,,,True,,,,
20,10,_original_nint128_seed21,5,5,5,1;2;5;7;9,False,True,monotone,1;2;5;9,7,,,,,,True,,,,
20,10,_original_nint128_seed21,5,5,5,2;6;7;8;9,False,True,monotone,2;6;8;9,7,,,,,,True,,,,
20,10,_original_nint128_seed21,5,5,5,0;1;6;7;9,False,True,monotone,0;1;6;9,7,,,,,,True,,,,
20,10,_original_nint128_seed21,5,5,5,0;5;7;8;9,False,True,monotone,0;5;8;9,7,,,,,,True,,,,
20,10,_original_nint128_seed21,5,5,5,0;1;2;5;7,False,True,monotone,0;1;2;5,7,,,,,,True,,,,
20,10,_original_nint128_seed21,5,5,5,0;2;6;7;8,False,True,monotone,0;2;6;8,7,,,,,,True,,,,
20,10,_original_nint128_seed21,5,5,5,1;2;5;6;7,False,True,monotone,1;2;5;6,7,,,,,,True,,,,
20,10,_original_nint128_seed21,5,5,5,5;6;7;8;9,False,True,monotone,5;6;8;9,7,,,,,,True,,,,
20,10,_original_nint128_seed21,5,5,5,3;4;7;8;9,False,True,monotone,3;4;8;9,7,,,,,,True,,,,
20,10,_original_nint128_seed21,5,5,5,0;1;4;6;7,False,True,monotone,0;1;4;6,7,,,,,,True,,,,
20,10,_original_nint128_seed21,5,5,5,0;4;5;7;8,False,True,monotone,0;4;5;8,7,,,,,,True,,,,
20,10,_original_nint128_seed21,5,5,5,2;3;5;7;9,False,True,monotone,2;3;5;9,7,,,,,,True,,,,
20,10,_original_nint128_seed21,5,5,5,1;4;5;6;7,False,True,monotone,1;4;5;6,7,,,,,,True,,,,
20,10,_original_nint128_seed21,5,5,5,1;4;6;7;8,False,True,monotone,1;4;6;8,7,,,,,,True,,,,
20,10,_original_nint128_seed21,5,5,5,0;2;4;6;7,False,True,monotone,0;2;4;6,7,,,,,,True,,,,
20,10,_original_nint128_seed21,5,5,5,0;6;7;8;9,False,True,monotone,0;6;8;9,7,,,,,,True,,,,
20,10,_original_nint128_seed21,5,5,5,0;1;5;7;9,False,True,monotone,0;1;5;9,7,,,,,,True,,,,
20,10,_original_nint128_seed21,5,5,5,1;4;7;8;9,False,True,monotone,1;4;8;9,7,,,,,,True,,,,
20,10,_original_nint128_seed21,5,5,5,4;5;6;7;9,False,True,monotone,4;5;6;9,7,,,,,,True,,,,
20,10,_original_nint128_seed21,5,5,5,2;3;4;7;8,False,True,monotone,2;3;4;8,7,,,,,,True,,,,
20,10,_original_nint128_seed21,5,5,5,1;6;7;8;9,False,True,monotone,1;6;8;9,7,,,,,,True,,,,
20,10,_original_nint128_seed21,5,5,5,0;1;6;7;8,False,True,monotone,0;1;6;8,7,,,,,,True,,,,
20,10,_original_nint128_seed21,5,5,5,0;1;2;7;9,False,True,monotone,0;1;2;9,7,,,,,,True,,,,
20,10,_original_nint128_seed21,5,5,5,0;4;5;6;7,False,True,monotone,0;4;5;6,7,,,,,,True,,,,
20,10,_original_nint128_seed21,5,5,5,0;1;4;7;8,False,True,monotone,0;1;4;8,7,,,,,,True,,,,
20,10,_original_nint128_seed21,5,5,5,1;5;6;7;8,False,True,monotone,1;5;6;8,7,,,,,,True,,,,
20,10,_original_nint128_seed21,5,5,5,2;3;6;7;9,False,True,monotone,2;3;6;9,7,,,,,,True,,,,
20,10,_original_nint128_seed21,5,5,5,1;2;3;7;9,False,True,monotone,1;2;3;9,7,,,,,,True,,,,
20,10,_original_nint128_seed21,5,5,5,1;3;5;6;7,False,True,monotone,1;3;5;6,7,,,,,,True,,,,
20,10,_original_nint128_seed21,5,5,5,0;4;6;7;9,False,True,monotone,0;4;6;9,7,,,,,,True,,,,
20,10,_original_nint128_seed21,5,5,5,0;2;4;5;7,False,True,monotone,0;2;4;5,7,,,,,,True,,,,
20,10,_original_nint128_seed21,5,5,5,0;2;4;7;8,False,True,monotone,0;2;4;8,7,,,,,,True,,,,
20,10,_original_nint128_seed21,5,5,5,4;5;7;8;9,False,True,monotone,4;5;8;9,7,,,,,,True,,,,
20,10,_original_nint128_seed21,5,5,5,1;4;6;7;9,False,True,monotone,1;4;6;9,7,,,,,,True,,,,
20,10,_original_nint128_seed21,5,5,5,1;2;3;4;7,False,True,monotone,1;2;3;4,7,,,,,,True,,,,
20,10,_original_nint128_seed21,5,5,5,0;3;4;7;8,False,True,monotone,0;3;4;8,7,,,,,,True,,,,
20,10,_original_nint128_seed21,5,5,5,0;5;6;7;8,False,True,monotone,0;5;6;8,7,,,,,,True,,,,
20,10,_original_nint128_seed21,5,5,5,0;2;7;8;9,False,True,monotone,0;2;8;9,7,,,,,,True,,,,
20,10,_original_nint128_seed21,5,5,5,2;3;7;8;9,False,True,monotone,2;3;8;9,7,,,,,,True,,,,
20,10,_original_nint128_seed21,5,5,5,0;2;5;7;8,False,True,monotone,0;2;5;8,7,,,,,,True,,,,
20,10,_original_nint128_seed21,5,5,5,0;1;2;6;7,False,True,monotone,0;1;2;6,7,,,,,,True,,,,
20,10,_original_nint128_seed21,5,5,5,0;1;3;7;9,False,True,monotone,0;1;3;9,7,,,,,,True,,,,
20,10,_original_nint128_seed21,5,5,5,0;3;6;7;9,False,True,monotone,0;3;6;9,7,,,,,,True,,,,
20,10,_original_nint128_seed21,5,5,5,0;1;2;4;7,False,True,monotone,0;1;2;4,7,,,,,,True,,,,
20,10,_original_nint128_seed21,6,6,4,3;5;6;7;8;9,False,True,monotone,3;5;6;8;9,7,,,,,,True,,,,
20,10,_original_nint128_seed21,6,6,4,0;2;3;4;8;9,False,True,monotone,0;2;3;8;9,4,,,,,,True,,,,
20,10,_original_nint128_seed21,6,6,4,0;2;3;7;8;9,False,True,monotone,0;2;3;8;9,7,,,,,,True,,,,
20,10,_original_nint128_seed21,6,6,4,0;1;4;5;6;7,False,True,monotone,0;1;4;5;6,7,,,,,,True,,,,
20,10,_original_nint128_seed21,6,6,4,0;4;5;6;7;9,False,True,monotone,0;4;5;6;9,7,,,,,,True,,,,
20,10,_original_nint128_seed21,6,6,4,1;3;4;5;6;7,False,True,monotone,1;3;4;5;6,7,,,,,,True,,,,
20,10,_original_nint128_seed21,6,6,4,0;1;2;3;4;9,False,True,monotone,1;2;3;4;9,0,,,,,,True,,,,
20,10,_original_nint128_seed21,6,6,4,1;2;3;4;7;9,False,True,monotone,1;2;3;4;9,7,,,,,,True,,,,
20,10,_original_nint128_seed21,6,6,4,0;3;4;7;8;9,False,True,monotone,0;3;4;8;9,7,,,,,,True,,,,
20,10,_original_nint128_seed21,6,6,4,0;5;6;7;8;9,False,True,monotone,0;5;6;8;9,7,,,,,,True,,,,
20,10,_original_nint128_seed21,6,6,4,0;2;3;4;5;6,False,True,monotone,0;2;4;5;6,3,,,,,,True,,,,
20,10,_original_nint128_seed21,6,6,4,0;2;4;5;6;7,False,True,monotone,0;2;4;5;6,7,,,,,,True,,,,
20,10,_original_nint128_seed21,6,6,4,0;1;2;3;4;8,False,True,monotone,0;1;2;4;8,3,,,,,,True,,,,
20,10,_original_nint128_seed21,6,6,4,0;1;2;4;7;8,False,True,monotone,0;1;2;4;8,7,,,,,,True,,,,
20,10,_original_nint128_seed21,6,6,4,4;5;6;7;8;9,False,True,monotone,4;5;6;8;9,7,,,,,,True,,,,
20,10,_original_nint128_seed21,6,6,4,1;2;4;5;6;7,False,True,monotone,1;2;4;5;6,7,,,,,,True,,,,
20,10,_original_nint128_seed21,6,6,4,1;4;5;7;8;9,False,True,monotone,1;4;5;8;9,7,,,,,,True,,,,
20,10,_original_nint128_seed21,6,6,4,0;1;3;5;6;7,False,True,monotone,0;1;3;5;6,7,,,,,,True,,,,
20,10,_original_nint128_seed21,6,6,4,0;1;3;5;6;9,False,True,collision,0;1;3;5;6,9,,,,,,True,,,,
20,10,_original_nint128_seed21,6,6,4,0;2;3;4;6;9,False,True,monotone,0;2;3;6;9,4,,,,,,True,,,,
20,10,_original_nint128_seed21,6,6,4,0;2;3;6;7;9,False,True,monotone,0;2;3;6;9,7,,,,,,True,,,,
20,10,_original_nint128_seed21,6,6,4,0;1;3;6;7;8,False,True,monotone,0;1;3;6;8,7,,,,,,True,,,,
20,10,_original_nint128_seed21,6,6,4,2;5;6;7;8;9,False,True,monotone,2;5;6;8;9,7,,,,,,True,,,,
20,10,_original_nint128_seed21,6,6,4,1;2;3;7;8;9,False,True,monotone,1;2;3;8;9,7,,,,,,True,,,,
20,10,_original_nint128_seed21,6,6,4,2;3;5;6;7;9,False,True,monotone,2;3;5;6;9,7,,,,,,True,,,,
20,10,_original_nint128_seed21,6,6,4,0;1;2;3;4;5,False,True,monotone,0;1;2;3;5,4,,,,,,True,,,,
20,10,_original_nint128_seed21,6,6,4,0;1;2;3;5;7,False,True,monotone,0;1;2;3;5,7,,,,,,True,,,,
20,10,_original_nint128_seed21,6,6,4,0;2;5;6;7;8,False,True,monotone,0;2;5;6;8,7,,,,,,True,,,,
20,10,_original_nint128_seed21,6,6,4,0;3;4;6;7;9,False,True,monotone,0;3;4;6;9,7,,,,,,True,,,,
20,10,_original_nint128_seed21,6,6,4,1;2;5;6;7;8,False,True,monotone,1;2;5;6;8,7,,,,,,True,,,,
20,10,_original_nint128_seed21,6,6,4,1;3;5;7;8;9,False,True,monotone,1;3;5;8;9,7,,,,,,True,,,,
20,10,_original_nint128_seed21,6,6,4,1;2;4;5;7;8,False,True,monotone,1;2;4;5;8,7,,,,,,True,,,,
20,10,_original_nint128_seed21,6,6,4,0;1;4;6;7;8,False,True,monotone,0;1;4;6;8,7,,,,,,True,,,,
20,10,_original_nint128_seed21,6,6,4,0;1;2;3;4;6,False,True,monotone,0;1;3;4;6,2,,,,,,True,,,,
20,10,_original_nint128_seed21,6,6,4,0;1;3;4;6;7,False,True,monotone,0;1;3;4;6,7,,,,,,True,,,,
20,10,_original_nint128_seed21,6,6,4,0;2;3;4;5;8,False,True,monotone,0;3;4;5;8,2,,,,,,True,,,,
20,10,_original_nint128_seed21,6,6,4,0;3;4;5;7;8,False,True,monotone,0;3;4;5;8,7,,,,,,True,,,,
20,10,_original_nint128_seed21,6,6,4,1;2;4;7;8;9,False,True,monotone,1;2;4;8;9,7,,,,,,True,,,,
20,10,_original_nint128_seed21,6,6,4,2;4;5;6;7;9,False,True,monotone,2;4;5;6;9,7,,,,,,True,,,,
20,10,_original_nint128_seed21,6,6,4,2;4;6;7;8;9,False,True,monotone,2;4;6;8;9,7,,,,,,True,,,,
20,10,_original_nint128_seed21,6,6,4,1;2;4;5;7;9,False,True,monotone,1;2;4;5;9,7,,,,,,True,,,,
20,10,_original_nint128_seed21,6,6,4,0;1;3;5;7;9,False,True,monotone,0;1;3;5;9,7,,,,,,True,,,,
20,10,_original_nint128_seed21,6,6,4,0;3;6;7;8;9,False,True,monotone,0;3;6;8;9,7,,,,,,True,,,,
20,10,_original_nint128_seed21,6,6,4,0;1;2;5;6;7,False,True,monotone,0;1;2;5;6,7,,,,,,True,,,,
20,10,_original_nint128_seed21,6,6,4,3;4;6;7;8;9,False,True,monotone,3;4;6;8;9,7,,,,,,True,,,,
20,10,_original_nint128_seed21,6,6,4,1;3;4;5;7;9,False,True,monotone,1;3;4;5;9,7,,,,,,True,,,,
20,10,_original_nint128_seed21,6,6,4,1;2;3;4;6;7,False,True,monotone,1;2;3;4;6,7,,,,,,True,,,,
20,10,_original_nint128_seed21,6,6,4,2;3;4;5;7;8,False,True,monotone,2;3;4;5;8,7,,,,,,True,,,,
20,10,_original_nint128_seed21,6,6,4,0;1;2;3;7;9,False,True,monotone,0;1;2;3;9,7,,,,,,True,,,,
20,10,_original_nint128_seed21,6,6,4,2;3;6;7;8;9,False,True,monotone,2;3;6;8;9,7,,,,,,True,,,,
20,10,_original_nint128_seed21,6,6,4,1;2;3;5;7;9,False,True,monotone,1;2;3;5;9,7,,,,,,True,,,,
20,10,_original_nint128_seed21,6,6,4,1;2;5;7;8;9,False,True,monotone,1;2;5;8;9,7,,,,,,True,,,,
20,10,_original_nint128_seed21,6,6,4,1;2;3;6;7;8,False,True,monotone,1;2;3;6;8,7,,,,,,True,,,,
20,10,_original_nint128_seed21,6,6,4,3;4;5;7;8;9,False,True,monotone,3;4;5;8;9,7,,,,,,True,,,,
20,10,_original_nint128_seed21,6,6,4,1;3;4;6;7;9,False,True,monotone,1;3;4;6;9,7,,,,,,True,,,,
20,10,_original_nint128_seed21,6,6,4,1;2;3;4;7;8,False,True,monotone,1;2;3;4;8,7,,,,,,True,,,,
20,10,_original_nint128_seed21,6,6,4,2;3;4;5;6;7,False,True,monotone,2;3;4;5;6,7,,,,,,True,,,,
20,10,_original_nint128_seed21,6,6,4,0;2;3;4;5;9,False,True,monotone,0;2;3;5;9,4,,,,,,True,,,,
20,10,_original_nint128_seed21,6,6,4,0;2;3;5;7;9,False,True,monotone,0;2;3;5;9,7,,,,,,True,,,,
20,10,_original_nint128_seed21,6,6,4,2;3;4;6;7;9,False,True,monotone,2;3;4;6;9,7,,,,,,True,,,,
20,10,_original_nint128_seed21,6,6,4,1;4;5;6;7;8,False,True,monotone,1;4;5;6;8,7,,,,,,True,,,,
20,10,_original_nint128_seed21,6,6,4,0;3;5;6;7;9,False,True,monotone,0;3;5;6;9,7,,,,,,True,,,,
20,10,_original_nint128_seed21,6,6,4,0;1;3;7;8;9,False,True,monotone,0;1;3;8;9,7,,,,,,True,,,,
20,10,_original_nint128_seed21,6,6,4,0;2;3;5;7;8,False,True,monotone,0;2;3;5;8,7,,,,,,True,,,,
20,10,_original_nint128_seed21,6,6,4,0;1;2;3;6;7,False,True,monotone,0;1;2;3;6,7,,,,,,True,,,,
20,10,_original_nint128_seed21,6,6,4,1;3;6;7;8;9,False,True,monotone,1;3;6;8;9,7,,,,,,True,,,,
20,10,_original_nint128_seed21,6,6,4,1;2;3;5;7;8,False,True,monotone,1;2;3;5;8,7,,,,,,True,,,,
20,10,_original_nint128_seed21,6,6,4,2;3;5;6;7;8,False,True,monotone,2;3;5;6;8,7,,,,,,True,,,,
20,10,_original_nint128_seed21,6,6,4,0;1;4;5;7;8,False,True,monotone,0;1;4;5;8,7,,,,,,True,,,,
20,10,_original_nint128_seed21,6,6,4,0;1;2;5;7;9,False,True,monotone,0;1;2;5;9,7,,,,,,True,,,,
20,10,_original_nint128_seed21,6,6,4,0;2;6;7;8;9,False,True,monotone,0;2;6;8;9,7,,,,,,True,,,,
20,10,_original_nint128_seed21,6,6,4,0;2;3;4;6;8,False,True,monotone,0;3;4;6;8,2,,,,,,True,,,,
20,10,_original_nint128_seed21,6,6,4,0;3;4;6;7;8,False,True,monotone,0;3;4;6;8,7,,,,,,True,,,,
20,10,_original_nint128_seed21,6,6,4,0;1;3;4;5;7,False,True,monotone,0;1;3;4;5,7,,,,,,True,,,,
20,10,_original_nint128_seed21,6,6,4,2;3;4;5;7;9,False,True,monotone,2;3;4;5;9,7,,,,,,True,,,,
20,10,_original_nint128_seed21,6,6,4,0;1;3;4;7;9,False,True,monotone,0;1;3;4;9,7,,,,,,True,,,,
20,10,_original_nint128_seed21,6,6,4,0;2;4;5;7;8,False,True,monotone,0;2;4;5;8,7,,,,,,True,,,,
20,10,_original_nint128_seed21,6,6,4,0;1;2;4;6;7,False,True,monotone,0;1;2;4;6,7,,,,,,True,,,,
20,10,_original_nint128_seed21,6,6,4,0;3;5;7;8;9,False,True,monotone,0;3;5;8;9,7,,,,,,True,,,,
20,10,_original_nint128_seed21,6,6,4,0;1;3;6;7;9,False,True,monotone,0;1;3;6;9,7,,,,,,True,,,,
20,10,_original_nint128_seed21,6,6,4,2;3;4;6;7;8,False,True,monotone,2;3;4;6;8,7,,,,,,True,,,,
20,10,_original_nint128_seed21,6,6,4,1;2;3;4;5;7,False,True,monotone,1;2;3;4;5,7,,,,,,True,,,,
20,10,_original_nint128_seed21,6,6,4,1;4;5;6;7;9,False,True,monotone,1;4;5;6;9,7,,,,,,True,,,,
20,10,_original_nint128_seed21,6,6,4,1;4;6;7;8;9,False,True,monotone,1;4;6;8;9,7,,,,,,True,,,,
20,10,_original_nint128_seed21,6,6,4,1;2;3;5;6;7,False,True,monotone,1;2;3;5;6,7,,,,,,True,,,,
20,10,_original_nint128_seed21,6,6,4,0;2;4;6;7;9,False,True,monotone,0;2;4;6;9,7,,,,,,True,,,,
20,10,_original_nint128_seed21,6,6,4,0;3;5;6;7;8,False,True,monotone,0;3;5;6;8,7,,,,,,True,,,,
20,10,_original_nint128_seed21,6,6,4,0;1;3;5;7;8,False,True,monotone,0;1;3;5;8,7,,,,,,True,,,,
20,10,_original_nint128_seed21,6,6,4,1;2;3;6;7;9,False,True,monotone,1;2;3;6;9,7,,,,,,True,,,,
20,10,_original_nint128_seed21,6,6,4,2;3;5;7;8;9,False,True,monotone,2;3;5;8;9,7,,,,,,True,,,,
20,10,_original_nint128_seed21,6,6,4,1;3;4;6;7;8,False,True,monotone,1;3;4;6;8,7,,,,,,True,,,,
20,10,_original_nint128_seed21,6,6,4,1;2;6;7;8;9,False,True,monotone,1;2;6;8;9,7,,,,,,True,,,,
20,10,_original_nint128_seed21,6,6,4,0;1;2;6;7;8,False,True,monotone,0;1;2;6;8,7,,,,,,True,,,,
20,10,_original_nint128_seed21,6,6,4,0;1;5;7;8;9,False,True,monotone,0;1;5;8;9,7,,,,,,True,,,,
20,10,_original_nint128_seed21,6,6,4,0;3;4;5;7;9,False,True,monotone,0;3;4;5;9,7,,,,,,True,,,,
20,10,_original_nint128_seed21,6,6,4,1;5;6;7;8;9,False,True,monotone,1;5;6;8;9,7,,,,,,True,,,,
20,10,_original_nint128_seed21,6,6,4,1;3;5;6;7;9,False,True,monotone,1;3;5;6;9,7,,,,,,True,,,,
20,10,_original_nint128_seed21,6,6,4,0;3;4;5;6;7,False,True,monotone,0;3;4;5;6,7,,,,,,True,,,,
20,10,_original_nint128_seed21,6,6,4,0;1;3;4;7;8,False,True,monotone,0;1;3;4;8,7,,,,,,True,,,,
20,10,_original_nint128_seed21,6,6,4,0;2;4;5;7;9,False,True,monotone,0;2;4;5;9,7,,,,,,True,,,,
20,10,_original_nint128_seed21,6,6,4,0;2;4;7;8;9,False,True,monotone,0;2;4;8;9,7,,,,,,True,,,,
20,10,_original_nint128_seed21,6,6,4,0;4;5;6;7;8,False,True,monotone,0;4;5;6;8,7,,,,,,True,,,,
20,10,_original_nint128_seed21,6,6,4,1;2;4;6;7;9,False,True,monotone,1;2;4;6;9,7,,,,,,True,,,,
20,10,_original_nint128_seed21,6,6,4,2;4;5;7;8;9,False,True,monotone,2;4;5;8;9,7,,,,,,True,,,,
20,10,_original_nint128_seed21,6,6,4,3;4;5;6;7;8,False,True,monotone,3;4;5;6;8,7,,,,,,True,,,,
20,10,_original_nint128_seed21,6,6,4,0;1;4;5;7;9,False,True,monotone,0;1;4;5;9,7,,,,,,True,,,,
20,10,_original_nint128_seed21,6,6,4,0;4;6;7;8;9,False,True,monotone,0;4;6;8;9,7,,,,,,True,,,,
20,10,_original_nint128_seed21,6,6,4,0;1;2;5;7;8,False,True,monotone,0;1;2;5;8,7,,,,,,True,,,,
20,10,_original_nint128_seed21,6,6,4,0;1;5;6;7;9,False,True,monotone,0;1;5;6;9,7,,,,,,True,,,,
20,10,_original_nint128_seed21,6,6,4,2;4;5;6;7;8,False,True,monotone,2;4;5;6;8,7,,,,,,True,,,,
20,10,_original_nint128_seed21,6,6,4,0;1;2;6;7;9,False,True,monotone,0;1;2;6;9,7,,,,,,True,,,,
20,10,_original_nint128_seed21,6,6,4,0;2;5;7;8;9,False,True,monotone,0;2;5;8;9,7,,,,,,True,,,,
20,10,_original_nint128_seed21,6,6,4,0;1;2;4;7;9,False,True,monotone,0;1;2;4;9,7,,,,,,True,,,,
20,10,_original_nint128_seed21,6,6,4,1;2;5;6;7;9,False,True,monotone,1;2;5;6;9,7,,,,,,True,,,,
20,10,_original_nint128_seed21,6,6,4,0;2;4;6;7;8,False,True,monotone,0;2;4;6;8,7,,,,,,True,,,,
20,10,_original_nint128_seed21,6,6,4,0;1;2;4;5;7,False,True,monotone,0;1;2;4;5,7,,,,,,True,,,,
20,10,_original_nint128_seed21,6,6,4,0;1;4;6;7;9,False,True,monotone,0;1;4;6;9,7,,,,,,True,,,,
20,10,_original_nint128_seed21,6,6,4,0;4;5;7;8;9,False,True,monotone,0;4;5;8;9,7,,,,,,True,,,,
20,10,_original_nint128_seed21,6,6,4,1;2;4;6;7;8,False,True,monotone,1;2;4;6;8,7,,,,,,True,,,,
20,10,_original_nint128_seed21,6,6,4,3;4;5;6;7;9,False,True,monotone,3;4;5;6;9,7,,,,,,True,,,,
20,10,_original_nint128_seed21,6,6,4,1;3;4;7;8;9,False,True,monotone,1;3;4;8;9,7,,,,,,True,,,,
20,10,_original_nint128_seed21,6,6,4,0;2;5;6;7;9,False,True,monotone,0;2;5;6;9,7,,,,,,True,,,,
20,10,_original_nint128_seed21,6,6,4,0;1;2;7;8;9,False,True,monotone,0;1;2;8;9,7,,,,,,True,,,,
20,10,_original_nint128_seed21,6,6,4,0;1;5;6;7;8,False,True,monotone,0;1;5;6;8,7,,,,,,True,,,,
20,10,_original_nint128_seed21,6,6,4,1;3;4;5;7;8,False,True,monotone,1;3;4;5;8,7,,,,,,True,,,,
20,10,_original_nint128_seed21,6,6,4,2;3;4;7;8;9,False,True,monotone,2;3;4;8;9,7,,,,,,True,,,,
20,10,_original_nint128_seed21,6,6,4,1;3;5;6;7;8,False,True,monotone,1;3;5;6;8,7,,,,,,True,,,,
20,10,_original_nint128_seed21,6,6,4,0;1;6;7;8;9,False,True,monotone,0;1;6;8;9,7,,,,,,True,,,,
20,10,_original_nint128_seed21,6,6,4,0;1;2;3;7;8,False,True,monotone,0;1;2;3;8,7,,,,,,True,,,,
20,10,_original_nint128_seed21,6,6,4,0;2;3;6;7;8,False,True,monotone,0;2;3;6;8,7,,,,,,True,,,,
20,10,_original_nint128_seed21,6,6,4,0;2;3;5;6;7,False,True,monotone,0;2;3;5;6,7,,,,,,True,,,,
20,10,_original_nint128_seed21,6,6,4,0;1;4;7;8;9,False,True,monotone,0;1;4;8;9,7,,,,,,True,,,,
20,10,_original_nint128_seed21,7,7,3,0;1;2;3;4;5;8,False,True,monotone,0;1;2;4;5;8,3,,,,,,True,,,,
20,10,_original_nint128_seed21,7,7,3,0;1;2;4;5;7;8,False,True,monotone,0;1;2;4;5;8,7,,,,,,True,,,,
20,10,_original_nint128_seed21,7,7,3,0;2;3;4;5;6;8,False,True,monotone,0;2;4;5;6;8,3,,,,,,True,,,,
20,10,_original_nint128_seed21,7,7,3,0;2;4;5;6;7;8,False,True,monotone,0;2;4;5;6;8,7,,,,,,True,,,,
20,10,_original_nint128_seed21,7,7,3,0;2;3;4;5;8;9,False,True,monotone,0;2;3;5;8;9,4,,,,,,True,,,,
20,10,_original_nint128_seed21,7,7,3,0;2;3;5;7;8;9,False,True,monotone,0;2;3;5;8;9,7,,,,,,True,,,,
20,10,_original_nint128_seed21,7,7,3,0;4;5;6;7;8;9,False,True,monotone,0;4;5;6;8;9,7,,,,,,True,,,,
20,10,_original_nint128_seed21,7,7,3,0;1;2;3;4;6;9,False,True,monotone,0;1;2;3;6;9,4,,,,,,True,,,,
20,10,_original_nint128_seed21,7,7,3,0;1;2;3;5;6;9,False,True,monotone,0;1;2;3;6;9,5,,,,,,True,,,,
20,10,_original_nint128_seed21,7,7,3,0;1;2;3;6;7;9,False,True,monotone,0;1;2;3;6;9,7,,,,,,True,,,,
20,10,_original_nint128_seed21,7,7,3,0;1;2;3;4;5;6,False,True,monotone,0;1;2;4;5;6,3,,,,,,True,,,,
20,10,_original_nint128_seed21,7,7,3,0;1;2;4;5;6;7,False,True,monotone,0;1;2;4;5;6,7,,,,,,True,,,,
20,10,_original_nint128_seed21,7,7,3,0;3;4;5;7;8;9,False,True,monotone,0;3;4;5;8;9,7,,,,,,True,,,,
20,10,_original_nint128_seed21,7,7,3,1;2;4;5;6;8;9,False,True,collision,1;4;5;6;8;9,2,,,,,,True,,,,
20,10,_original_nint128_seed21,7,7,3,1;4;5;6;7;8;9,False,True,monotone,1;4;5;6;8;9,7,,,,,,True,,,,
20,10,_original_nint128_seed21,7,7,3,0;1;3;4;5;6;9,False,True,monotone,0;1;3;4;6;9,5,,,,,,True,,,,
20,10,_original_nint128_seed21,7,7,3,0;1;3;4;6;7;9,False,True,monotone,0;1;3;4;6;9,7,,,,,,True,,,,
20,10,_original_nint128_seed21,7,7,3,1;3;4;5;7;8;9,False,True,monotone,1;3;4;5;8;9,7,,,,,,True,,,,
20,10,_original_nint128_seed21,7,7,3,1;2;5;6;7;8;9,False,True,monotone,1;2;5;6;8;9,7,,,,,,True,,,,
20,10,_original_nint128_seed21,7,7,3,2;3;4;5;6;7;8,False,True,monotone,2;3;4;5;6;8,7,,,,,,True,,,,
20,10,_original_nint128_seed21,7,7,3,1;3;4;5;6;7;9,False,True,monotone,1;3;4;5;6;9,7,,,,,,True,,,,
20,10,_original_nint128_seed21,7,7,3,1;2;3;4;5;6;7,False,True,monotone,1;2;3;4;5;6,7,,,,,,True,,,,
20,10,_original_nint128_seed21,7,7,3,0;2;4;5;7;8;9,False,True,monotone,0;2;4;5;8;9,7,,,,,,True,,,,
20,10,_original_nint128_seed21,7,7,3,0;1;3;4;5;6;7,False,True,monotone,0;1;3;4;5;6,7,,,,,,True,,,,
20,10,_original_nint128_seed21,7,7,3,0;1;2;4;6;7;9,False,True,monotone,0;1;2;4;6;9,7,,,,,,True,,,,
20,10,_original_nint128_seed21,7,7,3,0;1;2;5;6;7;9,False,True,monotone,0;1;2;5;6;9,7,,,,,,True,,,,
20,10,_original_nint128_seed21,7,7,3,0;2;3;4;6;8;9,False,True,monotone,0;3;4;6;8;9,2,,,,,,True,,,,
20,10,_original_nint128_seed21,7,7,3,0;3;4;6;7;8;9,False,True,monotone,0;3;4;6;8;9,7,,,,,,True,,,,
20,10,_original_nint128_seed21,7,7,3,0;1;3;4;5;7;8,False,True,monotone,0;1;3;4;5;8,7,,,,,,True,,,,
20,10,_original_nint128_seed21,7,7,3,0;1;2;3;4;5;9,False,True,monotone,0;1;3;4;5;9,2,,,,,,True,,,,
20,10,_original_nint128_seed21,7,7,3,0;1;3;4;5;7;9,False,True,monotone,0;1;3;4;5;9,7,,,,,,True,,,,
20,10,_original_nint128_seed21,7,7,3,0;1;4;5;6;7;9,False,True,monotone,0;1;4;5;6;9,7,,,,,,True,,,,
20,10,_original_nint128_seed21,7,7,3,0;2;5;6;7;8;9,False,True,monotone,0;2;5;6;8;9,7,,,,,,True,,,,
20,10,_original_nint128_seed21,7,7,3,1;2;3;4;6;7;9,False,True,monotone,1;2;3;4;6;9,7,,,,,,True,,,,
20,10,_original_nint128_seed21,7,7,3,2;3;4;5;7;8;9,False,True,monotone,2;3;4;5;8;9,7,,,,,,True,,,,
20,10,_original_nint128_seed21,7,7,3,2;4;5;6;7;8;9,False,True,monotone,2;4;5;6;8;9,7,,,,,,True,,,,
20,10,_original_nint128_seed21,7,7,3,0;1;2;3;4;8;9,False,True,monotone,1;2;3;4;8;9,0,,,,,,True,,,,
20,10,_original_nint128_seed21,7,7,3,1;2;3;4;7;8;9,False,True,monotone,1;2;3;4;8;9,7,,,,,,True,,,,
20,10,_original_nint128_seed21,7,7,3,0;2;3;4;5;6;9,False,True,monotone,2;3;4;5;6;9,0,,,,,,True,,,,
20,10,_original_nint128_seed21,7,7,3,2;3;4;5;6;7;9,False,True,monotone,2;3;4;5;6;9,7,,,,,,True,,,,
20,10,_original_nint128_seed21,7,7,3,1;2;4;6;7;8;9,False,True,monotone,1;2;4;6;8;9,7,,,,,,True,,,,
20,10,_original_nint128_seed21,7,7,3,0;2;4;6;7;8;9,False,True,monotone,0;2;4;6;8;9,7,,,,,,True,,,,
20,10,_original_nint128_seed21,7,7,3,0;1;2;4;5;7;9,False,True,monotone,0;1;2;4;5;9,7,,,,,,True,,,,
20,10,_original_nint128_seed21,7,7,3,0;1;2;3;5;6;7,False,True,monotone,0;1;2;3;5;6,7,,,,,,True,,,,
20,10,_original_nint128_seed21,7,7,3,0;1;2;5;6;7;8,False,True,monotone,0;1;2;5;6;8,7,,,,,,True,,,,
20,10,_original_nint128_seed21,7,7,3,0;1;3;5;6;8;9,False,True,monotone,0;1;3;6;8;9,5,,,,,,True,,,,
20,10,_original_nint128_seed21,7,7,3,0;1;3;6;7;8;9,False,True,monotone,0;1;3;6;8;9,7,,,,,,True,,,,
20,10,_original_nint128_seed21,7,7,3,0;2;3;6;7;8;9,False,True,monotone,0;2;3;6;8;9,7,,,,,,True,,,,
20,10,_original_nint128_seed21,7,7,3,0;1;2;3;5;7;8,False,True,monotone,0;1;2;3;5;8,7,,,,,,True,,,,
20,10,_original_nint128_seed21,7,7,3,0;1;4;5;6;7;8,False,True,monotone,0;1;4;5;6;8,7,,,,,,True,,,,
20,10,_original_nint128_seed21,7,7,3,0;1;2;3;5;7;9,False,True,monotone,0;1;2;3;5;9,7,,,,,,True,,,,
20,10,_original_nint128_seed21,7,7,3,1;2;4;5;6;7;9,False,True,monotone,1;2;4;5;6;9,7,,,,,,True,,,,
20,10,_original_nint128_seed21,7,7,3,1;2;4;5;6;7;8,False,True,monotone,1;2;4;5;6;8,7,,,,,,True,,,,
20,10,_original_nint128_seed21,7,7,3,1;2;3;4;5;7;9,False,True,monotone,1;2;3;4;5;9,7,,,,,,True,,,,
20,10,_original_nint128_seed21,7,7,3,2;3;4;6;7;8;9,False,True,monotone,2;3;4;6;8;9,7,,,,,,True,,,,
20,10,_original_nint128_seed21,7,7,3,1;3;5;6;7;8;9,False,True,monotone,1;3;5;6;8;9,7,,,,,,True,,,,
20,10,_original_nint128_seed21,7,7,3,1;2;4;5;7;8;9,False,True,monotone,1;2;4;5;8;9,7,,,,,,True,,,,
20,10,_original_nint128_seed21,7,7,3,1;2;3;5;6;7;8,False,True,monotone,1;2;3;5;6;8,7,,,,,,True,,,,
20,10,_original_nint128_seed21,7,7,3,0;2;3;5;6;7;8,False,True,monotone,0;2;3;5;6;8,7,,,,,,True,,,,
20,10,_original_nint128_seed21,7,7,3,0;1;2;3;7;8;9,False,True,monotone,0;1;2;3;8;9,7,,,,,,True,,,,
20,10,_original_nint128_seed21,7,7,3,0;2;3;5;6;7;9,False,True,monotone,0;2;3;5;6;9,7,,,,,,True,,,,
20,10,_original_nint128_seed21,7,7,3,0;1;4;6;7;8;9,False,True,monotone,0;1;4;6;8;9,7,,,,,,True,,,,
20,10,_original_nint128_seed21,7,7,3,0;3;4;5;6;7;8,False,True,monotone,0;3;4;5;6;8,7,,,,,,True,,,,
20,10,_original_nint128_seed21,7,7,3,0;3;4;5;6;7;9,False,True,monotone,0;3;4;5;6;9,7,,,,,,True,,,,
20,10,_original_nint128_seed21,7,7,3,0;1;3;4;7;8;9,False,True,monotone,0;1;3;4;8;9,7,,,,,,True,,,,
20,10,_original_nint128_seed21,7,7,3,0;1;5;6;7;8;9,False,True,monotone,0;1;5;6;8;9,7,,,,,,True,,,,
20,10,_original_nint128_seed21,7,7,3,0;2;4;5;6;7;9,False,True,monotone,0;2;4;5;6;9,7,,,,,,True,,,,
20,10,_original_nint128_seed21,7,7,3,0;1;2;4;7;8;9,False,True,monotone,0;1;2;4;8;9,7,,,,,,True,,,,
20,10,_original_nint128_seed21,7,7,3,0;1;2;3;4;6;8,False,True,monotone,0;1;2;3;6;8,4,,,,,,True,,,,
20,10,_original_nint128_seed21,7,7,3,0;1;2;3;6;7;8,False,True,monotone,0;1;2;3;6;8,7,,,,,,True,,,,
20,10,_original_nint128_seed21,7,7,3,0;1;3;4;6;7;8,False,True,monotone,0;1;3;4;6;8,7,,,,,,True,,,,
20,10,_original_nint128_seed21,7,7,3,1;2;3;4;6;7;8,False,True,monotone,1;2;3;4;6;8,7,,,,,,True,,,,
20,10,_original_nint128_seed21,7,7,3,1;2;3;4;5;7;8,False,True,monotone,1;2;3;4;5;8,7,,,,,,True,,,,
20,10,_original_nint128_seed21,7,7,3,1;3;4;5;6;7;8,False,True,monotone,1;3;4;5;6;8,7,,,,,,True,,,,
20,10,_original_nint128_seed21,7,7,3,0;1;2;5;7;8;9,False,True,monotone,0;1;2;5;8;9,7,,,,,,True,,,,
20,10,_original_nint128_seed21,7,7,3,0;1;4;5;7;8;9,False,True,monotone,0;1;4;5;8;9,7,,,,,,True,,,,
20,10,_original_nint128_seed21,7,7,3,0;1;2;6;7;8;9,False,True,monotone,0;1;2;6;8;9,7,,,,,,True,,,,
20,10,_original_nint128_seed21,7,7,3,0;1;3;5;6;7;8,False,True,monotone,0;1;3;5;6;8,7,,,,,,True,,,,
20,10,_original_nint128_seed21,7,7,3,0;1;3;5;7;8;9,False,True,monotone,0;1;3;5;8;9,7,,,,,,True,,,,
20,10,_original_nint128_seed21,7,7,3,1;2;3;5;7;8;9,False,True,monotone,1;2;3;5;8;9,7,,,,,,True,,,,
20,10,_original_nint128_seed21,7,7,3,1;3;4;6;7;8;9,False,True,monotone,1;3;4;6;8;9,7,,,,,,True,,,,
20,10,_original_nint128_seed21,7,7,3,1;2;3;6;7;8;9,False,True,monotone,1;2;3;6;8;9,7,,,,,,True,,,,
20,10,_original_nint128_seed21,7,7,3,1;2;3;5;6;7;9,False,True,monotone,1;2;3;5;6;9,7,,,,,,True,,,,
20,10,_original_nint128_seed21,7,7,3,3;4;5;6;7;8;9,False,True,monotone,3;4;5;6;8;9,7,,,,,,True,,,,
20,10,_original_nint128_seed21,7,7,3,2;3;5;6;7;8;9,False,True,monotone,2;3;5;6;8;9,7,,,,,,True,,,,
20,10,_original_nint128_seed21,7,7,3,0;1;2;4;6;7;8,False,True,monotone,0;1;2;4;6;8,7,,,,,,True,,,,
20,10,_original_nint128_seed21,7,7,3,0;3;5;6;7;8;9,False,True,monotone,0;3;5;6;8;9,7,,,,,,True,,,,
20,10,_original_nint128_seed21,8,8,2,0;1;2;3;4;5;8;9,False,True,monotone,0;1;2;4;5;8;9,3,,,,,,True,,,,
20,10,_original_nint128_seed21,8,8,2,0;1;2;4;5;6;8;9,False,True,monotone,0;1;2;4;5;8;9,6,,,,,,True,,,,
20,10,_original_nint128_seed21,8,8,2,0;1;2;4;5;7;8;9,False,True,monotone,0;1;2;4;5;8;9,7,,,,,,True,,,,
20,10,_original_nint128_seed21,8,8,2,0;1;2;3;4;5;6;8,False,True,monotone,0;1;2;3;5;6;8,4,,,,,,True,,,,
20,10,_original_nint128_seed21,8,8,2,0;1;2;3;5;6;7;8,False,True,monotone,0;1;2;3;5;6;8,7,,,,,,True,,,,
20,10,_original_nint128_seed21,8,8,2,0;1;2;3;5;6;8;9,False,True,monotone,0;1;2;3;5;6;8,9,,,,,,True,,,,
20,10,_original_nint128_seed21,8,8,2,0;1;2;3;4;6;8;9,False,True,monotone,1;2;3;4;6;8;9,0,,,,,,True,,,,
20,10,_original_nint128_seed21,8,8,2,1;2;3;4;5;6;8;9,False,True,monotone,1;2;3;4;6;8;9,5,,,,,,True,,,,
20,10,_original_nint128_seed21,8,8,2,1;2;3;4;6;7;8;9,False,True,monotone,1;2;3;4;6;8;9,7,,,,,,True,,,,
20,10,_original_nint128_seed21,8,8,2,0;1;3;4;5;6;7;8,False,True,monotone,0;1;3;4;5;6;8,7,,,,,,True,,,,
20,10,_original_nint128_seed21,8,8,2,0;1;3;4;5;6;8;9,False,True,monotone,0;1;3;4;5;6;8,9,,,,,,True,,,,
20,10,_original_nint128_seed21,8,8,2,1;3;4;5;6;7;8;9,False,True,monotone,1;3;4;5;6;8;9,7,,,,,,True,,,,
20,10,_original_nint128_seed21,8,8,2,1;2;3;4;5;6;7;8,False,True,monotone,1;2;3;4;5;6;8,7,,,,,,True,,,,
20,10,_original_nint128_seed21,8,8,2,1;2;3;4;5;7;8;9,False,True,monotone,1;2;3;4;5;8;9,7,,,,,,True,,,,
20,10,_original_nint128_seed21,8,8,2,0;1;2;3;5;7;8;9,False,True,monotone,0;1;2;3;5;8;9,7,,,,,,True,,,,
20,10,_original_nint128_seed21,8,8,2,0;1;3;4;6;7;8;9,False,True,monotone,0;1;3;4;6;8;9,7,,,,,,True,,,,
20,10,_original_nint128_seed21,8,8,2,0;1;2;3;6;7;8;9,False,True,monotone,0;1;2;3;6;8;9,7,,,,,,True,,,,
20,10,_original_nint128_seed21,8,8,2,0;2;3;4;5;6;8;9,False,True,monotone,0;3;4;5;6;8;9,2,,,,,,True,,,,
20,10,_original_nint128_seed21,8,8,2,0;3;4;5;6;7;8;9,False,True,monotone,0;3;4;5;6;8;9,7,,,,,,True,,,,
20,10,_original_nint128_seed21,8,8,2,0;2;3;5;6;7;8;9,False,True,monotone,0;2;3;5;6;8;9,7,,,,,,True,,,,
20,10,_original_nint128_seed21,8,8,2,1;2;3;5;6;7;8;9,False,True,monotone,1;2;3;5;6;8;9,7,,,,,,True,,,,
20,10,_original_nint128_seed21,8,8,2,0;1;4;5;6;7;8;9,False,True,monotone,0;1;4;5;6;8;9,7,,,,,,True,,,,
20,10,_original_nint128_seed21,8,8,2,0;1;3;4;5;7;8;9,False,True,monotone,0;1;3;4;5;8;9,7,,,,,,True,,,,
20,10,_original_nint128_seed21,8,8,2,0;1;2;5;6;7;8;9,False,True,monotone,0;1;2;5;6;8;9,7,,,,,,True,,,,
20,10,_original_nint128_seed21,8,8,2,2;3;4;5;6;7;8;9,False,True,monotone,2;3;4;5;6;8;9,7,,,,,,True,,,,
20,10,_original_nint128_seed21,8,8,2,0;2;4;5;6;7;8;9,False,True,monotone,0;2;4;5;6;8;9,7,,,,,,True,,,,
20,10,_original_nint128_seed21,8,8,2,0;1;2;4;6;7;8;9,False,True,monotone,0;1;2;4;6;8;9,7,,,,,,True,,,,
20,10,_original_nint128_seed21,8,8,2,0;1;2;3;4;5;6;9,False,True,monotone,1;2;3;4;5;6;9,0,,,,,,True,,,,
20,10,_original_nint128_seed21,8,8,2,1;2;3;4;5;6;7;9,False,True,monotone,1;2;3;4;5;6;9,7,,,,,,True,,,,
20,10,_original_nint128_seed21,8,8,2,0;1;2;4;5;6;7;9,False,True,monotone,0;1;2;4;5;6;9,7,,,,,,True,,,,
20,10,_original_nint128_seed21,8,8,2,0;1;2;4;5;6;7;8,False,True,monotone,0;1;2;4;5;6;8,7,,,,,,True,,,,
