M,P,option,depth,num_deleted,num_remaining_relu,deleted_set_str,is_leaf,is_rejected,reject_reason,parent_set_str,added_relu,num_clusters,edge_types,weighted_edges_total,num_self_absorbed_edges,num_fixed_nodes,fixed_collision,num_scc_ge3,largest_scc_size,cycle_penalty_ge3,is_minimal_num_clusters
20,10,_original_nint128_seed13,1,1,9,0,False,False,,,0,29.0,68.0,1398.0,4.0,5.0,False,1.0,29.0,29.0,False
20,10,_original_nint128_seed13,1,1,9,1,False,False,,,1,28.0,66.0,1362.0,7.0,5.0,False,1.0,28.0,28.0,False
20,10,_original_nint128_seed13,1,1,9,2,False,False,,,2,26.0,63.0,1283.0,6.0,5.0,False,1.0,26.0,26.0,False
20,10,_original_nint128_seed13,1,1,9,3,False,False,,,3,27.0,62.0,1276.0,7.0,5.0,False,1.0,27.0,27.0,False
20,10,_original_nint128_seed13,1,1,9,4,False,False,,,4,31.0,72.0,1378.0,3.0,5.0,False,1.0,31.0,31.0,False
20,10,_original_nint128_seed13,1,1,9,5,False,False,,,5,23.0,51.0,1190.0,15.0,5.0,False,1.0,23.0,23.0,False
20,10,_original_nint128_seed13,1,1,9,6,False,False,,,6,30.0,68.0,1290.0,6.0,5.0,False,1.0,30.0,30.0,False
20,10,_original_nint128_seed13,1,1,9,7,False,False,,,7,29.0,68.0,1386.0,5.0,5.0,False,1.0,29.0,29.0,False
20,10,_original_nint128_seed13,1,1,9,8,False,False,,,8,27.0,65.0,1288.0,7.0,5.0,False,1.0,27.0,27.0,False
20,10,_original_nint128_seed13,1,1,9,9,False,False,,,9,28.0,64.0,1279.0,6.0,5.0,False,1.0,28.0,28.0,False
20,10,_original_nint128_seed13,2,2,8,0;2,False,False,,2,0,24.0,57.0,1228.0,11.0,5.0,False,1.0,24.0,24.0,False
20,10,_original_nint128_seed13,2,2,8,1;2,False,False,,2,1,21.0,52.0,1193.0,13.0,5.0,False,1.0,21.0,21.0,False
20,10,_original_nint128_seed13,2,2,8,2;3,False,False,,3,2,21.0,51.0,1097.0,14.0,5.0,False,1.0,21.0,21.0,False
20,10,_original_nint128_seed13,2,2,8,2;4,False,False,,2,4,24.0,58.0,1209.0,9.0,5.0,False,1.0,24.0,24.0,False
20,10,_original_nint128_seed13,2,2,8,2;5,False,False,,5,2,19.0,41.0,1021.0,21.0,5.0,False,1.0,19.0,19.0,False
20,10,_original_nint128_seed13,2,2,8,2;6,False,False,,2,6,23.0,54.0,1121.0,12.0,5.0,False,1.0,23.0,23.0,False
20,10,_original_nint128_seed13,2,2,8,2;7,False,False,,2,7,22.0,54.0,1217.0,11.0,5.0,False,1.0,22.0,22.0,False
20,10,_original_nint128_seed13,2,2,8,2;8,False,False,,2,8,20.0,51.0,1119.0,13.0,5.0,False,1.0,20.0,20.0,False
20,10,_original_nint128_seed13,2,2,8,2;9,False,False,,2,9,22.0,51.0,1110.0,12.0,5.0,False,1.0,22.0,22.0,False
20,10,_original_nint128_seed13,2,2,8,0;9,False,False,,9,0,24.0,55.0,1225.0,10.0,5.0,False,1.0,24.0,24.0,False
20,10,_original_nint128_seed13,2,2,8,1;9,False,False,,9,1,23.0,53.0,1189.0,13.0,5.0,False,1.0,23.0,23.0,False
20,10,_original_nint128_seed13,2,2,8,3;9,False,False,,3,9,23.0,52.0,1084.0,14.0,5.0,False,1.0,23.0,23.0,False
20,10,_original_nint128_seed13,2,2,8,4;9,False,False,,9,4,26.0,59.0,1205.0,9.0,5.0,False,1.0,26.0,26.0,False
20,10,_original_nint128_seed13,2,2,8,5;9,False,False,,5,9,20.0,45.0,1009.0,23.0,5.0,False,1.0,20.0,20.0,False
20,10,_original_nint128_seed13,2,2,8,6;9,False,False,,9,6,25.0,55.0,1117.0,12.0,5.0,False,1.0,25.0,25.0,False
20,10,_original_nint128_seed13,2,2,8,7;9,False,False,,9,7,24.0,55.0,1213.0,11.0,5.0,False,1.0,24.0,24.0,False
20,10,_original_nint128_seed13,2,2,8,8;9,False,False,,9,8,22.0,52.0,1115.0,13.0,5.0,False,1.0,22.0,22.0,False
20,10,_original_nint128_seed13,2,2,8,0;8,False,False,,8,0,23.0,56.0,1234.0,11.0,5.0,False,1.0,23.0,23.0,False
20,10,_original_nint128_seed13,2,2,8,1;8,False,False,,8,1,24.0,55.0,1198.0,14.0,5.0,False,1.0,24.0,24.0,False
20,10,_original_nint128_seed13,2,2,8,3;8,False,False,,3,8,21.0,50.0,1112.0,14.0,5.0,False,1.0,21.0,21.0,False
20,10,_original_nint128_seed13,2,2,8,4;8,False,False,,8,4,25.0,60.0,1214.0,10.0,5.0,False,1.0,25.0,25.0,False
20,10,_original_nint128_seed13,2,2,8,5;8,False,False,,5,8,17.0,39.0,1026.0,22.0,5.0,False,1.0,17.0,17.0,False
20,10,_original_nint128_seed13,2,2,8,6;8,False,False,,8,6,25.0,61.0,1116.0,14.0,5.0,False,1.0,25.0,25.0,False
20,10,_original_nint128_seed13,2,2,8,7;8,False,False,,8,7,25.0,57.0,1222.0,12.0,5.0,False,1.0,25.0,25.0,False
20,10,_original_nint128_seed13,2,2,8,0;7,False,False,,0,7,25.0,59.0,1332.0,9.0,5.0,False,1.0,25.0,25.0,False
20,10,_original_nint128_seed13,2,2,8,1;7,False,False,,1,7,26.0,62.0,1294.0,14.0,5.0,False,1.0,26.0,26.0,False
20,10,_original_nint128_seed13,2,2,8,3;7,False,False,,3,7,23.0,53.0,1210.0,12.0,5.0,False,1.0,23.0,23.0,False
20,10,_original_nint128_seed13,2,2,8,4;7,False,False,,7,4,27.0,63.0,1312.0,8.0,5.0,False,1.0,27.0,27.0,False
20,10,_original_nint128_seed13,2,2,8,5;7,False,False,,5,7,19.0,42.0,1124.0,20.0,5.0,False,1.0,19.0,19.0,False
20,10,_original_nint128_seed13,2,2,8,6;7,False,False,,7,6,26.0,59.0,1224.0,11.0,5.0,False,1.0,26.0,26.0,False
20,10,_original_nint128_seed13,2,2,8,0;3,False,False,,3,0,23.0,53.0,1222.0,11.0,5.0,False,1.0,23.0,23.0,False
20,10,_original_nint128_seed13,2,2,8,1;3,False,False,,3,1,22.0,51.0,1186.0,14.0,5.0,False,1.0,22.0,22.0,False
20,10,_original_nint128_seed13,2,2,8,3;4,False,False,,3,4,25.0,57.0,1202.0,10.0,5.0,False,1.0,25.0,25.0,False
20,10,_original_nint128_seed13,2,2,8,3;5,False,False,,5,3,19.0,41.0,1005.0,23.0,5.0,False,1.0,19.0,19.0,False
20,10,_original_nint128_seed13,2,2,8,3;6,False,False,,3,6,24.0,53.0,1114.0,13.0,5.0,False,1.0,24.0,24.0,False
20,10,_original_nint128_seed13,2,2,8,0;1,False,False,,1,0,24.0,57.0,1308.0,11.0,5.0,False,1.0,24.0,24.0,False
20,10,_original_nint128_seed13,2,2,8,1;4,False,False,,1,4,26.0,61.0,1288.0,10.0,5.0,False,1.0,26.0,26.0,False
20,10,_original_nint128_seed13,2,2,8,1;5,False,False,,5,1,18.0,40.0,1100.0,22.0,5.0,False,1.0,18.0,18.0,False
20,10,_original_nint128_seed13,2,2,8,1;6,False,False,,1,6,25.0,57.0,1200.0,13.0,5.0,False,1.0,25.0,25.0,False
20,10,_original_nint128_seed13,2,2,8,0;6,False,False,,0,6,26.0,59.0,1236.0,10.0,5.0,False,1.0,26.0,26.0,False
20,10,_original_nint128_seed13,2,2,8,4;6,False,False,,6,4,28.0,63.0,1216.0,9.0,5.0,False,1.0,28.0,28.0,False
20,10,_original_nint128_seed13,2,2,8,5;6,False,False,,5,6,20.0,42.0,1028.0,21.0,5.0,False,1.0,20.0,20.0,False
20,10,_original_nint128_seed13,2,2,8,0;5,False,False,,5,0,21.0,46.0,1135.0,20.0,5.0,False,1.0,21.0,21.0,False
20,10,_original_nint128_seed13,2,2,8,0;4,False,False,,0,4,27.0,63.0,1324.0,7.0,5.0,False,1.0,27.0,27.0,False
20,10,_original_nint128_seed13,3,3,7,0;2;8,False,False,,2;8,0,18.0,45.0,1064.0,18.0,5.0,False,1.0,18.0,18.0,False
20,10,_original_nint128_seed13,3,3,7,1;2;8,False,False,,2;8,1,17.0,41.0,1029.0,20.0,5.0,False,1.0,17.0,17.0,False
20,10,_original_nint128_seed13,3,3,7,2;3;8,False,False,,3;8,2,15.0,39.0,933.0,21.0,5.0,False,1.0,15.0,15.0,False
20,10,_original_nint128_seed13,3,3,7,2;4;8,False,False,,2;8,4,18.0,46.0,1045.0,16.0,5.0,False,1.0,18.0,18.0,False
20,10,_original_nint128_seed13,3,3,7,2;5;8,False,False,,5;8,2,13.0,29.0,857.0,28.0,5.0,False,1.0,13.0,13.0,False
20,10,_original_nint128_seed13,3,3,7,2;6;8,False,False,,2;8,6,18.0,47.0,947.0,20.0,5.0,False,1.0,18.0,18.0,False
20,10,_original_nint128_seed13,3,3,7,2;7;8,False,False,,2;8,7,18.0,43.0,1053.0,18.0,5.0,False,1.0,18.0,18.0,False
20,10,_original_nint128_seed13,3,3,7,2;8;9,False,False,,2;8,9,16.0,39.0,946.0,19.0,5.0,False,1.0,16.0,16.0,False
20,10,_original_nint128_seed13,3,3,7,0;1;4,False,False,,0;1,4,22.0,52.0,1234.0,14.0,5.0,False,1.0,22.0,22.0,False
20,10,_original_nint128_seed13,3,3,7,1;2;4,False,False,,1;2,4,19.0,47.0,1119.0,16.0,5.0,False,1.0,19.0,19.0,False
20,10,_original_nint128_seed13,3,3,7,1;3;4,False,False,,1;3,4,20.0,46.0,1112.0,17.0,5.0,False,1.0,20.0,20.0,False
20,10,_original_nint128_seed13,3,3,7,1;4;6,False,False,,1;6,4,23.0,52.0,1126.0,16.0,5.0,False,1.0,23.0,23.0,False
20,10,_original_nint128_seed13,3,3,7,1;4;7,False,False,,1;4,7,24.0,57.0,1220.0,17.0,5.0,False,1.0,24.0,24.0,False
20,10,_original_nint128_seed13,3,3,7,1;4;8,False,False,,1;8,4,22.0,50.0,1124.0,17.0,5.0,False,1.0,22.0,22.0,False
20,10,_original_nint128_seed13,3,3,7,1;4;9,False,False,,1;9,4,21.0,48.0,1115.0,16.0,5.0,False,1.0,21.0,21.0,False
20,10,_original_nint128_seed13,3,3,7,0;4;6,False,False,,0;6,4,24.0,54.0,1162.0,13.0,5.0,False,1.0,24.0,24.0,False
20,10,_original_nint128_seed13,3,3,7,2;4;6,False,False,,2;6,4,21.0,49.0,1047.0,15.0,5.0,False,1.0,21.0,21.0,False
20,10,_original_nint128_seed13,3,3,7,3;4;6,False,False,,3;6,4,22.0,48.0,1040.0,16.0,5.0,False,1.0,22.0,22.0,False
20,10,_original_nint128_seed13,3,3,7,4;6;7,False,False,,6;7,4,24.0,54.0,1150.0,14.0,5.0,False,1.0,24.0,24.0,False
20,10,_original_nint128_seed13,3,3,7,4;6;8,False,False,,4;8,6,23.0,56.0,1042.0,17.0,5.0,False,1.0,23.0,23.0,False
20,10,_original_nint128_seed13,3,3,7,4;6;9,False,False,,6;9,4,23.0,50.0,1043.0,15.0,5.0,False,1.0,23.0,23.0,False
20,10,_original_nint128_seed13,3,3,7,0;2;3,False,False,,2;3,0,19.0,45.0,1042.0,19.0,5.0,False,1.0,19.0,19.0,False
20,10,_original_nint128_seed13,3,3,7,1;2;3,False,False,,2;3,1,16.0,40.0,1007.0,21.0,5.0,False,1.0,16.0,16.0,False
20,10,_original_nint128_seed13,3,3,7,2;3;4,False,False,,2;3,4,19.0,46.0,1023.0,17.0,5.0,False,1.0,19.0,19.0,False
20,10,_original_nint128_seed13,3,3,7,2;3;5,False,False,,2;5,3,16.0,34.0,826.0,30.0,5.0,False,1.0,16.0,16.0,False
20,10,_original_nint128_seed13,3,3,7,2;3;6,False,False,,2;3,6,18.0,42.0,935.0,20.0,5.0,False,1.0,18.0,18.0,False
20,10,_original_nint128_seed13,3,3,7,2;3;7,False,False,,2;3,7,17.0,42.0,1031.0,19.0,5.0,False,1.0,17.0,17.0,False
20,10,_original_nint128_seed13,3,3,7,2;3;9,False,False,,2;3,9,19.0,43.0,905.0,21.0,5.0,False,1.0,19.0,19.0,False
20,10,_original_nint128_seed13,3,3,7,0;3;9,False,False,,3;9,0,19.0,43.0,1030.0,18.0,5.0,False,1.0,19.0,19.0,False
20,10,_original_nint128_seed13,3,3,7,1;3;9,False,False,,1;3,9,18.0,41.0,994.0,21.0,5.0,False,1.0,18.0,18.0,False
20,10,_original_nint128_seed13,3,3,7,3;4;9,False,False,,3;9,4,21.0,47.0,1010.0,17.0,5.0,False,1.0,21.0,21.0,False
20,10,_original_nint128_seed13,3,3,7,3;5;9,False,False,,3;5,9,17.0,38.0,805.0,32.0,5.0,False,1.0,17.0,17.0,False
20,10,_original_nint128_seed13,3,3,7,3;6;9,False,False,,3;9,6,20.0,43.0,922.0,20.0,5.0,False,1.0,20.0,20.0,False
20,10,_original_nint128_seed13,3,3,7,3;7;9,False,False,,3;9,7,19.0,43.0,1018.0,19.0,5.0,False,1.0,19.0,19.0,False
20,10,_original_nint128_seed13,3,3,7,3;8;9,False,False,,3;8,9,17.0,40.0,920.0,21.0,5.0,False,1.0,17.0,17.0,False
20,10,_original_nint128_seed13,3,3,7,0;2;6,False,False,,2;6,0,21.0,48.0,1066.0,17.0,5.0,False,1.0,21.0,21.0,False
20,10,_original_nint128_seed13,3,3,7,1;2;6,False,False,,1;2,6,18.0,43.0,1031.0,19.0,5.0,False,1.0,18.0,18.0,False
20,10,_original_nint128_seed13,3,3,7,2;5;6,False,False,,2;5,6,16.0,32.0,859.0,27.0,5.0,False,1.0,16.0,16.0,False
20,10,_original_nint128_seed13,3,3,7,2;6;7,False,False,,2;7,6,19.0,45.0,1055.0,17.0,5.0,False,1.0,19.0,19.0,False
20,10,_original_nint128_seed13,3,3,7,2;6;9,False,False,,2;9,6,19.0,42.0,948.0,18.0,5.0,False,1.0,19.0,19.0,False
20,10,_original_nint128_seed13,3,3,7,0;7;9,False,False,,0;9,7,20.0,46.0,1159.0,15.0,5.0,False,1.0,20.0,20.0,False
20,10,_original_nint128_seed13,3,3,7,1;7;9,False,False,,1;9,7,21.0,49.0,1121.0,20.0,5.0,False,1.0,21.0,21.0,False
20,10,_original_nint128_seed13,3,3,7,2;7;9,False,False,,2;9,7,18.0,42.0,1044.0,17.0,5.0,False,1.0,18.0,18.0,False
20,10,_original_nint128_seed13,3,3,7,4;7;9,False,False,,7;9,4,22.0,50.0,1139.0,14.0,5.0,False,1.0,22.0,22.0,False
20,10,_original_nint128_seed13,3,3,7,5;7;9,False,False,,5;7,9,16.0,36.0,943.0,28.0,5.0,False,1.0,16.0,16.0,False
20,10,_original_nint128_seed13,3,3,7,6;7;9,False,False,,7;9,6,21.0,46.0,1051.0,17.0,5.0,False,1.0,21.0,21.0,False
20,10,_original_nint128_seed13,3,3,7,7;8;9,False,False,,8;9,7,20.0,44.0,1049.0,18.0,5.0,False,1.0,20.0,20.0,False
20,10,_original_nint128_seed13,3,3,7,0;7;8,False,False,,0;8,7,21.0,48.0,1168.0,16.0,5.0,False,1.0,21.0,21.0,False
20,10,_original_nint128_seed13,3,3,7,1;7;8,False,False,,1;8,7,23.0,53.0,1130.0,21.0,5.0,False,1.0,23.0,23.0,False
20,10,_original_nint128_seed13,3,3,7,3;7;8,False,False,,3;8,7,19.0,42.0,1046.0,19.0,5.0,False,1.0,19.0,19.0,False
20,10,_original_nint128_seed13,3,3,7,4;7;8,False,False,,7;8,4,23.0,52.0,1148.0,15.0,5.0,False,1.0,23.0,23.0,False
20,10,_original_nint128_seed13,3,3,7,5;7;8,False,False,,5;8,7,15.0,31.0,960.0,27.0,5.0,False,1.0,15.0,15.0,False
20,10,_original_nint128_seed13,3,3,7,6;7;8,False,False,,7;8,6,23.0,53.0,1050.0,19.0,5.0,False,1.0,23.0,23.0,False
20,10,_original_nint128_seed13,3,3,7,0;1;5,False,False,,1;5,0,16.0,35.0,1045.0,27.0,5.0,False,1.0,16.0,16.0,False
20,10,_original_nint128_seed13,3,3,7,0;2;5,False,False,,2;5,0,18.0,39.0,965.0,27.0,5.0,False,1.0,18.0,18.0,False
20,10,_original_nint128_seed13,3,3,7,0;3;5,False,False,,3;5,0,17.0,36.0,950.0,28.0,5.0,False,1.0,17.0,17.0,False
20,10,_original_nint128_seed13,3,3,7,0;5;6,False,False,,5;6,0,18.0,37.0,973.0,26.0,5.0,False,1.0,18.0,18.0,False
20,10,_original_nint128_seed13,3,3,7,0;5;7,False,False,,5;7,0,17.0,37.0,1069.0,25.0,5.0,False,1.0,17.0,17.0,False
20,10,_original_nint128_seed13,3,3,7,0;5;8,False,False,,5;8,0,15.0,34.0,971.0,27.0,5.0,False,1.0,15.0,15.0,False
20,10,_original_nint128_seed13,3,3,7,0;5;9,False,False,,5;9,0,18.0,39.0,954.0,28.0,5.0,False,1.0,18.0,18.0,False
20,10,_original_nint128_seed13,3,3,7,0;4;9,False,False,,0;9,4,22.0,50.0,1151.0,13.0,5.0,False,1.0,22.0,22.0,False
20,10,_original_nint128_seed13,3,3,7,2;4;9,False,False,,2;9,4,20.0,46.0,1036.0,15.0,5.0,False,1.0,20.0,20.0,False
20,10,_original_nint128_seed13,3,3,7,4;8;9,False,False,,8;9,4,20.0,47.0,1041.0,16.0,5.0,False,1.0,20.0,20.0,False
20,10,_original_nint128_seed13,3,3,7,0;2;9,False,False,,2;9,0,19.0,45.0,1055.0,17.0,5.0,False,1.0,19.0,19.0,False
20,10,_original_nint128_seed13,3,3,7,1;2;9,False,False,,2;9,1,17.0,40.0,1020.0,19.0,5.0,False,1.0,17.0,17.0,False
20,10,_original_nint128_seed13,3,3,7,2;5;9,False,False,,2;5,9,17.0,36.0,840.0,29.0,5.0,False,1.0,17.0,17.0,False
20,10,_original_nint128_seed13,3,3,7,1;5;9,False,False,,1;5,9,15.0,34.0,919.0,30.0,5.0,False,1.0,15.0,15.0,False
20,10,_original_nint128_seed13,3,3,7,5;6;9,False,False,,5;6,9,17.0,36.0,847.0,29.0,5.0,False,1.0,17.0,17.0,False
20,10,_original_nint128_seed13,3,3,7,5;8;9,False,False,,5;8,9,14.0,33.0,845.0,30.0,5.0,False,1.0,14.0,14.0,False
20,10,_original_nint128_seed13,3,3,7,0;3;4,False,False,,0;3,4,21.0,48.0,1148.0,14.0,5.0,False,1.0,21.0,21.0,False
20,10,_original_nint128_seed13,3,3,7,3;4;7,False,False,,3;7,4,21.0,48.0,1136.0,15.0,5.0,False,1.0,21.0,21.0,False
20,10,_original_nint128_seed13,3,3,7,3;4;8,False,False,,3;8,4,19.0,45.0,1038.0,17.0,5.0,False,1.0,19.0,19.0,False
20,10,_original_nint128_seed13,3,3,7,0;6;9,False,False,,0;9,6,21.0,46.0,1063.0,16.0,5.0,False,1.0,21.0,21.0,False
20,10,_original_nint128_seed13,3,3,7,1;6;9,False,False,,1;9,6,20.0,44.0,1027.0,19.0,5.0,False,1.0,20.0,20.0,False
20,10,_original_nint128_seed13,3,3,7,6;8;9,False,False,,8;9,6,20.0,48.0,943.0,20.0,5.0,False,1.0,20.0,20.0,False
20,10,_original_nint128_seed13,3,3,7,0;1;7,False,False,,0;1,7,22.0,53.0,1240.0,18.0,5.0,False,1.0,22.0,22.0,False
20,10,_original_nint128_seed13,3,3,7,1;2;7,False,False,,1;2,7,19.0,48.0,1125.0,20.0,5.0,False,1.0,19.0,19.0,False
20,10,_original_nint128_seed13,3,3,7,1;3;7,False,False,,1;3,7,20.0,47.0,1118.0,21.0,5.0,False,1.0,20.0,20.0,False
20,10,_original_nint128_seed13,3,3,7,1;5;7,False,False,,1;5,7,16.0,36.0,1032.0,29.0,5.0,False,1.0,16.0,16.0,False
20,10,_original_nint128_seed13,3,3,7,0;1;6,False,False,,0;1,6,21.0,48.0,1146.0,17.0,5.0,False,1.0,21.0,21.0,False
20,10,_original_nint128_seed13,3,3,7,0;3;6,False,False,,0;3,6,20.0,44.0,1060.0,17.0,5.0,False,1.0,20.0,20.0,False
20,10,_original_nint128_seed13,3,3,7,0;6;7,False,False,,0;7,6,22.0,50.0,1170.0,15.0,5.0,False,1.0,22.0,22.0,False
20,10,_original_nint128_seed13,3,3,7,0;6;8,False,False,,0;8,6,21.0,52.0,1062.0,18.0,5.0,False,1.0,21.0,21.0,False
20,10,_original_nint128_seed13,3,3,7,0;1;3,False,False,,1;3,0,18.0,42.0,1132.0,18.0,5.0,False,1.0,18.0,18.0,False
20,10,_original_nint128_seed13,3,3,7,0;3;7,False,False,,0;3,7,19.0,44.0,1156.0,16.0,5.0,False,1.0,19.0,19.0,False
20,10,_original_nint128_seed13,3,3,7,0;3;8,False,False,,3;8,0,17.0,41.0,1058.0,18.0,5.0,False,1.0,17.0,17.0,False
20,10,_original_nint128_seed13,3,3,7,0;1;2,False,False,,1;2,0,19.0,46.0,1138.0,18.0,5.0,False,1.0,19.0,19.0,False
20,10,_original_nint128_seed13,3,3,7,0;2;4,False,False,,0;2,4,22.0,52.0,1154.0,14.0,5.0,False,1.0,22.0,22.0,False
20,10,_original_nint128_seed13,3,3,7,0;2;7,False,False,,2;7,0,20.0,48.0,1162.0,16.0,5.0,False,1.0,20.0,20.0,False
20,10,_original_nint128_seed13,3,3,7,0;4;7,False,False,,0;7,4,23.0,54.0,1258.0,12.0,5.0,False,1.0,23.0,23.0,False
20,10,_original_nint128_seed13,3,3,7,0;4;8,False,False,,0;8,4,21.0,51.0,1160.0,14.0,5.0,False,1.0,21.0,21.0,False
20,10,_original_nint128_seed13,3,3,7,2;4;7,False,False,,2;7,4,20.0,49.0,1143.0,14.0,5.0,False,1.0,20.0,20.0,False
20,10,_original_nint128_seed13,3,3,7,0;1;8,False,False,,1;8,0,20.0,46.0,1144.0,18.0,5.0,False,1.0,20.0,20.0,False
20,10,_original_nint128_seed13,3,3,7,1;3;8,False,False,,3;8,1,18.0,40.0,1022.0,21.0,5.0,False,1.0,18.0,18.0,False
20,10,_original_nint128_seed13,3,3,7,1;5;8,False,False,,5;8,1,14.0,29.0,936.0,29.0,5.0,False,1.0,14.0,14.0,False
20,10,_original_nint128_seed13,3,3,7,1;8;9,False,False,,8;9,1,19.0,42.0,1025.0,20.0,5.0,False,1.0,19.0,19.0,False
20,10,_original_nint128_seed13,3,3,7,1;5;6,False,False,,1;5,6,15.0,31.0,938.0,28.0,5.0,False,1.0,15.0,15.0,False
20,10,_original_nint128_seed13,3,3,7,3;5;6,False,False,,3;5,6,16.0,32.0,843.0,29.0,5.0,False,1.0,16.0,16.0,False
20,10,_original_nint128_seed13,3,3,7,5;6;7,False,False,,5;7,6,16.0,33.0,962.0,26.0,5.0,False,1.0,16.0,16.0,False
20,10,_original_nint128_seed13,3,3,7,5;6;8,False,False,,5;8,6,15.0,35.0,854.0,29.0,5.0,False,1.0,15.0,15.0,False
20,10,_original_nint128_seed13,3,3,7,1;3;5,False,False,,1;5,3,14.0,30.0,915.0,30.0,5.0,False,1.0,14.0,14.0,False
20,10,_original_nint128_seed13,3,3,7,3;5;7,False,False,,3;5,7,15.0,32.0,939.0,28.0,5.0,False,1.0,15.0,15.0,False
20,10,_original_nint128_seed13,3,3,7,3;5;8,False,False,,5;8,3,13.0,29.0,841.0,30.0,5.0,False,1.0,13.0,13.0,False
20,10,_original_nint128_seed13,3,3,7,1;3;6,False,False,,1;3,6,19.0,42.0,1024.0,20.0,5.0,False,1.0,19.0,19.0,False
20,10,_original_nint128_seed13,3,3,7,3;6;7,False,False,,3;7,6,20.0,44.0,1048.0,18.0,5.0,False,1.0,20.0,20.0,False
20,10,_original_nint128_seed13,3,3,7,3;6;8,False,False,,3;8,6,19.0,46.0,940.0,21.0,5.0,False,1.0,19.0,19.0,False
20,10,_original_nint128_seed13,3,3,7,0;1;9,False,False,,1;9,0,19.0,44.0,1135.0,17.0,5.0,False,1.0,19.0,19.0,False
20,10,_original_nint128_seed13,3,3,7,1;2;5,False,False,,1;5,2,14.0,30.0,931.0,28.0,5.0,False,1.0,14.0,14.0,False
20,10,_original_nint128_seed13,3,3,7,2;5;7,False,False,,2;5,7,15.0,32.0,955.0,26.0,5.0,False,1.0,15.0,15.0,False
20,10,_original_nint128_seed13,3,3,7,0;8;9,False,False,,8;9,0,18.0,43.0,1061.0,17.0,5.0,False,1.0,18.0,18.0,False
20,10,_original_nint128_seed13,4,4,6,0;1;2;9,False,False,,1;2;9,0,14.0,34.0,965.0,24.0,5.0,False,1.0,14.0,14.0,False
20,10,_original_nint128_seed13,4,4,6,1;2;3;9,False,False,,1;2;3,9,14.0,32.0,815.0,28.0,5.0,False,1.0,14.0,14.0,False
20,10,_original_nint128_seed13,4,4,6,1;2;4;9,False,False,,1;2;9,4,15.0,35.0,946.0,22.0,5.0,False,1.0,15.0,15.0,False
20,10,_original_nint128_seed13,4,4,6,1;2;5;9,False,False,,1;2;5,9,12.0,25.0,750.0,36.0,5.0,False,1.0,12.0,12.0,False
20,10,_original_nint128_seed13,4,4,6,1;2;6;9,False,False,,1;2;9,6,14.0,31.0,858.0,25.0,5.0,False,1.0,14.0,14.0,False
20,10,_original_nint128_seed13,4,4,6,1;2;7;9,False,False,,1;2;9,7,15.0,36.0,952.0,26.0,5.0,False,1.0,15.0,15.0,False
20,10,_original_nint128_seed13,4,4,6,1;2;8;9,False,False,,2;8;9,1,13.0,29.0,856.0,26.0,5.0,False,1.0,13.0,13.0,False
20,10,_original_nint128_seed13,4,4,6,0;1;2;7,False,False,,0;1;2,7,17.0,42.0,1070.0,25.0,5.0,False,1.0,17.0,17.0,False
20,10,_original_nint128_seed13,4,4,6,0;1;3;7,False,False,,0;1;3,7,16.0,38.0,1064.0,25.0,5.0,False,1.0,16.0,16.0,False
20,10,_original_nint128_seed13,4,4,6,0;1;4;7,False,False,,0;1;4,7,20.0,48.0,1166.0,21.0,5.0,False,1.0,20.0,20.0,False
20,10,_original_nint128_seed13,4,4,6,0;1;5;7,False,False,,0;1;5,7,14.0,31.0,977.0,34.0,5.0,False,1.0,14.0,14.0,False
20,10,_original_nint128_seed13,4,4,6,0;1;7;8,False,False,,0;1;8,7,19.0,44.0,1076.0,25.0,5.0,False,1.0,19.0,19.0,False
20,10,_original_nint128_seed13,4,4,6,0;1;7;9,False,False,,0;1;9,7,17.0,40.0,1067.0,24.0,5.0,False,1.0,17.0,17.0,False
20,10,_original_nint128_seed13,4,4,6,0;2;6;9,False,False,,2;6;9,0,16.0,36.0,893.0,23.0,5.0,False,1.0,16.0,16.0,False
20,10,_original_nint128_seed13,4,4,6,2;3;6;9,False,False,,2;3;6,9,16.0,34.0,743.0,27.0,5.0,False,1.0,16.0,16.0,False
20,10,_original_nint128_seed13,4,4,6,2;4;6;9,False,False,,2;6;9,4,17.0,37.0,874.0,21.0,5.0,False,1.0,17.0,17.0,False
20,10,_original_nint128_seed13,4,4,6,2;5;6;9,False,False,,2;5;6,9,14.0,27.0,678.0,35.0,5.0,False,1.0,14.0,14.0,False
20,10,_original_nint128_seed13,4,4,6,2;6;7;9,False,False,,2;7;9,6,15.0,33.0,882.0,23.0,5.0,False,1.0,15.0,15.0,False
20,10,_original_nint128_seed13,4,4,6,2;6;8;9,False,False,,2;8;9,6,14.0,35.0,774.0,26.0,5.0,False,1.0,14.0,14.0,False
20,10,_original_nint128_seed13,4,4,6,0;2;7;8,False,False,,2;7;8,0,16.0,37.0,998.0,23.0,5.0,False,1.0,16.0,16.0,False
20,10,_original_nint128_seed13,4,4,6,1;2;7;8,False,False,,1;2;8,7,16.0,39.0,961.0,27.0,5.0,False,1.0,16.0,16.0,False
20,10,_original_nint128_seed13,4,4,6,2;3;7;8,False,False,,2;3;8,7,13.0,31.0,867.0,26.0,5.0,False,1.0,13.0,13.0,False
20,10,_original_nint128_seed13,4,4,6,2;4;7;8,False,False,,2;7;8,4,16.0,38.0,979.0,21.0,5.0,False,1.0,16.0,16.0,False
20,10,_original_nint128_seed13,4,4,6,2;5;7;8,False,False,,2;5;8,7,11.0,21.0,791.0,33.0,5.0,False,1.0,11.0,11.0,False
20,10,_original_nint128_seed13,4,4,6,2;6;7;8,False,False,,2;7;8,6,16.0,39.0,881.0,25.0,5.0,False,1.0,16.0,16.0,False
20,10,_original_nint128_seed13,4,4,6,2;7;8;9,False,False,,2;8;9,7,14.0,31.0,880.0,24.0,5.0,False,1.0,14.0,14.0,False
20,10,_original_nint128_seed13,4,4,6,0;4;7;9,False,False,,0;7;9,4,18.0,41.0,1085.0,18.0,5.0,False,1.0,18.0,18.0,False
20,10,_original_nint128_seed13,4,4,6,1;4;7;9,False,False,,1;4;9,7,19.0,44.0,1047.0,23.0,5.0,False,1.0,19.0,19.0,False
20,10,_original_nint128_seed13,4,4,6,2;4;7;9,False,False,,2;7;9,4,16.0,37.0,970.0,20.0,5.0,False,1.0,16.0,16.0,False
20,10,_original_nint128_seed13,4,4,6,3;4;7;9,False,False,,3;7;9,4,17.0,38.0,944.0,22.0,5.0,False,1.0,17.0,17.0,False
20,10,_original_nint128_seed13,4,4,6,4;6;7;9,False,False,,6;7;9,4,19.0,41.0,977.0,20.0,5.0,False,1.0,19.0,19.0,False
20,10,_original_nint128_seed13,4,4,6,4;7;8;9,False,False,,7;8;9,4,18.0,39.0,975.0,21.0,5.0,False,1.0,18.0,18.0,False
20,10,_original_nint128_seed13,4,4,6,0;1;2;4,False,False,,0;1;2,4,17.0,41.0,1064.0,21.0,5.0,False,1.0,17.0,17.0,False
20,10,_original_nint128_seed13,4,4,6,0;2;3;4,False,False,,0;2;3,4,17.0,40.0,968.0,22.0,5.0,False,1.0,17.0,17.0,False
20,10,_original_nint128_seed13,4,4,6,0;2;4;6,False,False,,0;2;6,4,19.0,43.0,992.0,20.0,5.0,False,1.0,19.0,19.0,False
20,10,_original_nint128_seed13,4,4,6,0;2;4;7,False,False,,0;2;7,4,18.0,43.0,1088.0,19.0,5.0,False,1.0,18.0,18.0,False
20,10,_original_nint128_seed13,4,4,6,0;2;4;8,False,False,,0;2;8,4,16.0,40.0,990.0,21.0,5.0,False,1.0,16.0,16.0,False
20,10,_original_nint128_seed13,4,4,6,0;2;4;9,False,False,,0;2;9,4,17.0,40.0,981.0,20.0,5.0,False,1.0,17.0,17.0,False
20,10,_original_nint128_seed13,4,4,6,0;3;5;9,False,False,,0;3;5,9,15.0,32.0,750.0,37.0,5.0,False,1.0,15.0,15.0,False
20,10,_original_nint128_seed13,4,4,6,1;3;5;9,False,False,,1;3;5,9,12.0,27.0,715.0,39.0,5.0,False,1.0,12.0,12.0,False
20,10,_original_nint128_seed13,4,4,6,2;3;5;9,False,False,,2;3;5,9,15.0,32.0,626.0,39.0,5.0,False,1.0,15.0,15.0,False
20,10,_original_nint128_seed13,4,4,6,3;5;6;9,False,False,,3;5;6,9,14.0,29.0,643.0,38.0,5.0,False,1.0,14.0,14.0,False
20,10,_original_nint128_seed13,4,4,6,3;5;7;9,False,False,,3;5;7,9,13.0,29.0,739.0,37.0,5.0,False,1.0,13.0,13.0,False
20,10,_original_nint128_seed13,4,4,6,3;5;8;9,False,False,,3;5;8,9,11.0,26.0,641.0,39.0,5.0,False,1.0,11.0,11.0,False
20,10,_original_nint128_seed13,4,4,6,1;2;4;8,False,False,,1;2;8,4,15.0,36.0,955.0,23.0,5.0,False,1.0,15.0,15.0,False
20,10,_original_nint128_seed13,4,4,6,2;3;4;8,False,False,,2;3;8,4,13.0,34.0,859.0,24.0,5.0,False,1.0,13.0,13.0,False
20,10,_original_nint128_seed13,4,4,6,2;4;6;8,False,False,,2;4;8,6,16.0,42.0,873.0,23.0,5.0,False,1.0,16.0,16.0,False
20,10,_original_nint128_seed13,4,4,6,2;4;8;9,False,False,,2;8;9,4,14.0,34.0,872.0,22.0,5.0,False,1.0,14.0,14.0,False
20,10,_original_nint128_seed13,4,4,6,0;1;4;6,False,False,,0;1;6,4,19.0,43.0,1072.0,20.0,5.0,False,1.0,19.0,19.0,False
20,10,_original_nint128_seed13,4,4,6,0;3;4;6,False,False,,0;3;6,4,18.0,39.0,986.0,20.0,5.0,False,1.0,18.0,18.0,False
20,10,_original_nint128_seed13,4,4,6,0;4;6;7,False,False,,0;6;7,4,20.0,45.0,1096.0,18.0,5.0,False,1.0,20.0,20.0,False
20,10,_original_nint128_seed13,4,4,6,0;4;6;8,False,False,,0;4;8,6,19.0,47.0,988.0,21.0,5.0,False,1.0,19.0,19.0,False
20,10,_original_nint128_seed13,4,4,6,0;4;6;9,False,False,,0;6;9,4,19.0,41.0,989.0,19.0,5.0,False,1.0,19.0,19.0,False
20,10,_original_nint128_seed13,4,4,6,0;4;7;8,False,False,,0;7;8,4,19.0,43.0,1094.0,19.0,5.0,False,1.0,19.0,19.0,False
20,10,_original_nint128_seed13,4,4,6,1;4;7;8,False,False,,1;4;8,7,21.0,48.0,1056.0,24.0,5.0,False,1.0,21.0,21.0,False
20,10,_original_nint128_seed13,4,4,6,3;4;7;8,False,False,,3;7;8,4,17.0,37.0,972.0,22.0,5.0,False,1.0,17.0,17.0,False
20,10,_original_nint128_seed13,4,4,6,4;6;7;8,False,False,,4;7;8,6,21.0,48.0,976.0,22.0,5.0,False,1.0,21.0,21.0,False
20,10,_original_nint128_seed13,4,4,6,1;2;3;7,False,False,,1;2;3,7,14.0,36.0,939.0,28.0,5.0,False,1.0,14.0,14.0,False
20,10,_original_nint128_seed13,4,4,6,1;3;4;7,False,False,,1;3;4,7,18.0,42.0,1044.0,24.0,5.0,False,1.0,18.0,18.0,False
20,10,_original_nint128_seed13,4,4,6,1;3;5;7,False,False,,1;3;5,7,12.0,26.0,847.0,37.0,5.0,False,1.0,12.0,12.0,False
20,10,_original_nint128_seed13,4,4,6,1;3;7;8,False,False,,1;3;8,7,17.0,38.0,954.0,28.0,5.0,False,1.0,17.0,17.0,False
20,10,_original_nint128_seed13,4,4,6,1;3;7;9,False,False,,1;3;9,7,16.0,37.0,926.0,28.0,5.0,False,1.0,16.0,16.0,False
20,10,_original_nint128_seed13,4,4,6,0;3;4;8,False,False,,0;3;8,4,15.0,36.0,984.0,21.0,5.0,False,1.0,15.0,15.0,False
20,10,_original_nint128_seed13,4,4,6,1;3;4;8,False,False,,1;3;8,4,16.0,35.0,948.0,24.0,5.0,False,1.0,16.0,16.0,False
20,10,_original_nint128_seed13,4,4,6,3;4;6;8,False,False,,3;4;8,6,17.0,41.0,866.0,24.0,5.0,False,1.0,17.0,17.0,False
20,10,_original_nint128_seed13,4,4,6,3;4;8;9,False,False,,3;8;9,4,15.0,35.0,846.0,24.0,5.0,False,1.0,15.0,15.0,False
20,10,_original_nint128_seed13,4,4,6,0;2;5;9,False,False,,2;5;9,0,15.0,34.0,784.0,35.0,5.0,False,1.0,15.0,15.0,False
20,10,_original_nint128_seed13,4,4,6,2;5;7;9,False,False,,2;5;7,9,13.0,27.0,774.0,34.0,5.0,False,1.0,13.0,13.0,False
20,10,_original_nint128_seed13,4,4,6,2;5;8;9,False,False,,2;5;8,9,11.0,24.0,676.0,36.0,5.0,False,1.0,11.0,11.0,False
20,10,_original_nint128_seed13,4,4,6,0;7;8;9,False,False,,0;8;9,7,16.0,35.0,995.0,22.0,5.0,False,1.0,16.0,16.0,False
20,10,_original_nint128_seed13,4,4,6,1;7;8;9,False,False,,1;8;9,7,18.0,40.0,957.0,27.0,5.0,False,1.0,18.0,18.0,False
20,10,_original_nint128_seed13,4,4,6,3;7;8;9,False,False,,3;8;9,7,15.0,32.0,854.0,26.0,5.0,False,1.0,15.0,15.0,False
20,10,_original_nint128_seed13,4,4,6,5;7;8;9,False,False,,5;7;8,9,12.0,25.0,779.0,35.0,5.0,False,1.0,12.0,12.0,False
20,10,_original_nint128_seed13,4,4,6,6;7;8;9,False,False,,7;8;9,6,18.0,40.0,877.0,25.0,5.0,False,1.0,18.0,18.0,False
20,10,_original_nint128_seed13,4,4,6,0;1;6;9,False,False,,0;1;9,6,16.0,35.0,973.0,23.0,5.0,False,1.0,16.0,16.0,False
20,10,_original_nint128_seed13,4,4,6,0;3;6;9,False,False,,0;3;9,6,16.0,34.0,868.0,24.0,5.0,False,1.0,16.0,16.0,False
20,10,_original_nint128_seed13,4,4,6,0;5;6;9,False,False,,5;6;9,0,15.0,30.0,792.0,34.0,5.0,False,1.0,15.0,15.0,False
20,10,_original_nint128_seed13,4,4,6,0;6;7;9,False,False,,0;7;9,6,17.0,37.0,997.0,21.0,5.0,False,1.0,17.0,17.0,False
20,10,_original_nint128_seed13,4,4,6,0;6;8;9,False,False,,0;8;9,6,16.0,39.0,889.0,24.0,5.0,False,1.0,16.0,16.0,False
20,10,_original_nint128_seed13,4,4,6,0;1;3;9,False,False,,1;3;9,0,14.0,32.0,940.0,25.0,5.0,False,1.0,14.0,14.0,False
20,10,_original_nint128_seed13,4,4,6,0;1;4;9,False,False,,0;1;9,4,17.0,39.0,1061.0,20.0,5.0,False,1.0,17.0,17.0,False
20,10,_original_nint128_seed13,4,4,6,0;1;5;9,False,False,,1;5;9,0,13.0,28.0,864.0,35.0,5.0,False,1.0,13.0,13.0,False
20,10,_original_nint128_seed13,4,4,6,0;1;8;9,False,False,,1;8;9,0,15.0,33.0,971.0,24.0,5.0,False,1.0,15.0,15.0,False
20,10,_original_nint128_seed13,4,4,6,0;2;6;7,False,False,,2;6;7,0,17.0,39.0,1000.0,22.0,5.0,False,1.0,17.0,17.0,False
20,10,_original_nint128_seed13,4,4,6,2;3;6;7,False,False,,2;3;7,6,14.0,33.0,869.0,25.0,5.0,False,1.0,14.0,14.0,False
20,10,_original_nint128_seed13,4,4,6,2;4;6;7,False,False,,2;6;7,4,17.0,40.0,981.0,20.0,5.0,False,1.0,17.0,17.0,False
20,10,_original_nint128_seed13,4,4,6,2;5;6;7,False,False,,2;5;7,6,12.0,23.0,793.0,32.0,5.0,False,1.0,12.0,12.0,False
20,10,_original_nint128_seed13,4,4,6,0;5;7;9,False,False,,5;7;9,0,14.0,30.0,888.0,33.0,5.0,False,1.0,14.0,14.0,False
20,10,_original_nint128_seed13,4,4,6,1;5;7;9,False,False,,1;5;9,7,13.0,30.0,851.0,37.0,5.0,False,1.0,13.0,13.0,False
20,10,_original_nint128_seed13,4,4,6,5;6;7;9,False,False,,5;6;7,9,13.0,27.0,781.0,34.0,5.0,False,1.0,13.0,13.0,False
20,10,_original_nint128_seed13,4,4,6,0;4;8;9,False,False,,0;8;9,4,16.0,38.0,987.0,20.0,5.0,False,1.0,16.0,16.0,False
20,10,_original_nint128_seed13,4,4,6,1;4;8;9,False,False,,1;8;9,4,17.0,37.0,951.0,23.0,5.0,False,1.0,17.0,17.0,False
20,10,_original_nint128_seed13,4,4,6,4;6;8;9,False,False,,4;8;9,6,18.0,43.0,869.0,23.0,5.0,False,1.0,18.0,18.0,False
20,10,_original_nint128_seed13,4,4,6,1;3;4;9,False,False,,1;3;9,4,16.0,36.0,920.0,24.0,5.0,False,1.0,16.0,16.0,False
20,10,_original_nint128_seed13,4,4,6,1;3;6;9,False,False,,1;3;9,6,15.0,32.0,832.0,27.0,5.0,False,1.0,15.0,15.0,False
20,10,_original_nint128_seed13,4,4,6,1;3;8;9,False,False,,3;8;9,1,14.0,30.0,830.0,28.0,5.0,False,1.0,14.0,14.0,False
20,10,_original_nint128_seed13,4,4,6,0;2;3;8,False,False,,2;3;8,0,13.0,33.0,878.0,26.0,5.0,False,1.0,13.0,13.0,False
20,10,_original_nint128_seed13,4,4,6,1;2;3;8,False,False,,2;3;8,1,12.0,29.0,843.0,28.0,5.0,False,1.0,12.0,12.0,False
20,10,_original_nint128_seed13,4,4,6,2;3;5;8,False,False,,2;5;8,3,10.0,22.0,662.0,37.0,5.0,False,1.0,10.0,10.0,False
20,10,_original_nint128_seed13,4,4,6,2;3;6;8,False,False,,2;3;8,6,13.0,35.0,761.0,28.0,5.0,False,1.0,13.0,13.0,False
20,10,_original_nint128_seed13,4,4,6,2;3;8;9,False,False,,2;3;8,9,13.0,31.0,741.0,28.0,5.0,False,1.0,13.0,13.0,False
20,10,_original_nint128_seed13,4,4,6,0;1;2;3,False,False,,1;2;3,0,14.0,34.0,952.0,26.0,5.0,False,1.0,14.0,14.0,False
20,10,_original_nint128_seed13,4,4,6,0;1;3;4,False,False,,0;1;3,4,16.0,37.0,1058.0,21.0,5.0,False,1.0,16.0,16.0,False
20,10,_original_nint128_seed13,4,4,6,0;1;3;5,False,False,,1;3;5,0,12.0,25.0,860.0,35.0,5.0,False,1.0,12.0,12.0,False
20,10,_original_nint128_seed13,4,4,6,0;1;3;6,False,False,,0;1;3,6,15.0,33.0,970.0,24.0,5.0,False,1.0,15.0,15.0,False
20,10,_original_nint128_seed13,4,4,6,0;1;3;8,False,False,,1;3;8,0,14.0,31.0,968.0,25.0,5.0,False,1.0,14.0,14.0,False
20,10,_original_nint128_seed13,4,4,6,0;1;4;8,False,False,,0;1;8,4,18.0,41.0,1070.0,21.0,5.0,False,1.0,18.0,18.0,False
20,10,_original_nint128_seed13,4,4,6,3;4;6;7,False,False,,3;6;7,4,18.0,39.0,974.0,21.0,5.0,False,1.0,18.0,18.0,False
20,10,_original_nint128_seed13,4,4,6,0;3;5;8,False,False,,3;5;8,0,11.0,24.0,786.0,35.0,5.0,False,1.0,11.0,11.0,False
20,10,_original_nint128_seed13,4,4,6,1;3;5;8,False,False,,3;5;8,1,10.0,19.0,751.0,37.0,5.0,False,1.0,10.0,10.0,False
20,10,_original_nint128_seed13,4,4,6,3;5;6;8,False,False,,3;5;8,6,11.0,25.0,669.0,37.0,5.0,False,1.0,11.0,11.0,False
20,10,_original_nint128_seed13,4,4,6,3;5;7;8,False,False,,3;5;8,7,11.0,21.0,775.0,35.0,5.0,False,1.0,11.0,11.0,False
20,10,_original_nint128_seed13,4,4,6,1;2;3;6,False,False,,1;2;3,6,13.0,31.0,845.0,27.0,5.0,False,1.0,13.0,13.0,False
20,10,_original_nint128_seed13,4,4,6,1;3;4;6,False,False,,1;3;6,4,17.0,37.0,950.0,23.0,5.0,False,1.0,17.0,17.0,False
20,10,_original_nint128_seed13,4,4,6,1;3;5;6,False,False,,1;3;5,6,11.0,21.0,753.0,36.0,5.0,False,1.0,11.0,11.0,False
20,10,_original_nint128_seed13,4,4,6,0;3;6;7,False,False,,0;3;7,6,16.0,35.0,994.0,22.0,5.0,False,1.0,16.0,16.0,False
20,10,_original_nint128_seed13,4,4,6,0;5;6;7,False,False,,5;6;7,0,14.0,28.0,907.0,31.0,5.0,False,1.0,14.0,14.0,False
20,10,_original_nint128_seed13,4,4,6,0;6;7;8,False,False,,0;7;8,6,19.0,44.0,996.0,23.0,5.0,False,1.0,19.0,19.0,False
20,10,_original_nint128_seed13,4,4,6,1;2;3;4,False,False,,1;2;3,4,14.0,35.0,933.0,24.0,5.0,False,1.0,14.0,14.0,False
20,10,_original_nint128_seed13,4,4,6,2;3;4;6,False,False,,2;3;6,4,16.0,37.0,861.0,23.0,5.0,False,1.0,16.0,16.0,False
20,10,_original_nint128_seed13,4,4,6,2;3;4;7,False,False,,2;3;7,4,15.0,37.0,957.0,22.0,5.0,False,1.0,15.0,15.0,False
20,10,_original_nint128_seed13,4,4,6,2;3;4;9,False,False,,2;3;9,4,17.0,38.0,831.0,24.0,5.0,False,1.0,17.0,17.0,False
20,10,_original_nint128_seed13,4,4,6,1;4;6;9,False,False,,1;6;9,4,18.0,39.0,953.0,22.0,5.0,False,1.0,18.0,18.0,False
20,10,_original_nint128_seed13,4,4,6,3;4;6;9,False,False,,3;6;9,4,18.0,38.0,848.0,23.0,5.0,False,1.0,18.0,18.0,False
20,10,_original_nint128_seed13,4,4,6,3;6;7;8,False,False,,3;7;8,6,17.0,38.0,874.0,26.0,5.0,False,1.0,17.0,17.0,False
20,10,_original_nint128_seed13,4,4,6,5;6;7;8,False,False,,5;7;8,6,13.0,27.0,788.0,34.0,5.0,False,1.0,13.0,13.0,False
20,10,_original_nint128_seed13,4,4,6,1;2;5;7,False,False,,1;2;5,7,12.0,26.0,863.0,35.0,5.0,False,1.0,12.0,12.0,False
20,10,_original_nint128_seed13,4,4,6,1;5;7;8,False,False,,1;5;8,7,13.0,27.0,868.0,36.0,5.0,False,1.0,13.0,13.0,False
20,10,_original_nint128_seed13,4,4,6,0;2;3;5,False,False,,2;3;5,0,15.0,32.0,770.0,36.0,5.0,False,1.0,15.0,15.0,False
20,10,_original_nint128_seed13,4,4,6,0;3;5;6,False,False,,3;5;6,0,14.0,27.0,788.0,34.0,5.0,False,1.0,14.0,14.0,False
20,10,_original_nint128_seed13,4,4,6,0;3;5;7,False,False,,3;5;7,0,13.0,27.0,884.0,33.0,5.0,False,1.0,13.0,13.0,False
20,10,_original_nint128_seed13,4,4,6,1;2;4;6,False,False,,1;2;6,4,16.0,38.0,957.0,22.0,5.0,False,1.0,16.0,16.0,False
20,10,_original_nint128_seed13,4,4,6,2;3;7;9,False,False,,2;3;7,9,15.0,34.0,839.0,26.0,5.0,False,1.0,15.0,15.0,False
20,10,_original_nint128_seed13,4,4,6,0;2;3;6,False,False,,2;3;6,0,16.0,36.0,880.0,25.0,5.0,False,1.0,16.0,16.0,False
20,10,_original_nint128_seed13,4,4,6,0;2;3;7,False,False,,2;3;7,0,15.0,36.0,976.0,24.0,5.0,False,1.0,15.0,15.0,False
20,10,_original_nint128_seed13,4,4,6,1;2;4;7,False,False,,1;2;4,7,17.0,43.0,1051.0,23.0,5.0,False,1.0,17.0,17.0,False
20,10,_original_nint128_seed13,4,4,6,1;2;3;5,False,False,,1;2;5,3,11.0,23.0,736.0,37.0,5.0,False,1.0,11.0,11.0,False
20,10,_original_nint128_seed13,4,4,6,2;3;5;6,False,False,,2;5;6,3,13.0,25.0,664.0,36.0,5.0,False,1.0,13.0,13.0,False
20,10,_original_nint128_seed13,4,4,6,2;3;5;7,False,False,,2;5;7,3,12.0,25.0,760.0,35.0,5.0,False,1.0,12.0,12.0,False
20,10,_original_nint128_seed13,4,4,6,1;5;6;9,False,False,,1;5;6,9,12.0,25.0,757.0,36.0,5.0,False,1.0,12.0,12.0,False
20,10,_original_nint128_seed13,4,4,6,5;6;8;9,False,False,,5;8;9,6,12.0,29.0,673.0,37.0,5.0,False,1.0,12.0,12.0,False
20,10,_original_nint128_seed13,4,4,6,1;5;8;9,False,False,,1;5;8,9,11.0,23.0,755.0,37.0,5.0,False,1.0,11.0,11.0,False
20,10,_original_nint128_seed13,4,4,6,3;6;8;9,False,False,,3;8;9,6,15.0,36.0,748.0,28.0,5.0,False,1.0,15.0,15.0,False
20,10,_original_nint128_seed13,4,4,6,0;2;5;8,False,False,,2;5;8,0,12.0,27.0,801.0,34.0,5.0,False,1.0,12.0,12.0,False
20,10,_original_nint128_seed13,4,4,6,1;2;5;8,False,False,,2;5;8,1,10.0,19.0,767.0,35.0,5.0,False,1.0,10.0,10.0,False
20,10,_original_nint128_seed13,4,4,6,2;5;6;8,False,False,,2;5;8,6,11.0,25.0,685.0,35.0,5.0,False,1.0,11.0,11.0,False
20,10,_original_nint128_seed13,4,4,6,0;1;2;6,False,False,,1;2;6,0,16.0,37.0,976.0,24.0,5.0,False,1.0,16.0,16.0,False
20,10,_original_nint128_seed13,4,4,6,1;2;5;6,False,False,,1;2;5,6,11.0,21.0,769.0,34.0,5.0,False,1.0,11.0,11.0,False
20,10,_original_nint128_seed13,4,4,6,0;3;4;7,False,False,,0;3;7,4,17.0,39.0,1082.0,19.0,5.0,False,1.0,17.0,17.0,False
20,10,_original_nint128_seed13,4,4,6,0;3;4;9,False,False,,0;3;9,4,17.0,38.0,956.0,21.0,5.0,False,1.0,17.0,17.0,False
20,10,_original_nint128_seed13,4,4,6,0;2;5;7,False,False,,2;5;7,0,14.0,30.0,899.0,32.0,5.0,False,1.0,14.0,14.0,False
20,10,_original_nint128_seed13,4,4,6,0;5;8;9,False,False,,5;8;9,0,12.0,27.0,790.0,35.0,5.0,False,1.0,12.0,12.0,False
20,10,_original_nint128_seed13,4,4,6,0;3;6;8,False,False,,0;3;8,6,15.0,37.0,886.0,25.0,5.0,False,1.0,15.0,15.0,False
20,10,_original_nint128_seed13,4,4,6,0;3;7;8,False,False,,0;3;8,7,15.0,33.0,992.0,23.0,5.0,False,1.0,15.0,15.0,False
20,10,_original_nint128_seed13,4,4,6,0;3;8;9,False,False,,3;8;9,0,13.0,31.0,866.0,25.0,5.0,False,1.0,13.0,13.0,False
20,10,_original_nint128_seed13,4,4,6,0;2;7;9,False,False,,2;7;9,0,15.0,36.0,989.0,22.0,5.0,False,1.0,15.0,15.0,False
20,10,_original_nint128_seed13,4,4,6,3;5;6;7,False,False,,3;5;7,6,12.0,23.0,777.0,34.0,5.0,False,1.0,12.0,12.0,False
20,10,_original_nint128_seed13,4,4,6,0;5;7;8,False,False,,5;7;8,0,13.0,26.0,905.0,32.0,5.0,False,1.0,13.0,13.0,False
20,10,_original_nint128_seed13,4,4,6,0;1;5;8,False,False,,1;5;8,0,12.0,24.0,881.0,34.0,5.0,False,1.0,12.0,12.0,False
20,10,_original_nint128_seed13,4,4,6,0;1;2;5,False,False,,1;2;5,0,13.0,28.0,875.0,34.0,5.0,False,1.0,13.0,13.0,False
20,10,_original_nint128_seed13,4,4,6,0;2;5;6,False,False,,2;5;6,0,15.0,30.0,803.0,33.0,5.0,False,1.0,15.0,15.0,False
20,10,_original_nint128_seed13,4,4,6,3;6;7;9,False,False,,3;7;9,6,16.0,34.0,856.0,25.0,5.0,False,1.0,16.0,16.0,False
20,10,_original_nint128_seed13,4,4,6,0;1;2;8,False,False,,1;2;8,0,15.0,35.0,974.0,25.0,5.0,False,1.0,15.0,15.0,False
20,10,_original_nint128_seed13,4,4,6,0;2;8;9,False,False,,2;8;9,0,13.0,33.0,891.0,24.0,5.0,False,1.0,13.0,13.0,False
20,10,_original_nint128_seed13,4,4,6,0;2;6;8,False,False,,0;2;8,6,16.0,41.0,892.0,25.0,5.0,False,1.0,16.0,16.0,False
20,10,_original_nint128_seed13,4,4,6,0;5;6;8,False,False,,0;5;8,6,13.0,30.0,799.0,34.0,5.0,False,1.0,13.0,13.0,False
20,10,_original_nint128_seed13,4,4,6,0;1;5;6,False,False,,1;5;6,0,13.0,26.0,883.0,33.0,5.0,False,1.0,13.0,13.0,False
20,10,_original_nint128_seed13,4,4,6,0;3;7;9,False,False,,0;3;9,7,15.0,34.0,964.0,23.0,5.0,False,1.0,15.0,15.0,False
20,10,_original_nint128_seed13,5,5,5,0;2;5;6;8,False,False,,2;5;6;8,0,10.0,23.0,629.0,41.0,5.0,False,1.0,10.0,10.0,False
20,10,_original_nint128_seed13,5,5,5,2;3;5;6;8,False,False,,2;3;5;8,6,8.0,18.0,490.0,44.0,5.0,False,1.0,8.0,8.0,False
20,10,_original_nint128_seed13,5,5,5,2;5;6;7;8,False,False,,2;5;7;8,6,9.0,17.0,619.0,40.0,5.0,False,1.0,9.0,9.0,False
20,10,_original_nint128_seed13,5,5,5,2;5;6;8;9,False,False,,2;5;8;9,6,9.0,20.0,504.0,43.0,5.0,False,1.0,9.0,9.0,False
20,10,_original_nint128_seed13,5,5,5,0;1;2;3;8,False,False,,1;2;3;8,0,10.0,23.0,788.0,33.0,5.0,False,1.0,10.0,10.0,False
20,10,_original_nint128_seed13,5,5,5,1;2;3;4;8,False,False,,1;2;3;8,4,10.0,24.0,769.0,31.0,5.0,False,1.0,10.0,10.0,False
20,10,_original_nint128_seed13,5,5,5,1;2;3;5;8,False,False,,1;2;5;8,3,7.0,12.0,572.0,44.0,5.0,False,1.0,7.0,7.0,False
20,10,_original_nint128_seed13,5,5,5,1;2;3;7;8,False,False,,1;2;3;8,7,11.0,27.0,775.0,35.0,5.0,False,1.0,11.0,11.0,False
20,10,_original_nint128_seed13,5,5,5,1;2;3;8;9,False,False,,1;2;3;8,9,10.0,21.0,651.0,35.0,5.0,False,1.0,10.0,10.0,False
20,10,_original_nint128_seed13,5,5,5,0;2;3;5;6,False,False,,2;3;5;6,0,12.0,23.0,608.0,42.0,5.0,False,1.0,12.0,12.0,False
20,10,_original_nint128_seed13,5,5,5,1;2;3;5;6,False,False,,1;2;5;6,3,8.0,14.0,574.0,43.0,5.0,False,1.0,8.0,8.0,False
20,10,_original_nint128_seed13,5,5,5,2;3;5;6;7,False,False,,2;5;6;7,3,9.0,16.0,598.0,41.0,5.0,False,1.0,9.0,9.0,False
20,10,_original_nint128_seed13,5,5,5,2;3;5;6;9,False,False,,2;3;5;6,9,12.0,23.0,464.0,45.0,5.0,False,1.0,12.0,12.0,False
20,10,_original_nint128_seed13,5,5,5,0;1;2;7;8,False,False,,0;1;2;8,7,14.0,33.0,906.0,32.0,5.0,False,1.0,14.0,14.0,False
20,10,_original_nint128_seed13,5,5,5,0;2;3;7;8,False,False,,2;3;7;8,0,11.0,25.0,812.0,31.0,5.0,False,1.0,11.0,11.0,False
20,10,_original_nint128_seed13,5,5,5,0;2;4;7;8,False,False,,0;2;7;8,4,14.0,32.0,924.0,26.0,5.0,False,1.0,14.0,14.0,False
20,10,_original_nint128_seed13,5,5,5,0;2;5;7;8,False,False,,2;5;7;8,0,10.0,19.0,735.0,39.0,5.0,False,1.0,10.0,10.0,False
20,10,_original_nint128_seed13,5,5,5,0;2;6;7;8,False,False,,0;2;7;8,6,14.0,33.0,826.0,30.0,5.0,False,1.0,14.0,14.0,False
20,10,_original_nint128_seed13,5,5,5,0;2;7;8;9,False,False,,2;7;8;9,0,11.0,25.0,825.0,29.0,5.0,False,1.0,11.0,11.0,False
20,10,_original_nint128_seed13,5,5,5,0;5;6;7;8,False,False,,0;5;7;8,6,11.0,22.0,733.0,39.0,5.0,False,1.0,11.0,11.0,False
20,10,_original_nint128_seed13,5,5,5,3;5;6;7;8,False,False,,3;5;7;8,6,9.0,17.0,603.0,42.0,5.0,False,1.0,9.0,9.0,False
20,10,_original_nint128_seed13,5,5,5,5;6;7;8;9,False,False,,5;7;8;9,6,10.0,21.0,607.0,42.0,5.0,False,1.0,10.0,10.0,False
20,10,_original_nint128_seed13,5,5,5,0;1;2;4;9,False,False,,0;1;2;9,4,12.0,29.0,891.0,27.0,5.0,False,1.0,12.0,12.0,False
20,10,_original_nint128_seed13,5,5,5,0;2;4;6;9,False,False,,0;2;6;9,4,14.0,31.0,819.0,26.0,5.0,False,1.0,14.0,14.0,False
20,10,_original_nint128_seed13,5,5,5,0;2;4;7;9,False,False,,0;2;7;9,4,13.0,31.0,915.0,25.0,5.0,False,1.0,13.0,13.0,False
20,10,_original_nint128_seed13,5,5,5,0;2;4;8;9,False,False,,0;2;8;9,4,11.0,28.0,817.0,27.0,5.0,False,1.0,11.0,11.0,False
20,10,_original_nint128_seed13,5,5,5,0;3;4;7;8,False,False,,0;3;7;8,4,13.0,28.0,918.0,26.0,5.0,False,1.0,13.0,13.0,False
20,10,_original_nint128_seed13,5,5,5,1;3;4;7;8,False,False,,1;3;4;8,7,15.0,33.0,880.0,31.0,5.0,False,1.0,15.0,15.0,False
20,10,_original_nint128_seed13,5,5,5,2;3;4;7;8,False,False,,2;3;7;8,4,11.0,26.0,793.0,29.0,5.0,False,1.0,11.0,11.0,False
20,10,_original_nint128_seed13,5,5,5,3;4;6;7;8,False,False,,3;4;7;8,6,15.0,33.0,800.0,29.0,5.0,False,1.0,15.0,15.0,False
20,10,_original_nint128_seed13,5,5,5,3;4;7;8;9,False,False,,3;7;8;9,4,13.0,27.0,780.0,29.0,5.0,False,1.0,13.0,13.0,False
20,10,_original_nint128_seed13,5,5,5,0;1;3;4;6,False,False,,0;1;3;6,4,13.0,28.0,896.0,27.0,5.0,False,1.0,13.0,13.0,False
20,10,_original_nint128_seed13,5,5,5,0;2;3;4;6,False,False,,0;2;3;6,4,14.0,31.0,806.0,28.0,5.0,False,1.0,14.0,14.0,False
20,10,_original_nint128_seed13,5,5,5,0;3;4;6;7,False,False,,0;3;6;7,4,14.0,30.0,920.0,25.0,5.0,False,1.0,14.0,14.0,False
20,10,_original_nint128_seed13,5,5,5,0;3;4;6;8,False,False,,0;3;4;8,6,13.0,32.0,812.0,28.0,5.0,False,1.0,13.0,13.0,False
20,10,_original_nint128_seed13,5,5,5,0;3;4;6;9,False,False,,0;3;6;9,4,14.0,29.0,794.0,27.0,5.0,False,1.0,14.0,14.0,False
20,10,_original_nint128_seed13,5,5,5,0;1;3;4;7,False,False,,0;1;3;4,7,14.0,33.0,990.0,28.0,5.0,False,1.0,14.0,14.0,False
20,10,_original_nint128_seed13,5,5,5,0;2;3;4;7,False,False,,0;2;3;7,4,13.0,31.0,902.0,27.0,5.0,False,1.0,13.0,13.0,False
20,10,_original_nint128_seed13,5,5,5,0;3;4;7;9,False,False,,0;3;7;9,4,13.0,29.0,890.0,26.0,5.0,False,1.0,13.0,13.0,False
20,10,_original_nint128_seed13,5,5,5,0;2;5;6;9,False,False,,2;5;6;9,0,12.0,25.0,622.0,41.0,5.0,False,1.0,12.0,12.0,False
20,10,_original_nint128_seed13,5,5,5,1;2;5;6;9,False,False,,1;2;5;6,9,9.0,16.0,588.0,42.0,5.0,False,1.0,9.0,9.0,False
20,10,_original_nint128_seed13,5,5,5,2;5;6;7;9,False,False,,2;5;6;7,9,10.0,18.0,612.0,40.0,5.0,False,1.0,10.0,10.0,False
20,10,_original_nint128_seed13,5,5,5,0;1;2;8;9,False,False,,1;2;8;9,0,10.0,23.0,801.0,31.0,5.0,False,1.0,10.0,10.0,False
20,10,_original_nint128_seed13,5,5,5,1;2;4;8;9,False,False,,1;2;8;9,4,11.0,24.0,782.0,29.0,5.0,False,1.0,11.0,11.0,False
20,10,_original_nint128_seed13,5,5,5,1;2;5;8;9,False,False,,1;2;5;8,9,8.0,14.0,586.0,43.0,5.0,False,1.0,8.0,8.0,False
20,10,_original_nint128_seed13,5,5,5,1;2;7;8;9,False,False,,1;2;8;9,7,12.0,27.0,788.0,33.0,5.0,False,1.0,12.0,12.0,False
20,10,_original_nint128_seed13,5,5,5,1;2;3;4;9,False,False,,1;2;3;9,4,12.0,27.0,741.0,31.0,5.0,False,1.0,12.0,12.0,False
20,10,_original_nint128_seed13,5,5,5,2;3;4;6;9,False,False,,2;3;6;9,4,14.0,29.0,669.0,30.0,5.0,False,1.0,14.0,14.0,False
20,10,_original_nint128_seed13,5,5,5,2;3;4;7;9,False,False,,2;3;7;9,4,13.0,29.0,765.0,29.0,5.0,False,1.0,13.0,13.0,False
20,10,_original_nint128_seed13,5,5,5,2;3;4;8;9,False,False,,2;3;8;9,4,11.0,26.0,667.0,31.0,5.0,False,1.0,11.0,11.0,False
20,10,_original_nint128_seed13,5,5,5,0;1;3;4;8,False,False,,0;1;3;8,4,12.0,26.0,894.0,28.0,5.0,False,1.0,12.0,12.0,False
20,10,_original_nint128_seed13,5,5,5,1;3;4;8;9,False,False,,1;3;8;9,4,12.0,25.0,756.0,31.0,5.0,False,1.0,12.0,12.0,False
20,10,_original_nint128_seed13,5,5,5,0;1;2;3;4,False,False,,0;1;2;3,4,12.0,29.0,878.0,29.0,5.0,False,1.0,12.0,12.0,False
20,10,_original_nint128_seed13,5,5,5,0;2;3;4;8,False,False,,0;2;3;8,4,11.0,28.0,804.0,29.0,5.0,False,1.0,11.0,11.0,False
20,10,_original_nint128_seed13,5,5,5,0;4;7;8;9,False,False,,0;7;8;9,4,14.0,30.0,921.0,25.0,5.0,False,1.0,14.0,14.0,False
20,10,_original_nint128_seed13,5,5,5,1;4;7;8;9,False,False,,1;4;8;9,7,16.0,35.0,883.0,30.0,5.0,False,1.0,16.0,16.0,False
20,10,_original_nint128_seed13,5,5,5,2;4;7;8;9,False,False,,2;7;8;9,4,12.0,26.0,806.0,27.0,5.0,False,1.0,12.0,12.0,False
20,10,_original_nint128_seed13,5,5,5,4;6;7;8;9,False,False,,4;7;8;9,6,16.0,35.0,803.0,28.0,5.0,False,1.0,16.0,16.0,False
20,10,_original_nint128_seed13,5,5,5,0;1;2;5;6,False,False,,1;2;5;6,0,10.0,19.0,713.0,40.0,5.0,False,1.0,10.0,10.0,False
20,10,_original_nint128_seed13,5,5,5,0;2;5;6;7,False,False,,2;5;6;7,0,11.0,21.0,737.0,38.0,5.0,False,1.0,11.0,11.0,False
20,10,_original_nint128_seed13,5,5,5,0;1;2;4;8,False,False,,0;1;2;8,4,13.0,30.0,900.0,28.0,5.0,False,1.0,13.0,13.0,False
20,10,_original_nint128_seed13,5,5,5,0;1;2;5;8,False,False,,1;2;5;8,0,9.0,17.0,711.0,41.0,5.0,False,1.0,9.0,9.0,False
20,10,_original_nint128_seed13,5,5,5,1;3;4;7;9,False,False,,1;3;4;9,7,14.0,32.0,852.0,31.0,5.0,False,1.0,14.0,14.0,False
20,10,_original_nint128_seed13,5,5,5,3;4;6;7;9,False,False,,3;6;7;9,4,14.0,29.0,782.0,28.0,5.0,False,1.0,14.0,14.0,False
20,10,_original_nint128_seed13,5,5,5,2;3;5;7;8,False,False,,2;5;7;8,3,8.0,14.0,596.0,42.0,5.0,False,1.0,8.0,8.0,False
20,10,_original_nint128_seed13,5,5,5,2;3;6;7;8,False,False,,2;3;7;8,6,11.0,27.0,695.0,33.0,5.0,False,1.0,11.0,11.0,False
20,10,_original_nint128_seed13,5,5,5,2;3;7;8;9,False,False,,2;3;7;8,9,11.0,23.0,675.0,33.0,5.0,False,1.0,11.0,11.0,False
20,10,_original_nint128_seed13,5,5,5,0;1;3;4;9,False,False,,0;1;3;9,4,12.0,27.0,866.0,28.0,5.0,False,1.0,12.0,12.0,False
20,10,_original_nint128_seed13,5,5,5,0;1;4;6;9,False,False,,0;1;6;9,4,14.0,30.0,899.0,26.0,5.0,False,1.0,14.0,14.0,False
20,10,_original_nint128_seed13,5,5,5,0;1;4;7;9,False,False,,0;1;4;9,7,15.0,35.0,993.0,27.0,5.0,False,1.0,15.0,15.0,False
20,10,_original_nint128_seed13,5,5,5,0;1;4;8;9,False,False,,0;1;8;9,4,13.0,28.0,897.0,27.0,5.0,False,1.0,13.0,13.0,False
20,10,_original_nint128_seed13,5,5,5,1;2;4;7;8,False,False,,1;2;4;8,7,14.0,34.0,887.0,30.0,5.0,False,1.0,14.0,14.0,False
20,10,_original_nint128_seed13,5,5,5,0;1;2;4;7,False,False,,0;1;2;4,7,15.0,37.0,996.0,28.0,5.0,False,1.0,15.0,15.0,False
20,10,_original_nint128_seed13,5,5,5,0;2;4;6;7,False,False,,0;2;6;7,4,15.0,34.0,926.0,25.0,5.0,False,1.0,15.0,15.0,False
20,10,_original_nint128_seed13,5,5,5,0;2;4;6;8,False,False,,0;2;4;8,6,14.0,36.0,818.0,28.0,5.0,False,1.0,14.0,14.0,False
20,10,_original_nint128_seed13,5,5,5,2;3;4;6;8,False,False,,2;3;4;8,6,11.0,30.0,687.0,31.0,5.0,False,1.0,11.0,11.0,False
20,10,_original_nint128_seed13,5,5,5,2;4;6;7;8,False,False,,2;4;7;8,6,14.0,34.0,807.0,28.0,5.0,False,1.0,14.0,14.0,False
20,10,_original_nint128_seed13,5,5,5,2;4;6;8;9,False,False,,2;4;8;9,6,12.0,30.0,700.0,29.0,5.0,False,1.0,12.0,12.0,False
20,10,_original_nint128_seed13,5,5,5,0;1;4;7;8,False,False,,0;1;4;8,7,17.0,39.0,1002.0,28.0,5.0,False,1.0,17.0,17.0,False
20,10,_original_nint128_seed13,5,5,5,0;1;2;3;5,False,False,,1;2;3;5,0,10.0,21.0,680.0,43.0,5.0,False,1.0,10.0,10.0,False
20,10,_original_nint128_seed13,5,5,5,0;1;3;5;6,False,False,,1;3;5;6,0,9.0,16.0,698.0,41.0,5.0,False,1.0,9.0,9.0,False
20,10,_original_nint128_seed13,5,5,5,0;1;3;5;7,False,False,,0;1;3;5,7,10.0,21.0,792.0,42.0,5.0,False,1.0,10.0,10.0,False
20,10,_original_nint128_seed13,5,5,5,0;1;3;5;8,False,False,,1;3;5;8,0,8.0,14.0,696.0,42.0,5.0,False,1.0,8.0,8.0,False
20,10,_original_nint128_seed13,5,5,5,0;1;3;5;9,False,False,,0;1;3;5,9,10.0,21.0,660.0,44.0,5.0,False,1.0,10.0,10.0,False
20,10,_original_nint128_seed13,5,5,5,0;2;3;6;8,False,False,,0;2;3;8,6,11.0,29.0,706.0,33.0,5.0,False,1.0,11.0,11.0,False
20,10,_original_nint128_seed13,5,5,5,0;3;5;6;8,False,False,,0;3;5;8,6,9.0,20.0,614.0,42.0,5.0,False,1.0,9.0,9.0,False
20,10,_original_nint128_seed13,5,5,5,0;3;6;7;8,False,False,,0;3;7;8,6,13.0,29.0,820.0,30.0,5.0,False,1.0,13.0,13.0,False
20,10,_original_nint128_seed13,5,5,5,0;3;6;8;9,False,False,,0;3;8;9,6,11.0,27.0,694.0,32.0,5.0,False,1.0,11.0,11.0,False
20,10,_original_nint128_seed13,5,5,5,0;1;3;7;8,False,False,,0;1;3;8,7,13.0,29.0,900.0,32.0,5.0,False,1.0,13.0,13.0,False
20,10,_original_nint128_seed13,5,5,5,0;3;5;7;8,False,False,,3;5;7;8,0,9.0,16.0,720.0,40.0,5.0,False,1.0,9.0,9.0,False
20,10,_original_nint128_seed13,5,5,5,0;3;7;8;9,False,False,,0;3;8;9,7,11.0,23.0,800.0,30.0,5.0,False,1.0,11.0,11.0,False
20,10,_original_nint128_seed13,5,5,5,1;2;4;6;9,False,False,,1;2;6;9,4,12.0,26.0,784.0,28.0,5.0,False,1.0,12.0,12.0,False
20,10,_original_nint128_seed13,5,5,5,1;2;4;7;9,False,False,,1;2;4;9,7,13.0,31.0,878.0,29.0,5.0,False,1.0,13.0,13.0,False
20,10,_original_nint128_seed13,5,5,5,3;5;6;8;9,False,False,,3;5;6;8,9,9.0,22.0,469.0,46.0,5.0,False,1.0,9.0,9.0,False
20,10,_original_nint128_seed13,5,5,5,0;1;2;6;9,False,False,,1;2;6;9,0,11.0,25.0,803.0,30.0,5.0,False,1.0,11.0,11.0,False
20,10,_original_nint128_seed13,5,5,5,1;2;3;6;9,False,False,,1;2;3;6,9,11.0,23.0,653.0,34.0,5.0,False,1.0,11.0,11.0,False
20,10,_original_nint128_seed13,5,5,5,0;2;5;8;9,False,False,,2;5;8;9,0,9.0,22.0,620.0,42.0,5.0,False,1.0,9.0,9.0,False
20,10,_original_nint128_seed13,5,5,5,2;3;5;8;9,False,False,,2;3;5;8,9,9.0,20.0,462.0,46.0,5.0,False,1.0,9.0,9.0,False
20,10,_original_nint128_seed13,5,5,5,2;5;7;8;9,False,False,,2;5;7;8,9,9.0,16.0,610.0,41.0,5.0,False,1.0,9.0,9.0,False
20,10,_original_nint128_seed13,5,5,5,0;2;3;5;8,False,False,,2;3;5;8,0,9.0,20.0,606.0,43.0,5.0,False,1.0,9.0,9.0,False
20,10,_original_nint128_seed13,5,5,5,1;2;5;7;8,False,False,,1;2;5;8,7,9.0,17.0,699.0,42.0,5.0,False,1.0,9.0,9.0,False
20,10,_original_nint128_seed13,5,5,5,1;2;3;4;7,False,False,,1;2;3;4,7,12.0,31.0,865.0,31.0,5.0,False,1.0,12.0,12.0,False
20,10,_original_nint128_seed13,5,5,5,2;3;4;6;7,False,False,,2;3;6;7,4,12.0,28.0,795.0,28.0,5.0,False,1.0,12.0,12.0,False
20,10,_original_nint128_seed13,5,5,5,0;1;5;6;9,False,False,,1;5;6;9,0,10.0,19.0,702.0,41.0,5.0,False,1.0,10.0,10.0,False
20,10,_original_nint128_seed13,5,5,5,0;3;5;6;9,False,False,,0;3;5;6,9,12.0,23.0,588.0,43.0,5.0,False,1.0,12.0,12.0,False
20,10,_original_nint128_seed13,5,5,5,0;5;6;7;9,False,False,,5;6;7;9,0,11.0,21.0,726.0,39.0,5.0,False,1.0,11.0,11.0,False
20,10,_original_nint128_seed13,5,5,5,0;5;6;8;9,False,False,,0;5;8;9,6,10.0,23.0,618.0,42.0,5.0,False,1.0,10.0,10.0,False
20,10,_original_nint128_seed13,5,5,5,0;1;3;8;9,False,False,,1;3;8;9,0,10.0,21.0,776.0,32.0,5.0,False,1.0,10.0,10.0,False
20,10,_original_nint128_seed13,5,5,5,0;1;5;8;9,False,False,,1;5;8;9,0,9.0,17.0,700.0,42.0,5.0,False,1.0,9.0,9.0,False
20,10,_original_nint128_seed13,5,5,5,0;1;7;8;9,False,False,,0;1;8;9,7,14.0,31.0,903.0,31.0,5.0,False,1.0,14.0,14.0,False
20,10,_original_nint128_seed13,5,5,5,1;3;5;6;9,False,False,,1;3;5;6,9,9.0,18.0,553.0,45.0,5.0,False,1.0,9.0,9.0,False
20,10,_original_nint128_seed13,5,5,5,0;1;2;5;7,False,False,,1;2;5;7,0,11.0,24.0,807.0,41.0,5.0,False,1.0,11.0,11.0,False
20,10,_original_nint128_seed13,5,5,5,0;2;3;5;7,False,False,,2;3;5;7,0,11.0,23.0,704.0,41.0,5.0,False,1.0,11.0,11.0,False
20,10,_original_nint128_seed13,5,5,5,0;2;5;7;9,False,False,,2;5;7;9,0,11.0,25.0,718.0,40.0,5.0,False,1.0,11.0,11.0,False
20,10,_original_nint128_seed13,5,5,5,0;2;6;7;9,False,False,,2;6;7;9,0,12.0,27.0,827.0,28.0,5.0,False,1.0,12.0,12.0,False
20,10,_original_nint128_seed13,5,5,5,0;3;6;7;9,False,False,,0;3;7;9,6,12.0,25.0,802.0,29.0,5.0,False,1.0,12.0,12.0,False
20,10,_original_nint128_seed13,5,5,5,0;4;6;7;9,False,False,,0;6;7;9,4,15.0,32.0,923.0,24.0,5.0,False,1.0,15.0,15.0,False
20,10,_original_nint128_seed13,5,5,5,0;6;7;8;9,False,False,,0;7;8;9,6,14.0,31.0,823.0,29.0,5.0,False,1.0,14.0,14.0,False
20,10,_original_nint128_seed13,5,5,5,2;3;6;8;9,False,False,,2;3;8;9,6,11.0,27.0,569.0,35.0,5.0,False,1.0,11.0,11.0,False
20,10,_original_nint128_seed13,5,5,5,1;2;3;5;7,False,False,,1;2;3;5,7,9.0,19.0,668.0,44.0,5.0,False,1.0,9.0,9.0,False
20,10,_original_nint128_seed13,5,5,5,1;2;3;5;9,False,False,,1;2;3;5,9,10.0,21.0,536.0,46.0,5.0,False,1.0,10.0,10.0,False
20,10,_original_nint128_seed13,5,5,5,0;4;6;8;9,False,False,,0;4;8;9,6,14.0,34.0,815.0,27.0,5.0,False,1.0,14.0,14.0,False
20,10,_original_nint128_seed13,5,5,5,3;4;6;8;9,False,False,,3;4;8;9,6,13.0,31.0,674.0,31.0,5.0,False,1.0,13.0,13.0,False
20,10,_original_nint128_seed13,5,5,5,0;4;6;7;8,False,False,,0;4;7;8,6,17.0,39.0,922.0,26.0,5.0,False,1.0,17.0,17.0,False
20,10,_original_nint128_seed13,5,5,5,1;3;7;8;9,False,False,,1;3;8;9,7,13.0,28.0,762.0,35.0,5.0,False,1.0,13.0,13.0,False
20,10,_original_nint128_seed13,5,5,5,1;5;7;8;9,False,False,,1;5;8;9,7,10.0,21.0,687.0,44.0,5.0,False,1.0,10.0,10.0,False
20,10,_original_nint128_seed13,5,5,5,3;5;6;7;9,False,False,,3;5;6;7,9,10.0,20.0,577.0,43.0,5.0,False,1.0,10.0,10.0,False
20,10,_original_nint128_seed13,5,5,5,0;1;2;3;6,False,False,,1;2;3;6,0,11.0,25.0,790.0,32.0,5.0,False,1.0,11.0,11.0,False
20,10,_original_nint128_seed13,5,5,5,0;2;3;6;7,False,False,,2;3;6;7,0,12.0,27.0,814.0,30.0,5.0,False,1.0,12.0,12.0,False
20,10,_original_nint128_seed13,5,5,5,1;2;3;4;6,False,False,,1;2;3;6,4,11.0,26.0,771.0,30.0,5.0,False,1.0,11.0,11.0,False
20,10,_original_nint128_seed13,5,5,5,1;3;5;8;9,False,False,,1;3;5;8,9,8.0,16.0,551.0,46.0,5.0,False,1.0,8.0,8.0,False
20,10,_original_nint128_seed13,5,5,5,0;5;7;8;9,False,False,,5;7;8;9,0,10.0,19.0,724.0,40.0,5.0,False,1.0,10.0,10.0,False
20,10,_original_nint128_seed13,5,5,5,0;1;2;5;9,False,False,,1;2;5;9,0,10.0,23.0,694.0,42.0,5.0,False,1.0,10.0,10.0,False
20,10,_original_nint128_seed13,5,5,5,0;3;5;6;7,False,False,,3;5;6;7,0,10.0,18.0,722.0,39.0,5.0,False,1.0,10.0,10.0,False
20,10,_original_nint128_seed13,5,5,5,2;3;6;7;9,False,False,,2;3;6;7,9,12.0,25.0,677.0,32.0,5.0,False,1.0,12.0,12.0,False
20,10,_original_nint128_seed13,5,5,5,2;4;6;7;9,False,False,,2;6;7;9,4,13.0,28.0,808.0,26.0,5.0,False,1.0,13.0,13.0,False
20,10,_original_nint128_seed13,5,5,5,2;6;7;8;9,False,False,,2;7;8;9,6,12.0,27.0,708.0,31.0,5.0,False,1.0,12.0,12.0,False
20,10,_original_nint128_seed13,5,5,5,0;1;5;7;8,False,False,,0;1;5;8,7,11.0,22.0,813.0,41.0,5.0,False,1.0,11.0,11.0,False
20,10,_original_nint128_seed13,5,5,5,1;3;5;7;8,False,False,,1;3;5;8,7,9.0,17.0,683.0,44.0,5.0,False,1.0,9.0,9.0,False
20,10,_original_nint128_seed13,5,5,5,0;3;5;7;9,False,False,,0;3;5;7,9,11.0,23.0,684.0,42.0,5.0,False,1.0,11.0,11.0,False
20,10,_original_nint128_seed13,5,5,5,0;3;4;8;9,False,False,,0;3;8;9,4,11.0,26.0,792.0,28.0,5.0,False,1.0,11.0,11.0,False
20,10,_original_nint128_seed13,5,5,5,0;3;5;8;9,False,False,,0;3;5;8,9,9.0,20.0,586.0,44.0,5.0,False,1.0,9.0,9.0,False
20,10,_original_nint128_seed13,5,5,5,3;5;7;8;9,False,False,,3;5;7;8,9,9.0,18.0,575.0,44.0,5.0,False,1.0,9.0,9.0,False
20,10,_original_nint128_seed13,5,5,5,0;1;3;6;9,False,False,,0;1;3;9,6,11.0,23.0,778.0,31.0,5.0,False,1.0,11.0,11.0,False
20,10,_original_nint128_seed13,5,5,5,1;3;4;6;9,False,False,,1;3;6;9,4,13.0,27.0,758.0,30.0,5.0,False,1.0,13.0,13.0,False
20,10,_original_nint128_seed13,5,5,5,0;2;6;8;9,False,False,,0;2;8;9,6,11.0,29.0,719.0,31.0,5.0,False,1.0,11.0,11.0,False
20,10,_original_nint128_seed13,5,5,5,1;2;5;7;9,False,False,,1;2;5;9,7,10.0,21.0,682.0,43.0,5.0,False,1.0,10.0,10.0,False
20,10,_original_nint128_seed13,5,5,5,2;3;5;7;9,False,False,,2;3;5;7,9,11.0,23.0,560.0,44.0,5.0,False,1.0,11.0,11.0,False
20,10,_original_nint128_seed13,5,5,5,0;1;2;3;7,False,False,,0;1;2;3,7,12.0,30.0,884.0,33.0,5.0,False,1.0,12.0,12.0,False
20,10,_original_nint128_seed13,5,5,5,3;6;7;8;9,False,False,,3;7;8;9,6,13.0,28.0,682.0,33.0,5.0,False,1.0,13.0,13.0,False
20,10,_original_nint128_seed13,5,5,5,0;1;3;7;9,False,False,,0;1;3;9,7,12.0,28.0,872.0,32.0,5.0,False,1.0,12.0,12.0,False
20,10,_original_nint128_seed13,5,5,5,1;2;3;7;9,False,False,,1;2;3;9,7,12.0,28.0,747.0,35.0,5.0,False,1.0,12.0,12.0,False
20,10,_original_nint128_seed13,5,5,5,1;3;5;7;9,False,False,,1;3;5;7,9,10.0,23.0,647.0,46.0,5.0,False,1.0,10.0,10.0,False
20,10,_original_nint128_seed13,5,5,5,0;1;2;4;6,False,False,,0;1;2;6,4,14.0,32.0,902.0,27.0,5.0,False,1.0,14.0,14.0,False
20,10,_original_nint128_seed13,5,5,5,0;1;5;7;9,False,False,,0;1;5;9,7,11.0,24.0,796.0,42.0,5.0,False,1.0,11.0,11.0,False
20,10,_original_nint128_seed13,5,5,5,0;1;2;7;9,False,False,,0;1;2;9,7,12.0,30.0,897.0,31.0,5.0,False,1.0,12.0,12.0,False
20,10,_original_nint128_seed13,6,6,4,0;1;2;3;4;7,False,False,,0;1;2;3;4,7,10.0,25.0,810.0,36.0,5.0,False,1.0,10.0,10.0,False
20,10,_original_nint128_seed13,6,6,4,0;1;2;3;5;7,False,False,,1;2;3;5;7,0,8.0,17.0,612.0,50.0,5.0,False,1.0,8.0,8.0,False
20,10,_original_nint128_seed13,6,6,4,0;1;2;3;7;8,False,False,,0;1;2;3;8,7,9.0,21.0,720.0,40.0,5.0,False,1.0,9.0,9.0,False
20,10,_original_nint128_seed13,6,6,4,0;3;5;6;8;9,False,False,,0;3;5;6;8,9,7.0,16.0,414.0,51.0,5.0,False,1.0,7.0,7.0,False
20,10,_original_nint128_seed13,6,6,4,2;3;5;6;8;9,False,False,,2;3;5;6;8,9,7.0,16.0,290.0,53.0,5.0,False,1.0,7.0,7.0,False
20,10,_original_nint128_seed13,6,6,4,3;5;6;7;8;9,False,False,,3;5;6;7;8,9,7.0,14.0,403.0,51.0,5.0,False,1.0,7.0,7.0,False
20,10,_original_nint128_seed13,6,6,4,0;2;3;4;6;7,False,False,,0;2;3;6;7,4,10.0,22.0,740.0,33.0,5.0,False,1.0,10.0,10.0,False
20,10,_original_nint128_seed13,6,6,4,0;2;3;5;6;7,False,False,,2;3;5;6;7,0,8.0,14.0,542.0,47.0,5.0,False,1.0,8.0,8.0,False
20,10,_original_nint128_seed13,6,6,4,0;2;3;6;7;8,False,False,,0;2;3;7;8,6,9.0,21.0,640.0,38.0,5.0,False,1.0,9.0,9.0,False
20,10,_original_nint128_seed13,6,6,4,0;2;5;6;7;9,False,False,,2;5;6;7;9,0,8.0,16.0,556.0,46.0,5.0,False,1.0,8.0,8.0,False
20,10,_original_nint128_seed13,6,6,4,2;3;5;6;7;9,False,False,,2;3;5;6;7,9,8.0,14.0,398.0,50.0,5.0,False,1.0,8.0,8.0,False
20,10,_original_nint128_seed13,6,6,4,2;5;6;7;8;9,False,False,,2;5;7;8;9,6,7.0,12.0,438.0,48.0,5.0,False,1.0,7.0,7.0,False
20,10,_original_nint128_seed13,6,6,4,0;1;2;7;8;9,False,False,,0;1;2;8;9,7,9.0,21.0,733.0,38.0,5.0,False,1.0,9.0,9.0,False
20,10,_original_nint128_seed13,6,6,4,1;2;3;7;8;9,False,False,,1;2;3;8;9,7,9.0,19.0,583.0,42.0,5.0,False,1.0,9.0,9.0,False
20,10,_original_nint128_seed13,6,6,4,1;2;4;7;8;9,False,False,,1;2;4;8;9,7,10.0,22.0,714.0,36.0,5.0,False,1.0,10.0,10.0,False
20,10,_original_nint128_seed13,6,6,4,1;2;5;7;8;9,False,False,,1;2;5;8;9,7,7.0,12.0,518.0,50.0,5.0,False,1.0,7.0,7.0,False
20,10,_original_nint128_seed13,6,6,4,1;2;3;4;7;9,False,False,,1;2;3;4;9,7,10.0,23.0,673.0,38.0,5.0,False,1.0,10.0,10.0,False
20,10,_original_nint128_seed13,6,6,4,2;3;4;6;7;9,False,False,,2;3;6;7;9,4,10.0,20.0,603.0,35.0,5.0,False,1.0,10.0,10.0,False
20,10,_original_nint128_seed13,6,6,4,2;3;4;7;8;9,False,False,,2;3;7;8;9,4,9.0,18.0,601.0,36.0,5.0,False,1.0,9.0,9.0,False
20,10,_original_nint128_seed13,6,6,4,0;1;3;4;7;8,False,False,,0;1;3;4;8,7,11.0,24.0,826.0,35.0,5.0,False,1.0,11.0,11.0,False
20,10,_original_nint128_seed13,6,6,4,1;2;3;4;7;8,False,False,,1;2;3;4;8,7,9.0,22.0,701.0,38.0,5.0,False,1.0,9.0,9.0,False
20,10,_original_nint128_seed13,6,6,4,1;3;4;7;8;9,False,False,,1;3;4;8;9,7,11.0,23.0,688.0,38.0,5.0,False,1.0,11.0,11.0,False
20,10,_original_nint128_seed13,6,6,4,1;2;3;4;6;9,True,False,,1;2;3;6;9,4,9.0,18.0,579.0,37.0,5.0,False,1.0,9.0,9.0,False
20,10,_original_nint128_seed13,6,6,4,1;2;3;4;8;9,False,False,,1;2;3;8;9,4,8.0,16.0,577.0,38.0,5.0,False,1.0,8.0,8.0,False
20,10,_original_nint128_seed13,6,6,4,0;1;2;4;7;8,False,False,,0;1;2;4;8,7,12.0,28.0,832.0,35.0,5.0,False,1.0,12.0,12.0,False
20,10,_original_nint128_seed13,6,6,4,0;1;4;7;8;9,False,False,,0;1;4;8;9,7,12.0,26.0,829.0,34.0,5.0,False,1.0,12.0,12.0,False
20,10,_original_nint128_seed13,6,6,4,0;3;4;6;7;9,False,False,,0;3;6;7;9,4,10.0,20.0,728.0,32.0,5.0,False,1.0,10.0,10.0,False
20,10,_original_nint128_seed13,6,6,4,3;4;6;7;8;9,False,False,,3;4;7;8;9,6,11.0,23.0,608.0,36.0,5.0,False,1.0,11.0,11.0,False
20,10,_original_nint128_seed13,6,6,4,0;2;3;4;6;8,False,False,,0;2;3;4;8,6,9.0,24.0,632.0,36.0,5.0,False,1.0,9.0,9.0,False
20,10,_original_nint128_seed13,6,6,4,0;2;3;5;6;8,False,False,,2;3;5;6;8,0,7.0,16.0,434.0,50.0,5.0,False,1.0,7.0,7.0,False
20,10,_original_nint128_seed13,6,6,4,0;1;2;3;4;6,True,False,,0;1;2;3;6,4,9.0,20.0,716.0,35.0,5.0,False,1.0,9.0,9.0,False
20,10,_original_nint128_seed13,6,6,4,0;1;2;3;4;8,False,False,,0;1;2;3;8,4,8.0,18.0,714.0,36.0,5.0,False,1.0,8.0,8.0,False
20,10,_original_nint128_seed13,6,6,4,0;1;3;4;8;9,False,False,,0;1;3;8;9,4,8.0,16.0,702.0,35.0,5.0,False,1.0,8.0,8.0,False
20,10,_original_nint128_seed13,6,6,4,0;3;4;6;8;9,False,False,,0;3;4;8;9,6,9.0,22.0,620.0,35.0,5.0,False,1.0,9.0,9.0,False
20,10,_original_nint128_seed13,6,6,4,0;3;4;7;8;9,False,False,,0;3;7;8;9,4,9.0,18.0,726.0,33.0,5.0,False,1.0,9.0,9.0,False
20,10,_original_nint128_seed13,6,6,4,0;2;5;6;8;9,False,False,,2;5;6;8;9,0,7.0,18.0,448.0,49.0,5.0,False,1.0,7.0,7.0,False
20,10,_original_nint128_seed13,6,6,4,0;5;6;7;8;9,False,False,,0;5;7;8;9,6,8.0,15.0,552.0,47.0,5.0,False,1.0,8.0,8.0,False
20,10,_original_nint128_seed13,6,6,4,0;2;3;4;7;8,False,False,,0;2;3;7;8,4,9.0,20.0,738.0,34.0,5.0,False,1.0,9.0,9.0,False
20,10,_original_nint128_seed13,6,6,4,2;3;4;6;7;8,False,False,,2;3;4;7;8,6,9.0,22.0,621.0,36.0,5.0,False,1.0,9.0,9.0,False
20,10,_original_nint128_seed13,6,6,4,0;1;2;4;8;9,False,False,,0;1;2;8;9,4,8.0,18.0,727.0,34.0,5.0,False,1.0,8.0,8.0,False
20,10,_original_nint128_seed13,6,6,4,0;2;4;7;8;9,False,False,,0;2;7;8;9,4,9.0,20.0,751.0,32.0,5.0,False,1.0,9.0,9.0,False
20,10,_original_nint128_seed13,6,6,4,0;4;6;7;8;9,False,False,,0;4;7;8;9,6,12.0,26.0,749.0,32.0,5.0,False,1.0,12.0,12.0,False
20,10,_original_nint128_seed13,6,6,4,0;2;3;5;7;8,False,False,,2;3;5;7;8,0,7.0,12.0,540.0,48.0,5.0,False,1.0,7.0,7.0,False
20,10,_original_nint128_seed13,6,6,4,0;1;2;3;5;6,True,False,,1;2;3;5;6,0,7.0,12.0,518.0,49.0,5.0,False,1.0,7.0,7.0,False
20,10,_original_nint128_seed13,6,6,4,0;1;3;5;6;9,True,False,,0;1;3;5;6,9,7.0,12.0,498.0,50.0,5.0,False,1.0,7.0,7.0,False
20,10,_original_nint128_seed13,6,6,4,0;1;2;4;7;9,False,False,,0;1;2;4;9,7,10.0,25.0,823.0,34.0,5.0,False,1.0,10.0,10.0,False
20,10,_original_nint128_seed13,6,6,4,0;1;3;5;7;8,False,False,,0;1;3;5;8,7,7.0,12.0,628.0,49.0,5.0,False,1.0,7.0,7.0,False
20,10,_original_nint128_seed13,6,6,4,1;2;3;5;7;8,False,False,,1;2;3;5;8,7,6.0,10.0,504.0,51.0,5.0,False,1.0,6.0,6.0,False
20,10,_original_nint128_seed13,6,6,4,1;3;5;7;8;9,False,False,,1;3;5;8;9,7,7.0,14.0,483.0,53.0,5.0,False,1.0,7.0,7.0,False
20,10,_original_nint128_seed13,6,6,4,0;3;5;6;7;8,False,False,,0;3;5;7;8,6,7.0,12.0,548.0,47.0,5.0,False,1.0,7.0,7.0,False
20,10,_original_nint128_seed13,6,6,4,2;3;5;6;7;8,False,False,,2;3;5;7;8,6,6.0,10.0,424.0,49.0,5.0,False,1.0,6.0,6.0,False
20,10,_original_nint128_seed13,6,6,4,0;2;5;7;8;9,False,False,,2;5;7;8;9,0,7.0,14.0,554.0,47.0,5.0,False,1.0,7.0,7.0,False
20,10,_original_nint128_seed13,6,6,4,2;3;5;7;8;9,False,False,,2;3;5;7;8,9,7.0,12.0,396.0,51.0,5.0,False,1.0,7.0,7.0,False
20,10,_original_nint128_seed13,6,6,4,0;3;4;6;7;8,False,False,,0;3;4;7;8,6,11.0,24.0,746.0,33.0,5.0,False,1.0,11.0,11.0,False
20,10,_original_nint128_seed13,6,6,4,1;2;3;5;8;9,False,False,,1;2;3;5;8,9,6.0,10.0,372.0,53.0,5.0,False,1.0,6.0,6.0,False
20,10,_original_nint128_seed13,6,6,4,1;2;3;5;6;9,True,False,,1;2;3;5;6,9,7.0,12.0,374.0,52.0,5.0,False,1.0,7.0,7.0,False
20,10,_original_nint128_seed13,6,6,4,0;2;5;6;7;8,False,False,,2;5;6;7;8,0,8.0,15.0,563.0,46.0,5.0,False,1.0,8.0,8.0,False
20,10,_original_nint128_seed13,6,6,4,0;2;6;7;8;9,False,False,,0;2;7;8;9,6,9.0,21.0,653.0,36.0,5.0,False,1.0,9.0,9.0,False
20,10,_original_nint128_seed13,6,6,4,0;1;2;3;5;8,False,False,,1;2;3;5;8,0,6.0,10.0,516.0,50.0,5.0,False,1.0,6.0,6.0,False
20,10,_original_nint128_seed13,6,6,4,0;1;3;4;6;9,True,False,,0;1;3;6;9,4,9.0,18.0,704.0,34.0,5.0,False,1.0,9.0,9.0,False
20,10,_original_nint128_seed13,6,6,4,0;1;5;7;8;9,False,False,,0;1;5;8;9,7,8.0,15.0,632.0,49.0,5.0,False,1.0,8.0,8.0,False
20,10,_original_nint128_seed13,6,6,4,0;3;5;7;8;9,False,False,,0;3;5;7;8,9,7.0,12.0,520.0,49.0,5.0,False,1.0,7.0,7.0,False
20,10,_original_nint128_seed13,6,6,4,0;2;4;6;7;8,False,False,,0;2;4;7;8,6,12.0,28.0,752.0,33.0,5.0,False,1.0,12.0,12.0,False
20,10,_original_nint128_seed13,6,6,4,0;1;2;5;7;8,False,False,,0;1;2;5;8,7,8.0,15.0,643.0,48.0,5.0,False,1.0,8.0,8.0,False
20,10,_original_nint128_seed13,6,6,4,0;1;2;5;7;9,False,False,,1;2;5;7;9,0,8.0,19.0,626.0,49.0,5.0,False,1.0,8.0,8.0,False
20,10,_original_nint128_seed13,6,6,4,0;1;3;5;8;9,False,False,,0;1;3;5;8,9,6.0,10.0,496.0,51.0,5.0,False,1.0,6.0,6.0,False
20,10,_original_nint128_seed13,6,6,4,0;1;3;5;7;9,False,False,,0;1;3;5;7,9,8.0,17.0,592.0,51.0,5.0,False,1.0,8.0,8.0,False
20,10,_original_nint128_seed13,6,6,4,0;3;5;6;7;9,False,False,,0;3;5;6;7,9,8.0,14.0,522.0,48.0,5.0,False,1.0,8.0,8.0,False
20,10,_original_nint128_seed13,6,6,4,2;4;6;7;8;9,False,False,,2;4;7;8;9,6,10.0,22.0,634.0,34.0,5.0,False,1.0,10.0,10.0,False
20,10,_original_nint128_seed13,6,6,4,0;2;4;6;7;9,False,False,,0;2;6;7;9,4,10.0,22.0,753.0,31.0,5.0,False,1.0,10.0,10.0,False
20,10,_original_nint128_seed13,6,6,4,0;2;4;6;8;9,False,False,,0;2;4;8;9,6,9.0,24.0,645.0,34.0,5.0,False,1.0,9.0,9.0,False
20,10,_original_nint128_seed13,6,6,4,2;3;4;6;8;9,False,False,,2;3;4;8;9,6,9.0,22.0,495.0,38.0,5.0,False,1.0,9.0,9.0,False
20,10,_original_nint128_seed13,6,6,4,0;3;6;7;8;9,False,False,,0;3;7;8;9,6,9.0,19.0,628.0,37.0,5.0,False,1.0,9.0,9.0,False
20,10,_original_nint128_seed13,6,6,4,0;1;2;5;6;9,True,False,,1;2;5;6;9,0,7.0,14.0,532.0,48.0,5.0,False,1.0,7.0,7.0,False
20,10,_original_nint128_seed13,6,6,4,0;1;3;7;8;9,False,False,,0;1;3;8;9,7,9.0,19.0,708.0,39.0,5.0,False,1.0,9.0,9.0,False
20,10,_original_nint128_seed13,6,6,4,2;3;6;7;8;9,False,False,,2;3;7;8;9,6,9.0,19.0,503.0,40.0,5.0,False,1.0,9.0,9.0,False
20,10,_original_nint128_seed13,6,6,4,1;2;3;5;7;9,False,False,,1;2;3;5;7,9,8.0,17.0,468.0,53.0,5.0,False,1.0,8.0,8.0,False
20,10,_original_nint128_seed13,6,6,4,0;1;2;5;8;9,False,False,,1;2;5;8;9,0,6.0,12.0,530.0,49.0,5.0,False,1.0,6.0,6.0,False
20,10,_original_nint128_seed13,6,6,4,0;1;3;4;7;9,False,False,,0;1;3;4;9,7,10.0,23.0,798.0,35.0,5.0,False,1.0,10.0,10.0,False
20,10,_original_nint128_seed13,6,6,4,0;1;2;4;6;9,True,False,,0;1;2;6;9,4,9.0,20.0,729.0,33.0,5.0,False,1.0,9.0,9.0,False
20,10,_original_nint128_seed13,7,7,3,1;2;3;5;7;8;9,True,False,,1;2;3;5;7;8,9,5.0,8.0,304.0,60.0,5.0,False,1.0,5.0,5.0,True
20,10,_original_nint128_seed13,7,7,3,2;3;5;6;7;8;9,True,False,,2;3;5;6;7;8,9,5.0,8.0,224.0,58.0,5.0,False,1.0,5.0,5.0,True
20,10,_original_nint128_seed13,7,7,3,0;2;3;4;6;7;8,True,False,,0;2;3;4;7;8,6,7.0,16.0,566.0,41.0,5.0,False,1.0,7.0,7.0,False
20,10,_original_nint128_seed13,7,7,3,2;3;4;6;7;8;9,True,False,,2;3;4;7;8;9,6,7.0,14.0,429.0,43.0,5.0,False,1.0,7.0,7.0,False
20,10,_original_nint128_seed13,7,7,3,0;3;4;6;7;8;9,True,False,,0;3;4;7;8;9,6,7.0,14.0,554.0,40.0,5.0,False,1.0,7.0,7.0,False
20,10,_original_nint128_seed13,7,7,3,0;2;4;6;7;8;9,True,False,,0;2;4;7;8;9,6,7.0,16.0,579.0,39.0,5.0,False,1.0,7.0,7.0,False
20,10,_original_nint128_seed13,7,7,3,0;1;2;3;5;7;8,True,False,,0;1;2;3;5;8,7,5.0,8.0,448.0,57.0,5.0,False,1.0,5.0,5.0,True
20,10,_original_nint128_seed13,7,7,3,0;1;3;5;7;8;9,True,False,,0;1;3;5;8;9,7,5.0,8.0,428.0,58.0,5.0,False,1.0,5.0,5.0,True
20,10,_original_nint128_seed13,7,7,3,1;2;3;4;7;8;9,True,False,,1;2;3;4;8;9,7,7.0,14.0,509.0,45.0,5.0,False,1.0,7.0,7.0,False
20,10,_original_nint128_seed13,7,7,3,0;3;5;6;7;8;9,True,False,,0;3;5;6;7;8,9,5.0,8.0,348.0,56.0,5.0,False,1.0,5.0,5.0,True
20,10,_original_nint128_seed13,7,7,3,0;2;3;5;6;7;8,True,False,,2;3;5;6;7;8,0,5.0,8.0,368.0,55.0,5.0,False,1.0,5.0,5.0,True
20,10,_original_nint128_seed13,7,7,3,0;2;5;6;7;8;9,True,False,,2;5;6;7;8;9,0,5.0,10.0,382.0,54.0,5.0,False,1.0,5.0,5.0,True
20,10,_original_nint128_seed13,7,7,3,0;1;2;5;7;8;9,True,False,,0;1;2;5;8;9,7,5.0,10.0,462.0,56.0,5.0,False,1.0,5.0,5.0,True
20,10,_original_nint128_seed13,7,7,3,0;1;3;4;7;8;9,True,False,,0;1;3;4;8;9,7,7.0,14.0,634.0,42.0,5.0,False,1.0,7.0,7.0,False
20,10,_original_nint128_seed13,7,7,3,0;1;2;3;4;7;8,True,False,,0;1;2;3;4;8,7,7.0,16.0,646.0,43.0,5.0,False,1.0,7.0,7.0,False
20,10,_original_nint128_seed13,7,7,3,0;1;2;4;7;8;9,True,False,,0;1;2;4;8;9,7,7.0,16.0,659.0,41.0,5.0,False,1.0,7.0,7.0,False
20,10,_original_nint128_seed13,2,2,8,4;5,False,True,collision,5,4,,,,,,True,,,,
20,10,_original_nint128_seed13,3,3,7,1;4;5,False,True,monotone,1;4,5,,,,,,True,,,,
20,10,_original_nint128_seed13,3,3,7,4;5;6,False,True,monotone,4;6,5,,,,,,True,,,,
20,10,_original_nint128_seed13,3,3,7,0;4;5,False,True,monotone,0;5,4,,,,,,True,,,,
20,10,_original_nint128_seed13,3,3,7,4;5;9,False,True,monotone,4;9,5,,,,,,True,,,,
20,10,_original_nint128_seed13,3,3,7,3;4;5,False,True,monotone,3;4,5,,,,,,True,,,,
20,10,_original_nint128_seed13,3,3,7,1;6;7,False,True,collision,1;7,6,,,,,,True,,,,
20,10,_original_nint128_seed13,3,3,7,2;4;5,False,True,monotone,2;4,5,,,,,,True,,,,
20,10,_original_nint128_seed13,3,3,7,1;6;8,False,True,collision,1;8,6,,,,,,True,,,,
20,10,_original_nint128_seed13,3,3,7,4;5;8,False,True,monotone,5;8,4,,,,,,True,,,,
20,10,_original_nint128_seed13,3,3,7,4;5;7,False,True,monotone,4;7,5,,,,,,True,,,,
20,10,_original_nint128_seed13,4,4,6,0;1;6;7,False,True,monotone,0;1;7,6,,,,,,True,,,,
20,10,_original_nint128_seed13,4,4,6,4;5;7;9,False,True,monotone,4;7;9,5,,,,,,True,,,,
20,10,_original_nint128_seed13,4,4,6,0;2;4;5,False,True,monotone,0;2;4,5,,,,,,True,,,,
20,10,_original_nint128_seed13,4,4,6,3;4;5;9,False,True,monotone,3;5;9,4,,,,,,True,,,,
20,10,_original_nint128_seed13,4,4,6,2;4;5;8,False,True,monotone,2;4;8,5,,,,,,True,,,,
20,10,_original_nint128_seed13,4,4,6,0;4;5;6,False,True,monotone,0;4;6,5,,,,,,True,,,,
20,10,_original_nint128_seed13,4,4,6,4;5;7;8,False,True,monotone,4;7;8,5,,,,,,True,,,,
20,10,_original_nint128_seed13,4,4,6,1;3;6;7,False,True,monotone,1;3;7,6,,,,,,True,,,,
20,10,_original_nint128_seed13,4,4,6,3;4;5;8,False,True,monotone,3;4;8,5,,,,,,True,,,,
20,10,_original_nint128_seed13,4,4,6,2;4;5;9,False,True,monotone,2;5;9,4,,,,,,True,,,,
20,10,_original_nint128_seed13,4,4,6,1;2;6;7,False,True,monotone,2;6;7,1,,,,,,True,,,,
20,10,_original_nint128_seed13,4,4,6,4;5;8;9,False,True,monotone,4;8;9,5,,,,,,True,,,,
20,10,_original_nint128_seed13,4,4,6,0;4;5;8,False,True,monotone,0;4;8,5,,,,,,True,,,,
20,10,_original_nint128_seed13,4,4,6,1;4;6;7,False,True,monotone,4;6;7,1,,,,,,True,,,,
20,10,_original_nint128_seed13,4,4,6,4;5;6;7,False,True,monotone,4;6;7,5,,,,,,True,,,,
20,10,_original_nint128_seed13,4,4,6,1;3;6;8,False,True,monotone,1;3;6,8,,,,,,True,,,,
20,10,_original_nint128_seed13,4,4,6,2;3;4;5,False,True,monotone,2;3;4,5,,,,,,True,,,,
20,10,_original_nint128_seed13,4,4,6,4;5;6;9,False,True,monotone,4;6;9,5,,,,,,True,,,,
20,10,_original_nint128_seed13,4,4,6,1;6;7;8,False,True,monotone,6;7;8,1,,,,,,True,,,,
20,10,_original_nint128_seed13,4,4,6,1;4;5;7,False,True,monotone,1;5;7,4,,,,,,True,,,,
20,10,_original_nint128_seed13,4,4,6,1;5;6;7,False,True,monotone,1;5;7,6,,,,,,True,,,,
20,10,_original_nint128_seed13,4,4,6,0;3;4;5,False,True,monotone,0;3;5,4,,,,,,True,,,,
20,10,_original_nint128_seed13,4,4,6,1;4;5;6,False,True,monotone,1;4;6,5,,,,,,True,,,,
20,10,_original_nint128_seed13,4,4,6,1;4;6;8,False,True,monotone,1;4;6,8,,,,,,True,,,,
20,10,_original_nint128_seed13,4,4,6,0;2;3;9,False,True,collision,2;3;9,0,,,,,,True,,,,
20,10,_original_nint128_seed13,4,4,6,1;6;8;9,False,True,monotone,1;8;9,6,,,,,,True,,,,
20,10,_original_nint128_seed13,4,4,6,1;4;5;9,False,True,monotone,1;5;9,4,,,,,,True,,,,
20,10,_original_nint128_seed13,4,4,6,1;2;6;8,False,True,monotone,1;2;6,8,,,,,,True,,,,
20,10,_original_nint128_seed13,4,4,6,4;5;6;8,False,True,monotone,4;6;8,5,,,,,,True,,,,
20,10,_original_nint128_seed13,4,4,6,2;4;5;7,False,True,monotone,2;5;7,4,,,,,,True,,,,
20,10,_original_nint128_seed13,4,4,6,1;6;7;9,False,True,monotone,1;6;9,7,,,,,,True,,,,
20,10,_original_nint128_seed13,4,4,6,0;4;5;7,False,True,monotone,0;5;7,4,,,,,,True,,,,
20,10,_original_nint128_seed13,4,4,6,1;3;4;5,False,True,monotone,1;3;5,4,,,,,,True,,,,
20,10,_original_nint128_seed13,4,4,6,1;4;5;8,False,True,monotone,1;5;8,4,,,,,,True,,,,
20,10,_original_nint128_seed13,4,4,6,1;5;6;8,False,True,monotone,1;5;8,6,,,,,,True,,,,
20,10,_original_nint128_seed13,4,4,6,2;4;5;6,False,True,monotone,2;4;6,5,,,,,,True,,,,
20,10,_original_nint128_seed13,4,4,6,3;4;5;6,False,True,monotone,3;4;6,5,,,,,,True,,,,
20,10,_original_nint128_seed13,4,4,6,0;4;5;9,False,True,monotone,0;5;9,4,,,,,,True,,,,
20,10,_original_nint128_seed13,4,4,6,1;2;4;5,False,True,monotone,1;2;5,4,,,,,,True,,,,
20,10,_original_nint128_seed13,4,4,6,0;1;6;8,False,True,monotone,0;1;6,8,,,,,,True,,,,
20,10,_original_nint128_seed13,4,4,6,0;1;4;5,False,True,monotone,0;1;4,5,,,,,,True,,,,
20,10,_original_nint128_seed13,4,4,6,3;4;5;7,False,True,monotone,3;4;7,5,,,,,,True,,,,
20,10,_original_nint128_seed13,5,5,5,1;2;5;6;8,False,True,monotone,2;5;6;8,1,,,,,,True,,,,
20,10,_original_nint128_seed13,5,5,5,2;4;5;6;8,False,True,monotone,2;5;6;8,4,,,,,,True,,,,
20,10,_original_nint128_seed13,5,5,5,1;2;3;6;8,False,True,monotone,1;2;3;8,6,,,,,,True,,,,
20,10,_original_nint128_seed13,5,5,5,2;3;4;5;6,False,True,monotone,2;3;5;6,4,,,,,,True,,,,
20,10,_original_nint128_seed13,5,5,5,1;5;6;7;8,False,True,monotone,5;6;7;8,1,,,,,,True,,,,
20,10,_original_nint128_seed13,5,5,5,4;5;6;7;8,False,True,monotone,5;6;7;8,4,,,,,,True,,,,
20,10,_original_nint128_seed13,5,5,5,0;2;3;4;9,False,True,monotone,0;2;4;9,3,,,,,,True,,,,
20,10,_original_nint128_seed13,5,5,5,0;2;4;5;9,False,True,monotone,0;2;4;9,5,,,,,,True,,,,
20,10,_original_nint128_seed13,5,5,5,3;4;5;7;8,False,True,monotone,3;4;7;8,5,,,,,,True,,,,
20,10,_original_nint128_seed13,5,5,5,0;3;4;5;6,False,True,monotone,0;3;4;6,5,,,,,,True,,,,
20,10,_original_nint128_seed13,5,5,5,0;3;4;5;7,False,True,monotone,0;3;4;7,5,,,,,,True,,,,
20,10,_original_nint128_seed13,5,5,5,2;4;5;6;9,False,True,monotone,2;5;6;9,4,,,,,,True,,,,
20,10,_original_nint128_seed13,5,5,5,1;2;6;8;9,False,True,monotone,1;2;8;9,6,,,,,,True,,,,
20,10,_original_nint128_seed13,5,5,5,2;3;4;5;9,False,True,monotone,2;3;4;9,5,,,,,,True,,,,
20,10,_original_nint128_seed13,5,5,5,1;3;4;5;8,False,True,monotone,1;3;4;8,5,,,,,,True,,,,
20,10,_original_nint128_seed13,5,5,5,1;3;4;6;8,False,True,monotone,1;3;4;8,6,,,,,,True,,,,
20,10,_original_nint128_seed13,5,5,5,0;2;3;4;5,False,True,monotone,0;2;3;4,5,,,,,,True,,,,
20,10,_original_nint128_seed13,5,5,5,4;5;7;8;9,False,True,monotone,4;7;8;9,5,,,,,,True,,,,
20,10,_original_nint128_seed13,5,5,5,0;2;4;5;6,False,True,monotone,0;2;5;6,4,,,,,,True,,,,
20,10,_original_nint128_seed13,5,5,5,0;1;2;6;8,False,True,monotone,0;1;2;8,6,,,,,,True,,,,
20,10,_original_nint128_seed13,5,5,5,3;4;5;7;9,False,True,monotone,3;4;7;9,5,,,,,,True,,,,
20,10,_original_nint128_seed13,5,5,5,0;1;4;5;9,False,True,monotone,0;1;4;9,5,,,,,,True,,,,
20,10,_original_nint128_seed13,5,5,5,1;2;4;5;8,False,True,monotone,1;2;4;8,5,,,,,,True,,,,
20,10,_original_nint128_seed13,5,5,5,1;2;4;6;8,False,True,monotone,1;2;4;8,6,,,,,,True,,,,
20,10,_original_nint128_seed13,5,5,5,0;2;4;5;7,False,True,monotone,0;2;4;7,5,,,,,,True,,,,
20,10,_original_nint128_seed13,5,5,5,1;4;5;7;8,False,True,monotone,1;4;7;8,5,,,,,,True,,,,
20,10,_original_nint128_seed13,5,5,5,1;4;6;7;8,False,True,monotone,1;4;7;8,6,,,,,,True,,,,
20,10,_original_nint128_seed13,5,5,5,0;1;3;4;5,False,True,monotone,0;1;3;5,4,,,,,,True,,,,
20,10,_original_nint128_seed13,5,5,5,0;1;3;6;8,False,True,monotone,0;3;6;8,1,,,,,,True,,,,
20,10,_original_nint128_seed13,5,5,5,1;2;4;5;9,False,True,monotone,1;2;4;9,5,,,,,,True,,,,
20,10,_original_nint128_seed13,5,5,5,1;3;5;6;8,False,True,monotone,3;5;6;8,1,,,,,,True,,,,
20,10,_original_nint128_seed13,5,5,5,3;4;5;6;8,False,True,monotone,3;5;6;8,4,,,,,,True,,,,
20,10,_original_nint128_seed13,5,5,5,1;2;6;7;9,False,True,monotone,1;2;6;9,7,,,,,,True,,,,
20,10,_original_nint128_seed13,5,5,5,2;4;5;8;9,False,True,monotone,2;5;8;9,4,,,,,,True,,,,
20,10,_original_nint128_seed13,5,5,5,0;2;3;8;9,False,True,monotone,0;2;3;8,9,,,,,,True,,,,
20,10,_original_nint128_seed13,5,5,5,1;2;6;7;8,False,True,monotone,1;2;7;8,6,,,,,,True,,,,
20,10,_original_nint128_seed13,5,5,5,1;2;5;6;7,False,True,monotone,2;5;6;7,1,,,,,,True,,,,
20,10,_original_nint128_seed13,5,5,5,2;4;5;6;7,False,True,monotone,2;5;6;7,4,,,,,,True,,,,
20,10,_original_nint128_seed13,5,5,5,2;3;4;5;7,False,True,monotone,2;3;4;7,5,,,,,,True,,,,
20,10,_original_nint128_seed13,5,5,5,0;4;5;6;9,False,True,monotone,0;5;6;9,4,,,,,,True,,,,
20,10,_original_nint128_seed13,5,5,5,0;1;6;8;9,False,True,monotone,0;1;8;9,6,,,,,,True,,,,
20,10,_original_nint128_seed13,5,5,5,1;4;5;6;9,False,True,monotone,1;5;6;9,4,,,,,,True,,,,
20,10,_original_nint128_seed13,5,5,5,1;5;6;7;9,False,True,monotone,1;5;6;9,7,,,,,,True,,,,
20,10,_original_nint128_seed13,5,5,5,1;5;6;8;9,False,True,monotone,1;5;6;9,8,,,,,,True,,,,
20,10,_original_nint128_seed13,5,5,5,0;1;6;7;9,False,True,monotone,0;6;7;9,1,,,,,,True,,,,
20,10,_original_nint128_seed13,5,5,5,1;2;3;4;5,False,True,monotone,1;2;3;5,4,,,,,,True,,,,
20,10,_original_nint128_seed13,5,5,5,1;4;6;8;9,False,True,monotone,4;6;8;9,1,,,,,,True,,,,
20,10,_original_nint128_seed13,5,5,5,4;5;6;8;9,False,True,monotone,4;6;8;9,5,,,,,,True,,,,
20,10,_original_nint128_seed13,5,5,5,0;4;5;7;8,False,True,monotone,0;4;7;8,5,,,,,,True,,,,
20,10,_original_nint128_seed13,5,5,5,1;2;4;5;7,False,True,monotone,1;2;4;7,5,,,,,,True,,,,
20,10,_original_nint128_seed13,5,5,5,1;2;4;6;7,False,True,monotone,1;2;4;7,6,,,,,,True,,,,
20,10,_original_nint128_seed13,5,5,5,1;6;7;8;9,False,True,monotone,1;7;8;9,6,,,,,,True,,,,
20,10,_original_nint128_seed13,5,5,5,4;5;6;7;9,False,True,monotone,5;6;7;9,4,,,,,,True,,,,
20,10,_original_nint128_seed13,5,5,5,0;2;3;6;9,False,True,monotone,0;2;3;6,9,,,,,,True,,,,
20,10,_original_nint128_seed13,5,5,5,2;4;5;7;8,False,True,monotone,2;5;7;8,4,,,,,,True,,,,
20,10,_original_nint128_seed13,5,5,5,1;4;5;8;9,False,True,monotone,1;5;8;9,4,,,,,,True,,,,
20,10,_original_nint128_seed13,5,5,5,0;2;3;5;9,False,True,monotone,0;2;5;9,3,,,,,,True,,,,
20,10,_original_nint128_seed13,5,5,5,1;4;5;7;9,False,True,monotone,1;4;7;9,5,,,,,,True,,,,
20,10,_original_nint128_seed13,5,5,5,1;4;6;7;9,False,True,monotone,1;4;7;9,6,,,,,,True,,,,
20,10,_original_nint128_seed13,5,5,5,0;3;4;5;9,False,True,monotone,0;3;4;9,5,,,,,,True,,,,
20,10,_original_nint128_seed13,5,5,5,0;4;5;8;9,False,True,monotone,0;4;8;9,5,,,,,,True,,,,
20,10,_original_nint128_seed13,5,5,5,3;4;5;8;9,False,True,monotone,3;5;8;9,4,,,,,,True,,,,
20,10,_original_nint128_seed13,5,5,5,1;3;6;7;9,False,True,monotone,1;3;6;9,7,,,,,,True,,,,
20,10,_original_nint128_seed13,5,5,5,1;3;6;8;9,False,True,monotone,1;3;6;9,8,,,,,,True,,,,
20,10,_original_nint128_seed13,5,5,5,0;4;5;7;9,False,True,monotone,0;4;7;9,5,,,,,,True,,,,
20,10,_original_nint128_seed13,5,5,5,1;3;4;5;9,False,True,monotone,1;3;4;9,5,,,,,,True,,,,
20,10,_original_nint128_seed13,5,5,5,2;4;5;7;9,False,True,monotone,2;5;7;9,4,,,,,,True,,,,
20,10,_original_nint128_seed13,5,5,5,0;1;3;6;7,False,True,monotone,0;1;3;6,7,,,,,,True,,,,
20,10,_original_nint128_seed13,5,5,5,0;3;4;5;8,False,True,monotone,0;3;5;8,4,,,,,,True,,,,
20,10,_original_nint128_seed13,5,5,5,0;1;2;3;9,False,True,monotone,0;1;2;3,9,,,,,,True,,,,
20,10,_original_nint128_seed13,5,5,5,2;3;4;5;8,False,True,monotone,2;3;5;8,4,,,,,,True,,,,
20,10,_original_nint128_seed13,5,5,5,1;2;3;6;7,False,True,monotone,1;2;3;6,7,,,,,,True,,,,
20,10,_original_nint128_seed13,5,5,5,0;1;2;6;7,False,True,monotone,0;2;6;7,1,,,,,,True,,,,
20,10,_original_nint128_seed13,5,5,5,3;4;5;6;9,False,True,monotone,3;5;6;9,4,,,,,,True,,,,
20,10,_original_nint128_seed13,5,5,5,0;1;4;5;8,False,True,monotone,0;1;5;8,4,,,,,,True,,,,
20,10,_original_nint128_seed13,5,5,5,0;1;5;6;8,False,True,monotone,0;1;5;8,6,,,,,,True,,,,
20,10,_original_nint128_seed13,5,5,5,1;3;4;5;7,False,True,monotone,1;3;4;7,5,,,,,,True,,,,
20,10,_original_nint128_seed13,5,5,5,1;3;4;6;7,False,True,monotone,1;3;4;7,6,,,,,,True,,,,
20,10,_original_nint128_seed13,5,5,5,1;3;4;5;6,False,True,monotone,1;3;4;6,5,,,,,,True,,,,
20,10,_original_nint128_seed13,5,5,5,1;2;4;5;6,False,True,monotone,1;2;4;6,5,,,,,,True,,,,
20,10,_original_nint128_seed13,5,5,5,0;1;4;6;8,False,True,monotone,0;4;6;8,1,,,,,,True,,,,
20,10,_original_nint128_seed13,5,5,5,0;4;5;6;8,False,True,monotone,0;4;6;8,5,,,,,,True,,,,
20,10,_original_nint128_seed13,5,5,5,1;3;6;7;8,False,True,monotone,1;3;7;8,6,,,,,,True,,,,
20,10,_original_nint128_seed13,5,5,5,1;3;5;6;7,False,True,monotone,3;5;6;7,1,,,,,,True,,,,
20,10,_original_nint128_seed13,5,5,5,3;4;5;6;7,False,True,monotone,3;5;6;7,4,,,,,,True,,,,
20,10,_original_nint128_seed13,5,5,5,0;2;3;7;9,False,True,monotone,2;3;7;9,0,,,,,,True,,,,
20,10,_original_nint128_seed13,5,5,5,0;1;4;5;6,False,True,monotone,0;1;5;6,4,,,,,,True,,,,
20,10,_original_nint128_seed13,5,5,5,0;1;5;6;7,False,True,monotone,0;1;5;6,7,,,,,,True,,,,
20,10,_original_nint128_seed13,5,5,5,0;1;4;5;7,False,True,monotone,0;1;5;7,4,,,,,,True,,,,
20,10,_original_nint128_seed13,5,5,5,0;1;6;7;8,False,True,monotone,0;6;7;8,1,,,,,,True,,,,
20,10,_original_nint128_seed13,5,5,5,0;1;2;4;5,False,True,monotone,0;1;2;5,4,,,,,,True,,,,
20,10,_original_nint128_seed13,5,5,5,0;1;4;6;7,False,True,monotone,0;1;4;6,7,,,,,,True,,,,
20,10,_original_nint128_seed13,5,5,5,0;4;5;6;7,False,True,monotone,0;4;6;7,5,,,,,,True,,,,
20,10,_original_nint128_seed13,5,5,5,0;2;4;5;8,False,True,monotone,0;2;4;8,5,,,,,,True,,,,
20,10,_original_nint128_seed13,6,6,4,0;1;2;3;6;7,False,True,monotone,0;1;2;3;7,6,,,,,,True,,,,
20,10,_original_nint128_seed13,6,6,4,0;1;2;3;7;9,False,True,monotone,0;1;2;3;7,9,,,,,,True,,,,
20,10,_original_nint128_seed13,6,6,4,1;3;5;6;8;9,False,True,monotone,3;5;6;8;9,1,,,,,,True,,,,
20,10,_original_nint128_seed13,6,6,4,3;4;5;6;8;9,False,True,monotone,3;5;6;8;9,4,,,,,,True,,,,
20,10,_original_nint128_seed13,6,6,4,0;2;3;6;7;9,False,True,monotone,0;2;3;6;7,9,,,,,,True,,,,
20,10,_original_nint128_seed13,6,6,4,1;2;5;6;7;9,False,True,monotone,2;5;6;7;9,1,,,,,,True,,,,
20,10,_original_nint128_seed13,6,6,4,2;4;5;6;7;9,False,True,monotone,2;5;6;7;9,4,,,,,,True,,,,
20,10,_original_nint128_seed13,6,6,4,1;2;6;7;8;9,False,True,monotone,1;2;7;8;9,6,,,,,,True,,,,
20,10,_original_nint128_seed13,6,6,4,0;2;3;4;7;9,False,True,monotone,2;3;4;7;9,0,,,,,,True,,,,
20,10,_original_nint128_seed13,6,6,4,2;3;4;5;7;9,False,True,monotone,2;3;4;7;9,5,,,,,,True,,,,
20,10,_original_nint128_seed13,6,6,4,1;3;4;5;7;8,False,True,monotone,1;3;4;7;8,5,,,,,,True,,,,
20,10,_original_nint128_seed13,6,6,4,1;3;4;6;7;8,False,True,monotone,1;3;4;7;8,6,,,,,,True,,,,
20,10,_original_nint128_seed13,6,6,4,0;1;2;3;4;9,False,True,monotone,1;2;3;4;9,0,,,,,,True,,,,
20,10,_original_nint128_seed13,6,6,4,1;2;3;4;5;9,False,True,monotone,1;2;3;4;9,5,,,,,,True,,,,
20,10,_original_nint128_seed13,6,6,4,0;1;4;5;7;8,False,True,monotone,0;1;4;7;8,5,,,,,,True,,,,
20,10,_original_nint128_seed13,6,6,4,0;1;4;6;7;8,False,True,monotone,0;1;4;7;8,6,,,,,,True,,,,
20,10,_original_nint128_seed13,6,6,4,1;3;4;6;7;9,False,True,monotone,3;4;6;7;9,1,,,,,,True,,,,
20,10,_original_nint128_seed13,6,6,4,3;4;5;6;7;9,False,True,monotone,3;4;6;7;9,5,,,,,,True,,,,
20,10,_original_nint128_seed13,6,6,4,0;1;2;3;6;8,False,True,monotone,0;2;3;6;8,1,,,,,,True,,,,
20,10,_original_nint128_seed13,6,6,4,0;2;3;6;8;9,False,True,monotone,0;2;3;6;8,9,,,,,,True,,,,
20,10,_original_nint128_seed13,6,6,4,0;1;2;3;4;5,False,True,monotone,0;1;2;3;4,5,,,,,,True,,,,
20,10,_original_nint128_seed13,6,6,4,0;2;3;4;8;9,False,True,monotone,0;3;4;8;9,2,,,,,,True,,,,
20,10,_original_nint128_seed13,6,6,4,0;3;4;5;8;9,False,True,monotone,0;3;4;8;9,5,,,,,,True,,,,
20,10,_original_nint128_seed13,6,6,4,0;1;5;6;8;9,False,True,monotone,0;5;6;8;9,1,,,,,,True,,,,
20,10,_original_nint128_seed13,6,6,4,0;4;5;6;8;9,False,True,monotone,0;5;6;8;9,4,,,,,,True,,,,
20,10,_original_nint128_seed13,6,6,4,2;3;4;5;7;8,False,True,monotone,2;3;4;7;8,5,,,,,,True,,,,
20,10,_original_nint128_seed13,6,6,4,0;1;2;4;5;8,False,True,monotone,0;1;2;4;8,5,,,,,,True,,,,
20,10,_original_nint128_seed13,6,6,4,0;1;2;4;6;8,False,True,monotone,0;1;2;4;8,6,,,,,,True,,,,
20,10,_original_nint128_seed13,6,6,4,0;4;5;7;8;9,False,True,monotone,0;4;7;8;9,5,,,,,,True,,,,
20,10,_original_nint128_seed13,6,6,4,0;2;3;4;5;7,False,True,monotone,0;2;3;5;7,4,,,,,,True,,,,
20,10,_original_nint128_seed13,6,6,4,0;2;3;5;7;9,False,True,monotone,0;2;3;5;7,9,,,,,,True,,,,
20,10,_original_nint128_seed13,6,6,4,0;1;3;4;5;6,False,True,monotone,0;1;3;5;6,4,,,,,,True,,,,
20,10,_original_nint128_seed13,6,6,4,0;1;3;5;6;7,False,True,monotone,0;1;3;5;6,7,,,,,,True,,,,
20,10,_original_nint128_seed13,6,6,4,0;1;3;5;6;8,False,True,monotone,0;1;3;5;6,8,,,,,,True,,,,
20,10,_original_nint128_seed13,6,6,4,1;2;4;5;7;9,False,True,monotone,1;2;4;7;9,5,,,,,,True,,,,
20,10,_original_nint128_seed13,6,6,4,1;2;4;6;7;9,False,True,monotone,1;2;4;7;9,6,,,,,,True,,,,
20,10,_original_nint128_seed13,6,6,4,1;3;5;6;7;8,False,True,monotone,1;3;5;7;8,6,,,,,,True,,,,
20,10,_original_nint128_seed13,6,6,4,3;4;5;6;7;8,False,True,monotone,3;5;6;7;8,4,,,,,,True,,,,
20,10,_original_nint128_seed13,6,6,4,2;4;5;7;8;9,False,True,monotone,2;5;7;8;9,4,,,,,,True,,,,
20,10,_original_nint128_seed13,6,6,4,1;2;5;6;8;9,False,True,monotone,2;5;6;8;9,1,,,,,,True,,,,
20,10,_original_nint128_seed13,6,6,4,2;4;5;6;8;9,False,True,monotone,2;5;6;8;9,4,,,,,,True,,,,
20,10,_original_nint128_seed13,6,6,4,0;3;4;5;7;8,False,True,monotone,0;3;4;7;8,5,,,,,,True,,,,
20,10,_original_nint128_seed13,6,6,4,0;1;2;3;8;9,False,True,monotone,1;2;3;8;9,0,,,,,,True,,,,
20,10,_original_nint128_seed13,6,6,4,1;2;3;6;8;9,False,True,monotone,1;2;3;8;9,6,,,,,,True,,,,
20,10,_original_nint128_seed13,6,6,4,0;2;3;5;6;9,False,True,monotone,2;3;5;6;9,0,,,,,,True,,,,
20,10,_original_nint128_seed13,6,6,4,2;3;4;5;6;9,False,True,monotone,2;3;5;6;9,4,,,,,,True,,,,
20,10,_original_nint128_seed13,6,6,4,0;1;5;6;7;8,False,True,monotone,0;5;6;7;8,1,,,,,,True,,,,
20,10,_original_nint128_seed13,6,6,4,0;4;5;6;7;8,False,True,monotone,0;5;6;7;8,4,,,,,,True,,,,
20,10,_original_nint128_seed13,6,6,4,0;2;3;7;8;9,False,True,monotone,0;2;7;8;9,3,,,,,,True,,,,
20,10,_original_nint128_seed13,6,6,4,0;1;2;3;5;9,False,True,monotone,0;1;2;3;5,9,,,,,,True,,,,
20,10,_original_nint128_seed13,6,6,4,1;5;6;7;8;9,False,True,monotone,5;6;7;8;9,1,,,,,,True,,,,
20,10,_original_nint128_seed13,6,6,4,4;5;6;7;8;9,False,True,monotone,5;6;7;8;9,4,,,,,,True,,,,
20,10,_original_nint128_seed13,6,6,4,3;4;5;7;8;9,False,True,monotone,3;4;7;8;9,5,,,,,,True,,,,
20,10,_original_nint128_seed13,6,6,4,0;1;2;5;6;8,False,True,monotone,0;2;5;6;8,1,,,,,,True,,,,
20,10,_original_nint128_seed13,6,6,4,0;2;4;5;6;8,False,True,monotone,0;2;5;6;8,4,,,,,,True,,,,
20,10,_original_nint128_seed13,6,6,4,0;2;3;4;6;9,False,True,monotone,0;3;4;6;9,2,,,,,,True,,,,
20,10,_original_nint128_seed13,6,6,4,0;3;4;5;6;9,False,True,monotone,0;3;4;6;9,5,,,,,,True,,,,
20,10,_original_nint128_seed13,6,6,4,0;1;2;6;7;8,False,True,monotone,0;2;6;7;8,1,,,,,,True,,,,
20,10,_original_nint128_seed13,6,6,4,0;1;2;4;5;7,False,True,monotone,0;1;2;5;7,4,,,,,,True,,,,
20,10,_original_nint128_seed13,6,6,4,0;1;2;5;6;7,False,True,monotone,0;1;2;5;7,6,,,,,,True,,,,
20,10,_original_nint128_seed13,6,6,4,1;3;4;5;8;9,False,True,monotone,1;3;5;8;9,4,,,,,,True,,,,
20,10,_original_nint128_seed13,6,6,4,0;3;4;5;7;9,False,True,monotone,0;3;5;7;9,4,,,,,,True,,,,
20,10,_original_nint128_seed13,6,6,4,0;1;3;4;6;7,False,True,monotone,0;1;3;4;6,7,,,,,,True,,,,
20,10,_original_nint128_seed13,6,6,4,0;1;3;4;6;8,False,True,monotone,0;1;3;4;6,8,,,,,,True,,,,
20,10,_original_nint128_seed13,6,6,4,1;2;4;5;8;9,False,True,monotone,1;2;4;8;9,5,,,,,,True,,,,
20,10,_original_nint128_seed13,6,6,4,1;2;4;6;8;9,False,True,monotone,1;2;4;8;9,6,,,,,,True,,,,
20,10,_original_nint128_seed13,6,6,4,0;2;4;5;7;9,False,True,monotone,0;2;4;7;9,5,,,,,,True,,,,
20,10,_original_nint128_seed13,6,6,4,0;3;4;5;6;7,False,True,monotone,0;3;4;6;7,5,,,,,,True,,,,
20,10,_original_nint128_seed13,6,6,4,1;4;5;7;8;9,False,True,monotone,1;4;7;8;9,5,,,,,,True,,,,
20,10,_original_nint128_seed13,6,6,4,1;4;6;7;8;9,False,True,monotone,1;4;7;8;9,6,,,,,,True,,,,
20,10,_original_nint128_seed13,6,6,4,1;2;5;6;7;8,False,True,monotone,2;5;6;7;8,1,,,,,,True,,,,
20,10,_original_nint128_seed13,6,6,4,2;4;5;6;7;8,False,True,monotone,2;5;6;7;8,4,,,,,,True,,,,
20,10,_original_nint128_seed13,6,6,4,0;1;3;4;5;9,False,True,monotone,0;1;3;5;9,4,,,,,,True,,,,
20,10,_original_nint128_seed13,6,6,4,0;1;3;6;8;9,False,True,monotone,0;3;6;8;9,1,,,,,,True,,,,
20,10,_original_nint128_seed13,6,6,4,0;1;2;4;5;6,False,True,monotone,0;1;2;5;6,4,,,,,,True,,,,
20,10,_original_nint128_seed13,6,6,4,0;1;2;4;6;7,False,True,monotone,0;2;4;6;7,1,,,,,,True,,,,
20,10,_original_nint128_seed13,6,6,4,0;2;4;5;6;7,False,True,monotone,0;2;4;6;7,5,,,,,,True,,,,
20,10,_original_nint128_seed13,6,6,4,1;3;4;6;8;9,False,True,monotone,3;4;6;8;9,1,,,,,,True,,,,
20,10,_original_nint128_seed13,6,6,4,1;2;3;4;5;6,False,True,monotone,1;2;3;4;6,5,,,,,,True,,,,
20,10,_original_nint128_seed13,6,6,4,1;2;3;4;6;7,False,True,monotone,1;2;3;4;6,7,,,,,,True,,,,
20,10,_original_nint128_seed13,6,6,4,1;2;3;4;6;8,False,True,monotone,1;2;3;4;6,8,,,,,,True,,,,
20,10,_original_nint128_seed13,6,6,4,0;1;3;6;7;8,False,True,monotone,0;1;3;7;8,6,,,,,,True,,,,
20,10,_original_nint128_seed13,6,6,4,0;1;3;4;5;7,False,True,monotone,0;1;3;5;7,4,,,,,,True,,,,
20,10,_original_nint128_seed13,6,6,4,1;2;4;5;7;8,False,True,monotone,1;2;4;7;8,5,,,,,,True,,,,
20,10,_original_nint128_seed13,6,6,4,1;2;4;6;7;8,False,True,monotone,1;2;4;7;8,6,,,,,,True,,,,
20,10,_original_nint128_seed13,6,6,4,0;2;3;4;5;8,False,True,monotone,0;2;3;4;8,5,,,,,,True,,,,
20,10,_original_nint128_seed13,6,6,4,1;2;3;4;5;7,False,True,monotone,1;2;3;4;7,5,,,,,,True,,,,
20,10,_original_nint128_seed13,6,6,4,1;3;4;5;6;9,False,True,monotone,1;3;4;6;9,5,,,,,,True,,,,
20,10,_original_nint128_seed13,6,6,4,0;2;4;5;7;8,False,True,monotone,0;2;4;7;8,5,,,,,,True,,,,
20,10,_original_nint128_seed13,6,6,4,1;2;3;4;5;8,False,True,monotone,1;2;3;4;8,5,,,,,,True,,,,
20,10,_original_nint128_seed13,6,6,4,1;2;3;6;7;8,False,True,monotone,2;3;6;7;8,1,,,,,,True,,,,
20,10,_original_nint128_seed13,6,6,4,1;2;3;5;6;7,False,True,monotone,2;3;5;6;7,1,,,,,,True,,,,
20,10,_original_nint128_seed13,6,6,4,2;3;4;5;6;7,False,True,monotone,2;3;5;6;7,4,,,,,,True,,,,
20,10,_original_nint128_seed13,6,6,4,0;2;3;5;8;9,False,True,monotone,0;2;3;5;8,9,,,,,,True,,,,
20,10,_original_nint128_seed13,6,6,4,0;1;2;3;6;9,False,True,monotone,0;1;2;3;6,9,,,,,,True,,,,
20,10,_original_nint128_seed13,6,6,4,1;2;3;5;6;8,False,True,monotone,1;2;3;5;8,6,,,,,,True,,,,
20,10,_original_nint128_seed13,6,6,4,0;1;6;7;8;9,False,True,monotone,0;6;7;8;9,1,,,,,,True,,,,
20,10,_original_nint128_seed13,6,6,4,0;1;4;5;7;9,False,True,monotone,0;1;5;7;9,4,,,,,,True,,,,
20,10,_original_nint128_seed13,6,6,4,0;1;5;6;7;9,False,True,monotone,0;1;5;7;9,6,,,,,,True,,,,
20,10,_original_nint128_seed13,6,6,4,0;1;3;6;7;9,False,True,monotone,0;3;6;7;9,1,,,,,,True,,,,
20,10,_original_nint128_seed13,6,6,4,2;3;4;5;6;8,False,True,monotone,2;3;5;6;8,4,,,,,,True,,,,
20,10,_original_nint128_seed13,6,6,4,0;1;2;4;5;9,False,True,monotone,0;1;2;5;9,4,,,,,,True,,,,
20,10,_original_nint128_seed13,6,6,4,0;1;2;6;8;9,False,True,monotone,0;2;6;8;9,1,,,,,,True,,,,
20,10,_original_nint128_seed13,6,6,4,0;3;4;5;6;8,False,True,monotone,0;3;4;6;8,5,,,,,,True,,,,
20,10,_original_nint128_seed13,6,6,4,0;1;4;6;7;9,False,True,monotone,0;4;6;7;9,1,,,,,,True,,,,
20,10,_original_nint128_seed13,6,6,4,0;4;5;6;7;9,False,True,monotone,0;4;6;7;9,5,,,,,,True,,,,
20,10,_original_nint128_seed13,6,6,4,0;2;4;5;6;9,False,True,monotone,0;2;4;6;9,5,,,,,,True,,,,
20,10,_original_nint128_seed13,6,6,4,0;1;3;4;5;8,False,True,monotone,0;1;3;5;8,4,,,,,,True,,,,
20,10,_original_nint128_seed13,6,6,4,1;2;3;6;7;9,False,True,monotone,1;2;3;7;9,6,,,,,,True,,,,
20,10,_original_nint128_seed13,6,6,4,2;3;4;5;8;9,False,True,monotone,2;3;5;8;9,4,,,,,,True,,,,
20,10,_original_nint128_seed13,6,6,4,0;1;2;6;7;9,False,True,monotone,0;2;6;7;9,1,,,,,,True,,,,
20,10,_original_nint128_seed13,6,6,4,0;1;4;5;8;9,False,True,monotone,0;1;5;8;9,4,,,,,,True,,,,
20,10,_original_nint128_seed13,6,6,4,1;3;4;5;7;9,False,True,monotone,1;3;4;7;9,5,,,,,,True,,,,
20,10,_original_nint128_seed13,6,6,4,1;3;5;6;7;9,False,True,monotone,1;3;5;6;9,7,,,,,,True,,,,
20,10,_original_nint128_seed13,6,6,4,0;2;4;5;8;9,False,True,monotone,0;2;4;8;9,5,,,,,,True,,,,
20,10,_original_nint128_seed13,6,6,4,1;2;4;5;6;9,False,True,monotone,1;2;4;6;9,5,,,,,,True,,,,
20,10,_original_nint128_seed13,6,6,4,0;1;4;6;8;9,False,True,monotone,0;4;6;8;9,1,,,,,,True,,,,
20,10,_original_nint128_seed13,6,6,4,1;3;6;7;8;9,False,True,monotone,1;3;7;8;9,6,,,,,,True,,,,
20,10,_original_nint128_seed13,6,6,4,0;1;4;5;6;9,False,True,monotone,0;1;5;6;9,4,,,,,,True,,,,
20,10,_original_nint128_seed13,6,6,4,0;2;3;4;5;6,False,True,monotone,0;2;3;4;6,5,,,,,,True,,,,
20,10,_original_nint128_seed13,7,7,3,0;2;3;5;7;8;9,False,True,monotone,2;3;5;7;8;9,0,,,,,,True,,,,
20,10,_original_nint128_seed13,7,7,3,2;3;4;5;7;8;9,False,True,monotone,2;3;5;7;8;9,4,,,,,,True,,,,
20,10,_original_nint128_seed13,7,7,3,0;1;2;3;4;6;7,False,True,monotone,0;2;3;4;6;7,1,,,,,,True,,,,
20,10,_original_nint128_seed13,7,7,3,0;2;3;4;5;6;7,False,True,monotone,0;2;3;4;6;7,5,,,,,,True,,,,
20,10,_original_nint128_seed13,7,7,3,0;2;3;4;6;7;9,False,True,monotone,0;2;3;4;6;7,9,,,,,,True,,,,
20,10,_original_nint128_seed13,7,7,3,1;2;3;4;6;7;8,False,True,monotone,2;3;4;6;7;8,1,,,,,,True,,,,
20,10,_original_nint128_seed13,7,7,3,2;3;4;5;6;7;8,False,True,monotone,2;3;4;6;7;8,5,,,,,,True,,,,
20,10,_original_nint128_seed13,7,7,3,0;1;3;4;6;8;9,False,True,monotone,0;3;4;6;8;9,1,,,,,,True,,,,
20,10,_original_nint128_seed13,7,7,3,0;2;3;4;6;8;9,False,True,monotone,0;3;4;6;8;9,2,,,,,,True,,,,
20,10,_original_nint128_seed13,7,7,3,0;3;4;5;6;8;9,False,True,monotone,0;3;4;6;8;9,5,,,,,,True,,,,
20,10,_original_nint128_seed13,7,7,3,0;1;2;3;4;5;6,False,True,monotone,0;1;2;3;4;6,5,,,,,,True,,,,
20,10,_original_nint128_seed13,7,7,3,0;1;2;3;4;6;8,False,True,monotone,0;1;2;3;4;6,8,,,,,,True,,,,
20,10,_original_nint128_seed13,7,7,3,0;1;2;3;4;6;9,False,True,monotone,0;1;2;3;4;6,9,,,,,,True,,,,
20,10,_original_nint128_seed13,7,7,3,1;2;3;4;5;6;9,False,True,monotone,1;2;3;4;6;9,5,,,,,,True,,,,
20,10,_original_nint128_seed13,7,7,3,1;2;3;4;6;7;9,False,True,monotone,1;2;3;4;6;9,7,,,,,,True,,,,
20,10,_original_nint128_seed13,7,7,3,1;2;3;4;6;8;9,False,True,monotone,1;2;3;4;6;9,8,,,,,,True,,,,
20,10,_original_nint128_seed13,7,7,3,0;1;2;4;6;7;9,False,True,monotone,0;2;4;6;7;9,1,,,,,,True,,,,
20,10,_original_nint128_seed13,7,7,3,0;2;4;5;6;7;9,False,True,monotone,0;2;4;6;7;9,5,,,,,,True,,,,
20,10,_original_nint128_seed13,7,7,3,0;1;3;4;5;7;8,False,True,monotone,0;1;3;5;7;8,4,,,,,,True,,,,
20,10,_original_nint128_seed13,7,7,3,0;1;3;5;6;7;8,False,True,monotone,0;1;3;5;7;8,6,,,,,,True,,,,
20,10,_original_nint128_seed13,7,7,3,0;1;2;4;6;8;9,False,True,monotone,0;2;4;6;8;9,1,,,,,,True,,,,
20,10,_original_nint128_seed13,7,7,3,0;2;4;5;6;8;9,False,True,monotone,0;2;4;6;8;9,5,,,,,,True,,,,
20,10,_original_nint128_seed13,7,7,3,0;1;2;3;7;8;9,False,True,monotone,1;2;3;7;8;9,0,,,,,,True,,,,
20,10,_original_nint128_seed13,7,7,3,1;2;3;6;7;8;9,False,True,monotone,1;2;3;7;8;9,6,,,,,,True,,,,
20,10,_original_nint128_seed13,7,7,3,0;2;3;5;6;7;9,False,True,monotone,2;3;5;6;7;9,0,,,,,,True,,,,
20,10,_original_nint128_seed13,7,7,3,1;2;3;5;6;7;9,False,True,monotone,2;3;5;6;7;9,1,,,,,,True,,,,
20,10,_original_nint128_seed13,7,7,3,2;3;4;5;6;7;9,False,True,monotone,2;3;5;6;7;9,4,,,,,,True,,,,
20,10,_original_nint128_seed13,7,7,3,0;3;4;5;7;8;9,False,True,monotone,0;3;5;7;8;9,4,,,,,,True,,,,
20,10,_original_nint128_seed13,7,7,3,0;1;2;5;6;7;8,False,True,monotone,0;2;5;6;7;8,1,,,,,,True,,,,
20,10,_original_nint128_seed13,7,7,3,0;2;4;5;6;7;8,False,True,monotone,0;2;5;6;7;8,4,,,,,,True,,,,
20,10,_original_nint128_seed13,7,7,3,1;2;3;4;5;7;8,False,True,monotone,1;2;3;5;7;8,4,,,,,,True,,,,
20,10,_original_nint128_seed13,7,7,3,1;2;3;5;6;7;8,False,True,monotone,1;2;3;5;7;8,6,,,,,,True,,,,
20,10,_original_nint128_seed13,7,7,3,1;3;4;6;7;8;9,False,True,monotone,3;4;6;7;8;9,1,,,,,,True,,,,
20,10,_original_nint128_seed13,7,7,3,3;4;5;6;7;8;9,False,True,monotone,3;4;6;7;8;9,5,,,,,,True,,,,
20,10,_original_nint128_seed13,7,7,3,0;1;2;6;7;8;9,False,True,monotone,0;2;6;7;8;9,1,,,,,,True,,,,
20,10,_original_nint128_seed13,7,7,3,0;2;3;6;7;8;9,False,True,monotone,0;2;6;7;8;9,3,,,,,,True,,,,
20,10,_original_nint128_seed13,7,7,3,0;1;2;3;5;7;9,False,True,monotone,0;1;2;5;7;9,3,,,,,,True,,,,
20,10,_original_nint128_seed13,7,7,3,0;1;2;4;5;7;9,False,True,monotone,0;1;2;5;7;9,4,,,,,,True,,,,
20,10,_original_nint128_seed13,7,7,3,0;1;2;5;6;7;9,False,True,monotone,0;1;2;5;7;9,6,,,,,,True,,,,
20,10,_original_nint128_seed13,7,7,3,0;1;3;4;6;7;8,False,True,monotone,0;3;4;6;7;8,1,,,,,,True,,,,
20,10,_original_nint128_seed13,7,7,3,0;3;4;5;6;7;8,False,True,monotone,0;3;4;6;7;8,5,,,,,,True,,,,
20,10,_original_nint128_seed13,7,7,3,0;1;2;3;5;8;9,False,True,monotone,0;1;2;5;8;9,3,,,,,,True,,,,
20,10,_original_nint128_seed13,7,7,3,0;1;2;4;5;8;9,False,True,monotone,0;1;2;5;8;9,4,,,,,,True,,,,
20,10,_original_nint128_seed13,7,7,3,0;1;2;5;6;8;9,False,True,monotone,0;1;2;5;8;9,6,,,,,,True,,,,
20,10,_original_nint128_seed13,7,7,3,0;1;2;3;4;7;9,False,True,monotone,1;2;3;4;7;9,0,,,,,,True,,,,
20,10,_original_nint128_seed13,7,7,3,1;2;3;4;5;7;9,False,True,monotone,1;2;3;4;7;9,5,,,,,,True,,,,
20,10,_original_nint128_seed13,7,7,3,0;2;3;4;7;8;9,False,True,monotone,0;3;4;7;8;9,2,,,,,,True,,,,
20,10,_original_nint128_seed13,7,7,3,0;1;2;4;6;7;8,False,True,monotone,0;2;4;6;7;8,1,,,,,,True,,,,
20,10,_original_nint128_seed13,7,7,3,0;1;2;4;5;7;8,False,True,monotone,0;1;2;4;7;8,5,,,,,,True,,,,
20,10,_original_nint128_seed13,7,7,3,1;3;4;5;7;8;9,False,True,monotone,1;3;5;7;8;9,4,,,,,,True,,,,
20,10,_original_nint128_seed13,7,7,3,1;3;5;6;7;8;9,False,True,monotone,1;3;5;7;8;9,6,,,,,,True,,,,
20,10,_original_nint128_seed13,7,7,3,0;2;4;5;7;8;9,False,True,monotone,0;2;5;7;8;9,4,,,,,,True,,,,
20,10,_original_nint128_seed13,7,7,3,0;1;2;3;5;6;9,False,True,monotone,0;1;2;5;6;9,3,,,,,,True,,,,
20,10,_original_nint128_seed13,7,7,3,0;1;2;4;5;6;9,False,True,monotone,0;1;2;5;6;9,4,,,,,,True,,,,
20,10,_original_nint128_seed13,7,7,3,1;2;4;5;7;8;9,False,True,monotone,1;2;5;7;8;9,4,,,,,,True,,,,
20,10,_original_nint128_seed13,7,7,3,1;2;5;6;7;8;9,False,True,monotone,1;2;5;7;8;9,6,,,,,,True,,,,
20,10,_original_nint128_seed13,7,7,3,0;1;2;3;5;6;7,False,True,monotone,0;1;2;3;5;6,7,,,,,,True,,,,
20,10,_original_nint128_seed13,7,7,3,0;1;2;3;5;6;8,False,True,monotone,0;1;2;3;5;6,8,,,,,,True,,,,
20,10,_original_nint128_seed13,7,7,3,2;3;4;5;6;8;9,False,True,monotone,2;3;4;6;8;9,5,,,,,,True,,,,
20,10,_original_nint128_seed13,7,7,3,1;2;4;6;7;8;9,False,True,monotone,2;4;6;7;8;9,1,,,,,,True,,,,
20,10,_original_nint128_seed13,7,7,3,2;4;5;6;7;8;9,False,True,monotone,2;4;6;7;8;9,5,,,,,,True,,,,
20,10,_original_nint128_seed13,7,7,3,0;1;2;3;4;5;7,False,True,monotone,0;1;2;3;4;7,5,,,,,,True,,,,
20,10,_original_nint128_seed13,7,7,3,0;1;5;6;7;8;9,False,True,monotone,0;5;6;7;8;9,1,,,,,,True,,,,
20,10,_original_nint128_seed13,7,7,3,0;4;5;6;7;8;9,False,True,monotone,0;5;6;7;8;9,4,,,,,,True,,,,
20,10,_original_nint128_seed13,7,7,3,1;2;3;4;5;8;9,False,True,monotone,1;2;3;5;8;9,4,,,,,,True,,,,
20,10,_original_nint128_seed13,7,7,3,1;2;3;5;6;8;9,False,True,monotone,1;2;3;5;8;9,6,,,,,,True,,,,
20,10,_original_nint128_seed13,7,7,3,0;2;3;5;6;8;9,False,True,monotone,2;3;5;6;8;9,0,,,,,,True,,,,
20,10,_original_nint128_seed13,7,7,3,0;1;2;3;6;7;8,False,True,monotone,0;1;2;3;7;8,6,,,,,,True,,,,
20,10,_original_nint128_seed13,7,7,3,0;1;3;4;5;7;9,False,True,monotone,0;1;3;4;7;9,5,,,,,,True,,,,
20,10,_original_nint128_seed13,7,7,3,0;1;3;4;6;7;9,False,True,monotone,0;1;3;4;7;9,6,,,,,,True,,,,
20,10,_original_nint128_seed13,7,7,3,0;1;4;5;7;8;9,False,True,monotone,0;1;4;7;8;9,5,,,,,,True,,,,
20,10,_original_nint128_seed13,7,7,3,0;1;4;6;7;8;9,False,True,monotone,0;1;4;7;8;9,6,,,,,,True,,,,
20,10,_original_nint128_seed13,7,7,3,0;1;2;3;4;5;8,False,True,monotone,0;1;2;3;4;8,5,,,,,,True,,,,
20,10,_original_nint128_seed13,7,7,3,0;1;2;3;4;8;9,False,True,monotone,0;1;2;3;4;8,9,,,,,,True,,,,
20,10,_original_nint128_seed13,7,7,3,0;1;3;5;6;7;9,False,True,monotone,0;3;5;6;7;9,1,,,,,,True,,,,
20,10,_original_nint128_seed13,7,7,3,0;3;4;5;6;7;9,False,True,monotone,0;3;5;6;7;9,4,,,,,,True,,,,
20,10,_original_nint128_seed13,7,7,3,0;1;3;6;7;8;9,False,True,monotone,0;1;3;7;8;9,6,,,,,,True,,,,
20,10,_original_nint128_seed13,7,7,3,0;2;3;4;5;7;8,False,True,monotone,0;2;3;5;7;8,4,,,,,,True,,,,
20,10,_original_nint128_seed13,7,7,3,0;2;3;4;5;6;8,False,True,monotone,0;2;3;5;6;8,4,,,,,,True,,,,
20,10,_original_nint128_seed13,7,7,3,0;1;3;4;5;8;9,False,True,monotone,0;1;3;4;8;9,5,,,,,,True,,,,
20,10,_original_nint128_seed13,7,7,3,0;1;3;5;6;8;9,False,True,monotone,0;3;5;6;8;9,1,,,,,,True,,,,
20,10,_original_nint128_seed13,7,7,3,0;1;3;4;5;6;9,False,True,monotone,0;1;3;4;6;9,5,,,,,,True,,,,
20,10,_original_nint128_seed13,8,8,2,0;1;2;3;4;7;8;9,False,True,monotone,1;2;3;4;7;8;9,0,,,,,,True,,,,
20,10,_original_nint128_seed13,8,8,2,1;2;3;4;5;7;8;9,False,True,monotone,1;2;3;4;7;8;9,5,,,,,,True,,,,
20,10,_original_nint128_seed13,8,8,2,1;2;3;4;6;7;8;9,False,True,monotone,1;2;3;4;7;8;9,6,,,,,,True,,,,
20,10,_original_nint128_seed13,8,8,2,0;1;2;3;5;7;8;9,False,True,monotone,0;1;2;5;7;8;9,3,,,,,,True,,,,
20,10,_original_nint128_seed13,8,8,2,0;1;2;4;5;7;8;9,False,True,monotone,0;1;2;5;7;8;9,4,,,,,,True,,,,
20,10,_original_nint128_seed13,8,8,2,0;1;2;5;6;7;8;9,False,True,monotone,0;1;2;5;7;8;9,6,,,,,,True,,,,
20,10,_original_nint128_seed13,8,8,2,0;2;3;5;6;7;8;9,False,True,monotone,0;2;5;6;7;8;9,3,,,,,,True,,,,
20,10,_original_nint128_seed13,8,8,2,0;2;4;5;6;7;8;9,False,True,monotone,0;2;5;6;7;8;9,4,,,,,,True,,,,
20,10,_original_nint128_seed13,8,8,2,0;1;2;3;4;5;7;8,False,True,monotone,0;1;2;3;5;7;8,4,,,,,,True,,,,
20,10,_original_nint128_seed13,8,8,2,0;1;2;3;5;6;7;8,False,True,monotone,0;1;2;3;5;7;8,6,,,,,,True,,,,
20,10,_original_nint128_seed13,8,8,2,0;1;2;3;4;6;7;8,False,True,monotone,0;1;2;3;4;7;8,6,,,,,,True,,,,
20,10,_original_nint128_seed13,8,8,2,0;2;3;4;6;7;8;9,False,True,monotone,2;3;4;6;7;8;9,0,,,,,,True,,,,
20,10,_original_nint128_seed13,8,8,2,2;3;4;5;6;7;8;9,False,True,monotone,2;3;4;6;7;8;9,5,,,,,,True,,,,
20,10,_original_nint128_seed13,8,8,2,0;1;3;5;6;7;8;9,False,True,monotone,0;3;5;6;7;8;9,1,,,,,,True,,,,
20,10,_original_nint128_seed13,8,8,2,0;3;4;5;6;7;8;9,False,True,monotone,0;3;5;6;7;8;9,4,,,,,,True,,,,
20,10,_original_nint128_seed13,8,8,2,0;1;3;4;6;7;8;9,False,True,monotone,0;3;4;6;7;8;9,1,,,,,,True,,,,
20,10,_original_nint128_seed13,8,8,2,1;2;3;5;6;7;8;9,False,True,monotone,2;3;5;6;7;8;9,1,,,,,,True,,,,
20,10,_original_nint128_seed13,8,8,2,0;1;2;4;6;7;8;9,False,True,monotone,0;2;4;6;7;8;9,1,,,,,,True,,,,
20,10,_original_nint128_seed13,8,8,2,0;2;3;4;5;6;7;8,False,True,monotone,0;2;3;4;6;7;8,5,,,,,,True,,,,
20,10,_original_nint128_seed13,8,8,2,0;1;3;4;5;7;8;9,False,True,monotone,0;1;3;4;7;8;9,5,,,,,,True,,,,
