M,P,option,depth,num_deleted,num_remaining_relu,deleted_set_str,is_leaf,is_rejected,reject_reason,parent_set_str,added_relu,num_clusters,edge_types,weighted_edges_total,num_self_absorbed_edges,num_fixed_nodes,fixed_collision,num_scc_ge3,largest_scc_size,cycle_penalty_ge3,is_minimal_num_clusters
20,10,_original_nint128_seed28,1,1,9,0,False,False,,,0,32.0,71.0,1000.0,13.0,5.0,False,1.0,32.0,32.0,False
20,10,_original_nint128_seed28,1,1,9,1,False,False,,,1,38.0,90.0,1191.0,4.0,5.0,False,1.0,38.0,38.0,False
20,10,_original_nint128_seed28,1,1,9,2,False,False,,,2,29.0,69.0,1229.0,13.0,5.0,False,1.0,29.0,29.0,False
20,10,_original_nint128_seed28,1,1,9,3,False,False,,,3,37.0,91.0,1189.0,3.0,5.0,False,1.0,37.0,37.0,False
20,10,_original_nint128_seed28,1,1,9,4,False,False,,,4,35.0,83.0,1297.0,8.0,5.0,False,1.0,35.0,35.0,False
20,10,_original_nint128_seed28,1,1,9,5,False,False,,,5,36.0,85.0,1335.0,6.0,5.0,False,1.0,36.0,36.0,False
20,10,_original_nint128_seed28,1,1,9,6,False,False,,,6,30.0,71.0,1242.0,14.0,5.0,False,1.0,30.0,30.0,False
20,10,_original_nint128_seed28,1,1,9,7,False,False,,,7,37.0,86.0,1310.0,5.0,5.0,False,1.0,37.0,37.0,False
20,10,_original_nint128_seed28,1,1,9,8,False,False,,,8,37.0,85.0,1330.0,5.0,5.0,False,1.0,37.0,37.0,False
20,10,_original_nint128_seed28,1,1,9,9,False,False,,,9,32.0,74.0,1265.0,10.0,5.0,False,1.0,32.0,32.0,False
20,10,_original_nint128_seed28,2,2,8,0;2,False,False,,2,0,22.0,47.0,854.0,27.0,5.0,False,1.0,22.0,22.0,False
20,10,_original_nint128_seed28,2,2,8,1;2,False,False,,2,1,27.0,64.0,1048.0,17.0,5.0,False,1.0,27.0,27.0,False
20,10,_original_nint128_seed28,2,2,8,2;3,False,False,,2,3,26.0,63.0,1046.0,16.0,5.0,False,1.0,26.0,26.0,False
20,10,_original_nint128_seed28,2,2,8,2;4,False,False,,2,4,25.0,60.0,1154.0,21.0,5.0,False,1.0,25.0,25.0,False
20,10,_original_nint128_seed28,2,2,8,2;5,False,False,,2,5,25.0,60.0,1192.0,19.0,5.0,False,1.0,25.0,25.0,False
20,10,_original_nint128_seed28,2,2,8,2;6,False,False,,2,6,18.0,43.0,1099.0,27.0,5.0,False,1.0,18.0,18.0,False
20,10,_original_nint128_seed28,2,2,8,2;7,False,False,,2,7,26.0,62.0,1166.0,19.0,5.0,False,1.0,26.0,26.0,False
20,10,_original_nint128_seed28,2,2,8,2;8,False,False,,2,8,26.0,61.0,1186.0,19.0,5.0,False,1.0,26.0,26.0,False
20,10,_original_nint128_seed28,2,2,8,2;9,False,False,,2,9,22.0,51.0,1119.0,24.0,5.0,False,1.0,22.0,22.0,False
20,10,_original_nint128_seed28,2,2,8,0;9,False,False,,0,9,25.0,56.0,873.0,26.0,5.0,False,1.0,25.0,25.0,False
20,10,_original_nint128_seed28,2,2,8,1;9,False,False,,9,1,29.0,68.0,1084.0,14.0,5.0,False,1.0,29.0,29.0,False
20,10,_original_nint128_seed28,2,2,8,3;9,False,False,,9,3,28.0,68.0,1082.0,13.0,5.0,False,1.0,28.0,28.0,False
20,10,_original_nint128_seed28,2,2,8,4;9,False,False,,9,4,26.0,61.0,1190.0,18.0,5.0,False,1.0,26.0,26.0,False
20,10,_original_nint128_seed28,2,2,8,5;9,False,False,,9,5,27.0,63.0,1228.0,16.0,5.0,False,1.0,27.0,27.0,False
20,10,_original_nint128_seed28,2,2,8,6;9,False,False,,6,9,23.0,51.0,1134.0,25.0,5.0,False,1.0,23.0,23.0,False
20,10,_original_nint128_seed28,2,2,8,7;9,False,False,,9,7,28.0,64.0,1203.0,15.0,5.0,False,1.0,28.0,28.0,False
20,10,_original_nint128_seed28,2,2,8,8;9,False,False,,9,8,29.0,65.0,1223.0,15.0,5.0,False,1.0,29.0,29.0,False
20,10,_original_nint128_seed28,2,2,8,0;8,False,False,,0,8,28.0,60.0,958.0,18.0,5.0,False,1.0,28.0,28.0,False
20,10,_original_nint128_seed28,2,2,8,1;8,False,False,,8,1,34.0,79.0,1149.0,9.0,5.0,False,1.0,34.0,34.0,False
20,10,_original_nint128_seed28,2,2,8,3;8,False,False,,8,3,33.0,80.0,1147.0,8.0,5.0,False,1.0,33.0,33.0,False
20,10,_original_nint128_seed28,2,2,8,4;8,False,False,,4,8,31.0,72.0,1255.0,13.0,5.0,False,1.0,31.0,31.0,False
20,10,_original_nint128_seed28,2,2,8,5;8,False,False,,5,8,32.0,74.0,1293.0,11.0,5.0,False,1.0,32.0,32.0,False
20,10,_original_nint128_seed28,2,2,8,6;8,False,False,,6,8,27.0,64.0,1199.0,20.0,5.0,False,1.0,27.0,27.0,False
20,10,_original_nint128_seed28,2,2,8,7;8,False,False,,8,7,33.0,75.0,1268.0,10.0,5.0,False,1.0,33.0,33.0,False
20,10,_original_nint128_seed28,2,2,8,0;7,False,False,,0,7,28.0,61.0,938.0,18.0,5.0,False,1.0,28.0,28.0,False
20,10,_original_nint128_seed28,2,2,8,1;7,False,False,,7,1,34.0,80.0,1129.0,9.0,5.0,False,1.0,34.0,34.0,False
20,10,_original_nint128_seed28,2,2,8,3;7,False,False,,7,3,33.0,81.0,1127.0,8.0,5.0,False,1.0,33.0,33.0,False
20,10,_original_nint128_seed28,2,2,8,4;7,False,False,,4,7,31.0,73.0,1235.0,13.0,5.0,False,1.0,31.0,31.0,False
20,10,_original_nint128_seed28,2,2,8,5;7,False,False,,5,7,33.0,76.0,1273.0,11.0,5.0,False,1.0,33.0,33.0,False
20,10,_original_nint128_seed28,2,2,8,6;7,False,False,,6,7,27.0,64.0,1177.0,20.0,5.0,False,1.0,27.0,27.0,False
20,10,_original_nint128_seed28,2,2,8,0;3,False,False,,0,3,29.0,68.0,816.0,17.0,5.0,False,1.0,29.0,29.0,False
20,10,_original_nint128_seed28,2,2,8,1;3,False,False,,1,3,34.0,85.0,1008.0,7.0,5.0,False,1.0,34.0,34.0,False
20,10,_original_nint128_seed28,2,2,8,3;4,False,False,,4,3,31.0,78.0,1114.0,11.0,5.0,False,1.0,31.0,31.0,False
20,10,_original_nint128_seed28,2,2,8,3;5,False,False,,5,3,32.0,80.0,1152.0,9.0,5.0,False,1.0,32.0,32.0,False
20,10,_original_nint128_seed28,2,2,8,3;6,False,False,,6,3,27.0,66.0,1059.0,17.0,5.0,False,1.0,27.0,27.0,False
20,10,_original_nint128_seed28,2,2,8,0;1,False,False,,0,1,29.0,66.0,818.0,18.0,5.0,False,1.0,29.0,29.0,False
20,10,_original_nint128_seed28,2,2,8,1;4,False,False,,4,1,31.0,76.0,1116.0,12.0,5.0,False,1.0,31.0,31.0,False
20,10,_original_nint128_seed28,2,2,8,1;5,False,False,,5,1,33.0,79.0,1154.0,10.0,5.0,False,1.0,33.0,33.0,False
20,10,_original_nint128_seed28,2,2,8,1;6,False,False,,6,1,28.0,67.0,1061.0,18.0,5.0,False,1.0,28.0,28.0,False
20,10,_original_nint128_seed28,2,2,8,0;6,False,False,,6,0,22.0,47.0,870.0,27.0,5.0,False,1.0,22.0,22.0,False
20,10,_original_nint128_seed28,2,2,8,4;6,False,False,,6,4,26.0,63.0,1166.0,23.0,5.0,False,1.0,26.0,26.0,False
20,10,_original_nint128_seed28,2,2,8,5;6,False,False,,6,5,26.0,62.0,1205.0,20.0,5.0,False,1.0,26.0,26.0,False
20,10,_original_nint128_seed28,2,2,8,0;5,False,False,,0,5,28.0,63.0,962.0,20.0,5.0,False,1.0,28.0,28.0,False
20,10,_original_nint128_seed28,2,2,8,4;5,False,False,,4,5,30.0,71.0,1260.0,14.0,5.0,False,1.0,30.0,30.0,False
20,10,_original_nint128_seed28,2,2,8,0;4,False,False,,0,4,26.0,58.0,925.0,21.0,5.0,False,1.0,26.0,26.0,False
20,10,_original_nint128_seed28,3,3,7,0;2;8,False,False,,0;2,8,19.0,39.0,811.0,33.0,5.0,False,1.0,19.0,19.0,False
20,10,_original_nint128_seed28,3,3,7,1;2;8,False,False,,2;8,1,24.0,56.0,1005.0,23.0,5.0,False,1.0,24.0,24.0,False
20,10,_original_nint128_seed28,3,3,7,2;3;8,False,False,,2;8,3,23.0,55.0,1003.0,22.0,5.0,False,1.0,23.0,23.0,False
20,10,_original_nint128_seed28,3,3,7,2;4;8,False,False,,2;4,8,22.0,52.0,1111.0,27.0,5.0,False,1.0,22.0,22.0,False
20,10,_original_nint128_seed28,3,3,7,2;5;8,False,False,,2;5,8,22.0,52.0,1149.0,25.0,5.0,False,1.0,22.0,22.0,False
20,10,_original_nint128_seed28,3,3,7,2;6;8,False,False,,2;6,8,16.0,39.0,1055.0,34.0,5.0,False,1.0,16.0,16.0,False
20,10,_original_nint128_seed28,3,3,7,2;7;8,False,False,,2;8,7,23.0,54.0,1123.0,25.0,5.0,False,1.0,23.0,23.0,False
20,10,_original_nint128_seed28,3,3,7,2;8;9,False,False,,2;9,8,20.0,45.0,1076.0,30.0,5.0,False,1.0,20.0,20.0,False
20,10,_original_nint128_seed28,3,3,7,0;1;4,False,False,,0;4,1,23.0,53.0,743.0,26.0,5.0,False,1.0,23.0,23.0,False
20,10,_original_nint128_seed28,3,3,7,1;3;4,False,False,,1;4,3,25.0,68.0,933.0,15.0,5.0,False,1.0,25.0,25.0,False
20,10,_original_nint128_seed28,3,3,7,1;4;5,False,False,,4;5,1,26.0,64.0,1079.0,18.0,5.0,False,1.0,26.0,26.0,False
20,10,_original_nint128_seed28,3,3,7,1;4;6,False,False,,4;6,1,23.0,58.0,985.0,27.0,5.0,False,1.0,23.0,23.0,False
20,10,_original_nint128_seed28,3,3,7,1;4;7,False,False,,4;7,1,27.0,66.0,1054.0,17.0,5.0,False,1.0,27.0,27.0,False
20,10,_original_nint128_seed28,3,3,7,1;4;8,False,False,,4;8,1,27.0,65.0,1074.0,17.0,5.0,False,1.0,27.0,27.0,False
20,10,_original_nint128_seed28,3,3,7,1;4;9,False,False,,4;9,1,22.0,54.0,1009.0,22.0,5.0,False,1.0,22.0,22.0,False
20,10,_original_nint128_seed28,3,3,7,0;4;6,False,False,,0;6,4,18.0,39.0,794.0,36.0,5.0,False,1.0,18.0,18.0,False
20,10,_original_nint128_seed28,3,3,7,3;4;6,False,False,,4;6,3,23.0,58.0,983.0,26.0,5.0,False,1.0,23.0,23.0,False
20,10,_original_nint128_seed28,3,3,7,4;5;6,False,False,,5;6,4,22.0,54.0,1129.0,29.0,5.0,False,1.0,22.0,22.0,False
20,10,_original_nint128_seed28,3,3,7,4;6;7,False,False,,4;6,7,23.0,56.0,1101.0,29.0,5.0,False,1.0,23.0,23.0,False
20,10,_original_nint128_seed28,3,3,7,4;6;8,False,False,,4;6,8,23.0,56.0,1123.0,29.0,5.0,False,1.0,23.0,23.0,False
20,10,_original_nint128_seed28,3,3,7,4;6;9,False,False,,6;9,4,19.0,43.0,1058.0,34.0,5.0,False,1.0,19.0,19.0,False
20,10,_original_nint128_seed28,3,3,7,0;2;3,False,False,,0;2,3,20.0,45.0,670.0,31.0,5.0,False,1.0,20.0,20.0,False
20,10,_original_nint128_seed28,3,3,7,1;2;3,False,False,,2;3,1,24.0,58.0,865.0,20.0,5.0,False,1.0,24.0,24.0,False
20,10,_original_nint128_seed28,3,3,7,2;3;4,False,False,,2;4,3,22.0,54.0,971.0,24.0,5.0,False,1.0,22.0,22.0,False
20,10,_original_nint128_seed28,3,3,7,2;3;5,False,False,,2;5,3,22.0,54.0,1009.0,22.0,5.0,False,1.0,22.0,22.0,False
20,10,_original_nint128_seed28,3,3,7,2;3;6,False,False,,2;6,3,16.0,37.0,916.0,30.0,5.0,False,1.0,16.0,16.0,False
20,10,_original_nint128_seed28,3,3,7,2;3;7,False,False,,2;7,3,23.0,56.0,983.0,22.0,5.0,False,1.0,23.0,23.0,False
20,10,_original_nint128_seed28,3,3,7,2;3;9,False,False,,2;9,3,19.0,45.0,936.0,27.0,5.0,False,1.0,19.0,19.0,False
20,10,_original_nint128_seed28,3,3,7,0;3;9,False,False,,0;9,3,22.0,52.0,689.0,30.0,5.0,False,1.0,22.0,22.0,False
20,10,_original_nint128_seed28,3,3,7,1;3;9,False,False,,3;9,1,25.0,62.0,901.0,17.0,5.0,False,1.0,25.0,25.0,False
20,10,_original_nint128_seed28,3,3,7,3;4;9,False,False,,4;9,3,22.0,55.0,1007.0,21.0,5.0,False,1.0,22.0,22.0,False
20,10,_original_nint128_seed28,3,3,7,3;5;9,False,False,,5;9,3,23.0,57.0,1045.0,19.0,5.0,False,1.0,23.0,23.0,False
20,10,_original_nint128_seed28,3,3,7,3;6;9,False,False,,6;9,3,20.0,45.0,951.0,28.0,5.0,False,1.0,20.0,20.0,False
20,10,_original_nint128_seed28,3,3,7,3;7;9,False,False,,7;9,3,24.0,57.0,1020.0,18.0,5.0,False,1.0,24.0,24.0,False
20,10,_original_nint128_seed28,3,3,7,3;8;9,False,False,,8;9,3,25.0,59.0,1040.0,18.0,5.0,False,1.0,25.0,25.0,False
20,10,_original_nint128_seed28,3,3,7,0;2;6,False,False,,2;6,0,12.0,22.0,724.0,41.0,5.0,False,1.0,12.0,12.0,False
20,10,_original_nint128_seed28,3,3,7,1;2;6,False,False,,2;6,1,17.0,40.0,918.0,31.0,5.0,False,1.0,17.0,17.0,False
20,10,_original_nint128_seed28,3,3,7,2;5;6,False,False,,2;6,5,15.0,36.0,1062.0,33.0,5.0,False,1.0,15.0,15.0,False
20,10,_original_nint128_seed28,3,3,7,2;6;7,False,False,,2;6,7,16.0,39.0,1033.0,34.0,5.0,False,1.0,16.0,16.0,False
20,10,_original_nint128_seed28,3,3,7,2;6;9,False,False,,2;6,9,13.0,28.0,988.0,39.0,5.0,False,1.0,13.0,13.0,False
20,10,_original_nint128_seed28,3,3,7,0;4;5,False,False,,0;4,5,22.0,49.0,887.0,28.0,5.0,False,1.0,22.0,22.0,False
20,10,_original_nint128_seed28,3,3,7,2;4;5,False,False,,2;4,5,21.0,50.0,1117.0,27.0,5.0,False,1.0,21.0,21.0,False
20,10,_original_nint128_seed28,3,3,7,3;4;5,False,False,,4;5,3,26.0,66.0,1077.0,17.0,5.0,False,1.0,26.0,26.0,False
20,10,_original_nint128_seed28,3,3,7,4;5;7,False,False,,4;5,7,27.0,62.0,1198.0,19.0,5.0,False,1.0,27.0,27.0,False
20,10,_original_nint128_seed28,3,3,7,4;5;8,False,False,,4;5,8,26.0,60.0,1218.0,19.0,5.0,False,1.0,26.0,26.0,False
20,10,_original_nint128_seed28,3,3,7,4;5;9,False,False,,4;9,5,21.0,49.0,1153.0,24.0,5.0,False,1.0,21.0,21.0,False
20,10,_original_nint128_seed28,3,3,7,0;7;9,False,False,,0;9,7,21.0,46.0,811.0,31.0,5.0,False,1.0,21.0,21.0,False
20,10,_original_nint128_seed28,3,3,7,1;7;9,False,False,,7;9,1,25.0,58.0,1022.0,19.0,5.0,False,1.0,25.0,25.0,False
20,10,_original_nint128_seed28,3,3,7,2;7;9,False,False,,2;9,7,19.0,44.0,1056.0,30.0,5.0,False,1.0,19.0,19.0,False
20,10,_original_nint128_seed28,3,3,7,4;7;9,False,False,,4;9,7,22.0,51.0,1128.0,23.0,5.0,False,1.0,22.0,22.0,False
20,10,_original_nint128_seed28,3,3,7,5;7;9,False,False,,5;9,7,24.0,54.0,1166.0,21.0,5.0,False,1.0,24.0,24.0,False
20,10,_original_nint128_seed28,3,3,7,6;7;9,False,False,,6;9,7,20.0,44.0,1069.0,31.0,5.0,False,1.0,20.0,20.0,False
20,10,_original_nint128_seed28,3,3,7,7;8;9,False,False,,7;9,8,25.0,55.0,1161.0,20.0,5.0,False,1.0,25.0,25.0,False
20,10,_original_nint128_seed28,3,3,7,0;7;8,False,False,,0;8,7,24.0,50.0,896.0,23.0,5.0,False,1.0,24.0,24.0,False
20,10,_original_nint128_seed28,3,3,7,1;7;8,False,False,,7;8,1,30.0,69.0,1087.0,14.0,5.0,False,1.0,30.0,30.0,False
20,10,_original_nint128_seed28,3,3,7,3;7;8,False,False,,7;8,3,29.0,70.0,1085.0,13.0,5.0,False,1.0,29.0,29.0,False
20,10,_original_nint128_seed28,3,3,7,4;7;8,False,False,,4;8,7,27.0,62.0,1193.0,18.0,5.0,False,1.0,27.0,27.0,False
20,10,_original_nint128_seed28,3,3,7,5;7;8,False,False,,5;8,7,29.0,65.0,1231.0,16.0,5.0,False,1.0,29.0,29.0,False
20,10,_original_nint128_seed28,3,3,7,6;7;8,False,False,,6;7,8,24.0,57.0,1134.0,26.0,5.0,False,1.0,24.0,24.0,False
20,10,_original_nint128_seed28,3,3,7,0;1;5,False,False,,0;5,1,25.0,58.0,780.0,25.0,5.0,False,1.0,25.0,25.0,False
20,10,_original_nint128_seed28,3,3,7,0;2;5,False,False,,0;2,5,19.0,41.0,816.0,34.0,5.0,False,1.0,19.0,19.0,False
20,10,_original_nint128_seed28,3,3,7,0;3;5,False,False,,0;5,3,25.0,60.0,778.0,24.0,5.0,False,1.0,25.0,25.0,False
20,10,_original_nint128_seed28,3,3,7,0;5;6,False,False,,0;6,5,19.0,41.0,832.0,34.0,5.0,False,1.0,19.0,19.0,False
20,10,_original_nint128_seed28,3,3,7,0;5;7,False,False,,0;7,5,25.0,54.0,900.0,25.0,5.0,False,1.0,25.0,25.0,False
20,10,_original_nint128_seed28,3,3,7,0;5;8,False,False,,0;8,5,24.0,52.0,920.0,25.0,5.0,False,1.0,24.0,24.0,False
20,10,_original_nint128_seed28,3,3,7,0;5;9,False,False,,0;9,5,21.0,48.0,835.0,33.0,5.0,False,1.0,21.0,21.0,False
20,10,_original_nint128_seed28,3,3,7,0;4;9,False,False,,0;9,4,19.0,43.0,798.0,34.0,5.0,False,1.0,19.0,19.0,False
20,10,_original_nint128_seed28,3,3,7,2;4;9,False,False,,2;9,4,18.0,42.0,1044.0,32.0,5.0,False,1.0,18.0,18.0,False
20,10,_original_nint128_seed28,3,3,7,4;8;9,False,False,,4;9,8,23.0,52.0,1148.0,23.0,5.0,False,1.0,23.0,23.0,False
20,10,_original_nint128_seed28,3,3,7,0;2;9,False,False,,0;2,9,17.0,37.0,721.0,42.0,5.0,False,1.0,17.0,17.0,False
20,10,_original_nint128_seed28,3,3,7,1;2;9,False,False,,2;9,1,20.0,46.0,938.0,28.0,5.0,False,1.0,20.0,20.0,False
20,10,_original_nint128_seed28,3,3,7,2;5;9,False,False,,2;9,5,18.0,42.0,1082.0,30.0,5.0,False,1.0,18.0,18.0,False
20,10,_original_nint128_seed28,3,3,7,1;5;9,False,False,,5;9,1,24.0,57.0,1047.0,20.0,5.0,False,1.0,24.0,24.0,False
20,10,_original_nint128_seed28,3,3,7,5;6;9,False,False,,6;9,5,19.0,42.0,1097.0,31.0,5.0,False,1.0,19.0,19.0,False
20,10,_original_nint128_seed28,3,3,7,5;8;9,False,False,,5;9,8,24.0,54.0,1186.0,21.0,5.0,False,1.0,24.0,24.0,False
20,10,_original_nint128_seed28,3,3,7,0;3;4,False,False,,0;4,3,23.0,55.0,741.0,25.0,5.0,False,1.0,23.0,23.0,False
20,10,_original_nint128_seed28,3,3,7,3;4;7,False,False,,4;7,3,27.0,68.0,1052.0,16.0,5.0,False,1.0,27.0,27.0,False
20,10,_original_nint128_seed28,3,3,7,3;4;8,False,False,,4;8,3,27.0,67.0,1072.0,16.0,5.0,False,1.0,27.0,27.0,False
20,10,_original_nint128_seed28,3,3,7,0;6;9,False,False,,0;6,9,17.0,35.0,742.0,41.0,5.0,False,1.0,17.0,17.0,False
20,10,_original_nint128_seed28,3,3,7,1;6;9,False,False,,6;9,1,21.0,47.0,953.0,29.0,5.0,False,1.0,21.0,21.0,False
20,10,_original_nint128_seed28,3,3,7,6;8;9,False,False,,6;9,8,21.0,46.0,1091.0,31.0,5.0,False,1.0,21.0,21.0,False
20,10,_original_nint128_seed28,3,3,7,0;1;7,False,False,,0;7,1,25.0,56.0,756.0,23.0,5.0,False,1.0,25.0,25.0,False
20,10,_original_nint128_seed28,3,3,7,1;2;7,False,False,,2;7,1,24.0,57.0,985.0,23.0,5.0,False,1.0,24.0,24.0,False
20,10,_original_nint128_seed28,3,3,7,1;3;7,False,False,,1;7,3,30.0,75.0,946.0,12.0,5.0,False,1.0,30.0,30.0,False
20,10,_original_nint128_seed28,3,3,7,1;5;7,False,False,,5;7,1,30.0,70.0,1092.0,15.0,5.0,False,1.0,30.0,30.0,False
20,10,_original_nint128_seed28,3,3,7,1;6;7,False,False,,6;7,1,25.0,60.0,996.0,24.0,5.0,False,1.0,25.0,25.0,False
20,10,_original_nint128_seed28,3,3,7,0;1;6,False,False,,0;6,1,20.0,44.0,688.0,32.0,5.0,False,1.0,20.0,20.0,False
20,10,_original_nint128_seed28,3,3,7,0;3;6,False,False,,0;6,3,20.0,44.0,686.0,31.0,5.0,False,1.0,20.0,20.0,False
20,10,_original_nint128_seed28,3,3,7,0;6;7,False,False,,0;6,7,19.0,40.0,805.0,33.0,5.0,False,1.0,19.0,19.0,False
20,10,_original_nint128_seed28,3,3,7,0;6;8,False,False,,0;6,8,19.0,40.0,827.0,33.0,5.0,False,1.0,19.0,19.0,False
20,10,_original_nint128_seed28,3,3,7,0;1;3,False,False,,0;1,3,26.0,63.0,634.0,22.0,5.0,False,1.0,26.0,26.0,False
20,10,_original_nint128_seed28,3,3,7,0;3;7,False,False,,0;7,3,25.0,58.0,754.0,22.0,5.0,False,1.0,25.0,25.0,False
20,10,_original_nint128_seed28,3,3,7,0;3;8,False,False,,0;8,3,25.0,57.0,774.0,22.0,5.0,False,1.0,25.0,25.0,False
20,10,_original_nint128_seed28,3,3,7,0;1;2,False,False,,0;2,1,20.0,43.0,672.0,32.0,5.0,False,1.0,20.0,20.0,False
20,10,_original_nint128_seed28,3,3,7,0;2;4,False,False,,0;2,4,18.0,38.0,779.0,35.0,5.0,False,1.0,18.0,18.0,False
20,10,_original_nint128_seed28,3,3,7,0;2;7,False,False,,0;2,7,19.0,40.0,791.0,33.0,5.0,False,1.0,19.0,19.0,False
20,10,_original_nint128_seed28,3,3,7,0;4;7,False,False,,0;4,7,22.0,48.0,863.0,26.0,5.0,False,1.0,22.0,22.0,False
20,10,_original_nint128_seed28,3,3,7,0;4;8,False,False,,0;4,8,22.0,47.0,883.0,26.0,5.0,False,1.0,22.0,22.0,False
20,10,_original_nint128_seed28,3,3,7,2;4;7,False,False,,2;4,7,22.0,53.0,1091.0,27.0,5.0,False,1.0,22.0,22.0,False
20,10,_original_nint128_seed28,3,3,7,0;1;8,False,False,,0;8,1,25.0,55.0,776.0,23.0,5.0,False,1.0,25.0,25.0,False
20,10,_original_nint128_seed28,3,3,7,1;3;8,False,False,,1;8,3,30.0,74.0,966.0,12.0,5.0,False,1.0,30.0,30.0,False
20,10,_original_nint128_seed28,3,3,7,1;5;8,False,False,,5;8,1,29.0,68.0,1112.0,15.0,5.0,False,1.0,29.0,29.0,False
20,10,_original_nint128_seed28,3,3,7,1;6;8,False,False,,6;8,1,25.0,60.0,1018.0,24.0,5.0,False,1.0,25.0,25.0,False
20,10,_original_nint128_seed28,3,3,7,1;8;9,False,False,,8;9,1,26.0,59.0,1042.0,19.0,5.0,False,1.0,26.0,26.0,False
20,10,_original_nint128_seed28,3,3,7,1;5;6,False,False,,5;6,1,24.0,58.0,1024.0,24.0,5.0,False,1.0,24.0,24.0,False
20,10,_original_nint128_seed28,3,3,7,3;5;6,False,False,,5;6,3,23.0,57.0,1022.0,23.0,5.0,False,1.0,23.0,23.0,False
20,10,_original_nint128_seed28,3,3,7,5;6;7,False,False,,5;6,7,24.0,56.0,1140.0,26.0,5.0,False,1.0,24.0,24.0,False
20,10,_original_nint128_seed28,3,3,7,5;6;8,False,False,,5;6,8,23.0,55.0,1162.0,26.0,5.0,False,1.0,23.0,23.0,False
20,10,_original_nint128_seed28,3,3,7,1;3;5,False,False,,1;5,3,29.0,74.0,971.0,13.0,5.0,False,1.0,29.0,29.0,False
20,10,_original_nint128_seed28,3,3,7,3;5;7,False,False,,5;7,3,29.0,71.0,1090.0,14.0,5.0,False,1.0,29.0,29.0,False
20,10,_original_nint128_seed28,3,3,7,3;5;8,False,False,,5;8,3,28.0,69.0,1110.0,14.0,5.0,False,1.0,28.0,28.0,False
20,10,_original_nint128_seed28,3,3,7,1;3;6,False,False,,3;6,1,25.0,62.0,878.0,21.0,5.0,False,1.0,25.0,25.0,False
20,10,_original_nint128_seed28,3,3,7,3;6;7,False,False,,6;7,3,24.0,59.0,994.0,23.0,5.0,False,1.0,24.0,24.0,False
20,10,_original_nint128_seed28,3,3,7,3;6;8,False,False,,6;8,3,24.0,59.0,1016.0,23.0,5.0,False,1.0,24.0,24.0,False
20,10,_original_nint128_seed28,3,3,7,0;1;9,False,False,,0;9,1,22.0,51.0,691.0,31.0,5.0,False,1.0,22.0,22.0,False
20,10,_original_nint128_seed28,3,3,7,1;2;5,False,False,,2;5,1,23.0,55.0,1011.0,23.0,5.0,False,1.0,23.0,23.0,False
20,10,_original_nint128_seed28,3,3,7,2;5;7,False,False,,2;5,7,23.0,55.0,1129.0,25.0,5.0,False,1.0,23.0,23.0,False
20,10,_original_nint128_seed28,4,4,6,0;1;2;9,False,False,,0;2;9,1,15.0,33.0,539.0,47.0,5.0,False,1.0,15.0,15.0,False
20,10,_original_nint128_seed28,4,4,6,1;2;3;9,False,False,,2;3;9,1,17.0,40.0,755.0,31.0,5.0,False,1.0,17.0,17.0,False
20,10,_original_nint128_seed28,4,4,6,1;2;5;9,False,False,,2;5;9,1,16.0,37.0,901.0,34.0,5.0,False,1.0,16.0,16.0,False
20,10,_original_nint128_seed28,4,4,6,1;2;6;9,False,False,,2;6;9,1,12.0,25.0,807.0,43.0,5.0,False,1.0,12.0,12.0,False
20,10,_original_nint128_seed28,4,4,6,1;2;7;9,False,False,,2;7;9,1,17.0,39.0,875.0,34.0,5.0,False,1.0,17.0,17.0,False
20,10,_original_nint128_seed28,4,4,6,1;2;8;9,False,False,,2;8;9,1,18.0,40.0,895.0,34.0,5.0,False,1.0,18.0,18.0,False
20,10,_original_nint128_seed28,4,4,6,0;1;2;7,False,False,,0;2;7,1,17.0,36.0,609.0,38.0,5.0,False,1.0,17.0,17.0,False
20,10,_original_nint128_seed28,4,4,6,0;1;3;7,False,False,,0;1;7,3,22.0,53.0,572.0,27.0,5.0,False,1.0,22.0,22.0,False
20,10,_original_nint128_seed28,4,4,6,0;1;4;7,False,False,,0;4;7,1,19.0,43.0,681.0,31.0,5.0,False,1.0,19.0,19.0,False
20,10,_original_nint128_seed28,4,4,6,0;1;5;7,False,False,,0;5;7,1,22.0,49.0,718.0,30.0,5.0,False,1.0,22.0,22.0,False
20,10,_original_nint128_seed28,4,4,6,0;1;6;7,False,False,,0;6;7,1,17.0,37.0,623.0,38.0,5.0,False,1.0,17.0,17.0,False
20,10,_original_nint128_seed28,4,4,6,0;1;7;8,False,False,,0;7;8,1,21.0,45.0,714.0,28.0,5.0,False,1.0,21.0,21.0,False
20,10,_original_nint128_seed28,4,4,6,0;1;7;9,False,False,,0;7;9,1,18.0,41.0,629.0,36.0,5.0,False,1.0,18.0,18.0,False
20,10,_original_nint128_seed28,4,4,6,0;2;6;9,False,False,,0;2;6,9,9.0,16.0,590.0,57.0,5.0,False,1.0,9.0,9.0,False
20,10,_original_nint128_seed28,4,4,6,2;3;6;9,False,False,,2;6;9,3,11.0,22.0,805.0,42.0,5.0,False,1.0,11.0,11.0,False
20,10,_original_nint128_seed28,4,4,6,2;5;6;9,False,False,,2;6;9,5,10.0,21.0,951.0,45.0,5.0,False,1.0,10.0,10.0,False
20,10,_original_nint128_seed28,4,4,6,2;6;7;9,False,False,,2;6;9,7,11.0,24.0,922.0,46.0,5.0,False,1.0,11.0,11.0,False
20,10,_original_nint128_seed28,4,4,6,2;6;8;9,False,False,,2;6;9,8,12.0,26.0,944.0,46.0,5.0,False,1.0,12.0,12.0,False
20,10,_original_nint128_seed28,4,4,6,0;2;7;8,False,False,,0;2;8,7,16.0,32.0,748.0,39.0,5.0,False,1.0,16.0,16.0,False
20,10,_original_nint128_seed28,4,4,6,1;2;7;8,False,False,,2;7;8,1,21.0,49.0,942.0,29.0,5.0,False,1.0,21.0,21.0,False
20,10,_original_nint128_seed28,4,4,6,2;3;7;8,False,False,,2;7;8,3,20.0,48.0,940.0,28.0,5.0,False,1.0,20.0,20.0,False
20,10,_original_nint128_seed28,4,4,6,2;4;7;8,False,False,,2;4;8,7,19.0,45.0,1048.0,33.0,5.0,False,1.0,19.0,19.0,False
20,10,_original_nint128_seed28,4,4,6,2;5;7;8,False,False,,2;5;8,7,20.0,47.0,1086.0,31.0,5.0,False,1.0,20.0,20.0,False
20,10,_original_nint128_seed28,4,4,6,2;6;7;8,False,False,,2;6;7,8,14.0,35.0,989.0,41.0,5.0,False,1.0,14.0,14.0,False
20,10,_original_nint128_seed28,4,4,6,2;7;8;9,False,False,,2;7;9,8,17.0,38.0,1013.0,36.0,5.0,False,1.0,17.0,17.0,False
20,10,_original_nint128_seed28,4,4,6,0;4;7;9,False,False,,0;4;9,7,15.0,33.0,736.0,39.0,5.0,False,1.0,15.0,15.0,False
20,10,_original_nint128_seed28,4,4,6,1;4;7;9,False,False,,4;7;9,1,18.0,44.0,947.0,27.0,5.0,False,1.0,18.0,18.0,False
20,10,_original_nint128_seed28,4,4,6,2;4;7;9,False,False,,2;4;9,7,15.0,35.0,981.0,38.0,5.0,False,1.0,15.0,15.0,False
20,10,_original_nint128_seed28,4,4,6,3;4;7;9,False,False,,4;7;9,3,18.0,44.0,945.0,26.0,5.0,False,1.0,18.0,18.0,False
20,10,_original_nint128_seed28,4,4,6,4;5;7;9,False,False,,4;5;9,7,18.0,40.0,1091.0,29.0,5.0,False,1.0,18.0,18.0,False
20,10,_original_nint128_seed28,4,4,6,4;6;7;9,False,False,,4;6;9,7,16.0,36.0,993.0,40.0,5.0,False,1.0,16.0,16.0,False
20,10,_original_nint128_seed28,4,4,6,4;7;8;9,False,False,,4;7;9,8,19.0,42.0,1086.0,28.0,5.0,False,1.0,19.0,19.0,False
20,10,_original_nint128_seed28,4,4,6,0;2;3;4,False,False,,0;2;4,3,16.0,36.0,595.0,39.0,5.0,False,1.0,16.0,16.0,False
20,10,_original_nint128_seed28,4,4,6,0;2;4;5,False,False,,0;2;4,5,15.0,31.0,741.0,42.0,5.0,False,1.0,15.0,15.0,False
20,10,_original_nint128_seed28,4,4,6,0;2;4;7,False,False,,0;2;4,7,15.0,31.0,716.0,41.0,5.0,False,1.0,15.0,15.0,False
20,10,_original_nint128_seed28,4,4,6,0;2;4;8,False,False,,0;2;4,8,15.0,30.0,736.0,41.0,5.0,False,1.0,15.0,15.0,False
20,10,_original_nint128_seed28,4,4,6,0;2;4;9,False,False,,0;2;9,4,13.0,28.0,646.0,50.0,5.0,False,1.0,13.0,13.0,False
20,10,_original_nint128_seed28,4,4,6,0;3;5;9,False,False,,0;5;9,3,18.0,44.0,651.0,37.0,5.0,False,1.0,18.0,18.0,False
20,10,_original_nint128_seed28,4,4,6,1;3;5;9,False,False,,3;5;9,1,20.0,51.0,864.0,23.0,5.0,False,1.0,20.0,20.0,False
20,10,_original_nint128_seed28,4,4,6,2;3;5;9,False,False,,2;5;9,3,15.0,36.0,899.0,33.0,5.0,False,1.0,15.0,15.0,False
20,10,_original_nint128_seed28,4,4,6,3;4;5;9,False,False,,4;5;9,3,17.0,43.0,970.0,27.0,5.0,False,1.0,17.0,17.0,False
20,10,_original_nint128_seed28,4,4,6,3;5;6;9,False,False,,5;6;9,3,16.0,36.0,914.0,34.0,5.0,False,1.0,16.0,16.0,False
20,10,_original_nint128_seed28,4,4,6,3;5;8;9,False,False,,5;8;9,3,20.0,48.0,1003.0,24.0,5.0,False,1.0,20.0,20.0,False
20,10,_original_nint128_seed28,4,4,6,2;3;4;8,False,False,,2;4;8,3,19.0,46.0,928.0,30.0,5.0,False,1.0,19.0,19.0,False
20,10,_original_nint128_seed28,4,4,6,2;4;5;8,False,False,,2;4;5,8,18.0,42.0,1074.0,33.0,5.0,False,1.0,18.0,18.0,False
20,10,_original_nint128_seed28,4,4,6,2;4;8;9,False,False,,2;4;9,8,16.0,36.0,1001.0,38.0,5.0,False,1.0,16.0,16.0,False
20,10,_original_nint128_seed28,4,4,6,0;1;4;6,False,False,,0;4;6,1,16.0,36.0,612.0,41.0,5.0,False,1.0,16.0,16.0,False
20,10,_original_nint128_seed28,4,4,6,0;3;4;6,False,False,,0;4;6,3,16.0,36.0,610.0,40.0,5.0,False,1.0,16.0,16.0,False
20,10,_original_nint128_seed28,4,4,6,0;4;5;6,False,False,,0;4;6,5,15.0,33.0,756.0,43.0,5.0,False,1.0,15.0,15.0,False
20,10,_original_nint128_seed28,4,4,6,0;4;6;7,False,False,,0;4;6,7,15.0,32.0,729.0,42.0,5.0,False,1.0,15.0,15.0,False
20,10,_original_nint128_seed28,4,4,6,0;4;6;8,False,False,,0;4;6,8,15.0,32.0,751.0,42.0,5.0,False,1.0,15.0,15.0,False
20,10,_original_nint128_seed28,4,4,6,0;4;6;9,False,False,,0;6;9,4,13.0,27.0,666.0,50.0,5.0,False,1.0,13.0,13.0,False
20,10,_original_nint128_seed28,4,4,6,0;4;7;8,False,False,,0;4;8,7,18.0,37.0,821.0,31.0,5.0,False,1.0,18.0,18.0,False
20,10,_original_nint128_seed28,4,4,6,1;4;7;8,False,False,,4;7;8,1,23.0,55.0,1012.0,22.0,5.0,False,1.0,23.0,23.0,False
20,10,_original_nint128_seed28,4,4,6,3;4;7;8,False,False,,4;7;8,3,23.0,57.0,1010.0,21.0,5.0,False,1.0,23.0,23.0,False
20,10,_original_nint128_seed28,4,4,6,4;5;7;8,False,False,,4;5;8,7,23.0,51.0,1156.0,24.0,5.0,False,1.0,23.0,23.0,False
20,10,_original_nint128_seed28,4,4,6,4;6;7;8,False,False,,4;6;7,8,20.0,49.0,1058.0,35.0,5.0,False,1.0,20.0,20.0,False
20,10,_original_nint128_seed28,4,4,6,1;2;3;7,False,False,,2;3;7,1,21.0,51.0,802.0,26.0,5.0,False,1.0,21.0,21.0,False
20,10,_original_nint128_seed28,4,4,6,1;3;4;7,False,False,,1;4;7,3,21.0,58.0,871.0,20.0,5.0,False,1.0,21.0,21.0,False
20,10,_original_nint128_seed28,4,4,6,1;3;5;7,False,False,,1;5;7,3,25.0,65.0,909.0,18.0,5.0,False,1.0,25.0,25.0,False
20,10,_original_nint128_seed28,4,4,6,1;3;6;7,False,False,,3;6;7,1,22.0,55.0,813.0,27.0,5.0,False,1.0,22.0,22.0,False
20,10,_original_nint128_seed28,4,4,6,1;3;7;8,False,False,,1;7;8,3,26.0,64.0,904.0,17.0,5.0,False,1.0,26.0,26.0,False
20,10,_original_nint128_seed28,4,4,6,1;3;7;9,False,False,,3;7;9,1,21.0,51.0,839.0,22.0,5.0,False,1.0,21.0,21.0,False
20,10,_original_nint128_seed28,4,4,6,0;3;4;5,False,False,,0;4;5,3,19.0,46.0,703.0,32.0,5.0,False,1.0,19.0,19.0,False
20,10,_original_nint128_seed28,4,4,6,1;3;4;5,False,False,,1;4;5,3,20.0,56.0,896.0,21.0,5.0,False,1.0,20.0,20.0,False
20,10,_original_nint128_seed28,4,4,6,2;3;4;5,False,False,,2;4;5,3,18.0,44.0,934.0,30.0,5.0,False,1.0,18.0,18.0,False
20,10,_original_nint128_seed28,4,4,6,3;4;5;6,False,False,,4;5;6,3,19.0,49.0,946.0,32.0,5.0,False,1.0,19.0,19.0,False
20,10,_original_nint128_seed28,4,4,6,3;4;5;7,False,False,,4;5;7,3,23.0,57.0,1015.0,22.0,5.0,False,1.0,23.0,23.0,False
20,10,_original_nint128_seed28,4,4,6,3;4;5;8,False,False,,4;5;8,3,22.0,55.0,1035.0,22.0,5.0,False,1.0,22.0,22.0,False
20,10,_original_nint128_seed28,4,4,6,0;3;4;8,False,False,,0;4;8,3,19.0,44.0,699.0,30.0,5.0,False,1.0,19.0,19.0,False
20,10,_original_nint128_seed28,4,4,6,1;3;4;8,False,False,,1;4;8,3,20.0,56.0,891.0,20.0,5.0,False,1.0,20.0,20.0,False
20,10,_original_nint128_seed28,4,4,6,3;4;6;8,False,False,,4;6;8,3,20.0,51.0,940.0,32.0,5.0,False,1.0,20.0,20.0,False
20,10,_original_nint128_seed28,4,4,6,3;4;8;9,False,False,,4;8;9,3,19.0,46.0,965.0,26.0,5.0,False,1.0,19.0,19.0,False
20,10,_original_nint128_seed28,4,4,6,0;2;5;9,False,False,,0;2;9,5,14.0,31.0,683.0,49.0,5.0,False,1.0,14.0,14.0,False
20,10,_original_nint128_seed28,4,4,6,2;4;5;9,False,False,,2;4;9,5,14.0,32.0,1007.0,38.0,5.0,False,1.0,14.0,14.0,False
20,10,_original_nint128_seed28,4,4,6,2;5;7;9,False,False,,2;5;9,7,16.0,37.0,1019.0,36.0,5.0,False,1.0,16.0,16.0,False
20,10,_original_nint128_seed28,4,4,6,2;5;8;9,False,False,,2;5;9,8,16.0,36.0,1039.0,36.0,5.0,False,1.0,16.0,16.0,False
20,10,_original_nint128_seed28,4,4,6,1;7;8;9,False,False,,7;8;9,1,22.0,49.0,980.0,24.0,5.0,False,1.0,22.0,22.0,False
20,10,_original_nint128_seed28,4,4,6,3;7;8;9,False,False,,7;8;9,3,21.0,48.0,978.0,23.0,5.0,False,1.0,21.0,21.0,False
20,10,_original_nint128_seed28,4,4,6,5;7;8;9,False,False,,5;7;9,8,21.0,45.0,1124.0,26.0,5.0,False,1.0,21.0,21.0,False
20,10,_original_nint128_seed28,4,4,6,6;7;8;9,False,False,,6;7;9,8,18.0,39.0,1026.0,37.0,5.0,False,1.0,18.0,18.0,False
20,10,_original_nint128_seed28,4,4,6,0;1;6;9,False,False,,0;6;9,1,15.0,32.0,560.0,46.0,5.0,False,1.0,15.0,15.0,False
20,10,_original_nint128_seed28,4,4,6,0;3;6;9,False,False,,0;6;9,3,15.0,31.0,558.0,45.0,5.0,False,1.0,15.0,15.0,False
20,10,_original_nint128_seed28,4,4,6,0;5;6;9,False,False,,0;6;9,5,14.0,29.0,704.0,48.0,5.0,False,1.0,14.0,14.0,False
20,10,_original_nint128_seed28,4,4,6,0;6;7;9,False,False,,0;6;9,7,14.0,28.0,677.0,47.0,5.0,False,1.0,14.0,14.0,False
20,10,_original_nint128_seed28,4,4,6,0;1;3;9,False,False,,0;1;9,3,19.0,47.0,507.0,35.0,5.0,False,1.0,19.0,19.0,False
20,10,_original_nint128_seed28,4,4,6,0;1;4;9,False,False,,0;4;9,1,16.0,38.0,616.0,39.0,5.0,False,1.0,16.0,16.0,False
20,10,_original_nint128_seed28,4,4,6,0;1;5;9,False,False,,0;5;9,1,18.0,43.0,653.0,38.0,5.0,False,1.0,18.0,18.0,False
20,10,_original_nint128_seed28,4,4,6,0;2;6;7,False,False,,0;2;6,7,10.0,18.0,658.0,48.0,5.0,False,1.0,10.0,10.0,False
20,10,_original_nint128_seed28,4,4,6,1;2;6;7,False,False,,2;6;7,1,15.0,36.0,852.0,38.0,5.0,False,1.0,15.0,15.0,False
20,10,_original_nint128_seed28,4,4,6,2;3;6;7,False,False,,2;3;6,7,14.0,33.0,850.0,37.0,5.0,False,1.0,14.0,14.0,False
20,10,_original_nint128_seed28,4,4,6,2;5;6;7,False,False,,2;5;6,7,14.0,34.0,996.0,40.0,5.0,False,1.0,14.0,14.0,False
20,10,_original_nint128_seed28,4,4,6,0;5;7;9,False,False,,0;7;9,5,18.0,39.0,773.0,38.0,5.0,False,1.0,18.0,18.0,False
20,10,_original_nint128_seed28,4,4,6,1;5;7;9,False,False,,5;7;9,1,21.0,48.0,985.0,25.0,5.0,False,1.0,21.0,21.0,False
20,10,_original_nint128_seed28,4,4,6,5;6;7;9,False,False,,5;6;9,7,17.0,36.0,1032.0,37.0,5.0,False,1.0,17.0,17.0,False
20,10,_original_nint128_seed28,4,4,6,1;4;8;9,False,False,,4;8;9,1,19.0,45.0,967.0,27.0,5.0,False,1.0,19.0,19.0,False
20,10,_original_nint128_seed28,4,4,6,4;5;8;9,False,False,,4;5;9,8,18.0,40.0,1111.0,29.0,5.0,False,1.0,18.0,18.0,False
20,10,_original_nint128_seed28,4,4,6,4;6;8;9,False,False,,4;6;9,8,17.0,38.0,1015.0,40.0,5.0,False,1.0,17.0,17.0,False
20,10,_original_nint128_seed28,4,4,6,1;3;4;9,False,False,,1;4;9,3,17.0,44.0,826.0,25.0,5.0,False,1.0,17.0,17.0,False
20,10,_original_nint128_seed28,4,4,6,1;3;6;9,False,False,,3;6;9,1,18.0,41.0,770.0,32.0,5.0,False,1.0,18.0,18.0,False
20,10,_original_nint128_seed28,4,4,6,1;3;8;9,False,False,,3;8;9,1,22.0,53.0,859.0,22.0,5.0,False,1.0,22.0,22.0,False
20,10,_original_nint128_seed28,4,4,6,0;2;3;8,False,False,,0;2;8,3,17.0,37.0,627.0,37.0,5.0,False,1.0,17.0,17.0,False
20,10,_original_nint128_seed28,4,4,6,1;2;3;8,False,False,,2;3;8,1,21.0,50.0,822.0,26.0,5.0,False,1.0,21.0,21.0,False
20,10,_original_nint128_seed28,4,4,6,2;3;5;8,False,False,,2;5;8,3,19.0,46.0,966.0,28.0,5.0,False,1.0,19.0,19.0,False
20,10,_original_nint128_seed28,4,4,6,2;3;6;8,False,False,,2;3;6,8,14.0,33.0,872.0,37.0,5.0,False,1.0,14.0,14.0,False
20,10,_original_nint128_seed28,4,4,6,2;3;8;9,False,False,,2;3;9,8,17.0,39.0,893.0,33.0,5.0,False,1.0,17.0,17.0,False
20,10,_original_nint128_seed28,4,4,6,0;1;2;3,False,False,,0;1;2,3,18.0,41.0,488.0,36.0,5.0,False,1.0,18.0,18.0,False
20,10,_original_nint128_seed28,4,4,6,0;1;3;4,False,False,,0;1;4,3,18.0,48.0,559.0,30.0,5.0,False,1.0,18.0,18.0,False
20,10,_original_nint128_seed28,4,4,6,0;1;3;5,False,False,,0;1;5,3,22.0,55.0,596.0,29.0,5.0,False,1.0,22.0,22.0,False
20,10,_original_nint128_seed28,4,4,6,0;1;3;6,False,False,,0;1;6,3,18.0,41.0,504.0,36.0,5.0,False,1.0,18.0,18.0,False
20,10,_original_nint128_seed28,4,4,6,0;1;3;8,False,False,,0;1;8,3,22.0,52.0,592.0,27.0,5.0,False,1.0,22.0,22.0,False
20,10,_original_nint128_seed28,4,4,6,0;1;4;8,False,False,,0;4;8,1,19.0,42.0,701.0,31.0,5.0,False,1.0,19.0,19.0,False
20,10,_original_nint128_seed28,4,4,6,0;4;5;8,False,False,,0;4;8,5,18.0,38.0,845.0,33.0,5.0,False,1.0,18.0,18.0,False
20,10,_original_nint128_seed28,4,4,6,1;4;6;7,False,False,,4;6;7,1,20.0,51.0,920.0,33.0,5.0,False,1.0,20.0,20.0,False
20,10,_original_nint128_seed28,4,4,6,3;4;6;7,False,False,,4;6;7,3,20.0,51.0,918.0,32.0,5.0,False,1.0,20.0,20.0,False
20,10,_original_nint128_seed28,4,4,6,4;5;6;7,False,False,,4;5;6,7,20.0,48.0,1064.0,35.0,5.0,False,1.0,20.0,20.0,False
20,10,_original_nint128_seed28,4,4,6,0;3;5;8,False,False,,0;5;8,3,21.0,49.0,736.0,29.0,5.0,False,1.0,21.0,21.0,False
20,10,_original_nint128_seed28,4,4,6,1;3;5;8,False,False,,1;5;8,3,25.0,63.0,929.0,18.0,5.0,False,1.0,25.0,25.0,False
20,10,_original_nint128_seed28,4,4,6,3;5;6;8,False,False,,5;6;8,3,20.0,50.0,979.0,29.0,5.0,False,1.0,20.0,20.0,False
20,10,_original_nint128_seed28,4,4,6,3;5;7;8,False,False,,5;7;8,3,25.0,60.0,1048.0,19.0,5.0,False,1.0,25.0,25.0,False
20,10,_original_nint128_seed28,4,4,6,1;2;3;6,False,False,,2;3;6,1,15.0,34.0,735.0,34.0,5.0,False,1.0,15.0,15.0,False
20,10,_original_nint128_seed28,4,4,6,1;3;4;6,False,False,,1;4;6,3,18.0,50.0,802.0,30.0,5.0,False,1.0,18.0,18.0,False
20,10,_original_nint128_seed28,4,4,6,1;3;5;6,False,False,,3;5;6,1,21.0,53.0,841.0,27.0,5.0,False,1.0,21.0,21.0,False
20,10,_original_nint128_seed28,4,4,6,1;3;6;8,False,False,,3;6;8,1,22.0,55.0,835.0,27.0,5.0,False,1.0,22.0,22.0,False
20,10,_original_nint128_seed28,4,4,6,0;3;6;7,False,False,,0;6;7,3,17.0,37.0,621.0,37.0,5.0,False,1.0,17.0,17.0,False
20,10,_original_nint128_seed28,4,4,6,0;5;6;7,False,False,,0;6;7,5,17.0,35.0,767.0,40.0,5.0,False,1.0,17.0,17.0,False
20,10,_original_nint128_seed28,4,4,6,0;6;7;8,False,False,,0;6;7,8,16.0,33.0,762.0,39.0,5.0,False,1.0,16.0,16.0,False
20,10,_original_nint128_seed28,4,4,6,0;1;6;8,False,False,,0;6;8,1,17.0,37.0,645.0,38.0,5.0,False,1.0,17.0,17.0,False
20,10,_original_nint128_seed28,4,4,6,1;2;6;8,False,False,,2;6;8,1,15.0,36.0,874.0,38.0,5.0,False,1.0,15.0,15.0,False
20,10,_original_nint128_seed28,4,4,6,1;4;6;8,False,False,,4;6;8,1,20.0,51.0,942.0,33.0,5.0,False,1.0,20.0,20.0,False
20,10,_original_nint128_seed28,4,4,6,1;5;6;8,False,False,,5;6;8,1,21.0,51.0,981.0,30.0,5.0,False,1.0,21.0,21.0,False
20,10,_original_nint128_seed28,4,4,6,1;6;7;8,False,False,,6;7;8,1,22.0,53.0,953.0,30.0,5.0,False,1.0,22.0,22.0,False
20,10,_original_nint128_seed28,4,4,6,1;6;8;9,False,False,,6;8;9,1,19.0,42.0,910.0,35.0,5.0,False,1.0,19.0,19.0,False
20,10,_original_nint128_seed28,4,4,6,2;3;4;7,False,False,,2;4;7,3,19.0,47.0,908.0,30.0,5.0,False,1.0,19.0,19.0,False
20,10,_original_nint128_seed28,4,4,6,2;3;4;9,False,False,,2;4;9,3,15.0,36.0,861.0,35.0,5.0,False,1.0,15.0,15.0,False
20,10,_original_nint128_seed28,4,4,6,1;4;6;9,False,False,,4;6;9,1,16.0,38.0,877.0,38.0,5.0,False,1.0,16.0,16.0,False
20,10,_original_nint128_seed28,4,4,6,3;4;6;9,False,False,,4;6;9,3,16.0,37.0,875.0,37.0,5.0,False,1.0,16.0,16.0,False
20,10,_original_nint128_seed28,4,4,6,4;5;6;9,False,False,,5;6;9,4,15.0,34.0,1021.0,40.0,5.0,False,1.0,15.0,15.0,False
20,10,_original_nint128_seed28,4,4,6,3;6;7;8,False,False,,6;7;8,3,21.0,52.0,951.0,29.0,5.0,False,1.0,21.0,21.0,False
20,10,_original_nint128_seed28,4,4,6,5;6;7;8,False,False,,5;6;8,7,21.0,49.0,1097.0,32.0,5.0,False,1.0,21.0,21.0,False
20,10,_original_nint128_seed28,4,4,6,1;2;5;7,False,False,,1;2;5,7,21.0,50.0,948.0,29.0,5.0,False,1.0,21.0,21.0,False
20,10,_original_nint128_seed28,4,4,6,1;4;5;7,False,False,,4;5;7,1,23.0,55.0,1017.0,23.0,5.0,False,1.0,23.0,23.0,False
20,10,_original_nint128_seed28,4,4,6,1;5;6;7,False,False,,5;6;7,1,22.0,52.0,959.0,30.0,5.0,False,1.0,22.0,22.0,False
20,10,_original_nint128_seed28,4,4,6,1;5;7;8,False,False,,5;7;8,1,26.0,59.0,1050.0,20.0,5.0,False,1.0,26.0,26.0,False
20,10,_original_nint128_seed28,4,4,6,0;2;3;5,False,False,,0;2;5,3,17.0,39.0,632.0,38.0,5.0,False,1.0,17.0,17.0,False
20,10,_original_nint128_seed28,4,4,6,0;3;5;6,False,False,,0;5;6,3,17.0,38.0,648.0,38.0,5.0,False,1.0,17.0,17.0,False
20,10,_original_nint128_seed28,4,4,6,0;3;5;7,False,False,,0;5;7,3,22.0,51.0,716.0,29.0,5.0,False,1.0,22.0,22.0,False
20,10,_original_nint128_seed28,4,4,6,1;4;5;6,False,False,,4;5;6,1,19.0,49.0,948.0,33.0,5.0,False,1.0,19.0,19.0,False
20,10,_original_nint128_seed28,4,4,6,1;4;5;8,False,False,,4;5;8,1,22.0,53.0,1037.0,23.0,5.0,False,1.0,22.0,22.0,False
20,10,_original_nint128_seed28,4,4,6,4;5;6;8,False,False,,4;5;6,8,19.0,47.0,1086.0,35.0,5.0,False,1.0,19.0,19.0,False
20,10,_original_nint128_seed28,4,4,6,0;2;3;9,False,False,,0;2;9,3,15.0,35.0,537.0,46.0,5.0,False,1.0,15.0,15.0,False
20,10,_original_nint128_seed28,4,4,6,2;3;7;9,False,False,,2;7;9,3,16.0,37.0,873.0,33.0,5.0,False,1.0,16.0,16.0,False
20,10,_original_nint128_seed28,4,4,6,0;2;3;6,False,False,,0;2;6,3,11.0,20.0,540.0,45.0,5.0,False,1.0,11.0,11.0,False
20,10,_original_nint128_seed28,4,4,6,0;2;3;7,False,False,,0;2;7,3,17.0,38.0,607.0,37.0,5.0,False,1.0,17.0,17.0,False
20,10,_original_nint128_seed28,4,4,6,1;2;3;5,False,False,,2;3;5,1,20.0,49.0,828.0,26.0,5.0,False,1.0,20.0,20.0,False
20,10,_original_nint128_seed28,4,4,6,2;3;5;6,False,False,,2;5;6,3,13.0,30.0,879.0,36.0,5.0,False,1.0,13.0,13.0,False
20,10,_original_nint128_seed28,4,4,6,2;3;5;7,False,False,,2;3;5,7,20.0,49.0,946.0,28.0,5.0,False,1.0,20.0,20.0,False
20,10,_original_nint128_seed28,4,4,6,1;5;6;9,False,False,,5;6;9,1,17.0,38.0,916.0,35.0,5.0,False,1.0,17.0,17.0,False
20,10,_original_nint128_seed28,4,4,6,5;6;8;9,False,False,,5;6;9,8,17.0,37.0,1054.0,37.0,5.0,False,1.0,17.0,17.0,False
20,10,_original_nint128_seed28,4,4,6,1;5;8;9,False,False,,5;8;9,1,21.0,48.0,1005.0,25.0,5.0,False,1.0,21.0,21.0,False
20,10,_original_nint128_seed28,4,4,6,1;4;5;9,False,False,,4;5;9,1,17.0,42.0,972.0,28.0,5.0,False,1.0,17.0,17.0,False
20,10,_original_nint128_seed28,4,4,6,3;6;8;9,False,False,,3;6;9,8,18.0,40.0,908.0,34.0,5.0,False,1.0,18.0,18.0,False
20,10,_original_nint128_seed28,4,4,6,0;2;5;8,False,False,,0;2;8,5,16.0,33.0,773.0,40.0,5.0,False,1.0,16.0,16.0,False
20,10,_original_nint128_seed28,4,4,6,1;2;5;8,False,False,,2;5;8,1,20.0,47.0,968.0,29.0,5.0,False,1.0,20.0,20.0,False
20,10,_original_nint128_seed28,4,4,6,2;5;6;8,False,False,,2;5;6,8,13.0,32.0,1018.0,40.0,5.0,False,1.0,13.0,13.0,False
20,10,_original_nint128_seed28,4,4,6,0;1;2;6,False,False,,0;2;6,1,11.0,20.0,542.0,46.0,5.0,False,1.0,11.0,11.0,False
20,10,_original_nint128_seed28,4,4,6,1;2;5;6,False,False,,2;5;6,1,14.0,33.0,881.0,37.0,5.0,False,1.0,14.0,14.0,False
20,10,_original_nint128_seed28,4,4,6,0;3;4;7,False,False,,0;4;7,3,19.0,45.0,679.0,30.0,5.0,False,1.0,19.0,19.0,False
20,10,_original_nint128_seed28,4,4,6,0;3;4;9,False,False,,0;4;9,3,16.0,39.0,614.0,38.0,5.0,False,1.0,16.0,16.0,False
20,10,_original_nint128_seed28,4,4,6,0;1;4;5,False,False,,0;4;5,1,19.0,44.0,705.0,33.0,5.0,False,1.0,19.0,19.0,False
20,10,_original_nint128_seed28,4,4,6,0;2;5;7,False,False,,0;2;7,5,17.0,36.0,753.0,40.0,5.0,False,1.0,17.0,17.0,False
20,10,_original_nint128_seed28,4,4,6,2;4;5;7,False,False,,2;4;5,7,19.0,45.0,1054.0,33.0,5.0,False,1.0,19.0,19.0,False
20,10,_original_nint128_seed28,4,4,6,1;6;7;9,False,False,,6;7;9,1,18.0,40.0,888.0,35.0,5.0,False,1.0,18.0,18.0,False
20,10,_original_nint128_seed28,4,4,6,0;3;6;8,False,False,,0;6;8,3,17.0,37.0,643.0,37.0,5.0,False,1.0,17.0,17.0,False
20,10,_original_nint128_seed28,4,4,6,0;3;7;8,False,False,,0;7;8,3,21.0,47.0,712.0,27.0,5.0,False,1.0,21.0,21.0,False
20,10,_original_nint128_seed28,4,4,6,0;2;7;9,False,False,,0;2;9,7,14.0,30.0,658.0,48.0,5.0,False,1.0,14.0,14.0,False
20,10,_original_nint128_seed28,4,4,6,3;5;6;7,False,False,,5;6;7,3,21.0,51.0,957.0,29.0,5.0,False,1.0,21.0,21.0,False
20,10,_original_nint128_seed28,4,4,6,0;4;5;7,False,False,,0;4;7,5,19.0,40.0,825.0,33.0,5.0,False,1.0,19.0,19.0,False
20,10,_original_nint128_seed28,4,4,6,0;5;7;8,False,False,,0;7;8,5,21.0,43.0,858.0,30.0,5.0,False,1.0,21.0,21.0,False
20,10,_original_nint128_seed28,4,4,6,0;1;5;8,False,False,,0;5;8,1,21.0,47.0,738.0,30.0,5.0,False,1.0,21.0,21.0,False
20,10,_original_nint128_seed28,4,4,6,0;1;2;5,False,False,,0;2;5,1,17.0,37.0,634.0,39.0,5.0,False,1.0,17.0,17.0,False
20,10,_original_nint128_seed28,4,4,6,0;2;5;6,False,False,,0;2;6,5,10.0,18.0,686.0,48.0,5.0,False,1.0,10.0,10.0,False
20,10,_original_nint128_seed28,4,4,6,3;6;7;9,False,False,,6;7;9,3,17.0,38.0,886.0,34.0,5.0,False,1.0,17.0,17.0,False
20,10,_original_nint128_seed28,4,4,6,0;4;5;9,False,False,,0;4;9,5,15.0,34.0,760.0,41.0,5.0,False,1.0,15.0,15.0,False
20,10,_original_nint128_seed28,4,4,6,0;1;2;8,False,False,,0;2;8,1,17.0,35.0,629.0,38.0,5.0,False,1.0,17.0,17.0,False
20,10,_original_nint128_seed28,4,4,6,0;2;6;8,False,False,,0;2;6,8,10.0,18.0,680.0,48.0,5.0,False,1.0,10.0,10.0,False
20,10,_original_nint128_seed28,4,4,6,0;5;6;8,False,False,,0;6;8,5,16.0,34.0,789.0,40.0,5.0,False,1.0,16.0,16.0,False
20,10,_original_nint128_seed28,4,4,6,0;1;5;6,False,False,,0;5;6,1,17.0,38.0,650.0,39.0,5.0,False,1.0,17.0,17.0,False
20,10,_original_nint128_seed28,4,4,6,0;3;7;9,False,False,,0;7;9,3,18.0,41.0,627.0,35.0,5.0,False,1.0,18.0,18.0,False
20,10,_original_nint128_seed28,5,5,5,0;2;5;6;8,False,False,,0;2;5;6,8,8.0,14.0,642.0,55.0,5.0,False,1.0,8.0,8.0,False
20,10,_original_nint128_seed28,5,5,5,1;2;5;6;8,False,False,,2;5;6;8,1,12.0,29.0,837.0,44.0,5.0,False,1.0,12.0,12.0,False
20,10,_original_nint128_seed28,5,5,5,2;3;5;6;8,False,False,,2;3;5;6,8,11.0,26.0,835.0,43.0,5.0,False,1.0,11.0,11.0,False
20,10,_original_nint128_seed28,5,5,5,2;5;6;7;8,False,False,,2;5;6;8,7,12.0,30.0,952.0,47.0,5.0,False,1.0,12.0,12.0,False
20,10,_original_nint128_seed28,5,5,5,2;5;6;8;9,False,False,,2;5;6;9,8,9.0,19.0,907.0,52.0,5.0,False,1.0,9.0,9.0,False
20,10,_original_nint128_seed28,5,5,5,0;1;2;3;8,False,False,,0;1;2;8,3,15.0,33.0,445.0,42.0,5.0,False,1.0,15.0,15.0,False
20,10,_original_nint128_seed28,5,5,5,1;2;3;5;8,False,False,,2;3;5;8,1,17.0,41.0,785.0,32.0,5.0,False,1.0,17.0,17.0,False
20,10,_original_nint128_seed28,5,5,5,1;2;3;6;8,False,False,,2;3;6;8,1,13.0,30.0,691.0,41.0,5.0,False,1.0,13.0,13.0,False
20,10,_original_nint128_seed28,5,5,5,1;2;3;7;8,False,False,,2;3;7;8,1,18.0,43.0,759.0,32.0,5.0,False,1.0,18.0,18.0,False
20,10,_original_nint128_seed28,5,5,5,1;2;3;8;9,False,False,,2;3;8;9,1,15.0,34.0,712.0,37.0,5.0,False,1.0,15.0,15.0,False
20,10,_original_nint128_seed28,5,5,5,0;2;3;5;6,False,False,,0;2;5;6,3,9.0,16.0,502.0,52.0,5.0,False,1.0,9.0,9.0,False
20,10,_original_nint128_seed28,5,5,5,1;2;3;5;6,False,False,,2;3;5;6,1,12.0,27.0,698.0,40.0,5.0,False,1.0,12.0,12.0,False
20,10,_original_nint128_seed28,5,5,5,2;3;5;6;7,False,False,,2;3;5;6,7,12.0,28.0,813.0,43.0,5.0,False,1.0,12.0,12.0,False
20,10,_original_nint128_seed28,5,5,5,2;3;5;6;9,False,False,,2;5;6;9,3,8.0,15.0,768.0,48.0,5.0,False,1.0,8.0,8.0,False
20,10,_original_nint128_seed28,5,5,5,0;1;2;7;8,False,False,,0;2;7;8,1,14.0,28.0,566.0,44.0,5.0,False,1.0,14.0,14.0,False
20,10,_original_nint128_seed28,5,5,5,0;2;3;7;8,False,False,,0;2;7;8,3,14.0,30.0,564.0,43.0,5.0,False,1.0,14.0,14.0,False
20,10,_original_nint128_seed28,5,5,5,0;2;4;7;8,False,False,,0;2;4;8,7,12.0,23.0,673.0,47.0,5.0,False,1.0,12.0,12.0,False
20,10,_original_nint128_seed28,5,5,5,0;2;5;7;8,False,False,,0;2;7;8,5,14.0,28.0,710.0,46.0,5.0,False,1.0,14.0,14.0,False
20,10,_original_nint128_seed28,5,5,5,0;2;6;7;8,False,False,,0;2;6;7,8,8.0,14.0,614.0,55.0,5.0,False,1.0,8.0,8.0,False
20,10,_original_nint128_seed28,5,5,5,0;5;6;7;8,False,False,,0;6;7;8,5,14.0,28.0,724.0,46.0,5.0,False,1.0,14.0,14.0,False
20,10,_original_nint128_seed28,5,5,5,1;5;6;7;8,False,False,,5;6;7;8,1,19.0,45.0,916.0,36.0,5.0,False,1.0,19.0,19.0,False
20,10,_original_nint128_seed28,5,5,5,3;5;6;7;8,False,False,,5;6;7;8,3,18.0,44.0,914.0,35.0,5.0,False,1.0,18.0,18.0,False
20,10,_original_nint128_seed28,5,5,5,4;5;6;7;8,False,False,,4;5;6;8,7,17.0,41.0,1021.0,41.0,5.0,False,1.0,17.0,17.0,False
20,10,_original_nint128_seed28,5,5,5,5;6;7;8;9,False,False,,5;6;7;9,8,15.0,31.0,989.0,43.0,5.0,False,1.0,15.0,15.0,False
20,10,_original_nint128_seed28,5,5,5,0;2;3;4;9,False,False,,0;2;4;9,3,11.0,26.0,462.0,54.0,5.0,False,1.0,11.0,11.0,False
20,10,_original_nint128_seed28,5,5,5,0;2;4;5;9,False,False,,0;2;4;9,5,10.0,21.0,608.0,57.0,5.0,False,1.0,10.0,10.0,False
20,10,_original_nint128_seed28,5,5,5,0;2;4;7;9,False,False,,0;2;4;9,7,10.0,21.0,583.0,56.0,5.0,False,1.0,10.0,10.0,False
20,10,_original_nint128_seed28,5,5,5,0;3;4;7;8,False,False,,0;4;7;8,3,15.0,34.0,637.0,35.0,5.0,False,1.0,15.0,15.0,False
20,10,_original_nint128_seed28,5,5,5,1;3;4;7;8,False,False,,1;4;7;8,3,16.0,46.0,829.0,25.0,5.0,False,1.0,16.0,16.0,False
20,10,_original_nint128_seed28,5,5,5,2;3;4;7;8,False,False,,2;4;7;8,3,16.0,39.0,865.0,36.0,5.0,False,1.0,16.0,16.0,False
20,10,_original_nint128_seed28,5,5,5,3;4;5;7;8,False,False,,4;5;7;8,3,19.0,46.0,973.0,27.0,5.0,False,1.0,19.0,19.0,False
20,10,_original_nint128_seed28,5,5,5,3;4;6;7;8,False,False,,4;6;7;8,3,17.0,44.0,875.0,38.0,5.0,False,1.0,17.0,17.0,False
20,10,_original_nint128_seed28,5,5,5,3;4;7;8;9,False,False,,4;7;8;9,3,15.0,35.0,903.0,31.0,5.0,False,1.0,15.0,15.0,False
20,10,_original_nint128_seed28,5,5,5,0;1;3;4;6,False,False,,0;1;4;6,3,13.0,31.0,428.0,45.0,5.0,False,1.0,13.0,13.0,False
20,10,_original_nint128_seed28,5,5,5,0;3;4;5;6,False,False,,0;4;5;6,3,13.0,30.0,572.0,47.0,5.0,False,1.0,13.0,13.0,False
20,10,_original_nint128_seed28,5,5,5,0;3;4;6;7,False,False,,0;4;6;7,3,13.0,29.0,545.0,46.0,5.0,False,1.0,13.0,13.0,False
20,10,_original_nint128_seed28,5,5,5,0;3;4;6;8,False,False,,0;4;6;8,3,13.0,29.0,567.0,46.0,5.0,False,1.0,13.0,13.0,False
20,10,_original_nint128_seed28,5,5,5,0;3;4;6;9,False,False,,0;4;6;9,3,11.0,23.0,482.0,54.0,5.0,False,1.0,11.0,11.0,False
20,10,_original_nint128_seed28,5,5,5,0;1;3;4;7,False,False,,0;1;4;7,3,14.0,37.0,497.0,35.0,5.0,False,1.0,14.0,14.0,False
20,10,_original_nint128_seed28,5,5,5,0;2;3;4;7,False,False,,0;2;4;7,3,13.0,29.0,532.0,45.0,5.0,False,1.0,13.0,13.0,False
20,10,_original_nint128_seed28,5,5,5,0;3;4;5;7,False,False,,0;4;5;7,3,16.0,37.0,641.0,37.0,5.0,False,1.0,16.0,16.0,False
20,10,_original_nint128_seed28,5,5,5,0;3;4;7;9,False,False,,0;4;7;9,3,12.0,28.0,552.0,43.0,5.0,False,1.0,12.0,12.0,False
20,10,_original_nint128_seed28,5,5,5,0;2;5;6;9,False,False,,0;2;6;9,5,7.0,12.0,552.0,64.0,5.0,False,1.0,7.0,7.0,False
20,10,_original_nint128_seed28,5,5,5,1;2;5;6;9,False,False,,2;5;6;9,1,9.0,18.0,770.0,49.0,5.0,False,1.0,9.0,9.0,False
20,10,_original_nint128_seed28,5,5,5,2;5;6;7;9,False,False,,2;5;6;9,7,9.0,19.0,885.0,52.0,5.0,False,1.0,9.0,9.0,False
20,10,_original_nint128_seed28,5,5,5,1;2;5;8;9,False,False,,2;5;8;9,1,14.0,31.0,858.0,40.0,5.0,False,1.0,14.0,14.0,False
20,10,_original_nint128_seed28,5,5,5,1;2;6;8;9,False,False,,1;2;6;9,8,11.0,23.0,763.0,50.0,5.0,False,1.0,11.0,11.0,False
20,10,_original_nint128_seed28,5,5,5,1;2;7;8;9,False,False,,2;7;8;9,1,15.0,33.0,832.0,40.0,5.0,False,1.0,15.0,15.0,False
20,10,_original_nint128_seed28,5,5,5,2;3;4;5;9,False,False,,2;4;5;9,3,11.0,26.0,824.0,41.0,5.0,False,1.0,11.0,11.0,False
20,10,_original_nint128_seed28,5,5,5,2;3;4;7;9,False,False,,2;4;7;9,3,12.0,28.0,798.0,41.0,5.0,False,1.0,12.0,12.0,False
20,10,_original_nint128_seed28,5,5,5,2;3;4;8;9,False,False,,2;3;4;9,8,13.0,30.0,818.0,41.0,5.0,False,1.0,13.0,13.0,False
20,10,_original_nint128_seed28,5,5,5,1;3;4;5;6,False,False,,1;4;5;6,3,14.0,41.0,765.0,36.0,5.0,False,1.0,14.0,14.0,False
20,10,_original_nint128_seed28,5,5,5,3;4;5;6;7,False,False,,4;5;6;7,3,17.0,43.0,881.0,38.0,5.0,False,1.0,17.0,17.0,False
20,10,_original_nint128_seed28,5,5,5,3;4;5;6;8,False,False,,4;5;6;8,3,16.0,42.0,903.0,38.0,5.0,False,1.0,16.0,16.0,False
20,10,_original_nint128_seed28,5,5,5,3;4;5;6;9,False,False,,4;5;6;9,3,12.0,28.0,838.0,43.0,5.0,False,1.0,12.0,12.0,False
20,10,_original_nint128_seed28,5,5,5,0;1;3;4;8,False,False,,0;1;4;8,3,13.0,34.0,517.0,35.0,5.0,False,1.0,13.0,13.0,False
20,10,_original_nint128_seed28,5,5,5,1;3;4;5;8,False,False,,1;4;5;8,3,15.0,44.0,854.0,26.0,5.0,False,1.0,15.0,15.0,False
20,10,_original_nint128_seed28,5,5,5,1;3;4;6;8,False,False,,1;3;4;6,8,14.0,42.0,759.0,36.0,5.0,False,1.0,14.0,14.0,False
20,10,_original_nint128_seed28,5,5,5,1;3;4;8;9,False,False,,1;3;4;9,8,14.0,35.0,784.0,30.0,5.0,False,1.0,14.0,14.0,False
20,10,_original_nint128_seed28,5,5,5,0;2;3;4;5,False,False,,0;2;4;5,3,13.0,29.0,557.0,46.0,5.0,False,1.0,13.0,13.0,False
20,10,_original_nint128_seed28,5,5,5,0;2;3;4;8,False,False,,0;2;4;8,3,13.0,28.0,552.0,45.0,5.0,False,1.0,13.0,13.0,False
20,10,_original_nint128_seed28,5,5,5,1;4;7;8;9,False,False,,4;7;8;9,1,15.0,35.0,905.0,32.0,5.0,False,1.0,15.0,15.0,False
20,10,_original_nint128_seed28,5,5,5,2;4;7;8;9,False,False,,2;4;7;9,8,13.0,29.0,938.0,44.0,5.0,False,1.0,13.0,13.0,False
20,10,_original_nint128_seed28,5,5,5,4;5;7;8;9,False,False,,4;5;7;9,8,15.0,31.0,1049.0,34.0,5.0,False,1.0,15.0,15.0,False
20,10,_original_nint128_seed28,5,5,5,4;6;7;8;9,False,False,,4;6;7;9,8,14.0,31.0,950.0,46.0,5.0,False,1.0,14.0,14.0,False
20,10,_original_nint128_seed28,5,5,5,0;1;2;5;6,False,False,,0;2;5;6,1,9.0,16.0,504.0,53.0,5.0,False,1.0,9.0,9.0,False
20,10,_original_nint128_seed28,5,5,5,0;2;5;6;7,False,False,,0;2;5;6,7,9.0,16.0,620.0,55.0,5.0,False,1.0,9.0,9.0,False
20,10,_original_nint128_seed28,5,5,5,0;1;2;5;8,False,False,,0;2;5;8,1,14.0,29.0,591.0,45.0,5.0,False,1.0,14.0,14.0,False
20,10,_original_nint128_seed28,5,5,5,0;1;2;6;8,False,False,,0;2;6;8,1,9.0,16.0,498.0,53.0,5.0,False,1.0,9.0,9.0,False
20,10,_original_nint128_seed28,5,5,5,1;3;4;7;9,False,False,,1;3;4;9,7,13.0,33.0,764.0,30.0,5.0,False,1.0,13.0,13.0,False
20,10,_original_nint128_seed28,5,5,5,3;4;6;7;9,False,False,,4;6;7;9,3,13.0,30.0,810.0,43.0,5.0,False,1.0,13.0,13.0,False
20,10,_original_nint128_seed28,5,5,5,2;3;5;7;8,False,False,,2;3;5;8,7,17.0,41.0,903.0,34.0,5.0,False,1.0,17.0,17.0,False
20,10,_original_nint128_seed28,5,5,5,2;3;6;7;8,False,False,,2;3;6;7,8,12.0,29.0,806.0,44.0,5.0,False,1.0,12.0,12.0,False
20,10,_original_nint128_seed28,5,5,5,2;3;7;8;9,False,False,,2;3;7;9,8,14.0,31.0,830.0,39.0,5.0,False,1.0,14.0,14.0,False
20,10,_original_nint128_seed28,5,5,5,0;1;3;4;9,False,False,,0;1;4;9,3,13.0,32.0,432.0,43.0,5.0,False,1.0,13.0,13.0,False
20,10,_original_nint128_seed28,5,5,5,0;1;4;5;9,False,False,,0;4;5;9,1,12.0,29.0,578.0,46.0,5.0,False,1.0,12.0,12.0,False
20,10,_original_nint128_seed28,5,5,5,0;1;4;6;9,False,False,,0;4;6;9,1,11.0,24.0,484.0,55.0,5.0,False,1.0,11.0,11.0,False
20,10,_original_nint128_seed28,5,5,5,0;1;4;7;9,False,False,,0;4;7;9,1,12.0,28.0,554.0,44.0,5.0,False,1.0,12.0,12.0,False
20,10,_original_nint128_seed28,5,5,5,0;2;4;5;7,False,False,,0;2;4;5,7,13.0,26.0,678.0,48.0,5.0,False,1.0,13.0,13.0,False
20,10,_original_nint128_seed28,5,5,5,0;1;2;3;9,False,False,,0;1;2;9,3,13.0,31.0,355.0,51.0,5.0,False,1.0,13.0,13.0,False
20,10,_original_nint128_seed28,5,5,5,0;2;3;5;9,False,False,,0;2;5;9,3,12.0,29.0,499.0,53.0,5.0,False,1.0,12.0,12.0,False
20,10,_original_nint128_seed28,5,5,5,0;2;3;6;9,False,False,,0;2;6;9,3,8.0,14.0,406.0,61.0,5.0,False,1.0,8.0,8.0,False
20,10,_original_nint128_seed28,5,5,5,0;2;3;7;9,False,False,,0;2;7;9,3,12.0,27.0,474.0,52.0,5.0,False,1.0,12.0,12.0,False
20,10,_original_nint128_seed28,5,5,5,0;1;4;7;8,False,False,,0;4;7;8,1,15.0,32.0,639.0,36.0,5.0,False,1.0,15.0,15.0,False
20,10,_original_nint128_seed28,5,5,5,1;4;5;7;8,False,False,,4;5;7;8,1,19.0,44.0,975.0,28.0,5.0,False,1.0,19.0,19.0,False
20,10,_original_nint128_seed28,5,5,5,1;4;6;7;8,False,False,,4;6;7;8,1,17.0,44.0,877.0,39.0,5.0,False,1.0,17.0,17.0,False
20,10,_original_nint128_seed28,5,5,5,0;4;5;6;7,False,False,,0;4;6;7,5,13.0,27.0,691.0,49.0,5.0,False,1.0,13.0,13.0,False
20,10,_original_nint128_seed28,5,5,5,1;4;5;6;7,False,False,,4;5;6;7,1,17.0,43.0,883.0,39.0,5.0,False,1.0,17.0,17.0,False
20,10,_original_nint128_seed28,5,5,5,4;5;6;7;9,False,False,,4;5;6;9,7,13.0,28.0,956.0,46.0,5.0,False,1.0,13.0,13.0,False
20,10,_original_nint128_seed28,5,5,5,0;1;2;3;5,False,False,,0;1;2;5,3,15.0,35.0,450.0,43.0,5.0,False,1.0,15.0,15.0,False
20,10,_original_nint128_seed28,5,5,5,0;1;3;4;5,False,False,,0;1;4;5,3,14.0,39.0,521.0,37.0,5.0,False,1.0,14.0,14.0,False
20,10,_original_nint128_seed28,5,5,5,0;1;3;5;6,False,False,,0;1;5;6,3,15.0,35.0,466.0,43.0,5.0,False,1.0,15.0,15.0,False
20,10,_original_nint128_seed28,5,5,5,0;1;3;5;7,False,False,,0;1;5;7,3,17.0,44.0,534.0,34.0,5.0,False,1.0,17.0,17.0,False
20,10,_original_nint128_seed28,5,5,5,0;1;3;5;8,False,False,,0;1;5;8,3,18.0,44.0,554.0,34.0,5.0,False,1.0,18.0,18.0,False
20,10,_original_nint128_seed28,5,5,5,0;1;3;5;9,False,False,,0;1;5;9,3,15.0,39.0,469.0,42.0,5.0,False,1.0,15.0,15.0,False
20,10,_original_nint128_seed28,5,5,5,0;1;3;6;8,False,False,,0;1;6;8,3,15.0,34.0,461.0,42.0,5.0,False,1.0,15.0,15.0,False
20,10,_original_nint128_seed28,5,5,5,0;2;3;6;8,False,False,,0;2;6;8,3,9.0,16.0,496.0,52.0,5.0,False,1.0,9.0,9.0,False
20,10,_original_nint128_seed28,5,5,5,0;3;5;6;8,False,False,,0;5;6;8,3,14.0,31.0,605.0,44.0,5.0,False,1.0,14.0,14.0,False
20,10,_original_nint128_seed28,5,5,5,0;3;6;7;8,False,False,,0;6;7;8,3,14.0,30.0,578.0,43.0,5.0,False,1.0,14.0,14.0,False
20,10,_original_nint128_seed28,5,5,5,0;1;6;7;8,False,False,,0;6;7;8,1,14.0,30.0,580.0,44.0,5.0,False,1.0,14.0,14.0,False
20,10,_original_nint128_seed28,5,5,5,1;2;6;7;8,False,False,,2;6;7;8,1,13.0,32.0,808.0,45.0,5.0,False,1.0,13.0,13.0,False
20,10,_original_nint128_seed28,5,5,5,1;3;6;7;8,False,False,,3;6;7;8,1,19.0,48.0,770.0,33.0,5.0,False,1.0,19.0,19.0,False
20,10,_original_nint128_seed28,5,5,5,1;6;7;8;9,False,False,,6;7;8;9,1,16.0,35.0,845.0,41.0,5.0,False,1.0,16.0,16.0,False
20,10,_original_nint128_seed28,5,5,5,0;1;3;7;8,False,False,,0;1;7;8,3,18.0,42.0,530.0,32.0,5.0,False,1.0,18.0,18.0,False
20,10,_original_nint128_seed28,5,5,5,0;3;5;7;8,False,False,,0;5;7;8,3,18.0,40.0,674.0,34.0,5.0,False,1.0,18.0,18.0,False
20,10,_original_nint128_seed28,5,5,5,1;3;5;6;8,False,False,,3;5;6;8,1,18.0,46.0,798.0,33.0,5.0,False,1.0,18.0,18.0,False
20,10,_original_nint128_seed28,5,5,5,3;5;6;8;9,False,False,,3;5;6;9,8,14.0,31.0,871.0,40.0,5.0,False,1.0,14.0,14.0,False
20,10,_original_nint128_seed28,5,5,5,0;1;2;6;9,False,False,,0;2;6;9,1,8.0,14.0,408.0,62.0,5.0,False,1.0,8.0,8.0,False
20,10,_original_nint128_seed28,5,5,5,1;2;3;6;9,False,False,,2;3;6;9,1,10.0,19.0,624.0,46.0,5.0,False,1.0,10.0,10.0,False
20,10,_original_nint128_seed28,5,5,5,1;2;6;7;9,False,False,,2;6;7;9,1,10.0,21.0,741.0,50.0,5.0,False,1.0,10.0,10.0,False
20,10,_original_nint128_seed28,5,5,5,2;3;5;8;9,False,False,,2;3;5;9,8,13.0,30.0,856.0,39.0,5.0,False,1.0,13.0,13.0,False
20,10,_original_nint128_seed28,5,5,5,2;4;5;8;9,False,False,,2;4;5;9,8,12.0,26.0,964.0,44.0,5.0,False,1.0,12.0,12.0,False
20,10,_original_nint128_seed28,5,5,5,2;5;7;8;9,False,False,,2;5;8;9,7,14.0,31.0,976.0,42.0,5.0,False,1.0,14.0,14.0,False
20,10,_original_nint128_seed28,5,5,5,0;2;3;5;8,False,False,,0;2;5;8,3,14.0,31.0,589.0,44.0,5.0,False,1.0,14.0,14.0,False
20,10,_original_nint128_seed28,5,5,5,1;2;5;7;8,False,False,,1;2;5;8,7,18.0,42.0,905.0,35.0,5.0,False,1.0,18.0,18.0,False
20,10,_original_nint128_seed28,5,5,5,1;2;5;6;7,False,False,,1;2;5;6,7,13.0,31.0,815.0,44.0,5.0,False,1.0,13.0,13.0,False
20,10,_original_nint128_seed28,5,5,5,2;3;4;5;7,False,False,,2;3;4;5,7,16.0,39.0,871.0,36.0,5.0,False,1.0,16.0,16.0,False
20,10,_original_nint128_seed28,5,5,5,0;1;5;6;9,False,False,,0;5;6;9,1,12.0,26.0,522.0,53.0,5.0,False,1.0,12.0,12.0,False
20,10,_original_nint128_seed28,5,5,5,0;3;5;6;9,False,False,,0;5;6;9,3,12.0,25.0,520.0,52.0,5.0,False,1.0,12.0,12.0,False
20,10,_original_nint128_seed28,5,5,5,0;4;5;6;9,False,False,,0;4;6;9,5,10.0,21.0,628.0,57.0,5.0,False,1.0,10.0,10.0,False
20,10,_original_nint128_seed28,5,5,5,0;5;6;7;9,False,False,,0;6;7;9,5,12.0,23.0,639.0,54.0,5.0,False,1.0,12.0,12.0,False
20,10,_original_nint128_seed28,5,5,5,1;3;5;6;9,False,False,,3;5;6;9,1,14.0,32.0,733.0,38.0,5.0,False,1.0,14.0,14.0,False
20,10,_original_nint128_seed28,5,5,5,1;4;5;6;9,False,False,,4;5;6;9,1,12.0,29.0,840.0,44.0,5.0,False,1.0,12.0,12.0,False
20,10,_original_nint128_seed28,5,5,5,1;5;6;7;9,False,False,,5;6;7;9,1,15.0,32.0,851.0,41.0,5.0,False,1.0,15.0,15.0,False
20,10,_original_nint128_seed28,5,5,5,1;5;6;8;9,False,False,,5;6;8;9,1,15.0,33.0,873.0,41.0,5.0,False,1.0,15.0,15.0,False
20,10,_original_nint128_seed28,5,5,5,0;1;2;5;7,False,False,,0;1;2;7,5,15.0,32.0,571.0,45.0,5.0,False,1.0,15.0,15.0,False
20,10,_original_nint128_seed28,5,5,5,0;2;3;5;7,False,False,,0;2;5;7,3,15.0,34.0,569.0,44.0,5.0,False,1.0,15.0,15.0,False
20,10,_original_nint128_seed28,5,5,5,0;2;5;7;9,False,False,,0;2;7;9,5,12.0,26.0,620.0,55.0,5.0,False,1.0,12.0,12.0,False
20,10,_original_nint128_seed28,5,5,5,0;1;6;7;9,False,False,,0;6;7;9,1,12.0,25.0,495.0,52.0,5.0,False,1.0,12.0,12.0,False
20,10,_original_nint128_seed28,5,5,5,0;2;6;7;9,False,False,,0;2;6;9,7,7.0,12.0,524.0,64.0,5.0,False,1.0,7.0,7.0,False
20,10,_original_nint128_seed28,5,5,5,0;3;6;7;9,False,False,,0;6;7;9,3,12.0,24.0,493.0,51.0,5.0,False,1.0,12.0,12.0,False
20,10,_original_nint128_seed28,5,5,5,0;4;6;7;9,False,False,,0;4;6;9,7,10.0,20.0,601.0,56.0,5.0,False,1.0,10.0,10.0,False
20,10,_original_nint128_seed28,5,5,5,2;3;6;8;9,False,False,,2;3;6;9,8,10.0,20.0,761.0,49.0,5.0,False,1.0,10.0,10.0,False
20,10,_original_nint128_seed28,5,5,5,1;2;3;5;7,False,False,,1;2;3;5,7,17.0,44.0,765.0,32.0,5.0,False,1.0,17.0,17.0,False
20,10,_original_nint128_seed28,5,5,5,1;2;3;5;9,False,False,,2;3;5;9,1,13.0,31.0,718.0,37.0,5.0,False,1.0,13.0,13.0,False
20,10,_original_nint128_seed28,5,5,5,1;4;6;8;9,False,False,,1;4;6;9,8,14.0,33.0,834.0,44.0,5.0,False,1.0,14.0,14.0,False
20,10,_original_nint128_seed28,5,5,5,3;4;6;8;9,False,False,,3;4;6;9,8,14.0,32.0,832.0,43.0,5.0,False,1.0,14.0,14.0,False
20,10,_original_nint128_seed28,5,5,5,4;5;6;8;9,False,False,,4;5;6;9,8,13.0,29.0,978.0,46.0,5.0,False,1.0,13.0,13.0,False
20,10,_original_nint128_seed28,5,5,5,1;3;4;5;9,False,False,,1;4;5;9,3,12.0,32.0,789.0,31.0,5.0,False,1.0,12.0,12.0,False
20,10,_original_nint128_seed28,5,5,5,1;4;5;7;9,False,False,,4;5;7;9,1,14.0,33.0,910.0,33.0,5.0,False,1.0,14.0,14.0,False
20,10,_original_nint128_seed28,5,5,5,1;4;5;8;9,False,False,,4;5;8;9,1,14.0,33.0,930.0,33.0,5.0,False,1.0,14.0,14.0,False
20,10,_original_nint128_seed28,5,5,5,0;4;5;7;8,False,False,,0;4;7;8,5,15.0,29.0,783.0,38.0,5.0,False,1.0,15.0,15.0,False
20,10,_original_nint128_seed28,5,5,5,2;4;5;7;8,False,False,,2;4;5;8,7,16.0,37.0,1011.0,39.0,5.0,False,1.0,16.0,16.0,False
20,10,_original_nint128_seed28,5,5,5,0;1;4;6;7,False,False,,0;4;6;7,1,13.0,29.0,547.0,47.0,5.0,False,1.0,13.0,13.0,False
20,10,_original_nint128_seed28,5,5,5,1;3;4;6;7,False,False,,1;3;4;6,7,15.0,43.0,737.0,36.0,5.0,False,1.0,15.0,15.0,False
20,10,_original_nint128_seed28,5,5,5,1;4;6;7;9,False,False,,4;6;7;9,1,13.0,31.0,812.0,44.0,5.0,False,1.0,13.0,13.0,False
20,10,_original_nint128_seed28,5,5,5,0;4;5;6;8,False,False,,0;4;6;8,5,12.0,26.0,713.0,49.0,5.0,False,1.0,12.0,12.0,False
20,10,_original_nint128_seed28,5,5,5,1;4;5;6;8,False,False,,4;5;6;8,1,16.0,42.0,905.0,39.0,5.0,False,1.0,16.0,16.0,False
20,10,_original_nint128_seed28,5,5,5,0;1;4;5;7,False,False,,0;4;5;7,1,16.0,35.0,643.0,38.0,5.0,False,1.0,16.0,16.0,False
20,10,_original_nint128_seed28,5,5,5,0;4;5;7;9,False,False,,0;4;7;9,5,12.0,25.0,698.0,46.0,5.0,False,1.0,12.0,12.0,False
20,10,_original_nint128_seed28,5,5,5,0;4;6;7;8,False,False,,0;4;6;7,8,12.0,25.0,686.0,48.0,5.0,False,1.0,12.0,12.0,False
20,10,_original_nint128_seed28,5,5,5,2;4;5;7;9,False,False,,2;4;5;9,7,12.0,27.0,944.0,44.0,5.0,False,1.0,12.0,12.0,False
20,10,_original_nint128_seed28,5,5,5,0;1;4;5;8,False,False,,0;4;5;8,1,15.0,33.0,663.0,38.0,5.0,False,1.0,15.0,15.0,False
20,10,_original_nint128_seed28,5,5,5,1;3;7;8;9,False,False,,3;7;8;9,1,18.0,42.0,797.0,27.0,5.0,False,1.0,18.0,18.0,False
20,10,_original_nint128_seed28,5,5,5,1;5;7;8;9,False,False,,5;7;8;9,1,18.0,39.0,943.0,30.0,5.0,False,1.0,18.0,18.0,False
20,10,_original_nint128_seed28,5,5,5,0;1;2;3;6,False,False,,0;1;2;6,3,10.0,18.0,358.0,50.0,5.0,False,1.0,10.0,10.0,False
20,10,_original_nint128_seed28,5,5,5,0;2;3;6;7,False,False,,0;2;6;7,3,9.0,16.0,474.0,52.0,5.0,False,1.0,9.0,9.0,False
20,10,_original_nint128_seed28,5,5,5,0;1;2;6;7,False,False,,0;2;6;7,1,9.0,16.0,476.0,53.0,5.0,False,1.0,9.0,9.0,False
20,10,_original_nint128_seed28,5,5,5,1;2;3;6;7,False,False,,2;3;6;7,1,13.0,30.0,669.0,41.0,5.0,False,1.0,13.0,13.0,False
20,10,_original_nint128_seed28,5,5,5,0;3;4;5;9,False,False,,0;4;5;9,3,12.0,30.0,576.0,45.0,5.0,False,1.0,12.0,12.0,False
20,10,_original_nint128_seed28,5,5,5,3;4;5;8;9,False,False,,4;5;8;9,3,14.0,34.0,928.0,32.0,5.0,False,1.0,14.0,14.0,False
20,10,_original_nint128_seed28,5,5,5,1;3;5;8;9,False,False,,3;5;8;9,1,17.0,42.0,822.0,28.0,5.0,False,1.0,17.0,17.0,False
20,10,_original_nint128_seed28,5,5,5,0;1;5;6;7,False,False,,0;5;6;7,1,15.0,32.0,585.0,45.0,5.0,False,1.0,15.0,15.0,False
20,10,_original_nint128_seed28,5,5,5,1;3;5;6;7,False,False,,3;5;6;7,1,18.0,47.0,776.0,33.0,5.0,False,1.0,18.0,18.0,False
20,10,_original_nint128_seed28,5,5,5,0;1;2;5;9,False,False,,0;2;5;9,1,12.0,27.0,501.0,54.0,5.0,False,1.0,12.0,12.0,False
20,10,_original_nint128_seed28,5,5,5,0;3;5;6;7,False,False,,0;5;6;7,3,15.0,32.0,583.0,44.0,5.0,False,1.0,15.0,15.0,False
20,10,_original_nint128_seed28,5,5,5,2;3;6;7;9,False,False,,2;3;6;9,7,9.0,18.0,739.0,49.0,5.0,False,1.0,9.0,9.0,False
20,10,_original_nint128_seed28,5,5,5,2;6;7;8;9,False,False,,2;6;7;9,8,10.0,22.0,878.0,53.0,5.0,False,1.0,10.0,10.0,False
20,10,_original_nint128_seed28,5,5,5,1;3;4;5;7,False,False,,1;4;5;7,3,17.0,47.0,834.0,26.0,5.0,False,1.0,17.0,17.0,False
20,10,_original_nint128_seed28,5,5,5,0;1;3;6;7,False,False,,0;1;6;7,3,15.0,34.0,439.0,42.0,5.0,False,1.0,15.0,15.0,False
20,10,_original_nint128_seed28,5,5,5,0;1;5;7;8,False,False,,0;5;7;8,1,18.0,38.0,676.0,35.0,5.0,False,1.0,18.0,18.0,False
20,10,_original_nint128_seed28,5,5,5,1;3;5;7;8,False,False,,1;5;7;8,3,21.0,54.0,867.0,23.0,5.0,False,1.0,21.0,21.0,False
20,10,_original_nint128_seed28,5,5,5,0;1;3;6;9,False,False,,0;3;6;9,1,13.0,28.0,376.0,50.0,5.0,False,1.0,13.0,13.0,False
20,10,_original_nint128_seed28,5,5,5,1;3;4;6;9,False,False,,3;4;6;9,1,12.0,28.0,694.0,41.0,5.0,False,1.0,12.0,12.0,False
20,10,_original_nint128_seed28,5,5,5,1;3;6;7;9,False,False,,3;6;7;9,1,15.0,34.0,705.0,38.0,5.0,False,1.0,15.0,15.0,False
20,10,_original_nint128_seed28,5,5,5,1;3;6;8;9,False,False,,3;6;8;9,1,16.0,36.0,727.0,38.0,5.0,False,1.0,16.0,16.0,False
20,10,_original_nint128_seed28,5,5,5,2;3;4;5;8,False,False,,2;4;5;8,3,15.0,36.0,891.0,36.0,5.0,False,1.0,15.0,15.0,False
20,10,_original_nint128_seed28,5,5,5,1;2;5;7;9,False,False,,1;2;5;9,7,14.0,32.0,838.0,40.0,5.0,False,1.0,14.0,14.0,False
20,10,_original_nint128_seed28,5,5,5,0;3;4;5;8,False,False,,0;4;5;8,3,15.0,35.0,661.0,37.0,5.0,False,1.0,15.0,15.0,False
20,10,_original_nint128_seed28,5,5,5,0;1;2;3;7,False,False,,0;1;2;7,3,15.0,34.0,425.0,42.0,5.0,False,1.0,15.0,15.0,False
20,10,_original_nint128_seed28,5,5,5,3;6;7;8;9,False,False,,3;6;7;9,8,15.0,33.0,843.0,40.0,5.0,False,1.0,15.0,15.0,False
20,10,_original_nint128_seed28,5,5,5,0;1;3;7;9,False,False,,0;1;7;9,3,15.0,36.0,445.0,40.0,5.0,False,1.0,15.0,15.0,False
20,10,_original_nint128_seed28,5,5,5,1;2;3;7;9,False,False,,2;3;7;9,1,14.0,32.0,692.0,37.0,5.0,False,1.0,14.0,14.0,False
20,10,_original_nint128_seed28,5,5,5,0;1;5;6;8,False,False,,0;5;6;8,1,14.0,31.0,607.0,45.0,5.0,False,1.0,14.0,14.0,False
20,10,_original_nint128_seed28,5,5,5,0;2;4;5;8,False,False,,0;2;4;8,5,12.0,23.0,698.0,48.0,5.0,False,1.0,12.0,12.0,False
20,10,_original_nint128_seed28,5,5,5,0;1;4;6;8,False,False,,0;4;6;8,1,13.0,29.0,569.0,47.0,5.0,False,1.0,13.0,13.0,False
20,10,_original_nint128_seed28,5,5,5,0;1;4;5;6,False,False,,0;4;5;6,1,13.0,30.0,574.0,48.0,5.0,False,1.0,13.0,13.0,False
20,10,_original_nint128_seed28,5,5,5,0;1;5;7;9,False,False,,0;5;7;9,1,15.0,34.0,591.0,43.0,5.0,False,1.0,15.0,15.0,False
20,10,_original_nint128_seed28,5,5,5,0;1;2;7;9,False,False,,0;2;7;9,1,12.0,26.0,476.0,53.0,5.0,False,1.0,12.0,12.0,False
20,10,_original_nint128_seed28,6,6,4,0;1;2;3;5;7,False,False,,0;1;2;5;7,3,11.0,28.0,387.0,49.0,5.0,False,1.0,11.0,11.0,False
20,10,_original_nint128_seed28,6,6,4,0;1;2;3;6;7,False,False,,0;1;2;6;7,3,8.0,14.0,292.0,57.0,5.0,False,1.0,8.0,8.0,False
20,10,_original_nint128_seed28,6,6,4,0;1;2;3;7;8,False,False,,0;1;2;7;8,3,12.0,26.0,382.0,48.0,5.0,False,1.0,12.0,12.0,False
20,10,_original_nint128_seed28,6,6,4,0;1;2;3;7;9,False,False,,0;1;2;7;9,3,10.0,23.0,292.0,57.0,5.0,False,1.0,10.0,10.0,False
20,10,_original_nint128_seed28,6,6,4,1;3;5;6;8;9,False,False,,3;5;6;8;9,1,12.0,27.0,690.0,44.0,5.0,False,1.0,12.0,12.0,False
20,10,_original_nint128_seed28,6,6,4,2;3;5;6;8;9,False,False,,2;3;5;6;9,8,7.0,13.0,724.0,55.0,5.0,False,1.0,7.0,7.0,False
20,10,_original_nint128_seed28,6,6,4,3;4;5;6;8;9,False,False,,3;4;5;6;9,8,10.0,23.0,795.0,49.0,5.0,False,1.0,10.0,10.0,False
20,10,_original_nint128_seed28,6,6,4,0;2;3;5;6;7,False,False,,0;2;3;5;6,7,8.0,14.0,436.0,59.0,5.0,False,1.0,8.0,8.0,False
20,10,_original_nint128_seed28,6,6,4,0;2;3;6;7;8,False,False,,0;2;6;7;8,3,7.0,12.0,430.0,59.0,5.0,False,1.0,7.0,7.0,False
20,10,_original_nint128_seed28,6,6,4,0;2;3;6;7;9,False,False,,0;2;6;7;9,3,6.0,10.0,340.0,68.0,5.0,False,1.0,6.0,6.0,False
20,10,_original_nint128_seed28,6,6,4,0;4;5;6;7;8,False,False,,0;4;6;7;8,5,10.0,20.0,648.0,55.0,5.0,False,1.0,10.0,10.0,False
20,10,_original_nint128_seed28,6,6,4,1;4;5;6;7;8,False,False,,4;5;6;7;8,1,14.0,36.0,840.0,45.0,5.0,False,1.0,14.0,14.0,False
20,10,_original_nint128_seed28,6,6,4,3;4;5;6;7;8,False,False,,4;5;6;7;8,3,14.0,36.0,838.0,44.0,5.0,False,1.0,14.0,14.0,False
20,10,_original_nint128_seed28,6,6,4,4;5;6;7;8;9,False,False,,4;5;6;7;9,8,11.0,23.0,913.0,52.0,5.0,False,1.0,11.0,11.0,False
20,10,_original_nint128_seed28,6,6,4,0;2;5;6;7;9,False,False,,0;2;5;6;9,7,6.0,10.0,486.0,71.0,5.0,False,1.0,6.0,6.0,False
20,10,_original_nint128_seed28,6,6,4,1;2;5;6;7;9,False,False,,1;2;5;6;9,7,8.0,16.0,704.0,56.0,5.0,False,1.0,8.0,8.0,False
20,10,_original_nint128_seed28,6,6,4,2;5;6;7;8;9,False,False,,2;5;6;7;9,8,8.0,17.0,841.0,59.0,5.0,False,1.0,8.0,8.0,False
20,10,_original_nint128_seed28,6,6,4,1;2;3;7;8;9,False,False,,2;3;7;8;9,1,12.0,26.0,649.0,43.0,5.0,False,1.0,12.0,12.0,False
20,10,_original_nint128_seed28,6,6,4,1;2;5;7;8;9,False,False,,1;2;5;8;9,7,12.0,26.0,795.0,46.0,5.0,False,1.0,12.0,12.0,False
20,10,_original_nint128_seed28,6,6,4,1;2;6;7;8;9,False,False,,1;2;6;7;9,8,9.0,19.0,697.0,57.0,5.0,False,1.0,9.0,9.0,False
20,10,_original_nint128_seed28,6,6,4,0;2;3;4;7;9,True,False,,0;2;4;7;9,3,8.0,18.0,399.0,60.0,5.0,False,1.0,8.0,8.0,False
20,10,_original_nint128_seed28,6,6,4,2;3;4;7;8;9,True,False,,2;3;4;7;9,8,10.0,22.0,755.0,47.0,5.0,False,1.0,10.0,10.0,False
20,10,_original_nint128_seed28,6,6,4,0;1;3;4;5;6,False,False,,0;1;4;5;6,3,10.0,25.0,390.0,52.0,5.0,False,1.0,10.0,10.0,False
20,10,_original_nint128_seed28,6,6,4,0;1;4;5;6;7,False,False,,0;4;5;6;7,1,11.0,24.0,509.0,54.0,5.0,False,1.0,11.0,11.0,False
20,10,_original_nint128_seed28,6,6,4,0;1;4;5;6;8,False,False,,0;4;5;6;8,1,10.0,23.0,531.0,54.0,5.0,False,1.0,10.0,10.0,False
20,10,_original_nint128_seed28,6,6,4,0;1;4;5;6;9,False,False,,0;4;5;6;9,1,8.0,18.0,446.0,62.0,5.0,False,1.0,8.0,8.0,False
20,10,_original_nint128_seed28,6,6,4,0;1;3;4;7;8,False,False,,0;1;4;7;8,3,9.0,23.0,455.0,40.0,5.0,False,1.0,9.0,9.0,False
20,10,_original_nint128_seed28,6,6,4,1;3;4;5;7;8,False,False,,1;3;4;5;8,7,12.0,35.0,792.0,31.0,5.0,False,1.0,12.0,12.0,False
20,10,_original_nint128_seed28,6,6,4,1;3;4;6;7;8,False,False,,1;3;4;6;8,7,11.0,35.0,694.0,42.0,5.0,False,1.0,11.0,11.0,False
20,10,_original_nint128_seed28,6,6,4,1;3;4;7;8;9,False,False,,1;3;4;7;9,8,10.0,24.0,722.0,35.0,5.0,False,1.0,10.0,10.0,False
20,10,_original_nint128_seed28,6,6,4,0;3;4;5;6;7,False,False,,0;4;5;6;7,3,11.0,24.0,507.0,53.0,5.0,False,1.0,11.0,11.0,False
20,10,_original_nint128_seed28,6,6,4,1;3;4;5;6;7,False,False,,1;3;4;5;6,7,12.0,35.0,700.0,42.0,5.0,False,1.0,12.0,12.0,False
20,10,_original_nint128_seed28,6,6,4,0;1;2;6;7;8,False,False,,0;2;6;7;8,1,7.0,12.0,432.0,60.0,5.0,False,1.0,7.0,7.0,False
20,10,_original_nint128_seed28,6,6,4,0;1;3;6;7;8,False,False,,0;1;6;7;8,3,12.0,27.0,396.0,48.0,5.0,False,1.0,12.0,12.0,False
20,10,_original_nint128_seed28,6,6,4,0;1;4;6;7;8,False,False,,0;4;6;7;8,1,10.0,22.0,504.0,53.0,5.0,False,1.0,10.0,10.0,False
20,10,_original_nint128_seed28,6,6,4,0;1;5;6;7;8,False,False,,0;5;6;7;8,1,12.0,25.0,542.0,51.0,5.0,False,1.0,12.0,12.0,False
20,10,_original_nint128_seed28,6,6,4,1;3;4;5;6;8,False,False,,1;3;4;5;6,8,10.0,33.0,722.0,42.0,5.0,False,1.0,10.0,10.0,False
20,10,_original_nint128_seed28,6,6,4,1;3;4;5;6;9,False,False,,1;3;4;6;9,5,8.0,19.0,657.0,47.0,5.0,False,1.0,8.0,8.0,False
20,10,_original_nint128_seed28,6,6,4,0;1;4;5;7;8,False,False,,0;4;5;7;8,1,12.0,24.0,601.0,43.0,5.0,False,1.0,12.0,12.0,False
20,10,_original_nint128_seed28,6,6,4,0;4;5;6;7;9,False,False,,0;4;6;7;9,5,8.0,15.0,563.0,63.0,5.0,False,1.0,8.0,8.0,False
20,10,_original_nint128_seed28,6,6,4,0;3;4;6;7;9,False,False,,0;4;6;7;9,3,8.0,16.0,417.0,60.0,5.0,False,1.0,8.0,8.0,False
20,10,_original_nint128_seed28,6,6,4,1;3;4;6;7;9,False,False,,1;3;4;6;9,7,9.0,21.0,629.0,47.0,5.0,False,1.0,9.0,9.0,False
20,10,_original_nint128_seed28,6,6,4,3;4;6;7;8;9,False,False,,3;4;6;7;9,8,11.0,25.0,767.0,49.0,5.0,False,1.0,11.0,11.0,False
20,10,_original_nint128_seed28,6,6,4,0;1;2;3;6;8,False,False,,0;1;2;6;8,3,8.0,14.0,314.0,57.0,5.0,False,1.0,8.0,8.0,False
20,10,_original_nint128_seed28,6,6,4,0;2;3;5;6;8,False,False,,0;2;5;6;8,3,7.0,12.0,458.0,59.0,5.0,False,1.0,7.0,7.0,False
20,10,_original_nint128_seed28,6,6,4,0;2;3;4;7;8,False,False,,0;2;4;7;8,3,10.0,21.0,489.0,51.0,5.0,False,1.0,10.0,10.0,False
20,10,_original_nint128_seed28,6,6,4,2;3;4;5;7;8,False,False,,2;3;4;5;8,7,13.0,31.0,828.0,42.0,5.0,False,1.0,13.0,13.0,False
20,10,_original_nint128_seed28,6,6,4,1;4;5;6;8;9,False,False,,1;4;5;6;9,8,10.0,24.0,797.0,50.0,5.0,False,1.0,10.0,10.0,False
20,10,_original_nint128_seed28,6,6,4,0;1;4;5;7;9,False,False,,0;4;5;7;9,1,9.0,20.0,516.0,51.0,5.0,False,1.0,9.0,9.0,False
20,10,_original_nint128_seed28,6,6,4,0;2;4;5;7;9,True,False,,0;2;4;5;9,7,8.0,16.0,545.0,63.0,5.0,False,1.0,8.0,8.0,False
20,10,_original_nint128_seed28,6,6,4,0;2;3;4;5;7,False,False,,0;2;4;5;7,3,11.0,24.0,494.0,52.0,5.0,False,1.0,11.0,11.0,False
20,10,_original_nint128_seed28,6,6,4,0;2;3;5;7;8,False,False,,0;2;5;7;8,3,12.0,26.0,526.0,50.0,5.0,False,1.0,12.0,12.0,False
20,10,_original_nint128_seed28,6,6,4,1;3;4;5;8;9,False,False,,1;3;4;5;9,8,9.0,23.0,747.0,36.0,5.0,False,1.0,9.0,9.0,False
20,10,_original_nint128_seed28,6,6,4,1;4;5;7;8;9,False,False,,4;5;7;8;9,1,11.0,24.0,868.0,38.0,5.0,False,1.0,11.0,11.0,False
20,10,_original_nint128_seed28,6,6,4,0;1;2;3;5;6,False,False,,0;1;2;5;6,3,8.0,14.0,320.0,57.0,5.0,False,1.0,8.0,8.0,False
20,10,_original_nint128_seed28,6,6,4,0;1;3;5;6;7,False,False,,0;1;5;6;7,3,12.0,29.0,401.0,49.0,5.0,False,1.0,12.0,12.0,False
20,10,_original_nint128_seed28,6,6,4,0;1;3;5;6;8,False,False,,0;1;5;6;8,3,12.0,28.0,423.0,49.0,5.0,False,1.0,12.0,12.0,False
20,10,_original_nint128_seed28,6,6,4,0;1;3;5;6;9,False,False,,0;3;5;6;9,1,10.0,22.0,338.0,57.0,5.0,False,1.0,10.0,10.0,False
20,10,_original_nint128_seed28,6,6,4,0;1;3;5;7;8,False,False,,0;1;5;7;8,3,12.0,32.0,492.0,39.0,5.0,False,1.0,12.0,12.0,False
20,10,_original_nint128_seed28,6,6,4,1;2;3;5;7;8,False,False,,1;2;3;5;8,7,14.0,36.0,722.0,38.0,5.0,False,1.0,14.0,14.0,False
20,10,_original_nint128_seed28,6,6,4,1;3;5;6;7;8,False,False,,3;5;6;7;8,1,15.0,40.0,733.0,39.0,5.0,False,1.0,15.0,15.0,False
20,10,_original_nint128_seed28,6,6,4,0;3;5;6;7;8,False,False,,0;5;6;7;8,3,12.0,25.0,540.0,50.0,5.0,False,1.0,12.0,12.0,False
20,10,_original_nint128_seed28,6,6,4,2;3;5;6;7;8,False,False,,2;3;5;6;8,7,10.0,24.0,769.0,50.0,5.0,False,1.0,10.0,10.0,False
20,10,_original_nint128_seed28,6,6,4,0;1;2;3;6;9,False,False,,0;1;2;6;9,3,7.0,12.0,224.0,66.0,5.0,False,1.0,7.0,7.0,False
20,10,_original_nint128_seed28,6,6,4,0;2;3;5;6;9,False,False,,0;2;5;6;9,3,6.0,10.0,368.0,68.0,5.0,False,1.0,6.0,6.0,False
20,10,_original_nint128_seed28,6,6,4,0;1;3;4;6;8,False,False,,0;1;4;6;8,3,9.0,21.0,385.0,51.0,5.0,False,1.0,9.0,9.0,False
20,10,_original_nint128_seed28,6,6,4,0;1;2;6;7;9,False,False,,0;2;6;7;9,1,6.0,10.0,342.0,69.0,5.0,False,1.0,6.0,6.0,False
20,10,_original_nint128_seed28,6,6,4,1;2;3;6;7;9,False,False,,2;3;6;7;9,1,8.0,15.0,558.0,53.0,5.0,False,1.0,8.0,8.0,False
20,10,_original_nint128_seed28,6,6,4,2;4;5;7;8;9,True,False,,2;4;5;8;9,7,10.0,21.0,901.0,50.0,5.0,False,1.0,10.0,10.0,False
20,10,_original_nint128_seed28,6,6,4,1;2;5;6;8;9,False,False,,1;2;5;6;9,8,8.0,16.0,726.0,56.0,5.0,False,1.0,8.0,8.0,False
20,10,_original_nint128_seed28,6,6,4,0;3;4;5;7;8,False,False,,0;4;5;7;8,3,12.0,26.0,599.0,42.0,5.0,False,1.0,12.0,12.0,False
20,10,_original_nint128_seed28,6,6,4,0;3;4;6;7;8,False,False,,0;4;6;7;8,3,10.0,22.0,502.0,52.0,5.0,False,1.0,10.0,10.0,False
20,10,_original_nint128_seed28,6,6,4,1;2;3;5;8;9,False,False,,2;3;5;8;9,1,11.0,25.0,675.0,43.0,5.0,False,1.0,11.0,11.0,False
20,10,_original_nint128_seed28,6,6,4,1;2;3;6;8;9,False,False,,1;2;3;6;9,8,9.0,17.0,580.0,53.0,5.0,False,1.0,9.0,9.0,False
20,10,_original_nint128_seed28,6,6,4,1;2;3;5;6;9,False,False,,2;3;5;6;9,1,7.0,12.0,587.0,52.0,5.0,False,1.0,7.0,7.0,False
20,10,_original_nint128_seed28,6,6,4,0;2;5;6;7;8,False,False,,0;2;5;6;8,7,7.0,12.0,576.0,62.0,5.0,False,1.0,7.0,7.0,False
20,10,_original_nint128_seed28,6,6,4,0;1;2;3;5;8,False,False,,0;1;2;5;8,3,12.0,27.0,407.0,49.0,5.0,False,1.0,12.0,12.0,False
20,10,_original_nint128_seed28,6,6,4,0;1;2;3;5;9,False,False,,0;1;2;5;9,3,10.0,25.0,317.0,58.0,5.0,False,1.0,10.0,10.0,False
20,10,_original_nint128_seed28,6,6,4,0;1;2;5;6;7,False,False,,0;1;2;5;6,7,8.0,14.0,438.0,60.0,5.0,False,1.0,8.0,8.0,False
20,10,_original_nint128_seed28,6,6,4,1;2;3;5;6;7,False,False,,1;2;3;5;6,7,10.0,25.0,632.0,47.0,5.0,False,1.0,10.0,10.0,False
20,10,_original_nint128_seed28,6,6,4,1;2;5;6;7;8,False,False,,1;2;5;6;8,7,11.0,27.0,771.0,51.0,5.0,False,1.0,11.0,11.0,False
20,10,_original_nint128_seed28,6,6,4,1;5;6;7;8;9,False,False,,5;6;7;8;9,1,13.0,27.0,808.0,47.0,5.0,False,1.0,13.0,13.0,False
20,10,_original_nint128_seed28,6,6,4,0;1;2;5;6;8,False,False,,0;2;5;6;8,1,7.0,12.0,460.0,60.0,5.0,False,1.0,7.0,7.0,False
20,10,_original_nint128_seed28,6,6,4,0;1;3;4;6;9,False,False,,0;3;4;6;9,1,9.0,19.0,300.0,59.0,5.0,False,1.0,9.0,9.0,False
20,10,_original_nint128_seed28,6,6,4,0;3;4;5;6;9,False,False,,0;4;5;6;9,3,8.0,17.0,444.0,61.0,5.0,False,1.0,8.0,8.0,False
20,10,_original_nint128_seed28,6,6,4,1;2;3;5;6;8,False,False,,2;3;5;6;8,1,10.0,23.0,654.0,47.0,5.0,False,1.0,10.0,10.0,False
20,10,_original_nint128_seed28,6,6,4,0;1;3;6;7;9,False,False,,0;3;6;7;9,1,10.0,21.0,311.0,56.0,5.0,False,1.0,10.0,10.0,False
20,10,_original_nint128_seed28,6,6,4,0;1;4;6;7;9,False,False,,0;4;6;7;9,1,8.0,17.0,419.0,61.0,5.0,False,1.0,8.0,8.0,False
20,10,_original_nint128_seed28,6,6,4,0;1;5;6;7;9,False,False,,0;5;6;7;9,1,10.0,20.0,457.0,59.0,5.0,False,1.0,10.0,10.0,False
20,10,_original_nint128_seed28,6,6,4,0;1;2;5;7;8,False,False,,0;1;2;7;8,5,12.0,24.0,528.0,51.0,5.0,False,1.0,12.0,12.0,False
20,10,_original_nint128_seed28,6,6,4,0;1;2;5;7;9,False,False,,0;1;2;7;9,5,10.0,22.0,438.0,60.0,5.0,False,1.0,10.0,10.0,False
20,10,_original_nint128_seed28,6,6,4,0;1;3;4;5;7,False,False,,0;1;4;5;7,3,11.0,29.0,459.0,42.0,5.0,False,1.0,11.0,11.0,False
20,10,_original_nint128_seed28,6,6,4,0;1;3;4;6;7,False,False,,0;1;4;6;7,3,10.0,24.0,363.0,51.0,5.0,False,1.0,10.0,10.0,False
20,10,_original_nint128_seed28,6,6,4,0;1;3;4;5;8,False,False,,0;1;4;5;8,3,9.0,25.0,479.0,42.0,5.0,False,1.0,9.0,9.0,False
20,10,_original_nint128_seed28,6,6,4,0;2;3;4;5;8,False,False,,0;2;4;5;8,3,10.0,21.0,514.0,52.0,5.0,False,1.0,10.0,10.0,False
20,10,_original_nint128_seed28,6,6,4,0;3;4;5;6;8,False,False,,0;4;5;6;8,3,10.0,23.0,529.0,53.0,5.0,False,1.0,10.0,10.0,False
20,10,_original_nint128_seed28,6,6,4,1;4;6;7;8;9,False,False,,1;4;6;7;9,8,11.0,26.0,769.0,50.0,5.0,False,1.0,11.0,11.0,False
20,10,_original_nint128_seed28,6,6,4,1;4;5;6;7;9,False,False,,4;5;6;7;9,1,10.0,23.0,775.0,50.0,5.0,False,1.0,10.0,10.0,False
20,10,_original_nint128_seed28,6,6,4,0;1;3;4;5;9,False,False,,0;1;4;5;9,3,9.0,23.0,394.0,50.0,5.0,False,1.0,9.0,9.0,False
20,10,_original_nint128_seed28,6,6,4,0;1;2;5;6;9,False,False,,0;2;5;6;9,1,6.0,10.0,370.0,69.0,5.0,False,1.0,6.0,6.0,False
20,10,_original_nint128_seed28,6,6,4,1;3;6;7;8;9,False,False,,3;6;7;8;9,1,13.0,29.0,662.0,44.0,5.0,False,1.0,13.0,13.0,False
20,10,_original_nint128_seed28,6,6,4,1;3;4;6;8;9,False,False,,1;3;4;6;9,8,10.0,23.0,651.0,47.0,5.0,False,1.0,10.0,10.0,False
20,10,_original_nint128_seed28,6,6,4,2;3;4;5;8;9,True,False,,2;3;4;5;9,8,9.0,20.0,781.0,47.0,5.0,False,1.0,9.0,9.0,False
20,10,_original_nint128_seed28,6,6,4,2;3;6;7;8;9,False,False,,2;3;6;7;9,8,8.0,16.0,695.0,56.0,5.0,False,1.0,8.0,8.0,False
20,10,_original_nint128_seed28,6,6,4,1;2;3;6;7;8,False,False,,2;3;6;7;8,1,11.0,26.0,625.0,48.0,5.0,False,1.0,11.0,11.0,False
20,10,_original_nint128_seed28,6,6,4,0;2;4;5;7;8,False,False,,0;2;4;5;8,7,10.0,18.0,635.0,54.0,5.0,False,1.0,10.0,10.0,False
20,10,_original_nint128_seed28,6,6,4,0;2;3;4;5;9,True,False,,0;2;4;5;9,3,8.0,19.0,424.0,61.0,5.0,False,1.0,8.0,8.0,False
20,10,_original_nint128_seed28,6,6,4,0;1;3;4;7;9,False,False,,0;1;4;7;9,3,9.0,21.0,370.0,48.0,5.0,False,1.0,9.0,9.0,False
20,10,_original_nint128_seed28,7,7,3,0;1;2;3;6;7;9,True,False,,0;1;2;6;7;9,3,5.0,8.0,158.0,73.0,5.0,False,1.0,5.0,5.0,True
20,10,_original_nint128_seed28,7,7,3,1;2;3;6;7;8;9,True,False,,1;2;3;6;7;9,8,7.0,13.0,514.0,60.0,5.0,False,1.0,7.0,7.0,False
20,10,_original_nint128_seed28,7,7,3,0;1;3;4;6;7;9,True,False,,0;3;4;6;7;9,1,6.0,12.0,235.0,65.0,5.0,False,1.0,6.0,6.0,False
20,10,_original_nint128_seed28,7,7,3,0;1;4;5;6;7;9,True,False,,0;4;5;6;7;9,1,6.0,12.0,381.0,68.0,5.0,False,1.0,6.0,6.0,False
20,10,_original_nint128_seed28,7,7,3,1;3;4;5;6;8;9,True,False,,1;3;4;5;6;9,8,6.0,14.0,614.0,53.0,5.0,False,1.0,6.0,6.0,False
20,10,_original_nint128_seed28,7,7,3,0;1;2;3;6;7;8,True,False,,0;1;2;6;7;8,3,6.0,10.0,248.0,64.0,5.0,False,1.0,6.0,6.0,False
20,10,_original_nint128_seed28,7,7,3,0;1;2;5;6;7;8,True,False,,0;1;2;5;6;8,7,6.0,10.0,394.0,67.0,5.0,False,1.0,6.0,6.0,False
20,10,_original_nint128_seed28,7,7,3,0;1;3;4;5;6;9,True,False,,0;3;4;5;6;9,1,6.0,13.0,262.0,66.0,5.0,False,1.0,6.0,6.0,False
20,10,_original_nint128_seed28,7,7,3,0;2;3;4;5;7;8,True,False,,0;2;4;5;7;8,3,8.0,16.0,451.0,58.0,5.0,False,1.0,8.0,8.0,False
20,10,_original_nint128_seed28,7,7,3,1;3;4;6;7;8;9,True,False,,1;3;4;6;7;9,8,7.0,16.0,586.0,53.0,5.0,False,1.0,7.0,7.0,False
20,10,_original_nint128_seed28,7,7,3,1;4;5;6;7;8;9,True,False,,1;4;5;6;7;9,8,8.0,18.0,732.0,56.0,5.0,False,1.0,8.0,8.0,False
20,10,_original_nint128_seed28,7,7,3,0;1;2;3;5;7;8,True,False,,0;1;2;5;7;8,3,8.0,20.0,344.0,55.0,5.0,False,1.0,8.0,8.0,False
20,10,_original_nint128_seed28,7,7,3,0;1;3;4;5;7;8,True,False,,0;1;3;4;7;8,5,6.0,15.0,417.0,47.0,5.0,False,1.0,6.0,6.0,False
20,10,_original_nint128_seed28,7,7,3,0;1;3;4;5;6;8,True,False,,0;1;3;4;6;8,5,6.0,15.0,347.0,58.0,5.0,False,1.0,6.0,6.0,False
20,10,_original_nint128_seed28,7,7,3,0;1;4;5;6;7;8,True,False,,0;4;5;6;7;8,1,8.0,17.0,466.0,60.0,5.0,False,1.0,8.0,8.0,False
20,10,_original_nint128_seed28,7,7,3,0;1;2;3;5;6;8,True,False,,0;1;2;5;6;8,3,6.0,10.0,276.0,64.0,5.0,False,1.0,6.0,6.0,False
20,10,_original_nint128_seed28,7,7,3,1;2;3;5;6;7;8,True,False,,1;2;3;5;6;8,7,8.0,21.0,588.0,54.0,5.0,False,1.0,8.0,8.0,False
20,10,_original_nint128_seed28,7,7,3,1;2;3;5;6;8;9,True,False,,1;2;3;5;6;9,8,6.0,10.0,543.0,59.0,5.0,False,1.0,6.0,6.0,False
20,10,_original_nint128_seed28,7,7,3,0;2;3;5;6;7;8,True,False,,0;2;3;5;6;8,7,6.0,10.0,392.0,66.0,5.0,False,1.0,6.0,6.0,False
20,10,_original_nint128_seed28,7,7,3,0;1;2;5;6;7;9,True,False,,0;1;2;5;6;9,7,5.0,8.0,304.0,76.0,5.0,False,1.0,5.0,5.0,True
20,10,_original_nint128_seed28,7,7,3,0;1;3;4;6;7;8,True,False,,0;1;3;4;6;8,7,6.0,14.0,320.0,57.0,5.0,False,1.0,6.0,6.0,False
20,10,_original_nint128_seed28,7,7,3,0;3;4;5;6;7;8,True,False,,0;4;5;6;7;8,3,8.0,17.0,464.0,59.0,5.0,False,1.0,8.0,8.0,False
20,10,_original_nint128_seed28,7,7,3,0;1;3;4;5;6;7,True,False,,0;1;3;4;6;7,5,8.0,19.0,325.0,58.0,5.0,False,1.0,8.0,8.0,False
20,10,_original_nint128_seed28,7,7,3,1;3;4;5;6;7;8,True,False,,1;3;4;5;6;8,7,8.0,27.0,657.0,48.0,5.0,False,1.0,8.0,8.0,False
20,10,_original_nint128_seed28,7,7,3,1;2;5;6;7;8;9,True,False,,1;2;5;6;7;9,8,7.0,14.0,660.0,63.0,5.0,False,1.0,7.0,7.0,False
20,10,_original_nint128_seed28,7,7,3,0;1;2;3;5;6;9,True,False,,0;1;2;5;6;9,3,5.0,8.0,186.0,73.0,5.0,False,1.0,5.0,5.0,True
20,10,_original_nint128_seed28,7,7,3,0;1;2;3;5;6;7,True,False,,0;1;2;3;5;6,7,6.0,12.0,254.0,64.0,5.0,False,1.0,6.0,6.0,False
20,10,_original_nint128_seed28,3,3,7,1;2;4,False,True,collision,1;4,2,,,,,,True,,,,
20,10,_original_nint128_seed28,3,3,7,2;4;6,False,True,collision,4;6,2,,,,,,True,,,,
20,10,_original_nint128_seed28,3,3,7,0;8;9,False,True,collision,0;8,9,,,,,,True,,,,
20,10,_original_nint128_seed28,4,4,6,1;2;4;9,False,True,monotone,1;2;9,4,,,,,,True,,,,
20,10,_original_nint128_seed28,4,4,6,2;4;6;9,False,True,monotone,2;6;9,4,,,,,,True,,,,
20,10,_original_nint128_seed28,4,4,6,0;1;2;4,False,True,monotone,0;2;4,1,,,,,,True,,,,
20,10,_original_nint128_seed28,4,4,6,0;2;4;6,False,True,monotone,0;2;4,6,,,,,,True,,,,
20,10,_original_nint128_seed28,4,4,6,3;5;7;9,False,True,collision,3;5;9,7,,,,,,True,,,,
20,10,_original_nint128_seed28,4,4,6,1;2;4;8,False,True,monotone,2;4;8,1,,,,,,True,,,,
20,10,_original_nint128_seed28,4,4,6,2;4;6;8,False,True,monotone,2;4;8,6,,,,,,True,,,,
20,10,_original_nint128_seed28,4,4,6,0;7;8;9,False,True,monotone,7;8;9,0,,,,,,True,,,,
20,10,_original_nint128_seed28,4,4,6,0;6;8;9,False,True,monotone,0;6;9,8,,,,,,True,,,,
20,10,_original_nint128_seed28,4,4,6,0;1;8;9,False,True,monotone,0;1;9,8,,,,,,True,,,,
20,10,_original_nint128_seed28,4,4,6,2;4;6;7,False,True,monotone,2;6;7,4,,,,,,True,,,,
20,10,_original_nint128_seed28,4,4,6,0;4;8;9,False,True,monotone,4;8;9,0,,,,,,True,,,,
20,10,_original_nint128_seed28,4,4,6,1;2;3;4,False,True,monotone,2;3;4,1,,,,,,True,,,,
20,10,_original_nint128_seed28,4,4,6,2;3;4;6,False,True,monotone,2;3;4,6,,,,,,True,,,,
20,10,_original_nint128_seed28,4,4,6,1;2;4;6,False,True,monotone,1;4;6,2,,,,,,True,,,,
20,10,_original_nint128_seed28,4,4,6,1;2;4;7,False,True,monotone,1;2;7,4,,,,,,True,,,,
20,10,_original_nint128_seed28,4,4,6,1;2;4;5,False,True,monotone,1;4;5,2,,,,,,True,,,,
20,10,_original_nint128_seed28,4,4,6,2;4;5;6,False,True,monotone,2;4;5,6,,,,,,True,,,,
20,10,_original_nint128_seed28,4,4,6,0;5;8;9,False,True,monotone,5;8;9,0,,,,,,True,,,,
20,10,_original_nint128_seed28,4,4,6,0;3;8;9,False,True,monotone,0;3;8,9,,,,,,True,,,,
20,10,_original_nint128_seed28,4,4,6,0;2;8;9,False,True,monotone,2;8;9,0,,,,,,True,,,,
20,10,_original_nint128_seed28,5,5,5,2;4;5;6;8,False,True,monotone,2;5;6;8,4,,,,,,True,,,,
20,10,_original_nint128_seed28,5,5,5,1;2;3;4;8,False,True,monotone,1;2;3;8,4,,,,,,True,,,,
20,10,_original_nint128_seed28,5,5,5,2;3;4;5;6,False,True,monotone,2;3;5;6,4,,,,,,True,,,,
20,10,_original_nint128_seed28,5,5,5,0;2;7;8;9,False,True,monotone,0;2;7;8,9,,,,,,True,,,,
20,10,_original_nint128_seed28,5,5,5,0;1;2;4;9,False,True,monotone,0;2;4;9,1,,,,,,True,,,,
20,10,_original_nint128_seed28,5,5,5,0;2;4;6;9,False,True,monotone,0;2;4;9,6,,,,,,True,,,,
20,10,_original_nint128_seed28,5,5,5,0;2;4;8;9,False,True,monotone,0;2;4;9,8,,,,,,True,,,,
20,10,_original_nint128_seed28,5,5,5,0;2;3;4;6,False,True,monotone,0;3;4;6,2,,,,,,True,,,,
20,10,_original_nint128_seed28,5,5,5,2;4;5;6;9,False,True,monotone,2;5;6;9,4,,,,,,True,,,,
20,10,_original_nint128_seed28,5,5,5,0;1;2;8;9,False,True,monotone,1;2;8;9,0,,,,,,True,,,,
20,10,_original_nint128_seed28,5,5,5,1;2;4;8;9,False,True,monotone,1;2;8;9,4,,,,,,True,,,,
20,10,_original_nint128_seed28,5,5,5,1;2;3;4;9,False,True,monotone,2;3;4;9,1,,,,,,True,,,,
20,10,_original_nint128_seed28,5,5,5,2;3;4;6;9,False,True,monotone,2;3;4;9,6,,,,,,True,,,,
20,10,_original_nint128_seed28,5,5,5,0;1;2;3;4,False,True,monotone,0;2;3;4,1,,,,,,True,,,,
20,10,_original_nint128_seed28,5,5,5,0;4;7;8;9,False,True,monotone,4;7;8;9,0,,,,,,True,,,,
20,10,_original_nint128_seed28,5,5,5,0;2;4;5;6,False,True,monotone,0;2;5;6,4,,,,,,True,,,,
20,10,_original_nint128_seed28,5,5,5,0;1;2;4;8,False,True,monotone,0;1;2;8,4,,,,,,True,,,,
20,10,_original_nint128_seed28,5,5,5,3;4;5;7;9,False,True,monotone,3;4;7;9,5,,,,,,True,,,,
20,10,_original_nint128_seed28,5,5,5,0;1;4;8;9,False,True,monotone,0;1;4;9,8,,,,,,True,,,,
20,10,_original_nint128_seed28,5,5,5,0;1;2;4;7,False,True,monotone,0;2;4;7,1,,,,,,True,,,,
20,10,_original_nint128_seed28,5,5,5,0;2;4;6;7,False,True,monotone,0;2;4;7,6,,,,,,True,,,,
20,10,_original_nint128_seed28,5,5,5,0;2;3;8;9,False,True,monotone,0;2;3;9,8,,,,,,True,,,,
20,10,_original_nint128_seed28,5,5,5,1;2;4;7;8,False,True,monotone,1;4;7;8,2,,,,,,True,,,,
20,10,_original_nint128_seed28,5,5,5,2;4;5;6;7,False,True,monotone,4;5;6;7,2,,,,,,True,,,,
20,10,_original_nint128_seed28,5,5,5,0;3;6;8;9,False,True,monotone,0;3;6;8,9,,,,,,True,,,,
20,10,_original_nint128_seed28,5,5,5,0;3;7;8;9,False,True,monotone,0;3;7;8,9,,,,,,True,,,,
20,10,_original_nint128_seed28,5,5,5,1;2;4;6;9,False,True,monotone,1;2;6;9,4,,,,,,True,,,,
20,10,_original_nint128_seed28,5,5,5,0;2;5;8;9,False,True,monotone,2;5;8;9,0,,,,,,True,,,,
20,10,_original_nint128_seed28,5,5,5,1;2;3;4;7,False,True,monotone,2;3;4;7,1,,,,,,True,,,,
20,10,_original_nint128_seed28,5,5,5,2;3;4;6;7,False,True,monotone,2;3;4;7,6,,,,,,True,,,,
20,10,_original_nint128_seed28,5,5,5,0;5;6;8;9,False,True,monotone,0;5;6;9,8,,,,,,True,,,,
20,10,_original_nint128_seed28,5,5,5,0;6;7;8;9,False,True,monotone,0;6;7;9,8,,,,,,True,,,,
20,10,_original_nint128_seed28,5,5,5,2;3;4;6;8,False,True,monotone,2;3;6;8,4,,,,,,True,,,,
20,10,_original_nint128_seed28,5,5,5,1;2;3;4;5,False,True,monotone,1;2;3;5,4,,,,,,True,,,,
20,10,_original_nint128_seed28,5,5,5,1;2;4;5;8,False,True,monotone,1;2;5;8,4,,,,,,True,,,,
20,10,_original_nint128_seed28,5,5,5,0;4;6;8;9,False,True,monotone,4;6;8;9,0,,,,,,True,,,,
20,10,_original_nint128_seed28,5,5,5,2;4;6;8;9,False,True,monotone,4;6;8;9,2,,,,,,True,,,,
20,10,_original_nint128_seed28,5,5,5,1;2;4;5;9,False,True,monotone,1;4;5;9,2,,,,,,True,,,,
20,10,_original_nint128_seed28,5,5,5,1;2;4;6;7,False,True,monotone,1;4;6;7,2,,,,,,True,,,,
20,10,_original_nint128_seed28,5,5,5,0;1;7;8;9,False,True,monotone,1;7;8;9,0,,,,,,True,,,,
20,10,_original_nint128_seed28,5,5,5,3;5;6;7;9,False,True,monotone,5;6;7;9,3,,,,,,True,,,,
20,10,_original_nint128_seed28,5,5,5,0;1;5;8;9,False,True,monotone,1;5;8;9,0,,,,,,True,,,,
20,10,_original_nint128_seed28,5,5,5,0;1;3;8;9,False,True,monotone,0;1;3;8,9,,,,,,True,,,,
20,10,_original_nint128_seed28,5,5,5,2;4;6;7;9,False,True,monotone,2;6;7;9,4,,,,,,True,,,,
20,10,_original_nint128_seed28,5,5,5,2;4;6;7;8,False,True,monotone,4;6;7;8,2,,,,,,True,,,,
20,10,_original_nint128_seed28,5,5,5,1;2;4;5;7,False,True,monotone,1;4;5;7,2,,,,,,True,,,,
20,10,_original_nint128_seed28,5,5,5,0;5;7;8;9,False,True,monotone,0;5;7;8,9,,,,,,True,,,,
20,10,_original_nint128_seed28,5,5,5,0;3;5;7;9,False,True,monotone,0;3;5;7,9,,,,,,True,,,,
20,10,_original_nint128_seed28,5,5,5,1;2;4;7;9,False,True,monotone,1;4;7;9,2,,,,,,True,,,,
20,10,_original_nint128_seed28,5,5,5,0;3;4;8;9,False,True,monotone,0;3;4;9,8,,,,,,True,,,,
20,10,_original_nint128_seed28,5,5,5,0;3;5;8;9,False,True,monotone,3;5;8;9,0,,,,,,True,,,,
20,10,_original_nint128_seed28,5,5,5,3;5;7;8;9,False,True,monotone,3;5;8;9,7,,,,,,True,,,,
20,10,_original_nint128_seed28,5,5,5,0;2;6;8;9,False,True,monotone,0;2;6;9,8,,,,,,True,,,,
20,10,_original_nint128_seed28,5,5,5,2;3;5;7;9,False,True,monotone,2;5;7;9,3,,,,,,True,,,,
20,10,_original_nint128_seed28,5,5,5,1;3;5;7;9,False,True,monotone,1;3;7;9,5,,,,,,True,,,,
20,10,_original_nint128_seed28,5,5,5,1;2;3;4;6,False,True,monotone,1;2;3;6,4,,,,,,True,,,,
20,10,_original_nint128_seed28,5,5,5,1;2;4;6;8,False,True,monotone,1;2;6;8,4,,,,,,True,,,,
20,10,_original_nint128_seed28,5,5,5,0;4;5;8;9,False,True,monotone,0;4;5;9,8,,,,,,True,,,,
20,10,_original_nint128_seed28,5,5,5,0;2;4;6;8,False,True,monotone,0;4;6;8,2,,,,,,True,,,,
20,10,_original_nint128_seed28,5,5,5,0;1;2;4;5,False,True,monotone,0;1;4;5,2,,,,,,True,,,,
20,10,_original_nint128_seed28,5,5,5,0;1;6;8;9,False,True,monotone,0;1;6;9,8,,,,,,True,,,,
20,10,_original_nint128_seed28,5,5,5,1;2;4;5;6,False,True,monotone,1;2;5;6,4,,,,,,True,,,,
20,10,_original_nint128_seed28,5,5,5,0;1;2;4;6,False,True,monotone,0;1;4;6,2,,,,,,True,,,,
20,10,_original_nint128_seed28,6,6,4,0;1;2;3;4;7,False,True,monotone,0;1;2;3;7,4,,,,,,True,,,,
20,10,_original_nint128_seed28,6,6,4,0;3;5;6;8;9,False,True,monotone,3;5;6;8;9,0,,,,,,True,,,,
20,10,_original_nint128_seed28,6,6,4,3;5;6;7;8;9,False,True,monotone,3;5;6;8;9,7,,,,,,True,,,,
20,10,_original_nint128_seed28,6,6,4,0;2;3;4;6;7,False,True,monotone,0;2;3;6;7,4,,,,,,True,,,,
20,10,_original_nint128_seed28,6,6,4,2;4;5;6;7;8,False,True,monotone,4;5;6;7;8,2,,,,,,True,,,,
20,10,_original_nint128_seed28,6,6,4,2;3;5;6;7;9,False,True,monotone,2;5;6;7;9,3,,,,,,True,,,,
20,10,_original_nint128_seed28,6,6,4,2;4;5;6;7;9,False,True,monotone,2;5;6;7;9,4,,,,,,True,,,,
20,10,_original_nint128_seed28,6,6,4,0;1;2;7;8;9,False,True,monotone,1;2;7;8;9,0,,,,,,True,,,,
20,10,_original_nint128_seed28,6,6,4,1;2;4;7;8;9,False,True,monotone,1;2;7;8;9,4,,,,,,True,,,,
20,10,_original_nint128_seed28,6,6,4,1;2;3;4;7;9,False,True,monotone,2;3;4;7;9,1,,,,,,True,,,,
20,10,_original_nint128_seed28,6,6,4,2;3;4;5;7;9,False,True,monotone,2;3;4;7;9,5,,,,,,True,,,,
20,10,_original_nint128_seed28,6,6,4,2;3;4;6;7;9,False,True,monotone,2;3;4;7;9,6,,,,,,True,,,,
20,10,_original_nint128_seed28,6,6,4,0;1;2;4;5;6,False,True,monotone,0;1;4;5;6,2,,,,,,True,,,,
20,10,_original_nint128_seed28,6,6,4,1;2;3;4;7;8,False,True,monotone,1;3;4;7;8,2,,,,,,True,,,,
20,10,_original_nint128_seed28,6,6,4,2;3;4;5;6;7,False,True,monotone,3;4;5;6;7,2,,,,,,True,,,,
20,10,_original_nint128_seed28,6,6,4,3;4;5;6;7;9,False,True,monotone,3;4;5;6;7,9,,,,,,True,,,,
20,10,_original_nint128_seed28,6,6,4,0;1;6;7;8;9,False,True,monotone,0;1;6;7;8,9,,,,,,True,,,,
20,10,_original_nint128_seed28,6,6,4,1;2;3;4;5;6,False,True,monotone,1;3;4;5;6,2,,,,,,True,,,,
20,10,_original_nint128_seed28,6,6,4,0;1;2;4;7;8,False,True,monotone,0;1;4;7;8,2,,,,,,True,,,,
20,10,_original_nint128_seed28,6,6,4,0;1;4;7;8;9,False,True,monotone,0;1;4;7;8,9,,,,,,True,,,,
20,10,_original_nint128_seed28,6,6,4,0;2;4;5;6;7,False,True,monotone,0;4;5;6;7,2,,,,,,True,,,,
20,10,_original_nint128_seed28,6,6,4,0;2;3;4;6;8,False,True,monotone,0;2;3;6;8,4,,,,,,True,,,,
20,10,_original_nint128_seed28,6,6,4,0;2;3;6;8;9,False,True,monotone,0;2;3;6;8,9,,,,,,True,,,,
20,10,_original_nint128_seed28,6,6,4,2;3;4;6;7;8,False,True,monotone,2;3;4;7;8,6,,,,,,True,,,,
20,10,_original_nint128_seed28,6,6,4,0;4;5;6;8;9,False,True,monotone,4;5;6;8;9,0,,,,,,True,,,,
20,10,_original_nint128_seed28,6,6,4,2;4;5;6;8;9,False,True,monotone,4;5;6;8;9,2,,,,,,True,,,,
20,10,_original_nint128_seed28,6,6,4,0;3;4;5;7;9,False,True,monotone,0;4;5;7;9,3,,,,,,True,,,,
20,10,_original_nint128_seed28,6,6,4,0;4;5;7;8;9,False,True,monotone,0;4;5;7;9,8,,,,,,True,,,,
20,10,_original_nint128_seed28,6,6,4,0;2;3;5;7;9,False,True,monotone,0;2;3;5;7,9,,,,,,True,,,,
20,10,_original_nint128_seed28,6,6,4,0;1;4;5;8;9,False,True,monotone,1;4;5;8;9,0,,,,,,True,,,,
20,10,_original_nint128_seed28,6,6,4,1;2;4;5;8;9,False,True,monotone,1;4;5;8;9,2,,,,,,True,,,,
20,10,_original_nint128_seed28,6,6,4,1;3;5;7;8;9,False,True,monotone,1;3;5;7;8,9,,,,,,True,,,,
20,10,_original_nint128_seed28,6,6,4,0;2;3;4;6;9,False,True,monotone,0;2;3;6;9,4,,,,,,True,,,,
20,10,_original_nint128_seed28,6,6,4,0;1;3;6;8;9,False,True,monotone,0;1;3;6;8,9,,,,,,True,,,,
20,10,_original_nint128_seed28,6,6,4,1;2;4;6;7;9,False,True,monotone,1;2;6;7;9,4,,,,,,True,,,,
20,10,_original_nint128_seed28,6,6,4,0;2;3;7;8;9,False,True,monotone,0;2;3;7;9,8,,,,,,True,,,,
20,10,_original_nint128_seed28,6,6,4,0;2;5;7;8;9,False,True,monotone,2;5;7;8;9,0,,,,,,True,,,,
20,10,_original_nint128_seed28,6,6,4,2;3;5;7;8;9,False,True,monotone,2;5;7;8;9,3,,,,,,True,,,,
20,10,_original_nint128_seed28,6,6,4,0;2;5;6;8;9,False,True,monotone,2;5;6;8;9,0,,,,,,True,,,,
20,10,_original_nint128_seed28,6,6,4,0;3;4;7;8;9,False,True,monotone,0;3;4;7;8,9,,,,,,True,,,,
20,10,_original_nint128_seed28,6,6,4,0;1;2;3;8;9,False,True,monotone,1;2;3;8;9,0,,,,,,True,,,,
20,10,_original_nint128_seed28,6,6,4,1;2;3;4;8;9,False,True,monotone,1;2;3;8;9,4,,,,,,True,,,,
20,10,_original_nint128_seed28,6,6,4,2;3;4;5;6;9,False,True,monotone,2;3;5;6;9,4,,,,,,True,,,,
20,10,_original_nint128_seed28,6,6,4,0;5;6;7;8;9,False,True,monotone,0;5;6;7;8,9,,,,,,True,,,,
20,10,_original_nint128_seed28,6,6,4,0;1;2;3;4;5,False,True,monotone,0;1;2;3;5,4,,,,,,True,,,,
20,10,_original_nint128_seed28,6,6,4,1;2;4;5;6;7,False,True,monotone,1;2;5;6;7,4,,,,,,True,,,,
20,10,_original_nint128_seed28,6,6,4,3;4;5;7;8;9,False,True,monotone,3;4;7;8;9,5,,,,,,True,,,,
20,10,_original_nint128_seed28,6,6,4,0;2;4;5;6;8,False,True,monotone,0;2;5;6;8,4,,,,,,True,,,,
20,10,_original_nint128_seed28,6,6,4,0;3;4;6;8;9,False,True,monotone,0;3;4;6;9,8,,,,,,True,,,,
20,10,_original_nint128_seed28,6,6,4,1;2;4;5;6;8,False,True,monotone,1;2;5;6;8,4,,,,,,True,,,,
20,10,_original_nint128_seed28,6,6,4,0;2;4;6;7;8,False,True,monotone,0;2;6;7;8,4,,,,,,True,,,,
20,10,_original_nint128_seed28,6,6,4,0;2;6;7;8;9,False,True,monotone,0;2;6;7;8,9,,,,,,True,,,,
20,10,_original_nint128_seed28,6,6,4,0;1;2;4;5;7,False,True,monotone,0;1;2;5;7,4,,,,,,True,,,,
20,10,_original_nint128_seed28,6,6,4,0;1;3;5;8;9,False,True,monotone,1;3;5;8;9,0,,,,,,True,,,,
20,10,_original_nint128_seed28,6,6,4,1;2;3;4;5;7,False,True,monotone,1;3;4;5;7,2,,,,,,True,,,,
20,10,_original_nint128_seed28,6,6,4,1;3;4;5;7;9,False,True,monotone,1;3;4;5;7,9,,,,,,True,,,,
20,10,_original_nint128_seed28,6,6,4,0;2;4;7;8;9,False,True,monotone,2;4;7;8;9,0,,,,,,True,,,,
20,10,_original_nint128_seed28,6,6,4,2;4;6;7;8;9,False,True,monotone,2;4;7;8;9,6,,,,,,True,,,,
20,10,_original_nint128_seed28,6,6,4,0;1;2;4;6;8,False,True,monotone,0;1;4;6;8,2,,,,,,True,,,,
20,10,_original_nint128_seed28,6,6,4,0;1;4;6;8;9,False,True,monotone,0;1;4;6;8,9,,,,,,True,,,,
20,10,_original_nint128_seed28,6,6,4,0;1;2;3;4;6,False,True,monotone,0;1;3;4;6,2,,,,,,True,,,,
20,10,_original_nint128_seed28,6,6,4,1;2;4;5;7;9,False,True,monotone,2;4;5;7;9,1,,,,,,True,,,,
20,10,_original_nint128_seed28,6,6,4,0;3;4;5;8;9,False,True,monotone,0;3;4;5;8,9,,,,,,True,,,,
20,10,_original_nint128_seed28,6,6,4,1;2;4;5;7;8,False,True,monotone,1;4;5;7;8,2,,,,,,True,,,,
20,10,_original_nint128_seed28,6,6,4,0;1;2;4;7;9,False,True,monotone,0;2;4;7;9,1,,,,,,True,,,,
20,10,_original_nint128_seed28,6,6,4,0;2;4;6;7;9,False,True,monotone,0;2;4;7;9,6,,,,,,True,,,,
20,10,_original_nint128_seed28,6,6,4,0;1;3;5;7;9,False,True,monotone,0;1;3;5;9,7,,,,,,True,,,,
20,10,_original_nint128_seed28,6,6,4,2;3;4;6;8;9,False,True,monotone,3;4;6;8;9,2,,,,,,True,,,,
20,10,_original_nint128_seed28,6,6,4,1;2;3;4;5;9,False,True,monotone,1;3;4;5;9,2,,,,,,True,,,,
20,10,_original_nint128_seed28,6,6,4,1;2;3;4;5;8,False,True,monotone,2;3;4;5;8,1,,,,,,True,,,,
20,10,_original_nint128_seed28,6,6,4,2;3;4;5;6;8,False,True,monotone,2;3;4;5;8,6,,,,,,True,,,,
20,10,_original_nint128_seed28,6,6,4,0;1;2;3;4;9,False,True,monotone,0;1;2;3;9,4,,,,,,True,,,,
20,10,_original_nint128_seed28,6,6,4,0;1;3;7;8;9,False,True,monotone,0;1;3;7;8,9,,,,,,True,,,,
20,10,_original_nint128_seed28,6,6,4,1;2;3;5;7;9,False,True,monotone,1;2;3;5;9,7,,,,,,True,,,,
20,10,_original_nint128_seed28,6,6,4,0;3;5;6;7;9,False,True,monotone,0;3;5;6;7,9,,,,,,True,,,,
20,10,_original_nint128_seed28,6,6,4,0;1;2;5;8;9,False,True,monotone,1;2;5;8;9,0,,,,,,True,,,,
20,10,_original_nint128_seed28,6,6,4,0;3;6;7;8;9,False,True,monotone,0;3;6;7;8,9,,,,,,True,,,,
20,10,_original_nint128_seed28,6,6,4,0;1;2;3;4;8,False,True,monotone,0;2;3;4;8,1,,,,,,True,,,,
20,10,_original_nint128_seed28,6,6,4,0;2;3;4;8;9,False,True,monotone,0;2;3;4;8,9,,,,,,True,,,,
20,10,_original_nint128_seed28,6,6,4,1;2;3;4;6;8,False,True,monotone,1;2;3;6;8,4,,,,,,True,,,,
20,10,_original_nint128_seed28,6,6,4,1;2;3;4;6;9,False,True,monotone,1;3;4;6;9,2,,,,,,True,,,,
20,10,_original_nint128_seed28,6,6,4,0;2;3;5;8;9,False,True,monotone,0;2;3;5;9,8,,,,,,True,,,,
20,10,_original_nint128_seed28,6,6,4,0;3;5;7;8;9,False,True,monotone,0;3;5;7;8,9,,,,,,True,,,,
20,10,_original_nint128_seed28,6,6,4,1;3;5;6;7;9,False,True,monotone,1;5;6;7;9,3,,,,,,True,,,,
20,10,_original_nint128_seed28,6,6,4,0;4;6;7;8;9,False,True,monotone,4;6;7;8;9,0,,,,,,True,,,,
20,10,_original_nint128_seed28,6,6,4,0;1;5;7;8;9,False,True,monotone,0;1;5;7;9,8,,,,,,True,,,,
20,10,_original_nint128_seed28,6,6,4,0;1;2;4;5;8,False,True,monotone,0;1;4;5;8,2,,,,,,True,,,,
20,10,_original_nint128_seed28,6,6,4,1;2;3;4;6;7,False,True,monotone,1;3;4;6;7,2,,,,,,True,,,,
20,10,_original_nint128_seed28,6,6,4,0;1;2;4;5;9,False,True,monotone,0;1;2;5;9,4,,,,,,True,,,,
20,10,_original_nint128_seed28,6,6,4,1;2;4;6;7;8,False,True,monotone,1;4;6;7;8,2,,,,,,True,,,,
20,10,_original_nint128_seed28,6,6,4,0;1;3;4;8;9,False,True,monotone,0;1;3;4;9,8,,,,,,True,,,,
20,10,_original_nint128_seed28,6,6,4,0;2;4;5;8;9,False,True,monotone,0;2;4;5;8,9,,,,,,True,,,,
20,10,_original_nint128_seed28,6,6,4,0;2;3;4;5;6,False,True,monotone,0;2;3;4;5,6,,,,,,True,,,,
20,10,_original_nint128_seed28,6,6,4,1;2;4;5;6;9,False,True,monotone,1;4;5;6;9,2,,,,,,True,,,,
20,10,_original_nint128_seed28,6,6,4,1;2;4;6;8;9,False,True,monotone,1;4;6;8;9,2,,,,,,True,,,,
20,10,_original_nint128_seed28,6,6,4,0;1;2;6;8;9,False,True,monotone,1;2;6;8;9,0,,,,,,True,,,,
20,10,_original_nint128_seed28,6,6,4,0;1;2;4;6;7,False,True,monotone,0;1;2;6;7,4,,,,,,True,,,,
20,10,_original_nint128_seed28,6,6,4,0;1;5;6;8;9,False,True,monotone,1;5;6;8;9,0,,,,,,True,,,,
20,10,_original_nint128_seed28,6,6,4,0;2;4;5;6;9,False,True,monotone,0;2;4;5;9,6,,,,,,True,,,,
20,10,_original_nint128_seed28,6,6,4,0;1;2;4;6;9,False,True,monotone,0;1;2;6;9,4,,,,,,True,,,,
20,10,_original_nint128_seed28,7,7,3,1;2;3;4;6;7;9,False,True,monotone,1;2;3;6;7;9,4,,,,,,True,,,,
20,10,_original_nint128_seed28,7,7,3,1;2;3;5;6;7;9,False,True,monotone,1;2;3;6;7;9,5,,,,,,True,,,,
20,10,_original_nint128_seed28,7,7,3,0;1;2;4;6;7;9,False,True,monotone,0;1;4;6;7;9,2,,,,,,True,,,,
20,10,_original_nint128_seed28,7,7,3,0;1;4;6;7;8;9,False,True,monotone,0;1;4;6;7;9,8,,,,,,True,,,,
20,10,_original_nint128_seed28,7,7,3,0;1;3;4;5;8;9,False,True,monotone,1;3;4;5;8;9,0,,,,,,True,,,,
20,10,_original_nint128_seed28,7,7,3,1;2;3;4;5;8;9,False,True,monotone,1;3;4;5;8;9,2,,,,,,True,,,,
20,10,_original_nint128_seed28,7,7,3,1;3;4;5;7;8;9,False,True,monotone,1;3;4;5;8;9,7,,,,,,True,,,,
20,10,_original_nint128_seed28,7,7,3,0;1;2;4;6;7;8,False,True,monotone,0;1;2;6;7;8,4,,,,,,True,,,,
20,10,_original_nint128_seed28,7,7,3,0;1;2;6;7;8;9,False,True,monotone,0;1;2;6;7;8,9,,,,,,True,,,,
20,10,_original_nint128_seed28,7,7,3,0;1;2;3;4;5;9,False,True,monotone,0;1;3;4;5;9,2,,,,,,True,,,,
20,10,_original_nint128_seed28,7,7,3,0;1;3;4;5;7;9,False,True,monotone,0;1;3;4;5;9,7,,,,,,True,,,,
20,10,_original_nint128_seed28,7,7,3,0;1;2;3;4;5;8,False,True,monotone,0;2;3;4;5;8,1,,,,,,True,,,,
20,10,_original_nint128_seed28,7,7,3,0;2;3;4;5;6;8,False,True,monotone,0;2;3;4;5;8,6,,,,,,True,,,,
20,10,_original_nint128_seed28,7,7,3,0;2;3;4;5;8;9,False,True,monotone,0;2;3;4;5;8,9,,,,,,True,,,,
20,10,_original_nint128_seed28,7,7,3,1;2;4;6;7;8;9,False,True,monotone,1;4;6;7;8;9,2,,,,,,True,,,,
20,10,_original_nint128_seed28,7,7,3,2;3;4;5;6;8;9,False,True,monotone,2;3;4;5;8;9,6,,,,,,True,,,,
20,10,_original_nint128_seed28,7,7,3,2;3;4;5;7;8;9,False,True,monotone,2;3;4;5;8;9,7,,,,,,True,,,,
20,10,_original_nint128_seed28,7,7,3,0;1;3;5;6;7;8,False,True,collision,0;1;3;5;7;8,6,,,,,,True,,,,
20,10,_original_nint128_seed28,7,7,3,0;1;3;5;7;8;9,False,True,monotone,0;1;3;5;7;8,9,,,,,,True,,,,
20,10,_original_nint128_seed28,7,7,3,0;1;2;3;7;8;9,False,True,monotone,1;2;3;7;8;9,0,,,,,,True,,,,
20,10,_original_nint128_seed28,7,7,3,1;2;3;4;7;8;9,False,True,monotone,1;2;3;7;8;9,4,,,,,,True,,,,
20,10,_original_nint128_seed28,7,7,3,1;2;3;5;7;8;9,False,True,monotone,1;2;3;7;8;9,5,,,,,,True,,,,
20,10,_original_nint128_seed28,7,7,3,0;1;2;4;5;6;8,False,True,monotone,0;1;4;5;6;8,2,,,,,,True,,,,
20,10,_original_nint128_seed28,7,7,3,0;1;4;5;6;8;9,False,True,monotone,0;1;4;5;6;8,9,,,,,,True,,,,
20,10,_original_nint128_seed28,7,7,3,0;1;2;4;5;7;8,False,True,monotone,0;2;4;5;7;8,1,,,,,,True,,,,
20,10,_original_nint128_seed28,7,7,3,0;2;4;5;6;7;8,False,True,monotone,0;2;4;5;7;8,6,,,,,,True,,,,
20,10,_original_nint128_seed28,7,7,3,0;2;4;5;7;8;9,False,True,monotone,0;2;4;5;7;8,9,,,,,,True,,,,
20,10,_original_nint128_seed28,7,7,3,0;1;3;5;6;7;9,False,True,monotone,0;1;3;6;7;9,5,,,,,,True,,,,
20,10,_original_nint128_seed28,7,7,3,0;1;3;6;7;8;9,False,True,monotone,0;1;3;6;7;9,8,,,,,,True,,,,
20,10,_original_nint128_seed28,7,7,3,1;2;3;4;5;6;8,False,True,monotone,1;2;3;5;6;8,4,,,,,,True,,,,
20,10,_original_nint128_seed28,7,7,3,0;2;5;6;7;8;9,False,True,monotone,0;2;5;6;7;8,9,,,,,,True,,,,
20,10,_original_nint128_seed28,7,7,3,1;2;3;4;5;7;8,False,True,monotone,1;2;3;5;7;8,4,,,,,,True,,,,
20,10,_original_nint128_seed28,7,7,3,0;3;4;6;7;8;9,False,True,monotone,3;4;6;7;8;9,0,,,,,,True,,,,
20,10,_original_nint128_seed28,7,7,3,2;3;4;6;7;8;9,False,True,monotone,3;4;6;7;8;9,2,,,,,,True,,,,
20,10,_original_nint128_seed28,7,7,3,3;4;5;6;7;8;9,False,True,monotone,3;4;6;7;8;9,5,,,,,,True,,,,
20,10,_original_nint128_seed28,7,7,3,0;1;2;3;4;6;8,False,True,monotone,0;1;2;3;6;8,4,,,,,,True,,,,
20,10,_original_nint128_seed28,7,7,3,0;1;2;3;6;8;9,False,True,monotone,0;1;2;3;6;8,9,,,,,,True,,,,
20,10,_original_nint128_seed28,7,7,3,0;1;2;3;5;7;9,False,True,monotone,0;1;2;5;7;9,3,,,,,,True,,,,
20,10,_original_nint128_seed28,7,7,3,0;1;2;4;5;7;9,False,True,monotone,0;1;2;5;7;9,4,,,,,,True,,,,
20,10,_original_nint128_seed28,7,7,3,0;1;2;5;7;8;9,False,True,monotone,0;1;2;5;7;9,8,,,,,,True,,,,
20,10,_original_nint128_seed28,7,7,3,0;2;3;4;6;7;8,False,True,monotone,0;3;4;6;7;8,2,,,,,,True,,,,
20,10,_original_nint128_seed28,7,7,3,0;1;2;3;4;5;7,False,True,monotone,0;1;3;4;5;7,2,,,,,,True,,,,
20,10,_original_nint128_seed28,7,7,3,1;2;4;5;6;7;9,False,True,monotone,1;2;5;6;7;9,4,,,,,,True,,,,
20,10,_original_nint128_seed28,7,7,3,0;1;3;5;6;8;9,False,True,monotone,0;1;3;5;6;8,9,,,,,,True,,,,
20,10,_original_nint128_seed28,7,7,3,0;3;4;5;6;8;9,False,True,monotone,3;4;5;6;8;9,0,,,,,,True,,,,
20,10,_original_nint128_seed28,7,7,3,0;1;2;3;4;5;6,False,True,monotone,0;1;3;4;5;6,2,,,,,,True,,,,
20,10,_original_nint128_seed28,7,7,3,0;1;2;4;5;6;9,False,True,monotone,0;1;2;5;6;9,4,,,,,,True,,,,
20,10,_original_nint128_seed28,7,7,3,0;1;2;5;6;8;9,False,True,monotone,0;1;2;5;6;9,8,,,,,,True,,,,
20,10,_original_nint128_seed28,7,7,3,2;3;4;5;6;7;8,False,True,monotone,3;4;5;6;7;8,2,,,,,,True,,,,
20,10,_original_nint128_seed28,7,7,3,1;2;4;5;7;8;9,False,True,monotone,1;2;5;7;8;9,4,,,,,,True,,,,
20,10,_original_nint128_seed28,7,7,3,0;1;5;6;7;8;9,False,True,monotone,0;1;5;6;7;9,8,,,,,,True,,,,
20,10,_original_nint128_seed28,7,7,3,1;3;5;6;7;8;9,False,True,monotone,1;3;6;7;8;9,5,,,,,,True,,,,
20,10,_original_nint128_seed28,7,7,3,2;3;5;6;7;8;9,False,True,monotone,2;3;5;6;7;8,9,,,,,,True,,,,
20,10,_original_nint128_seed28,7,7,3,0;2;3;4;5;7;9,False,True,monotone,0;2;4;5;7;9,3,,,,,,True,,,,
20,10,_original_nint128_seed28,7,7,3,0;2;4;5;6;7;9,False,True,monotone,0;2;4;5;7;9,6,,,,,,True,,,,
20,10,_original_nint128_seed28,7,7,3,0;1;4;5;7;8;9,False,True,monotone,0;1;4;5;7;8,9,,,,,,True,,,,
20,10,_original_nint128_seed28,7,7,3,0;4;5;6;7;8;9,False,True,monotone,0;4;5;6;7;8,9,,,,,,True,,,,
20,10,_original_nint128_seed28,7,7,3,0;2;3;4;5;6;9,False,True,monotone,0;2;3;5;6;9,4,,,,,,True,,,,
20,10,_original_nint128_seed28,7,7,3,0;2;3;5;6;7;9,False,True,monotone,0;2;3;5;6;9,7,,,,,,True,,,,
20,10,_original_nint128_seed28,7,7,3,0;2;3;5;6;8;9,False,True,monotone,0;2;3;5;6;9,8,,,,,,True,,,,
20,10,_original_nint128_seed28,7,7,3,1;2;3;4;5;6;7,False,True,monotone,1;3;4;5;6;7,2,,,,,,True,,,,
20,10,_original_nint128_seed28,7,7,3,1;3;4;5;6;7;9,False,True,monotone,1;3;4;5;6;7,9,,,,,,True,,,,
20,10,_original_nint128_seed28,7,7,3,0;1;2;4;5;6;7,False,True,monotone,0;1;2;5;6;7,4,,,,,,True,,,,
20,10,_original_nint128_seed28,7,7,3,0;1;2;3;5;8;9,False,True,monotone,1;2;3;5;8;9,0,,,,,,True,,,,
20,10,_original_nint128_seed28,7,7,3,0;1;2;3;4;6;9,False,True,monotone,0;1;2;3;6;9,4,,,,,,True,,,,
20,10,_original_nint128_seed28,7,7,3,1;2;4;5;6;8;9,False,True,monotone,1;4;5;6;8;9,2,,,,,,True,,,,
20,10,_original_nint128_seed28,7,7,3,0;1;2;3;4;7;8,False,True,monotone,0;1;2;3;7;8,4,,,,,,True,,,,
20,10,_original_nint128_seed28,7,7,3,0;2;3;4;5;6;7,False,True,monotone,0;2;3;5;6;7,4,,,,,,True,,,,
20,10,_original_nint128_seed28,7,7,3,0;1;2;3;4;7;9,False,True,monotone,0;1;3;4;7;9,2,,,,,,True,,,,
20,10,_original_nint128_seed28,7,7,3,0;1;3;4;7;8;9,False,True,monotone,0;1;3;4;7;9,8,,,,,,True,,,,
20,10,_original_nint128_seed28,7,7,3,0;3;4;5;6;7;9,False,True,monotone,0;4;5;6;7;9,3,,,,,,True,,,,
20,10,_original_nint128_seed28,7,7,3,1;2;3;4;5;6;9,False,True,monotone,1;3;4;5;6;9,2,,,,,,True,,,,
20,10,_original_nint128_seed28,7,7,3,0;2;3;4;6;7;9,False,True,monotone,0;2;3;4;7;9,6,,,,,,True,,,,
20,10,_original_nint128_seed28,7,7,3,0;2;3;4;7;8;9,False,True,monotone,0;2;3;4;7;9,8,,,,,,True,,,,
20,10,_original_nint128_seed28,7,7,3,1;2;4;5;6;7;8,False,True,monotone,1;4;5;6;7;8,2,,,,,,True,,,,
20,10,_original_nint128_seed28,7,7,3,0;1;2;3;4;6;7,False,True,monotone,0;1;2;3;6;7,4,,,,,,True,,,,
20,10,_original_nint128_seed28,7,7,3,0;2;3;5;7;8;9,False,True,monotone,0;2;3;5;7;8,9,,,,,,True,,,,
20,10,_original_nint128_seed28,7,7,3,0;3;5;6;7;8;9,False,True,monotone,0;3;5;6;7;8,9,,,,,,True,,,,
20,10,_original_nint128_seed28,7,7,3,0;3;4;5;7;8;9,False,True,monotone,0;3;4;5;7;8,9,,,,,,True,,,,
20,10,_original_nint128_seed28,7,7,3,2;4;5;6;7;8;9,False,True,monotone,2;5;6;7;8;9,4,,,,,,True,,,,
20,10,_original_nint128_seed28,7,7,3,0;1;3;4;6;8;9,False,True,monotone,1;3;4;6;8;9,0,,,,,,True,,,,
20,10,_original_nint128_seed28,7,7,3,1;2;3;4;6;8;9,False,True,monotone,1;3;4;6;8;9,2,,,,,,True,,,,
20,10,_original_nint128_seed28,7,7,3,1;2;3;4;6;7;8,False,True,monotone,1;3;4;6;7;8,2,,,,,,True,,,,
20,10,_original_nint128_seed28,7,7,3,0;2;3;6;7;8;9,False,True,monotone,2;3;6;7;8;9,0,,,,,,True,,,,
20,10,_original_nint128_seed28,8,8,2,0;1;2;3;4;5;6;8,False,True,monotone,0;1;2;3;5;6;8,4,,,,,,True,,,,
20,10,_original_nint128_seed28,8,8,2,0;1;2;3;5;6;7;8,False,True,monotone,0;1;2;3;5;6;8,7,,,,,,True,,,,
20,10,_original_nint128_seed28,8,8,2,0;1;2;3;5;6;8;9,False,True,monotone,0;1;2;3;5;6;8,9,,,,,,True,,,,
20,10,_original_nint128_seed28,8,8,2,0;1;2;3;4;5;7;8,False,True,monotone,0;1;2;3;5;7;8,4,,,,,,True,,,,
20,10,_original_nint128_seed28,8,8,2,0;1;2;3;5;7;8;9,False,True,monotone,0;1;2;3;5;7;8,9,,,,,,True,,,,
20,10,_original_nint128_seed28,8,8,2,0;1;2;4;5;6;7;9,False,True,monotone,0;1;4;5;6;7;9,2,,,,,,True,,,,
20,10,_original_nint128_seed28,8,8,2,0;1;3;4;5;6;7;9,False,True,monotone,0;1;4;5;6;7;9,3,,,,,,True,,,,
20,10,_original_nint128_seed28,8,8,2,0;1;4;5;6;7;8;9,False,True,monotone,0;1;4;5;6;7;9,8,,,,,,True,,,,
20,10,_original_nint128_seed28,8,8,2,0;1;2;4;5;6;7;8,False,True,monotone,0;1;2;5;6;7;8,4,,,,,,True,,,,
20,10,_original_nint128_seed28,8,8,2,0;1;2;5;6;7;8;9,False,True,monotone,0;1;2;5;6;7;8,9,,,,,,True,,,,
20,10,_original_nint128_seed28,8,8,2,0;1;3;4;5;6;7;8,False,True,monotone,0;1;3;4;5;7;8,6,,,,,,True,,,,
20,10,_original_nint128_seed28,8,8,2,0;1;3;4;5;7;8;9,False,True,monotone,0;1;3;4;5;7;8,9,,,,,,True,,,,
20,10,_original_nint128_seed28,8,8,2,0;1;2;3;4;5;6;7,False,True,monotone,0;1;2;3;5;6;7,4,,,,,,True,,,,
20,10,_original_nint128_seed28,8,8,2,0;1;2;3;5;6;7;9,False,True,monotone,0;1;2;3;5;6;7,9,,,,,,True,,,,
20,10,_original_nint128_seed28,8,8,2,1;2;3;5;6;7;8;9,False,True,monotone,1;2;5;6;7;8;9,3,,,,,,True,,,,
20,10,_original_nint128_seed28,8,8,2,1;2;4;5;6;7;8;9,False,True,monotone,1;2;5;6;7;8;9,4,,,,,,True,,,,
20,10,_original_nint128_seed28,8,8,2,0;1;3;4;5;6;8;9,False,True,monotone,0;1;3;4;5;6;8,9,,,,,,True,,,,
20,10,_original_nint128_seed28,8,8,2,1;2;3;4;5;6;8;9,False,True,monotone,1;3;4;5;6;8;9,2,,,,,,True,,,,
20,10,_original_nint128_seed28,8,8,2,1;3;4;5;6;7;8;9,False,True,monotone,1;3;4;5;6;8;9,7,,,,,,True,,,,
20,10,_original_nint128_seed28,8,8,2,0;1;2;3;4;6;7;9,False,True,monotone,0;1;3;4;6;7;9,2,,,,,,True,,,,
20,10,_original_nint128_seed28,8,8,2,0;1;3;4;6;7;8;9,False,True,monotone,0;1;3;4;6;7;9,8,,,,,,True,,,,
20,10,_original_nint128_seed28,8,8,2,0;2;3;4;5;6;7;8,False,True,monotone,0;2;3;4;5;7;8,6,,,,,,True,,,,
20,10,_original_nint128_seed28,8,8,2,0;2;3;4;5;7;8;9,False,True,monotone,0;2;3;4;5;7;8,9,,,,,,True,,,,
20,10,_original_nint128_seed28,8,8,2,0;1;2;3;6;7;8;9,False,True,monotone,1;2;3;6;7;8;9,0,,,,,,True,,,,
20,10,_original_nint128_seed28,8,8,2,1;2;3;4;6;7;8;9,False,True,monotone,1;2;3;6;7;8;9,4,,,,,,True,,,,
20,10,_original_nint128_seed28,8,8,2,0;1;2;3;4;5;6;9,False,True,monotone,0;1;2;3;5;6;9,4,,,,,,True,,,,
20,10,_original_nint128_seed28,8,8,2,0;1;2;3;4;6;7;8,False,True,monotone,0;1;3;4;6;7;8,2,,,,,,True,,,,
20,10,_original_nint128_seed28,8,8,2,0;3;4;5;6;7;8;9,False,True,monotone,0;3;4;5;6;7;8,9,,,,,,True,,,,
20,10,_original_nint128_seed28,8,8,2,1;2;3;4;5;6;7;8,False,True,monotone,1;3;4;5;6;7;8,2,,,,,,True,,,,
20,10,_original_nint128_seed28,8,8,2,0;2;3;5;6;7;8;9,False,True,monotone,0;2;3;5;6;7;8,9,,,,,,True,,,,
