M,P,option,depth,num_deleted,num_remaining_relu,deleted_set_str,is_leaf,is_rejected,reject_reason,parent_set_str,added_relu,num_clusters,edge_types,weighted_edges_total,num_self_absorbed_edges,num_fixed_nodes,fixed_collision,num_scc_ge3,largest_scc_size,cycle_penalty_ge3,is_minimal_num_clusters
20,10,_original_nint128_seed2,1,1,9,0,False,False,,,0,57.0,120.0,1258.0,9.0,5.0,False,1.0,57.0,57.0,False
20,10,_original_nint128_seed2,1,1,9,1,False,False,,,1,58.0,129.0,1351.0,4.0,5.0,False,1.0,58.0,58.0,False
20,10,_original_nint128_seed2,1,1,9,2,False,False,,,2,52.0,109.0,1301.0,17.0,5.0,False,1.0,52.0,52.0,False
20,10,_original_nint128_seed2,1,1,9,3,False,False,,,3,60.0,131.0,1348.0,5.0,5.0,False,1.0,60.0,60.0,False
20,10,_original_nint128_seed2,1,1,9,4,False,False,,,4,56.0,124.0,1316.0,11.0,5.0,False,1.0,56.0,56.0,False
20,10,_original_nint128_seed2,1,1,9,5,False,False,,,5,47.0,100.0,1053.0,21.0,5.0,False,1.0,47.0,47.0,False
20,10,_original_nint128_seed2,1,1,9,6,False,False,,,6,51.0,111.0,1093.0,11.0,5.0,False,1.0,51.0,51.0,False
20,10,_original_nint128_seed2,1,1,9,7,False,False,,,7,53.0,113.0,1299.0,14.0,5.0,False,1.0,53.0,53.0,False
20,10,_original_nint128_seed2,1,1,9,8,False,False,,,8,53.0,117.0,1326.0,12.0,5.0,False,1.0,53.0,53.0,False
20,10,_original_nint128_seed2,1,1,9,9,False,False,,,9,57.0,123.0,1334.0,9.0,5.0,False,1.0,57.0,57.0,False
20,10,_original_nint128_seed2,2,2,8,0;2,False,False,,2,0,44.0,91.0,1156.0,26.0,5.0,False,1.0,44.0,44.0,False
20,10,_original_nint128_seed2,2,2,8,1;2,False,False,,2,1,46.0,99.0,1240.0,23.0,5.0,False,1.0,46.0,46.0,False
20,10,_original_nint128_seed2,2,2,8,2;3,False,False,,2,3,46.0,100.0,1246.0,22.0,5.0,False,1.0,46.0,46.0,False
20,10,_original_nint128_seed2,2,2,8,2;4,False,False,,2,4,42.0,94.0,1214.0,28.0,5.0,False,1.0,42.0,42.0,False
20,10,_original_nint128_seed2,2,2,8,2;5,False,False,,5,2,36.0,75.0,948.0,41.0,5.0,False,1.0,36.0,36.0,False
20,10,_original_nint128_seed2,2,2,8,2;6,False,False,,2,6,38.0,81.0,990.0,29.0,5.0,False,1.0,38.0,38.0,False
20,10,_original_nint128_seed2,2,2,8,2;7,False,False,,2,7,41.0,86.0,1195.0,32.0,5.0,False,1.0,41.0,41.0,False
20,10,_original_nint128_seed2,2,2,8,2;8,False,False,,2,8,41.0,92.0,1223.0,30.0,5.0,False,1.0,41.0,41.0,False
20,10,_original_nint128_seed2,2,2,8,2;9,False,False,,2,9,43.0,92.0,1232.0,26.0,5.0,False,1.0,43.0,43.0,False
20,10,_original_nint128_seed2,2,2,8,0;9,False,False,,0,9,49.0,105.0,1184.0,19.0,5.0,False,1.0,49.0,49.0,False
20,10,_original_nint128_seed2,2,2,8,1;9,False,False,,9,1,49.0,112.0,1282.0,13.0,5.0,False,1.0,49.0,49.0,False
20,10,_original_nint128_seed2,2,2,8,3;9,False,False,,9,3,49.0,112.0,1279.0,14.0,5.0,False,1.0,49.0,49.0,False
20,10,_original_nint128_seed2,2,2,8,4;9,False,False,,9,4,48.0,109.0,1246.0,21.0,5.0,False,1.0,48.0,48.0,False
20,10,_original_nint128_seed2,2,2,8,5;9,False,False,,5,9,39.0,86.0,983.0,31.0,5.0,False,1.0,39.0,39.0,False
20,10,_original_nint128_seed2,2,2,8,6;9,False,False,,6,9,40.0,93.0,1023.0,21.0,5.0,False,1.0,40.0,40.0,False
20,10,_original_nint128_seed2,2,2,8,7;9,False,False,,7,9,44.0,96.0,1230.0,23.0,5.0,False,1.0,44.0,44.0,False
20,10,_original_nint128_seed2,2,2,8,8;9,False,False,,8,9,45.0,101.0,1257.0,21.0,5.0,False,1.0,45.0,45.0,False
20,10,_original_nint128_seed2,2,2,8,0;8,False,False,,8,0,46.0,99.0,1178.0,23.0,5.0,False,1.0,46.0,46.0,False
20,10,_original_nint128_seed2,2,2,8,1;8,False,False,,8,1,42.0,103.0,1274.0,16.0,5.0,False,1.0,42.0,42.0,False
20,10,_original_nint128_seed2,2,2,8,3;8,False,False,,8,3,48.0,109.0,1271.0,17.0,5.0,False,1.0,48.0,48.0,False
20,10,_original_nint128_seed2,2,2,8,4;8,False,False,,8,4,45.0,102.0,1239.0,23.0,5.0,False,1.0,45.0,45.0,False
20,10,_original_nint128_seed2,2,2,8,5;8,False,False,,5,8,36.0,78.0,976.0,33.0,5.0,False,1.0,36.0,36.0,False
20,10,_original_nint128_seed2,2,2,8,6;8,False,False,,6,8,40.0,88.0,1016.0,23.0,5.0,False,1.0,40.0,40.0,False
20,10,_original_nint128_seed2,2,2,8,7;8,False,False,,7,8,40.0,90.0,1222.0,26.0,5.0,False,1.0,40.0,40.0,False
20,10,_original_nint128_seed2,2,2,8,0;7,False,False,,7,0,44.0,93.0,1154.0,23.0,5.0,False,1.0,44.0,44.0,False
20,10,_original_nint128_seed2,2,2,8,1;7,False,False,,7,1,48.0,105.0,1243.0,19.0,5.0,False,1.0,48.0,48.0,False
20,10,_original_nint128_seed2,2,2,8,3;7,False,False,,7,3,49.0,107.0,1244.0,19.0,5.0,False,1.0,49.0,49.0,False
20,10,_original_nint128_seed2,2,2,8,4;7,False,False,,7,4,43.0,97.0,1212.0,25.0,5.0,False,1.0,43.0,43.0,False
20,10,_original_nint128_seed2,2,2,8,5;7,False,False,,5,7,38.0,76.0,949.0,35.0,5.0,False,1.0,38.0,38.0,False
20,10,_original_nint128_seed2,2,2,8,6;7,False,False,,6,7,41.0,90.0,986.0,27.0,5.0,False,1.0,41.0,41.0,False
20,10,_original_nint128_seed2,2,2,8,0;3,False,False,,0,3,51.0,111.0,1202.0,15.0,5.0,False,1.0,51.0,51.0,False
20,10,_original_nint128_seed2,2,2,8,1;3,False,False,,1,3,52.0,120.0,1296.0,9.0,5.0,False,1.0,52.0,52.0,False
20,10,_original_nint128_seed2,2,2,8,3;4,False,False,,4,3,50.0,115.0,1261.0,16.0,5.0,False,1.0,50.0,50.0,False
20,10,_original_nint128_seed2,2,2,8,3;5,False,False,,5,3,42.0,92.0,997.0,27.0,5.0,False,1.0,42.0,42.0,False
20,10,_original_nint128_seed2,2,2,8,3;6,False,False,,6,3,43.0,99.0,1038.0,16.0,5.0,False,1.0,43.0,43.0,False
20,10,_original_nint128_seed2,2,2,8,0;1,False,False,,0,1,49.0,109.0,1206.0,13.0,5.0,False,1.0,49.0,49.0,False
20,10,_original_nint128_seed2,2,2,8,1;4,False,False,,4,1,48.0,113.0,1264.0,15.0,5.0,False,1.0,48.0,48.0,False
20,10,_original_nint128_seed2,2,2,8,1;5,False,False,,5,1,39.0,88.0,1001.0,25.0,5.0,False,1.0,39.0,39.0,False
20,10,_original_nint128_seed2,2,2,8,1;6,False,False,,6,1,44.0,97.0,1041.0,15.0,5.0,False,1.0,44.0,44.0,False
20,10,_original_nint128_seed2,2,2,8,0;6,False,False,,6,0,43.0,91.0,947.0,21.0,5.0,False,1.0,43.0,43.0,False
20,10,_original_nint128_seed2,2,2,8,4;6,False,False,,6,4,41.0,95.0,1006.0,22.0,5.0,False,1.0,41.0,41.0,False
20,10,_original_nint128_seed2,2,2,8,5;6,False,False,,5,6,36.0,76.0,740.0,35.0,5.0,False,1.0,36.0,36.0,False
20,10,_original_nint128_seed2,2,2,8,0;5,False,False,,5,0,40.0,83.0,902.0,31.0,5.0,False,1.0,40.0,40.0,False
20,10,_original_nint128_seed2,2,2,8,4;5,False,False,,5,4,39.0,88.0,963.0,33.0,5.0,False,1.0,39.0,39.0,False
20,10,_original_nint128_seed2,2,2,8,0;4,False,False,,0,4,46.0,102.0,1171.0,20.0,5.0,False,1.0,46.0,46.0,False
20,10,_original_nint128_seed2,3,3,7,0;2;8,False,False,,0;2,8,35.0,76.0,1075.0,41.0,5.0,False,1.0,35.0,35.0,False
20,10,_original_nint128_seed2,3,3,7,1;2;8,False,False,,2;8,1,30.0,78.0,1162.0,36.0,5.0,False,1.0,30.0,30.0,False
20,10,_original_nint128_seed2,3,3,7,2;3;8,False,False,,2;8,3,36.0,84.0,1168.0,35.0,5.0,False,1.0,36.0,36.0,False
20,10,_original_nint128_seed2,3,3,7,2;4;8,False,False,,2;8,4,33.0,78.0,1136.0,41.0,5.0,False,1.0,33.0,33.0,False
20,10,_original_nint128_seed2,3,3,7,2;5;8,False,False,,2;5,8,27.0,59.0,870.0,54.0,5.0,False,1.0,27.0,27.0,False
20,10,_original_nint128_seed2,3,3,7,2;6;8,False,False,,2;6,8,29.0,64.0,912.0,42.0,5.0,False,1.0,29.0,29.0,False
20,10,_original_nint128_seed2,3,3,7,2;7;8,False,False,,2;7,8,30.0,69.0,1117.0,45.0,5.0,False,1.0,30.0,30.0,False
20,10,_original_nint128_seed2,3,3,7,2;8;9,False,False,,2;8,9,33.0,76.0,1154.0,39.0,5.0,False,1.0,33.0,33.0,False
20,10,_original_nint128_seed2,3,3,7,0;1;4,False,False,,0;4,1,38.0,91.0,1119.0,24.0,5.0,False,1.0,38.0,38.0,False
20,10,_original_nint128_seed2,3,3,7,1;2;4,False,False,,2;4,1,36.0,84.0,1153.0,34.0,5.0,False,1.0,36.0,36.0,False
20,10,_original_nint128_seed2,3,3,7,1;3;4,False,False,,1;4,3,42.0,104.0,1209.0,20.0,5.0,False,1.0,42.0,42.0,False
20,10,_original_nint128_seed2,3,3,7,1;4;5,False,False,,1;5,4,32.0,76.0,911.0,37.0,5.0,False,1.0,32.0,32.0,False
20,10,_original_nint128_seed2,3,3,7,1;4;6,False,False,,4;6,1,35.0,82.0,954.0,26.0,5.0,False,1.0,35.0,35.0,False
20,10,_original_nint128_seed2,3,3,7,1;4;7,False,False,,4;7,1,38.0,89.0,1156.0,30.0,5.0,False,1.0,38.0,38.0,False
20,10,_original_nint128_seed2,3,3,7,1;4;8,False,False,,4;8,1,35.0,88.0,1187.0,27.0,5.0,False,1.0,35.0,35.0,False
20,10,_original_nint128_seed2,3,3,7,1;4;9,False,False,,4;9,1,40.0,98.0,1194.0,25.0,5.0,False,1.0,40.0,40.0,False
20,10,_original_nint128_seed2,3,3,7,0;4;6,False,False,,0;6,4,32.0,73.0,860.0,32.0,5.0,False,1.0,32.0,32.0,False
20,10,_original_nint128_seed2,3,3,7,2;4;6,False,False,,2;6,4,29.0,66.0,903.0,40.0,5.0,False,1.0,29.0,29.0,False
20,10,_original_nint128_seed2,3,3,7,3;4;6,False,False,,4;6,3,34.0,84.0,951.0,27.0,5.0,False,1.0,34.0,34.0,False
20,10,_original_nint128_seed2,3,3,7,4;5;6,False,False,,5;6,4,28.0,64.0,650.0,47.0,5.0,False,1.0,28.0,28.0,False
20,10,_original_nint128_seed2,3,3,7,4;6;7,False,False,,6;7,4,31.0,74.0,899.0,38.0,5.0,False,1.0,31.0,31.0,False
20,10,_original_nint128_seed2,3,3,7,4;6;8,False,False,,6;8,4,32.0,73.0,929.0,34.0,5.0,False,1.0,32.0,32.0,False
20,10,_original_nint128_seed2,3,3,7,4;6;9,False,False,,6;9,4,32.0,80.0,935.0,33.0,5.0,False,1.0,32.0,32.0,False
20,10,_original_nint128_seed2,3,3,7,0;2;3,False,False,,0;2,3,38.0,82.0,1100.0,32.0,5.0,False,1.0,38.0,38.0,False
20,10,_original_nint128_seed2,3,3,7,1;2;3,False,False,,1;2,3,40.0,90.0,1185.0,28.0,5.0,False,1.0,40.0,40.0,False
20,10,_original_nint128_seed2,3,3,7,2;3;4,False,False,,2;4,3,36.0,84.0,1159.0,33.0,5.0,False,1.0,36.0,36.0,False
20,10,_original_nint128_seed2,3,3,7,2;3;5,False,False,,2;5,3,31.0,67.0,892.0,47.0,5.0,False,1.0,31.0,31.0,False
20,10,_original_nint128_seed2,3,3,7,2;3;6,False,False,,2;6,3,31.0,70.0,935.0,34.0,5.0,False,1.0,31.0,31.0,False
20,10,_original_nint128_seed2,3,3,7,2;3;7,False,False,,2;7,3,37.0,80.0,1140.0,37.0,5.0,False,1.0,37.0,37.0,False
20,10,_original_nint128_seed2,3,3,7,2;3;9,False,False,,2;9,3,36.0,82.0,1177.0,31.0,5.0,False,1.0,36.0,36.0,False
20,10,_original_nint128_seed2,3,3,7,0;3;9,False,False,,0;9,3,41.0,94.0,1126.0,26.0,5.0,False,1.0,41.0,41.0,False
20,10,_original_nint128_seed2,3,3,7,1;3;9,False,False,,1;9,3,41.0,101.0,1227.0,18.0,5.0,False,1.0,41.0,41.0,False
20,10,_original_nint128_seed2,3,3,7,3;4;9,False,False,,4;9,3,41.0,99.0,1191.0,26.0,5.0,False,1.0,41.0,41.0,False
20,10,_original_nint128_seed2,3,3,7,3;5;9,False,False,,5;9,3,32.0,75.0,927.0,37.0,5.0,False,1.0,32.0,32.0,False
20,10,_original_nint128_seed2,3,3,7,3;6;9,False,False,,6;9,3,33.0,81.0,968.0,26.0,5.0,False,1.0,33.0,33.0,False
20,10,_original_nint128_seed2,3,3,7,3;7;9,False,False,,7;9,3,38.0,88.0,1175.0,28.0,5.0,False,1.0,38.0,38.0,False
20,10,_original_nint128_seed2,3,3,7,3;8;9,False,False,,8;9,3,38.0,90.0,1202.0,26.0,5.0,False,1.0,38.0,38.0,False
20,10,_original_nint128_seed2,3,3,7,0;2;6,False,False,,2;6,0,31.0,63.0,844.0,39.0,5.0,False,1.0,31.0,31.0,False
20,10,_original_nint128_seed2,3,3,7,1;2;6,False,False,,2;6,1,33.0,71.0,928.0,36.0,5.0,False,1.0,33.0,33.0,False
20,10,_original_nint128_seed2,3,3,7,2;5;6,False,False,,2;5,6,26.0,53.0,634.0,56.0,5.0,False,1.0,26.0,26.0,False
20,10,_original_nint128_seed2,3,3,7,2;6;7,False,False,,2;6,7,30.0,66.0,881.0,46.0,5.0,False,1.0,30.0,30.0,False
20,10,_original_nint128_seed2,3,3,7,2;6;9,False,False,,2;6,9,28.0,63.0,920.0,39.0,5.0,False,1.0,28.0,28.0,False
20,10,_original_nint128_seed2,3,3,7,0;4;5,False,False,,0;5,4,32.0,71.0,812.0,43.0,5.0,False,1.0,32.0,32.0,False
20,10,_original_nint128_seed2,3,3,7,2;4;5,False,False,,2;5,4,28.0,64.0,858.0,53.0,5.0,False,1.0,28.0,28.0,False
20,10,_original_nint128_seed2,3,3,7,3;4;5,False,False,,4;5,3,34.0,80.0,907.0,39.0,5.0,False,1.0,34.0,34.0,False
20,10,_original_nint128_seed2,3,3,7,4;5;7,False,False,,5;7,4,30.0,64.0,859.0,47.0,5.0,False,1.0,30.0,30.0,False
20,10,_original_nint128_seed2,3,3,7,4;5;8,False,False,,5;8,4,30.0,68.0,886.0,45.0,5.0,False,1.0,30.0,30.0,False
20,10,_original_nint128_seed2,3,3,7,4;5;9,False,False,,5;9,4,32.0,76.0,892.0,44.0,5.0,False,1.0,32.0,32.0,False
20,10,_original_nint128_seed2,3,3,7,0;7;9,False,False,,0;7,9,36.0,78.0,1080.0,33.0,5.0,False,1.0,36.0,36.0,False
20,10,_original_nint128_seed2,3,3,7,1;7;9,False,False,,7;9,1,39.0,88.0,1174.0,28.0,5.0,False,1.0,39.0,39.0,False
20,10,_original_nint128_seed2,3,3,7,2;7;9,False,False,,2;7,9,32.0,69.0,1126.0,41.0,5.0,False,1.0,32.0,32.0,False
20,10,_original_nint128_seed2,3,3,7,4;7;9,False,False,,7;9,4,35.0,82.0,1142.0,35.0,5.0,False,1.0,35.0,35.0,False
20,10,_original_nint128_seed2,3,3,7,5;7;9,False,False,,5;7,9,30.0,62.0,879.0,45.0,5.0,False,1.0,30.0,30.0,False
20,10,_original_nint128_seed2,3,3,7,6;7;9,False,False,,6;7,9,30.0,72.0,916.0,37.0,5.0,False,1.0,30.0,30.0,False
20,10,_original_nint128_seed2,3,3,7,7;8;9,False,False,,7;8,9,32.0,74.0,1153.0,35.0,5.0,False,1.0,32.0,32.0,False
20,10,_original_nint128_seed2,3,3,7,0;7;8,False,False,,7;8,0,33.0,72.0,1074.0,37.0,5.0,False,1.0,33.0,33.0,False
20,10,_original_nint128_seed2,3,3,7,1;7;8,False,False,,7;8,1,32.0,79.0,1166.0,31.0,5.0,False,1.0,32.0,32.0,False
20,10,_original_nint128_seed2,3,3,7,3;7;8,False,False,,7;8,3,37.0,85.0,1167.0,31.0,5.0,False,1.0,37.0,37.0,False
20,10,_original_nint128_seed2,3,3,7,4;7;8,False,False,,7;8,4,32.0,75.0,1135.0,37.0,5.0,False,1.0,32.0,32.0,False
20,10,_original_nint128_seed2,3,3,7,5;7;8,False,False,,5;7,8,27.0,54.0,872.0,47.0,5.0,False,1.0,27.0,27.0,False
20,10,_original_nint128_seed2,3,3,7,6;7;8,False,False,,6;8,7,30.0,67.0,909.0,39.0,5.0,False,1.0,30.0,30.0,False
20,10,_original_nint128_seed2,3,3,7,0;1;5,False,False,,0;5,1,32.0,71.0,850.0,35.0,5.0,False,1.0,32.0,32.0,False
20,10,_original_nint128_seed2,3,3,7,0;2;5,False,False,,2;5,0,30.0,60.0,797.0,51.0,5.0,False,1.0,30.0,30.0,False
20,10,_original_nint128_seed2,3,3,7,0;3;5,False,False,,0;5,3,35.0,75.0,845.0,38.0,5.0,False,1.0,35.0,35.0,False
20,10,_original_nint128_seed2,3,3,7,0;5;6,False,False,,5;6,0,30.0,60.0,588.0,46.0,5.0,False,1.0,30.0,30.0,False
20,10,_original_nint128_seed2,3,3,7,0;5;7,False,False,,5;7,0,31.0,59.0,798.0,45.0,5.0,False,1.0,31.0,31.0,False
20,10,_original_nint128_seed2,3,3,7,0;5;8,False,False,,5;8,0,31.0,66.0,822.0,45.0,5.0,False,1.0,31.0,31.0,False
20,10,_original_nint128_seed2,3,3,7,0;5;9,False,False,,0;5,9,33.0,72.0,827.0,42.0,5.0,False,1.0,33.0,33.0,False
20,10,_original_nint128_seed2,3,3,7,2;4;9,False,False,,2;9,4,35.0,79.0,1144.0,38.0,5.0,False,1.0,35.0,35.0,False
20,10,_original_nint128_seed2,3,3,7,4;8;9,False,False,,8;9,4,38.0,88.0,1169.0,33.0,5.0,False,1.0,38.0,38.0,False
20,10,_original_nint128_seed2,3,3,7,0;2;9,False,False,,0;2,9,36.0,76.0,1082.0,36.0,5.0,False,1.0,36.0,36.0,False
20,10,_original_nint128_seed2,3,3,7,1;2;9,False,False,,2;9,1,37.0,82.0,1171.0,32.0,5.0,False,1.0,37.0,37.0,False
20,10,_original_nint128_seed2,3,3,7,2;5;9,False,False,,2;5,9,28.0,61.0,878.0,51.0,5.0,False,1.0,28.0,28.0,False
20,10,_original_nint128_seed2,3,3,7,1;5;9,False,False,,5;9,1,31.0,72.0,931.0,35.0,5.0,False,1.0,31.0,31.0,False
20,10,_original_nint128_seed2,3,3,7,5;6;9,False,False,,5;6,9,26.0,60.0,669.0,46.0,5.0,False,1.0,26.0,26.0,False
20,10,_original_nint128_seed2,3,3,7,5;8;9,False,False,,5;8,9,29.0,65.0,906.0,43.0,5.0,False,1.0,29.0,29.0,False
20,10,_original_nint128_seed2,3,3,7,0;3;4,False,False,,0;4,3,40.0,92.0,1115.0,26.0,5.0,False,1.0,40.0,40.0,False
20,10,_original_nint128_seed2,3,3,7,3;4;7,False,False,,4;7,3,39.0,91.0,1157.0,30.0,5.0,False,1.0,39.0,39.0,False
20,10,_original_nint128_seed2,3,3,7,3;4;8,False,False,,4;8,3,40.0,94.0,1184.0,28.0,5.0,False,1.0,40.0,40.0,False
20,10,_original_nint128_seed2,3,3,7,0;6;9,False,False,,0;6,9,34.0,76.0,872.0,32.0,5.0,False,1.0,34.0,34.0,False
20,10,_original_nint128_seed2,3,3,7,1;6;9,False,False,,6;9,1,33.0,79.0,971.0,25.0,5.0,False,1.0,33.0,33.0,False
20,10,_original_nint128_seed2,3,3,7,6;8;9,False,False,,6;8,9,30.0,70.0,946.0,33.0,5.0,False,1.0,30.0,30.0,False
20,10,_original_nint128_seed2,3,3,7,0;1;7,False,False,,0;7,1,39.0,85.0,1098.0,28.0,5.0,False,1.0,39.0,39.0,False
20,10,_original_nint128_seed2,3,3,7,1;2;7,False,False,,2;7,1,37.0,79.0,1130.0,39.0,5.0,False,1.0,37.0,37.0,False
20,10,_original_nint128_seed2,3,3,7,1;3;7,False,False,,1;7,3,44.0,99.0,1188.0,24.0,5.0,False,1.0,44.0,44.0,False
20,10,_original_nint128_seed2,3,3,7,1;5;7,False,False,,5;7,1,33.0,69.0,893.0,40.0,5.0,False,1.0,33.0,33.0,False
20,10,_original_nint128_seed2,3,3,7,1;6;7,False,False,,6;7,1,36.0,80.0,930.0,32.0,5.0,False,1.0,36.0,36.0,False
20,10,_original_nint128_seed2,3,3,7,0;1;6,False,False,,0;6,1,37.0,79.0,895.0,25.0,5.0,False,1.0,37.0,37.0,False
20,10,_original_nint128_seed2,3,3,7,0;3;6,False,False,,0;6,3,35.0,78.0,891.0,27.0,5.0,False,1.0,35.0,35.0,False
20,10,_original_nint128_seed2,3,3,7,0;6;7,False,False,,6;7,0,33.0,70.0,840.0,37.0,5.0,False,1.0,33.0,33.0,False
20,10,_original_nint128_seed2,3,3,7,0;6;8,False,False,,6;8,0,35.0,75.0,867.0,35.0,5.0,False,1.0,35.0,35.0,False
20,10,_original_nint128_seed2,3,3,7,0;1;3,False,False,,0;1,3,43.0,100.0,1150.0,19.0,5.0,False,1.0,43.0,43.0,False
20,10,_original_nint128_seed2,3,3,7,0;3;7,False,False,,0;7,3,40.0,87.0,1098.0,29.0,5.0,False,1.0,40.0,40.0,False
20,10,_original_nint128_seed2,3,3,7,0;3;8,False,False,,0;8,3,41.0,91.0,1122.0,29.0,5.0,False,1.0,41.0,41.0,False
20,10,_original_nint128_seed2,3,3,7,0;1;2,False,False,,0;2,1,38.0,81.0,1095.0,32.0,5.0,False,1.0,38.0,38.0,False
20,10,_original_nint128_seed2,3,3,7,0;2;4,False,False,,0;2,4,34.0,75.0,1069.0,37.0,5.0,False,1.0,34.0,34.0,False
20,10,_original_nint128_seed2,3,3,7,0;2;7,False,False,,2;7,0,33.0,68.0,1050.0,41.0,5.0,False,1.0,33.0,33.0,False
20,10,_original_nint128_seed2,3,3,7,0;4;7,False,False,,0;7,4,33.0,75.0,1067.0,34.0,5.0,False,1.0,33.0,33.0,False
20,10,_original_nint128_seed2,3,3,7,0;4;8,False,False,,0;8,4,37.0,83.0,1091.0,34.0,5.0,False,1.0,37.0,37.0,False
20,10,_original_nint128_seed2,3,3,7,2;4;7,False,False,,2;7,4,31.0,70.0,1108.0,43.0,5.0,False,1.0,31.0,31.0,False
20,10,_original_nint128_seed2,3,3,7,0;1;8,False,False,,0;8,1,36.0,85.0,1126.0,27.0,5.0,False,1.0,36.0,36.0,False
20,10,_original_nint128_seed2,3,3,7,1;3;8,False,False,,1;8,3,37.0,95.0,1219.0,21.0,5.0,False,1.0,37.0,37.0,False
20,10,_original_nint128_seed2,3,3,7,1;5;8,False,False,,5;8,1,27.0,64.0,924.0,37.0,5.0,False,1.0,27.0,27.0,False
20,10,_original_nint128_seed2,3,3,7,1;6;8,False,False,,6;8,1,31.0,73.0,964.0,27.0,5.0,False,1.0,31.0,31.0,False
20,10,_original_nint128_seed2,3,3,7,1;8;9,False,False,,8;9,1,35.0,86.0,1205.0,25.0,5.0,False,1.0,35.0,35.0,False
20,10,_original_nint128_seed2,3,3,7,3;5;6,False,False,,5;6,3,30.0,67.0,684.0,41.0,5.0,False,1.0,30.0,30.0,False
20,10,_original_nint128_seed2,3,3,7,5;6;7,False,False,,5;6,7,29.0,57.0,633.0,51.0,5.0,False,1.0,29.0,29.0,False
20,10,_original_nint128_seed2,3,3,7,5;6;8,False,False,,5;6,8,27.0,56.0,663.0,47.0,5.0,False,1.0,27.0,27.0,False
20,10,_original_nint128_seed2,3,3,7,1;3;5,False,False,,1;5,3,34.0,80.0,945.0,31.0,5.0,False,1.0,34.0,34.0,False
20,10,_original_nint128_seed2,3,3,7,3;5;8,False,False,,5;8,3,32.0,71.0,920.0,39.0,5.0,False,1.0,32.0,32.0,False
20,10,_original_nint128_seed2,3,3,7,1;3;6,False,False,,1;6,3,36.0,85.0,986.0,20.0,5.0,False,1.0,36.0,36.0,False
20,10,_original_nint128_seed2,3,3,7,3;6;7,False,False,,6;7,3,35.0,81.0,931.0,32.0,5.0,False,1.0,35.0,35.0,False
20,10,_original_nint128_seed2,3,3,7,3;6;8,False,False,,6;8,3,33.0,76.0,961.0,28.0,5.0,False,1.0,33.0,33.0,False
20,10,_original_nint128_seed2,3,3,7,0;1;9,False,False,,0;9,1,41.0,94.0,1132.0,23.0,5.0,False,1.0,41.0,41.0,False
20,10,_original_nint128_seed2,3,3,7,1;2;5,False,False,,2;5,1,30.0,65.0,887.0,47.0,5.0,False,1.0,30.0,30.0,False
20,10,_original_nint128_seed2,3,3,7,2;5;7,False,False,,2;5,7,29.0,56.0,842.0,56.0,5.0,False,1.0,29.0,29.0,False
20,10,_original_nint128_seed2,3,3,7,0;8;9,False,False,,0;8,9,39.0,85.0,1104.0,33.0,5.0,False,1.0,39.0,39.0,False
20,10,_original_nint128_seed2,4,4,6,0;1;2;9,False,False,,0;2;9,1,30.0,66.0,1021.0,42.0,5.0,False,1.0,30.0,30.0,False
20,10,_original_nint128_seed2,4,4,6,1;2;3;9,False,False,,2;3;9,1,30.0,72.0,1116.0,37.0,5.0,False,1.0,30.0,30.0,False
20,10,_original_nint128_seed2,4,4,6,1;2;4;9,False,False,,2;4;9,1,29.0,69.0,1083.0,44.0,5.0,False,1.0,29.0,29.0,False
20,10,_original_nint128_seed2,4,4,6,1;2;5;9,False,False,,2;5;9,1,22.0,49.0,817.0,57.0,5.0,False,1.0,22.0,22.0,False
20,10,_original_nint128_seed2,4,4,6,1;2;6;9,False,False,,2;6;9,1,23.0,53.0,858.0,46.0,5.0,False,1.0,23.0,23.0,False
20,10,_original_nint128_seed2,4,4,6,1;2;7;9,False,False,,2;7;9,1,28.0,62.0,1061.0,48.0,5.0,False,1.0,28.0,28.0,False
20,10,_original_nint128_seed2,4,4,6,1;2;8;9,False,False,,2;8;9,1,24.0,62.0,1093.0,45.0,5.0,False,1.0,24.0,24.0,False
20,10,_original_nint128_seed2,4,4,6,0;1;2;7,False,False,,0;2;7,1,29.0,61.0,985.0,48.0,5.0,False,1.0,29.0,29.0,False
20,10,_original_nint128_seed2,4,4,6,0;1;3;7,False,False,,0;1;7,3,35.0,79.0,1042.0,34.0,5.0,False,1.0,35.0,35.0,False
20,10,_original_nint128_seed2,4,4,6,0;1;4;7,False,False,,0;4;7,1,28.0,67.0,1011.0,39.0,5.0,False,1.0,28.0,28.0,False
20,10,_original_nint128_seed2,4,4,6,0;1;5;7,False,False,,0;5;7,1,26.0,52.0,742.0,50.0,5.0,False,1.0,26.0,26.0,False
20,10,_original_nint128_seed2,4,4,6,0;1;6;7,False,False,,0;6;7,1,29.0,62.0,784.0,42.0,5.0,False,1.0,29.0,29.0,False
20,10,_original_nint128_seed2,4,4,6,0;1;7;8,False,False,,0;7;8,1,26.0,61.0,1018.0,42.0,5.0,False,1.0,26.0,26.0,False
20,10,_original_nint128_seed2,4,4,6,0;1;7;9,False,False,,0;7;9,1,31.0,70.0,1024.0,38.0,5.0,False,1.0,31.0,31.0,False
20,10,_original_nint128_seed2,4,4,6,0;2;6;9,False,False,,2;6;9,0,23.0,48.0,769.0,50.0,5.0,False,1.0,23.0,23.0,False
20,10,_original_nint128_seed2,4,4,6,2;3;6;9,False,False,,2;6;9,3,22.0,52.0,865.0,44.0,5.0,False,1.0,22.0,22.0,False
20,10,_original_nint128_seed2,4,4,6,2;4;6;9,False,False,,2;6;9,4,22.0,52.0,832.0,51.0,5.0,False,1.0,22.0,22.0,False
20,10,_original_nint128_seed2,4,4,6,2;5;6;9,False,False,,2;5;6,9,17.0,37.0,563.0,67.0,5.0,False,1.0,17.0,17.0,False
20,10,_original_nint128_seed2,4,4,6,2;6;7;9,False,False,,2;6;9,7,20.0,48.0,811.0,56.0,5.0,False,1.0,20.0,20.0,False
20,10,_original_nint128_seed2,4,4,6,2;6;8;9,False,False,,2;6;9,8,21.0,46.0,842.0,52.0,5.0,False,1.0,21.0,21.0,False
20,10,_original_nint128_seed2,4,4,6,0;2;7;8,False,False,,0;2;7,8,24.0,53.0,969.0,56.0,5.0,False,1.0,24.0,24.0,False
20,10,_original_nint128_seed2,4,4,6,1;2;7;8,False,False,,2;7;8,1,22.0,58.0,1052.0,52.0,5.0,False,1.0,22.0,22.0,False
20,10,_original_nint128_seed2,4,4,6,2;3;7;8,False,False,,2;7;8,3,27.0,64.0,1062.0,50.0,5.0,False,1.0,27.0,27.0,False
20,10,_original_nint128_seed2,4,4,6,2;4;7;8,False,False,,2;7;8,4,22.0,54.0,1030.0,56.0,5.0,False,1.0,22.0,22.0,False
20,10,_original_nint128_seed2,4,4,6,2;5;7;8,False,False,,5;7;8,2,20.0,40.0,764.0,69.0,5.0,False,1.0,20.0,20.0,False
20,10,_original_nint128_seed2,4,4,6,2;6;7;8,False,False,,2;6;8,7,21.0,49.0,803.0,59.0,5.0,False,1.0,21.0,21.0,False
20,10,_original_nint128_seed2,4,4,6,2;7;8;9,False,False,,2;7;8,9,22.0,53.0,1048.0,54.0,5.0,False,1.0,22.0,22.0,False
20,10,_original_nint128_seed2,4,4,6,1;4;7;9,False,False,,4;7;9,1,30.0,74.0,1086.0,40.0,5.0,False,1.0,30.0,30.0,False
20,10,_original_nint128_seed2,4,4,6,2;4;7;9,False,False,,2;7;9,4,24.0,55.0,1038.0,53.0,5.0,False,1.0,24.0,24.0,False
20,10,_original_nint128_seed2,4,4,6,3;4;7;9,False,False,,4;7;9,3,30.0,75.0,1087.0,40.0,5.0,False,1.0,30.0,30.0,False
20,10,_original_nint128_seed2,4,4,6,4;5;7;9,False,False,,5;7;9,4,23.0,52.0,788.0,58.0,5.0,False,1.0,23.0,23.0,False
20,10,_original_nint128_seed2,4,4,6,4;6;7;9,False,False,,6;7;9,4,22.0,59.0,828.0,49.0,5.0,False,1.0,22.0,22.0,False
20,10,_original_nint128_seed2,4,4,6,4;7;8;9,False,False,,7;8;9,4,25.0,61.0,1065.0,47.0,5.0,False,1.0,25.0,25.0,False
20,10,_original_nint128_seed2,4,4,6,0;1;2;4,False,False,,0;2;4,1,28.0,65.0,1008.0,43.0,5.0,False,1.0,28.0,28.0,False
20,10,_original_nint128_seed2,4,4,6,0;2;3;4,False,False,,0;2;4,3,28.0,64.0,1013.0,43.0,5.0,False,1.0,28.0,28.0,False
20,10,_original_nint128_seed2,4,4,6,0;2;4;5,False,False,,0;2;5,4,22.0,49.0,707.0,63.0,5.0,False,1.0,22.0,22.0,False
20,10,_original_nint128_seed2,4,4,6,0;2;4;6,False,False,,0;2;6,4,22.0,47.0,757.0,50.0,5.0,False,1.0,22.0,22.0,False
20,10,_original_nint128_seed2,4,4,6,0;2;4;7,False,False,,0;2;7,4,23.0,51.0,963.0,52.0,5.0,False,1.0,23.0,23.0,False
20,10,_original_nint128_seed2,4,4,6,0;2;4;8,False,False,,0;2;4,8,27.0,62.0,988.0,52.0,5.0,False,1.0,27.0,27.0,False
20,10,_original_nint128_seed2,4,4,6,0;3;5;9,False,False,,0;5;9,3,26.0,61.0,768.0,50.0,5.0,False,1.0,26.0,26.0,False
20,10,_original_nint128_seed2,4,4,6,1;3;5;9,False,False,,1;5;9,3,24.0,61.0,875.0,41.0,5.0,False,1.0,24.0,24.0,False
20,10,_original_nint128_seed2,4,4,6,2;3;5;9,False,False,,2;5;9,3,22.0,51.0,822.0,57.0,5.0,False,1.0,22.0,22.0,False
20,10,_original_nint128_seed2,4,4,6,3;4;5;9,False,False,,3;5;9,4,26.0,66.0,836.0,50.0,5.0,False,1.0,26.0,26.0,False
20,10,_original_nint128_seed2,4,4,6,3;5;6;9,False,False,,5;6;9,3,21.0,51.0,613.0,52.0,5.0,False,1.0,21.0,21.0,False
20,10,_original_nint128_seed2,4,4,6,3;5;8;9,False,False,,5;8;9,3,24.0,56.0,850.0,49.0,5.0,False,1.0,24.0,24.0,False
20,10,_original_nint128_seed2,4,4,6,1;2;4;8,False,False,,1;2;8,4,24.0,64.0,1075.0,47.0,5.0,False,1.0,24.0,24.0,False
20,10,_original_nint128_seed2,4,4,6,2;3;4;8,False,False,,2;4;8,3,28.0,69.0,1081.0,46.0,5.0,False,1.0,28.0,28.0,False
20,10,_original_nint128_seed2,4,4,6,2;4;5;8,False,False,,2;5;8,4,21.0,50.0,780.0,66.0,5.0,False,1.0,21.0,21.0,False
20,10,_original_nint128_seed2,4,4,6,2;4;6;8,False,False,,2;6;8,4,22.0,50.0,825.0,53.0,5.0,False,1.0,22.0,22.0,False
20,10,_original_nint128_seed2,4,4,6,2;4;8;9,False,False,,2;8;9,4,27.0,64.0,1066.0,51.0,5.0,False,1.0,27.0,27.0,False
20,10,_original_nint128_seed2,4,4,6,0;1;4;6,False,False,,0;4;6,1,27.0,62.0,808.0,36.0,5.0,False,1.0,27.0,27.0,False
20,10,_original_nint128_seed2,4,4,6,0;3;4;6,False,False,,0;4;6,3,25.0,60.0,804.0,38.0,5.0,False,1.0,25.0,25.0,False
20,10,_original_nint128_seed2,4,4,6,0;4;5;6,False,False,,0;5;6,4,22.0,48.0,498.0,58.0,5.0,False,1.0,22.0,22.0,False
20,10,_original_nint128_seed2,4,4,6,0;4;6;7,False,False,,0;6;7,4,22.0,52.0,753.0,48.0,5.0,False,1.0,22.0,22.0,False
20,10,_original_nint128_seed2,4,4,6,0;4;6;8,False,False,,0;4;6,8,26.0,59.0,780.0,46.0,5.0,False,1.0,26.0,26.0,False
20,10,_original_nint128_seed2,4,4,6,0;4;7;8,False,False,,0;7;8,4,24.0,56.0,987.0,48.0,5.0,False,1.0,24.0,24.0,False
20,10,_original_nint128_seed2,4,4,6,1;4;7;8,False,False,,4;7;8,1,25.0,64.0,1079.0,42.0,5.0,False,1.0,25.0,25.0,False
20,10,_original_nint128_seed2,4,4,6,3;4;7;8,False,False,,4;7;8,3,29.0,70.0,1080.0,42.0,5.0,False,1.0,29.0,29.0,False
20,10,_original_nint128_seed2,4,4,6,4;5;7;8,False,False,,5;7;8,4,21.0,44.0,782.0,59.0,5.0,False,1.0,21.0,21.0,False
20,10,_original_nint128_seed2,4,4,6,4;6;7;8,False,False,,6;7;8,4,22.0,52.0,822.0,50.0,5.0,False,1.0,22.0,22.0,False
20,10,_original_nint128_seed2,4,4,6,1;2;3;7,False,False,,1;2;7,3,33.0,73.0,1075.0,44.0,5.0,False,1.0,33.0,33.0,False
20,10,_original_nint128_seed2,4,4,6,1;3;4;7,False,False,,1;4;7,3,34.0,83.0,1101.0,35.0,5.0,False,1.0,34.0,34.0,False
20,10,_original_nint128_seed2,4,4,6,1;3;6;7,False,False,,1;6;7,3,30.0,71.0,875.0,37.0,5.0,False,1.0,30.0,30.0,False
20,10,_original_nint128_seed2,4,4,6,1;3;7;8,False,False,,1;7;8,3,29.0,74.0,1111.0,36.0,5.0,False,1.0,29.0,29.0,False
20,10,_original_nint128_seed2,4,4,6,1;3;7;9,False,False,,3;7;9,1,33.0,80.0,1119.0,33.0,5.0,False,1.0,33.0,33.0,False
20,10,_original_nint128_seed2,4,4,6,0;3;4;5,False,False,,0;4;5,3,27.0,62.0,755.0,50.0,5.0,False,1.0,27.0,27.0,False
20,10,_original_nint128_seed2,4,4,6,1;3;4;5,False,False,,1;4;5,3,27.0,68.0,855.0,43.0,5.0,False,1.0,27.0,27.0,False
20,10,_original_nint128_seed2,4,4,6,2;3;4;5,False,False,,2;4;5,3,23.0,56.0,802.0,59.0,5.0,False,1.0,23.0,23.0,False
20,10,_original_nint128_seed2,4,4,6,3;4;5;6,False,False,,4;5;6,3,23.0,56.0,594.0,53.0,5.0,False,1.0,23.0,23.0,False
20,10,_original_nint128_seed2,4,4,6,3;4;5;8,False,False,,4;5;8,3,26.0,61.0,830.0,51.0,5.0,False,1.0,26.0,26.0,False
20,10,_original_nint128_seed2,4,4,6,0;3;4;8,False,False,,0;4;8,3,32.0,74.0,1035.0,40.0,5.0,False,1.0,32.0,32.0,False
20,10,_original_nint128_seed2,4,4,6,1;3;4;8,False,False,,1;4;8,3,30.0,80.0,1132.0,32.0,5.0,False,1.0,30.0,30.0,False
20,10,_original_nint128_seed2,4,4,6,3;4;6;8,False,False,,4;6;8,3,26.0,61.0,874.0,39.0,5.0,False,1.0,26.0,26.0,False
20,10,_original_nint128_seed2,4,4,6,3;4;8;9,False,False,,4;8;9,3,32.0,78.0,1114.0,38.0,5.0,False,1.0,32.0,32.0,False
20,10,_original_nint128_seed2,4,4,6,0;2;5;9,False,False,,0;2;5,9,23.0,49.0,722.0,62.0,5.0,False,1.0,23.0,23.0,False
20,10,_original_nint128_seed2,4,4,6,2;4;5;9,False,False,,2;5;9,4,22.0,52.0,787.0,64.0,5.0,False,1.0,22.0,22.0,False
20,10,_original_nint128_seed2,4,4,6,2;5;7;9,False,False,,2;5;7,9,21.0,42.0,772.0,66.0,5.0,False,1.0,21.0,21.0,False
20,10,_original_nint128_seed2,4,4,6,2;5;8;9,False,False,,2;5;8,9,20.0,46.0,800.0,64.0,5.0,False,1.0,20.0,20.0,False
20,10,_original_nint128_seed2,4,4,6,0;7;8;9,False,False,,0;7;8,9,26.0,58.0,1000.0,47.0,5.0,False,1.0,26.0,26.0,False
20,10,_original_nint128_seed2,4,4,6,1;7;8;9,False,False,,7;8;9,1,25.0,62.0,1097.0,40.0,5.0,False,1.0,25.0,25.0,False
20,10,_original_nint128_seed2,4,4,6,3;7;8;9,False,False,,7;8;9,3,27.0,66.0,1098.0,40.0,5.0,False,1.0,27.0,27.0,False
20,10,_original_nint128_seed2,4,4,6,5;7;8;9,False,False,,5;7;8,9,20.0,41.0,802.0,57.0,5.0,False,1.0,20.0,20.0,False
20,10,_original_nint128_seed2,4,4,6,6;7;8;9,False,False,,6;7;8,9,20.0,49.0,839.0,49.0,5.0,False,1.0,20.0,20.0,False
20,10,_original_nint128_seed2,4,4,6,0;1;6;9,False,False,,0;6;9,1,28.0,64.0,820.0,36.0,5.0,False,1.0,28.0,28.0,False
20,10,_original_nint128_seed2,4,4,6,0;3;6;9,False,False,,0;6;9,3,27.0,64.0,814.0,39.0,5.0,False,1.0,27.0,27.0,False
20,10,_original_nint128_seed2,4,4,6,0;5;6;9,False,False,,5;6;9,0,22.0,48.0,512.0,58.0,5.0,False,1.0,22.0,22.0,False
20,10,_original_nint128_seed2,4,4,6,0;6;7;9,False,False,,0;6;7,9,24.0,55.0,765.0,48.0,5.0,False,1.0,24.0,24.0,False
20,10,_original_nint128_seed2,4,4,6,0;6;8;9,False,False,,6;8;9,0,26.0,60.0,792.0,46.0,5.0,False,1.0,26.0,26.0,False
20,10,_original_nint128_seed2,4,4,6,0;1;3;9,False,False,,0;1;9,3,33.0,83.0,1074.0,30.0,5.0,False,1.0,33.0,33.0,False
20,10,_original_nint128_seed2,4,4,6,0;1;5;9,False,False,,0;1;5,9,26.0,59.0,775.0,46.0,5.0,False,1.0,26.0,26.0,False
20,10,_original_nint128_seed2,4,4,6,0;1;8;9,False,False,,0;1;8,9,30.0,70.0,1052.0,37.0,5.0,False,1.0,30.0,30.0,False
20,10,_original_nint128_seed2,4,4,6,0;2;6;7,False,False,,0;2;6,7,23.0,48.0,735.0,56.0,5.0,False,1.0,23.0,23.0,False
20,10,_original_nint128_seed2,4,4,6,1;2;6;7,False,False,,2;6;7,1,26.0,59.0,815.0,54.0,5.0,False,1.0,26.0,26.0,False
20,10,_original_nint128_seed2,4,4,6,2;3;6;7,False,False,,2;6;7,3,25.0,58.0,826.0,51.0,5.0,False,1.0,25.0,25.0,False
20,10,_original_nint128_seed2,4,4,6,2;4;6;7,False,False,,2;4;6,7,21.0,50.0,794.0,57.0,5.0,False,1.0,21.0,21.0,False
20,10,_original_nint128_seed2,4,4,6,2;5;6;7,False,False,,2;5;6,7,21.0,41.0,525.0,73.0,5.0,False,1.0,21.0,21.0,False
20,10,_original_nint128_seed2,4,4,6,0;5;7;9,False,False,,0;5;7,9,24.0,48.0,723.0,56.0,5.0,False,1.0,24.0,24.0,False
20,10,_original_nint128_seed2,4,4,6,1;5;7;9,False,False,,5;7;9,1,25.0,53.0,823.0,50.0,5.0,False,1.0,25.0,25.0,False
20,10,_original_nint128_seed2,4,4,6,5;6;7;9,False,False,,5;6;7,9,19.0,41.0,562.0,62.0,5.0,False,1.0,19.0,19.0,False
20,10,_original_nint128_seed2,4,4,6,1;4;8;9,False,False,,1;8;9,4,29.0,75.0,1117.0,37.0,5.0,False,1.0,29.0,29.0,False
20,10,_original_nint128_seed2,4,4,6,4;5;8;9,False,False,,5;8;9,4,24.0,57.0,815.0,56.0,5.0,False,1.0,24.0,24.0,False
20,10,_original_nint128_seed2,4,4,6,4;6;8;9,False,False,,6;8;9,4,25.0,59.0,858.0,45.0,5.0,False,1.0,25.0,25.0,False
20,10,_original_nint128_seed2,4,4,6,1;3;4;9,False,False,,1;4;9,3,33.0,88.0,1139.0,30.0,5.0,False,1.0,33.0,33.0,False
20,10,_original_nint128_seed2,4,4,6,1;3;6;9,False,False,,1;6;9,3,26.0,67.0,916.0,30.0,5.0,False,1.0,26.0,26.0,False
20,10,_original_nint128_seed2,4,4,6,1;3;8;9,False,False,,1;8;9,3,28.0,75.0,1150.0,30.0,5.0,False,1.0,28.0,28.0,False
20,10,_original_nint128_seed2,4,4,6,0;2;3;8,False,False,,0;2;8,3,30.0,68.0,1019.0,47.0,5.0,False,1.0,30.0,30.0,False
20,10,_original_nint128_seed2,4,4,6,1;2;3;8,False,False,,1;2;8,3,25.0,70.0,1107.0,41.0,5.0,False,1.0,25.0,25.0,False
20,10,_original_nint128_seed2,4,4,6,2;3;5;8,False,False,,2;5;8,3,23.0,52.0,814.0,60.0,5.0,False,1.0,23.0,23.0,False
20,10,_original_nint128_seed2,4,4,6,2;3;6;8,False,False,,2;6;8,3,23.0,53.0,857.0,47.0,5.0,False,1.0,23.0,23.0,False
20,10,_original_nint128_seed2,4,4,6,2;3;8;9,False,False,,2;8;9,3,27.0,66.0,1099.0,44.0,5.0,False,1.0,27.0,27.0,False
20,10,_original_nint128_seed2,4,4,6,0;1;2;3,False,False,,0;1;2,3,32.0,72.0,1039.0,38.0,5.0,False,1.0,32.0,32.0,False
20,10,_original_nint128_seed2,4,4,6,0;1;3;4,False,False,,0;1;4,3,32.0,81.0,1063.0,30.0,5.0,False,1.0,32.0,32.0,False
20,10,_original_nint128_seed2,4,4,6,0;1;3;5,False,False,,0;1;5,3,27.0,63.0,793.0,42.0,5.0,False,1.0,27.0,27.0,False
20,10,_original_nint128_seed2,4,4,6,0;1;3;6,False,False,,0;3;6,1,29.0,66.0,839.0,31.0,5.0,False,1.0,29.0,29.0,False
20,10,_original_nint128_seed2,4,4,6,0;1;3;8,False,False,,0;1;8,3,31.0,77.0,1070.0,33.0,5.0,False,1.0,31.0,31.0,False
20,10,_original_nint128_seed2,4,4,6,0;1;4;8,False,False,,0;4;8,1,28.0,69.0,1039.0,38.0,5.0,False,1.0,28.0,28.0,False
20,10,_original_nint128_seed2,4,4,6,0;4;5;8,False,False,,0;5;8,4,25.0,56.0,732.0,57.0,5.0,False,1.0,25.0,25.0,False
20,10,_original_nint128_seed2,4,4,6,1;4;6;7,False,False,,4;6;7,1,27.0,65.0,843.0,43.0,5.0,False,1.0,27.0,27.0,False
20,10,_original_nint128_seed2,4,4,6,3;4;6;7,False,False,,4;6;7,3,26.0,66.0,844.0,43.0,5.0,False,1.0,26.0,26.0,False
20,10,_original_nint128_seed2,4,4,6,4;5;6;7,False,False,,5;6;7,4,21.0,45.0,543.0,63.0,5.0,False,1.0,21.0,21.0,False
20,10,_original_nint128_seed2,4,4,6,0;3;5;8,False,False,,0;5;8,3,27.0,59.0,765.0,52.0,5.0,False,1.0,27.0,27.0,False
20,10,_original_nint128_seed2,4,4,6,1;3;5;8,False,False,,1;5;8,3,23.0,57.0,868.0,43.0,5.0,False,1.0,23.0,23.0,False
20,10,_original_nint128_seed2,4,4,6,3;5;6;8,False,False,,5;6;8,3,22.0,47.0,607.0,53.0,5.0,False,1.0,22.0,22.0,False
20,10,_original_nint128_seed2,4,4,6,1;2;3;6,False,False,,2;3;6,1,26.0,60.0,873.0,41.0,5.0,False,1.0,26.0,26.0,False
20,10,_original_nint128_seed2,4,4,6,1;3;4;6,False,False,,1;4;6,3,28.0,71.0,899.0,31.0,5.0,False,1.0,28.0,28.0,False
20,10,_original_nint128_seed2,4,4,6,1;3;6;8,False,False,,1;6;8,3,24.0,61.0,909.0,32.0,5.0,False,1.0,24.0,24.0,False
20,10,_original_nint128_seed2,4,4,6,0;3;6;7,False,False,,0;6;7,3,27.0,60.0,784.0,43.0,5.0,False,1.0,27.0,27.0,False
20,10,_original_nint128_seed2,4,4,6,0;5;6;7,False,False,,5;6;7,0,23.0,41.0,481.0,62.0,5.0,False,1.0,23.0,23.0,False
20,10,_original_nint128_seed2,4,4,6,0;6;7;8,False,False,,6;7;8,0,25.0,54.0,760.0,51.0,5.0,False,1.0,25.0,25.0,False
20,10,_original_nint128_seed2,4,4,6,0;1;6;8,False,False,,1;6;8,0,27.0,62.0,815.0,39.0,5.0,False,1.0,27.0,27.0,False
20,10,_original_nint128_seed2,4,4,6,1;2;6;8,False,False,,2;6;8,1,21.0,51.0,850.0,49.0,5.0,False,1.0,21.0,21.0,False
20,10,_original_nint128_seed2,4,4,6,1;4;6;8,False,False,,1;6;8,4,25.0,59.0,877.0,38.0,5.0,False,1.0,25.0,25.0,False
20,10,_original_nint128_seed2,4,4,6,1;6;7;8,False,False,,6;7;8,1,23.0,56.0,853.0,44.0,5.0,False,1.0,23.0,23.0,False
20,10,_original_nint128_seed2,4,4,6,1;6;8;9,False,False,,6;8;9,1,23.0,55.0,894.0,37.0,5.0,False,1.0,23.0,23.0,False
20,10,_original_nint128_seed2,4,4,6,1;2;3;4,False,False,,1;2;4,3,30.0,74.0,1098.0,39.0,5.0,False,1.0,30.0,30.0,False
20,10,_original_nint128_seed2,4,4,6,2;3;4;6,False,False,,2;4;6,3,23.0,55.0,848.0,45.0,5.0,False,1.0,23.0,23.0,False
20,10,_original_nint128_seed2,4,4,6,2;3;4;7,False,False,,2;4;7,3,27.0,63.0,1053.0,48.0,5.0,False,1.0,27.0,27.0,False
20,10,_original_nint128_seed2,4,4,6,2;3;4;9,False,False,,2;4;9,3,28.0,68.0,1089.0,43.0,5.0,False,1.0,28.0,28.0,False
20,10,_original_nint128_seed2,4,4,6,1;4;6;9,False,False,,1;6;9,4,26.0,67.0,883.0,37.0,5.0,False,1.0,26.0,26.0,False
20,10,_original_nint128_seed2,4,4,6,3;4;6;9,False,False,,4;6;9,3,26.0,69.0,880.0,38.0,5.0,False,1.0,26.0,26.0,False
20,10,_original_nint128_seed2,4,4,6,4;5;6;9,False,False,,5;6;9,4,20.0,49.0,578.0,59.0,5.0,False,1.0,20.0,20.0,False
20,10,_original_nint128_seed2,4,4,6,3;6;7;8,False,False,,6;7;8,3,25.0,58.0,854.0,44.0,5.0,False,1.0,25.0,25.0,False
20,10,_original_nint128_seed2,4,4,6,5;6;7;8,False,False,,5;7;8,6,20.0,37.0,556.0,63.0,5.0,False,1.0,20.0,20.0,False
20,10,_original_nint128_seed2,4,4,6,1;2;5;7,False,False,,2;5;7,1,25.0,51.0,777.0,63.0,5.0,False,1.0,25.0,25.0,False
20,10,_original_nint128_seed2,4,4,6,1;4;5;7,False,False,,4;5;7,1,26.0,57.0,803.0,52.0,5.0,False,1.0,26.0,26.0,False
20,10,_original_nint128_seed2,4,4,6,1;5;7;8,False,False,,5;7;8,1,21.0,45.0,816.0,52.0,5.0,False,1.0,21.0,21.0,False
20,10,_original_nint128_seed2,4,4,6,0;2;3;5,False,False,,0;2;5,3,25.0,52.0,740.0,58.0,5.0,False,1.0,25.0,25.0,False
20,10,_original_nint128_seed2,4,4,6,0;3;5;6,False,False,,0;5;6,3,24.0,50.0,531.0,53.0,5.0,False,1.0,24.0,24.0,False
20,10,_original_nint128_seed2,4,4,6,1;2;4;6,False,False,,2;4;6,1,25.0,57.0,841.0,47.0,5.0,False,1.0,25.0,25.0,False
20,10,_original_nint128_seed2,4,4,6,1;4;5;8,False,False,,1;5;8,4,22.0,54.0,834.0,49.0,5.0,False,1.0,22.0,22.0,False
20,10,_original_nint128_seed2,4,4,6,4;5;6;8,False,False,,5;6;8,4,21.0,46.0,573.0,59.0,5.0,False,1.0,21.0,21.0,False
20,10,_original_nint128_seed2,4,4,6,0;2;3;9,False,False,,0;2;9,3,29.0,66.0,1024.0,43.0,5.0,False,1.0,29.0,29.0,False
20,10,_original_nint128_seed2,4,4,6,2;3;7;9,False,False,,2;7;9,3,27.0,62.0,1071.0,46.0,5.0,False,1.0,27.0,27.0,False
20,10,_original_nint128_seed2,4,4,6,0;2;3;6,False,False,,0;2;6,3,24.0,51.0,788.0,45.0,5.0,False,1.0,24.0,24.0,False
20,10,_original_nint128_seed2,4,4,6,0;2;3;7,False,False,,0;2;7,3,29.0,62.0,994.0,47.0,5.0,False,1.0,29.0,29.0,False
20,10,_original_nint128_seed2,4,4,6,1;2;4;7,False,False,,2;4;7,1,27.0,63.0,1043.0,50.0,5.0,False,1.0,27.0,27.0,False
20,10,_original_nint128_seed2,4,4,6,1;2;3;5,False,False,,1;2;5,3,25.0,57.0,831.0,53.0,5.0,False,1.0,25.0,25.0,False
20,10,_original_nint128_seed2,4,4,6,2;3;5;6,False,False,,2;5;6,3,21.0,45.0,578.0,62.0,5.0,False,1.0,21.0,21.0,False
20,10,_original_nint128_seed2,4,4,6,5;6;8;9,False,False,,5;6;8,9,20.0,43.0,592.0,58.0,5.0,False,1.0,20.0,20.0,False
20,10,_original_nint128_seed2,4,4,6,1;5;8;9,False,False,,1;5;8,9,21.0,50.0,854.0,47.0,5.0,False,1.0,21.0,21.0,False
20,10,_original_nint128_seed2,4,4,6,1;4;5;9,False,False,,1;5;9,4,25.0,63.0,840.0,48.0,5.0,False,1.0,25.0,25.0,False
20,10,_original_nint128_seed2,4,4,6,3;6;8;9,False,False,,6;8;9,3,24.0,58.0,891.0,38.0,5.0,False,1.0,24.0,24.0,False
20,10,_original_nint128_seed2,4,4,6,0;2;5;8,False,False,,2;5;8,0,23.0,49.0,716.0,66.0,5.0,False,1.0,23.0,23.0,False
20,10,_original_nint128_seed2,4,4,6,2;5;6;8,False,False,,2;5;6,8,19.0,39.0,556.0,69.0,5.0,False,1.0,19.0,19.0,False
20,10,_original_nint128_seed2,4,4,6,0;1;2;6,False,False,,0;2;6,1,27.0,55.0,782.0,46.0,5.0,False,1.0,27.0,27.0,False
20,10,_original_nint128_seed2,4,4,6,0;3;4;7,False,False,,0;4;7,3,29.0,68.0,1011.0,40.0,5.0,False,1.0,29.0,29.0,False
20,10,_original_nint128_seed2,4,4,6,0;1;4;5,False,False,,0;1;5,4,25.0,58.0,760.0,47.0,5.0,False,1.0,25.0,25.0,False
20,10,_original_nint128_seed2,4,4,6,1;2;4;5,False,False,,2;4;5,1,23.0,54.0,797.0,59.0,5.0,False,1.0,23.0,23.0,False
20,10,_original_nint128_seed2,4,4,6,0;2;5;7,False,False,,2;5;7,0,23.0,41.0,691.0,66.0,5.0,False,1.0,23.0,23.0,False
20,10,_original_nint128_seed2,4,4,6,2;4;5;7,False,False,,2;5;7,4,21.0,45.0,752.0,68.0,5.0,False,1.0,21.0,21.0,False
20,10,_original_nint128_seed2,4,4,6,2;4;5;6,False,False,,2;5;6,4,19.0,42.0,544.0,68.0,5.0,False,1.0,19.0,19.0,False
20,10,_original_nint128_seed2,4,4,6,0;5;8;9,False,False,,5;8;9,0,25.0,56.0,747.0,56.0,5.0,False,1.0,25.0,25.0,False
20,10,_original_nint128_seed2,4,4,6,1;6;7;9,False,False,,6;7;9,1,25.0,62.0,860.0,42.0,5.0,False,1.0,25.0,25.0,False
20,10,_original_nint128_seed2,4,4,6,0;3;6;8,False,False,,0;6;8,3,28.0,63.0,811.0,41.0,5.0,False,1.0,28.0,28.0,False
20,10,_original_nint128_seed2,4,4,6,0;3;7;8,False,False,,0;7;8,3,30.0,67.0,1018.0,43.0,5.0,False,1.0,30.0,30.0,False
20,10,_original_nint128_seed2,4,4,6,0;3;8;9,False,False,,0;8;9,3,32.0,74.0,1046.0,40.0,5.0,False,1.0,32.0,32.0,False
20,10,_original_nint128_seed2,4,4,6,0;2;7;9,False,False,,0;2;7,9,25.0,53.0,976.0,51.0,5.0,False,1.0,25.0,25.0,False
20,10,_original_nint128_seed2,4,4,6,0;4;5;7,False,False,,0;5;7,4,23.0,47.0,708.0,57.0,5.0,False,1.0,23.0,23.0,False
20,10,_original_nint128_seed2,4,4,6,0;5;7;8,False,False,,5;7;8,0,22.0,42.0,718.0,59.0,5.0,False,1.0,22.0,22.0,False
20,10,_original_nint128_seed2,4,4,6,0;1;5;8,False,False,,1;5;8,0,23.0,53.0,770.0,49.0,5.0,False,1.0,23.0,23.0,False
20,10,_original_nint128_seed2,4,4,6,0;1;2;5,False,False,,0;2;5,1,24.0,50.0,736.0,57.0,5.0,False,1.0,24.0,24.0,False
20,10,_original_nint128_seed2,4,4,6,0;2;5;6,False,False,,2;5;6,0,21.0,39.0,482.0,67.0,5.0,False,1.0,21.0,21.0,False
20,10,_original_nint128_seed2,4,4,6,3;6;7;9,False,False,,6;7;9,3,25.0,63.0,861.0,42.0,5.0,False,1.0,25.0,25.0,False
20,10,_original_nint128_seed2,4,4,6,0;1;2;8,False,False,,0;2;8,1,25.0,62.0,1014.0,47.0,5.0,False,1.0,25.0,25.0,False
20,10,_original_nint128_seed2,4,4,6,0;2;8;9,False,False,,2;8;9,0,28.0,62.0,1001.0,51.0,5.0,False,1.0,28.0,28.0,False
20,10,_original_nint128_seed2,4,4,6,0;2;6;8,False,False,,0;2;6,8,25.0,53.0,763.0,54.0,5.0,False,1.0,25.0,25.0,False
20,10,_original_nint128_seed2,4,4,6,0;5;6;8,False,False,,5;6;8,0,23.0,47.0,508.0,60.0,5.0,False,1.0,23.0,23.0,False
20,10,_original_nint128_seed2,4,4,6,0;3;7;9,False,False,,0;7;9,3,30.0,70.0,1022.0,40.0,5.0,False,1.0,30.0,30.0,False
20,10,_original_nint128_seed2,5,5,5,0;2;5;6;8,False,False,,2;5;6;8,0,16.0,32.0,401.0,82.0,5.0,False,1.0,16.0,16.0,False
20,10,_original_nint128_seed2,5,5,5,2;3;5;6;8,False,False,,2;5;6;8,3,15.0,31.0,500.0,75.0,5.0,False,1.0,15.0,15.0,False
20,10,_original_nint128_seed2,5,5,5,2;4;5;6;8,False,False,,2;5;6;8,4,14.0,30.0,466.0,81.0,5.0,False,1.0,14.0,14.0,False
20,10,_original_nint128_seed2,5,5,5,2;5;6;7;8,False,False,,5;6;7;8,2,14.0,27.0,447.0,86.0,5.0,False,1.0,14.0,14.0,False
20,10,_original_nint128_seed2,5,5,5,2;5;6;8;9,False,False,,2;5;6;9,8,13.0,26.0,485.0,80.0,5.0,False,1.0,13.0,13.0,False
20,10,_original_nint128_seed2,5,5,5,0;1;2;3;8,False,False,,0;1;2;8,3,20.0,54.0,958.0,53.0,5.0,False,1.0,20.0,20.0,False
20,10,_original_nint128_seed2,5,5,5,1;2;3;4;8,False,False,,1;2;4;8,3,19.0,55.0,1020.0,52.0,5.0,False,1.0,19.0,19.0,False
20,10,_original_nint128_seed2,5,5,5,1;2;3;6;8,False,False,,1;2;6;8,3,15.0,40.0,795.0,54.0,5.0,False,1.0,15.0,15.0,False
20,10,_original_nint128_seed2,5,5,5,1;2;3;8;9,False,False,,1;2;8;9,3,18.0,52.0,1038.0,50.0,5.0,False,1.0,18.0,18.0,False
20,10,_original_nint128_seed2,5,5,5,0;2;3;5;6,False,False,,0;2;5;6,3,16.0,30.0,425.0,74.0,5.0,False,1.0,16.0,16.0,False
20,10,_original_nint128_seed2,5,5,5,2;3;4;5;6,False,False,,2;4;5;6,3,15.0,35.0,488.0,74.0,5.0,False,1.0,15.0,15.0,False
20,10,_original_nint128_seed2,5,5,5,2;3;5;6;9,False,False,,2;5;6;9,3,13.0,29.0,507.0,73.0,5.0,False,1.0,13.0,13.0,False
20,10,_original_nint128_seed2,5,5,5,0;1;2;7;8,False,False,,0;2;7;8,1,17.0,42.0,904.0,63.0,5.0,False,1.0,17.0,17.0,False
20,10,_original_nint128_seed2,5,5,5,0;2;3;7;8,False,False,,0;2;7;8,3,21.0,48.0,913.0,62.0,5.0,False,1.0,21.0,21.0,False
20,10,_original_nint128_seed2,5,5,5,0;2;4;7;8,False,False,,0;2;4;7,8,16.0,38.0,882.0,67.0,5.0,False,1.0,16.0,16.0,False
20,10,_original_nint128_seed2,5,5,5,0;2;5;7;8,False,False,,2;5;7;8,0,16.0,30.0,610.0,81.0,5.0,False,1.0,16.0,16.0,False
20,10,_original_nint128_seed2,5,5,5,0;2;6;7;8,False,False,,0;2;6;7,8,17.0,38.0,654.0,71.0,5.0,False,1.0,17.0,17.0,False
20,10,_original_nint128_seed2,5,5,5,0;2;7;8;9,False,False,,2;7;8;9,0,17.0,39.0,895.0,66.0,5.0,False,1.0,17.0,17.0,False
20,10,_original_nint128_seed2,5,5,5,0;5;6;7;8,False,False,,5;6;7;8,0,16.0,28.0,401.0,76.0,5.0,False,1.0,16.0,16.0,False
20,10,_original_nint128_seed2,5,5,5,4;5;6;7;8,False,False,,5;6;7;8,4,14.0,27.0,466.0,75.0,5.0,False,1.0,14.0,14.0,False
20,10,_original_nint128_seed2,5,5,5,5;6;7;8;9,False,False,,5;6;7;8,9,13.0,24.0,485.0,74.0,5.0,False,1.0,13.0,13.0,False
20,10,_original_nint128_seed2,5,5,5,0;3;4;7;8,False,False,,0;4;7;8,3,21.0,50.0,931.0,54.0,5.0,False,1.0,21.0,21.0,False
20,10,_original_nint128_seed2,5,5,5,1;3;4;7;8,False,False,,1;4;7;8,3,22.0,59.0,1024.0,47.0,5.0,False,1.0,22.0,22.0,False
20,10,_original_nint128_seed2,5,5,5,2;3;4;7;8,False,False,,2;4;7;8,3,19.0,48.0,975.0,61.0,5.0,False,1.0,19.0,19.0,False
20,10,_original_nint128_seed2,5,5,5,3;4;6;7;8,False,False,,4;6;7;8,3,18.0,43.0,767.0,55.0,5.0,False,1.0,18.0,18.0,False
20,10,_original_nint128_seed2,5,5,5,3;4;7;8;9,False,False,,4;7;8;9,3,21.0,54.0,1010.0,52.0,5.0,False,1.0,21.0,21.0,False
20,10,_original_nint128_seed2,5,5,5,0;1;3;4;6,False,False,,0;3;4;6,1,20.0,49.0,752.0,42.0,5.0,False,1.0,20.0,20.0,False
20,10,_original_nint128_seed2,5,5,5,0;2;3;4;6,False,False,,0;2;4;6,3,16.0,34.0,701.0,56.0,5.0,False,1.0,16.0,16.0,False
20,10,_original_nint128_seed2,5,5,5,0;3;4;5;6,False,False,,0;4;5;6,3,17.0,38.0,441.0,65.0,5.0,False,1.0,17.0,17.0,False
20,10,_original_nint128_seed2,5,5,5,0;3;4;6;7,False,False,,0;4;6;7,3,17.0,42.0,697.0,54.0,5.0,False,1.0,17.0,17.0,False
20,10,_original_nint128_seed2,5,5,5,0;3;4;6;8,False,False,,0;4;6;8,3,20.0,47.0,724.0,52.0,5.0,False,1.0,20.0,20.0,False
20,10,_original_nint128_seed2,5,5,5,0;1;3;4;7,False,False,,0;1;4;7,3,24.0,60.0,955.0,45.0,5.0,False,1.0,24.0,24.0,False
20,10,_original_nint128_seed2,5,5,5,0;2;3;4;7,False,False,,0;2;4;7,3,19.0,43.0,907.0,58.0,5.0,False,1.0,19.0,19.0,False
20,10,_original_nint128_seed2,5,5,5,0;2;5;6;9,False,False,,2;5;6;9,0,14.0,27.0,406.0,79.0,5.0,False,1.0,14.0,14.0,False
20,10,_original_nint128_seed2,5,5,5,2;4;5;6;9,False,False,,2;5;6;9,4,13.0,30.0,472.0,80.0,5.0,False,1.0,13.0,13.0,False
20,10,_original_nint128_seed2,5,5,5,2;5;6;7;9,False,False,,2;5;6;9,7,12.0,25.0,454.0,84.0,5.0,False,1.0,12.0,12.0,False
20,10,_original_nint128_seed2,5,5,5,0;1;2;8;9,False,False,,1;2;8;9,0,20.0,48.0,940.0,57.0,5.0,False,1.0,20.0,20.0,False
20,10,_original_nint128_seed2,5,5,5,1;2;4;8;9,False,False,,1;2;8;9,4,19.0,52.0,1005.0,57.0,5.0,False,1.0,19.0,19.0,False
20,10,_original_nint128_seed2,5,5,5,1;2;6;8;9,False,False,,2;6;8;9,1,15.0,35.0,780.0,59.0,5.0,False,1.0,15.0,15.0,False
20,10,_original_nint128_seed2,5,5,5,1;2;7;8;9,False,False,,2;7;8;9,1,16.0,42.0,983.0,61.0,5.0,False,1.0,16.0,16.0,False
20,10,_original_nint128_seed2,5,5,5,1;2;3;4;9,False,False,,2;3;4;9,1,22.0,58.0,1028.0,49.0,5.0,False,1.0,22.0,22.0,False
20,10,_original_nint128_seed2,5,5,5,2;3;4;5;9,False,False,,2;3;5;9,4,17.0,42.0,731.0,70.0,5.0,False,1.0,17.0,17.0,False
20,10,_original_nint128_seed2,5,5,5,2;3;4;6;9,False,False,,2;3;6;9,4,17.0,41.0,777.0,56.0,5.0,False,1.0,17.0,17.0,False
20,10,_original_nint128_seed2,5,5,5,2;3;4;7;9,False,False,,2;4;7;9,3,19.0,47.0,983.0,58.0,5.0,False,1.0,19.0,19.0,False
20,10,_original_nint128_seed2,5,5,5,2;3;4;8;9,False,False,,2;4;8;9,3,22.0,53.0,1011.0,56.0,5.0,False,1.0,22.0,22.0,False
20,10,_original_nint128_seed2,5,5,5,3;4;5;6;8,False,False,,4;5;6;8,3,17.0,37.0,517.0,65.0,5.0,False,1.0,17.0,17.0,False
20,10,_original_nint128_seed2,5,5,5,3;4;5;6;9,False,False,,4;5;6;9,3,16.0,41.0,522.0,65.0,5.0,False,1.0,16.0,16.0,False
20,10,_original_nint128_seed2,5,5,5,0;1;3;4;8,False,False,,0;1;4;8,3,23.0,60.0,983.0,44.0,5.0,False,1.0,23.0,23.0,False
20,10,_original_nint128_seed2,5,5,5,1;3;4;5;8,False,False,,1;4;5;8,3,18.0,47.0,778.0,55.0,5.0,False,1.0,18.0,18.0,False
20,10,_original_nint128_seed2,5,5,5,1;3;4;6;8,False,False,,1;4;6;8,3,19.0,47.0,822.0,43.0,5.0,False,1.0,19.0,19.0,False
20,10,_original_nint128_seed2,5,5,5,1;3;4;8;9,False,False,,1;3;8;9,4,23.0,65.0,1062.0,42.0,5.0,False,1.0,23.0,23.0,False
20,10,_original_nint128_seed2,5,5,5,0;1;2;3;4,False,False,,0;2;3;4,1,22.0,54.0,952.0,49.0,5.0,False,1.0,22.0,22.0,False
20,10,_original_nint128_seed2,5,5,5,0;2;3;4;5,False,False,,0;2;4;5,3,17.0,40.0,650.0,70.0,5.0,False,1.0,17.0,17.0,False
20,10,_original_nint128_seed2,5,5,5,0;2;3;4;8,False,False,,0;2;4;8,3,22.0,52.0,932.0,58.0,5.0,False,1.0,22.0,22.0,False
20,10,_original_nint128_seed2,5,5,5,1;4;7;8;9,False,False,,4;7;8;9,1,19.0,51.0,1009.0,52.0,5.0,False,1.0,19.0,19.0,False
20,10,_original_nint128_seed2,5,5,5,2;4;7;8;9,False,False,,2;7;8;9,4,16.0,40.0,960.0,66.0,5.0,False,1.0,16.0,16.0,False
20,10,_original_nint128_seed2,5,5,5,4;5;7;8;9,False,False,,5;7;8;9,4,15.0,33.0,711.0,70.0,5.0,False,1.0,15.0,15.0,False
20,10,_original_nint128_seed2,5,5,5,4;6;7;8;9,False,False,,6;7;8;9,4,15.0,38.0,751.0,61.0,5.0,False,1.0,15.0,15.0,False
20,10,_original_nint128_seed2,5,5,5,0;2;4;5;6,False,False,,0;2;5;6,4,14.0,28.0,392.0,79.0,5.0,False,1.0,14.0,14.0,False
20,10,_original_nint128_seed2,5,5,5,0;2;5;6;7,False,False,,0;2;5;6,7,16.0,27.0,373.0,84.0,5.0,False,1.0,16.0,16.0,False
20,10,_original_nint128_seed2,5,5,5,0;1;2;4;8,False,False,,0;1;2;8,4,19.0,48.0,927.0,58.0,5.0,False,1.0,19.0,19.0,False
20,10,_original_nint128_seed2,5,5,5,0;1;2;6;8,False,False,,1;2;6;8,0,18.0,42.0,701.0,61.0,5.0,False,1.0,18.0,18.0,False
20,10,_original_nint128_seed2,5,5,5,1;3;4;7;9,False,False,,1;4;7;9,3,25.0,67.0,1031.0,45.0,5.0,False,1.0,25.0,25.0,False
20,10,_original_nint128_seed2,5,5,5,3;4;6;7;9,False,False,,4;6;7;9,3,18.0,51.0,773.0,54.0,5.0,False,1.0,18.0,18.0,False
20,10,_original_nint128_seed2,5,5,5,2;3;6;7;8,False,False,,2;6;7;8,3,17.0,41.0,748.0,64.0,5.0,False,1.0,17.0,17.0,False
20,10,_original_nint128_seed2,5,5,5,2;3;7;8;9,False,False,,2;7;8;9,3,18.0,46.0,993.0,59.0,5.0,False,1.0,18.0,18.0,False
20,10,_original_nint128_seed2,5,5,5,1;2;4;6;8,False,False,,2;4;6;8,1,16.0,39.0,763.0,60.0,5.0,False,1.0,16.0,16.0,False
20,10,_original_nint128_seed2,5,5,5,1;2;4;7;8,False,False,,2;4;7;8,1,16.0,43.0,965.0,63.0,5.0,False,1.0,16.0,16.0,False
20,10,_original_nint128_seed2,5,5,5,2;4;5;6;7,False,False,,2;5;6;7,4,14.0,30.0,435.0,85.0,5.0,False,1.0,14.0,14.0,False
20,10,_original_nint128_seed2,5,5,5,0;1;2;4;7,False,False,,0;2;4;7,1,19.0,44.0,898.0,59.0,5.0,False,1.0,19.0,19.0,False
20,10,_original_nint128_seed2,5,5,5,0;2;4;5;7,False,False,,0;2;5;7,4,15.0,30.0,601.0,78.0,5.0,False,1.0,15.0,15.0,False
20,10,_original_nint128_seed2,5,5,5,0;2;4;6;7,False,False,,0;2;4;6,7,14.0,31.0,648.0,67.0,5.0,False,1.0,14.0,14.0,False
20,10,_original_nint128_seed2,5,5,5,0;2;4;6;8,False,False,,0;2;4;6,8,18.0,39.0,676.0,65.0,5.0,False,1.0,18.0,18.0,False
20,10,_original_nint128_seed2,5,5,5,2;3;4;6;8,False,False,,2;4;6;8,3,17.0,38.0,770.0,58.0,5.0,False,1.0,17.0,17.0,False
20,10,_original_nint128_seed2,5,5,5,2;4;6;7;8,False,False,,2;6;7;8,4,14.0,34.0,716.0,70.0,5.0,False,1.0,14.0,14.0,False
20,10,_original_nint128_seed2,5,5,5,2;4;6;8;9,False,False,,2;6;8;9,4,17.0,37.0,754.0,64.0,5.0,False,1.0,17.0,17.0,False
20,10,_original_nint128_seed2,5,5,5,0;1;2;3;9,False,False,,0;2;3;9,1,23.0,56.0,963.0,49.0,5.0,False,1.0,23.0,23.0,False
20,10,_original_nint128_seed2,5,5,5,0;2;3;5;9,False,False,,0;2;5;9,3,17.0,39.0,663.0,70.0,5.0,False,1.0,17.0,17.0,False
20,10,_original_nint128_seed2,5,5,5,0;2;3;6;9,False,False,,0;2;6;9,3,17.0,37.0,711.0,57.0,5.0,False,1.0,17.0,17.0,False
20,10,_original_nint128_seed2,5,5,5,0;2;3;7;9,False,False,,0;2;7;9,3,20.0,46.0,918.0,58.0,5.0,False,1.0,20.0,20.0,False
20,10,_original_nint128_seed2,5,5,5,0;2;3;8;9,False,False,,0;2;8;9,3,22.0,52.0,943.0,58.0,5.0,False,1.0,22.0,22.0,False
20,10,_original_nint128_seed2,5,5,5,0;1;2;4;5,False,False,,0;2;4;5,1,17.0,38.0,646.0,69.0,5.0,False,1.0,17.0,17.0,False
20,10,_original_nint128_seed2,5,5,5,1;2;3;4;5,False,False,,1;2;4;5,3,18.0,46.0,741.0,65.0,5.0,False,1.0,18.0,18.0,False
20,10,_original_nint128_seed2,5,5,5,1;2;4;5;7,False,False,,2;4;5;7,1,18.0,40.0,687.0,75.0,5.0,False,1.0,18.0,18.0,False
20,10,_original_nint128_seed2,5,5,5,1;2;4;5;9,False,False,,1;2;5;9,4,17.0,41.0,726.0,70.0,5.0,False,1.0,17.0,17.0,False
20,10,_original_nint128_seed2,5,5,5,0;1;4;7;8,False,False,,0;4;7;8,1,18.0,45.0,931.0,53.0,5.0,False,1.0,18.0,18.0,False
20,10,_original_nint128_seed2,5,5,5,1;4;5;7;8,False,False,,4;5;7;8,1,16.0,35.0,726.0,64.0,5.0,False,1.0,16.0,16.0,False
20,10,_original_nint128_seed2,5,5,5,1;4;6;7;8,False,False,,4;6;7;8,1,17.0,42.0,766.0,55.0,5.0,False,1.0,17.0,17.0,False
20,10,_original_nint128_seed2,5,5,5,0;4;5;6;7,False,False,,0;5;6;7,4,15.0,29.0,391.0,74.0,5.0,False,1.0,15.0,15.0,False
20,10,_original_nint128_seed2,5,5,5,4;5;6;7;9,False,False,,5;6;7;9,4,13.0,30.0,471.0,75.0,5.0,False,1.0,13.0,13.0,False
20,10,_original_nint128_seed2,5,5,5,0;1;2;3;5,False,False,,0;1;2;5,3,19.0,42.0,679.0,64.0,5.0,False,1.0,19.0,19.0,False
20,10,_original_nint128_seed2,5,5,5,0;1;3;4;5,False,False,,0;1;4;5,3,20.0,49.0,703.0,54.0,5.0,False,1.0,20.0,20.0,False
20,10,_original_nint128_seed2,5,5,5,0;1;3;5;8,False,False,,0;1;5;8,3,19.0,46.0,713.0,56.0,5.0,False,1.0,19.0,19.0,False
20,10,_original_nint128_seed2,5,5,5,0;1;3;5;9,False,False,,0;1;5;9,3,19.0,48.0,716.0,54.0,5.0,False,1.0,19.0,19.0,False
20,10,_original_nint128_seed2,5,5,5,0;1;3;6;8,False,False,,1;3;6;8,0,20.0,50.0,759.0,45.0,5.0,False,1.0,20.0,20.0,False
20,10,_original_nint128_seed2,5,5,5,0;2;3;6;8,False,False,,0;2;3;6,8,19.0,42.0,707.0,60.0,5.0,False,1.0,19.0,19.0,False
20,10,_original_nint128_seed2,5,5,5,0;3;5;6;8,False,False,,3;5;6;8,0,18.0,38.0,451.0,67.0,5.0,False,1.0,18.0,18.0,False
20,10,_original_nint128_seed2,5,5,5,0;3;6;7;8,False,False,,0;6;7;8,3,20.0,45.0,704.0,57.0,5.0,False,1.0,20.0,20.0,False
20,10,_original_nint128_seed2,5,5,5,0;3;6;8;9,False,False,,3;6;8;9,0,20.0,48.0,734.0,53.0,5.0,False,1.0,20.0,20.0,False
20,10,_original_nint128_seed2,5,5,5,0;1;6;7;8,False,False,,0;6;7;8,1,19.0,45.0,704.0,56.0,5.0,False,1.0,19.0,19.0,False
20,10,_original_nint128_seed2,5,5,5,1;2;6;7;8,False,False,,2;6;7;8,1,15.0,39.0,737.0,67.0,5.0,False,1.0,15.0,15.0,False
20,10,_original_nint128_seed2,5,5,5,1;3;6;7;8,False,False,,1;6;7;8,3,18.0,47.0,798.0,49.0,5.0,False,1.0,18.0,18.0,False
20,10,_original_nint128_seed2,5,5,5,1;6;7;8;9,False,False,,6;7;8;9,1,15.0,38.0,783.0,54.0,5.0,False,1.0,15.0,15.0,False
20,10,_original_nint128_seed2,5,5,5,0;1;3;7;8,False,False,,0;1;7;8,3,23.0,56.0,962.0,48.0,5.0,False,1.0,23.0,23.0,False
20,10,_original_nint128_seed2,5,5,5,0;3;7;8;9,False,False,,0;7;8;9,3,21.0,50.0,942.0,54.0,5.0,False,1.0,21.0,21.0,False
20,10,_original_nint128_seed2,5,5,5,1;2;4;6;9,False,False,,2;4;6;9,1,18.0,43.0,770.0,58.0,5.0,False,1.0,18.0,18.0,False
20,10,_original_nint128_seed2,5,5,5,1;2;4;7;9,False,False,,2;4;7;9,1,20.0,48.0,973.0,60.0,5.0,False,1.0,20.0,20.0,False
20,10,_original_nint128_seed2,5,5,5,3;5;6;8;9,False,False,,5;6;8;9,3,16.0,35.0,536.0,64.0,5.0,False,1.0,16.0,16.0,False
20,10,_original_nint128_seed2,5,5,5,0;1;2;6;9,False,False,,0;2;6;9,1,19.0,40.0,707.0,57.0,5.0,False,1.0,19.0,19.0,False
20,10,_original_nint128_seed2,5,5,5,1;2;3;6;9,False,False,,2;3;6;9,1,17.0,42.0,803.0,51.0,5.0,False,1.0,17.0,17.0,False
20,10,_original_nint128_seed2,5,5,5,1;2;6;7;9,False,False,,2;6;7;9,1,16.0,41.0,745.0,64.0,5.0,False,1.0,16.0,16.0,False
20,10,_original_nint128_seed2,5,5,5,0;2;5;8;9,False,False,,2;5;8;9,0,17.0,39.0,641.0,77.0,5.0,False,1.0,17.0,17.0,False
20,10,_original_nint128_seed2,5,5,5,2;3;5;8;9,False,False,,2;5;8;9,3,16.0,38.0,744.0,70.0,5.0,False,1.0,16.0,16.0,False
20,10,_original_nint128_seed2,5,5,5,2;4;5;8;9,False,False,,2;5;8;9,4,16.0,39.0,709.0,77.0,5.0,False,1.0,16.0,16.0,False
20,10,_original_nint128_seed2,5,5,5,2;5;7;8;9,False,False,,2;5;7;8,9,13.0,27.0,694.0,79.0,5.0,False,1.0,13.0,13.0,False
20,10,_original_nint128_seed2,5,5,5,0;2;3;5;8,False,False,,0;2;5;8,3,19.0,42.0,659.0,73.0,5.0,False,1.0,19.0,19.0,False
20,10,_original_nint128_seed2,5,5,5,1;2;3;4;7,False,False,,1;2;4;7,3,23.0,56.0,988.0,55.0,5.0,False,1.0,23.0,23.0,False
20,10,_original_nint128_seed2,5,5,5,2;3;4;6;7,False,False,,2;4;6;7,3,17.0,42.0,739.0,62.0,5.0,False,1.0,17.0,17.0,False
20,10,_original_nint128_seed2,5,5,5,0;3;5;6;9,False,False,,0;5;6;9,3,17.0,39.0,453.0,66.0,5.0,False,1.0,17.0,17.0,False
20,10,_original_nint128_seed2,5,5,5,0;5;6;7;9,False,False,,5;6;7;9,0,15.0,29.0,405.0,74.0,5.0,False,1.0,15.0,15.0,False
20,10,_original_nint128_seed2,5,5,5,0;5;6;8;9,False,False,,5;6;8;9,0,17.0,37.0,432.0,72.0,5.0,False,1.0,17.0,17.0,False
20,10,_original_nint128_seed2,5,5,5,0;1;3;8;9,False,False,,0;1;8;9,3,23.0,59.0,994.0,44.0,5.0,False,1.0,23.0,23.0,False
20,10,_original_nint128_seed2,5,5,5,0;1;5;8;9,False,False,,1;5;8;9,0,18.0,42.0,695.0,60.0,5.0,False,1.0,18.0,18.0,False
20,10,_original_nint128_seed2,5,5,5,0;1;6;8;9,False,False,,1;6;8;9,0,20.0,47.0,740.0,50.0,5.0,False,1.0,20.0,20.0,False
20,10,_original_nint128_seed2,5,5,5,0;1;7;8;9,False,False,,0;7;8;9,1,20.0,46.0,944.0,52.0,5.0,False,1.0,20.0,20.0,False
20,10,_original_nint128_seed2,5,5,5,0;1;2;5;7,False,False,,0;2;5;7,1,19.0,36.0,626.0,73.0,5.0,False,1.0,19.0,19.0,False
20,10,_original_nint128_seed2,5,5,5,0;2;5;7;9,False,False,,0;2;5;7,9,16.0,30.0,616.0,77.0,5.0,False,1.0,16.0,16.0,False
20,10,_original_nint128_seed2,5,5,5,0;1;6;7;9,False,False,,0;6;7;9,1,20.0,47.0,709.0,53.0,5.0,False,1.0,20.0,20.0,False
20,10,_original_nint128_seed2,5,5,5,0;2;6;7;9,False,False,,2;6;7;9,0,15.0,33.0,660.0,67.0,5.0,False,1.0,15.0,15.0,False
20,10,_original_nint128_seed2,5,5,5,0;3;6;7;9,False,False,,0;6;7;9,3,19.0,46.0,707.0,55.0,5.0,False,1.0,19.0,19.0,False
20,10,_original_nint128_seed2,5,5,5,0;6;7;8;9,False,False,,6;7;8;9,0,16.0,39.0,685.0,62.0,5.0,False,1.0,16.0,16.0,False
20,10,_original_nint128_seed2,5,5,5,2;3;6;8;9,False,False,,2;6;8;9,3,16.0,35.0,787.0,57.0,5.0,False,1.0,16.0,16.0,False
20,10,_original_nint128_seed2,5,5,5,1;2;3;5;9,False,False,,1;2;5;9,3,16.0,39.0,761.0,63.0,5.0,False,1.0,16.0,16.0,False
20,10,_original_nint128_seed2,5,5,5,1;4;6;8;9,False,False,,1;6;8;9,4,19.0,46.0,806.0,49.0,5.0,False,1.0,19.0,19.0,False
20,10,_original_nint128_seed2,5,5,5,3;4;6;8;9,False,False,,3;6;8;9,4,20.0,48.0,803.0,50.0,5.0,False,1.0,20.0,20.0,False
20,10,_original_nint128_seed2,5,5,5,4;5;6;8;9,False,False,,5;6;8;9,4,16.0,36.0,501.0,71.0,5.0,False,1.0,16.0,16.0,False
20,10,_original_nint128_seed2,5,5,5,1;3;4;5;9,False,False,,1;3;5;9,4,19.0,53.0,784.0,54.0,5.0,False,1.0,19.0,19.0,False
20,10,_original_nint128_seed2,5,5,5,1;4;5;7;9,False,False,,4;5;7;9,1,19.0,44.0,732.0,63.0,5.0,False,1.0,19.0,19.0,False
20,10,_original_nint128_seed2,5,5,5,1;4;5;8;9,False,False,,1;5;8;9,4,17.0,44.0,763.0,60.0,5.0,False,1.0,17.0,17.0,False
20,10,_original_nint128_seed2,5,5,5,0;4;5;7;8,False,False,,0;5;7;8,4,15.0,32.0,628.0,71.0,5.0,False,1.0,15.0,15.0,False
20,10,_original_nint128_seed2,5,5,5,2;4;5;7;8,False,False,,2;5;7;8,4,14.0,31.0,674.0,81.0,5.0,False,1.0,14.0,14.0,False
20,10,_original_nint128_seed2,5,5,5,0;1;4;6;7,False,False,,0;4;6;7,1,19.0,45.0,697.0,53.0,5.0,False,1.0,19.0,19.0,False
20,10,_original_nint128_seed2,5,5,5,1;2;4;6;7,False,False,,2;4;6;7,1,18.0,44.0,728.0,65.0,5.0,False,1.0,18.0,18.0,False
20,10,_original_nint128_seed2,5,5,5,1;3;4;6;7,False,False,,1;4;6;7,3,22.0,57.0,788.0,48.0,5.0,False,1.0,22.0,22.0,False
20,10,_original_nint128_seed2,5,5,5,1;4;6;7;9,False,False,,4;6;7;9,1,18.0,50.0,772.0,54.0,5.0,False,1.0,18.0,18.0,False
20,10,_original_nint128_seed2,5,5,5,0;4;5;6;8,False,False,,4;5;6;8,0,17.0,37.0,418.0,72.0,5.0,False,1.0,17.0,17.0,False
20,10,_original_nint128_seed2,5,5,5,0;1;4;5;7,False,False,,0;4;5;7,1,19.0,39.0,652.0,62.0,5.0,False,1.0,19.0,19.0,False
20,10,_original_nint128_seed2,5,5,5,0;4;6;7;8,False,False,,0;4;6;7,8,16.0,38.0,673.0,62.0,5.0,False,1.0,16.0,16.0,False
20,10,_original_nint128_seed2,5,5,5,2;4;5;7;9,False,False,,2;5;7;9,4,15.0,33.0,681.0,79.0,5.0,False,1.0,15.0,15.0,False
20,10,_original_nint128_seed2,5,5,5,0;1;4;5;8,False,False,,0;1;5;8,4,18.0,43.0,680.0,61.0,5.0,False,1.0,18.0,18.0,False
20,10,_original_nint128_seed2,5,5,5,1;3;7;8;9,False,False,,1;7;8;9,3,20.0,54.0,1042.0,45.0,5.0,False,1.0,20.0,20.0,False
20,10,_original_nint128_seed2,5,5,5,1;5;7;8;9,False,False,,5;7;8;9,1,15.0,31.0,746.0,62.0,5.0,False,1.0,15.0,15.0,False
20,10,_original_nint128_seed2,5,5,5,0;1;2;3;6,False,False,,0;2;3;6,1,20.0,43.0,726.0,52.0,5.0,False,1.0,20.0,20.0,False
20,10,_original_nint128_seed2,5,5,5,0;2;3;6;7,False,False,,0;2;6;7,3,18.0,39.0,679.0,62.0,5.0,False,1.0,18.0,18.0,False
20,10,_original_nint128_seed2,5,5,5,0;1;2;6;7,False,False,,0;2;6;7,1,20.0,43.0,669.0,64.0,5.0,False,1.0,20.0,20.0,False
20,10,_original_nint128_seed2,5,5,5,1;2;3;6;7,False,False,,2;3;6;7,1,21.0,51.0,760.0,59.0,5.0,False,1.0,21.0,21.0,False
20,10,_original_nint128_seed2,5,5,5,1;2;3;4;6,False,False,,2;3;4;6,1,19.0,46.0,786.0,52.0,5.0,False,1.0,19.0,19.0,False
20,10,_original_nint128_seed2,5,5,5,3;4;5;8;9,False,False,,3;5;8;9,4,20.0,49.0,759.0,62.0,5.0,False,1.0,20.0,20.0,False
20,10,_original_nint128_seed2,5,5,5,1;3;5;8;9,False,False,,1;5;8;9,3,16.0,41.0,798.0,53.0,5.0,False,1.0,16.0,16.0,False
20,10,_original_nint128_seed2,5,5,5,0;5;7;8;9,False,False,,5;7;8;9,0,16.0,32.0,643.0,70.0,5.0,False,1.0,16.0,16.0,False
20,10,_original_nint128_seed2,5,5,5,0;1;2;5;9,False,False,,1;2;5;9,0,18.0,38.0,661.0,68.0,5.0,False,1.0,18.0,18.0,False
20,10,_original_nint128_seed2,5,5,5,2;3;6;7;9,False,False,,2;6;7;9,3,16.0,40.0,756.0,61.0,5.0,False,1.0,16.0,16.0,False
20,10,_original_nint128_seed2,5,5,5,2;4;6;7;9,False,False,,2;6;7;9,4,14.0,36.0,723.0,68.0,5.0,False,1.0,14.0,14.0,False
20,10,_original_nint128_seed2,5,5,5,2;6;7;8;9,False,False,,2;6;8;9,7,13.0,30.0,733.0,69.0,5.0,False,1.0,13.0,13.0,False
20,10,_original_nint128_seed2,5,5,5,0;1;3;6;7,False,False,,0;3;6;7,1,23.0,52.0,728.0,48.0,5.0,False,1.0,23.0,23.0,False
20,10,_original_nint128_seed2,5,5,5,0;1;5;7;8,False,False,,0;5;7;8,1,17.0,34.0,662.0,64.0,5.0,False,1.0,17.0,17.0,False
20,10,_original_nint128_seed2,5,5,5,0;3;5;8;9,False,False,,3;5;8;9,0,20.0,47.0,688.0,64.0,5.0,False,1.0,20.0,20.0,False
20,10,_original_nint128_seed2,5,5,5,0;1;3;6;9,False,False,,0;3;6;9,1,21.0,52.0,762.0,43.0,5.0,False,1.0,21.0,21.0,False
20,10,_original_nint128_seed2,5,5,5,1;3;4;6;9,False,False,,1;3;6;9,4,20.0,56.0,828.0,42.0,5.0,False,1.0,20.0,20.0,False
20,10,_original_nint128_seed2,5,5,5,1;3;6;7;9,False,False,,1;6;7;9,3,20.0,53.0,805.0,47.0,5.0,False,1.0,20.0,20.0,False
20,10,_original_nint128_seed2,5,5,5,1;3;6;8;9,False,False,,1;6;8;9,3,17.0,43.0,839.0,42.0,5.0,False,1.0,17.0,17.0,False
20,10,_original_nint128_seed2,5,5,5,2;3;4;5;8,False,False,,2;4;5;8,3,17.0,43.0,724.0,72.0,5.0,False,1.0,17.0,17.0,False
20,10,_original_nint128_seed2,5,5,5,0;2;6;8;9,False,False,,2;6;8;9,0,18.0,38.0,688.0,65.0,5.0,False,1.0,18.0,18.0,False
20,10,_original_nint128_seed2,5,5,5,1;2;5;7;9,False,False,,2;5;7;9,1,17.0,35.0,707.0,73.0,5.0,False,1.0,17.0,17.0,False
20,10,_original_nint128_seed2,5,5,5,0;3;4;5;8,False,False,,0;4;5;8,3,21.0,48.0,675.0,64.0,5.0,False,1.0,21.0,21.0,False
20,10,_original_nint128_seed2,5,5,5,0;1;2;3;7,False,False,,0;1;2;7,3,25.0,55.0,929.0,54.0,5.0,False,1.0,25.0,25.0,False
20,10,_original_nint128_seed2,5,5,5,3;6;7;8;9,False,False,,6;7;8;9,3,16.0,40.0,784.0,54.0,5.0,False,1.0,16.0,16.0,False
20,10,_original_nint128_seed2,5,5,5,0;1;3;7;9,False,False,,0;3;7;9,1,25.0,62.0,966.0,45.0,5.0,False,1.0,25.0,25.0,False
20,10,_original_nint128_seed2,5,5,5,1;2;3;7;9,False,False,,2;3;7;9,1,23.0,55.0,1006.0,53.0,5.0,False,1.0,23.0,23.0,False
20,10,_original_nint128_seed2,5,5,5,0;2;4;5;8,False,False,,0;2;4;5,8,17.0,39.0,626.0,78.0,5.0,False,1.0,17.0,17.0,False
20,10,_original_nint128_seed2,5,5,5,0;1;2;4;6,False,False,,0;2;4;6,1,19.0,40.0,695.0,57.0,5.0,False,1.0,19.0,19.0,False
20,10,_original_nint128_seed2,5,5,5,0;1;4;6;8,False,False,,1;4;6;8,0,20.0,47.0,728.0,50.0,5.0,False,1.0,20.0,20.0,False
20,10,_original_nint128_seed2,5,5,5,0;1;5;7;9,False,False,,0;5;7;9,1,20.0,40.0,667.0,61.0,5.0,False,1.0,20.0,20.0,False
20,10,_original_nint128_seed2,5,5,5,0;1;2;7;9,False,False,,0;2;7;9,1,21.0,46.0,911.0,58.0,5.0,False,1.0,21.0,21.0,False
20,10,_original_nint128_seed2,6,6,4,0;1;2;3;4;7,False,False,,0;2;3;4;7,1,15.0,36.0,842.0,65.0,5.0,False,1.0,15.0,15.0,False
20,10,_original_nint128_seed2,6,6,4,0;1;2;3;6;7,False,False,,0;2;3;6;7,1,15.0,34.0,613.0,70.0,5.0,False,1.0,15.0,15.0,False
20,10,_original_nint128_seed2,6,6,4,0;1;2;3;7;9,False,False,,0;2;3;7;9,1,16.0,39.0,853.0,65.0,5.0,False,1.0,16.0,16.0,False
20,10,_original_nint128_seed2,6,6,4,0;3;5;6;8;9,False,False,,3;5;6;8;9,0,13.0,29.0,373.0,80.0,5.0,False,1.0,13.0,13.0,False
20,10,_original_nint128_seed2,6,6,4,2;3;5;6;8;9,False,False,,2;5;6;8;9,3,10.0,19.0,429.0,86.0,5.0,False,1.0,10.0,10.0,False
20,10,_original_nint128_seed2,6,6,4,3;4;5;6;8;9,False,False,,3;5;6;8;9,4,13.0,29.0,445.0,77.0,5.0,False,1.0,13.0,13.0,False
20,10,_original_nint128_seed2,6,6,4,0;2;3;4;6;7,False,False,,0;2;4;6;7,3,10.0,21.0,592.0,73.0,5.0,False,1.0,10.0,10.0,False
20,10,_original_nint128_seed2,6,6,4,0;2;3;6;7;8,False,False,,0;2;6;7;8,3,13.0,30.0,598.0,77.0,5.0,False,1.0,13.0,13.0,False
20,10,_original_nint128_seed2,6,6,4,0;2;3;6;7;9,False,False,,0;2;6;7;9,3,11.0,25.0,602.0,74.0,5.0,False,1.0,11.0,11.0,False
20,10,_original_nint128_seed2,6,6,4,0;4;5;6;7;8,False,False,,4;5;6;7;8,0,10.0,18.0,311.0,88.0,5.0,False,1.0,10.0,10.0,False
20,10,_original_nint128_seed2,6,6,4,2;4;5;6;7;8,False,False,,2;5;6;7;8,4,9.0,18.0,357.0,98.0,5.0,False,1.0,9.0,9.0,False
20,10,_original_nint128_seed2,6,6,4,4;5;6;7;8;9,False,False,,5;6;7;8;9,4,9.0,17.0,394.0,87.0,5.0,False,1.0,9.0,9.0,False
20,10,_original_nint128_seed2,6,6,4,0;1;2;3;8;9,False,False,,0;1;2;8;9,3,14.0,38.0,882.0,64.0,5.0,False,1.0,14.0,14.0,False
20,10,_original_nint128_seed2,6,6,4,0;2;3;5;8;9,False,False,,2;3;5;8;9,0,13.0,31.0,582.0,85.0,5.0,False,1.0,13.0,13.0,False
20,10,_original_nint128_seed2,6,6,4,0;2;3;6;8;9,False,False,,2;3;6;8;9,0,13.0,27.0,630.0,72.0,5.0,False,1.0,13.0,13.0,False
20,10,_original_nint128_seed2,6,6,4,0;2;3;7;8;9,False,False,,0;2;7;8;9,3,13.0,32.0,837.0,73.0,5.0,False,1.0,13.0,13.0,False
20,10,_original_nint128_seed2,6,6,4,0;2;5;6;7;9,False,False,,2;5;6;7;9,0,9.0,15.0,297.0,96.0,5.0,False,1.0,9.0,9.0,False
20,10,_original_nint128_seed2,6,6,4,2;4;5;6;7;9,False,False,,2;5;6;7;9,4,8.0,18.0,363.0,97.0,5.0,False,1.0,8.0,8.0,False
20,10,_original_nint128_seed2,6,6,4,2;5;6;7;8;9,False,False,,5;6;7;8;9,2,8.0,14.0,376.0,97.0,5.0,False,1.0,8.0,8.0,False
20,10,_original_nint128_seed2,6,6,4,0;1;2;7;8;9,False,False,,0;2;7;8;9,1,12.0,28.0,830.0,73.0,5.0,False,1.0,12.0,12.0,False
20,10,_original_nint128_seed2,6,6,4,1;2;4;7;8;9,False,False,,2;4;7;8;9,1,11.0,31.0,895.0,73.0,5.0,False,1.0,11.0,11.0,False
20,10,_original_nint128_seed2,6,6,4,1;2;6;7;8;9,False,False,,2;6;7;8;9,1,9.0,22.0,667.0,77.0,5.0,False,1.0,9.0,9.0,False
20,10,_original_nint128_seed2,6,6,4,1;2;3;4;7;9,False,False,,2;3;4;7;9,1,15.0,40.0,918.0,65.0,5.0,False,1.0,15.0,15.0,False
20,10,_original_nint128_seed2,6,6,4,2;3;4;6;7;9,False,False,,2;4;6;7;9,3,11.0,28.0,668.0,73.0,5.0,False,1.0,11.0,11.0,False
20,10,_original_nint128_seed2,6,6,4,2;3;4;7;8;9,False,False,,2;4;7;8;9,3,13.0,32.0,905.0,71.0,5.0,False,1.0,13.0,13.0,False
20,10,_original_nint128_seed2,6,6,4,0;1;3;4;7;8,False,False,,0;1;4;7;8,3,15.0,39.0,875.0,59.0,5.0,False,1.0,15.0,15.0,False
20,10,_original_nint128_seed2,6,6,4,1;3;4;6;7;8,False,False,,1;4;6;7;8,3,13.0,33.0,711.0,60.0,5.0,False,1.0,13.0,13.0,False
20,10,_original_nint128_seed2,6,6,4,1;3;4;7;8;9,False,False,,1;4;7;8;9,3,15.0,44.0,954.0,57.0,5.0,False,1.0,15.0,15.0,False
20,10,_original_nint128_seed2,6,6,4,0;1;2;6;7;8,False,False,,0;2;6;7;8,1,12.0,30.0,588.0,79.0,5.0,False,1.0,12.0,12.0,False
20,10,_original_nint128_seed2,6,6,4,0;1;3;6;7;8,False,False,,0;1;6;7;8,3,14.0,36.0,648.0,62.0,5.0,False,1.0,14.0,14.0,False
20,10,_original_nint128_seed2,6,6,4,0;1;4;6;7;8,False,False,,0;4;6;7;8,1,12.0,30.0,617.0,67.0,5.0,False,1.0,12.0,12.0,False
20,10,_original_nint128_seed2,6,6,4,0;1;6;7;8;9,False,False,,1;6;7;8;9,0,12.0,30.0,629.0,67.0,5.0,False,1.0,12.0,12.0,False
20,10,_original_nint128_seed2,6,6,4,1;2;3;4;5;9,True,False,,1;2;3;5;9,4,12.0,31.0,670.0,76.0,5.0,False,1.0,12.0,12.0,False
20,10,_original_nint128_seed2,6,6,4,1;2;3;4;6;9,False,False,,2;3;4;6;9,1,13.0,32.0,715.0,63.0,5.0,False,1.0,13.0,13.0,False
20,10,_original_nint128_seed2,6,6,4,1;2;3;4;8;9,False,False,,1;2;3;8;9,4,14.0,41.0,950.0,62.0,5.0,False,1.0,14.0,14.0,False
20,10,_original_nint128_seed2,6,6,4,0;1;2;4;7;8,False,False,,0;2;4;7;8,1,11.0,27.0,817.0,74.0,5.0,False,1.0,11.0,11.0,False
20,10,_original_nint128_seed2,6,6,4,0;1;4;5;7;8,True,False,,0;4;5;7;8,1,11.0,24.0,572.0,76.0,5.0,False,1.0,11.0,11.0,False
20,10,_original_nint128_seed2,6,6,4,0;2;4;5;6;7,False,False,,0;2;5;6;7,4,9.0,16.0,283.0,96.0,5.0,False,1.0,9.0,9.0,False
20,10,_original_nint128_seed2,6,6,4,1;3;4;6;7;9,False,False,,1;4;6;7;9,3,14.0,42.0,717.0,59.0,5.0,False,1.0,14.0,14.0,False
20,10,_original_nint128_seed2,6,6,4,3;4;6;7;8;9,False,False,,4;6;7;8;9,3,12.0,30.0,696.0,66.0,5.0,False,1.0,12.0,12.0,False
20,10,_original_nint128_seed2,6,6,4,0;1;2;3;6;8,False,False,,1;2;3;6;8,0,12.0,31.0,645.0,67.0,5.0,False,1.0,12.0,12.0,False
20,10,_original_nint128_seed2,6,6,4,0;2;3;4;6;8,False,False,,0;2;3;4;6,8,13.0,27.0,620.0,71.0,5.0,False,1.0,13.0,13.0,False
20,10,_original_nint128_seed2,6,6,4,0;2;3;5;6;8,False,False,,0;2;3;5;6,8,12.0,24.0,344.0,89.0,5.0,False,1.0,12.0,12.0,False
20,10,_original_nint128_seed2,6,6,4,0;1;2;3;4;5,True,False,,0;1;2;4;5,3,12.0,29.0,589.0,76.0,5.0,False,1.0,12.0,12.0,False
20,10,_original_nint128_seed2,6,6,4,0;1;2;3;4;6,False,False,,0;2;3;4;6,1,13.0,27.0,639.0,63.0,5.0,False,1.0,13.0,13.0,False
20,10,_original_nint128_seed2,6,6,4,0;1;2;3;4;8,False,False,,0;1;2;4;8,3,14.0,38.0,871.0,64.0,5.0,False,1.0,14.0,14.0,False
20,10,_original_nint128_seed2,6,6,4,0;2;5;6;8;9,False,False,,2;5;6;8;9,0,11.0,22.0,325.0,94.0,5.0,False,1.0,11.0,11.0,False
20,10,_original_nint128_seed2,6,6,4,0;5;6;7;8;9,False,False,,5;6;7;8;9,0,10.0,18.0,325.0,88.0,5.0,False,1.0,10.0,10.0,False
20,10,_original_nint128_seed2,6,6,4,0;2;3;4;7;8,False,False,,0;2;4;7;8,3,13.0,31.0,826.0,73.0,5.0,False,1.0,13.0,13.0,False
20,10,_original_nint128_seed2,6,6,4,2;3;4;6;7;8,False,False,,2;4;6;7;8,3,11.0,25.0,661.0,75.0,5.0,False,1.0,11.0,11.0,False
20,10,_original_nint128_seed2,6,6,4,0;2;3;4;5;6,False,False,,0;2;4;5;6,3,10.0,19.0,335.0,86.0,5.0,False,1.0,10.0,10.0,False
20,10,_original_nint128_seed2,6,6,4,0;2;4;5;6;8,False,False,,0;2;4;5;6,8,11.0,23.0,311.0,94.0,5.0,False,1.0,11.0,11.0,False
20,10,_original_nint128_seed2,6,6,4,0;1;2;4;6;8,False,False,,1;2;4;6;8,0,13.0,30.0,614.0,72.0,5.0,False,1.0,13.0,13.0,False
20,10,_original_nint128_seed2,6,6,4,2;4;5;6;8;9,False,False,,2;5;6;8;9,4,10.0,21.0,394.0,93.0,5.0,False,1.0,10.0,10.0,False
20,10,_original_nint128_seed2,6,6,4,1;3;4;5;8;9,True,False,,1;3;5;8;9,4,13.0,36.0,707.0,66.0,5.0,False,1.0,13.0,13.0,False
20,10,_original_nint128_seed2,6,6,4,1;4;5;7;8;9,True,False,,1;5;7;8;9,4,11.0,25.0,655.0,75.0,5.0,False,1.0,11.0,11.0,False
20,10,_original_nint128_seed2,6,6,4,1;2;4;5;7;9,True,False,,2;4;5;7;9,1,12.0,27.0,616.0,86.0,5.0,False,1.0,12.0,12.0,False
20,10,_original_nint128_seed2,6,6,4,1;2;4;6;7;9,False,False,,2;4;6;7;9,1,11.0,30.0,657.0,76.0,5.0,False,1.0,11.0,11.0,False
20,10,_original_nint128_seed2,6,6,4,0;1;2;3;6;9,False,False,,0;2;3;6;9,1,13.0,29.0,649.0,64.0,5.0,False,1.0,13.0,13.0,False
20,10,_original_nint128_seed2,6,6,4,0;2;3;5;6;9,False,False,,0;2;5;6;9,3,10.0,19.0,347.0,87.0,5.0,False,1.0,10.0,10.0,False
20,10,_original_nint128_seed2,6,6,4,0;1;3;4;6;8,False,False,,1;3;4;6;8,0,14.0,35.0,672.0,56.0,5.0,False,1.0,14.0,14.0,False
20,10,_original_nint128_seed2,6,6,4,0;1;3;6;8;9,False,False,,1;3;6;8;9,0,14.0,35.0,682.0,57.0,5.0,False,1.0,14.0,14.0,False
20,10,_original_nint128_seed2,6,6,4,0;1;2;6;7;9,False,False,,0;2;6;7;9,1,12.0,28.0,594.0,75.0,5.0,False,1.0,12.0,12.0,False
20,10,_original_nint128_seed2,6,6,4,1;2;3;6;7;9,False,False,,2;3;6;7;9,1,12.0,33.0,690.0,69.0,5.0,False,1.0,12.0,12.0,False
20,10,_original_nint128_seed2,6,6,4,0;2;5;7;8;9,False,False,,2;5;7;8;9,0,10.0,20.0,535.0,92.0,5.0,False,1.0,10.0,10.0,False
20,10,_original_nint128_seed2,6,6,4,2;4;5;7;8;9,False,False,,2;5;7;8;9,4,9.0,20.0,603.0,92.0,5.0,False,1.0,9.0,9.0,False
20,10,_original_nint128_seed2,6,6,4,0;3;4;6;7;8,False,False,,0;4;6;7;8,3,12.0,29.0,617.0,68.0,5.0,False,1.0,12.0,12.0,False
20,10,_original_nint128_seed2,6,6,4,1;2;3;6;8;9,False,False,,1;2;6;8;9,3,10.0,24.0,725.0,64.0,5.0,False,1.0,10.0,10.0,False
20,10,_original_nint128_seed2,6,6,4,2;3;4;5;6;9,False,False,,2;3;5;6;9,4,10.0,23.0,416.0,86.0,5.0,False,1.0,10.0,10.0,False
20,10,_original_nint128_seed2,6,6,4,0;2;5;6;7;8,False,False,,2;5;6;7;8,0,11.0,20.0,292.0,99.0,5.0,False,1.0,11.0,11.0,False
20,10,_original_nint128_seed2,6,6,4,0;2;6;7;8;9,False,False,,2;6;7;8;9,0,10.0,22.0,579.0,82.0,5.0,False,1.0,10.0,10.0,False
20,10,_original_nint128_seed2,6,6,4,0;1;2;3;5;9,True,False,,0;1;2;5;9,3,12.0,28.0,602.0,76.0,5.0,False,1.0,12.0,12.0,False
20,10,_original_nint128_seed2,6,6,4,0;1;3;6;7;9,False,False,,0;3;6;7;9,1,15.0,38.0,651.0,60.0,5.0,False,1.0,15.0,15.0,False
20,10,_original_nint128_seed2,6,6,4,0;1;5;7;8;9,True,False,,1;5;7;8;9,0,12.0,23.0,587.0,75.0,5.0,False,1.0,12.0,12.0,False
20,10,_original_nint128_seed2,6,6,4,0;2;4;6;7;8,False,False,,0;2;4;6;7,8,10.0,23.0,567.0,82.0,5.0,False,1.0,10.0,10.0,False
20,10,_original_nint128_seed2,6,6,4,0;1;2;4;5;7,True,False,,0;2;4;5;7,1,12.0,24.0,536.0,85.0,5.0,False,1.0,12.0,12.0,False
20,10,_original_nint128_seed2,6,6,4,0;1;2;5;7;9,True,False,,0;2;5;7;9,1,13.0,24.0,551.0,84.0,5.0,False,1.0,13.0,13.0,False
20,10,_original_nint128_seed2,6,6,4,0;1;3;5;8;9,True,False,,1;3;5;8;9,0,13.0,33.0,636.0,68.0,5.0,False,1.0,13.0,13.0,False
20,10,_original_nint128_seed2,6,6,4,2;4;6;7;8;9,False,False,,2;6;7;8;9,4,9.0,21.0,645.0,81.0,5.0,False,1.0,9.0,9.0,False
20,10,_original_nint128_seed2,6,6,4,0;1;3;4;6;7,False,False,,0;3;4;6;7,1,14.0,35.0,641.0,59.0,5.0,False,1.0,14.0,14.0,False
20,10,_original_nint128_seed2,6,6,4,0;1;3;4;5;8,True,False,,0;1;4;5;8,3,14.0,35.0,623.0,68.0,5.0,False,1.0,14.0,14.0,False
20,10,_original_nint128_seed2,6,6,4,0;2;3;4;5;8,False,False,,0;2;4;5;8,3,13.0,31.0,569.0,85.0,5.0,False,1.0,13.0,13.0,False
20,10,_original_nint128_seed2,6,6,4,0;3;4;5;6;8,False,False,,0;4;5;6;8,3,13.0,28.0,361.0,79.0,5.0,False,1.0,13.0,13.0,False
20,10,_original_nint128_seed2,6,6,4,1;2;4;6;8;9,False,False,,1;2;6;8;9,4,12.0,28.0,692.0,71.0,5.0,False,1.0,12.0,12.0,False
20,10,_original_nint128_seed2,6,6,4,2;3;4;6;8;9,False,False,,2;3;6;8;9,4,13.0,27.0,699.0,69.0,5.0,False,1.0,13.0,13.0,False
20,10,_original_nint128_seed2,6,6,4,1;4;6;7;8;9,False,False,,1;6;7;8;9,4,11.0,29.0,695.0,66.0,5.0,False,1.0,11.0,11.0,False
20,10,_original_nint128_seed2,6,6,4,0;3;6;7;8;9,False,False,,0;6;7;8;9,3,12.0,30.0,627.0,69.0,5.0,False,1.0,12.0,12.0,False
20,10,_original_nint128_seed2,6,6,4,1;3;6;7;8;9,False,False,,1;6;7;8;9,3,11.0,29.0,728.0,59.0,5.0,False,1.0,11.0,11.0,False
20,10,_original_nint128_seed2,6,6,4,0;1;2;4;6;7,False,False,,0;2;4;6;7,1,12.0,27.0,582.0,75.0,5.0,False,1.0,12.0,12.0,False
20,10,_original_nint128_seed2,6,6,4,1;3;4;6;8;9,False,False,,1;3;6;8;9,4,14.0,35.0,751.0,54.0,5.0,False,1.0,14.0,14.0,False
20,10,_original_nint128_seed2,6,6,4,1;2;3;4;6;7,False,False,,2;3;4;6;7,1,14.0,36.0,673.0,70.0,5.0,False,1.0,14.0,14.0,False
20,10,_original_nint128_seed2,6,6,4,1;2;3;4;6;8,False,False,,2;3;4;6;8,1,11.0,27.0,708.0,65.0,5.0,False,1.0,11.0,11.0,False
20,10,_original_nint128_seed2,6,6,4,2;3;4;5;6;8,False,False,,2;4;5;6;8,3,11.0,22.0,410.0,87.0,5.0,False,1.0,11.0,11.0,False
20,10,_original_nint128_seed2,6,6,4,2;3;4;5;8;9,False,False,,2;3;5;8;9,4,13.0,31.0,653.0,83.0,5.0,False,1.0,13.0,13.0,False
20,10,_original_nint128_seed2,6,6,4,0;1;3;7;8;9,False,False,,0;1;7;8;9,3,15.0,38.0,886.0,59.0,5.0,False,1.0,15.0,15.0,False
20,10,_original_nint128_seed2,6,6,4,2;3;6;7;8;9,False,False,,2;6;7;8;9,3,10.0,22.0,678.0,74.0,5.0,False,1.0,10.0,10.0,False
20,10,_original_nint128_seed2,6,6,4,1;2;4;6;7;8,False,False,,2;4;6;7;8,1,10.0,26.0,650.0,78.0,5.0,False,1.0,10.0,10.0,False
20,10,_original_nint128_seed2,6,6,4,0;2;4;5;7;8,False,False,,0;2;4;5;7,8,10.0,20.0,520.0,93.0,5.0,False,1.0,10.0,10.0,False
20,10,_original_nint128_seed2,6,6,4,0;1;2;6;8;9,False,False,,1;2;6;8;9,0,13.0,29.0,626.0,72.0,5.0,False,1.0,13.0,13.0,False
20,10,_original_nint128_seed2,7,7,3,0;1;2;3;6;7;9,True,False,,0;2;3;6;7;9,1,8.0,20.0,536.0,82.0,5.0,False,1.0,8.0,8.0,False
20,10,_original_nint128_seed2,7,7,3,1;2;3;4;6;7;9,True,False,,2;3;4;6;7;9,1,8.0,22.0,602.0,81.0,5.0,False,1.0,8.0,8.0,False
20,10,_original_nint128_seed2,7,7,3,0;1;2;4;6;7;8,True,False,,0;2;4;6;7;8,1,7.0,17.0,501.0,90.0,5.0,False,1.0,7.0,7.0,False
20,10,_original_nint128_seed2,7,7,3,0;1;2;6;7;8;9,True,False,,1;2;6;7;8;9,0,7.0,16.0,513.0,90.0,5.0,False,1.0,7.0,7.0,False
20,10,_original_nint128_seed2,7,7,3,0;1;2;3;4;6;7,True,False,,0;2;3;4;6;7,1,8.0,17.0,526.0,81.0,5.0,False,1.0,8.0,8.0,False
20,10,_original_nint128_seed2,7,7,3,0;2;3;4;6;7;8,True,False,,0;2;3;4;6;7,8,7.0,14.0,511.0,88.0,5.0,False,1.0,7.0,7.0,False
20,10,_original_nint128_seed2,7,7,3,2;3;4;6;7;8;9,True,False,,2;4;6;7;8;9,3,7.0,14.0,590.0,86.0,5.0,False,1.0,7.0,7.0,False
20,10,_original_nint128_seed2,7,7,3,0;1;2;3;4;6;8,True,False,,1;2;3;4;6;8,0,8.0,18.0,558.0,78.0,5.0,False,1.0,8.0,8.0,False
20,10,_original_nint128_seed2,7,7,3,0;2;3;4;5;6;8,True,False,,0;2;3;4;5;6,8,8.0,15.0,254.0,101.0,5.0,False,1.0,8.0,8.0,False
20,10,_original_nint128_seed2,7,7,3,1;2;4;6;7;8;9,True,False,,2;4;6;7;8;9,1,6.0,15.0,579.0,89.0,5.0,False,1.0,6.0,6.0,False
20,10,_original_nint128_seed2,7,7,3,1;3;4;6;7;8;9,True,False,,1;3;6;7;8;9,4,8.0,21.0,640.0,71.0,5.0,False,1.0,8.0,8.0,False
20,10,_original_nint128_seed2,7,7,3,1;2;3;4;6;8;9,True,False,,1;2;3;6;8;9,4,8.0,18.0,637.0,76.0,5.0,False,1.0,8.0,8.0,False
20,10,_original_nint128_seed2,7,7,3,2;3;4;5;6;8;9,True,False,,2;3;5;6;8;9,4,8.0,15.0,338.0,99.0,5.0,False,1.0,8.0,8.0,False
20,10,_original_nint128_seed2,7,7,3,0;2;4;5;6;7;8,True,False,,0;2;4;5;6;7,8,6.0,11.0,202.0,111.0,5.0,False,1.0,6.0,6.0,False
20,10,_original_nint128_seed2,7,7,3,0;1;3;6;7;8;9,True,False,,1;3;6;7;8;9,0,8.0,21.0,571.0,74.0,5.0,False,1.0,8.0,8.0,False
20,10,_original_nint128_seed2,7,7,3,0;2;5;6;7;8;9,True,False,,2;5;6;7;8;9,0,6.0,10.0,216.0,111.0,5.0,False,1.0,6.0,6.0,False
20,10,_original_nint128_seed2,7,7,3,0;1;2;3;6;8;9,True,False,,1;2;3;6;8;9,0,8.0,18.0,568.0,79.0,5.0,False,1.0,8.0,8.0,False
20,10,_original_nint128_seed2,7,7,3,0;2;3;6;7;8;9,True,False,,0;2;6;7;8;9,3,7.0,14.0,521.0,89.0,5.0,False,1.0,7.0,7.0,False
20,10,_original_nint128_seed2,7,7,3,0;1;3;4;6;7;8,True,False,,0;3;4;6;7;8,1,8.0,21.0,561.0,73.0,5.0,False,1.0,8.0,8.0,False
20,10,_original_nint128_seed2,7,7,3,2;4;5;6;7;8;9,True,False,,2;5;6;7;8;9,4,5.0,9.0,285.0,110.0,5.0,False,1.0,5.0,5.0,True
20,10,_original_nint128_seed2,7,7,3,0;2;3;5;6;8;9,True,False,,0;2;3;5;6;9,8,8.0,15.0,266.0,102.0,5.0,False,1.0,8.0,8.0,False
20,10,_original_nint128_seed2,3,3,7,0;4;9,False,True,collision,4;9,0,,,,,,True,,,,
20,10,_original_nint128_seed2,3,3,7,1;5;6,False,True,collision,5;6,1,,,,,,True,,,,
20,10,_original_nint128_seed2,3,3,7,3;5;7,False,True,collision,3;5,7,,,,,,True,,,,
20,10,_original_nint128_seed2,4,4,6,0;4;7;9,False,True,monotone,4;7;9,0,,,,,,True,,,,
20,10,_original_nint128_seed2,4,4,6,0;2;4;9,False,True,monotone,0;2;4,9,,,,,,True,,,,
20,10,_original_nint128_seed2,4,4,6,3;5;7;9,False,True,monotone,3;5;9,7,,,,,,True,,,,
20,10,_original_nint128_seed2,4,4,6,0;4;6;9,False,True,monotone,0;4;6,9,,,,,,True,,,,
20,10,_original_nint128_seed2,4,4,6,1;3;5;7,False,True,monotone,1;3;7,5,,,,,,True,,,,
20,10,_original_nint128_seed2,4,4,6,3;4;5;7,False,True,monotone,3;4;5,7,,,,,,True,,,,
20,10,_original_nint128_seed2,4,4,6,0;1;4;9,False,True,monotone,0;1;9,4,,,,,,True,,,,
20,10,_original_nint128_seed2,4,4,6,0;4;8;9,False,True,monotone,4;8;9,0,,,,,,True,,,,
20,10,_original_nint128_seed2,4,4,6,3;5;7;8,False,True,monotone,3;5;8,7,,,,,,True,,,,
20,10,_original_nint128_seed2,4,4,6,1;3;5;6,False,True,monotone,1;3;6,5,,,,,,True,,,,
20,10,_original_nint128_seed2,4,4,6,1;5;6;8,False,True,monotone,1;6;8,5,,,,,,True,,,,
20,10,_original_nint128_seed2,4,4,6,1;5;6;7,False,True,monotone,1;5;7,6,,,,,,True,,,,
20,10,_original_nint128_seed2,4,4,6,0;3;5;7,False,True,monotone,0;3;5,7,,,,,,True,,,,
20,10,_original_nint128_seed2,4,4,6,1;4;5;6,False,True,monotone,1;4;6,5,,,,,,True,,,,
20,10,_original_nint128_seed2,4,4,6,2;3;5;7,False,True,monotone,2;3;5,7,,,,,,True,,,,
20,10,_original_nint128_seed2,4,4,6,1;5;6;9,False,True,monotone,5;6;9,1,,,,,,True,,,,
20,10,_original_nint128_seed2,4,4,6,1;2;5;8,False,True,collision,2;5;8,1,,,,,,True,,,,
20,10,_original_nint128_seed2,4,4,6,1;2;5;6,False,True,monotone,1;2;6,5,,,,,,True,,,,
20,10,_original_nint128_seed2,4,4,6,0;3;4;9,False,True,monotone,0;3;4,9,,,,,,True,,,,
20,10,_original_nint128_seed2,4,4,6,3;5;6;7,False,True,monotone,5;6;7,3,,,,,,True,,,,
20,10,_original_nint128_seed2,4,4,6,0;4;5;9,False,True,monotone,4;5;9,0,,,,,,True,,,,
20,10,_original_nint128_seed2,4,4,6,0;1;5;6,False,True,monotone,0;1;6,5,,,,,,True,,,,
20,10,_original_nint128_seed2,5,5,5,1;2;5;6;8,False,True,monotone,2;5;6;8,1,,,,,,True,,,,
20,10,_original_nint128_seed2,5,5,5,1;2;3;5;8,False,True,monotone,1;2;3;8,5,,,,,,True,,,,
20,10,_original_nint128_seed2,5,5,5,1;2;3;7;8,False,True,collision,1;2;3;8,7,,,,,,True,,,,
20,10,_original_nint128_seed2,5,5,5,1;2;3;5;6,False,True,monotone,2;3;5;6,1,,,,,,True,,,,
20,10,_original_nint128_seed2,5,5,5,2;3;5;6;7,False,True,monotone,2;3;5;6,7,,,,,,True,,,,
20,10,_original_nint128_seed2,5,5,5,1;5;6;7;8,False,True,monotone,5;6;7;8,1,,,,,,True,,,,
20,10,_original_nint128_seed2,5,5,5,3;5;6;7;8,False,True,monotone,5;6;7;8,3,,,,,,True,,,,
20,10,_original_nint128_seed2,5,5,5,3;4;5;7;8,False,True,monotone,3;4;7;8,5,,,,,,True,,,,
20,10,_original_nint128_seed2,5,5,5,0;3;4;6;9,False,True,monotone,0;3;4;6,9,,,,,,True,,,,
20,10,_original_nint128_seed2,5,5,5,0;3;4;5;7,False,True,monotone,0;3;4;7,5,,,,,,True,,,,
20,10,_original_nint128_seed2,5,5,5,0;3;4;7;9,False,True,monotone,0;3;4;7,9,,,,,,True,,,,
20,10,_original_nint128_seed2,5,5,5,1;2;5;6;9,False,True,monotone,2;5;6;9,1,,,,,,True,,,,
20,10,_original_nint128_seed2,5,5,5,1;2;5;8;9,False,True,monotone,1;2;8;9,5,,,,,,True,,,,
20,10,_original_nint128_seed2,5,5,5,0;2;3;4;9,False,True,monotone,2;3;4;9,0,,,,,,True,,,,
20,10,_original_nint128_seed2,5,5,5,1;3;4;5;6,False,True,monotone,3;4;5;6,1,,,,,,True,,,,
20,10,_original_nint128_seed2,5,5,5,3;4;5;6;7,False,True,monotone,3;4;5;6,7,,,,,,True,,,,
20,10,_original_nint128_seed2,5,5,5,0;4;7;8;9,False,True,monotone,4;7;8;9,0,,,,,,True,,,,
20,10,_original_nint128_seed2,5,5,5,0;1;2;5;6,False,True,monotone,0;2;5;6,1,,,,,,True,,,,
20,10,_original_nint128_seed2,5,5,5,0;1;2;5;8,False,True,monotone,0;1;2;8,5,,,,,,True,,,,
20,10,_original_nint128_seed2,5,5,5,3;4;5;7;9,False,True,monotone,3;4;7;9,5,,,,,,True,,,,
20,10,_original_nint128_seed2,5,5,5,2;3;5;7;8,False,True,monotone,2;3;7;8,5,,,,,,True,,,,
20,10,_original_nint128_seed2,5,5,5,1;2;4;5;8,False,True,monotone,1;2;4;8,5,,,,,,True,,,,
20,10,_original_nint128_seed2,5,5,5,1;2;4;5;6,False,True,monotone,2;4;5;6,1,,,,,,True,,,,
20,10,_original_nint128_seed2,5,5,5,0;2;4;7;9,False,True,monotone,0;2;4;7,9,,,,,,True,,,,
20,10,_original_nint128_seed2,5,5,5,1;4;5;6;7,False,True,monotone,4;5;6;7,1,,,,,,True,,,,
20,10,_original_nint128_seed2,5,5,5,0;1;3;5;6,False,True,monotone,0;1;3;5,6,,,,,,True,,,,
20,10,_original_nint128_seed2,5,5,5,0;1;3;5;7,False,True,monotone,0;1;3;5,7,,,,,,True,,,,
20,10,_original_nint128_seed2,5,5,5,0;3;5;7;8,False,True,monotone,0;3;7;8,5,,,,,,True,,,,
20,10,_original_nint128_seed2,5,5,5,0;1;2;4;9,False,True,monotone,1;2;4;9,0,,,,,,True,,,,
20,10,_original_nint128_seed2,5,5,5,1;3;5;6;8,False,True,monotone,3;5;6;8,1,,,,,,True,,,,
20,10,_original_nint128_seed2,5,5,5,1;2;5;7;8,False,True,monotone,1;2;7;8,5,,,,,,True,,,,
20,10,_original_nint128_seed2,5,5,5,1;2;5;6;7,False,True,monotone,2;5;6;7,1,,,,,,True,,,,
20,10,_original_nint128_seed2,5,5,5,2;3;4;5;7,False,True,monotone,2;3;4;7,5,,,,,,True,,,,
20,10,_original_nint128_seed2,5,5,5,0;1;5;6;9,False,True,monotone,0;5;6;9,1,,,,,,True,,,,
20,10,_original_nint128_seed2,5,5,5,0;4;5;6;9,False,True,monotone,0;5;6;9,4,,,,,,True,,,,
20,10,_original_nint128_seed2,5,5,5,0;1;4;8;9,False,True,monotone,0;1;8;9,4,,,,,,True,,,,
20,10,_original_nint128_seed2,5,5,5,0;2;3;5;7,False,True,monotone,0;2;5;7,3,,,,,,True,,,,
20,10,_original_nint128_seed2,5,5,5,0;4;6;7;9,False,True,monotone,0;6;7;9,4,,,,,,True,,,,
20,10,_original_nint128_seed2,5,5,5,1;2;3;5;7,False,True,monotone,1;2;3;5,7,,,,,,True,,,,
20,10,_original_nint128_seed2,5,5,5,0;4;6;8;9,False,True,monotone,4;6;8;9,0,,,,,,True,,,,
20,10,_original_nint128_seed2,5,5,5,0;1;4;5;9,False,True,monotone,1;4;5;9,0,,,,,,True,,,,
20,10,_original_nint128_seed2,5,5,5,1;4;5;6;9,False,True,monotone,1;4;5;9,6,,,,,,True,,,,
20,10,_original_nint128_seed2,5,5,5,1;4;5;6;8,False,True,monotone,4;5;6;8,1,,,,,,True,,,,
20,10,_original_nint128_seed2,5,5,5,0;4;5;7;9,False,True,monotone,0;4;5;7,9,,,,,,True,,,,
20,10,_original_nint128_seed2,5,5,5,0;2;4;5;9,False,True,monotone,2;4;5;9,0,,,,,,True,,,,
20,10,_original_nint128_seed2,5,5,5,1;5;6;7;9,False,True,monotone,5;6;7;9,1,,,,,,True,,,,
20,10,_original_nint128_seed2,5,5,5,3;5;6;7;9,False,True,monotone,5;6;7;9,3,,,,,,True,,,,
20,10,_original_nint128_seed2,5,5,5,0;3;4;5;9,False,True,monotone,3;4;5;9,0,,,,,,True,,,,
20,10,_original_nint128_seed2,5,5,5,1;5;6;8;9,False,True,monotone,1;5;8;9,6,,,,,,True,,,,
20,10,_original_nint128_seed2,5,5,5,0;3;5;6;7,False,True,monotone,0;3;5;6,7,,,,,,True,,,,
20,10,_original_nint128_seed2,5,5,5,1;3;4;5;7,False,True,monotone,1;4;5;7,3,,,,,,True,,,,
20,10,_original_nint128_seed2,5,5,5,0;1;5;6;7,False,True,monotone,0;1;6;7,5,,,,,,True,,,,
20,10,_original_nint128_seed2,5,5,5,1;3;5;7;8,False,True,monotone,1;3;5;8,7,,,,,,True,,,,
20,10,_original_nint128_seed2,5,5,5,0;1;4;7;9,False,True,monotone,1;4;7;9,0,,,,,,True,,,,
20,10,_original_nint128_seed2,5,5,5,3;5;7;8;9,False,True,monotone,3;5;8;9,7,,,,,,True,,,,
20,10,_original_nint128_seed2,5,5,5,1;3;5;6;9,False,True,monotone,1;3;6;9,5,,,,,,True,,,,
20,10,_original_nint128_seed2,5,5,5,0;1;3;4;9,False,True,monotone,1;3;4;9,0,,,,,,True,,,,
20,10,_original_nint128_seed2,5,5,5,0;2;4;6;9,False,True,monotone,0;2;6;9,4,,,,,,True,,,,
20,10,_original_nint128_seed2,5,5,5,2;3;5;7;9,False,True,monotone,2;5;7;9,3,,,,,,True,,,,
20,10,_original_nint128_seed2,5,5,5,0;2;4;8;9,False,True,monotone,2;4;8;9,0,,,,,,True,,,,
20,10,_original_nint128_seed2,5,5,5,0;3;4;8;9,False,True,monotone,0;3;8;9,4,,,,,,True,,,,
20,10,_original_nint128_seed2,5,5,5,1;3;5;7;9,False,True,monotone,1;3;7;9,5,,,,,,True,,,,
20,10,_original_nint128_seed2,5,5,5,0;3;5;7;9,False,True,monotone,0;3;5;9,7,,,,,,True,,,,
20,10,_original_nint128_seed2,5,5,5,1;3;5;6;7,False,True,monotone,1;3;6;7,5,,,,,,True,,,,
20,10,_original_nint128_seed2,5,5,5,0;1;5;6;8,False,True,monotone,0;1;5;8,6,,,,,,True,,,,
20,10,_original_nint128_seed2,5,5,5,0;1;4;5;6,False,True,monotone,0;1;4;5,6,,,,,,True,,,,
20,10,_original_nint128_seed2,5,5,5,0;1;4;6;9,False,True,monotone,0;1;6;9,4,,,,,,True,,,,
20,10,_original_nint128_seed2,5,5,5,0;4;5;8;9,False,True,monotone,0;5;8;9,4,,,,,,True,,,,
20,10,_original_nint128_seed2,6,6,4,0;1;2;3;5;7,False,True,monotone,0;1;2;3;7,5,,,,,,True,,,,
20,10,_original_nint128_seed2,6,6,4,0;1;2;3;7;8,False,True,monotone,0;1;2;3;7,8,,,,,,True,,,,
20,10,_original_nint128_seed2,6,6,4,1;3;5;6;8;9,False,True,monotone,3;5;6;8;9,1,,,,,,True,,,,
20,10,_original_nint128_seed2,6,6,4,3;5;6;7;8;9,False,True,monotone,3;5;6;8;9,7,,,,,,True,,,,
20,10,_original_nint128_seed2,6,6,4,0;2;3;5;6;7,False,True,monotone,0;2;3;6;7,5,,,,,,True,,,,
20,10,_original_nint128_seed2,6,6,4,1;4;5;6;7;8,False,True,monotone,4;5;6;7;8,1,,,,,,True,,,,
20,10,_original_nint128_seed2,6,6,4,3;4;5;6;7;8,False,True,monotone,4;5;6;7;8,3,,,,,,True,,,,
20,10,_original_nint128_seed2,6,6,4,0;2;3;4;8;9,False,True,monotone,0;2;3;8;9,4,,,,,,True,,,,
20,10,_original_nint128_seed2,6,6,4,1;2;5;6;7;9,False,True,monotone,2;5;6;7;9,1,,,,,,True,,,,
20,10,_original_nint128_seed2,6,6,4,2;3;5;6;7;9,False,True,monotone,2;5;6;7;9,3,,,,,,True,,,,
20,10,_original_nint128_seed2,6,6,4,1;2;3;7;8;9,False,True,monotone,1;2;7;8;9,3,,,,,,True,,,,
20,10,_original_nint128_seed2,6,6,4,1;2;5;7;8;9,False,True,monotone,1;2;7;8;9,5,,,,,,True,,,,
20,10,_original_nint128_seed2,6,6,4,0;2;3;4;7;9,False,True,monotone,2;3;4;7;9,0,,,,,,True,,,,
20,10,_original_nint128_seed2,6,6,4,2;3;4;5;7;9,False,True,monotone,2;3;4;7;9,5,,,,,,True,,,,
20,10,_original_nint128_seed2,6,6,4,1;2;3;4;7;8,False,True,monotone,1;3;4;7;8,2,,,,,,True,,,,
20,10,_original_nint128_seed2,6,6,4,1;3;4;5;7;8,False,True,monotone,1;3;4;7;8,5,,,,,,True,,,,
20,10,_original_nint128_seed2,6,6,4,0;1;5;6;7;8,False,True,monotone,0;1;6;7;8,5,,,,,,True,,,,
20,10,_original_nint128_seed2,6,6,4,0;1;2;3;4;9,False,True,monotone,1;2;3;4;9,0,,,,,,True,,,,
20,10,_original_nint128_seed2,6,6,4,0;1;4;7;8;9,False,True,monotone,0;1;4;7;8,9,,,,,,True,,,,
20,10,_original_nint128_seed2,6,6,4,0;1;4;5;6;7,False,True,monotone,0;4;5;6;7,1,,,,,,True,,,,
20,10,_original_nint128_seed2,6,6,4,0;3;4;5;6;7,False,True,monotone,0;4;5;6;7,3,,,,,,True,,,,
20,10,_original_nint128_seed2,6,6,4,0;4;5;6;7;9,False,True,monotone,0;4;5;6;7,9,,,,,,True,,,,
20,10,_original_nint128_seed2,6,6,4,0;3;4;6;7;9,False,True,monotone,3;4;6;7;9,0,,,,,,True,,,,
20,10,_original_nint128_seed2,6,6,4,3;4;5;6;7;9,False,True,monotone,3;4;6;7;9,5,,,,,,True,,,,
20,10,_original_nint128_seed2,6,6,4,0;1;5;6;8;9,False,True,monotone,0;5;6;8;9,1,,,,,,True,,,,
20,10,_original_nint128_seed2,6,6,4,0;4;5;6;8;9,False,True,monotone,0;5;6;8;9,4,,,,,,True,,,,
20,10,_original_nint128_seed2,6,6,4,2;3;4;5;7;8,False,True,monotone,2;3;4;7;8,5,,,,,,True,,,,
20,10,_original_nint128_seed2,6,6,4,0;1;2;4;5;6,False,True,monotone,0;2;4;5;6,1,,,,,,True,,,,
20,10,_original_nint128_seed2,6,6,4,0;2;4;5;6;9,False,True,monotone,0;2;4;5;6,9,,,,,,True,,,,
20,10,_original_nint128_seed2,6,6,4,0;1;2;4;5;8,False,True,monotone,0;1;2;4;8,5,,,,,,True,,,,
20,10,_original_nint128_seed2,6,6,4,0;1;2;4;8;9,False,True,monotone,0;1;2;4;8,9,,,,,,True,,,,
20,10,_original_nint128_seed2,6,6,4,1;4;5;6;8;9,False,True,monotone,4;5;6;8;9,1,,,,,,True,,,,
20,10,_original_nint128_seed2,6,6,4,0;1;4;5;8;9,False,True,monotone,1;4;5;8;9,0,,,,,,True,,,,
20,10,_original_nint128_seed2,6,6,4,1;2;4;5;8;9,False,True,monotone,1;4;5;8;9,2,,,,,,True,,,,
20,10,_original_nint128_seed2,6,6,4,0;1;2;4;7;9,False,True,monotone,1;2;4;7;9,0,,,,,,True,,,,
20,10,_original_nint128_seed2,6,6,4,0;2;3;4;6;9,False,True,monotone,0;2;3;6;9,4,,,,,,True,,,,
20,10,_original_nint128_seed2,6,6,4,0;1;3;5;6;8,False,True,monotone,0;1;3;6;8,5,,,,,,True,,,,
20,10,_original_nint128_seed2,6,6,4,0;2;3;5;7;9,False,True,monotone,0;2;3;7;9,5,,,,,,True,,,,
20,10,_original_nint128_seed2,6,6,4,2;3;5;7;8;9,False,True,monotone,2;5;7;8;9,3,,,,,,True,,,,
20,10,_original_nint128_seed2,6,6,4,1;2;5;6;8;9,False,True,monotone,2;5;6;8;9,1,,,,,,True,,,,
20,10,_original_nint128_seed2,6,6,4,0;3;4;5;7;8,False,True,monotone,0;3;4;7;8,5,,,,,,True,,,,
20,10,_original_nint128_seed2,6,6,4,0;3;4;7;8;9,False,True,monotone,0;3;4;7;8,9,,,,,,True,,,,
20,10,_original_nint128_seed2,6,6,4,1;2;3;5;8;9,False,True,monotone,1;2;3;8;9,5,,,,,,True,,,,
20,10,_original_nint128_seed2,6,6,4,1;2;3;5;6;9,False,True,monotone,2;3;5;6;9,1,,,,,,True,,,,
20,10,_original_nint128_seed2,6,6,4,0;3;5;6;7;8,False,True,monotone,0;5;6;7;8,3,,,,,,True,,,,
20,10,_original_nint128_seed2,6,6,4,0;2;4;7;8;9,False,True,monotone,0;2;7;8;9,4,,,,,,True,,,,
20,10,_original_nint128_seed2,6,6,4,0;1;2;3;5;6,False,True,monotone,0;1;2;3;5,6,,,,,,True,,,,
20,10,_original_nint128_seed2,6,6,4,0;1;2;3;5;8,False,True,monotone,0;1;2;3;5,8,,,,,,True,,,,
20,10,_original_nint128_seed2,6,6,4,1;5;6;7;8;9,False,True,monotone,5;6;7;8;9,1,,,,,,True,,,,
20,10,_original_nint128_seed2,6,6,4,3;4;5;7;8;9,False,True,monotone,3;4;7;8;9,5,,,,,,True,,,,
20,10,_original_nint128_seed2,6,6,4,0;1;2;5;6;8,False,True,monotone,0;2;5;6;8,1,,,,,,True,,,,
20,10,_original_nint128_seed2,6,6,4,0;1;4;6;7;9,False,True,monotone,0;1;6;7;9,4,,,,,,True,,,,
20,10,_original_nint128_seed2,6,6,4,0;1;5;6;7;9,False,True,monotone,0;1;6;7;9,5,,,,,,True,,,,
20,10,_original_nint128_seed2,6,6,4,0;3;5;7;8;9,False,True,monotone,0;5;7;8;9,3,,,,,,True,,,,
20,10,_original_nint128_seed2,6,6,4,0;4;5;7;8;9,False,True,monotone,0;5;7;8;9,4,,,,,,True,,,,
20,10,_original_nint128_seed2,6,6,4,0;1;2;5;6;7,False,True,monotone,0;1;2;5;7,6,,,,,,True,,,,
20,10,_original_nint128_seed2,6,6,4,0;1;2;5;7;8,False,True,monotone,0;1;2;5;7,8,,,,,,True,,,,
20,10,_original_nint128_seed2,6,6,4,1;3;5;7;8;9,False,True,monotone,1;3;5;8;9,7,,,,,,True,,,,
20,10,_original_nint128_seed2,6,6,4,0;1;4;5;6;8,False,True,monotone,0;1;4;6;8,5,,,,,,True,,,,
20,10,_original_nint128_seed2,6,6,4,0;1;4;6;8;9,False,True,monotone,0;1;4;6;8,9,,,,,,True,,,,
20,10,_original_nint128_seed2,6,6,4,0;1;3;4;5;6,False,True,monotone,0;1;3;4;6,5,,,,,,True,,,,
20,10,_original_nint128_seed2,6,6,4,0;1;3;4;6;9,False,True,monotone,0;1;3;4;6,9,,,,,,True,,,,
20,10,_original_nint128_seed2,6,6,4,0;2;4;5;7;9,False,True,monotone,2;4;5;7;9,0,,,,,,True,,,,
20,10,_original_nint128_seed2,6,6,4,0;3;4;5;8;9,False,True,monotone,0;3;4;5;8,9,,,,,,True,,,,
20,10,_original_nint128_seed2,6,6,4,1;2;4;5;7;8,False,True,monotone,1;4;5;7;8,2,,,,,,True,,,,
20,10,_original_nint128_seed2,6,6,4,1;2;4;5;6;9,False,True,monotone,2;4;5;6;9,1,,,,,,True,,,,
20,10,_original_nint128_seed2,6,6,4,0;2;4;6;8;9,False,True,monotone,2;4;6;8;9,0,,,,,,True,,,,
20,10,_original_nint128_seed2,6,6,4,0;1;2;4;5;9,False,True,monotone,1;2;4;5;9,0,,,,,,True,,,,
20,10,_original_nint128_seed2,6,6,4,1;4;5;6;7;9,False,True,monotone,4;5;6;7;9,1,,,,,,True,,,,
20,10,_original_nint128_seed2,6,6,4,1;2;5;6;7;8,False,True,monotone,2;5;6;7;8,1,,,,,,True,,,,
20,10,_original_nint128_seed2,6,6,4,2;3;5;6;7;8,False,True,monotone,2;5;6;7;8,3,,,,,,True,,,,
20,10,_original_nint128_seed2,6,6,4,0;1;3;4;5;9,False,True,monotone,0;1;3;5;9,4,,,,,,True,,,,
20,10,_original_nint128_seed2,6,6,4,0;1;3;5;6;9,False,True,monotone,0;1;3;5;9,6,,,,,,True,,,,
20,10,_original_nint128_seed2,6,6,4,0;1;3;5;7;9,False,True,monotone,0;1;3;5;9,7,,,,,,True,,,,
20,10,_original_nint128_seed2,6,6,4,0;3;4;6;8;9,False,True,monotone,0;3;6;8;9,4,,,,,,True,,,,
20,10,_original_nint128_seed2,6,6,4,0;2;4;6;7;9,False,True,monotone,0;2;4;6;7,9,,,,,,True,,,,
20,10,_original_nint128_seed2,6,6,4,1;3;4;5;6;9,False,True,monotone,1;3;4;5;9,6,,,,,,True,,,,
20,10,_original_nint128_seed2,6,6,4,1;3;4;5;7;9,False,True,monotone,1;3;4;5;9,7,,,,,,True,,,,
20,10,_original_nint128_seed2,6,6,4,1;2;3;4;5;6,False,True,monotone,1;2;3;4;6,5,,,,,,True,,,,
20,10,_original_nint128_seed2,6,6,4,1;2;3;4;5;8,False,True,monotone,2;3;4;5;8,1,,,,,,True,,,,
20,10,_original_nint128_seed2,6,6,4,0;1;3;5;7;8,False,True,monotone,0;1;3;7;8,5,,,,,,True,,,,
20,10,_original_nint128_seed2,6,6,4,1;2;3;5;7;9,False,True,monotone,1;2;3;5;9,7,,,,,,True,,,,
20,10,_original_nint128_seed2,6,6,4,1;2;4;5;6;7,False,True,monotone,2;4;5;6;7,1,,,,,,True,,,,
20,10,_original_nint128_seed2,6,6,4,2;3;4;5;6;7,False,True,monotone,2;4;5;6;7,3,,,,,,True,,,,
20,10,_original_nint128_seed2,6,6,4,1;2;3;4;5;7,False,True,monotone,1;2;3;4;7,5,,,,,,True,,,,
20,10,_original_nint128_seed2,6,6,4,1;2;3;5;6;8,False,True,monotone,1;2;3;6;8,5,,,,,,True,,,,
20,10,_original_nint128_seed2,6,6,4,1;2;3;6;7;8,False,True,monotone,1;2;3;6;8,7,,,,,,True,,,,
20,10,_original_nint128_seed2,6,6,4,0;2;3;4;5;9,False,True,monotone,0;2;3;5;9,4,,,,,,True,,,,
20,10,_original_nint128_seed2,6,6,4,0;1;3;4;5;7,False,True,monotone,0;1;3;4;7,5,,,,,,True,,,,
20,10,_original_nint128_seed2,6,6,4,0;1;3;4;7;9,False,True,monotone,0;1;3;4;7,9,,,,,,True,,,,
20,10,_original_nint128_seed2,6,6,4,0;1;3;5;6;7,False,True,monotone,0;1;3;6;7,5,,,,,,True,,,,
20,10,_original_nint128_seed2,6,6,4,0;3;4;5;6;9,False,True,monotone,0;3;5;6;9,4,,,,,,True,,,,
20,10,_original_nint128_seed2,6,6,4,0;3;5;6;7;9,False,True,monotone,0;3;5;6;9,7,,,,,,True,,,,
20,10,_original_nint128_seed2,6,6,4,0;1;3;4;8;9,False,True,monotone,0;1;3;8;9,4,,,,,,True,,,,
20,10,_original_nint128_seed2,6,6,4,0;4;6;7;8;9,False,True,monotone,4;6;7;8;9,0,,,,,,True,,,,
20,10,_original_nint128_seed2,6,6,4,0;1;4;5;7;9,False,True,monotone,1;4;5;7;9,0,,,,,,True,,,,
20,10,_original_nint128_seed2,6,6,4,0;2;3;5;7;8,False,True,monotone,0;2;3;5;8,7,,,,,,True,,,,
20,10,_original_nint128_seed2,6,6,4,1;3;4;5;6;7,False,True,monotone,1;3;4;6;7,5,,,,,,True,,,,
20,10,_original_nint128_seed2,6,6,4,0;1;2;5;6;9,False,True,monotone,0;1;2;5;9,6,,,,,,True,,,,
20,10,_original_nint128_seed2,6,6,4,0;1;2;5;8;9,False,True,monotone,0;1;2;5;9,8,,,,,,True,,,,
20,10,_original_nint128_seed2,6,6,4,0;2;4;5;8;9,False,True,monotone,0;2;4;5;8,9,,,,,,True,,,,
20,10,_original_nint128_seed2,6,6,4,0;1;2;4;6;9,False,True,monotone,0;1;2;4;6,9,,,,,,True,,,,
20,10,_original_nint128_seed2,6,6,4,0;2;3;4;5;7,False,True,monotone,0;2;3;4;5,7,,,,,,True,,,,
20,10,_original_nint128_seed2,6,6,4,1;3;5;6;7;8,False,True,monotone,1;3;6;7;8,5,,,,,,True,,,,
20,10,_original_nint128_seed2,6,6,4,1;3;4;5;6;8,False,True,monotone,1;3;4;6;8,5,,,,,,True,,,,
20,10,_original_nint128_seed2,6,6,4,1;3;5;6;7;9,False,True,monotone,1;3;6;7;9,5,,,,,,True,,,,
20,10,_original_nint128_seed2,6,6,4,1;2;4;5;6;8,False,True,monotone,2;4;5;6;8,1,,,,,,True,,,,
20,10,_original_nint128_seed2,6,6,4,1;2;3;5;6;7,False,True,monotone,1;2;3;6;7,5,,,,,,True,,,,
20,10,_original_nint128_seed2,7,7,3,1;2;3;5;6;7;9,False,True,monotone,1;2;3;6;7;9,5,,,,,,True,,,,
20,10,_original_nint128_seed2,7,7,3,1;2;3;6;7;8;9,False,True,monotone,1;2;3;6;7;9,8,,,,,,True,,,,
20,10,_original_nint128_seed2,7,7,3,0;1;3;4;5;8;9,False,True,monotone,1;3;4;5;8;9,0,,,,,,True,,,,
20,10,_original_nint128_seed2,7,7,3,1;2;3;4;5;8;9,False,True,monotone,1;3;4;5;8;9,2,,,,,,True,,,,
20,10,_original_nint128_seed2,7,7,3,1;3;4;5;6;8;9,False,True,monotone,1;3;4;5;8;9,6,,,,,,True,,,,
20,10,_original_nint128_seed2,7,7,3,1;3;4;5;7;8;9,False,True,monotone,1;3;4;5;8;9,7,,,,,,True,,,,
20,10,_original_nint128_seed2,7,7,3,0;1;2;3;6;7;8,False,True,monotone,0;1;2;6;7;8,3,,,,,,True,,,,
20,10,_original_nint128_seed2,7,7,3,0;1;2;5;6;7;8,False,True,monotone,0;1;2;6;7;8,5,,,,,,True,,,,
20,10,_original_nint128_seed2,7,7,3,0;2;3;4;5;6;7,False,True,monotone,0;2;3;4;6;7,5,,,,,,True,,,,
20,10,_original_nint128_seed2,7,7,3,0;2;3;4;6;7;9,False,True,monotone,0;2;3;4;6;7,9,,,,,,True,,,,
20,10,_original_nint128_seed2,7,7,3,1;2;3;4;6;7;8,False,True,monotone,2;3;4;6;7;8,1,,,,,,True,,,,
20,10,_original_nint128_seed2,7,7,3,2;3;4;5;6;7;8,False,True,monotone,2;3;4;6;7;8,5,,,,,,True,,,,
20,10,_original_nint128_seed2,7,7,3,0;1;2;3;4;5;6,False,True,monotone,0;1;2;3;4;6,5,,,,,,True,,,,
20,10,_original_nint128_seed2,7,7,3,0;1;2;3;4;6;9,False,True,monotone,0;1;2;3;4;6,9,,,,,,True,,,,
20,10,_original_nint128_seed2,7,7,3,0;1;2;3;4;5;8,False,True,monotone,0;2;3;4;5;8,1,,,,,,True,,,,
20,10,_original_nint128_seed2,7,7,3,0;2;3;4;5;7;8,False,True,monotone,0;2;3;4;5;8,7,,,,,,True,,,,
20,10,_original_nint128_seed2,7,7,3,0;2;3;4;5;8;9,False,True,monotone,0;2;3;4;5;8,9,,,,,,True,,,,
20,10,_original_nint128_seed2,7,7,3,0;1;4;6;7;8;9,False,True,monotone,1;4;6;7;8;9,0,,,,,,True,,,,
20,10,_original_nint128_seed2,7,7,3,1;4;5;6;7;8;9,False,True,monotone,1;4;6;7;8;9,5,,,,,,True,,,,
20,10,_original_nint128_seed2,7,7,3,1;2;3;4;5;6;9,False,True,monotone,1;2;3;4;6;9,5,,,,,,True,,,,
20,10,_original_nint128_seed2,7,7,3,2;3;4;5;7;8;9,False,True,monotone,2;3;4;5;8;9,7,,,,,,True,,,,
20,10,_original_nint128_seed2,7,7,3,0;1;2;4;6;8;9,False,True,monotone,1;2;4;6;8;9,0,,,,,,True,,,,
20,10,_original_nint128_seed2,7,7,3,1;2;4;5;6;8;9,False,True,monotone,1;2;4;6;8;9,5,,,,,,True,,,,
20,10,_original_nint128_seed2,7,7,3,0;1;2;4;5;6;7,False,True,monotone,0;1;2;4;6;7,5,,,,,,True,,,,
20,10,_original_nint128_seed2,7,7,3,0;1;2;4;6;7;9,False,True,monotone,0;1;2;4;6;7,9,,,,,,True,,,,
20,10,_original_nint128_seed2,7,7,3,0;1;2;4;5;7;8,False,True,monotone,0;2;4;5;7;8,1,,,,,,True,,,,
20,10,_original_nint128_seed2,7,7,3,0;2;4;5;7;8;9,False,True,monotone,0;2;4;5;7;8,9,,,,,,True,,,,
20,10,_original_nint128_seed2,7,7,3,0;1;3;4;6;7;9,False,True,monotone,0;1;3;6;7;9,4,,,,,,True,,,,
20,10,_original_nint128_seed2,7,7,3,0;1;3;5;6;7;9,False,True,monotone,0;1;3;6;7;9,5,,,,,,True,,,,
20,10,_original_nint128_seed2,7,7,3,0;2;3;5;6;7;8,False,True,monotone,0;2;5;6;7;8,3,,,,,,True,,,,
20,10,_original_nint128_seed2,7,7,3,0;3;4;6;7;8;9,False,True,monotone,3;4;6;7;8;9,0,,,,,,True,,,,
20,10,_original_nint128_seed2,7,7,3,3;4;5;6;7;8;9,False,True,monotone,3;4;6;7;8;9,5,,,,,,True,,,,
20,10,_original_nint128_seed2,7,7,3,0;1;2;3;5;6;8,False,True,monotone,0;1;2;3;6;8,5,,,,,,True,,,,
20,10,_original_nint128_seed2,7,7,3,0;2;4;6;7;8;9,False,True,monotone,0;2;6;7;8;9,4,,,,,,True,,,,
20,10,_original_nint128_seed2,7,7,3,0;1;2;3;5;7;9,False,True,monotone,0;1;2;5;7;9,3,,,,,,True,,,,
20,10,_original_nint128_seed2,7,7,3,0;1;2;4;5;7;9,False,True,monotone,0;1;2;5;7;9,4,,,,,,True,,,,
20,10,_original_nint128_seed2,7,7,3,0;1;2;5;6;7;9,False,True,monotone,0;1;2;5;7;9,6,,,,,,True,,,,
20,10,_original_nint128_seed2,7,7,3,0;1;2;5;7;8;9,False,True,monotone,0;1;2;5;7;9,8,,,,,,True,,,,
20,10,_original_nint128_seed2,7,7,3,0;3;4;5;6;7;8,False,True,monotone,0;3;4;6;7;8,5,,,,,,True,,,,
20,10,_original_nint128_seed2,7,7,3,0;1;2;3;4;7;9,False,True,monotone,1;2;3;4;7;9,0,,,,,,True,,,,
20,10,_original_nint128_seed2,7,7,3,1;2;3;4;5;7;9,False,True,monotone,1;2;3;4;7;9,5,,,,,,True,,,,
20,10,_original_nint128_seed2,7,7,3,1;2;3;4;7;8;9,False,True,monotone,1;2;3;4;7;9,8,,,,,,True,,,,
20,10,_original_nint128_seed2,7,7,3,0;1;2;3;4;5;7,False,True,monotone,0;1;2;4;5;7,3,,,,,,True,,,,
20,10,_original_nint128_seed2,7,7,3,0;3;4;5;6;8;9,False,True,monotone,3;4;5;6;8;9,0,,,,,,True,,,,
20,10,_original_nint128_seed2,7,7,3,0;2;4;5;6;7;9,False,True,monotone,0;2;4;5;6;7,9,,,,,,True,,,,
20,10,_original_nint128_seed2,7,7,3,0;1;2;3;4;7;8,False,True,monotone,0;1;2;4;7;8,3,,,,,,True,,,,
20,10,_original_nint128_seed2,7,7,3,0;1;2;4;7;8;9,False,True,monotone,0;1;2;4;7;8,9,,,,,,True,,,,
20,10,_original_nint128_seed2,7,7,3,0;1;2;4;5;6;8,False,True,monotone,0;1;2;4;6;8,5,,,,,,True,,,,
20,10,_original_nint128_seed2,7,7,3,1;2;4;5;6;7;8,False,True,monotone,2;4;5;6;7;8,1,,,,,,True,,,,
20,10,_original_nint128_seed2,7,7,3,0;1;4;5;6;7;8,False,True,monotone,0;1;4;6;7;8,5,,,,,,True,,,,
20,10,_original_nint128_seed2,7,7,3,0;2;3;5;7;8;9,False,True,monotone,0;2;5;7;8;9,3,,,,,,True,,,,
20,10,_original_nint128_seed2,7,7,3,1;3;5;6;7;8;9,False,True,monotone,1;3;6;7;8;9,5,,,,,,True,,,,
20,10,_original_nint128_seed2,7,7,3,0;1;3;4;5;7;8,False,True,monotone,0;1;4;5;7;8,3,,,,,,True,,,,
20,10,_original_nint128_seed2,7,7,3,0;1;4;5;7;8;9,False,True,monotone,0;1;4;5;7;8,9,,,,,,True,,,,
20,10,_original_nint128_seed2,7,7,3,0;1;2;3;4;5;9,False,True,monotone,1;2;3;4;5;9,0,,,,,,True,,,,
20,10,_original_nint128_seed2,7,7,3,0;2;3;4;6;8;9,False,True,monotone,2;3;4;6;8;9,0,,,,,,True,,,,
20,10,_original_nint128_seed2,7,7,3,0;4;5;6;7;8;9,False,True,monotone,0;4;5;6;7;8,9,,,,,,True,,,,
20,10,_original_nint128_seed2,7,7,3,0;1;2;3;4;8;9,False,True,monotone,0;1;2;3;8;9,4,,,,,,True,,,,
20,10,_original_nint128_seed2,7,7,3,0;1;2;3;5;8;9,False,True,monotone,0;1;2;3;8;9,5,,,,,,True,,,,
20,10,_original_nint128_seed2,7,7,3,0;1;2;3;7;8;9,False,True,monotone,0;1;2;3;8;9,7,,,,,,True,,,,
20,10,_original_nint128_seed2,7,7,3,0;1;2;3;5;6;9,False,True,monotone,0;2;3;5;6;9,1,,,,,,True,,,,
20,10,_original_nint128_seed2,7,7,3,0;2;3;4;5;6;9,False,True,monotone,0;2;3;5;6;9,4,,,,,,True,,,,
20,10,_original_nint128_seed2,7,7,3,0;2;3;5;6;7;9,False,True,monotone,0;2;3;5;6;9,7,,,,,,True,,,,
20,10,_original_nint128_seed2,7,7,3,0;1;3;4;5;6;8,False,True,monotone,0;3;4;5;6;8,1,,,,,,True,,,,
20,10,_original_nint128_seed2,7,7,3,1;2;4;5;6;7;9,False,True,monotone,1;2;4;5;7;9,6,,,,,,True,,,,
20,10,_original_nint128_seed2,7,7,3,1;2;4;5;7;8;9,False,True,monotone,1;2;4;5;7;9,8,,,,,,True,,,,
20,10,_original_nint128_seed2,7,7,3,1;2;3;4;5;6;8,False,True,monotone,1;2;3;4;6;8,5,,,,,,True,,,,
20,10,_original_nint128_seed2,7,7,3,0;1;5;6;7;8;9,False,True,monotone,0;5;6;7;8;9,1,,,,,,True,,,,
20,10,_original_nint128_seed2,7,7,3,0;3;5;6;7;8;9,False,True,monotone,0;5;6;7;8;9,3,,,,,,True,,,,
20,10,_original_nint128_seed2,7,7,3,1;3;4;5;6;7;9,False,True,monotone,1;3;4;6;7;9,5,,,,,,True,,,,
20,10,_original_nint128_seed2,7,7,3,0;2;3;4;7;8;9,False,True,monotone,0;2;3;7;8;9,4,,,,,,True,,,,
20,10,_original_nint128_seed2,7,7,3,1;2;3;5;6;8;9,False,True,monotone,2;3;5;6;8;9,1,,,,,,True,,,,
20,10,_original_nint128_seed2,7,7,3,2;3;5;6;7;8;9,False,True,monotone,2;3;5;6;8;9,7,,,,,,True,,,,
20,10,_original_nint128_seed2,7,7,3,0;1;3;4;7;8;9,False,True,monotone,1;3;4;7;8;9,0,,,,,,True,,,,
20,10,_original_nint128_seed2,7,7,3,0;2;4;5;6;8;9,False,True,monotone,2;4;5;6;8;9,0,,,,,,True,,,,
20,10,_original_nint128_seed2,7,7,3,2;3;4;5;6;7;9,False,True,monotone,2;3;4;5;6;9,7,,,,,,True,,,,
20,10,_original_nint128_seed2,7,7,3,0;1;3;5;7;8;9,False,True,monotone,0;1;3;7;8;9,5,,,,,,True,,,,
20,10,_original_nint128_seed2,7,7,3,0;1;2;3;5;6;7,False,True,monotone,0;1;2;3;6;7,5,,,,,,True,,,,
20,10,_original_nint128_seed2,7,7,3,0;1;3;4;5;6;7,False,True,monotone,0;1;3;4;6;7,5,,,,,,True,,,,
20,10,_original_nint128_seed2,7,7,3,1;2;5;6;7;8;9,False,True,monotone,2;5;6;7;8;9,1,,,,,,True,,,,
20,10,_original_nint128_seed2,7,7,3,0;1;2;5;6;8;9,False,True,monotone,0;1;2;6;8;9,5,,,,,,True,,,,
20,10,_original_nint128_seed2,7,7,3,0;1;3;4;6;8;9,False,True,monotone,1;3;4;6;8;9,0,,,,,,True,,,,
20,10,_original_nint128_seed2,7,7,3,0;1;3;5;6;8;9,False,True,monotone,0;3;5;6;8;9,1,,,,,,True,,,,
20,10,_original_nint128_seed2,7,7,3,0;1;3;5;6;7;8,False,True,monotone,0;1;3;6;7;8,5,,,,,,True,,,,
20,10,_original_nint128_seed2,7,7,3,1;3;4;5;6;7;8,False,True,monotone,1;3;4;6;7;8,5,,,,,,True,,,,
20,10,_original_nint128_seed2,7,7,3,1;2;3;4;5;6;7,False,True,monotone,1;2;3;4;6;7,5,,,,,,True,,,,
20,10,_original_nint128_seed2,8,8,2,0;2;4;5;6;7;8;9,False,True,monotone,2;4;5;6;7;8;9,0,,,,,,True,,,,
20,10,_original_nint128_seed2,8,8,2,1;2;4;5;6;7;8;9,False,True,monotone,2;4;5;6;7;8;9,1,,,,,,True,,,,
20,10,_original_nint128_seed2,8,8,2,2;3;4;5;6;7;8;9,False,True,monotone,2;4;5;6;7;8;9,3,,,,,,True,,,,
20,10,_original_nint128_seed2,8,8,2,0;1;2;3;4;6;7;9,False,True,monotone,1;2;3;4;6;7;9,0,,,,,,True,,,,
20,10,_original_nint128_seed2,8,8,2,1;2;3;4;5;6;7;9,False,True,monotone,1;2;3;4;6;7;9,5,,,,,,True,,,,
20,10,_original_nint128_seed2,8,8,2,1;2;3;4;6;7;8;9,False,True,monotone,1;2;3;4;6;7;9,8,,,,,,True,,,,
20,10,_original_nint128_seed2,8,8,2,0;1;2;3;6;7;8;9,False,True,monotone,0;2;3;6;7;8;9,1,,,,,,True,,,,
20,10,_original_nint128_seed2,8,8,2,0;2;3;4;6;7;8;9,False,True,monotone,0;2;3;6;7;8;9,4,,,,,,True,,,,
20,10,_original_nint128_seed2,8,8,2,0;2;3;5;6;7;8;9,False,True,monotone,0;2;3;6;7;8;9,5,,,,,,True,,,,
20,10,_original_nint128_seed2,8,8,2,0;1;2;3;4;6;8;9,False,True,monotone,1;2;3;4;6;8;9,0,,,,,,True,,,,
20,10,_original_nint128_seed2,8,8,2,1;2;3;4;5;6;8;9,False,True,monotone,1;2;3;4;6;8;9,5,,,,,,True,,,,
20,10,_original_nint128_seed2,8,8,2,0;1;2;3;4;5;6;8,False,True,monotone,0;1;2;3;4;6;8,5,,,,,,True,,,,
20,10,_original_nint128_seed2,8,8,2,0;1;2;3;4;6;7;8,False,True,monotone,0;1;2;3;4;6;8,7,,,,,,True,,,,
20,10,_original_nint128_seed2,8,8,2,0;1;2;5;6;7;8;9,False,True,monotone,0;2;5;6;7;8;9,1,,,,,,True,,,,
20,10,_original_nint128_seed2,8,8,2,0;1;2;3;4;5;6;7,False,True,monotone,0;1;2;3;4;6;7,5,,,,,,True,,,,
20,10,_original_nint128_seed2,8,8,2,0;1;2;3;5;6;8;9,False,True,monotone,0;1;2;3;6;8;9,5,,,,,,True,,,,
20,10,_original_nint128_seed2,8,8,2,0;2;3;4;5;6;8;9,False,True,monotone,0;2;3;5;6;8;9,4,,,,,,True,,,,
20,10,_original_nint128_seed2,8,8,2,0;1;2;3;5;6;7;9,False,True,monotone,0;1;2;3;6;7;9,5,,,,,,True,,,,
20,10,_original_nint128_seed2,8,8,2,0;1;2;4;5;6;7;8,False,True,monotone,0;2;4;5;6;7;8,1,,,,,,True,,,,
20,10,_original_nint128_seed2,8,8,2,0;2;3;4;5;6;7;8,False,True,monotone,0;2;4;5;6;7;8,3,,,,,,True,,,,
20,10,_original_nint128_seed2,8,8,2,0;1;2;4;6;7;8;9,False,True,monotone,0;1;2;4;6;7;8,9,,,,,,True,,,,
20,10,_original_nint128_seed2,8,8,2,0;1;3;4;6;7;8;9,False,True,monotone,1;3;4;6;7;8;9,0,,,,,,True,,,,
20,10,_original_nint128_seed2,8,8,2,1;3;4;5;6;7;8;9,False,True,monotone,1;3;4;6;7;8;9,5,,,,,,True,,,,
20,10,_original_nint128_seed2,8,8,2,0;1;3;4;5;6;7;8,False,True,monotone,0;1;3;4;6;7;8,5,,,,,,True,,,,
20,10,_original_nint128_seed2,8,8,2,0;1;3;5;6;7;8;9,False,True,monotone,0;1;3;6;7;8;9,5,,,,,,True,,,,
