M,P,option,depth,num_deleted,num_remaining_relu,deleted_set_str,is_leaf,is_rejected,reject_reason,parent_set_str,added_relu,num_clusters,edge_types,weighted_edges_total,num_self_absorbed_edges,num_fixed_nodes,fixed_collision,num_scc_ge3,largest_scc_size,cycle_penalty_ge3,is_minimal_num_clusters
20,10,_original_nint128_seed11,1,1,9,0,False,False,,,0,31.0,65.0,811.0,6.0,5.0,False,1.0,31.0,31.0,False
20,10,_original_nint128_seed11,1,1,9,1,False,False,,,1,29.0,60.0,782.0,9.0,5.0,False,1.0,29.0,29.0,False
20,10,_original_nint128_seed11,1,1,9,2,False,False,,,2,34.0,70.0,842.0,3.0,5.0,False,1.0,34.0,34.0,False
20,10,_original_nint128_seed11,1,1,9,3,False,False,,,3,31.0,65.0,730.0,6.0,5.0,False,1.0,31.0,31.0,False
20,10,_original_nint128_seed11,1,1,9,4,False,False,,,4,29.0,62.0,818.0,6.0,5.0,False,1.0,29.0,29.0,False
20,10,_original_nint128_seed11,1,1,9,5,False,False,,,5,30.0,62.0,704.0,9.0,5.0,False,1.0,30.0,30.0,False
20,10,_original_nint128_seed11,1,1,9,6,False,False,,,6,32.0,64.0,781.0,7.0,5.0,False,1.0,32.0,32.0,False
20,10,_original_nint128_seed11,1,1,9,7,False,False,,,7,32.0,69.0,814.0,4.0,5.0,False,1.0,32.0,32.0,False
20,10,_original_nint128_seed11,1,1,9,8,False,False,,,8,30.0,61.0,703.0,8.0,5.0,False,1.0,30.0,30.0,False
20,10,_original_nint128_seed11,1,1,9,9,False,False,,,9,27.0,56.0,713.0,8.0,5.0,False,1.0,27.0,27.0,False
20,10,_original_nint128_seed11,2,2,8,0;2,False,False,,0,2,29.0,60.0,799.0,9.0,5.0,False,1.0,29.0,29.0,False
20,10,_original_nint128_seed11,2,2,8,1;2,False,False,,1,2,27.0,55.0,770.0,12.0,5.0,False,1.0,27.0,27.0,False
20,10,_original_nint128_seed11,2,2,8,2;3,False,False,,3,2,29.0,60.0,718.0,9.0,5.0,False,1.0,29.0,29.0,False
20,10,_original_nint128_seed11,2,2,8,2;4,False,False,,4,2,27.0,57.0,806.0,9.0,5.0,False,1.0,27.0,27.0,False
20,10,_original_nint128_seed11,2,2,8,2;5,False,False,,5,2,28.0,57.0,692.0,12.0,5.0,False,1.0,28.0,28.0,False
20,10,_original_nint128_seed11,2,2,8,2;7,False,False,,7,2,30.0,64.0,802.0,7.0,5.0,False,1.0,30.0,30.0,False
20,10,_original_nint128_seed11,2,2,8,2;8,False,False,,8,2,28.0,56.0,691.0,11.0,5.0,False,1.0,28.0,28.0,False
20,10,_original_nint128_seed11,2,2,8,2;9,False,False,,9,2,25.0,51.0,701.0,11.0,5.0,False,1.0,25.0,25.0,False
20,10,_original_nint128_seed11,2,2,8,0;9,False,False,,9,0,23.0,47.0,669.0,15.0,5.0,False,1.0,23.0,23.0,False
20,10,_original_nint128_seed11,2,2,8,1;9,False,False,,9,1,22.0,45.0,641.0,17.0,5.0,False,1.0,22.0,22.0,False
20,10,_original_nint128_seed11,2,2,8,3;9,False,False,,9,3,23.0,48.0,588.0,15.0,5.0,False,1.0,23.0,23.0,False
20,10,_original_nint128_seed11,2,2,8,4;9,False,False,,9,4,21.0,44.0,676.0,15.0,5.0,False,1.0,21.0,21.0,False
20,10,_original_nint128_seed11,2,2,8,5;9,False,False,,9,5,21.0,43.0,563.0,17.0,5.0,False,1.0,21.0,21.0,False
20,10,_original_nint128_seed11,2,2,8,6;9,False,False,,9,6,23.0,45.0,640.0,15.0,5.0,False,1.0,23.0,23.0,False
20,10,_original_nint128_seed11,2,2,8,7;9,False,False,,9,7,24.0,52.0,671.0,13.0,5.0,False,1.0,24.0,24.0,False
20,10,_original_nint128_seed11,2,2,8,8;9,False,False,,9,8,22.0,44.0,562.0,16.0,5.0,False,1.0,22.0,22.0,False
20,10,_original_nint128_seed11,2,2,8,0;8,False,False,,8,0,25.0,51.0,660.0,14.0,5.0,False,1.0,25.0,25.0,False
20,10,_original_nint128_seed11,2,2,8,3;8,False,False,,8,3,25.0,51.0,579.0,14.0,5.0,False,1.0,25.0,25.0,False
20,10,_original_nint128_seed11,2,2,8,4;8,False,False,,8,4,23.0,48.0,667.0,14.0,5.0,False,1.0,23.0,23.0,False
20,10,_original_nint128_seed11,2,2,8,5;8,False,False,,8,5,25.0,51.0,553.0,17.0,5.0,False,1.0,25.0,25.0,False
20,10,_original_nint128_seed11,2,2,8,6;8,False,False,,8,6,26.0,52.0,629.0,16.0,5.0,False,1.0,26.0,26.0,False
20,10,_original_nint128_seed11,2,2,8,7;8,False,False,,8,7,26.0,55.0,663.0,12.0,5.0,False,1.0,26.0,26.0,False
20,10,_original_nint128_seed11,2,2,8,0;7,False,False,,0,7,26.0,57.0,771.0,10.0,5.0,False,1.0,26.0,26.0,False
20,10,_original_nint128_seed11,2,2,8,1;7,False,False,,1,7,25.0,54.0,742.0,13.0,5.0,False,1.0,25.0,25.0,False
20,10,_original_nint128_seed11,2,2,8,3;7,False,False,,3,7,27.0,59.0,690.0,10.0,5.0,False,1.0,27.0,27.0,False
20,10,_original_nint128_seed11,2,2,8,4;7,False,False,,4,7,26.0,57.0,778.0,10.0,5.0,False,1.0,26.0,26.0,False
20,10,_original_nint128_seed11,2,2,8,5;7,False,False,,5,7,26.0,56.0,664.0,13.0,5.0,False,1.0,26.0,26.0,False
20,10,_original_nint128_seed11,2,2,8,6;7,False,False,,6,7,28.0,58.0,741.0,11.0,5.0,False,1.0,28.0,28.0,False
20,10,_original_nint128_seed11,2,2,8,0;3,False,False,,0,3,26.0,55.0,686.0,13.0,5.0,False,1.0,26.0,26.0,False
20,10,_original_nint128_seed11,2,2,8,1;3,False,False,,1,3,24.0,50.0,658.0,15.0,5.0,False,1.0,24.0,24.0,False
20,10,_original_nint128_seed11,2,2,8,3;4,False,False,,4,3,25.0,53.0,694.0,12.0,5.0,False,1.0,25.0,25.0,False
20,10,_original_nint128_seed11,2,2,8,3;5,False,False,,5,3,26.0,55.0,578.0,16.0,5.0,False,1.0,26.0,26.0,False
20,10,_original_nint128_seed11,2,2,8,3;6,False,False,,6,3,27.0,54.0,657.0,13.0,5.0,False,1.0,27.0,27.0,False
20,10,_original_nint128_seed11,2,2,8,0;1,False,False,,1,0,24.0,50.0,739.0,15.0,5.0,False,1.0,24.0,24.0,False
20,10,_original_nint128_seed11,2,2,8,1;4,False,False,,1,4,22.0,47.0,746.0,15.0,5.0,False,1.0,22.0,22.0,False
20,10,_original_nint128_seed11,2,2,8,1;5,False,False,,1,5,24.0,49.0,632.0,18.0,5.0,False,1.0,24.0,24.0,False
20,10,_original_nint128_seed11,2,2,8,1;6,False,False,,1,6,26.0,52.0,709.0,16.0,5.0,False,1.0,26.0,26.0,False
20,10,_original_nint128_seed11,2,2,8,0;6,False,False,,6,0,27.0,54.0,738.0,13.0,5.0,False,1.0,27.0,27.0,False
20,10,_original_nint128_seed11,2,2,8,4;6,False,False,,4,6,25.0,51.0,745.0,13.0,5.0,False,1.0,25.0,25.0,False
20,10,_original_nint128_seed11,2,2,8,5;6,False,False,,5,6,26.0,51.0,631.0,16.0,5.0,False,1.0,26.0,26.0,False
20,10,_original_nint128_seed11,2,2,8,0;5,False,False,,5,0,25.0,52.0,661.0,15.0,5.0,False,1.0,25.0,25.0,False
20,10,_original_nint128_seed11,2,2,8,4;5,False,False,,4,5,24.0,50.0,668.0,15.0,5.0,False,1.0,24.0,24.0,False
20,10,_original_nint128_seed11,2,2,8,0;4,False,False,,4,0,26.0,57.0,772.0,14.0,5.0,False,1.0,26.0,26.0,False
20,10,_original_nint128_seed11,3,3,7,0;2;8,False,False,,0;8,2,23.0,46.0,648.0,17.0,5.0,False,1.0,23.0,23.0,False
20,10,_original_nint128_seed11,3,3,7,2;3;8,False,False,,3;8,2,23.0,46.0,567.0,17.0,5.0,False,1.0,23.0,23.0,False
20,10,_original_nint128_seed11,3,3,7,2;4;8,False,False,,4;8,2,21.0,43.0,655.0,17.0,5.0,False,1.0,21.0,21.0,False
20,10,_original_nint128_seed11,3,3,7,2;5;8,False,False,,5;8,2,23.0,46.0,541.0,20.0,5.0,False,1.0,23.0,23.0,False
20,10,_original_nint128_seed11,3,3,7,2;7;8,False,False,,7;8,2,24.0,50.0,651.0,15.0,5.0,False,1.0,24.0,24.0,False
20,10,_original_nint128_seed11,3,3,7,2;8;9,False,False,,8;9,2,20.0,39.0,550.0,19.0,5.0,False,1.0,20.0,20.0,False
20,10,_original_nint128_seed11,3,3,7,0;1;4,False,False,,1;4,0,19.0,42.0,700.0,23.0,5.0,False,1.0,19.0,19.0,False
20,10,_original_nint128_seed11,3,3,7,1;2;4,False,False,,1;4,2,20.0,42.0,734.0,18.0,5.0,False,1.0,20.0,20.0,False
20,10,_original_nint128_seed11,3,3,7,1;3;4,False,False,,1;4,3,18.0,38.0,622.0,21.0,5.0,False,1.0,18.0,18.0,False
20,10,_original_nint128_seed11,3,3,7,1;4;5,False,False,,1;4,5,18.0,37.0,596.0,24.0,5.0,False,1.0,18.0,18.0,False
20,10,_original_nint128_seed11,3,3,7,1;4;6,False,False,,1;4,6,19.0,39.0,673.0,22.0,5.0,False,1.0,19.0,19.0,False
20,10,_original_nint128_seed11,3,3,7,1;4;7,False,False,,1;4,7,19.0,42.0,706.0,19.0,5.0,False,1.0,19.0,19.0,False
20,10,_original_nint128_seed11,3,3,7,1;4;9,False,False,,4;9,1,16.0,33.0,604.0,24.0,5.0,False,1.0,16.0,16.0,False
20,10,_original_nint128_seed11,3,3,7,0;4;6,False,False,,4;6,0,22.0,46.0,699.0,21.0,5.0,False,1.0,22.0,22.0,False
20,10,_original_nint128_seed11,3,3,7,3;4;6,False,False,,4;6,3,21.0,42.0,621.0,19.0,5.0,False,1.0,21.0,21.0,False
20,10,_original_nint128_seed11,3,3,7,4;5;6,False,False,,4;5,6,20.0,39.0,595.0,22.0,5.0,False,1.0,20.0,20.0,False
20,10,_original_nint128_seed11,3,3,7,4;6;7,False,False,,4;6,7,22.0,46.0,705.0,17.0,5.0,False,1.0,22.0,22.0,False
20,10,_original_nint128_seed11,3,3,7,4;6;8,False,False,,4;8,6,19.0,39.0,593.0,22.0,5.0,False,1.0,19.0,19.0,False
20,10,_original_nint128_seed11,3,3,7,4;6;9,False,False,,4;9,6,17.0,33.0,603.0,22.0,5.0,False,1.0,17.0,17.0,False
20,10,_original_nint128_seed11,3,3,7,0;2;3,False,False,,0;3,2,24.0,50.0,674.0,16.0,5.0,False,1.0,24.0,24.0,False
20,10,_original_nint128_seed11,3,3,7,1;2;3,False,False,,1;3,2,22.0,45.0,646.0,18.0,5.0,False,1.0,22.0,22.0,False
20,10,_original_nint128_seed11,3,3,7,2;3;4,False,False,,3;4,2,23.0,48.0,682.0,15.0,5.0,False,1.0,23.0,23.0,False
20,10,_original_nint128_seed11,3,3,7,2;3;5,False,False,,3;5,2,24.0,50.0,566.0,19.0,5.0,False,1.0,24.0,24.0,False
20,10,_original_nint128_seed11,3,3,7,2;3;7,False,False,,3;7,2,25.0,54.0,678.0,13.0,5.0,False,1.0,25.0,25.0,False
20,10,_original_nint128_seed11,3,3,7,2;3;9,False,False,,3;9,2,21.0,43.0,576.0,18.0,5.0,False,1.0,21.0,21.0,False
20,10,_original_nint128_seed11,3,3,7,0;3;9,False,False,,0;9,3,19.0,39.0,543.0,23.0,5.0,False,1.0,19.0,19.0,False
20,10,_original_nint128_seed11,3,3,7,1;3;9,False,False,,1;9,3,18.0,37.0,516.0,24.0,5.0,False,1.0,18.0,18.0,False
20,10,_original_nint128_seed11,3,3,7,3;4;9,False,False,,4;9,3,18.0,37.0,551.0,22.0,5.0,False,1.0,18.0,18.0,False
20,10,_original_nint128_seed11,3,3,7,3;5;9,False,False,,5;9,3,18.0,38.0,436.0,25.0,5.0,False,1.0,18.0,18.0,False
20,10,_original_nint128_seed11,3,3,7,3;6;9,False,False,,6;9,3,19.0,37.0,515.0,22.0,5.0,False,1.0,19.0,19.0,False
20,10,_original_nint128_seed11,3,3,7,3;7;9,False,False,,3;9,7,20.0,44.0,546.0,20.0,5.0,False,1.0,20.0,20.0,False
20,10,_original_nint128_seed11,3,3,7,3;8;9,False,False,,8;9,3,18.0,36.0,437.0,23.0,5.0,False,1.0,18.0,18.0,False
20,10,_original_nint128_seed11,3,3,7,0;4;5,False,False,,4;5,0,21.0,45.0,622.0,23.0,5.0,False,1.0,21.0,21.0,False
20,10,_original_nint128_seed11,3,3,7,2;4;5,False,False,,4;5,2,22.0,45.0,656.0,18.0,5.0,False,1.0,22.0,22.0,False
20,10,_original_nint128_seed11,3,3,7,3;4;5,False,False,,4;5,3,21.0,44.0,542.0,22.0,5.0,False,1.0,21.0,21.0,False
20,10,_original_nint128_seed11,3,3,7,4;5;7,False,False,,4;5,7,21.0,45.0,628.0,19.0,5.0,False,1.0,21.0,21.0,False
20,10,_original_nint128_seed11,3,3,7,4;5;8,False,False,,4;8,5,19.0,39.0,517.0,23.0,5.0,False,1.0,19.0,19.0,False
20,10,_original_nint128_seed11,3,3,7,4;5;9,False,False,,5;9,4,16.0,32.0,526.0,24.0,5.0,False,1.0,16.0,16.0,False
20,10,_original_nint128_seed11,3,3,7,0;7;9,False,False,,0;9,7,19.0,41.0,627.0,20.0,5.0,False,1.0,19.0,19.0,False
20,10,_original_nint128_seed11,3,3,7,1;7;9,False,False,,1;9,7,19.0,41.0,599.0,22.0,5.0,False,1.0,19.0,19.0,False
20,10,_original_nint128_seed11,3,3,7,2;7;9,False,False,,2;9,7,22.0,47.0,659.0,16.0,5.0,False,1.0,22.0,22.0,False
20,10,_original_nint128_seed11,3,3,7,4;7;9,False,False,,4;9,7,19.0,42.0,634.0,20.0,5.0,False,1.0,19.0,19.0,False
20,10,_original_nint128_seed11,3,3,7,5;7;9,False,False,,5;9,7,18.0,39.0,521.0,22.0,5.0,False,1.0,18.0,18.0,False
20,10,_original_nint128_seed11,3,3,7,6;7;9,False,False,,6;9,7,20.0,41.0,598.0,20.0,5.0,False,1.0,20.0,20.0,False
20,10,_original_nint128_seed11,3,3,7,7;8;9,False,False,,8;9,7,19.0,40.0,520.0,21.0,5.0,False,1.0,19.0,19.0,False
20,10,_original_nint128_seed11,3,3,7,0;7;8,False,False,,0;8,7,20.0,43.0,620.0,18.0,5.0,False,1.0,20.0,20.0,False
20,10,_original_nint128_seed11,3,3,7,3;7;8,False,False,,3;8,7,21.0,45.0,539.0,18.0,5.0,False,1.0,21.0,21.0,False
20,10,_original_nint128_seed11,3,3,7,4;7;8,False,False,,4;8,7,20.0,43.0,627.0,18.0,5.0,False,1.0,20.0,20.0,False
20,10,_original_nint128_seed11,3,3,7,5;7;8,False,False,,5;8,7,21.0,45.0,513.0,21.0,5.0,False,1.0,21.0,21.0,False
20,10,_original_nint128_seed11,3,3,7,6;7;8,False,False,,6;8,7,22.0,46.0,589.0,20.0,5.0,False,1.0,22.0,22.0,False
20,10,_original_nint128_seed11,3,3,7,0;1;5,False,False,,1;5,0,19.0,39.0,589.0,24.0,5.0,False,1.0,19.0,19.0,False
20,10,_original_nint128_seed11,3,3,7,0;2;5,False,False,,0;5,2,23.0,47.0,649.0,18.0,5.0,False,1.0,23.0,23.0,False
20,10,_original_nint128_seed11,3,3,7,0;3;5,False,False,,0;5,3,21.0,45.0,534.0,23.0,5.0,False,1.0,21.0,21.0,False
20,10,_original_nint128_seed11,3,3,7,0;5;6,False,False,,5;6,0,21.0,41.0,588.0,22.0,5.0,False,1.0,21.0,21.0,False
20,10,_original_nint128_seed11,3,3,7,0;5;7,False,False,,0;5,7,21.0,45.0,621.0,19.0,5.0,False,1.0,21.0,21.0,False
20,10,_original_nint128_seed11,3,3,7,0;5;8,False,False,,0;8,5,20.0,41.0,510.0,23.0,5.0,False,1.0,20.0,20.0,False
20,10,_original_nint128_seed11,3,3,7,0;5;9,False,False,,5;9,0,17.0,34.0,519.0,24.0,5.0,False,1.0,17.0,17.0,False
20,10,_original_nint128_seed11,3,3,7,0;4;9,False,False,,4;9,0,19.0,40.0,629.0,24.0,5.0,False,1.0,19.0,19.0,False
20,10,_original_nint128_seed11,3,3,7,2;4;9,False,False,,4;9,2,19.0,39.0,664.0,18.0,5.0,False,1.0,19.0,19.0,False
20,10,_original_nint128_seed11,3,3,7,4;8;9,False,False,,4;9,8,16.0,32.0,525.0,23.0,5.0,False,1.0,16.0,16.0,False
20,10,_original_nint128_seed11,3,3,7,0;2;9,False,False,,0;9,2,21.0,42.0,657.0,18.0,5.0,False,1.0,21.0,21.0,False
20,10,_original_nint128_seed11,3,3,7,1;2;9,False,False,,1;9,2,20.0,40.0,629.0,20.0,5.0,False,1.0,20.0,20.0,False
20,10,_original_nint128_seed11,3,3,7,2;5;9,False,False,,5;9,2,19.0,38.0,551.0,20.0,5.0,False,1.0,19.0,19.0,False
20,10,_original_nint128_seed11,3,3,7,1;5;9,False,False,,5;9,1,17.0,34.0,491.0,26.0,5.0,False,1.0,17.0,17.0,False
20,10,_original_nint128_seed11,3,3,7,5;6;9,False,False,,5;9,6,17.0,32.0,490.0,24.0,5.0,False,1.0,17.0,17.0,False
20,10,_original_nint128_seed11,3,3,7,5;8;9,False,False,,5;9,8,17.0,34.0,412.0,25.0,5.0,False,1.0,17.0,17.0,False
20,10,_original_nint128_seed11,3,3,7,0;3;4,False,False,,3;4,0,22.0,48.0,647.0,21.0,5.0,False,1.0,22.0,22.0,False
20,10,_original_nint128_seed11,3,3,7,3;4;7,False,False,,3;4,7,22.0,48.0,654.0,16.0,5.0,False,1.0,22.0,22.0,False
20,10,_original_nint128_seed11,3,3,7,3;4;8,False,False,,4;8,3,19.0,39.0,543.0,20.0,5.0,False,1.0,19.0,19.0,False
20,10,_original_nint128_seed11,3,3,7,0;6;9,False,False,,6;9,0,19.0,36.0,596.0,22.0,5.0,False,1.0,19.0,19.0,False
20,10,_original_nint128_seed11,3,3,7,1;6;9,False,False,,1;9,6,19.0,37.0,568.0,24.0,5.0,False,1.0,19.0,19.0,False
20,10,_original_nint128_seed11,3,3,7,6;8;9,False,False,,8;9,6,19.0,36.0,488.0,24.0,5.0,False,1.0,19.0,19.0,False
20,10,_original_nint128_seed11,3,3,7,0;1;7,False,False,,0;1,7,19.0,42.0,699.0,19.0,5.0,False,1.0,19.0,19.0,False
20,10,_original_nint128_seed11,3,3,7,1;2;7,False,False,,1;7,2,23.0,49.0,730.0,16.0,5.0,False,1.0,23.0,23.0,False
20,10,_original_nint128_seed11,3,3,7,1;3;7,False,False,,1;3,7,20.0,44.0,618.0,19.0,5.0,False,1.0,20.0,20.0,False
20,10,_original_nint128_seed11,3,3,7,1;5;7,False,False,,1;5,7,20.0,43.0,592.0,22.0,5.0,False,1.0,20.0,20.0,False
20,10,_original_nint128_seed11,3,3,7,1;6;7,False,False,,1;6,7,22.0,46.0,669.0,20.0,5.0,False,1.0,22.0,22.0,False
20,10,_original_nint128_seed11,3,3,7,0;1;6,False,False,,0;1,6,21.0,42.0,666.0,22.0,5.0,False,1.0,21.0,21.0,False
20,10,_original_nint128_seed11,3,3,7,0;3;6,False,False,,0;6,3,22.0,44.0,613.0,20.0,5.0,False,1.0,22.0,22.0,False
20,10,_original_nint128_seed11,3,3,7,0;6;7,False,False,,0;6,7,22.0,46.0,698.0,17.0,5.0,False,1.0,22.0,22.0,False
20,10,_original_nint128_seed11,3,3,7,0;6;8,False,False,,0;8,6,21.0,42.0,586.0,22.0,5.0,False,1.0,21.0,21.0,False
20,10,_original_nint128_seed11,3,3,7,0;1;3,False,False,,0;1,3,19.0,40.0,614.0,22.0,5.0,False,1.0,19.0,19.0,False
20,10,_original_nint128_seed11,3,3,7,0;3;7,False,False,,0;3,7,22.0,48.0,646.0,17.0,5.0,False,1.0,22.0,22.0,False
20,10,_original_nint128_seed11,3,3,7,0;3;8,False,False,,0;8,3,20.0,41.0,535.0,21.0,5.0,False,1.0,20.0,20.0,False
20,10,_original_nint128_seed11,3,3,7,0;1;2,False,False,,0;1,2,22.0,45.0,727.0,18.0,5.0,False,1.0,22.0,22.0,False
20,10,_original_nint128_seed11,3,3,7,0;2;4,False,False,,0;4,2,24.0,52.0,760.0,17.0,5.0,False,1.0,24.0,24.0,False
20,10,_original_nint128_seed11,3,3,7,0;2;7,False,False,,0;7,2,24.0,52.0,759.0,13.0,5.0,False,1.0,24.0,24.0,False
20,10,_original_nint128_seed11,3,3,7,0;4;7,False,False,,0;4,7,22.0,50.0,732.0,18.0,5.0,False,1.0,22.0,22.0,False
20,10,_original_nint128_seed11,3,3,7,0;4;8,False,False,,4;8,0,20.0,43.0,621.0,22.0,5.0,False,1.0,20.0,20.0,False
20,10,_original_nint128_seed11,3,3,7,2;4;7,False,False,,4;7,2,24.0,52.0,766.0,13.0,5.0,False,1.0,24.0,24.0,False
20,10,_original_nint128_seed11,3,3,7,1;5;6,False,False,,1;5,6,21.0,41.0,559.0,25.0,5.0,False,1.0,21.0,21.0,False
20,10,_original_nint128_seed11,3,3,7,3;5;6,False,False,,5;6,3,22.0,44.0,505.0,23.0,5.0,False,1.0,22.0,22.0,False
20,10,_original_nint128_seed11,3,3,7,5;6;7,False,False,,5;6,7,22.0,45.0,591.0,20.0,5.0,False,1.0,22.0,22.0,False
20,10,_original_nint128_seed11,3,3,7,5;6;8,False,False,,5;8,6,21.0,42.0,479.0,25.0,5.0,False,1.0,21.0,21.0,False
20,10,_original_nint128_seed11,3,3,7,1;3;5,False,False,,1;5,3,20.0,42.0,506.0,25.0,5.0,False,1.0,20.0,20.0,False
20,10,_original_nint128_seed11,3,3,7,3;5;7,False,False,,3;5,7,21.0,48.0,538.0,20.0,5.0,False,1.0,21.0,21.0,False
20,10,_original_nint128_seed11,3,3,7,3;5;8,False,False,,3;8,5,21.0,44.0,427.0,24.0,5.0,False,1.0,21.0,21.0,False
20,10,_original_nint128_seed11,3,3,7,1;3;6,False,False,,1;3,6,21.0,42.0,585.0,22.0,5.0,False,1.0,21.0,21.0,False
20,10,_original_nint128_seed11,3,3,7,3;6;7,False,False,,3;6,7,23.0,48.0,617.0,17.0,5.0,False,1.0,23.0,23.0,False
20,10,_original_nint128_seed11,3,3,7,3;6;8,False,False,,3;8,6,21.0,42.0,505.0,22.0,5.0,False,1.0,21.0,21.0,False
20,10,_original_nint128_seed11,3,3,7,0;1;9,False,False,,1;9,0,18.0,36.0,597.0,24.0,5.0,False,1.0,18.0,18.0,False
20,10,_original_nint128_seed11,3,3,7,1;2;5,False,False,,1;5,2,22.0,44.0,620.0,21.0,5.0,False,1.0,22.0,22.0,False
20,10,_original_nint128_seed11,3,3,7,2;5;7,False,False,,5;7,2,24.0,51.0,652.0,16.0,5.0,False,1.0,24.0,24.0,False
20,10,_original_nint128_seed11,3,3,7,0;8;9,False,False,,8;9,0,18.0,35.0,518.0,23.0,5.0,False,1.0,18.0,18.0,False
20,10,_original_nint128_seed11,4,4,6,0;1;2;9,False,False,,0;1;9,2,16.0,31.0,585.0,27.0,5.0,False,1.0,16.0,16.0,False
20,10,_original_nint128_seed11,4,4,6,1;2;3;9,False,False,,1;3;9,2,16.0,32.0,504.0,27.0,5.0,False,1.0,16.0,16.0,False
20,10,_original_nint128_seed11,4,4,6,1;2;4;9,False,False,,1;4;9,2,14.0,28.0,592.0,27.0,5.0,False,1.0,14.0,14.0,False
20,10,_original_nint128_seed11,4,4,6,1;2;5;9,False,False,,1;5;9,2,15.0,29.0,479.0,29.0,5.0,False,1.0,15.0,15.0,False
20,10,_original_nint128_seed11,4,4,6,1;2;7;9,False,False,,1;2;9,7,17.0,36.0,587.0,25.0,5.0,False,1.0,17.0,17.0,False
20,10,_original_nint128_seed11,4,4,6,0;1;2;7,False,False,,0;1;7,2,17.0,37.0,687.0,22.0,5.0,False,1.0,17.0,17.0,False
20,10,_original_nint128_seed11,4,4,6,0;1;3;7,False,False,,0;1;3,7,15.0,33.0,574.0,26.0,5.0,False,1.0,15.0,15.0,False
20,10,_original_nint128_seed11,4,4,6,0;1;4;7,False,False,,0;1;4,7,15.0,34.0,660.0,27.0,5.0,False,1.0,15.0,15.0,False
20,10,_original_nint128_seed11,4,4,6,0;1;5;7,False,False,,0;1;5,7,15.0,32.0,549.0,28.0,5.0,False,1.0,15.0,15.0,False
20,10,_original_nint128_seed11,4,4,6,0;1;6;7,False,False,,0;1;7,6,16.0,34.0,626.0,26.0,5.0,False,1.0,16.0,16.0,False
20,10,_original_nint128_seed11,4,4,6,0;1;7;9,False,False,,0;1;9,7,14.0,30.0,555.0,29.0,5.0,False,1.0,14.0,14.0,False
20,10,_original_nint128_seed11,4,4,6,0;2;7;8,False,False,,0;7;8,2,18.0,38.0,608.0,21.0,5.0,False,1.0,18.0,18.0,False
20,10,_original_nint128_seed11,4,4,6,2;3;7;8,False,False,,3;7;8,2,19.0,40.0,527.0,21.0,5.0,False,1.0,19.0,19.0,False
20,10,_original_nint128_seed11,4,4,6,2;4;7;8,False,False,,4;7;8,2,18.0,38.0,615.0,21.0,5.0,False,1.0,18.0,18.0,False
20,10,_original_nint128_seed11,4,4,6,2;5;7;8,False,False,,5;7;8,2,19.0,40.0,501.0,24.0,5.0,False,1.0,19.0,19.0,False
20,10,_original_nint128_seed11,4,4,6,2;7;8;9,False,False,,2;8;9,7,17.0,35.0,508.0,24.0,5.0,False,1.0,17.0,17.0,False
20,10,_original_nint128_seed11,4,4,6,0;4;7;9,False,False,,0;4;9,7,16.0,36.0,587.0,29.0,5.0,False,1.0,16.0,16.0,False
20,10,_original_nint128_seed11,4,4,6,1;4;7;9,False,False,,1;4;9,7,14.0,31.0,562.0,29.0,5.0,False,1.0,14.0,14.0,False
20,10,_original_nint128_seed11,4,4,6,2;4;7;9,False,False,,2;4;9,7,17.0,37.0,622.0,23.0,5.0,False,1.0,17.0,17.0,False
20,10,_original_nint128_seed11,4,4,6,3;4;7;9,False,False,,3;4;9,7,16.0,35.0,509.0,27.0,5.0,False,1.0,16.0,16.0,False
20,10,_original_nint128_seed11,4,4,6,4;5;7;9,False,False,,4;5;9,7,14.0,30.0,484.0,29.0,5.0,False,1.0,14.0,14.0,False
20,10,_original_nint128_seed11,4,4,6,4;6;7;9,False,False,,4;6;9,7,15.0,31.0,561.0,27.0,5.0,False,1.0,15.0,15.0,False
20,10,_original_nint128_seed11,4,4,6,4;7;8;9,False,False,,4;8;9,7,14.0,30.0,483.0,28.0,5.0,False,1.0,14.0,14.0,False
20,10,_original_nint128_seed11,4,4,6,0;1;2;4,False,False,,0;1;4,2,17.0,37.0,688.0,26.0,5.0,False,1.0,17.0,17.0,False
20,10,_original_nint128_seed11,4,4,6,0;2;3;4,False,False,,0;3;4,2,20.0,43.0,635.0,24.0,5.0,False,1.0,20.0,20.0,False
20,10,_original_nint128_seed11,4,4,6,0;2;4;5,False,False,,0;4;5,2,19.0,40.0,610.0,26.0,5.0,False,1.0,19.0,19.0,False
20,10,_original_nint128_seed11,4,4,6,0;2;4;7,False,False,,0;4;7,2,20.0,45.0,720.0,21.0,5.0,False,1.0,20.0,20.0,False
20,10,_original_nint128_seed11,4,4,6,0;2;4;8,False,False,,0;4;8,2,18.0,38.0,609.0,25.0,5.0,False,1.0,18.0,18.0,False
20,10,_original_nint128_seed11,4,4,6,0;2;4;9,False,False,,2;4;9,0,17.0,35.0,617.0,27.0,5.0,False,1.0,17.0,17.0,False
20,10,_original_nint128_seed11,4,4,6,0;3;5;9,False,False,,0;5;9,3,14.0,29.0,391.0,33.0,5.0,False,1.0,14.0,14.0,False
20,10,_original_nint128_seed11,4,4,6,1;3;5;9,False,False,,1;5;9,3,14.0,29.0,364.0,34.0,5.0,False,1.0,14.0,14.0,False
20,10,_original_nint128_seed11,4,4,6,2;3;5;9,False,False,,3;5;9,2,16.0,33.0,424.0,28.0,5.0,False,1.0,16.0,16.0,False
20,10,_original_nint128_seed11,4,4,6,3;4;5;9,False,False,,4;5;9,3,14.0,28.0,399.0,32.0,5.0,False,1.0,14.0,14.0,False
20,10,_original_nint128_seed11,4,4,6,3;5;6;9,False,False,,5;6;9,3,14.0,27.0,363.0,32.0,5.0,False,1.0,14.0,14.0,False
20,10,_original_nint128_seed11,4,4,6,3;5;7;9,False,False,,3;5;9,7,14.0,33.0,394.0,30.0,5.0,False,1.0,14.0,14.0,False
20,10,_original_nint128_seed11,4,4,6,3;5;8;9,False,False,,5;8;9,3,14.0,29.0,285.0,33.0,5.0,False,1.0,14.0,14.0,False
20,10,_original_nint128_seed11,4,4,6,2;3;4;8,False,False,,3;4;8,2,17.0,34.0,531.0,23.0,5.0,False,1.0,17.0,17.0,False
20,10,_original_nint128_seed11,4,4,6,2;4;5;8,False,False,,4;5;8,2,17.0,34.0,505.0,26.0,5.0,False,1.0,17.0,17.0,False
20,10,_original_nint128_seed11,4,4,6,2;4;8;9,False,False,,4;8;9,2,14.0,27.0,513.0,26.0,5.0,False,1.0,14.0,14.0,False
20,10,_original_nint128_seed11,4,4,6,0;1;4;6,False,False,,1;4;6,0,16.0,34.0,627.0,30.0,5.0,False,1.0,16.0,16.0,False
20,10,_original_nint128_seed11,4,4,6,0;3;4;6,False,False,,3;4;6,0,18.0,37.0,574.0,28.0,5.0,False,1.0,18.0,18.0,False
20,10,_original_nint128_seed11,4,4,6,0;4;5;6,False,False,,4;5;6,0,17.0,34.0,549.0,30.0,5.0,False,1.0,17.0,17.0,False
20,10,_original_nint128_seed11,4,4,6,0;4;6;7,False,False,,0;4;6,7,18.0,39.0,659.0,25.0,5.0,False,1.0,18.0,18.0,False
20,10,_original_nint128_seed11,4,4,6,0;4;6;8,False,False,,4;6;8,0,16.0,34.0,547.0,30.0,5.0,False,1.0,16.0,16.0,False
20,10,_original_nint128_seed11,4,4,6,0;4;6;9,False,False,,4;6;9,0,15.0,29.0,556.0,31.0,5.0,False,1.0,15.0,15.0,False
20,10,_original_nint128_seed11,4,4,6,0;4;7;8,False,False,,0;4;8,7,16.0,36.0,581.0,26.0,5.0,False,1.0,16.0,16.0,False
20,10,_original_nint128_seed11,4,4,6,3;4;7;8,False,False,,3;4;8,7,16.0,34.0,503.0,24.0,5.0,False,1.0,16.0,16.0,False
20,10,_original_nint128_seed11,4,4,6,4;5;7;8,False,False,,4;5;8,7,16.0,34.0,477.0,27.0,5.0,False,1.0,16.0,16.0,False
20,10,_original_nint128_seed11,4,4,6,4;6;7;8,False,False,,4;6;8,7,16.0,34.0,553.0,26.0,5.0,False,1.0,16.0,16.0,False
20,10,_original_nint128_seed11,4,4,6,1;2;3;7,False,False,,1;3;7,2,18.0,39.0,606.0,22.0,5.0,False,1.0,18.0,18.0,False
20,10,_original_nint128_seed11,4,4,6,1;3;4;7,False,False,,1;3;4,7,15.0,33.0,582.0,25.0,5.0,False,1.0,15.0,15.0,False
20,10,_original_nint128_seed11,4,4,6,1;3;5;7,False,False,,1;3;5,7,15.0,35.0,466.0,29.0,5.0,False,1.0,15.0,15.0,False
20,10,_original_nint128_seed11,4,4,6,1;3;6;7,False,False,,1;3;6,7,17.0,36.0,545.0,26.0,5.0,False,1.0,17.0,17.0,False
20,10,_original_nint128_seed11,4,4,6,1;3;7;9,False,False,,1;3;9,7,15.0,33.0,474.0,29.0,5.0,False,1.0,15.0,15.0,False
20,10,_original_nint128_seed11,4,4,6,0;3;4;5,False,False,,3;4;5,0,18.0,39.0,495.0,31.0,5.0,False,1.0,18.0,18.0,False
20,10,_original_nint128_seed11,4,4,6,1;3;4;5,False,False,,1;4;5,3,15.0,31.0,470.0,31.0,5.0,False,1.0,15.0,15.0,False
20,10,_original_nint128_seed11,4,4,6,2;3;4;5,False,False,,3;4;5,2,19.0,39.0,530.0,25.0,5.0,False,1.0,19.0,19.0,False
20,10,_original_nint128_seed11,4,4,6,3;4;5;6,False,False,,4;5;6,3,17.0,33.0,469.0,29.0,5.0,False,1.0,17.0,17.0,False
20,10,_original_nint128_seed11,4,4,6,3;4;5;7,False,False,,3;4;5,7,18.0,38.0,502.0,26.0,5.0,False,1.0,18.0,18.0,False
20,10,_original_nint128_seed11,4,4,6,3;4;5;8,False,False,,3;4;8,5,16.0,33.0,391.0,30.0,5.0,False,1.0,16.0,16.0,False
20,10,_original_nint128_seed11,4,4,6,0;3;4;8,False,False,,3;4;8,0,16.0,34.0,496.0,29.0,5.0,False,1.0,16.0,16.0,False
20,10,_original_nint128_seed11,4,4,6,3;4;6;8,False,False,,3;4;8,6,15.0,30.0,469.0,28.0,5.0,False,1.0,15.0,15.0,False
20,10,_original_nint128_seed11,4,4,6,3;4;8;9,False,False,,4;8;9,3,13.0,25.0,400.0,30.0,5.0,False,1.0,13.0,13.0,False
20,10,_original_nint128_seed11,4,4,6,0;2;5;9,False,False,,0;5;9,2,15.0,29.0,507.0,27.0,5.0,False,1.0,15.0,15.0,False
20,10,_original_nint128_seed11,4,4,6,2;4;5;9,False,False,,4;5;9,2,14.0,27.0,514.0,27.0,5.0,False,1.0,14.0,14.0,False
20,10,_original_nint128_seed11,4,4,6,2;5;7;9,False,False,,2;5;9,7,16.0,34.0,509.0,25.0,5.0,False,1.0,16.0,16.0,False
20,10,_original_nint128_seed11,4,4,6,2;5;8;9,False,False,,5;8;9,2,15.0,29.0,400.0,28.0,5.0,False,1.0,15.0,15.0,False
20,10,_original_nint128_seed11,4,4,6,0;7;8;9,False,False,,0;8;9,7,14.0,29.0,476.0,28.0,5.0,False,1.0,14.0,14.0,False
20,10,_original_nint128_seed11,4,4,6,3;7;8;9,False,False,,3;8;9,7,15.0,32.0,395.0,28.0,5.0,False,1.0,15.0,15.0,False
20,10,_original_nint128_seed11,4,4,6,5;7;8;9,False,False,,5;8;9,7,14.0,30.0,370.0,30.0,5.0,False,1.0,14.0,14.0,False
20,10,_original_nint128_seed11,4,4,6,6;7;8;9,False,False,,6;8;9,7,16.0,32.0,446.0,29.0,5.0,False,1.0,16.0,16.0,False
20,10,_original_nint128_seed11,4,4,6,0;1;6;9,False,False,,0;1;9,6,15.0,28.0,524.0,31.0,5.0,False,1.0,15.0,15.0,False
20,10,_original_nint128_seed11,4,4,6,0;3;6;9,False,False,,0;6;9,3,15.0,28.0,470.0,30.0,5.0,False,1.0,15.0,15.0,False
20,10,_original_nint128_seed11,4,4,6,0;5;6;9,False,False,,5;6;9,0,13.0,23.0,446.0,31.0,5.0,False,1.0,13.0,13.0,False
20,10,_original_nint128_seed11,4,4,6,0;6;7;9,False,False,,0;6;9,7,15.0,30.0,554.0,27.0,5.0,False,1.0,15.0,15.0,False
20,10,_original_nint128_seed11,4,4,6,0;6;8;9,False,False,,0;8;9,6,15.0,27.0,444.0,31.0,5.0,False,1.0,15.0,15.0,False
20,10,_original_nint128_seed11,4,4,6,0;1;3;9,False,False,,0;1;9,3,14.0,28.0,471.0,32.0,5.0,False,1.0,14.0,14.0,False
20,10,_original_nint128_seed11,4,4,6,0;1;4;9,False,False,,1;4;9,0,14.0,29.0,557.0,33.0,5.0,False,1.0,14.0,14.0,False
20,10,_original_nint128_seed11,4,4,6,0;1;5;9,False,False,,0;5;9,1,13.0,25.0,447.0,33.0,5.0,False,1.0,13.0,13.0,False
20,10,_original_nint128_seed11,4,4,6,0;5;7;9,False,False,,0;5;9,7,14.0,29.0,477.0,29.0,5.0,False,1.0,14.0,14.0,False
20,10,_original_nint128_seed11,4,4,6,1;5;7;9,False,False,,1;5;9,7,14.0,30.0,449.0,31.0,5.0,False,1.0,14.0,14.0,False
20,10,_original_nint128_seed11,4,4,6,5;6;7;9,False,False,,5;6;9,7,14.0,28.0,448.0,29.0,5.0,False,1.0,14.0,14.0,False
20,10,_original_nint128_seed11,4,4,6,0;4;8;9,False,False,,4;8;9,0,14.0,28.0,478.0,32.0,5.0,False,1.0,14.0,14.0,False
20,10,_original_nint128_seed11,4,4,6,4;5;8;9,False,False,,4;5;9,8,12.0,23.0,375.0,32.0,5.0,False,1.0,12.0,12.0,False
20,10,_original_nint128_seed11,4,4,6,4;6;8;9,False,False,,4;8;9,6,13.0,24.0,451.0,31.0,5.0,False,1.0,13.0,13.0,False
20,10,_original_nint128_seed11,4,4,6,1;3;4;9,False,False,,1;4;9,3,13.0,26.0,479.0,31.0,5.0,False,1.0,13.0,13.0,False
20,10,_original_nint128_seed11,4,4,6,1;3;6;9,False,False,,1;3;9,6,15.0,29.0,443.0,31.0,5.0,False,1.0,15.0,15.0,False
20,10,_original_nint128_seed11,4,4,6,0;2;3;8,False,False,,0;3;8,2,18.0,36.0,523.0,24.0,5.0,False,1.0,18.0,18.0,False
20,10,_original_nint128_seed11,4,4,6,2;3;5;8,False,False,,3;5;8,2,19.0,39.0,415.0,27.0,5.0,False,1.0,19.0,19.0,False
20,10,_original_nint128_seed11,4,4,6,2;3;8;9,False,False,,3;8;9,2,16.0,31.0,425.0,26.0,5.0,False,1.0,16.0,16.0,False
20,10,_original_nint128_seed11,4,4,6,0;1;2;3,False,False,,0;1;3,2,17.0,35.0,602.0,25.0,5.0,False,1.0,17.0,17.0,False
20,10,_original_nint128_seed11,4,4,6,0;1;3;4,False,False,,1;3;4,0,15.0,33.0,575.0,30.0,5.0,False,1.0,15.0,15.0,False
20,10,_original_nint128_seed11,4,4,6,0;1;3;5,False,False,,0;1;5,3,15.0,32.0,462.0,32.0,5.0,False,1.0,15.0,15.0,False
20,10,_original_nint128_seed11,4,4,6,0;1;3;6,False,False,,0;1;3,6,16.0,32.0,541.0,29.0,5.0,False,1.0,16.0,16.0,False
20,10,_original_nint128_seed11,4,4,6,0;4;5;8,False,False,,4;5;8,0,16.0,34.0,471.0,31.0,5.0,False,1.0,16.0,16.0,False
20,10,_original_nint128_seed11,4,4,6,1;4;6;7,False,False,,1;4;6,7,16.0,34.0,633.0,26.0,5.0,False,1.0,16.0,16.0,False
20,10,_original_nint128_seed11,4,4,6,3;4;6;7,False,False,,3;4;6,7,18.0,37.0,581.0,23.0,5.0,False,1.0,18.0,18.0,False
20,10,_original_nint128_seed11,4,4,6,4;5;6;7,False,False,,4;5;6,7,17.0,34.0,555.0,26.0,5.0,False,1.0,17.0,17.0,False
20,10,_original_nint128_seed11,4,4,6,0;3;5;8,False,False,,0;3;8,5,16.0,34.0,383.0,31.0,5.0,False,1.0,16.0,16.0,False
20,10,_original_nint128_seed11,4,4,6,3;5;6;8,False,False,,3;6;8,5,17.0,35.0,353.0,32.0,5.0,False,1.0,17.0,17.0,False
20,10,_original_nint128_seed11,4,4,6,3;5;7;8,False,False,,3;5;8,7,16.0,37.0,387.0,28.0,5.0,False,1.0,16.0,16.0,False
20,10,_original_nint128_seed11,4,4,6,1;3;4;6,False,False,,1;3;4,6,15.0,30.0,549.0,28.0,5.0,False,1.0,15.0,15.0,False
20,10,_original_nint128_seed11,4,4,6,1;3;5;6,False,False,,1;5;6,3,17.0,34.0,433.0,32.0,5.0,False,1.0,17.0,17.0,False
20,10,_original_nint128_seed11,4,4,6,0;3;6;7,False,False,,0;3;6,7,18.0,37.0,573.0,24.0,5.0,False,1.0,18.0,18.0,False
20,10,_original_nint128_seed11,4,4,6,0;5;6;7,False,False,,0;5;6,7,17.0,34.0,548.0,26.0,5.0,False,1.0,17.0,17.0,False
20,10,_original_nint128_seed11,4,4,6,0;6;7;8,False,False,,0;6;8,7,16.0,34.0,546.0,26.0,5.0,False,1.0,16.0,16.0,False
20,10,_original_nint128_seed11,4,4,6,1;2;3;4,False,False,,1;3;4,2,16.0,33.0,610.0,24.0,5.0,False,1.0,16.0,16.0,False
20,10,_original_nint128_seed11,4,4,6,2;3;4;7,False,False,,3;4;7,2,20.0,43.0,642.0,19.0,5.0,False,1.0,20.0,20.0,False
20,10,_original_nint128_seed11,4,4,6,2;3;4;9,False,False,,3;4;9,2,16.0,32.0,539.0,25.0,5.0,False,1.0,16.0,16.0,False
20,10,_original_nint128_seed11,4,4,6,1;4;6;9,False,False,,1;4;9,6,13.0,25.0,531.0,31.0,5.0,False,1.0,13.0,13.0,False
20,10,_original_nint128_seed11,4,4,6,3;4;6;9,False,False,,4;6;9,3,14.0,26.0,478.0,29.0,5.0,False,1.0,14.0,14.0,False
20,10,_original_nint128_seed11,4,4,6,4;5;6;9,False,False,,4;5;9,6,12.0,21.0,453.0,31.0,5.0,False,1.0,12.0,12.0,False
20,10,_original_nint128_seed11,4,4,6,3;6;7;8,False,False,,3;6;8,7,17.0,36.0,465.0,26.0,5.0,False,1.0,17.0,17.0,False
20,10,_original_nint128_seed11,4,4,6,5;6;7;8,False,False,,5;6;8,7,17.0,36.0,439.0,29.0,5.0,False,1.0,17.0,17.0,False
20,10,_original_nint128_seed11,4,4,6,1;2;5;7,False,False,,1;5;7,2,18.0,38.0,580.0,25.0,5.0,False,1.0,18.0,18.0,False
20,10,_original_nint128_seed11,4,4,6,1;4;5;7,False,False,,1;4;5,7,15.0,32.0,556.0,28.0,5.0,False,1.0,15.0,15.0,False
20,10,_original_nint128_seed11,4,4,6,1;5;6;7,False,False,,1;5;6,7,17.0,35.0,519.0,29.0,5.0,False,1.0,17.0,17.0,False
20,10,_original_nint128_seed11,4,4,6,0;2;3;5,False,False,,0;3;5,2,19.0,40.0,522.0,26.0,5.0,False,1.0,19.0,19.0,False
20,10,_original_nint128_seed11,4,4,6,0;3;5;6,False,False,,0;5;6,3,17.0,34.0,461.0,30.0,5.0,False,1.0,17.0,17.0,False
20,10,_original_nint128_seed11,4,4,6,0;3;5;7,False,False,,0;3;5,7,18.0,39.0,494.0,27.0,5.0,False,1.0,18.0,18.0,False
20,10,_original_nint128_seed11,4,4,6,1;4;5;6,False,False,,1;4;5,6,15.0,29.0,523.0,31.0,5.0,False,1.0,15.0,15.0,False
20,10,_original_nint128_seed11,4,4,6,4;5;6;8,False,False,,4;5;8,6,15.0,30.0,443.0,31.0,5.0,False,1.0,15.0,15.0,False
20,10,_original_nint128_seed11,4,4,6,0;2;3;9,False,False,,0;3;9,2,17.0,34.0,531.0,26.0,5.0,False,1.0,17.0,17.0,False
20,10,_original_nint128_seed11,4,4,6,2;3;7;9,False,False,,2;3;9,7,18.0,39.0,534.0,23.0,5.0,False,1.0,18.0,18.0,False
20,10,_original_nint128_seed11,4,4,6,0;2;3;7,False,False,,0;3;7,2,20.0,43.0,634.0,20.0,5.0,False,1.0,20.0,20.0,False
20,10,_original_nint128_seed11,4,4,6,1;2;4;7,False,False,,1;4;7,2,17.0,37.0,694.0,22.0,5.0,False,1.0,17.0,17.0,False
20,10,_original_nint128_seed11,4,4,6,1;2;3;5,False,False,,1;3;5,2,18.0,37.0,494.0,28.0,5.0,False,1.0,18.0,18.0,False
20,10,_original_nint128_seed11,4,4,6,2;3;5;7,False,False,,3;5;7,2,19.0,43.0,526.0,23.0,5.0,False,1.0,19.0,19.0,False
20,10,_original_nint128_seed11,4,4,6,1;5;6;9,False,False,,5;6;9,1,14.0,26.0,418.0,33.0,5.0,False,1.0,14.0,14.0,False
20,10,_original_nint128_seed11,4,4,6,5;6;8;9,False,False,,5;6;9,8,14.0,26.0,338.0,33.0,5.0,False,1.0,14.0,14.0,False
20,10,_original_nint128_seed11,4,4,6,1;4;5;9,False,False,,4;5;9,1,12.0,23.0,454.0,33.0,5.0,False,1.0,12.0,12.0,False
20,10,_original_nint128_seed11,4,4,6,3;6;8;9,False,False,,3;8;9,6,15.0,28.0,363.0,31.0,5.0,False,1.0,15.0,15.0,False
20,10,_original_nint128_seed11,4,4,6,0;2;5;8,False,False,,0;5;8,2,18.0,36.0,498.0,26.0,5.0,False,1.0,18.0,18.0,False
20,10,_original_nint128_seed11,4,4,6,0;3;4;9,False,False,,3;4;9,0,16.0,34.0,503.0,32.0,5.0,False,1.0,16.0,16.0,False
20,10,_original_nint128_seed11,4,4,6,0;1;4;5,False,False,,1;4;5,0,15.0,32.0,550.0,32.0,5.0,False,1.0,15.0,15.0,False
20,10,_original_nint128_seed11,4,4,6,1;2;4;5,False,False,,1;4;5,2,16.0,32.0,584.0,27.0,5.0,False,1.0,16.0,16.0,False
20,10,_original_nint128_seed11,4,4,6,0;2;5;7,False,False,,0;5;7,2,19.0,40.0,609.0,22.0,5.0,False,1.0,19.0,19.0,False
20,10,_original_nint128_seed11,4,4,6,2;4;5;7,False,False,,4;5;7,2,19.0,40.0,616.0,22.0,5.0,False,1.0,19.0,19.0,False
20,10,_original_nint128_seed11,4,4,6,0;5;8;9,False,False,,0;5;9,8,13.0,25.0,368.0,32.0,5.0,False,1.0,13.0,13.0,False
20,10,_original_nint128_seed11,4,4,6,1;6;7;9,False,False,,1;6;9,7,16.0,33.0,526.0,29.0,5.0,False,1.0,16.0,16.0,False
20,10,_original_nint128_seed11,4,4,6,0;3;6;8,False,False,,0;3;8,6,16.0,32.0,461.0,29.0,5.0,False,1.0,16.0,16.0,False
20,10,_original_nint128_seed11,4,4,6,0;3;7;8,False,False,,0;3;8,7,16.0,34.0,495.0,25.0,5.0,False,1.0,16.0,16.0,False
20,10,_original_nint128_seed11,4,4,6,0;3;8;9,False,False,,0;8;9,3,14.0,27.0,392.0,31.0,5.0,False,1.0,14.0,14.0,False
20,10,_original_nint128_seed11,4,4,6,0;2;7;9,False,False,,0;7;9,2,17.0,36.0,615.0,23.0,5.0,False,1.0,17.0,17.0,False
20,10,_original_nint128_seed11,4,4,6,3;5;6;7,False,False,,3;5;6,7,17.0,37.0,465.0,27.0,5.0,False,1.0,17.0,17.0,False
20,10,_original_nint128_seed11,4,4,6,0;4;5;7,False,False,,0;4;5,7,18.0,39.0,582.0,27.0,5.0,False,1.0,18.0,18.0,False
20,10,_original_nint128_seed11,4,4,6,0;5;7;8,False,False,,0;5;8,7,16.0,34.0,470.0,27.0,5.0,False,1.0,16.0,16.0,False
20,10,_original_nint128_seed11,4,4,6,0;1;2;5,False,False,,0;1;5,2,17.0,34.0,577.0,27.0,5.0,False,1.0,17.0,17.0,False
20,10,_original_nint128_seed11,4,4,6,3;6;7;9,False,False,,3;6;9,7,16.0,33.0,473.0,27.0,5.0,False,1.0,16.0,16.0,False
20,10,_original_nint128_seed11,4,4,6,0;4;5;9,False,False,,4;5;9,0,14.0,28.0,479.0,33.0,5.0,False,1.0,14.0,14.0,False
20,10,_original_nint128_seed11,4,4,6,0;2;8;9,False,False,,0;8;9,2,16.0,30.0,506.0,26.0,5.0,False,1.0,16.0,16.0,False
20,10,_original_nint128_seed11,4,4,6,0;5;6;8,False,False,,0;5;8,6,16.0,32.0,436.0,31.0,5.0,False,1.0,16.0,16.0,False
20,10,_original_nint128_seed11,4,4,6,0;1;5;6,False,False,,0;1;5,6,16.0,31.0,516.0,31.0,5.0,False,1.0,16.0,16.0,False
20,10,_original_nint128_seed11,4,4,6,0;3;7;9,False,False,,0;3;9,7,16.0,34.0,501.0,28.0,5.0,False,1.0,16.0,16.0,False
20,10,_original_nint128_seed11,5,5,5,0;2;3;7;8,False,False,,0;3;7;8,2,14.0,29.0,483.0,28.0,5.0,False,1.0,14.0,14.0,False
20,10,_original_nint128_seed11,5,5,5,0;2;4;7;8,False,False,,0;4;7;8,2,14.0,31.0,569.0,29.0,5.0,False,1.0,14.0,14.0,False
20,10,_original_nint128_seed11,5,5,5,0;2;5;7;8,False,False,,0;5;7;8,2,14.0,29.0,458.0,30.0,5.0,False,1.0,14.0,14.0,False
20,10,_original_nint128_seed11,5,5,5,0;2;7;8;9,False,False,,0;7;8;9,2,12.0,24.0,464.0,31.0,5.0,False,1.0,12.0,12.0,False
20,10,_original_nint128_seed11,5,5,5,0;5;6;7;8,False,False,,0;5;6;8,7,12.0,25.0,396.0,35.0,5.0,False,1.0,12.0,12.0,False
20,10,_original_nint128_seed11,5,5,5,3;5;6;7;8,False,False,,3;5;6;8,7,12.0,28.0,313.0,36.0,5.0,False,1.0,12.0,12.0,False
20,10,_original_nint128_seed11,5,5,5,4;5;6;7;8,False,False,,4;5;6;8,7,12.0,25.0,403.0,35.0,5.0,False,1.0,12.0,12.0,False
20,10,_original_nint128_seed11,5,5,5,5;6;7;8;9,False,False,,5;6;8;9,7,11.0,22.0,296.0,38.0,5.0,False,1.0,11.0,11.0,False
20,10,_original_nint128_seed11,5,5,5,0;1;2;4;9,False,False,,1;2;4;9,0,12.0,24.0,545.0,36.0,5.0,False,1.0,12.0,12.0,False
20,10,_original_nint128_seed11,5,5,5,0;2;3;4;9,False,False,,2;3;4;9,0,14.0,29.0,491.0,35.0,5.0,False,1.0,14.0,14.0,False
20,10,_original_nint128_seed11,5,5,5,0;2;4;5;9,False,False,,2;4;5;9,0,12.0,23.0,467.0,36.0,5.0,False,1.0,12.0,12.0,False
20,10,_original_nint128_seed11,5,5,5,0;2;4;7;9,False,False,,0;2;4;9,7,14.0,31.0,575.0,32.0,5.0,False,1.0,14.0,14.0,False
20,10,_original_nint128_seed11,5,5,5,0;2;4;8;9,False,False,,2;4;8;9,0,12.0,23.0,466.0,35.0,5.0,False,1.0,12.0,12.0,False
20,10,_original_nint128_seed11,5,5,5,2;3;4;7;8,False,False,,3;4;7;8,2,14.0,29.0,491.0,27.0,5.0,False,1.0,14.0,14.0,False
20,10,_original_nint128_seed11,5,5,5,3;4;5;7;8,False,False,,3;4;5;8,7,13.0,27.0,351.0,34.0,5.0,False,1.0,13.0,13.0,False
20,10,_original_nint128_seed11,5,5,5,3;4;6;7;8,False,False,,3;4;6;8,7,12.0,25.0,429.0,32.0,5.0,False,1.0,12.0,12.0,False
20,10,_original_nint128_seed11,5,5,5,3;4;7;8;9,False,False,,3;4;8;9,7,11.0,23.0,358.0,35.0,5.0,False,1.0,11.0,11.0,False
20,10,_original_nint128_seed11,5,5,5,0;1;3;4;6,False,False,,1;3;4;6,0,12.0,25.0,502.0,37.0,5.0,False,1.0,12.0,12.0,False
20,10,_original_nint128_seed11,5,5,5,0;3;4;5;6,False,False,,3;4;5;6,0,14.0,28.0,422.0,38.0,5.0,False,1.0,14.0,14.0,False
20,10,_original_nint128_seed11,5,5,5,0;3;4;6;8,False,False,,3;4;6;8,0,12.0,25.0,422.0,37.0,5.0,False,1.0,12.0,12.0,False
20,10,_original_nint128_seed11,5,5,5,0;3;4;6;9,False,False,,3;4;6;9,0,12.0,23.0,430.0,39.0,5.0,False,1.0,12.0,12.0,False
20,10,_original_nint128_seed11,5,5,5,1;2;3;4;9,False,False,,1;3;4;9,2,11.0,21.0,467.0,34.0,5.0,False,1.0,11.0,11.0,False
20,10,_original_nint128_seed11,5,5,5,2;3;4;5;9,False,False,,2;4;5;9,3,12.0,23.0,387.0,35.0,5.0,False,1.0,12.0,12.0,False
20,10,_original_nint128_seed11,5,5,5,2;3;4;7;9,False,False,,2;3;4;9,7,14.0,30.0,497.0,30.0,5.0,False,1.0,14.0,14.0,False
20,10,_original_nint128_seed11,5,5,5,2;3;4;8;9,False,False,,3;4;8;9,2,11.0,20.0,388.0,33.0,5.0,False,1.0,11.0,11.0,False
20,10,_original_nint128_seed11,5,5,5,1;3;4;5;6,False,False,,1;4;5;6,3,12.0,23.0,397.0,38.0,5.0,False,1.0,12.0,12.0,False
20,10,_original_nint128_seed11,5,5,5,3;4;5;6;7,False,False,,3;4;5;6,7,14.0,27.0,429.0,33.0,5.0,False,1.0,14.0,14.0,False
20,10,_original_nint128_seed11,5,5,5,3;4;5;6;8,False,False,,3;4;6;8,5,12.0,24.0,317.0,38.0,5.0,False,1.0,12.0,12.0,False
20,10,_original_nint128_seed11,5,5,5,3;4;5;6;9,False,False,,4;5;6;9,3,10.0,17.0,326.0,39.0,5.0,False,1.0,10.0,10.0,False
20,10,_original_nint128_seed11,5,5,5,0;1;2;3;4,False,False,,0;1;3;4,2,13.0,28.0,563.0,33.0,5.0,False,1.0,13.0,13.0,False
20,10,_original_nint128_seed11,5,5,5,0;2;3;4;5,False,False,,0;3;4;5,2,16.0,34.0,483.0,34.0,5.0,False,1.0,16.0,16.0,False
20,10,_original_nint128_seed11,5,5,5,0;2;3;4;8,False,False,,0;3;4;8,2,14.0,29.0,484.0,32.0,5.0,False,1.0,14.0,14.0,False
20,10,_original_nint128_seed11,5,5,5,0;4;7;8;9,False,False,,0;4;8;9,7,11.0,24.0,436.0,37.0,5.0,False,1.0,11.0,11.0,False
20,10,_original_nint128_seed11,5,5,5,2;4;7;8;9,False,False,,2;4;8;9,7,12.0,25.0,471.0,31.0,5.0,False,1.0,12.0,12.0,False
20,10,_original_nint128_seed11,5,5,5,4;5;7;8;9,False,False,,4;5;8;9,7,10.0,21.0,333.0,37.0,5.0,False,1.0,10.0,10.0,False
20,10,_original_nint128_seed11,5,5,5,4;6;7;8;9,False,False,,4;6;8;9,7,11.0,22.0,409.0,36.0,5.0,False,1.0,11.0,11.0,False
20,10,_original_nint128_seed11,5,5,5,1;3;4;7;9,False,False,,1;3;4;9,7,11.0,24.0,437.0,36.0,5.0,False,1.0,11.0,11.0,False
20,10,_original_nint128_seed11,5,5,5,3;4;5;7;9,False,False,,3;4;5;9,7,12.0,25.0,357.0,37.0,5.0,False,1.0,12.0,12.0,False
20,10,_original_nint128_seed11,5,5,5,3;4;6;7;9,False,False,,3;4;6;9,7,12.0,24.0,436.0,34.0,5.0,False,1.0,12.0,12.0,False
20,10,_original_nint128_seed11,5,5,5,2;3;5;7;8,False,False,,3;5;7;8,2,14.0,32.0,375.0,31.0,5.0,False,1.0,14.0,14.0,False
20,10,_original_nint128_seed11,5,5,5,2;3;7;8;9,False,False,,2;3;8;9,7,13.0,27.0,383.0,31.0,5.0,False,1.0,13.0,13.0,False
20,10,_original_nint128_seed11,5,5,5,0;1;3;4;9,False,False,,1;3;4;9,0,11.0,23.0,431.0,41.0,5.0,False,1.0,11.0,11.0,False
20,10,_original_nint128_seed11,5,5,5,0;1;4;5;9,False,False,,1;4;5;9,0,10.0,19.0,407.0,42.0,5.0,False,1.0,10.0,10.0,False
20,10,_original_nint128_seed11,5,5,5,0;1;4;6;9,False,False,,1;4;6;9,0,11.0,21.0,484.0,40.0,5.0,False,1.0,11.0,11.0,False
20,10,_original_nint128_seed11,5,5,5,0;1;4;7;9,False,False,,0;1;4;9,7,11.0,24.0,515.0,38.0,5.0,False,1.0,11.0,11.0,False
20,10,_original_nint128_seed11,5,5,5,0;1;2;4;7,False,False,,0;1;4;7,2,13.0,29.0,648.0,30.0,5.0,False,1.0,13.0,13.0,False
20,10,_original_nint128_seed11,5,5,5,0;2;4;5;7,False,False,,0;4;5;7,2,16.0,34.0,570.0,30.0,5.0,False,1.0,16.0,16.0,False
20,10,_original_nint128_seed11,5,5,5,0;1;2;4;5,False,False,,0;1;4;5,2,13.0,27.0,538.0,35.0,5.0,False,1.0,13.0,13.0,False
20,10,_original_nint128_seed11,5,5,5,1;2;3;4;5,False,False,,1;3;4;5,2,13.0,26.0,458.0,34.0,5.0,False,1.0,13.0,13.0,False
20,10,_original_nint128_seed11,5,5,5,1;2;4;5;7,False,False,,1;4;5;7,2,13.0,27.0,544.0,31.0,5.0,False,1.0,13.0,13.0,False
20,10,_original_nint128_seed11,5,5,5,1;2;4;5;9,False,False,,1;4;5;9,2,10.0,18.0,442.0,36.0,5.0,False,1.0,10.0,10.0,False
20,10,_original_nint128_seed11,5,5,5,0;1;2;3;9,False,False,,0;1;3;9,2,12.0,23.0,459.0,35.0,5.0,False,1.0,12.0,12.0,False
20,10,_original_nint128_seed11,5,5,5,0;2;3;5;9,False,False,,0;3;5;9,2,12.0,24.0,379.0,36.0,5.0,False,1.0,12.0,12.0,False
20,10,_original_nint128_seed11,5,5,5,0;2;3;7;9,False,False,,0;3;7;9,2,14.0,29.0,489.0,31.0,5.0,False,1.0,14.0,14.0,False
20,10,_original_nint128_seed11,5,5,5,0;2;3;8;9,False,False,,0;3;8;9,2,12.0,22.0,380.0,34.0,5.0,False,1.0,12.0,12.0,False
20,10,_original_nint128_seed11,5,5,5,0;4;5;6;7,False,False,,0;4;5;6,7,14.0,28.0,509.0,34.0,5.0,False,1.0,14.0,14.0,False
20,10,_original_nint128_seed11,5,5,5,1;4;5;6;7,False,False,,1;4;5;6,7,12.0,24.0,483.0,35.0,5.0,False,1.0,12.0,12.0,False
20,10,_original_nint128_seed11,5,5,5,4;5;6;7;9,False,False,,4;5;6;9,7,10.0,19.0,411.0,36.0,5.0,False,1.0,10.0,10.0,False
20,10,_original_nint128_seed11,5,5,5,0;1;2;3;5,False,False,,0;1;3;5,2,13.0,27.0,450.0,35.0,5.0,False,1.0,13.0,13.0,False
20,10,_original_nint128_seed11,5,5,5,0;1;3;4;5,False,False,,1;3;4;5,0,12.0,26.0,423.0,40.0,5.0,False,1.0,12.0,12.0,False
20,10,_original_nint128_seed11,5,5,5,0;1;3;5;6,False,False,,0;1;5;6,3,12.0,24.0,389.0,39.0,5.0,False,1.0,12.0,12.0,False
20,10,_original_nint128_seed11,5,5,5,0;1;3;5;7,False,False,,0;1;3;5,7,12.0,26.0,422.0,36.0,5.0,False,1.0,12.0,12.0,False
20,10,_original_nint128_seed11,5,5,5,0;1;3;5;9,False,False,,0;1;5;9,3,10.0,20.0,319.0,42.0,5.0,False,1.0,10.0,10.0,False
20,10,_original_nint128_seed11,5,5,5,0;3;5;6;8,False,False,,0;3;6;8,5,12.0,25.0,309.0,39.0,5.0,False,1.0,12.0,12.0,False
20,10,_original_nint128_seed11,5,5,5,0;3;6;7;8,False,False,,0;3;6;8,7,12.0,25.0,421.0,33.0,5.0,False,1.0,12.0,12.0,False
20,10,_original_nint128_seed11,5,5,5,0;3;6;8;9,False,False,,0;3;8;9,6,11.0,19.0,318.0,39.0,5.0,False,1.0,11.0,11.0,False
20,10,_original_nint128_seed11,5,5,5,0;3;5;7;8,False,False,,0;3;5;8,7,13.0,28.0,343.0,35.0,5.0,False,1.0,13.0,13.0,False
20,10,_original_nint128_seed11,5,5,5,0;3;7;8;9,False,False,,0;3;8;9,7,11.0,22.0,350.0,36.0,5.0,False,1.0,11.0,11.0,False
20,10,_original_nint128_seed11,5,5,5,1;2;4;7;9,False,False,,1;2;4;9,7,12.0,26.0,550.0,32.0,5.0,False,1.0,12.0,12.0,False
20,10,_original_nint128_seed11,5,5,5,3;5;6;8;9,False,False,,5;6;8;9,3,11.0,21.0,211.0,41.0,5.0,False,1.0,11.0,11.0,False
20,10,_original_nint128_seed11,5,5,5,0;2;5;8;9,False,False,,0;5;8;9,2,11.0,20.0,356.0,35.0,5.0,False,1.0,11.0,11.0,False
20,10,_original_nint128_seed11,5,5,5,2;3;5;8;9,False,False,,3;5;8;9,2,12.0,24.0,273.0,36.0,5.0,False,1.0,12.0,12.0,False
20,10,_original_nint128_seed11,5,5,5,2;4;5;8;9,False,False,,4;5;8;9,2,10.0,18.0,363.0,35.0,5.0,False,1.0,10.0,10.0,False
20,10,_original_nint128_seed11,5,5,5,2;5;7;8;9,False,False,,2;5;8;9,7,12.0,25.0,358.0,33.0,5.0,False,1.0,12.0,12.0,False
20,10,_original_nint128_seed11,5,5,5,0;2;3;5;8,False,False,,0;3;5;8,2,14.0,29.0,371.0,34.0,5.0,False,1.0,14.0,14.0,False
20,10,_original_nint128_seed11,5,5,5,1;2;3;4;7,False,False,,1;3;4;7,2,13.0,28.0,570.0,28.0,5.0,False,1.0,13.0,13.0,False
20,10,_original_nint128_seed11,5,5,5,2;3;4;5;7,False,False,,3;4;5;7,2,16.0,33.0,490.0,29.0,5.0,False,1.0,16.0,16.0,False
20,10,_original_nint128_seed11,5,5,5,0;1;5;6;9,False,False,,0;5;6;9,1,10.0,17.0,374.0,40.0,5.0,False,1.0,10.0,10.0,False
20,10,_original_nint128_seed11,5,5,5,0;3;5;6;9,False,False,,0;5;6;9,3,10.0,18.0,318.0,40.0,5.0,False,1.0,10.0,10.0,False
20,10,_original_nint128_seed11,5,5,5,0;4;5;6;9,False,False,,4;5;6;9,0,10.0,17.0,406.0,40.0,5.0,False,1.0,10.0,10.0,False
20,10,_original_nint128_seed11,5,5,5,0;5;6;7;9,False,False,,0;5;6;9,7,10.0,18.0,404.0,36.0,5.0,False,1.0,10.0,10.0,False
20,10,_original_nint128_seed11,5,5,5,0;5;6;8;9,False,False,,0;5;6;9,8,10.0,17.0,294.0,40.0,5.0,False,1.0,10.0,10.0,False
20,10,_original_nint128_seed11,5,5,5,1;3;5;6;9,False,False,,1;5;6;9,3,11.0,21.0,291.0,41.0,5.0,False,1.0,11.0,11.0,False
20,10,_original_nint128_seed11,5,5,5,1;4;5;6;9,False,False,,4;5;6;9,1,9.0,15.0,381.0,40.0,5.0,False,1.0,9.0,9.0,False
20,10,_original_nint128_seed11,5,5,5,1;5;6;7;9,False,False,,1;5;6;9,7,11.0,22.0,376.0,38.0,5.0,False,1.0,11.0,11.0,False
20,10,_original_nint128_seed11,5,5,5,0;1;2;5;7,False,False,,0;1;5;7,2,13.0,27.0,537.0,31.0,5.0,False,1.0,13.0,13.0,False
20,10,_original_nint128_seed11,5,5,5,0;2;3;5;7,False,False,,0;3;5;7,2,16.0,34.0,482.0,30.0,5.0,False,1.0,16.0,16.0,False
20,10,_original_nint128_seed11,5,5,5,0;2;5;7;9,False,False,,0;5;7;9,2,12.0,24.0,465.0,32.0,5.0,False,1.0,12.0,12.0,False
20,10,_original_nint128_seed11,5,5,5,0;1;6;7;9,False,False,,0;1;6;9,7,11.0,22.0,482.0,36.0,5.0,False,1.0,11.0,11.0,False
20,10,_original_nint128_seed11,5,5,5,0;3;6;7;9,False,False,,0;3;6;9,7,12.0,23.0,428.0,35.0,5.0,False,1.0,12.0,12.0,False
20,10,_original_nint128_seed11,5,5,5,0;4;6;7;9,False,False,,0;4;6;9,7,12.0,25.0,514.0,36.0,5.0,False,1.0,12.0,12.0,False
20,10,_original_nint128_seed11,5,5,5,0;6;7;8;9,False,False,,0;6;8;9,7,11.0,21.0,402.0,36.0,5.0,False,1.0,11.0,11.0,False
20,10,_original_nint128_seed11,5,5,5,1;2;3;5;7,False,False,,1;3;5;7,2,13.0,30.0,454.0,32.0,5.0,False,1.0,13.0,13.0,False
20,10,_original_nint128_seed11,5,5,5,1;2;3;5;9,False,False,,1;3;5;9,2,12.0,24.0,352.0,37.0,5.0,False,1.0,12.0,12.0,False
20,10,_original_nint128_seed11,5,5,5,0;4;6;8;9,False,False,,4;6;8;9,0,11.0,20.0,404.0,40.0,5.0,False,1.0,11.0,11.0,False
20,10,_original_nint128_seed11,5,5,5,3;4;6;8;9,False,False,,4;6;8;9,3,10.0,17.0,326.0,38.0,5.0,False,1.0,10.0,10.0,False
20,10,_original_nint128_seed11,5,5,5,4;5;6;8;9,False,False,,4;5;6;9,8,9.0,15.0,301.0,40.0,5.0,False,1.0,9.0,9.0,False
20,10,_original_nint128_seed11,5,5,5,1;3;4;5;9,False,False,,1;4;5;9,3,10.0,19.0,327.0,41.0,5.0,False,1.0,10.0,10.0,False
20,10,_original_nint128_seed11,5,5,5,1;4;5;7;9,False,False,,1;4;5;9,7,10.0,21.0,412.0,38.0,5.0,False,1.0,10.0,10.0,False
20,10,_original_nint128_seed11,5,5,5,0;4;5;7;8,False,False,,0;4;5;8,7,13.0,28.0,431.0,35.0,5.0,False,1.0,13.0,13.0,False
20,10,_original_nint128_seed11,5,5,5,2;4;5;7;8,False,False,,4;5;7;8,2,14.0,29.0,465.0,30.0,5.0,False,1.0,14.0,14.0,False
20,10,_original_nint128_seed11,5,5,5,0;1;4;6;7,False,False,,0;1;4;7,6,12.0,26.0,587.0,34.0,5.0,False,1.0,12.0,12.0,False
20,10,_original_nint128_seed11,5,5,5,1;3;4;6;7,False,False,,1;3;4;6,7,12.0,25.0,509.0,32.0,5.0,False,1.0,12.0,12.0,False
20,10,_original_nint128_seed11,5,5,5,1;4;6;7;9,False,False,,1;4;6;9,7,11.0,23.0,489.0,36.0,5.0,False,1.0,11.0,11.0,False
20,10,_original_nint128_seed11,5,5,5,0;4;5;6;8,False,False,,4;5;6;8,0,12.0,25.0,397.0,39.0,5.0,False,1.0,12.0,12.0,False
20,10,_original_nint128_seed11,5,5,5,0;1;4;5;7,False,False,,0;1;4;5,7,12.0,26.0,510.0,36.0,5.0,False,1.0,12.0,12.0,False
20,10,_original_nint128_seed11,5,5,5,0;4;5;7;9,False,False,,0;4;5;9,7,12.0,25.0,437.0,38.0,5.0,False,1.0,12.0,12.0,False
20,10,_original_nint128_seed11,5,5,5,0;4;6;7;8,False,False,,0;4;6;8,7,12.0,26.0,507.0,34.0,5.0,False,1.0,12.0,12.0,False
20,10,_original_nint128_seed11,5,5,5,2;4;5;7;9,False,False,,2;4;5;9,7,12.0,25.0,472.0,32.0,5.0,False,1.0,12.0,12.0,False
20,10,_original_nint128_seed11,5,5,5,3;5;6;7;9,False,False,,3;5;6;9,7,10.0,22.0,321.0,37.0,5.0,False,1.0,10.0,10.0,False
20,10,_original_nint128_seed11,5,5,5,0;3;4;5;9,False,False,,0;4;5;9,3,12.0,25.0,351.0,42.0,5.0,False,1.0,12.0,12.0,False
20,10,_original_nint128_seed11,5,5,5,3;4;5;8;9,False,False,,4;5;8;9,3,10.0,19.0,248.0,40.0,5.0,False,1.0,10.0,10.0,False
20,10,_original_nint128_seed11,5,5,5,0;5;7;8;9,False,False,,0;5;8;9,7,10.0,20.0,326.0,37.0,5.0,False,1.0,10.0,10.0,False
20,10,_original_nint128_seed11,5,5,5,0;1;5;6;7,False,False,,0;1;5;6,7,12.0,24.0,476.0,35.0,5.0,False,1.0,12.0,12.0,False
20,10,_original_nint128_seed11,5,5,5,1;3;5;6;7,False,False,,1;3;5;6,7,12.0,27.0,393.0,36.0,5.0,False,1.0,12.0,12.0,False
20,10,_original_nint128_seed11,5,5,5,0;1;2;5;9,False,False,,0;1;5;9,2,11.0,20.0,435.0,36.0,5.0,False,1.0,11.0,11.0,False
20,10,_original_nint128_seed11,5,5,5,0;3;5;6;7,False,False,,0;3;5;6,7,14.0,28.0,421.0,34.0,5.0,False,1.0,14.0,14.0,False
20,10,_original_nint128_seed11,5,5,5,1;3;4;5;7,False,False,,1;3;4;5,7,12.0,25.0,430.0,35.0,5.0,False,1.0,12.0,12.0,False
20,10,_original_nint128_seed11,5,5,5,0;1;3;6;7,False,False,,0;1;3;6,7,12.0,25.0,501.0,33.0,5.0,False,1.0,12.0,12.0,False
20,10,_original_nint128_seed11,5,5,5,0;3;5;7;9,False,False,,0;3;5;9,7,12.0,25.0,349.0,38.0,5.0,False,1.0,12.0,12.0,False
20,10,_original_nint128_seed11,5,5,5,0;3;4;8;9,False,False,,3;4;8;9,0,11.0,22.0,352.0,40.0,5.0,False,1.0,11.0,11.0,False
20,10,_original_nint128_seed11,5,5,5,0;4;5;8;9,False,False,,4;5;8;9,0,10.0,19.0,328.0,41.0,5.0,False,1.0,10.0,10.0,False
20,10,_original_nint128_seed11,5,5,5,0;3;5;8;9,False,False,,0;5;8;9,3,10.0,20.0,240.0,41.0,5.0,False,1.0,10.0,10.0,False
20,10,_original_nint128_seed11,5,5,5,3;5;7;8;9,False,False,,3;5;8;9,7,10.0,24.0,243.0,38.0,5.0,False,1.0,10.0,10.0,False
20,10,_original_nint128_seed11,5,5,5,0;1;3;6;9,False,False,,0;1;3;9,6,11.0,20.0,398.0,39.0,5.0,False,1.0,11.0,11.0,False
20,10,_original_nint128_seed11,5,5,5,1;3;4;6;9,False,False,,1;4;6;9,3,10.0,18.0,406.0,38.0,5.0,False,1.0,10.0,10.0,False
20,10,_original_nint128_seed11,5,5,5,1;3;6;7;9,False,False,,1;3;6;9,7,12.0,25.0,401.0,36.0,5.0,False,1.0,12.0,12.0,False
20,10,_original_nint128_seed11,5,5,5,2;3;4;5;8,False,False,,3;4;5;8,2,14.0,28.0,379.0,33.0,5.0,False,1.0,14.0,14.0,False
20,10,_original_nint128_seed11,5,5,5,1;2;5;7;9,False,False,,1;2;5;9,7,12.0,25.0,437.0,34.0,5.0,False,1.0,12.0,12.0,False
20,10,_original_nint128_seed11,5,5,5,2;3;5;7;9,False,False,,3;5;7;9,2,12.0,28.0,382.0,33.0,5.0,False,1.0,12.0,12.0,False
20,10,_original_nint128_seed11,5,5,5,0;3;4;5;8,False,False,,3;4;5;8,0,13.0,28.0,344.0,39.0,5.0,False,1.0,13.0,13.0,False
20,10,_original_nint128_seed11,5,5,5,0;1;2;3;7,False,False,,0;1;3;7,2,13.0,28.0,562.0,29.0,5.0,False,1.0,13.0,13.0,False
20,10,_original_nint128_seed11,5,5,5,3;6;7;8;9,False,False,,3;6;8;9,7,12.0,24.0,321.0,36.0,5.0,False,1.0,12.0,12.0,False
20,10,_original_nint128_seed11,5,5,5,0;1;3;7;9,False,False,,0;1;3;9,7,11.0,23.0,429.0,37.0,5.0,False,1.0,11.0,11.0,False
20,10,_original_nint128_seed11,5,5,5,1;2;3;7;9,False,False,,1;2;3;9,7,13.0,28.0,462.0,32.0,5.0,False,1.0,13.0,13.0,False
20,10,_original_nint128_seed11,5,5,5,1;3;5;7;9,False,False,,1;3;5;9,7,10.0,24.0,322.0,39.0,5.0,False,1.0,10.0,10.0,False
20,10,_original_nint128_seed11,5,5,5,0;2;4;5;8,False,False,,0;4;5;8,2,14.0,29.0,459.0,34.0,5.0,False,1.0,14.0,14.0,False
20,10,_original_nint128_seed11,5,5,5,0;1;4;5;6,False,False,,1;4;5;6,0,12.0,24.0,477.0,39.0,5.0,False,1.0,12.0,12.0,False
20,10,_original_nint128_seed11,5,5,5,0;1;5;7;9,False,False,,0;1;5;9,7,10.0,20.0,405.0,38.0,5.0,False,1.0,10.0,10.0,False
20,10,_original_nint128_seed11,5,5,5,0;1;2;7;9,False,False,,0;1;7;9,2,12.0,25.0,543.0,32.0,5.0,False,1.0,12.0,12.0,False
20,10,_original_nint128_seed11,6,6,4,0;1;2;3;5;7,False,False,,0;1;3;5;7,2,10.0,21.0,410.0,39.0,5.0,False,1.0,10.0,10.0,False
20,10,_original_nint128_seed11,6,6,4,0;1;2;3;7;9,False,False,,0;1;3;7;9,2,9.0,18.0,417.0,40.0,5.0,False,1.0,9.0,9.0,False
20,10,_original_nint128_seed11,6,6,4,0;3;5;6;8;9,False,False,,0;5;6;8;9,3,7.0,12.0,166.0,49.0,5.0,False,1.0,7.0,7.0,False
20,10,_original_nint128_seed11,6,6,4,3;4;5;6;8;9,False,False,,4;5;6;8;9,3,7.0,11.0,174.0,48.0,5.0,False,1.0,7.0,7.0,False
20,10,_original_nint128_seed11,6,6,4,3;5;6;7;8;9,False,False,,3;5;6;8;9,7,7.0,16.0,169.0,46.0,5.0,False,1.0,7.0,7.0,False
20,10,_original_nint128_seed11,6,6,4,0;4;5;6;7;8,False,False,,0;4;5;6;8,7,9.0,18.0,357.0,43.0,5.0,False,1.0,9.0,9.0,False
20,10,_original_nint128_seed11,6,6,4,3;4;5;6;7;8,False,False,,3;4;5;6;8,7,9.0,18.0,277.0,42.0,5.0,False,1.0,9.0,9.0,False
20,10,_original_nint128_seed11,6,6,4,4;5;6;7;8;9,False,False,,4;5;6;8;9,7,7.0,13.0,259.0,45.0,5.0,False,1.0,7.0,7.0,False
20,10,_original_nint128_seed11,6,6,4,0;2;3;4;8;9,False,False,,2;3;4;8;9,0,9.0,17.0,340.0,43.0,5.0,False,1.0,9.0,9.0,False
20,10,_original_nint128_seed11,6,6,4,0;2;3;5;8;9,False,False,,0;3;5;8;9,2,8.0,15.0,228.0,44.0,5.0,False,1.0,8.0,8.0,False
20,10,_original_nint128_seed11,6,6,4,0;2;3;7;8;9,False,False,,0;3;7;8;9,2,9.0,17.0,338.0,39.0,5.0,False,1.0,9.0,9.0,False
20,10,_original_nint128_seed11,6,6,4,0;1;3;4;5;6,False,False,,1;3;4;5;6,0,9.0,18.0,350.0,47.0,5.0,False,1.0,9.0,9.0,False
20,10,_original_nint128_seed11,6,6,4,0;1;4;5;6;7,False,False,,0;1;4;5;6,7,9.0,18.0,437.0,43.0,5.0,False,1.0,9.0,9.0,False
20,10,_original_nint128_seed11,6,6,4,0;1;4;5;6;9,False,False,,1;4;5;6;9,0,7.0,11.0,334.0,49.0,5.0,False,1.0,7.0,7.0,False
20,10,_original_nint128_seed11,6,6,4,1;2;3;4;7;9,False,False,,1;2;3;4;9,7,9.0,19.0,425.0,39.0,5.0,False,1.0,9.0,9.0,False
20,10,_original_nint128_seed11,6,6,4,2;3;4;5;7;9,False,False,,2;3;4;5;9,7,10.0,20.0,345.0,40.0,5.0,False,1.0,10.0,10.0,False
20,10,_original_nint128_seed11,6,6,4,2;3;4;7;8;9,False,False,,2;3;4;8;9,7,9.0,18.0,346.0,38.0,5.0,False,1.0,9.0,9.0,False
20,10,_original_nint128_seed11,6,6,4,1;3;4;5;6;7,False,False,,1;3;4;5;6,7,9.0,17.0,357.0,42.0,5.0,False,1.0,9.0,9.0,False
20,10,_original_nint128_seed11,6,6,4,3;4;5;6;7;9,False,False,,3;4;5;6;9,7,8.0,14.0,284.0,44.0,5.0,False,1.0,8.0,8.0,False
20,10,_original_nint128_seed11,6,6,4,1;3;4;5;6;9,False,False,,1;4;5;6;9,3,7.0,11.0,254.0,48.0,5.0,False,1.0,7.0,7.0,False
20,10,_original_nint128_seed11,6,6,4,0;1;2;3;4;9,False,False,,1;2;3;4;9,0,9.0,18.0,419.0,44.0,5.0,False,1.0,9.0,9.0,False
20,10,_original_nint128_seed11,6,6,4,1;2;3;4;5;9,False,False,,1;2;4;5;9,3,8.0,14.0,315.0,44.0,5.0,False,1.0,8.0,8.0,False
20,10,_original_nint128_seed11,6,6,4,0;4;5;6;7;9,False,False,,0;4;5;6;9,7,8.0,14.0,364.0,45.0,5.0,False,1.0,8.0,8.0,False
20,10,_original_nint128_seed11,6,6,4,1;3;4;6;7;9,False,False,,1;3;4;6;9,7,8.0,16.0,364.0,43.0,5.0,False,1.0,8.0,8.0,False
20,10,_original_nint128_seed11,6,6,4,3;4;6;7;8;9,False,False,,3;4;6;8;9,7,8.0,15.0,284.0,43.0,5.0,False,1.0,8.0,8.0,False
20,10,_original_nint128_seed11,6,6,4,0;1;2;3;4;5,False,False,,0;1;3;4;5,2,10.0,21.0,411.0,43.0,5.0,False,1.0,10.0,10.0,False
20,10,_original_nint128_seed11,6,6,4,0;3;4;5;8;9,False,False,,0;4;5;8;9,3,8.0,16.0,200.0,50.0,5.0,False,1.0,8.0,8.0,False
20,10,_original_nint128_seed11,6,6,4,0;3;4;6;8;9,False,False,,3;4;6;8;9,0,8.0,14.0,278.0,48.0,5.0,False,1.0,8.0,8.0,False
20,10,_original_nint128_seed11,6,6,4,0;4;5;6;8;9,False,False,,4;5;6;8;9,0,7.0,11.0,254.0,49.0,5.0,False,1.0,7.0,7.0,False
20,10,_original_nint128_seed11,6,6,4,0;5;6;7;8;9,False,False,,0;5;6;8;9,7,7.0,12.0,252.0,45.0,5.0,False,1.0,7.0,7.0,False
20,10,_original_nint128_seed11,6,6,4,2;3;4;5;7;8,False,False,,3;4;5;7;8,2,11.0,22.0,339.0,37.0,5.0,False,1.0,11.0,11.0,False
20,10,_original_nint128_seed11,6,6,4,0;1;4;5;7;9,False,False,,0;1;4;5;9,7,8.0,16.0,365.0,47.0,5.0,False,1.0,8.0,8.0,False
20,10,_original_nint128_seed11,6,6,4,0;2;4;5;7;9,False,False,,0;2;4;5;9,7,10.0,20.0,425.0,41.0,5.0,False,1.0,10.0,10.0,False
20,10,_original_nint128_seed11,6,6,4,0;4;5;7;8;9,False,False,,0;4;5;8;9,7,8.0,16.0,286.0,46.0,5.0,False,1.0,8.0,8.0,False
20,10,_original_nint128_seed11,6,6,4,0;2;4;7;8;9,False,False,,0;2;4;8;9,7,9.0,19.0,424.0,40.0,5.0,False,1.0,9.0,9.0,False
20,10,_original_nint128_seed11,6,6,4,0;4;6;7;8;9,False,False,,0;4;6;8;9,7,8.0,16.0,362.0,45.0,5.0,False,1.0,8.0,8.0,False
20,10,_original_nint128_seed11,6,6,4,0;2;3;5;7;8,False,False,,0;3;5;7;8,2,11.0,23.0,331.0,38.0,5.0,False,1.0,11.0,11.0,False
20,10,_original_nint128_seed11,6,6,4,0;2;3;5;7;9,False,False,,0;2;3;5;9,7,10.0,20.0,337.0,41.0,5.0,False,1.0,10.0,10.0,False
20,10,_original_nint128_seed11,6,6,4,0;1;3;5;6;7,False,False,,0;1;3;5;6,7,9.0,18.0,349.0,43.0,5.0,False,1.0,9.0,9.0,False
20,10,_original_nint128_seed11,6,6,4,0;1;3;5;6;9,False,False,,0;1;5;6;9,3,7.0,12.0,246.0,49.0,5.0,False,1.0,7.0,7.0,False
20,10,_original_nint128_seed11,6,6,4,0;1;2;4;7;9,False,False,,0;1;4;7;9,2,9.0,19.0,503.0,41.0,5.0,False,1.0,9.0,9.0,False
20,10,_original_nint128_seed11,6,6,4,1;2;4;5;7;9,False,False,,1;2;4;5;9,7,8.0,16.0,400.0,41.0,5.0,False,1.0,8.0,8.0,False
20,10,_original_nint128_seed11,6,6,4,0;3;5;6;7;8,False,False,,0;3;5;6;8,7,9.0,19.0,269.0,43.0,5.0,False,1.0,9.0,9.0,False
20,10,_original_nint128_seed11,6,6,4,0;2;5;7;8;9,False,False,,0;5;7;8;9,2,8.0,15.0,314.0,40.0,5.0,False,1.0,8.0,8.0,False
20,10,_original_nint128_seed11,6,6,4,2;3;5;7;8;9,False,False,,3;5;7;8;9,2,8.0,19.0,231.0,41.0,5.0,False,1.0,8.0,8.0,False
20,10,_original_nint128_seed11,6,6,4,2;4;5;7;8;9,False,False,,2;4;5;8;9,7,8.0,16.0,321.0,40.0,5.0,False,1.0,8.0,8.0,False
20,10,_original_nint128_seed11,6,6,4,3;4;5;7;8;9,False,False,,3;4;5;8;9,7,8.0,16.0,206.0,45.0,5.0,False,1.0,8.0,8.0,False
20,10,_original_nint128_seed11,6,6,4,0;1;3;4;6;9,False,False,,1;3;4;6;9,0,8.0,15.0,358.0,48.0,5.0,False,1.0,8.0,8.0,False
20,10,_original_nint128_seed11,6,6,4,0;3;4;5;6;9,False,False,,0;4;5;6;9,3,8.0,14.0,278.0,49.0,5.0,False,1.0,8.0,8.0,False
20,10,_original_nint128_seed11,6,6,4,0;1;3;6;7;9,False,False,,0;1;3;6;9,7,8.0,15.0,356.0,44.0,5.0,False,1.0,8.0,8.0,False
20,10,_original_nint128_seed11,6,6,4,0;1;4;6;7;9,False,False,,0;1;4;6;9,7,8.0,16.0,442.0,45.0,5.0,False,1.0,8.0,8.0,False
20,10,_original_nint128_seed11,6,6,4,0;1;5;6;7;9,False,False,,0;1;5;6;9,7,7.0,12.0,332.0,45.0,5.0,False,1.0,7.0,7.0,False
20,10,_original_nint128_seed11,6,6,4,0;3;5;7;8;9,False,False,,0;3;5;8;9,7,8.0,16.0,198.0,46.0,5.0,False,1.0,8.0,8.0,False
20,10,_original_nint128_seed11,6,6,4,0;1;2;4;5;7,False,False,,0;1;4;5;7,2,10.0,21.0,498.0,39.0,5.0,False,1.0,10.0,10.0,False
20,10,_original_nint128_seed11,6,6,4,0;1;2;5;7;9,False,False,,0;1;5;7;9,2,8.0,15.0,393.0,41.0,5.0,False,1.0,8.0,8.0,False
20,10,_original_nint128_seed11,6,6,4,0;1;3;5;7;9,False,False,,0;1;3;5;9,7,8.0,16.0,277.0,47.0,5.0,False,1.0,8.0,8.0,False
20,10,_original_nint128_seed11,6,6,4,0;3;5;6;7;9,False,False,,0;3;5;6;9,7,8.0,14.0,276.0,45.0,5.0,False,1.0,8.0,8.0,False
20,10,_original_nint128_seed11,6,6,4,1;2;3;4;5;7,False,False,,1;3;4;5;7,2,10.0,20.0,418.0,38.0,5.0,False,1.0,10.0,10.0,False
20,10,_original_nint128_seed11,6,6,4,1;3;4;5;7;9,False,False,,1;3;4;5;9,7,8.0,16.0,285.0,46.0,5.0,False,1.0,8.0,8.0,False
20,10,_original_nint128_seed11,6,6,4,0;2;3;4;5;8,False,False,,0;3;4;5;8,2,11.0,23.0,332.0,42.0,5.0,False,1.0,11.0,11.0,False
20,10,_original_nint128_seed11,6,6,4,0;3;4;5;6;8,False,False,,3;4;5;6;8,0,9.0,19.0,270.0,47.0,5.0,False,1.0,9.0,9.0,False
20,10,_original_nint128_seed11,6,6,4,0;1;2;4;5;9,False,False,,1;2;4;5;9,0,8.0,14.0,395.0,45.0,5.0,False,1.0,8.0,8.0,False
20,10,_original_nint128_seed11,6,6,4,1;4;5;6;7;9,False,False,,1;4;5;6;9,7,7.0,13.0,339.0,45.0,5.0,False,1.0,7.0,7.0,False
20,10,_original_nint128_seed11,6,6,4,0;1;2;3;5;9,False,False,,0;1;3;5;9,2,8.0,15.0,307.0,45.0,5.0,False,1.0,8.0,8.0,False
20,10,_original_nint128_seed11,6,6,4,0;1;3;4;5;9,False,False,,0;1;4;5;9,3,8.0,16.0,279.0,51.0,5.0,False,1.0,8.0,8.0,False
20,10,_original_nint128_seed11,6,6,4,0;3;6;7;8;9,False,False,,0;3;6;8;9,7,8.0,14.0,276.0,44.0,5.0,False,1.0,8.0,8.0,False
20,10,_original_nint128_seed11,6,6,4,2;3;4;5;8;9,False,False,,2;4;5;8;9,3,8.0,14.0,236.0,43.0,5.0,False,1.0,8.0,8.0,False
20,10,_original_nint128_seed11,6,6,4,1;2;3;5;7;9,False,False,,1;3;5;7;9,2,8.0,19.0,310.0,42.0,5.0,False,1.0,8.0,8.0,False
20,10,_original_nint128_seed11,6,6,4,0;2;4;5;7;8,False,False,,0;4;5;7;8,2,11.0,23.0,419.0,38.0,5.0,False,1.0,11.0,11.0,False
20,10,_original_nint128_seed11,6,6,4,0;2;3;4;5;9,False,False,,0;2;4;5;9,3,10.0,20.0,339.0,45.0,5.0,False,1.0,10.0,10.0,False
20,10,_original_nint128_seed11,6,6,4,1;3;5;6;7;9,False,False,,1;3;5;6;9,7,7.0,16.0,249.0,46.0,5.0,False,1.0,7.0,7.0,False
20,10,_original_nint128_seed11,6,6,4,0;2;4;5;8;9,False,False,,2;4;5;8;9,0,8.0,14.0,316.0,44.0,5.0,False,1.0,8.0,8.0,False
20,10,_original_nint128_seed11,7,7,3,0;2;3;5;7;8;9,True,False,,0;2;3;5;8;9,7,6.0,11.0,186.0,49.0,5.0,False,1.0,6.0,6.0,False
20,10,_original_nint128_seed11,7,7,3,2;3;4;5;7;8;9,True,False,,2;3;4;5;8;9,7,6.0,11.0,194.0,48.0,5.0,False,1.0,6.0,6.0,False
20,10,_original_nint128_seed11,7,7,3,0;2;3;4;5;8;9,True,False,,0;2;4;5;8;9,3,6.0,11.0,188.0,53.0,5.0,False,1.0,6.0,6.0,False
20,10,_original_nint128_seed11,7,7,3,0;3;4;5;6;8;9,True,False,,0;4;5;6;8;9,3,5.0,8.0,126.0,58.0,5.0,False,1.0,5.0,5.0,True
20,10,_original_nint128_seed11,7,7,3,0;4;5;6;7;8;9,True,False,,0;4;5;6;8;9,7,5.0,8.0,212.0,54.0,5.0,False,1.0,5.0,5.0,True
20,10,_original_nint128_seed11,7,7,3,0;2;4;5;7;8;9,True,False,,0;2;4;5;8;9,7,6.0,11.0,274.0,49.0,5.0,False,1.0,6.0,6.0,False
20,10,_original_nint128_seed11,7,7,3,0;1;3;4;5;6;9,True,False,,0;1;4;5;6;9,3,5.0,8.0,206.0,58.0,5.0,False,1.0,5.0,5.0,True
20,10,_original_nint128_seed11,7,7,3,0;1;4;5;6;7;9,True,False,,0;1;4;5;6;9,7,5.0,8.0,292.0,54.0,5.0,False,1.0,5.0,5.0,True
20,10,_original_nint128_seed11,7,7,3,1;3;4;5;6;7;9,True,False,,1;3;4;5;6;9,7,5.0,8.0,212.0,53.0,5.0,False,1.0,5.0,5.0,True
20,10,_original_nint128_seed11,7,7,3,1;2;3;4;5;7;9,True,False,,1;2;3;4;5;9,7,6.0,11.0,273.0,49.0,5.0,False,1.0,6.0,6.0,False
20,10,_original_nint128_seed11,7,7,3,0;1;2;3;4;5;9,True,False,,0;1;2;4;5;9,3,6.0,11.0,267.0,54.0,5.0,False,1.0,6.0,6.0,False
20,10,_original_nint128_seed11,7,7,3,3;4;5;6;7;8;9,True,False,,3;4;5;6;8;9,7,5.0,8.0,132.0,53.0,5.0,False,1.0,5.0,5.0,True
20,10,_original_nint128_seed11,7,7,3,0;1;3;5;6;7;9,True,False,,0;1;3;5;6;9,7,5.0,8.0,204.0,54.0,5.0,False,1.0,5.0,5.0,True
20,10,_original_nint128_seed11,7,7,3,0;1;2;4;5;7;9,True,False,,0;1;2;4;5;9,7,6.0,11.0,353.0,50.0,5.0,False,1.0,6.0,6.0,False
20,10,_original_nint128_seed11,7,7,3,0;1;2;3;5;7;9,True,False,,0;1;2;3;5;9,7,6.0,11.0,265.0,50.0,5.0,False,1.0,6.0,6.0,False
20,10,_original_nint128_seed11,7,7,3,0;3;5;6;7;8;9,True,False,,0;3;5;6;8;9,7,5.0,8.0,124.0,54.0,5.0,False,1.0,5.0,5.0,True
20,10,_original_nint128_seed11,2,2,8,2;6,False,True,collision,2,6,,,,,,True,,,,
20,10,_original_nint128_seed11,2,2,8,1;8,False,True,collision,8,1,,,,,,True,,,,
20,10,_original_nint128_seed11,3,3,7,1;2;8,False,True,monotone,2;8,1,,,,,,True,,,,
20,10,_original_nint128_seed11,3,3,7,2;6;8,False,True,monotone,2;8,6,,,,,,True,,,,
20,10,_original_nint128_seed11,3,3,7,1;4;8,False,True,monotone,1;4,8,,,,,,True,,,,
20,10,_original_nint128_seed11,3,3,7,2;4;6,False,True,monotone,4;6,2,,,,,,True,,,,
20,10,_original_nint128_seed11,3,3,7,2;3;6,False,True,monotone,2;3,6,,,,,,True,,,,
20,10,_original_nint128_seed11,3,3,7,1;7;8,False,True,monotone,7;8,1,,,,,,True,,,,
20,10,_original_nint128_seed11,3,3,7,2;6;9,False,True,monotone,2;9,6,,,,,,True,,,,
20,10,_original_nint128_seed11,3,3,7,0;2;6,False,True,monotone,0;6,2,,,,,,True,,,,
20,10,_original_nint128_seed11,3,3,7,2;5;6,False,True,monotone,5;6,2,,,,,,True,,,,
20,10,_original_nint128_seed11,3,3,7,1;5;8,False,True,monotone,5;8,1,,,,,,True,,,,
20,10,_original_nint128_seed11,3,3,7,1;2;6,False,True,monotone,1;6,2,,,,,,True,,,,
20,10,_original_nint128_seed11,3,3,7,1;6;8,False,True,monotone,1;6,8,,,,,,True,,,,
20,10,_original_nint128_seed11,3,3,7,1;3;8,False,True,monotone,1;3,8,,,,,,True,,,,
20,10,_original_nint128_seed11,3,3,7,2;6;7,False,True,monotone,6;7,2,,,,,,True,,,,
20,10,_original_nint128_seed11,3,3,7,0;1;8,False,True,monotone,0;1,8,,,,,,True,,,,
20,10,_original_nint128_seed11,3,3,7,1;8;9,False,True,monotone,1;9,8,,,,,,True,,,,
20,10,_original_nint128_seed11,4,4,6,1;2;6;9,False,True,monotone,1;2;9,6,,,,,,True,,,,
20,10,_original_nint128_seed11,4,4,6,1;2;8;9,False,True,monotone,1;2;9,8,,,,,,True,,,,
20,10,_original_nint128_seed11,4,4,6,0;1;7;8,False,True,monotone,0;1;7,8,,,,,,True,,,,
20,10,_original_nint128_seed11,4,4,6,1;2;7;8,False,True,monotone,2;7;8,1,,,,,,True,,,,
20,10,_original_nint128_seed11,4,4,6,2;6;7;8,False,True,monotone,2;7;8,6,,,,,,True,,,,
20,10,_original_nint128_seed11,4,4,6,0;2;4;6,False,True,monotone,0;2;4,6,,,,,,True,,,,
20,10,_original_nint128_seed11,4,4,6,1;2;4;8,False,True,monotone,2;4;8,1,,,,,,True,,,,
20,10,_original_nint128_seed11,4,4,6,2;4;6;8,False,True,monotone,2;4;8,6,,,,,,True,,,,
20,10,_original_nint128_seed11,4,4,6,1;4;7;8,False,True,monotone,4;7;8,1,,,,,,True,,,,
20,10,_original_nint128_seed11,4,4,6,1;3;7;8,False,True,monotone,1;3;7,8,,,,,,True,,,,
20,10,_original_nint128_seed11,4,4,6,1;3;4;8,False,True,monotone,3;4;8,1,,,,,,True,,,,
20,10,_original_nint128_seed11,4,4,6,2;5;6;9,False,True,monotone,2;5;9,6,,,,,,True,,,,
20,10,_original_nint128_seed11,4,4,6,1;7;8;9,False,True,monotone,7;8;9,1,,,,,,True,,,,
20,10,_original_nint128_seed11,4,4,6,0;2;6;9,False,True,monotone,0;6;9,2,,,,,,True,,,,
20,10,_original_nint128_seed11,4,4,6,0;1;8;9,False,True,monotone,0;1;9,8,,,,,,True,,,,
20,10,_original_nint128_seed11,4,4,6,1;4;8;9,False,True,monotone,4;8;9,1,,,,,,True,,,,
20,10,_original_nint128_seed11,4,4,6,1;3;8;9,False,True,monotone,1;3;9,8,,,,,,True,,,,
20,10,_original_nint128_seed11,4,4,6,1;2;3;8,False,True,monotone,2;3;8,1,,,,,,True,,,,
20,10,_original_nint128_seed11,4,4,6,2;3;6;8,False,True,monotone,2;3;8,6,,,,,,True,,,,
20,10,_original_nint128_seed11,4,4,6,0;1;3;8,False,True,monotone,0;1;3,8,,,,,,True,,,,
20,10,_original_nint128_seed11,4,4,6,0;1;4;8,False,True,monotone,0;4;8,1,,,,,,True,,,,
20,10,_original_nint128_seed11,4,4,6,2;4;6;7,False,True,monotone,4;6;7,2,,,,,,True,,,,
20,10,_original_nint128_seed11,4,4,6,1;3;5;8,False,True,monotone,3;5;8,1,,,,,,True,,,,
20,10,_original_nint128_seed11,4,4,6,1;2;3;6,False,True,monotone,1;3;6,2,,,,,,True,,,,
20,10,_original_nint128_seed11,4,4,6,1;3;6;8,False,True,monotone,1;3;6,8,,,,,,True,,,,
20,10,_original_nint128_seed11,4,4,6,0;2;6;7,False,True,monotone,0;6;7,2,,,,,,True,,,,
20,10,_original_nint128_seed11,4,4,6,2;3;4;6,False,True,monotone,2;3;4,6,,,,,,True,,,,
20,10,_original_nint128_seed11,4,4,6,2;4;6;9,False,True,monotone,4;6;9,2,,,,,,True,,,,
20,10,_original_nint128_seed11,4,4,6,1;6;7;8,False,True,monotone,6;7;8,1,,,,,,True,,,,
20,10,_original_nint128_seed11,4,4,6,1;5;7;8,False,True,monotone,1;5;7,8,,,,,,True,,,,
20,10,_original_nint128_seed11,4,4,6,1;2;4;6,False,True,monotone,1;4;6,2,,,,,,True,,,,
20,10,_original_nint128_seed11,4,4,6,1;4;6;8,False,True,monotone,1;4;6,8,,,,,,True,,,,
20,10,_original_nint128_seed11,4,4,6,1;4;5;8,False,True,monotone,4;5;8,1,,,,,,True,,,,
20,10,_original_nint128_seed11,4,4,6,2;3;6;9,False,True,monotone,2;3;9,6,,,,,,True,,,,
20,10,_original_nint128_seed11,4,4,6,0;2;3;6,False,True,monotone,0;2;3,6,,,,,,True,,,,
20,10,_original_nint128_seed11,4,4,6,1;2;6;7,False,True,monotone,1;2;7,6,,,,,,True,,,,
20,10,_original_nint128_seed11,4,4,6,2;3;5;6,False,True,monotone,2;3;5,6,,,,,,True,,,,
20,10,_original_nint128_seed11,4,4,6,1;5;8;9,False,True,monotone,1;5;9,8,,,,,,True,,,,
20,10,_original_nint128_seed11,4,4,6,1;6;8;9,False,True,monotone,6;8;9,1,,,,,,True,,,,
20,10,_original_nint128_seed11,4,4,6,2;6;8;9,False,True,monotone,6;8;9,2,,,,,,True,,,,
20,10,_original_nint128_seed11,4,4,6,1;2;5;8,False,True,monotone,2;5;8,1,,,,,,True,,,,
20,10,_original_nint128_seed11,4,4,6,2;5;6;8,False,True,monotone,2;5;8,6,,,,,,True,,,,
20,10,_original_nint128_seed11,4,4,6,0;3;4;7,False,True,collision,0;3;4,7,,,,,,True,,,,
20,10,_original_nint128_seed11,4,4,6,2;5;6;7,False,True,monotone,2;5;7,6,,,,,,True,,,,
20,10,_original_nint128_seed11,4,4,6,2;4;5;6,False,True,monotone,2;4;5,6,,,,,,True,,,,
20,10,_original_nint128_seed11,4,4,6,2;6;7;9,False,True,monotone,2;7;9,6,,,,,,True,,,,
20,10,_original_nint128_seed11,4,4,6,0;2;5;6,False,True,monotone,0;2;5,6,,,,,,True,,,,
20,10,_original_nint128_seed11,4,4,6,0;1;2;6,False,True,monotone,0;1;2,6,,,,,,True,,,,
20,10,_original_nint128_seed11,4,4,6,0;1;2;8,False,True,monotone,0;1;2,8,,,,,,True,,,,
20,10,_original_nint128_seed11,4,4,6,2;3;6;7,False,True,monotone,2;3;7,6,,,,,,True,,,,
20,10,_original_nint128_seed11,4,4,6,1;2;5;6,False,True,monotone,1;2;5,6,,,,,,True,,,,
20,10,_original_nint128_seed11,4,4,6,0;1;5;8,False,True,monotone,0;5;8,1,,,,,,True,,,,
20,10,_original_nint128_seed11,4,4,6,0;1;6;8,False,True,monotone,0;1;6,8,,,,,,True,,,,
20,10,_original_nint128_seed11,4,4,6,1;5;6;8,False,True,monotone,5;6;8,1,,,,,,True,,,,
20,10,_original_nint128_seed11,4,4,6,0;2;6;8,False,True,monotone,0;2;8,6,,,,,,True,,,,
20,10,_original_nint128_seed11,5,5,5,0;1;2;7;8,False,True,monotone,0;2;7;8,1,,,,,,True,,,,
20,10,_original_nint128_seed11,5,5,5,0;2;6;7;8,False,True,monotone,0;2;7;8,6,,,,,,True,,,,
20,10,_original_nint128_seed11,5,5,5,1;5;6;7;8,False,True,monotone,5;6;7;8,1,,,,,,True,,,,
20,10,_original_nint128_seed11,5,5,5,2;5;6;7;8,False,True,monotone,5;6;7;8,2,,,,,,True,,,,
20,10,_original_nint128_seed11,5,5,5,0;2;4;6;9,False,True,monotone,0;2;4;9,6,,,,,,True,,,,
20,10,_original_nint128_seed11,5,5,5,0;3;4;7;8,False,True,monotone,3;4;7;8,0,,,,,,True,,,,
20,10,_original_nint128_seed11,5,5,5,1;3;4;7;8,False,True,monotone,3;4;7;8,1,,,,,,True,,,,
20,10,_original_nint128_seed11,5,5,5,0;2;3;4;6,False,True,monotone,0;3;4;6,2,,,,,,True,,,,
20,10,_original_nint128_seed11,5,5,5,0;3;4;6;7,False,True,monotone,0;3;4;6,7,,,,,,True,,,,
20,10,_original_nint128_seed11,5,5,5,2;3;4;6;9,False,True,monotone,2;3;4;9,6,,,,,,True,,,,
20,10,_original_nint128_seed11,5,5,5,2;3;4;5;6,False,True,monotone,3;4;5;6,2,,,,,,True,,,,
20,10,_original_nint128_seed11,5,5,5,0;2;3;4;7,False,True,monotone,0;2;3;4,7,,,,,,True,,,,
20,10,_original_nint128_seed11,5,5,5,1;4;7;8;9,False,True,monotone,4;7;8;9,1,,,,,,True,,,,
20,10,_original_nint128_seed11,5,5,5,0;3;4;7;9,False,True,monotone,3;4;7;9,0,,,,,,True,,,,
20,10,_original_nint128_seed11,5,5,5,1;2;3;7;8,False,True,monotone,2;3;7;8,1,,,,,,True,,,,
20,10,_original_nint128_seed11,5,5,5,2;3;6;7;8,False,True,monotone,2;3;7;8,6,,,,,,True,,,,
20,10,_original_nint128_seed11,5,5,5,0;1;4;8;9,False,True,monotone,0;1;4;9,8,,,,,,True,,,,
20,10,_original_nint128_seed11,5,5,5,0;2;4;6;7,False,True,monotone,0;2;4;7,6,,,,,,True,,,,
20,10,_original_nint128_seed11,5,5,5,1;2;4;5;6,False,True,monotone,1;2;4;5,6,,,,,,True,,,,
20,10,_original_nint128_seed11,5,5,5,1;2;4;5;8,False,True,monotone,1;2;4;5,8,,,,,,True,,,,
20,10,_original_nint128_seed11,5,5,5,0;2;3;6;9,False,True,monotone,0;2;3;9,6,,,,,,True,,,,
20,10,_original_nint128_seed11,5,5,5,2;4;5;6;7,False,True,monotone,4;5;6;7,2,,,,,,True,,,,
20,10,_original_nint128_seed11,5,5,5,0;1;3;5;8,False,True,monotone,0;1;3;5,8,,,,,,True,,,,
20,10,_original_nint128_seed11,5,5,5,0;1;3;6;8,False,True,monotone,0;3;6;8,1,,,,,,True,,,,
20,10,_original_nint128_seed11,5,5,5,0;2;3;6;8,False,True,monotone,0;3;6;8,2,,,,,,True,,,,
20,10,_original_nint128_seed11,5,5,5,0;1;3;7;8,False,True,monotone,0;3;7;8,1,,,,,,True,,,,
20,10,_original_nint128_seed11,5,5,5,1;2;4;6;9,False,True,monotone,1;2;4;9,6,,,,,,True,,,,
20,10,_original_nint128_seed11,5,5,5,1;2;4;8;9,False,True,monotone,1;2;4;9,8,,,,,,True,,,,
20,10,_original_nint128_seed11,5,5,5,1;3;5;6;8,False,True,monotone,3;5;6;8,1,,,,,,True,,,,
20,10,_original_nint128_seed11,5,5,5,2;3;5;6;8,False,True,monotone,3;5;6;8,2,,,,,,True,,,,
20,10,_original_nint128_seed11,5,5,5,1;2;5;8;9,False,True,monotone,2;5;8;9,1,,,,,,True,,,,
20,10,_original_nint128_seed11,5,5,5,2;5;6;8;9,False,True,monotone,2;5;8;9,6,,,,,,True,,,,
20,10,_original_nint128_seed11,5,5,5,0;1;2;3;8,False,True,monotone,0;2;3;8,1,,,,,,True,,,,
20,10,_original_nint128_seed11,5,5,5,2;3;4;6;7,False,True,monotone,2;3;4;7,6,,,,,,True,,,,
20,10,_original_nint128_seed11,5,5,5,0;2;5;6;9,False,True,monotone,0;5;6;9,2,,,,,,True,,,,
20,10,_original_nint128_seed11,5,5,5,1;2;5;6;9,False,True,monotone,1;5;6;9,2,,,,,,True,,,,
20,10,_original_nint128_seed11,5,5,5,1;5;6;8;9,False,True,monotone,1;5;6;9,8,,,,,,True,,,,
20,10,_original_nint128_seed11,5,5,5,0;2;5;6;7,False,True,monotone,0;2;5;7,6,,,,,,True,,,,
20,10,_original_nint128_seed11,5,5,5,0;2;6;7;9,False,True,monotone,0;6;7;9,2,,,,,,True,,,,
20,10,_original_nint128_seed11,5,5,5,1;2;3;5;6,False,True,monotone,1;2;3;5,6,,,,,,True,,,,
20,10,_original_nint128_seed11,5,5,5,1;2;3;5;8,False,True,monotone,1;2;3;5,8,,,,,,True,,,,
20,10,_original_nint128_seed11,5,5,5,1;4;6;8;9,False,True,monotone,4;6;8;9,1,,,,,,True,,,,
20,10,_original_nint128_seed11,5,5,5,2;4;6;8;9,False,True,monotone,4;6;8;9,2,,,,,,True,,,,
20,10,_original_nint128_seed11,5,5,5,1;4;5;8;9,False,True,monotone,1;4;5;9,8,,,,,,True,,,,
20,10,_original_nint128_seed11,5,5,5,1;4;5;7;8,False,True,monotone,4;5;7;8,1,,,,,,True,,,,
20,10,_original_nint128_seed11,5,5,5,1;2;4;6;7,False,True,monotone,1;4;6;7,2,,,,,,True,,,,
20,10,_original_nint128_seed11,5,5,5,1;4;6;7;8,False,True,monotone,1;4;6;7,8,,,,,,True,,,,
20,10,_original_nint128_seed11,5,5,5,1;4;5;6;8,False,True,monotone,4;5;6;8,1,,,,,,True,,,,
20,10,_original_nint128_seed11,5,5,5,2;4;5;6;8,False,True,monotone,4;5;6;8,2,,,,,,True,,,,
20,10,_original_nint128_seed11,5,5,5,0;3;4;5;7,False,True,monotone,0;4;5;7,3,,,,,,True,,,,
20,10,_original_nint128_seed11,5,5,5,0;1;4;7;8,False,True,monotone,0;4;7;8,1,,,,,,True,,,,
20,10,_original_nint128_seed11,5,5,5,2;4;5;6;9,False,True,monotone,2;4;5;9,6,,,,,,True,,,,
20,10,_original_nint128_seed11,5,5,5,1;2;4;7;8,False,True,monotone,1;2;4;7,8,,,,,,True,,,,
20,10,_original_nint128_seed11,5,5,5,2;5;6;7;9,False,True,monotone,5;6;7;9,2,,,,,,True,,,,
20,10,_original_nint128_seed11,5,5,5,1;2;5;7;8,False,True,monotone,2;5;7;8,1,,,,,,True,,,,
20,10,_original_nint128_seed11,5,5,5,0;1;7;8;9,False,True,monotone,0;7;8;9,1,,,,,,True,,,,
20,10,_original_nint128_seed11,5,5,5,1;2;5;6;7,False,True,monotone,1;5;6;7,2,,,,,,True,,,,
20,10,_original_nint128_seed11,5,5,5,0;2;3;5;6,False,True,monotone,0;3;5;6,2,,,,,,True,,,,
20,10,_original_nint128_seed11,5,5,5,2;4;6;7;8,False,True,monotone,4;6;7;8,2,,,,,,True,,,,
20,10,_original_nint128_seed11,5,5,5,0;1;2;6;7,False,True,monotone,0;1;6;7,2,,,,,,True,,,,
20,10,_original_nint128_seed11,5,5,5,0;1;6;7;8,False,True,monotone,0;1;6;7,8,,,,,,True,,,,
20,10,_original_nint128_seed11,5,5,5,0;1;5;7;8,False,True,monotone,0;5;7;8,1,,,,,,True,,,,
20,10,_original_nint128_seed11,5,5,5,1;3;5;8;9,False,True,monotone,3;5;8;9,1,,,,,,True,,,,
20,10,_original_nint128_seed11,5,5,5,1;2;3;6;9,False,True,monotone,1;3;6;9,2,,,,,,True,,,,
20,10,_original_nint128_seed11,5,5,5,1;3;6;8;9,False,True,monotone,1;3;6;9,8,,,,,,True,,,,
20,10,_original_nint128_seed11,5,5,5,1;3;4;8;9,False,True,monotone,1;3;4;9,8,,,,,,True,,,,
20,10,_original_nint128_seed11,5,5,5,0;1;3;4;7,False,True,monotone,0;1;3;4,7,,,,,,True,,,,
20,10,_original_nint128_seed11,5,5,5,0;1;3;4;8,False,True,monotone,0;1;3;4,8,,,,,,True,,,,
20,10,_original_nint128_seed11,5,5,5,0;1;2;3;6,False,True,monotone,0;1;3;6,2,,,,,,True,,,,
20,10,_original_nint128_seed11,5,5,5,1;3;4;5;8,False,True,monotone,1;3;4;5,8,,,,,,True,,,,
20,10,_original_nint128_seed11,5,5,5,1;3;4;6;8,False,True,monotone,3;4;6;8,1,,,,,,True,,,,
20,10,_original_nint128_seed11,5,5,5,2;3;4;6;8,False,True,monotone,3;4;6;8,2,,,,,,True,,,,
20,10,_original_nint128_seed11,5,5,5,0;1;3;8;9,False,True,monotone,0;3;8;9,1,,,,,,True,,,,
20,10,_original_nint128_seed11,5,5,5,2;3;6;7;9,False,True,monotone,3;6;7;9,2,,,,,,True,,,,
20,10,_original_nint128_seed11,5,5,5,1;3;7;8;9,False,True,monotone,1;3;7;9,8,,,,,,True,,,,
20,10,_original_nint128_seed11,5,5,5,2;3;6;8;9,False,True,monotone,3;6;8;9,2,,,,,,True,,,,
20,10,_original_nint128_seed11,5,5,5,2;3;5;6;9,False,True,monotone,3;5;6;9,2,,,,,,True,,,,
20,10,_original_nint128_seed11,5,5,5,1;2;3;6;7,False,True,monotone,1;3;6;7,2,,,,,,True,,,,
20,10,_original_nint128_seed11,5,5,5,1;3;6;7;8,False,True,monotone,1;3;6;7,8,,,,,,True,,,,
20,10,_original_nint128_seed11,5,5,5,1;3;5;7;8,False,True,monotone,3;5;7;8,1,,,,,,True,,,,
20,10,_original_nint128_seed11,5,5,5,1;2;3;4;6,False,True,monotone,1;3;4;6,2,,,,,,True,,,,
20,10,_original_nint128_seed11,5,5,5,2;4;6;7;9,False,True,monotone,4;6;7;9,2,,,,,,True,,,,
20,10,_original_nint128_seed11,5,5,5,0;1;4;6;8,False,True,monotone,0;4;6;8,1,,,,,,True,,,,
20,10,_original_nint128_seed11,5,5,5,0;2;4;6;8,False,True,monotone,0;4;6;8,2,,,,,,True,,,,
20,10,_original_nint128_seed11,5,5,5,0;1;4;5;8,False,True,monotone,0;1;4;5,8,,,,,,True,,,,
20,10,_original_nint128_seed11,5,5,5,2;3;5;6;7,False,True,monotone,3;5;6;7,2,,,,,,True,,,,
20,10,_original_nint128_seed11,5,5,5,0;1;2;5;6,False,True,monotone,0;1;5;6,2,,,,,,True,,,,
20,10,_original_nint128_seed11,5,5,5,0;1;5;6;8,False,True,monotone,0;1;5;6,8,,,,,,True,,,,
20,10,_original_nint128_seed11,5,5,5,0;2;3;6;7,False,True,monotone,0;3;6;7,2,,,,,,True,,,,
20,10,_original_nint128_seed11,5,5,5,0;1;2;6;9,False,True,monotone,0;1;6;9,2,,,,,,True,,,,
20,10,_original_nint128_seed11,5,5,5,0;1;6;8;9,False,True,monotone,0;1;6;9,8,,,,,,True,,,,
20,10,_original_nint128_seed11,5,5,5,0;1;5;8;9,False,True,monotone,0;5;8;9,1,,,,,,True,,,,
20,10,_original_nint128_seed11,5,5,5,0;1;2;5;8,False,True,monotone,0;1;2;5,8,,,,,,True,,,,
20,10,_original_nint128_seed11,5,5,5,1;6;7;8;9,False,True,monotone,6;7;8;9,1,,,,,,True,,,,
20,10,_original_nint128_seed11,5,5,5,2;6;7;8;9,False,True,monotone,6;7;8;9,2,,,,,,True,,,,
20,10,_original_nint128_seed11,5,5,5,1;5;7;8;9,False,True,monotone,1;5;7;9,8,,,,,,True,,,,
20,10,_original_nint128_seed11,5,5,5,0;1;2;4;6,False,True,monotone,0;1;4;6,2,,,,,,True,,,,
20,10,_original_nint128_seed11,5,5,5,0;2;6;8;9,False,True,monotone,0;6;8;9,2,,,,,,True,,,,
20,10,_original_nint128_seed11,5,5,5,1;2;6;7;9,False,True,monotone,1;6;7;9,2,,,,,,True,,,,
20,10,_original_nint128_seed11,5,5,5,1;2;3;4;8,False,True,monotone,2;3;4;8,1,,,,,,True,,,,
20,10,_original_nint128_seed11,5,5,5,1;2;7;8;9,False,True,monotone,2;7;8;9,1,,,,,,True,,,,
20,10,_original_nint128_seed11,5,5,5,0;1;2;8;9,False,True,monotone,0;1;2;9,8,,,,,,True,,,,
20,10,_original_nint128_seed11,5,5,5,0;2;4;5;6,False,True,monotone,0;4;5;6,2,,,,,,True,,,,
20,10,_original_nint128_seed11,5,5,5,1;2;3;8;9,False,True,monotone,1;2;3;9,8,,,,,,True,,,,
20,10,_original_nint128_seed11,5,5,5,0;1;2;4;8,False,True,monotone,0;2;4;8,1,,,,,,True,,,,
20,10,_original_nint128_seed11,5,5,5,0;2;5;6;8,False,True,monotone,0;5;6;8,2,,,,,,True,,,,
20,10,_original_nint128_seed11,6,6,4,0;1;2;3;4;7,False,True,monotone,0;1;2;3;7,4,,,,,,True,,,,
20,10,_original_nint128_seed11,6,6,4,0;1;2;3;6;7,False,True,monotone,0;1;2;3;7,6,,,,,,True,,,,
20,10,_original_nint128_seed11,6,6,4,0;1;2;3;7;8,False,True,monotone,0;1;2;3;7,8,,,,,,True,,,,
20,10,_original_nint128_seed11,6,6,4,1;3;5;6;8;9,False,True,monotone,3;5;6;8;9,1,,,,,,True,,,,
20,10,_original_nint128_seed11,6,6,4,2;3;5;6;8;9,False,True,monotone,3;5;6;8;9,2,,,,,,True,,,,
20,10,_original_nint128_seed11,6,6,4,1;4;5;6;7;8,False,True,monotone,4;5;6;7;8,1,,,,,,True,,,,
20,10,_original_nint128_seed11,6,6,4,2;4;5;6;7;8,False,True,monotone,4;5;6;7;8,2,,,,,,True,,,,
20,10,_original_nint128_seed11,6,6,4,0;1;2;3;8;9,False,True,monotone,0;2;3;8;9,1,,,,,,True,,,,
20,10,_original_nint128_seed11,6,6,4,0;2;3;6;8;9,False,True,monotone,0;2;3;8;9,6,,,,,,True,,,,
20,10,_original_nint128_seed11,6,6,4,0;1;2;4;5;6,False,True,monotone,0;1;4;5;6,2,,,,,,True,,,,
20,10,_original_nint128_seed11,6,6,4,0;1;4;5;6;8,False,True,monotone,0;1;4;5;6,8,,,,,,True,,,,
20,10,_original_nint128_seed11,6,6,4,0;2;3;4;7;9,False,True,monotone,2;3;4;7;9,0,,,,,,True,,,,
20,10,_original_nint128_seed11,6,6,4,2;3;4;6;7;9,False,True,monotone,2;3;4;7;9,6,,,,,,True,,,,
20,10,_original_nint128_seed11,6,6,4,0;3;4;5;6;7,False,True,monotone,3;4;5;6;7,0,,,,,,True,,,,
20,10,_original_nint128_seed11,6,6,4,2;3;4;5;6;7,False,True,monotone,3;4;5;6;7,2,,,,,,True,,,,
20,10,_original_nint128_seed11,6,6,4,1;2;3;4;5;6,False,True,monotone,1;3;4;5;6,2,,,,,,True,,,,
20,10,_original_nint128_seed11,6,6,4,1;3;4;5;6;8,False,True,monotone,1;3;4;5;6,8,,,,,,True,,,,
20,10,_original_nint128_seed11,6,6,4,1;2;3;4;6;9,False,True,monotone,1;2;3;4;9,6,,,,,,True,,,,
20,10,_original_nint128_seed11,6,6,4,1;2;3;4;8;9,False,True,monotone,1;2;3;4;9,8,,,,,,True,,,,
20,10,_original_nint128_seed11,6,6,4,0;2;4;5;6;7,False,True,monotone,0;4;5;6;7,2,,,,,,True,,,,
20,10,_original_nint128_seed11,6,6,4,0;3;4;6;7;9,False,True,monotone,3;4;6;7;9,0,,,,,,True,,,,
20,10,_original_nint128_seed11,6,6,4,0;1;2;3;4;6,False,True,monotone,0;1;2;3;4,6,,,,,,True,,,,
20,10,_original_nint128_seed11,6,6,4,0;1;2;3;4;8,False,True,monotone,0;1;2;3;4,8,,,,,,True,,,,
20,10,_original_nint128_seed11,6,6,4,0;1;3;4;8;9,False,True,monotone,0;3;4;8;9,1,,,,,,True,,,,
20,10,_original_nint128_seed11,6,6,4,0;3;4;7;8;9,False,True,monotone,0;3;4;8;9,7,,,,,,True,,,,
20,10,_original_nint128_seed11,6,6,4,0;1;5;6;8;9,False,True,monotone,0;5;6;8;9,1,,,,,,True,,,,
20,10,_original_nint128_seed11,6,6,4,0;2;5;6;8;9,False,True,monotone,0;5;6;8;9,2,,,,,,True,,,,
20,10,_original_nint128_seed11,6,6,4,0;2;3;4;7;8,False,True,monotone,2;3;4;7;8,0,,,,,,True,,,,
20,10,_original_nint128_seed11,6,6,4,1;2;3;4;7;8,False,True,monotone,2;3;4;7;8,1,,,,,,True,,,,
20,10,_original_nint128_seed11,6,6,4,2;3;4;6;7;8,False,True,monotone,2;3;4;7;8,6,,,,,,True,,,,
20,10,_original_nint128_seed11,6,6,4,1;4;5;6;8;9,False,True,monotone,4;5;6;8;9,1,,,,,,True,,,,
20,10,_original_nint128_seed11,6,6,4,2;4;5;6;8;9,False,True,monotone,4;5;6;8;9,2,,,,,,True,,,,
20,10,_original_nint128_seed11,6,6,4,0;3;4;5;7;9,False,True,monotone,0;4;5;7;9,3,,,,,,True,,,,
20,10,_original_nint128_seed11,6,6,4,0;1;4;7;8;9,False,True,monotone,0;4;7;8;9,1,,,,,,True,,,,
20,10,_original_nint128_seed11,6,6,4,0;2;3;4;5;7,False,True,monotone,0;2;3;5;7,4,,,,,,True,,,,
20,10,_original_nint128_seed11,6,6,4,0;2;3;5;6;7,False,True,monotone,0;2;3;5;7,6,,,,,,True,,,,
20,10,_original_nint128_seed11,6,6,4,0;1;2;3;5;6,False,True,monotone,0;1;3;5;6,2,,,,,,True,,,,
20,10,_original_nint128_seed11,6,6,4,0;1;3;5;6;8,False,True,monotone,0;1;3;5;6,8,,,,,,True,,,,
20,10,_original_nint128_seed11,6,6,4,1;2;4;6;7;9,False,True,monotone,1;2;4;7;9,6,,,,,,True,,,,
20,10,_original_nint128_seed11,6,6,4,1;2;4;7;8;9,False,True,monotone,1;2;4;7;9,8,,,,,,True,,,,
20,10,_original_nint128_seed11,6,6,4,1;3;5;6;7;8,False,True,monotone,3;5;6;7;8,1,,,,,,True,,,,
20,10,_original_nint128_seed11,6,6,4,2;3;5;6;7;8,False,True,monotone,3;5;6;7;8,2,,,,,,True,,,,
20,10,_original_nint128_seed11,6,6,4,1;2;5;7;8;9,False,True,monotone,2;5;7;8;9,1,,,,,,True,,,,
20,10,_original_nint128_seed11,6,6,4,2;5;6;7;8;9,False,True,monotone,2;5;7;8;9,6,,,,,,True,,,,
20,10,_original_nint128_seed11,6,6,4,0;2;3;6;7;9,False,True,monotone,0;2;3;7;9,6,,,,,,True,,,,
20,10,_original_nint128_seed11,6,6,4,0;1;5;6;7;8,False,True,monotone,0;5;6;7;8,1,,,,,,True,,,,
20,10,_original_nint128_seed11,6,6,4,0;2;5;6;7;8,False,True,monotone,0;5;6;7;8,2,,,,,,True,,,,
20,10,_original_nint128_seed11,6,6,4,0;1;2;7;8;9,False,True,monotone,0;2;7;8;9,1,,,,,,True,,,,
20,10,_original_nint128_seed11,6,6,4,0;2;6;7;8;9,False,True,monotone,0;2;7;8;9,6,,,,,,True,,,,
20,10,_original_nint128_seed11,6,6,4,1;5;6;7;8;9,False,True,monotone,5;6;7;8;9,1,,,,,,True,,,,
20,10,_original_nint128_seed11,6,6,4,1;3;4;7;8;9,False,True,monotone,3;4;7;8;9,1,,,,,,True,,,,
20,10,_original_nint128_seed11,6,6,4,0;2;3;4;6;9,False,True,monotone,0;3;4;6;9,2,,,,,,True,,,,
20,10,_original_nint128_seed11,6,6,4,0;1;2;6;7;9,False,True,monotone,0;1;6;7;9,2,,,,,,True,,,,
20,10,_original_nint128_seed11,6,6,4,0;1;6;7;8;9,False,True,monotone,0;1;6;7;9,8,,,,,,True,,,,
20,10,_original_nint128_seed11,6,6,4,0;1;5;7;8;9,False,True,monotone,0;5;7;8;9,1,,,,,,True,,,,
20,10,_original_nint128_seed11,6,6,4,0;1;2;5;6;7,False,True,monotone,0;1;2;5;7,6,,,,,,True,,,,
20,10,_original_nint128_seed11,6,6,4,0;1;2;5;7;8,False,True,monotone,0;1;2;5;7,8,,,,,,True,,,,
20,10,_original_nint128_seed11,6,6,4,0;3;4;6;7;8,False,True,monotone,3;4;6;7;8,0,,,,,,True,,,,
20,10,_original_nint128_seed11,6,6,4,1;3;4;6;7;8,False,True,monotone,3;4;6;7;8,1,,,,,,True,,,,
20,10,_original_nint128_seed11,6,6,4,0;1;3;4;5;7,False,True,monotone,1;3;4;5;7,0,,,,,,True,,,,
20,10,_original_nint128_seed11,6,6,4,1;3;4;5;7;8,False,True,monotone,1;3;4;5;7,8,,,,,,True,,,,
20,10,_original_nint128_seed11,6,6,4,2;4;6;7;8;9,False,True,monotone,2;4;7;8;9,6,,,,,,True,,,,
20,10,_original_nint128_seed11,6,6,4,0;1;3;4;6;7,False,True,monotone,0;1;3;4;6,7,,,,,,True,,,,
20,10,_original_nint128_seed11,6,6,4,0;1;3;4;6;8,False,True,monotone,0;1;3;4;6,8,,,,,,True,,,,
20,10,_original_nint128_seed11,6,6,4,2;4;5;6;7;9,False,True,monotone,2;4;5;7;9,6,,,,,,True,,,,
20,10,_original_nint128_seed11,6,6,4,0;1;3;4;5;8,False,True,monotone,0;3;4;5;8,1,,,,,,True,,,,
20,10,_original_nint128_seed11,6,6,4,0;3;4;5;7;8,False,True,monotone,0;3;4;5;8,7,,,,,,True,,,,
20,10,_original_nint128_seed11,6,6,4,0;2;4;6;7;9,False,True,monotone,0;2;4;7;9,6,,,,,,True,,,,
20,10,_original_nint128_seed11,6,6,4,1;2;4;5;6;9,False,True,monotone,1;2;4;5;9,6,,,,,,True,,,,
20,10,_original_nint128_seed11,6,6,4,1;2;4;5;8;9,False,True,monotone,1;2;4;5;9,8,,,,,,True,,,,
20,10,_original_nint128_seed11,6,6,4,0;1;3;5;8;9,False,True,monotone,0;1;3;5;9,8,,,,,,True,,,,
20,10,_original_nint128_seed11,6,6,4,0;1;3;6;8;9,False,True,monotone,0;3;6;8;9,1,,,,,,True,,,,
20,10,_original_nint128_seed11,6,6,4,1;3;4;6;8;9,False,True,monotone,3;4;6;8;9,1,,,,,,True,,,,
20,10,_original_nint128_seed11,6,6,4,2;3;4;6;8;9,False,True,monotone,3;4;6;8;9,2,,,,,,True,,,,
20,10,_original_nint128_seed11,6,6,4,1;3;4;5;8;9,False,True,monotone,1;3;4;5;9,8,,,,,,True,,,,
20,10,_original_nint128_seed11,6,6,4,1;2;3;4;5;8,False,True,monotone,2;3;4;5;8,1,,,,,,True,,,,
20,10,_original_nint128_seed11,6,6,4,2;3;4;5;6;8,False,True,monotone,2;3;4;5;8,6,,,,,,True,,,,
20,10,_original_nint128_seed11,6,6,4,0;1;2;3;6;9,False,True,monotone,0;1;2;3;9,6,,,,,,True,,,,
20,10,_original_nint128_seed11,6,6,4,0;2;5;6;7;9,False,True,monotone,0;2;5;7;9,6,,,,,,True,,,,
20,10,_original_nint128_seed11,6,6,4,1;2;3;5;6;9,False,True,monotone,1;2;3;5;9,6,,,,,,True,,,,
20,10,_original_nint128_seed11,6,6,4,1;2;3;5;8;9,False,True,monotone,1;2;3;5;9,8,,,,,,True,,,,
20,10,_original_nint128_seed11,6,6,4,0;1;3;5;7;8,False,True,monotone,0;1;3;5;7,8,,,,,,True,,,,
20,10,_original_nint128_seed11,6,6,4,0;1;3;6;7;8,False,True,monotone,0;3;6;7;8,1,,,,,,True,,,,
20,10,_original_nint128_seed11,6,6,4,0;2;3;6;7;8,False,True,monotone,0;3;6;7;8,2,,,,,,True,,,,
20,10,_original_nint128_seed11,6,6,4,0;2;3;4;6;8,False,True,monotone,0;2;3;4;8,6,,,,,,True,,,,
20,10,_original_nint128_seed11,6,6,4,1;4;5;7;8;9,False,True,monotone,4;5;7;8;9,1,,,,,,True,,,,
20,10,_original_nint128_seed11,6,6,4,1;4;6;7;8;9,False,True,monotone,1;4;6;7;9,8,,,,,,True,,,,
20,10,_original_nint128_seed11,6,6,4,1;2;3;4;6;7,False,True,monotone,1;2;3;4;7,6,,,,,,True,,,,
20,10,_original_nint128_seed11,6,6,4,0;1;2;4;7;8,False,True,monotone,0;2;4;7;8,1,,,,,,True,,,,
20,10,_original_nint128_seed11,6,6,4,0;2;4;6;7;8,False,True,monotone,0;2;4;7;8,6,,,,,,True,,,,
20,10,_original_nint128_seed11,6,6,4,1;2;5;6;7;9,False,True,monotone,1;2;5;7;9,6,,,,,,True,,,,
20,10,_original_nint128_seed11,6,6,4,0;2;3;5;6;9,False,True,monotone,0;2;3;5;9,6,,,,,,True,,,,
20,10,_original_nint128_seed11,6,6,4,1;2;3;5;6;7,False,True,monotone,1;2;3;5;7,6,,,,,,True,,,,
20,10,_original_nint128_seed11,6,6,4,1;2;3;5;7;8,False,True,monotone,1;2;3;5;7,8,,,,,,True,,,,
20,10,_original_nint128_seed11,6,6,4,0;1;2;3;5;8,False,True,monotone,0;2;3;5;8,1,,,,,,True,,,,
20,10,_original_nint128_seed11,6,6,4,0;2;3;5;6;8,False,True,monotone,0;2;3;5;8,6,,,,,,True,,,,
20,10,_original_nint128_seed11,6,6,4,2;3;5;6;7;9,False,True,monotone,2;3;5;7;9,6,,,,,,True,,,,
20,10,_original_nint128_seed11,6,6,4,0;1;2;5;6;9,False,True,monotone,0;1;2;5;9,6,,,,,,True,,,,
20,10,_original_nint128_seed11,6,6,4,0;1;2;5;8;9,False,True,monotone,0;1;2;5;9,8,,,,,,True,,,,
20,10,_original_nint128_seed11,6,6,4,2;3;4;5;6;9,False,True,monotone,2;3;4;5;9,6,,,,,,True,,,,
20,10,_original_nint128_seed11,6,6,4,0;1;3;4;7;9,False,True,monotone,0;1;3;4;9,7,,,,,,True,,,,
20,10,_original_nint128_seed11,6,6,4,0;1;2;4;5;8,False,True,monotone,0;2;4;5;8,1,,,,,,True,,,,
20,10,_original_nint128_seed11,6,6,4,0;2;4;5;6;8,False,True,monotone,0;2;4;5;8,6,,,,,,True,,,,
20,10,_original_nint128_seed11,6,6,4,0;2;3;4;5;6,False,True,monotone,0;2;3;4;5,6,,,,,,True,,,,
20,10,_original_nint128_seed11,6,6,4,1;2;4;5;6;7,False,True,monotone,1;2;4;5;7,6,,,,,,True,,,,
20,10,_original_nint128_seed11,6,6,4,1;2;4;5;7;8,False,True,monotone,1;2;4;5;7,8,,,,,,True,,,,
20,10,_original_nint128_seed11,6,6,4,1;2;3;6;7;9,False,True,monotone,1;2;3;7;9,6,,,,,,True,,,,
20,10,_original_nint128_seed11,6,6,4,1;2;3;7;8;9,False,True,monotone,1;2;3;7;9,8,,,,,,True,,,,
20,10,_original_nint128_seed11,6,6,4,0;1;4;5;7;8,False,True,monotone,0;1;4;5;7,8,,,,,,True,,,,
20,10,_original_nint128_seed11,6,6,4,0;1;4;6;7;8,False,True,monotone,0;4;6;7;8,1,,,,,,True,,,,
20,10,_original_nint128_seed11,6,6,4,1;3;5;7;8;9,False,True,monotone,3;5;7;8;9,1,,,,,,True,,,,
20,10,_original_nint128_seed11,6,6,4,1;3;6;7;8;9,False,True,monotone,1;3;6;7;9,8,,,,,,True,,,,
20,10,_original_nint128_seed11,6,6,4,0;1;3;7;8;9,False,True,monotone,0;1;3;7;9,8,,,,,,True,,,,
20,10,_original_nint128_seed11,6,6,4,0;1;2;4;6;7,False,True,monotone,0;1;2;4;7,6,,,,,,True,,,,
20,10,_original_nint128_seed11,6,6,4,0;2;4;5;6;9,False,True,monotone,0;2;4;5;9,6,,,,,,True,,,,
20,10,_original_nint128_seed11,6,6,4,0;1;2;4;8;9,False,True,monotone,0;2;4;8;9,1,,,,,,True,,,,
20,10,_original_nint128_seed11,6,6,4,0;2;4;6;8;9,False,True,monotone,0;2;4;8;9,6,,,,,,True,,,,
20,10,_original_nint128_seed11,6,6,4,0;1;4;5;8;9,False,True,monotone,0;1;4;5;9,8,,,,,,True,,,,
20,10,_original_nint128_seed11,6,6,4,0;1;4;6;8;9,False,True,monotone,0;4;6;8;9,1,,,,,,True,,,,
20,10,_original_nint128_seed11,6,6,4,0;1;2;4;6;9,False,True,monotone,0;1;2;4;9,6,,,,,,True,,,,
20,10,_original_nint128_seed11,6,6,4,2;3;6;7;8;9,False,True,monotone,2;3;7;8;9,6,,,,,,True,,,,
20,10,_original_nint128_seed11,7,7,3,1;2;3;5;7;8;9,False,True,monotone,2;3;5;7;8;9,1,,,,,,True,,,,
20,10,_original_nint128_seed11,7,7,3,2;3;5;6;7;8;9,False,True,monotone,2;3;5;7;8;9,6,,,,,,True,,,,
20,10,_original_nint128_seed11,7,7,3,0;1;2;3;5;8;9,False,True,monotone,0;2;3;5;8;9,1,,,,,,True,,,,
20,10,_original_nint128_seed11,7,7,3,0;2;3;5;6;8;9,False,True,monotone,0;2;3;5;8;9,6,,,,,,True,,,,
20,10,_original_nint128_seed11,7,7,3,0;1;4;5;6;8;9,False,True,monotone,0;4;5;6;8;9,1,,,,,,True,,,,
20,10,_original_nint128_seed11,7,7,3,0;2;4;5;6;8;9,False,True,monotone,0;4;5;6;8;9,2,,,,,,True,,,,
20,10,_original_nint128_seed11,7,7,3,0;1;3;4;5;8;9,False,True,monotone,0;3;4;5;8;9,1,,,,,,True,,,,
20,10,_original_nint128_seed11,7,7,3,0;3;4;5;7;8;9,False,True,monotone,0;3;4;5;8;9,7,,,,,,True,,,,
20,10,_original_nint128_seed11,7,7,3,0;1;4;5;7;8;9,False,True,monotone,0;4;5;7;8;9,1,,,,,,True,,,,
20,10,_original_nint128_seed11,7,7,3,0;1;2;3;4;6;9,False,True,monotone,0;1;3;4;6;9,2,,,,,,True,,,,
20,10,_original_nint128_seed11,7,7,3,0;1;3;4;6;7;9,False,True,monotone,0;1;3;4;6;9,7,,,,,,True,,,,
20,10,_original_nint128_seed11,7,7,3,0;1;3;4;6;8;9,False,True,monotone,0;1;3;4;6;9,8,,,,,,True,,,,
20,10,_original_nint128_seed11,7,7,3,0;1;2;4;6;7;9,False,True,monotone,0;1;4;6;7;9,2,,,,,,True,,,,
20,10,_original_nint128_seed11,7,7,3,0;1;4;6;7;8;9,False,True,monotone,0;1;4;6;7;9,8,,,,,,True,,,,
20,10,_original_nint128_seed11,7,7,3,0;1;2;5;7;8;9,False,True,monotone,0;2;5;7;8;9,1,,,,,,True,,,,
20,10,_original_nint128_seed11,7,7,3,0;2;5;6;7;8;9,False,True,monotone,0;2;5;7;8;9,6,,,,,,True,,,,
20,10,_original_nint128_seed11,7,7,3,0;2;4;5;6;7;9,False,True,monotone,0;4;5;6;7;9,2,,,,,,True,,,,
20,10,_original_nint128_seed11,7,7,3,0;3;4;5;6;7;9,False,True,monotone,0;4;5;6;7;9,3,,,,,,True,,,,
20,10,_original_nint128_seed11,7,7,3,1;2;3;4;5;6;9,False,True,monotone,1;3;4;5;6;9,2,,,,,,True,,,,
20,10,_original_nint128_seed11,7,7,3,1;3;4;5;6;8;9,False,True,monotone,1;3;4;5;6;9,8,,,,,,True,,,,
20,10,_original_nint128_seed11,7,7,3,0;1;2;4;5;8;9,False,True,monotone,0;2;4;5;8;9,1,,,,,,True,,,,
20,10,_original_nint128_seed11,7,7,3,0;1;2;3;4;5;6,False,True,monotone,0;1;3;4;5;6,2,,,,,,True,,,,
20,10,_original_nint128_seed11,7,7,3,0;1;3;4;5;6;7,False,True,monotone,0;1;3;4;5;6,7,,,,,,True,,,,
20,10,_original_nint128_seed11,7,7,3,0;1;3;4;5;6;8,False,True,monotone,0;1;3;4;5;6,8,,,,,,True,,,,
20,10,_original_nint128_seed11,7,7,3,0;1;2;3;4;5;7,False,True,monotone,1;2;3;4;5;7,0,,,,,,True,,,,
20,10,_original_nint128_seed11,7,7,3,1;2;3;4;5;6;7,False,True,monotone,1;2;3;4;5;7,6,,,,,,True,,,,
20,10,_original_nint128_seed11,7,7,3,1;2;3;4;5;7;8,False,True,monotone,1;2;3;4;5;7,8,,,,,,True,,,,
20,10,_original_nint128_seed11,7,7,3,0;1;2;3;4;7;9,False,True,monotone,0;1;2;3;4;9,7,,,,,,True,,,,
20,10,_original_nint128_seed11,7,7,3,0;1;2;3;4;8;9,False,True,monotone,0;1;2;3;4;9,8,,,,,,True,,,,
20,10,_original_nint128_seed11,7,7,3,2;3;4;5;6;7;9,False,True,monotone,3;4;5;6;7;9,2,,,,,,True,,,,
20,10,_original_nint128_seed11,7,7,3,0;3;4;5;6;7;8,False,True,monotone,3;4;5;6;7;8,0,,,,,,True,,,,
20,10,_original_nint128_seed11,7,7,3,1;3;4;5;6;7;8,False,True,monotone,3;4;5;6;7;8,1,,,,,,True,,,,
20,10,_original_nint128_seed11,7,7,3,2;3;4;5;6;7;8,False,True,monotone,3;4;5;6;7;8,2,,,,,,True,,,,
20,10,_original_nint128_seed11,7,7,3,0;2;3;4;6;8;9,False,True,monotone,0;3;4;6;8;9,2,,,,,,True,,,,
20,10,_original_nint128_seed11,7,7,3,0;3;4;6;7;8;9,False,True,monotone,0;3;4;6;8;9,7,,,,,,True,,,,
20,10,_original_nint128_seed11,7,7,3,0;1;2;4;5;6;9,False,True,monotone,0;1;4;5;6;9,2,,,,,,True,,,,
20,10,_original_nint128_seed11,7,7,3,0;1;2;3;4;5;8,False,True,monotone,0;2;3;4;5;8,1,,,,,,True,,,,
20,10,_original_nint128_seed11,7,7,3,0;2;3;4;5;6;8,False,True,monotone,0;2;3;4;5;8,6,,,,,,True,,,,
20,10,_original_nint128_seed11,7,7,3,0;2;3;4;5;7;8,False,True,monotone,0;2;3;4;5;8,7,,,,,,True,,,,
20,10,_original_nint128_seed11,7,7,3,0;1;3;4;5;7;9,False,True,monotone,0;1;3;4;5;9,7,,,,,,True,,,,
20,10,_original_nint128_seed11,7,7,3,1;2;3;4;5;8;9,False,True,monotone,2;3;4;5;8;9,1,,,,,,True,,,,
20,10,_original_nint128_seed11,7,7,3,2;3;4;5;6;8;9,False,True,monotone,2;3;4;5;8;9,6,,,,,,True,,,,
20,10,_original_nint128_seed11,7,7,3,0;1;2;5;6;7;9,False,True,monotone,0;1;5;6;7;9,2,,,,,,True,,,,
20,10,_original_nint128_seed11,7,7,3,0;1;5;6;7;8;9,False,True,monotone,0;1;5;6;7;9,8,,,,,,True,,,,
20,10,_original_nint128_seed11,7,7,3,0;1;2;4;7;8;9,False,True,monotone,0;2;4;7;8;9,1,,,,,,True,,,,
20,10,_original_nint128_seed11,7,7,3,0;2;3;4;7;8;9,False,True,monotone,0;2;4;7;8;9,3,,,,,,True,,,,
20,10,_original_nint128_seed11,7,7,3,0;2;4;6;7;8;9,False,True,monotone,0;2;4;7;8;9,6,,,,,,True,,,,
20,10,_original_nint128_seed11,7,7,3,0;2;3;4;5;7;9,False,True,monotone,2;3;4;5;7;9,0,,,,,,True,,,,
20,10,_original_nint128_seed11,7,7,3,0;1;2;3;5;6;9,False,True,monotone,0;1;3;5;6;9,2,,,,,,True,,,,
20,10,_original_nint128_seed11,7,7,3,0;1;3;5;6;8;9,False,True,monotone,0;1;3;5;6;9,8,,,,,,True,,,,
20,10,_original_nint128_seed11,7,7,3,1;2;3;5;6;7;9,False,True,monotone,1;3;5;6;7;9,2,,,,,,True,,,,
20,10,_original_nint128_seed11,7,7,3,1;3;5;6;7;8;9,False,True,monotone,1;3;5;6;7;9,8,,,,,,True,,,,
20,10,_original_nint128_seed11,7,7,3,0;2;3;5;6;7;9,False,True,monotone,0;3;5;6;7;9,2,,,,,,True,,,,
20,10,_original_nint128_seed11,7,7,3,0;1;2;4;5;7;8,False,True,monotone,0;2;4;5;7;8,1,,,,,,True,,,,
20,10,_original_nint128_seed11,7,7,3,0;2;4;5;6;7;8,False,True,monotone,0;2;4;5;7;8,6,,,,,,True,,,,
20,10,_original_nint128_seed11,7,7,3,0;1;2;3;6;7;9,False,True,monotone,0;1;3;6;7;9,2,,,,,,True,,,,
20,10,_original_nint128_seed11,7,7,3,0;1;3;6;7;8;9,False,True,monotone,0;1;3;6;7;9,8,,,,,,True,,,,
20,10,_original_nint128_seed11,7,7,3,0;1;4;5;6;7;8,False,True,monotone,0;4;5;6;7;8,1,,,,,,True,,,,
20,10,_original_nint128_seed11,7,7,3,0;1;2;3;5;7;8,False,True,monotone,0;2;3;5;7;8,1,,,,,,True,,,,
20,10,_original_nint128_seed11,7,7,3,0;2;3;5;6;7;8,False,True,monotone,0;2;3;5;7;8,6,,,,,,True,,,,
20,10,_original_nint128_seed11,7,7,3,0;1;3;5;7;8;9,False,True,monotone,0;3;5;7;8;9,1,,,,,,True,,,,
20,10,_original_nint128_seed11,7,7,3,0;2;3;6;7;8;9,False,True,monotone,0;3;6;7;8;9,2,,,,,,True,,,,
20,10,_original_nint128_seed11,7,7,3,1;2;4;5;6;7;9,False,True,monotone,1;4;5;6;7;9,2,,,,,,True,,,,
20,10,_original_nint128_seed11,7,7,3,1;4;5;6;7;8;9,False,True,monotone,1;4;5;6;7;9,8,,,,,,True,,,,
20,10,_original_nint128_seed11,7,7,3,1;3;4;6;7;8;9,False,True,monotone,3;4;6;7;8;9,1,,,,,,True,,,,
20,10,_original_nint128_seed11,7,7,3,2;3;4;6;7;8;9,False,True,monotone,3;4;6;7;8;9,2,,,,,,True,,,,
20,10,_original_nint128_seed11,7,7,3,0;2;3;4;5;6;9,False,True,monotone,0;3;4;5;6;9,2,,,,,,True,,,,
20,10,_original_nint128_seed11,7,7,3,1;3;4;5;7;8;9,False,True,monotone,1;3;4;5;7;9,8,,,,,,True,,,,
20,10,_original_nint128_seed11,7,7,3,1;2;4;5;7;8;9,False,True,monotone,1;2;4;5;7;9,8,,,,,,True,,,,
20,10,_original_nint128_seed11,7,7,3,1;2;3;4;7;8;9,False,True,monotone,2;3;4;7;8;9,1,,,,,,True,,,,
20,10,_original_nint128_seed11,7,7,3,0;1;3;5;6;7;8,False,True,monotone,0;3;5;6;7;8,1,,,,,,True,,,,
20,10,_original_nint128_seed11,7,7,3,0;1;2;3;5;6;7,False,True,monotone,0;1;2;3;5;7,6,,,,,,True,,,,
20,10,_original_nint128_seed11,7,7,3,1;2;3;4;6;7;9,False,True,monotone,1;3;4;6;7;9,2,,,,,,True,,,,
20,10,_original_nint128_seed11,7,7,3,2;4;5;6;7;8;9,False,True,monotone,4;5;6;7;8;9,2,,,,,,True,,,,
20,10,_original_nint128_seed11,7,7,3,0;1;2;3;7;8;9,False,True,monotone,0;1;2;3;7;9,8,,,,,,True,,,,
20,10,_original_nint128_seed11,7,7,3,0;1;2;4;5;6;7,False,True,monotone,0;1;2;4;5;7,6,,,,,,True,,,,
20,10,_original_nint128_seed11,8,8,2,0;1;2;3;5;7;8;9,False,True,monotone,0;2;3;5;7;8;9,1,,,,,,True,,,,
20,10,_original_nint128_seed11,8,8,2,0;2;3;4;5;7;8;9,False,True,monotone,0;2;3;5;7;8;9,4,,,,,,True,,,,
20,10,_original_nint128_seed11,8,8,2,0;2;3;5;6;7;8;9,False,True,monotone,0;2;3;5;7;8;9,6,,,,,,True,,,,
20,10,_original_nint128_seed11,8,8,2,0;1;2;3;4;5;6;9,False,True,monotone,0;1;2;3;4;5;9,6,,,,,,True,,,,
20,10,_original_nint128_seed11,8,8,2,0;1;2;3;4;5;7;9,False,True,monotone,0;1;2;3;4;5;9,7,,,,,,True,,,,
20,10,_original_nint128_seed11,8,8,2,0;1;2;3;4;5;8;9,False,True,monotone,0;1;2;3;4;5;9,8,,,,,,True,,,,
20,10,_original_nint128_seed11,8,8,2,0;2;3;4;5;6;8;9,False,True,monotone,0;2;3;4;5;8;9,6,,,,,,True,,,,
20,10,_original_nint128_seed11,8,8,2,0;1;4;5;6;7;8;9,False,True,monotone,0;4;5;6;7;8;9,1,,,,,,True,,,,
20,10,_original_nint128_seed11,8,8,2,0;2;4;5;6;7;8;9,False,True,monotone,0;4;5;6;7;8;9,2,,,,,,True,,,,
20,10,_original_nint128_seed11,8,8,2,0;3;4;5;6;7;8;9,False,True,monotone,0;4;5;6;7;8;9,3,,,,,,True,,,,
20,10,_original_nint128_seed11,8,8,2,1;2;3;4;5;7;8;9,False,True,monotone,2;3;4;5;7;8;9,1,,,,,,True,,,,
20,10,_original_nint128_seed11,8,8,2,2;3;4;5;6;7;8;9,False,True,monotone,2;3;4;5;7;8;9,6,,,,,,True,,,,
20,10,_original_nint128_seed11,8,8,2,0;1;2;3;5;6;7;9,False,True,monotone,0;1;2;3;5;7;9,6,,,,,,True,,,,
20,10,_original_nint128_seed11,8,8,2,0;1;2;4;5;6;7;9,False,True,monotone,0;1;4;5;6;7;9,2,,,,,,True,,,,
20,10,_original_nint128_seed11,8,8,2,0;1;3;4;5;6;7;9,False,True,monotone,0;1;4;5;6;7;9,3,,,,,,True,,,,
20,10,_original_nint128_seed11,8,8,2,0;1;2;4;5;7;8;9,False,True,monotone,0;2;4;5;7;8;9,1,,,,,,True,,,,
20,10,_original_nint128_seed11,8,8,2,1;2;3;4;5;6;7;9,False,True,monotone,1;2;3;4;5;7;9,6,,,,,,True,,,,
20,10,_original_nint128_seed11,8,8,2,1;3;4;5;6;7;8;9,False,True,monotone,3;4;5;6;7;8;9,1,,,,,,True,,,,
20,10,_original_nint128_seed11,8,8,2,0;1;3;5;6;7;8;9,False,True,monotone,0;3;5;6;7;8;9,1,,,,,,True,,,,
20,10,_original_nint128_seed11,8,8,2,0;1;3;4;5;6;8;9,False,True,monotone,0;1;3;4;5;6;9,8,,,,,,True,,,,
