M,P,option,depth,num_deleted,num_remaining_relu,deleted_set_str,is_leaf,is_rejected,reject_reason,parent_set_str,added_relu,num_clusters,edge_types,weighted_edges_total,num_self_absorbed_edges,num_fixed_nodes,fixed_collision,num_scc_ge3,largest_scc_size,cycle_penalty_ge3,is_minimal_num_clusters
20,10,_original_nint128_seed4,1,1,9,0,False,False,,,0,30.0,59.0,899.0,10.0,5.0,False,1.0,30.0,30.0,False
20,10,_original_nint128_seed4,1,1,9,1,False,False,,,1,36.0,73.0,1020.0,6.0,5.0,False,1.0,36.0,36.0,False
20,10,_original_nint128_seed4,1,1,9,2,False,False,,,2,33.0,71.0,1068.0,9.0,5.0,False,1.0,33.0,33.0,False
20,10,_original_nint128_seed4,1,1,9,3,False,False,,,3,36.0,74.0,1088.0,7.0,5.0,False,1.0,36.0,36.0,False
20,10,_original_nint128_seed4,1,1,9,4,False,False,,,4,37.0,74.0,1085.0,5.0,5.0,False,1.0,37.0,37.0,False
20,10,_original_nint128_seed4,1,1,9,5,False,False,,,5,32.0,67.0,1010.0,8.0,5.0,False,1.0,32.0,32.0,False
20,10,_original_nint128_seed4,1,1,9,6,False,False,,,6,36.0,72.0,959.0,7.0,5.0,False,1.0,36.0,36.0,False
20,10,_original_nint128_seed4,1,1,9,7,False,False,,,7,35.0,73.0,1088.0,6.0,5.0,False,1.0,35.0,35.0,False
20,10,_original_nint128_seed4,1,1,9,8,False,False,,,8,30.0,65.0,1025.0,12.0,5.0,False,1.0,30.0,30.0,False
20,10,_original_nint128_seed4,1,1,9,9,False,False,,,9,38.0,77.0,1092.0,4.0,5.0,False,1.0,38.0,38.0,False
20,10,_original_nint128_seed4,2,2,8,0;2,False,False,,0,2,24.0,50.0,821.0,19.0,5.0,False,1.0,24.0,24.0,False
20,10,_original_nint128_seed4,2,2,8,1;2,False,False,,2,1,28.0,61.0,942.0,15.0,5.0,False,1.0,28.0,28.0,False
20,10,_original_nint128_seed4,2,2,8,2;3,False,False,,2,3,28.0,62.0,1010.0,16.0,5.0,False,1.0,28.0,28.0,False
20,10,_original_nint128_seed4,2,2,8,2;4,False,False,,2,4,29.0,62.0,1007.0,14.0,5.0,False,1.0,29.0,29.0,False
20,10,_original_nint128_seed4,2,2,8,2;5,False,False,,5,2,25.0,55.0,932.0,17.0,5.0,False,1.0,25.0,25.0,False
20,10,_original_nint128_seed4,2,2,8,2;6,False,False,,2,6,29.0,62.0,881.0,16.0,5.0,False,1.0,29.0,29.0,False
20,10,_original_nint128_seed4,2,2,8,2;7,False,False,,2,7,27.0,61.0,1010.0,15.0,5.0,False,1.0,27.0,27.0,False
20,10,_original_nint128_seed4,2,2,8,2;8,False,False,,8,2,24.0,56.0,947.0,21.0,5.0,False,1.0,24.0,24.0,False
20,10,_original_nint128_seed4,2,2,8,0;9,False,False,,0,9,27.0,53.0,845.0,14.0,5.0,False,1.0,27.0,27.0,False
20,10,_original_nint128_seed4,2,2,8,1;9,False,False,,1,9,33.0,67.0,966.0,10.0,5.0,False,1.0,33.0,33.0,False
20,10,_original_nint128_seed4,2,2,8,3;9,False,False,,3,9,33.0,68.0,1034.0,11.0,5.0,False,1.0,33.0,33.0,False
20,10,_original_nint128_seed4,2,2,8,4;9,False,False,,4,9,34.0,68.0,1031.0,9.0,5.0,False,1.0,34.0,34.0,False
20,10,_original_nint128_seed4,2,2,8,5;9,False,False,,5,9,30.0,64.0,954.0,13.0,5.0,False,1.0,30.0,30.0,False
20,10,_original_nint128_seed4,2,2,8,6;9,False,False,,6,9,33.0,66.0,905.0,11.0,5.0,False,1.0,33.0,33.0,False
20,10,_original_nint128_seed4,2,2,8,7;9,False,False,,7,9,32.0,67.0,1034.0,10.0,5.0,False,1.0,32.0,32.0,False
20,10,_original_nint128_seed4,2,2,8,8;9,False,False,,8,9,27.0,58.0,971.0,16.0,5.0,False,1.0,27.0,27.0,False
20,10,_original_nint128_seed4,2,2,8,0;8,False,False,,0,8,21.0,43.0,776.0,23.0,5.0,False,1.0,21.0,21.0,False
20,10,_original_nint128_seed4,2,2,8,1;8,False,False,,8,1,26.0,55.0,899.0,18.0,5.0,False,1.0,26.0,26.0,False
20,10,_original_nint128_seed4,2,2,8,3;8,False,False,,8,3,26.0,57.0,967.0,19.0,5.0,False,1.0,26.0,26.0,False
20,10,_original_nint128_seed4,2,2,8,4;8,False,False,,8,4,27.0,57.0,964.0,17.0,5.0,False,1.0,27.0,27.0,False
20,10,_original_nint128_seed4,2,2,8,5;8,False,False,,8,5,22.0,48.0,889.0,20.0,5.0,False,1.0,22.0,22.0,False
20,10,_original_nint128_seed4,2,2,8,6;8,False,False,,8,6,26.0,57.0,837.0,20.0,5.0,False,1.0,26.0,26.0,False
20,10,_original_nint128_seed4,2,2,8,7;8,False,False,,8,7,25.0,55.0,967.0,18.0,5.0,False,1.0,25.0,25.0,False
20,10,_original_nint128_seed4,2,2,8,0;7,False,False,,0,7,25.0,50.0,841.0,16.0,5.0,False,1.0,25.0,25.0,False
20,10,_original_nint128_seed4,2,2,8,1;7,False,False,,7,1,30.0,63.0,962.0,12.0,5.0,False,1.0,30.0,30.0,False
20,10,_original_nint128_seed4,2,2,8,3;7,False,False,,7,3,31.0,65.0,1030.0,13.0,5.0,False,1.0,31.0,31.0,False
20,10,_original_nint128_seed4,2,2,8,4;7,False,False,,7,4,31.0,64.0,1027.0,11.0,5.0,False,1.0,31.0,31.0,False
20,10,_original_nint128_seed4,2,2,8,5;7,False,False,,5,7,27.0,59.0,952.0,14.0,5.0,False,1.0,27.0,27.0,False
20,10,_original_nint128_seed4,2,2,8,6;7,False,False,,6,7,30.0,62.0,901.0,13.0,5.0,False,1.0,30.0,30.0,False
20,10,_original_nint128_seed4,2,2,8,0;3,False,False,,0,3,26.0,51.0,841.0,17.0,5.0,False,1.0,26.0,26.0,False
20,10,_original_nint128_seed4,2,2,8,1;3,False,False,,1,3,31.0,64.0,962.0,13.0,5.0,False,1.0,31.0,31.0,False
20,10,_original_nint128_seed4,2,2,8,3;4,False,False,,3,4,32.0,65.0,1027.0,12.0,5.0,False,1.0,32.0,32.0,False
20,10,_original_nint128_seed4,2,2,8,3;5,False,False,,5,3,27.0,58.0,952.0,15.0,5.0,False,1.0,27.0,27.0,False
20,10,_original_nint128_seed4,2,2,8,3;6,False,False,,6,3,31.0,63.0,901.0,14.0,5.0,False,1.0,31.0,31.0,False
20,10,_original_nint128_seed4,2,2,8,0;1,False,False,,0,1,27.0,53.0,765.0,18.0,5.0,False,1.0,27.0,27.0,False
20,10,_original_nint128_seed4,2,2,8,1;4,False,False,,1,4,32.0,64.0,959.0,11.0,5.0,False,1.0,32.0,32.0,False
20,10,_original_nint128_seed4,2,2,8,1;5,False,False,,5,1,29.0,58.0,882.0,15.0,5.0,False,1.0,29.0,29.0,False
20,10,_original_nint128_seed4,2,2,8,1;6,False,False,,6,1,31.0,62.0,833.0,13.0,5.0,False,1.0,31.0,31.0,False
20,10,_original_nint128_seed4,2,2,8,0;6,False,False,,0,6,26.0,50.0,712.0,17.0,5.0,False,1.0,26.0,26.0,False
20,10,_original_nint128_seed4,2,2,8,4;6,False,False,,6,4,32.0,63.0,898.0,12.0,5.0,False,1.0,32.0,32.0,False
20,10,_original_nint128_seed4,2,2,8,5;6,False,False,,5,6,27.0,56.0,823.0,15.0,5.0,False,1.0,27.0,27.0,False
20,10,_original_nint128_seed4,2,2,8,0;5,False,False,,0,5,23.0,45.0,761.0,19.0,5.0,False,1.0,23.0,23.0,False
20,10,_original_nint128_seed4,2,2,8,4;5,False,False,,5,4,29.0,61.0,947.0,14.0,5.0,False,1.0,29.0,29.0,False
20,10,_original_nint128_seed4,2,2,8,0;4,False,False,,0,4,27.0,53.0,837.0,16.0,5.0,False,1.0,27.0,27.0,False
20,10,_original_nint128_seed4,3,3,7,0;2;8,False,False,,0;8,2,16.0,35.0,698.0,32.0,5.0,False,1.0,16.0,16.0,False
20,10,_original_nint128_seed4,3,3,7,1;2;8,False,False,,1;8,2,20.0,46.0,821.0,27.0,5.0,False,1.0,20.0,20.0,False
20,10,_original_nint128_seed4,3,3,7,2;3;8,False,False,,2;8,3,20.0,48.0,889.0,28.0,5.0,False,1.0,20.0,20.0,False
20,10,_original_nint128_seed4,3,3,7,2;4;8,False,False,,2;8,4,21.0,48.0,886.0,26.0,5.0,False,1.0,21.0,21.0,False
20,10,_original_nint128_seed4,3,3,7,2;5;8,False,False,,5;8,2,17.0,39.0,811.0,29.0,5.0,False,1.0,17.0,17.0,False
20,10,_original_nint128_seed4,3,3,7,2;6;8,False,False,,2;8,6,21.0,49.0,759.0,29.0,5.0,False,1.0,21.0,21.0,False
20,10,_original_nint128_seed4,3,3,7,2;7;8,False,False,,7;8,2,19.0,45.0,889.0,27.0,5.0,False,1.0,19.0,19.0,False
20,10,_original_nint128_seed4,3,3,7,0;1;4,False,False,,0;1,4,24.0,47.0,703.0,24.0,5.0,False,1.0,24.0,24.0,False
20,10,_original_nint128_seed4,3,3,7,1;2;4,False,False,,1;2,4,24.0,52.0,881.0,20.0,5.0,False,1.0,24.0,24.0,False
20,10,_original_nint128_seed4,3,3,7,1;3;4,False,False,,1;3,4,27.0,55.0,901.0,18.0,5.0,False,1.0,27.0,27.0,False
20,10,_original_nint128_seed4,3,3,7,1;4;5,False,False,,1;5,4,26.0,51.0,819.0,21.0,5.0,False,1.0,26.0,26.0,False
20,10,_original_nint128_seed4,3,3,7,1;4;6,False,False,,1;6,4,27.0,53.0,772.0,18.0,5.0,False,1.0,27.0,27.0,False
20,10,_original_nint128_seed4,3,3,7,1;4;7,False,False,,1;7,4,26.0,54.0,901.0,17.0,5.0,False,1.0,26.0,26.0,False
20,10,_original_nint128_seed4,3,3,7,1;4;8,False,False,,1;8,4,23.0,47.0,838.0,23.0,5.0,False,1.0,23.0,23.0,False
20,10,_original_nint128_seed4,3,3,7,1;4;9,False,False,,1;4,9,29.0,58.0,905.0,15.0,5.0,False,1.0,29.0,29.0,False
20,10,_original_nint128_seed4,3,3,7,0;4;6,False,False,,0;6,4,23.0,44.0,650.0,23.0,5.0,False,1.0,23.0,23.0,False
20,10,_original_nint128_seed4,3,3,7,2;4;6,False,False,,2;4,6,25.0,53.0,820.0,21.0,5.0,False,1.0,25.0,25.0,False
20,10,_original_nint128_seed4,3,3,7,3;4;6,False,False,,3;6,4,27.0,54.0,840.0,19.0,5.0,False,1.0,27.0,27.0,False
20,10,_original_nint128_seed4,3,3,7,4;5;6,False,False,,5;6,4,24.0,50.0,760.0,21.0,5.0,False,1.0,24.0,24.0,False
20,10,_original_nint128_seed4,3,3,7,4;6;7,False,False,,6;7,4,26.0,53.0,840.0,18.0,5.0,False,1.0,26.0,26.0,False
20,10,_original_nint128_seed4,3,3,7,4;6;8,False,False,,6;8,4,23.0,49.0,776.0,25.0,5.0,False,1.0,23.0,23.0,False
20,10,_original_nint128_seed4,3,3,7,4;6;9,False,False,,4;6,9,29.0,57.0,844.0,16.0,5.0,False,1.0,29.0,29.0,False
20,10,_original_nint128_seed4,3,3,7,0;2;3,False,False,,0;2,3,20.0,42.0,763.0,26.0,5.0,False,1.0,20.0,20.0,False
20,10,_original_nint128_seed4,3,3,7,1;2;3,False,False,,1;2,3,23.0,52.0,884.0,22.0,5.0,False,1.0,23.0,23.0,False
20,10,_original_nint128_seed4,3,3,7,2;3;4,False,False,,2;3,4,24.0,53.0,949.0,21.0,5.0,False,1.0,24.0,24.0,False
20,10,_original_nint128_seed4,3,3,7,2;3;5,False,False,,2;5,3,20.0,46.0,874.0,24.0,5.0,False,1.0,20.0,20.0,False
20,10,_original_nint128_seed4,3,3,7,2;3;6,False,False,,2;3,6,24.0,53.0,823.0,23.0,5.0,False,1.0,24.0,24.0,False
20,10,_original_nint128_seed4,3,3,7,2;3;7,False,False,,2;7,3,23.0,53.0,952.0,22.0,5.0,False,1.0,23.0,23.0,False
20,10,_original_nint128_seed4,3,3,7,0;3;9,False,False,,0;3,9,23.0,45.0,787.0,21.0,5.0,False,1.0,23.0,23.0,False
20,10,_original_nint128_seed4,3,3,7,1;3;9,False,False,,1;3,9,28.0,58.0,908.0,17.0,5.0,False,1.0,28.0,28.0,False
20,10,_original_nint128_seed4,3,3,7,3;4;9,False,False,,3;4,9,29.0,59.0,973.0,16.0,5.0,False,1.0,29.0,29.0,False
20,10,_original_nint128_seed4,3,3,7,3;5;9,False,False,,3;5,9,25.0,55.0,896.0,20.0,5.0,False,1.0,25.0,25.0,False
20,10,_original_nint128_seed4,3,3,7,3;6;9,False,False,,3;6,9,28.0,57.0,847.0,18.0,5.0,False,1.0,28.0,28.0,False
20,10,_original_nint128_seed4,3,3,7,3;7;9,False,False,,3;7,9,28.0,59.0,976.0,17.0,5.0,False,1.0,28.0,28.0,False
20,10,_original_nint128_seed4,3,3,7,3;8;9,False,False,,3;8,9,23.0,50.0,913.0,23.0,5.0,False,1.0,23.0,23.0,False
20,10,_original_nint128_seed4,3,3,7,0;2;6,False,False,,0;2,6,21.0,43.0,634.0,26.0,5.0,False,1.0,21.0,21.0,False
20,10,_original_nint128_seed4,3,3,7,1;2;6,False,False,,1;2,6,24.0,52.0,755.0,22.0,5.0,False,1.0,24.0,24.0,False
20,10,_original_nint128_seed4,3,3,7,2;5;6,False,False,,2;5,6,21.0,46.0,745.0,24.0,5.0,False,1.0,21.0,21.0,False
20,10,_original_nint128_seed4,3,3,7,2;6;7,False,False,,2;7,6,23.0,52.0,823.0,22.0,5.0,False,1.0,23.0,23.0,False
20,10,_original_nint128_seed4,3,3,7,0;4;5,False,False,,0;5,4,21.0,42.0,697.0,26.0,5.0,False,1.0,21.0,21.0,False
20,10,_original_nint128_seed4,3,3,7,2;4;5,False,False,,2;5,4,22.0,49.0,869.0,23.0,5.0,False,1.0,22.0,22.0,False
20,10,_original_nint128_seed4,3,3,7,3;4;5,False,False,,3;5,4,24.0,52.0,889.0,21.0,5.0,False,1.0,24.0,24.0,False
20,10,_original_nint128_seed4,3,3,7,4;5;7,False,False,,5;7,4,24.0,53.0,889.0,20.0,5.0,False,1.0,24.0,24.0,False
20,10,_original_nint128_seed4,3,3,7,4;5;8,False,False,,5;8,4,20.0,43.0,826.0,26.0,5.0,False,1.0,20.0,20.0,False
20,10,_original_nint128_seed4,3,3,7,4;5;9,False,False,,4;5,9,27.0,58.0,891.0,19.0,5.0,False,1.0,27.0,27.0,False
20,10,_original_nint128_seed4,3,3,7,0;7;9,False,False,,0;7,9,22.0,44.0,787.0,20.0,5.0,False,1.0,22.0,22.0,False
20,10,_original_nint128_seed4,3,3,7,1;7;9,False,False,,1;7,9,27.0,57.0,908.0,16.0,5.0,False,1.0,27.0,27.0,False
20,10,_original_nint128_seed4,3,3,7,4;7;9,False,False,,4;7,9,28.0,58.0,973.0,15.0,5.0,False,1.0,28.0,28.0,False
20,10,_original_nint128_seed4,3,3,7,5;7;9,False,False,,5;7,9,25.0,56.0,896.0,19.0,5.0,False,1.0,25.0,25.0,False
20,10,_original_nint128_seed4,3,3,7,6;7;9,False,False,,6;7,9,27.0,56.0,847.0,17.0,5.0,False,1.0,27.0,27.0,False
20,10,_original_nint128_seed4,3,3,7,7;8;9,False,False,,7;8,9,22.0,48.0,913.0,22.0,5.0,False,1.0,22.0,22.0,False
20,10,_original_nint128_seed4,3,3,7,0;7;8,False,False,,0;8,7,17.0,34.0,718.0,29.0,5.0,False,1.0,17.0,17.0,False
20,10,_original_nint128_seed4,3,3,7,1;7;8,False,False,,7;8,1,21.0,45.0,841.0,24.0,5.0,False,1.0,21.0,21.0,False
20,10,_original_nint128_seed4,3,3,7,3;7;8,False,False,,7;8,3,22.0,49.0,909.0,25.0,5.0,False,1.0,22.0,22.0,False
20,10,_original_nint128_seed4,3,3,7,4;7;8,False,False,,7;8,4,22.0,47.0,906.0,23.0,5.0,False,1.0,22.0,22.0,False
20,10,_original_nint128_seed4,3,3,7,5;7;8,False,False,,5;8,7,18.0,40.0,831.0,26.0,5.0,False,1.0,18.0,18.0,False
20,10,_original_nint128_seed4,3,3,7,6;7;8,False,False,,7;8,6,21.0,47.0,779.0,26.0,5.0,False,1.0,21.0,21.0,False
20,10,_original_nint128_seed4,3,3,7,0;1;5,False,False,,0;5,1,21.0,41.0,625.0,28.0,5.0,False,1.0,21.0,21.0,False
20,10,_original_nint128_seed4,3,3,7,0;2;5,False,False,,0;5,2,18.0,36.0,683.0,28.0,5.0,False,1.0,18.0,18.0,False
20,10,_original_nint128_seed4,3,3,7,0;3;5,False,False,,0;5,3,19.0,37.0,703.0,26.0,5.0,False,1.0,19.0,19.0,False
20,10,_original_nint128_seed4,3,3,7,0;5;6,False,False,,0;5,6,19.0,36.0,574.0,26.0,5.0,False,1.0,19.0,19.0,False
20,10,_original_nint128_seed4,3,3,7,0;5;7,False,False,,0;5,7,19.0,38.0,703.0,25.0,5.0,False,1.0,19.0,19.0,False
20,10,_original_nint128_seed4,3,3,7,0;5;8,False,False,,0;8,5,15.0,29.0,638.0,32.0,5.0,False,1.0,15.0,15.0,False
20,10,_original_nint128_seed4,3,3,7,0;5;9,False,False,,0;5,9,21.0,42.0,705.0,24.0,5.0,False,1.0,21.0,21.0,False
20,10,_original_nint128_seed4,3,3,7,0;4;9,False,False,,0;4,9,24.0,47.0,783.0,20.0,5.0,False,1.0,24.0,24.0,False
20,10,_original_nint128_seed4,3,3,7,4;8;9,False,False,,4;8,9,24.0,50.0,910.0,21.0,5.0,False,1.0,24.0,24.0,False
20,10,_original_nint128_seed4,3,3,7,1;5;9,False,False,,1;5,9,27.0,55.0,826.0,20.0,5.0,False,1.0,27.0,27.0,False
20,10,_original_nint128_seed4,3,3,7,5;6;9,False,False,,5;6,9,25.0,53.0,767.0,20.0,5.0,False,1.0,25.0,25.0,False
20,10,_original_nint128_seed4,3,3,7,5;8;9,False,False,,5;8,9,20.0,44.0,833.0,25.0,5.0,False,1.0,20.0,20.0,False
20,10,_original_nint128_seed4,3,3,7,0;3;4,False,False,,0;3,4,23.0,45.0,779.0,23.0,5.0,False,1.0,23.0,23.0,False
20,10,_original_nint128_seed4,3,3,7,3;4;7,False,False,,4;7,3,27.0,56.0,969.0,18.0,5.0,False,1.0,27.0,27.0,False
20,10,_original_nint128_seed4,3,3,7,3;4;8,False,False,,3;8,4,23.0,49.0,906.0,24.0,5.0,False,1.0,23.0,23.0,False
20,10,_original_nint128_seed4,3,3,7,0;6;9,False,False,,0;6,9,23.0,44.0,658.0,21.0,5.0,False,1.0,23.0,23.0,False
20,10,_original_nint128_seed4,3,3,7,1;6;9,False,False,,1;6,9,28.0,56.0,779.0,17.0,5.0,False,1.0,28.0,28.0,False
20,10,_original_nint128_seed4,3,3,7,6;8;9,False,False,,6;8,9,23.0,50.0,783.0,24.0,5.0,False,1.0,23.0,23.0,False
20,10,_original_nint128_seed4,3,3,7,0;1;7,False,False,,0;7,1,22.0,44.0,707.0,24.0,5.0,False,1.0,22.0,22.0,False
20,10,_original_nint128_seed4,3,3,7,1;2;7,False,False,,2;7,1,22.0,51.0,884.0,21.0,5.0,False,1.0,22.0,22.0,False
20,10,_original_nint128_seed4,3,3,7,1;3;7,False,False,,1;7,3,26.0,55.0,904.0,19.0,5.0,False,1.0,26.0,26.0,False
20,10,_original_nint128_seed4,3,3,7,1;5;7,False,False,,1;5,7,24.0,50.0,824.0,21.0,5.0,False,1.0,24.0,24.0,False
20,10,_original_nint128_seed4,3,3,7,1;6;7,False,False,,6;7,1,25.0,52.0,775.0,19.0,5.0,False,1.0,25.0,25.0,False
20,10,_original_nint128_seed4,3,3,7,0;1;6,False,False,,0;6,1,23.0,44.0,578.0,25.0,5.0,False,1.0,23.0,23.0,False
20,10,_original_nint128_seed4,3,3,7,0;3;6,False,False,,0;6,3,22.0,42.0,654.0,24.0,5.0,False,1.0,22.0,22.0,False
20,10,_original_nint128_seed4,3,3,7,0;6;7,False,False,,0;7,6,21.0,41.0,654.0,23.0,5.0,False,1.0,21.0,21.0,False
20,10,_original_nint128_seed4,3,3,7,0;6;8,False,False,,0;8,6,18.0,37.0,588.0,31.0,5.0,False,1.0,18.0,18.0,False
20,10,_original_nint128_seed4,3,3,7,0;1;3,False,False,,0;3,1,23.0,45.0,707.0,25.0,5.0,False,1.0,23.0,23.0,False
20,10,_original_nint128_seed4,3,3,7,0;3;8,False,False,,0;8,3,18.0,36.0,718.0,30.0,5.0,False,1.0,18.0,18.0,False
20,10,_original_nint128_seed4,3,3,7,0;1;2,False,False,,0;2,1,21.0,44.0,687.0,27.0,5.0,False,1.0,21.0,21.0,False
20,10,_original_nint128_seed4,3,3,7,0;2;4,False,False,,0;2,4,21.0,44.0,759.0,25.0,5.0,False,1.0,21.0,21.0,False
20,10,_original_nint128_seed4,3,3,7,0;2;7,False,False,,0;2,7,19.0,41.0,763.0,25.0,5.0,False,1.0,19.0,19.0,False
20,10,_original_nint128_seed4,3,3,7,0;4;7,False,False,,0;7,4,22.0,44.0,779.0,22.0,5.0,False,1.0,22.0,22.0,False
20,10,_original_nint128_seed4,3,3,7,0;4;8,False,False,,0;8,4,19.0,38.0,714.0,29.0,5.0,False,1.0,19.0,19.0,False
20,10,_original_nint128_seed4,3,3,7,2;4;7,False,False,,2;7,4,23.0,52.0,949.0,20.0,5.0,False,1.0,23.0,23.0,False
20,10,_original_nint128_seed4,3,3,7,0;1;8,False,False,,0;8,1,19.0,39.0,642.0,31.0,5.0,False,1.0,19.0,19.0,False
20,10,_original_nint128_seed4,3,3,7,1;3;8,False,False,,1;8,3,22.0,47.0,841.0,25.0,5.0,False,1.0,22.0,22.0,False
20,10,_original_nint128_seed4,3,3,7,1;5;8,False,False,,5;8,1,20.0,40.0,761.0,27.0,5.0,False,1.0,20.0,20.0,False
20,10,_original_nint128_seed4,3,3,7,1;6;8,False,False,,1;8,6,22.0,47.0,711.0,26.0,5.0,False,1.0,22.0,22.0,False
20,10,_original_nint128_seed4,3,3,7,1;8;9,False,False,,1;8,9,23.0,48.0,845.0,22.0,5.0,False,1.0,23.0,23.0,False
20,10,_original_nint128_seed4,3,3,7,1;5;6,False,False,,5;6,1,24.0,47.0,695.0,22.0,5.0,False,1.0,24.0,24.0,False
20,10,_original_nint128_seed4,3,3,7,3;5;6,False,False,,5;6,3,22.0,47.0,765.0,22.0,5.0,False,1.0,22.0,22.0,False
20,10,_original_nint128_seed4,3,3,7,5;6;7,False,False,,5;6,7,22.0,48.0,765.0,21.0,5.0,False,1.0,22.0,22.0,False
20,10,_original_nint128_seed4,3,3,7,5;6;8,False,False,,5;8,6,18.0,40.0,701.0,28.0,5.0,False,1.0,18.0,18.0,False
20,10,_original_nint128_seed4,3,3,7,1;3;5,False,False,,3;5,1,24.0,49.0,824.0,22.0,5.0,False,1.0,24.0,24.0,False
20,10,_original_nint128_seed4,3,3,7,3;5;7,False,False,,3;5,7,23.0,51.0,894.0,21.0,5.0,False,1.0,23.0,23.0,False
20,10,_original_nint128_seed4,3,3,7,3;5;8,False,False,,5;8,3,18.0,40.0,831.0,27.0,5.0,False,1.0,18.0,18.0,False
20,10,_original_nint128_seed4,3,3,7,1;3;6,False,False,,1;6,3,26.0,53.0,775.0,20.0,5.0,False,1.0,26.0,26.0,False
20,10,_original_nint128_seed4,3,3,7,3;6;7,False,False,,6;7,3,26.0,54.0,843.0,20.0,5.0,False,1.0,26.0,26.0,False
20,10,_original_nint128_seed4,3,3,7,3;6;8,False,False,,3;8,6,22.0,49.0,779.0,27.0,5.0,False,1.0,22.0,22.0,False
20,10,_original_nint128_seed4,3,3,7,0;1;9,False,False,,0;1,9,24.0,47.0,711.0,22.0,5.0,False,1.0,24.0,24.0,False
20,10,_original_nint128_seed4,3,3,7,1;2;5,False,False,,2;5,1,22.0,46.0,804.0,24.0,5.0,False,1.0,22.0,22.0,False
20,10,_original_nint128_seed4,3,3,7,2;5;7,False,False,,2;5,7,20.0,47.0,874.0,23.0,5.0,False,1.0,20.0,20.0,False
20,10,_original_nint128_seed4,3,3,7,0;8;9,False,False,,0;8,9,18.0,36.0,722.0,27.0,5.0,False,1.0,18.0,18.0,False
20,10,_original_nint128_seed4,4,4,6,0;1;2;7,False,False,,0;2;7,1,16.0,35.0,629.0,33.0,5.0,False,1.0,16.0,16.0,False
20,10,_original_nint128_seed4,4,4,6,0;1;4;7,False,False,,0;1;7,4,19.0,38.0,645.0,30.0,5.0,False,1.0,19.0,19.0,False
20,10,_original_nint128_seed4,4,4,6,0;1;5;7,False,False,,0;5;7,1,17.0,34.0,567.0,34.0,5.0,False,1.0,17.0,17.0,False
20,10,_original_nint128_seed4,4,4,6,0;1;6;7,False,False,,0;6;7,1,18.0,35.0,520.0,31.0,5.0,False,1.0,18.0,18.0,False
20,10,_original_nint128_seed4,4,4,6,0;1;7;8,False,False,,0;7;8,1,15.0,30.0,584.0,37.0,5.0,False,1.0,15.0,15.0,False
20,10,_original_nint128_seed4,4,4,6,0;1;7;9,False,False,,0;1;7,9,19.0,38.0,653.0,28.0,5.0,False,1.0,19.0,19.0,False
20,10,_original_nint128_seed4,4,4,6,0;2;7;8,False,False,,0;7;8,2,12.0,26.0,640.0,38.0,5.0,False,1.0,12.0,12.0,False
20,10,_original_nint128_seed4,4,4,6,1;2;7;8,False,False,,2;7;8,1,15.0,35.0,763.0,33.0,5.0,False,1.0,15.0,15.0,False
20,10,_original_nint128_seed4,4,4,6,2;3;7;8,False,False,,2;7;8,3,16.0,39.0,831.0,34.0,5.0,False,1.0,16.0,16.0,False
20,10,_original_nint128_seed4,4,4,6,2;4;7;8,False,False,,2;7;8,4,16.0,37.0,828.0,32.0,5.0,False,1.0,16.0,16.0,False
20,10,_original_nint128_seed4,4,4,6,2;5;7;8,False,False,,2;5;8,7,13.0,30.0,753.0,35.0,5.0,False,1.0,13.0,13.0,False
20,10,_original_nint128_seed4,4,4,6,2;6;7;8,False,False,,2;7;8,6,16.0,38.0,701.0,35.0,5.0,False,1.0,16.0,16.0,False
20,10,_original_nint128_seed4,4,4,6,0;4;7;9,False,False,,0;4;7,9,19.0,38.0,725.0,26.0,5.0,False,1.0,19.0,19.0,False
20,10,_original_nint128_seed4,4,4,6,1;4;7;9,False,False,,1;4;7,9,23.0,48.0,847.0,21.0,5.0,False,1.0,23.0,23.0,False
20,10,_original_nint128_seed4,4,4,6,3;4;7;9,False,False,,3;4;7,9,24.0,50.0,915.0,22.0,5.0,False,1.0,24.0,24.0,False
20,10,_original_nint128_seed4,4,4,6,4;5;7;9,False,False,,4;5;7,9,22.0,50.0,833.0,25.0,5.0,False,1.0,22.0,22.0,False
20,10,_original_nint128_seed4,4,4,6,4;6;7;9,False,False,,4;6;7,9,23.0,47.0,786.0,22.0,5.0,False,1.0,23.0,23.0,False
20,10,_original_nint128_seed4,4,4,6,4;7;8;9,False,False,,4;7;8,9,19.0,40.0,852.0,27.0,5.0,False,1.0,19.0,19.0,False
20,10,_original_nint128_seed4,4,4,6,0;1;2;4,False,False,,0;1;2,4,18.0,38.0,625.0,33.0,5.0,False,1.0,18.0,18.0,False
20,10,_original_nint128_seed4,4,4,6,0;2;3;4,False,False,,0;2;3,4,17.0,36.0,701.0,32.0,5.0,False,1.0,17.0,17.0,False
20,10,_original_nint128_seed4,4,4,6,0;2;4;5,False,False,,0;2;5,4,16.0,33.0,619.0,35.0,5.0,False,1.0,16.0,16.0,False
20,10,_original_nint128_seed4,4,4,6,0;2;4;6,False,False,,0;2;6,4,18.0,37.0,572.0,32.0,5.0,False,1.0,18.0,18.0,False
20,10,_original_nint128_seed4,4,4,6,0;2;4;7,False,False,,0;2;7,4,16.0,35.0,701.0,31.0,5.0,False,1.0,16.0,16.0,False
20,10,_original_nint128_seed4,4,4,6,0;2;4;8,False,False,,0;2;8,4,14.0,30.0,636.0,38.0,5.0,False,1.0,14.0,14.0,False
20,10,_original_nint128_seed4,4,4,6,0;3;5;9,False,False,,0;3;5,9,17.0,34.0,647.0,31.0,5.0,False,1.0,17.0,17.0,False
20,10,_original_nint128_seed4,4,4,6,1;3;5;9,False,False,,1;3;5,9,22.0,46.0,768.0,27.0,5.0,False,1.0,22.0,22.0,False
20,10,_original_nint128_seed4,4,4,6,3;4;5;9,False,False,,3;4;5,9,22.0,49.0,833.0,26.0,5.0,False,1.0,22.0,22.0,False
20,10,_original_nint128_seed4,4,4,6,3;5;6;9,False,False,,3;5;6,9,20.0,44.0,709.0,27.0,5.0,False,1.0,20.0,20.0,False
20,10,_original_nint128_seed4,4,4,6,3;5;7;9,False,False,,3;5;7,9,21.0,48.0,838.0,26.0,5.0,False,1.0,21.0,21.0,False
20,10,_original_nint128_seed4,4,4,6,3;5;8;9,False,False,,3;5;8,9,16.0,36.0,775.0,32.0,5.0,False,1.0,16.0,16.0,False
20,10,_original_nint128_seed4,4,4,6,1;2;4;8,False,False,,1;2;8,4,17.0,38.0,760.0,32.0,5.0,False,1.0,17.0,17.0,False
20,10,_original_nint128_seed4,4,4,6,2;3;4;8,False,False,,2;3;8,4,17.0,40.0,828.0,33.0,5.0,False,1.0,17.0,17.0,False
20,10,_original_nint128_seed4,4,4,6,2;4;5;8,False,False,,2;5;8,4,15.0,34.0,748.0,35.0,5.0,False,1.0,15.0,15.0,False
20,10,_original_nint128_seed4,4,4,6,2;4;6;8,False,False,,2;4;8,6,18.0,41.0,698.0,34.0,5.0,False,1.0,18.0,18.0,False
20,10,_original_nint128_seed4,4,4,6,0;1;4;6,False,False,,0;1;6,4,20.0,38.0,516.0,31.0,5.0,False,1.0,20.0,20.0,False
20,10,_original_nint128_seed4,4,4,6,0;3;4;6,False,False,,0;3;6,4,19.0,36.0,592.0,30.0,5.0,False,1.0,19.0,19.0,False
20,10,_original_nint128_seed4,4,4,6,0;4;5;6,False,False,,0;5;6,4,17.0,33.0,510.0,33.0,5.0,False,1.0,17.0,17.0,False
20,10,_original_nint128_seed4,4,4,6,0;4;6;7,False,False,,0;6;7,4,18.0,35.0,592.0,29.0,5.0,False,1.0,18.0,18.0,False
20,10,_original_nint128_seed4,4,4,6,0;4;6;8,False,False,,0;6;8,4,16.0,32.0,526.0,37.0,5.0,False,1.0,16.0,16.0,False
20,10,_original_nint128_seed4,4,4,6,0;4;6;9,False,False,,0;4;6,9,20.0,38.0,596.0,27.0,5.0,False,1.0,20.0,20.0,False
20,10,_original_nint128_seed4,4,4,6,0;4;7;8,False,False,,0;7;8,4,15.0,29.0,656.0,35.0,5.0,False,1.0,15.0,15.0,False
20,10,_original_nint128_seed4,4,4,6,1;4;7;8,False,False,,1;7;8,4,18.0,37.0,780.0,29.0,5.0,False,1.0,18.0,18.0,False
20,10,_original_nint128_seed4,4,4,6,3;4;7;8,False,False,,4;7;8,3,19.0,41.0,848.0,30.0,5.0,False,1.0,19.0,19.0,False
20,10,_original_nint128_seed4,4,4,6,4;5;7;8,False,False,,5;7;8,4,16.0,35.0,768.0,32.0,5.0,False,1.0,16.0,16.0,False
20,10,_original_nint128_seed4,4,4,6,4;6;7;8,False,False,,6;7;8,4,18.0,39.0,718.0,31.0,5.0,False,1.0,18.0,18.0,False
20,10,_original_nint128_seed4,4,4,6,1;2;3;7,False,False,,1;2;7,3,18.0,43.0,826.0,28.0,5.0,False,1.0,18.0,18.0,False
20,10,_original_nint128_seed4,4,4,6,1;3;4;7,False,False,,1;4;7,3,22.0,46.0,843.0,24.0,5.0,False,1.0,22.0,22.0,False
20,10,_original_nint128_seed4,4,4,6,1;3;5;7,False,False,,1;3;5,7,20.0,42.0,766.0,28.0,5.0,False,1.0,20.0,20.0,False
20,10,_original_nint128_seed4,4,4,6,1;3;6;7,False,False,,1;6;7,3,21.0,44.0,717.0,26.0,5.0,False,1.0,21.0,21.0,False
20,10,_original_nint128_seed4,4,4,6,1;3;7;8,False,False,,1;7;8,3,18.0,39.0,783.0,31.0,5.0,False,1.0,18.0,18.0,False
20,10,_original_nint128_seed4,4,4,6,1;3;7;9,False,False,,1;3;7,9,23.0,49.0,850.0,23.0,5.0,False,1.0,23.0,23.0,False
20,10,_original_nint128_seed4,4,4,6,0;3;4;5,False,False,,0;3;5,4,17.0,34.0,639.0,33.0,5.0,False,1.0,17.0,17.0,False
20,10,_original_nint128_seed4,4,4,6,1;3;4;5,False,False,,1;3;5,4,21.0,42.0,761.0,28.0,5.0,False,1.0,21.0,21.0,False
20,10,_original_nint128_seed4,4,4,6,2;3;4;5,False,False,,2;3;5,4,17.0,40.0,811.0,30.0,5.0,False,1.0,17.0,17.0,False
20,10,_original_nint128_seed4,4,4,6,3;4;5;6,False,False,,3;5;6,4,19.0,41.0,702.0,28.0,5.0,False,1.0,19.0,19.0,False
20,10,_original_nint128_seed4,4,4,6,3;4;5;7,False,False,,3;5;7,4,20.0,45.0,831.0,27.0,5.0,False,1.0,20.0,20.0,False
20,10,_original_nint128_seed4,4,4,6,3;4;5;8,False,False,,3;5;8,4,16.0,35.0,768.0,33.0,5.0,False,1.0,16.0,16.0,False
20,10,_original_nint128_seed4,4,4,6,0;3;4;8,False,False,,0;3;8,4,16.0,31.0,656.0,36.0,5.0,False,1.0,16.0,16.0,False
20,10,_original_nint128_seed4,4,4,6,1;3;4;8,False,False,,1;3;8,4,19.0,39.0,780.0,30.0,5.0,False,1.0,19.0,19.0,False
20,10,_original_nint128_seed4,4,4,6,3;4;6;8,False,False,,3;6;8,4,19.0,41.0,718.0,32.0,5.0,False,1.0,19.0,19.0,False
20,10,_original_nint128_seed4,4,4,6,3;4;8;9,False,False,,3;4;8,9,20.0,42.0,852.0,28.0,5.0,False,1.0,20.0,20.0,False
20,10,_original_nint128_seed4,4,4,6,0;7;8;9,False,False,,0;7;8,9,14.0,27.0,664.0,33.0,5.0,False,1.0,14.0,14.0,False
20,10,_original_nint128_seed4,4,4,6,1;7;8;9,False,False,,1;7;8,9,18.0,38.0,787.0,28.0,5.0,False,1.0,18.0,18.0,False
20,10,_original_nint128_seed4,4,4,6,3;7;8;9,False,False,,7;8;9,3,19.0,42.0,855.0,29.0,5.0,False,1.0,19.0,19.0,False
20,10,_original_nint128_seed4,4,4,6,5;7;8;9,False,False,,5;7;8,9,16.0,36.0,775.0,31.0,5.0,False,1.0,16.0,16.0,False
20,10,_original_nint128_seed4,4,4,6,6;7;8;9,False,False,,6;7;8,9,18.0,40.0,725.0,30.0,5.0,False,1.0,18.0,18.0,False
20,10,_original_nint128_seed4,4,4,6,0;1;6;9,False,False,,0;1;6,9,20.0,38.0,524.0,29.0,5.0,False,1.0,20.0,20.0,False
20,10,_original_nint128_seed4,4,4,6,0;3;6;9,False,False,,0;3;6,9,19.0,36.0,600.0,28.0,5.0,False,1.0,19.0,19.0,False
20,10,_original_nint128_seed4,4,4,6,0;5;6;9,False,False,,0;5;6,9,17.0,33.0,518.0,31.0,5.0,False,1.0,17.0,17.0,False
20,10,_original_nint128_seed4,4,4,6,0;6;7;9,False,False,,0;6;7,9,18.0,35.0,600.0,27.0,5.0,False,1.0,18.0,18.0,False
20,10,_original_nint128_seed4,4,4,6,0;6;8;9,False,False,,0;8;9,6,15.0,30.0,534.0,35.0,5.0,False,1.0,15.0,15.0,False
20,10,_original_nint128_seed4,4,4,6,0;1;3;9,False,False,,0;1;3,9,20.0,39.0,653.0,29.0,5.0,False,1.0,20.0,20.0,False
20,10,_original_nint128_seed4,4,4,6,0;1;4;9,False,False,,0;1;4,9,21.0,41.0,649.0,28.0,5.0,False,1.0,21.0,21.0,False
20,10,_original_nint128_seed4,4,4,6,0;1;5;9,False,False,,0;1;5,9,19.0,38.0,569.0,33.0,5.0,False,1.0,19.0,19.0,False
20,10,_original_nint128_seed4,4,4,6,0;1;8;9,False,False,,0;8;9,1,16.0,32.0,588.0,35.0,5.0,False,1.0,16.0,16.0,False
20,10,_original_nint128_seed4,4,4,6,0;2;6;7,False,False,,0;2;7,6,16.0,34.0,576.0,32.0,5.0,False,1.0,16.0,16.0,False
20,10,_original_nint128_seed4,4,4,6,1;2;6;7,False,False,,1;2;7,6,18.0,42.0,697.0,28.0,5.0,False,1.0,18.0,18.0,False
20,10,_original_nint128_seed4,4,4,6,2;3;6;7,False,False,,2;6;7,3,19.0,44.0,765.0,29.0,5.0,False,1.0,19.0,19.0,False
20,10,_original_nint128_seed4,4,4,6,2;4;6;7,False,False,,2;4;7,6,19.0,43.0,762.0,27.0,5.0,False,1.0,19.0,19.0,False
20,10,_original_nint128_seed4,4,4,6,2;5;6;7,False,False,,2;5;6,7,16.0,38.0,687.0,30.0,5.0,False,1.0,16.0,16.0,False
20,10,_original_nint128_seed4,4,4,6,0;5;7;9,False,False,,0;5;7,9,17.0,35.0,647.0,30.0,5.0,False,1.0,17.0,17.0,False
20,10,_original_nint128_seed4,4,4,6,1;5;7;9,False,False,,1;5;7,9,22.0,47.0,768.0,26.0,5.0,False,1.0,22.0,22.0,False
20,10,_original_nint128_seed4,4,4,6,5;6;7;9,False,False,,5;6;7,9,20.0,45.0,709.0,26.0,5.0,False,1.0,20.0,20.0,False
20,10,_original_nint128_seed4,4,4,6,0;4;8;9,False,False,,0;8;9,4,16.0,31.0,660.0,33.0,5.0,False,1.0,16.0,16.0,False
20,10,_original_nint128_seed4,4,4,6,1;4;8;9,False,False,,1;4;8,9,20.0,40.0,784.0,27.0,5.0,False,1.0,20.0,20.0,False
20,10,_original_nint128_seed4,4,4,6,4;5;8;9,False,False,,4;5;8,9,18.0,39.0,770.0,31.0,5.0,False,1.0,18.0,18.0,False
20,10,_original_nint128_seed4,4,4,6,4;6;8;9,False,False,,4;6;8,9,20.0,42.0,722.0,29.0,5.0,False,1.0,20.0,20.0,False
20,10,_original_nint128_seed4,4,4,6,1;3;4;9,False,False,,1;3;4,9,24.0,49.0,847.0,22.0,5.0,False,1.0,24.0,24.0,False
20,10,_original_nint128_seed4,4,4,6,1;3;6;9,False,False,,1;3;6,9,23.0,47.0,721.0,24.0,5.0,False,1.0,23.0,23.0,False
20,10,_original_nint128_seed4,4,4,6,1;3;8;9,False,False,,1;3;8,9,19.0,40.0,787.0,29.0,5.0,False,1.0,19.0,19.0,False
20,10,_original_nint128_seed4,4,4,6,0;2;3;8,False,False,,0;2;8,3,13.0,28.0,640.0,39.0,5.0,False,1.0,13.0,13.0,False
20,10,_original_nint128_seed4,4,4,6,1;2;3;8,False,False,,1;2;8,3,16.0,38.0,763.0,34.0,5.0,False,1.0,16.0,16.0,False
20,10,_original_nint128_seed4,4,4,6,2;3;5;8,False,False,,2;5;8,3,13.0,31.0,753.0,36.0,5.0,False,1.0,13.0,13.0,False
20,10,_original_nint128_seed4,4,4,6,2;3;6;8,False,False,,2;3;8,6,17.0,41.0,701.0,36.0,5.0,False,1.0,17.0,17.0,False
20,10,_original_nint128_seed4,4,4,6,0;1;2;3,False,False,,0;2;3,1,17.0,36.0,629.0,34.0,5.0,False,1.0,17.0,17.0,False
20,10,_original_nint128_seed4,4,4,6,0;1;3;4,False,False,,0;1;3,4,20.0,39.0,645.0,31.0,5.0,False,1.0,20.0,20.0,False
20,10,_original_nint128_seed4,4,4,6,0;1;3;5,False,False,,0;3;5,1,17.0,33.0,567.0,35.0,5.0,False,1.0,17.0,17.0,False
20,10,_original_nint128_seed4,4,4,6,0;1;3;6,False,False,,0;3;6,1,19.0,36.0,520.0,32.0,5.0,False,1.0,19.0,19.0,False
20,10,_original_nint128_seed4,4,4,6,0;1;3;8,False,False,,0;3;8,1,16.0,32.0,584.0,38.0,5.0,False,1.0,16.0,16.0,False
20,10,_original_nint128_seed4,4,4,6,0;1;4;8,False,False,,0;4;8,1,17.0,34.0,580.0,37.0,5.0,False,1.0,17.0,17.0,False
20,10,_original_nint128_seed4,4,4,6,0;4;5;8,False,False,,0;5;8,4,14.0,27.0,574.0,39.0,5.0,False,1.0,14.0,14.0,False
20,10,_original_nint128_seed4,4,4,6,1;4;6;7,False,False,,1;6;7,4,20.0,43.0,714.0,24.0,5.0,False,1.0,20.0,20.0,False
20,10,_original_nint128_seed4,4,4,6,3;4;6;7,False,False,,4;6;7,3,22.0,45.0,782.0,25.0,5.0,False,1.0,22.0,22.0,False
20,10,_original_nint128_seed4,4,4,6,4;5;6;7,False,False,,5;6;7,4,19.0,42.0,702.0,27.0,5.0,False,1.0,19.0,19.0,False
20,10,_original_nint128_seed4,4,4,6,0;3;5;8,False,False,,0;5;8,3,12.0,22.0,580.0,39.0,5.0,False,1.0,12.0,12.0,False
20,10,_original_nint128_seed4,4,4,6,1;3;5;8,False,False,,3;5;8,1,16.0,32.0,703.0,34.0,5.0,False,1.0,16.0,16.0,False
20,10,_original_nint128_seed4,4,4,6,3;5;6;8,False,False,,3;5;8,6,14.0,32.0,643.0,35.0,5.0,False,1.0,14.0,14.0,False
20,10,_original_nint128_seed4,4,4,6,3;5;7;8,False,False,,3;5;8,7,15.0,34.0,773.0,33.0,5.0,False,1.0,15.0,15.0,False
20,10,_original_nint128_seed4,4,4,6,1;2;3;6,False,False,,1;2;3,6,19.0,43.0,697.0,29.0,5.0,False,1.0,19.0,19.0,False
20,10,_original_nint128_seed4,4,4,6,1;3;4;6,False,False,,1;3;6,4,22.0,44.0,714.0,25.0,5.0,False,1.0,22.0,22.0,False
20,10,_original_nint128_seed4,4,4,6,1;3;5;6,False,False,,3;5;6,1,19.0,38.0,637.0,29.0,5.0,False,1.0,19.0,19.0,False
20,10,_original_nint128_seed4,4,4,6,1;3;6;8,False,False,,1;3;8,6,18.0,39.0,653.0,33.0,5.0,False,1.0,18.0,18.0,False
20,10,_original_nint128_seed4,4,4,6,0;5;6;7,False,False,,0;5;6,7,15.0,29.0,516.0,32.0,5.0,False,1.0,15.0,15.0,False
20,10,_original_nint128_seed4,4,4,6,0;6;7;8,False,False,,0;7;8,6,14.0,28.0,530.0,37.0,5.0,False,1.0,14.0,14.0,False
20,10,_original_nint128_seed4,4,4,6,0;1;6;8,False,False,,0;6;8,1,16.0,33.0,454.0,39.0,5.0,False,1.0,16.0,16.0,False
20,10,_original_nint128_seed4,4,4,6,1;2;6;8,False,False,,1;2;8,6,17.0,39.0,633.0,35.0,5.0,False,1.0,17.0,17.0,False
20,10,_original_nint128_seed4,4,4,6,1;4;6;8,False,False,,1;6;8,4,17.0,38.0,650.0,31.0,5.0,False,1.0,17.0,17.0,False
20,10,_original_nint128_seed4,4,4,6,1;5;6;8,False,False,,5;6;8,1,16.0,32.0,573.0,35.0,5.0,False,1.0,16.0,16.0,False
20,10,_original_nint128_seed4,4,4,6,1;6;7;8,False,False,,1;7;8,6,17.0,37.0,653.0,32.0,5.0,False,1.0,17.0,17.0,False
20,10,_original_nint128_seed4,4,4,6,1;6;8;9,False,False,,1;6;8,9,19.0,40.0,657.0,30.0,5.0,False,1.0,19.0,19.0,False
20,10,_original_nint128_seed4,4,4,6,1;2;3;4,False,False,,1;2;3,4,19.0,43.0,823.0,27.0,5.0,False,1.0,19.0,19.0,False
20,10,_original_nint128_seed4,4,4,6,2;3;4;6,False,False,,2;3;4,6,20.0,44.0,762.0,28.0,5.0,False,1.0,20.0,20.0,False
20,10,_original_nint128_seed4,4,4,6,2;3;4;7,False,False,,2;4;7,3,19.0,44.0,891.0,27.0,5.0,False,1.0,19.0,19.0,False
20,10,_original_nint128_seed4,4,4,6,1;4;6;9,False,False,,1;4;6,9,24.0,47.0,718.0,22.0,5.0,False,1.0,24.0,24.0,False
20,10,_original_nint128_seed4,4,4,6,3;4;6;9,False,False,,3;4;6,9,24.0,48.0,786.0,23.0,5.0,False,1.0,24.0,24.0,False
20,10,_original_nint128_seed4,4,4,6,4;5;6;9,False,False,,4;5;6,9,22.0,47.0,704.0,26.0,5.0,False,1.0,22.0,22.0,False
20,10,_original_nint128_seed4,4,4,6,3;6;7;8,False,False,,6;7;8,3,18.0,41.0,721.0,33.0,5.0,False,1.0,18.0,18.0,False
20,10,_original_nint128_seed4,4,4,6,5;6;7;8,False,False,,5;6;8,7,14.0,32.0,643.0,34.0,5.0,False,1.0,14.0,14.0,False
20,10,_original_nint128_seed4,4,4,6,1;2;5;7,False,False,,1;2;5,7,17.0,38.0,746.0,30.0,5.0,False,1.0,17.0,17.0,False
20,10,_original_nint128_seed4,4,4,6,1;4;5;7,False,False,,1;5;7,4,19.0,41.0,761.0,27.0,5.0,False,1.0,19.0,19.0,False
20,10,_original_nint128_seed4,4,4,6,1;5;6;7,False,False,,1;5;6,7,19.0,39.0,637.0,28.0,5.0,False,1.0,19.0,19.0,False
20,10,_original_nint128_seed4,4,4,6,1;5;7;8,False,False,,5;7;8,1,16.0,32.0,703.0,33.0,5.0,False,1.0,16.0,16.0,False
20,10,_original_nint128_seed4,4,4,6,0;2;3;5,False,False,,0;2;5,3,14.0,28.0,625.0,35.0,5.0,False,1.0,14.0,14.0,False
20,10,_original_nint128_seed4,4,4,6,0;3;5;6,False,False,,0;5;6,3,15.0,28.0,516.0,33.0,5.0,False,1.0,15.0,15.0,False
20,10,_original_nint128_seed4,4,4,6,1;2;4;6,False,False,,1;2;4,6,20.0,43.0,694.0,27.0,5.0,False,1.0,20.0,20.0,False
20,10,_original_nint128_seed4,4,4,6,1;4;5;6,False,False,,1;5;6,4,21.0,40.0,632.0,28.0,5.0,False,1.0,21.0,21.0,False
20,10,_original_nint128_seed4,4,4,6,1;4;5;8,False,False,,1;5;8,4,17.0,35.0,698.0,33.0,5.0,False,1.0,17.0,17.0,False
20,10,_original_nint128_seed4,4,4,6,4;5;6;8,False,False,,5;6;8,4,16.0,35.0,638.0,34.0,5.0,False,1.0,16.0,16.0,False
20,10,_original_nint128_seed4,4,4,6,0;2;3;6,False,False,,0;2;3,6,17.0,35.0,576.0,33.0,5.0,False,1.0,17.0,17.0,False
20,10,_original_nint128_seed4,4,4,6,1;2;4;7,False,False,,1;2;7,4,18.0,41.0,823.0,26.0,5.0,False,1.0,18.0,18.0,False
20,10,_original_nint128_seed4,4,4,6,1;2;3;5,False,False,,2;3;5,1,17.0,37.0,746.0,31.0,5.0,False,1.0,17.0,17.0,False
20,10,_original_nint128_seed4,4,4,6,2;3;5;6,False,False,,2;3;5,6,16.0,37.0,687.0,31.0,5.0,False,1.0,16.0,16.0,False
20,10,_original_nint128_seed4,4,4,6,2;3;5;7,False,False,,2;3;5,7,16.0,39.0,816.0,30.0,5.0,False,1.0,16.0,16.0,False
20,10,_original_nint128_seed4,4,4,6,1;5;6;9,False,False,,1;5;6,9,22.0,44.0,639.0,27.0,5.0,False,1.0,22.0,22.0,False
20,10,_original_nint128_seed4,4,4,6,5;6;8;9,False,False,,5;6;8,9,16.0,36.0,645.0,33.0,5.0,False,1.0,16.0,16.0,False
20,10,_original_nint128_seed4,4,4,6,1;5;8;9,False,False,,1;5;8,9,18.0,36.0,705.0,32.0,5.0,False,1.0,18.0,18.0,False
20,10,_original_nint128_seed4,4,4,6,1;4;5;9,False,False,,1;4;5,9,24.0,48.0,763.0,26.0,5.0,False,1.0,24.0,24.0,False
20,10,_original_nint128_seed4,4,4,6,3;6;8;9,False,False,,3;6;8,9,19.0,42.0,725.0,31.0,5.0,False,1.0,19.0,19.0,False
20,10,_original_nint128_seed4,4,4,6,0;2;5;8,False,False,,0;5;8,2,11.0,21.0,560.0,41.0,5.0,False,1.0,11.0,11.0,False
20,10,_original_nint128_seed4,4,4,6,1;2;5;8,False,False,,2;5;8,1,15.0,31.0,683.0,36.0,5.0,False,1.0,15.0,15.0,False
20,10,_original_nint128_seed4,4,4,6,2;5;6;8,False,False,,2;5;8,6,14.0,32.0,623.0,37.0,5.0,False,1.0,14.0,14.0,False
20,10,_original_nint128_seed4,4,4,6,0;1;2;6,False,False,,0;2;6,1,18.0,37.0,500.0,34.0,5.0,False,1.0,18.0,18.0,False
20,10,_original_nint128_seed4,4,4,6,1;2;5;6,False,False,,2;5;6,1,18.0,37.0,617.0,31.0,5.0,False,1.0,18.0,18.0,False
20,10,_original_nint128_seed4,4,4,6,0;3;4;9,False,False,,0;3;4,9,20.0,39.0,725.0,27.0,5.0,False,1.0,20.0,20.0,False
20,10,_original_nint128_seed4,4,4,6,0;1;4;5,False,False,,0;1;5,4,19.0,37.0,561.0,35.0,5.0,False,1.0,19.0,19.0,False
20,10,_original_nint128_seed4,4,4,6,1;2;4;5,False,False,,1;2;5,4,19.0,39.0,741.0,30.0,5.0,False,1.0,19.0,19.0,False
20,10,_original_nint128_seed4,4,4,6,0;2;5;7,False,False,,0;2;5,7,14.0,29.0,625.0,34.0,5.0,False,1.0,14.0,14.0,False
20,10,_original_nint128_seed4,4,4,6,2;4;5;7,False,False,,2;5;7,4,17.0,41.0,811.0,29.0,5.0,False,1.0,17.0,17.0,False
20,10,_original_nint128_seed4,4,4,6,2;4;5;6,False,False,,2;5;6,4,18.0,40.0,682.0,30.0,5.0,False,1.0,18.0,18.0,False
20,10,_original_nint128_seed4,4,4,6,0;5;8;9,False,False,,0;5;8,9,13.0,25.0,582.0,37.0,5.0,False,1.0,13.0,13.0,False
20,10,_original_nint128_seed4,4,4,6,1;6;7;9,False,False,,1;6;7,9,22.0,46.0,721.0,23.0,5.0,False,1.0,22.0,22.0,False
20,10,_original_nint128_seed4,4,4,6,0;3;6;8,False,False,,0;3;8,6,15.0,30.0,530.0,38.0,5.0,False,1.0,15.0,15.0,False
20,10,_original_nint128_seed4,4,4,6,0;3;8;9,False,False,,0;3;8,9,15.0,29.0,664.0,34.0,5.0,False,1.0,15.0,15.0,False
20,10,_original_nint128_seed4,4,4,6,3;5;6;7,False,False,,3;5;6,7,18.0,40.0,707.0,28.0,5.0,False,1.0,18.0,18.0,False
20,10,_original_nint128_seed4,4,4,6,0;4;5;7,False,False,,0;5;7,4,17.0,35.0,639.0,32.0,5.0,False,1.0,17.0,17.0,False
20,10,_original_nint128_seed4,4,4,6,0;5;7;8,False,False,,0;5;8,7,12.0,22.0,580.0,38.0,5.0,False,1.0,12.0,12.0,False
20,10,_original_nint128_seed4,4,4,6,0;1;5;8,False,False,,0;5;8,1,14.0,27.0,502.0,41.0,5.0,False,1.0,14.0,14.0,False
20,10,_original_nint128_seed4,4,4,6,0;1;2;5,False,False,,0;2;5,1,16.0,32.0,547.0,37.0,5.0,False,1.0,16.0,16.0,False
20,10,_original_nint128_seed4,4,4,6,0;2;5;6,False,False,,0;2;5,6,15.0,28.0,496.0,35.0,5.0,False,1.0,15.0,15.0,False
20,10,_original_nint128_seed4,4,4,6,3;6;7;9,False,False,,3;6;7,9,23.0,48.0,789.0,24.0,5.0,False,1.0,23.0,23.0,False
20,10,_original_nint128_seed4,4,4,6,0;4;5;9,False,False,,0;4;5,9,19.0,39.0,641.0,31.0,5.0,False,1.0,19.0,19.0,False
20,10,_original_nint128_seed4,4,4,6,0;1;2;8,False,False,,0;2;8,1,14.0,31.0,564.0,40.0,5.0,False,1.0,14.0,14.0,False
20,10,_original_nint128_seed4,4,4,6,0;5;6;8,False,False,,0;5;8,6,12.0,23.0,450.0,40.0,5.0,False,1.0,12.0,12.0,False
20,10,_original_nint128_seed4,4,4,6,0;1;5;6,False,False,,0;5;6,1,17.0,32.0,438.0,35.0,5.0,False,1.0,17.0,17.0,False
20,10,_original_nint128_seed4,5,5,5,1;2;5;6;8,False,False,,1;2;5;8,6,12.0,24.0,495.0,44.0,5.0,False,1.0,12.0,12.0,False
20,10,_original_nint128_seed4,5,5,5,2;3;5;6;8,False,False,,2;3;5;8,6,10.0,24.0,565.0,44.0,5.0,False,1.0,10.0,10.0,False
20,10,_original_nint128_seed4,5,5,5,2;4;5;6;8,False,False,,2;5;6;8,4,12.0,27.0,560.0,43.0,5.0,False,1.0,12.0,12.0,False
20,10,_original_nint128_seed4,5,5,5,2;5;6;7;8,False,False,,2;5;7;8,6,10.0,23.0,565.0,43.0,5.0,False,1.0,10.0,10.0,False
20,10,_original_nint128_seed4,5,5,5,0;1;2;3;8,False,False,,0;2;3;8,1,11.0,24.0,506.0,47.0,5.0,False,1.0,11.0,11.0,False
20,10,_original_nint128_seed4,5,5,5,1;2;3;4;8,False,False,,1;2;3;8,4,13.0,30.0,702.0,39.0,5.0,False,1.0,13.0,13.0,False
20,10,_original_nint128_seed4,5,5,5,1;2;3;5;8,False,False,,2;3;5;8,1,11.0,23.0,625.0,43.0,5.0,False,1.0,11.0,11.0,False
20,10,_original_nint128_seed4,5,5,5,1;2;3;6;8,False,False,,1;2;3;8,6,13.0,31.0,575.0,42.0,5.0,False,1.0,13.0,13.0,False
20,10,_original_nint128_seed4,5,5,5,1;2;3;7;8,False,False,,1;2;7;8,3,12.0,29.0,705.0,40.0,5.0,False,1.0,12.0,12.0,False
20,10,_original_nint128_seed4,5,5,5,0;2;3;5;6,False,False,,0;2;3;5,6,11.0,20.0,438.0,42.0,5.0,False,1.0,11.0,11.0,False
20,10,_original_nint128_seed4,5,5,5,1;2;3;5;6,False,False,,2;3;5;6,1,13.0,28.0,559.0,38.0,5.0,False,1.0,13.0,13.0,False
20,10,_original_nint128_seed4,5,5,5,2;3;4;5;6,False,False,,2;3;5;6,4,13.0,31.0,624.0,37.0,5.0,False,1.0,13.0,13.0,False
20,10,_original_nint128_seed4,5,5,5,2;3;5;6;7,False,False,,2;3;5;6,7,12.0,30.0,629.0,37.0,5.0,False,1.0,12.0,12.0,False
20,10,_original_nint128_seed4,5,5,5,0;1;2;7;8,False,False,,0;2;7;8,1,10.0,22.0,506.0,46.0,5.0,False,1.0,10.0,10.0,False
20,10,_original_nint128_seed4,5,5,5,0;2;4;7;8,False,False,,0;2;7;8,4,10.0,21.0,578.0,44.0,5.0,False,1.0,10.0,10.0,False
20,10,_original_nint128_seed4,5,5,5,0;2;5;7;8,False,False,,0;2;5;8,7,8.0,14.0,502.0,47.0,5.0,False,1.0,8.0,8.0,False
20,10,_original_nint128_seed4,5,5,5,0;5;6;7;8,False,False,,0;5;7;8,6,9.0,16.0,392.0,46.0,5.0,False,1.0,9.0,9.0,False
20,10,_original_nint128_seed4,5,5,5,1;5;6;7;8,False,False,,5;6;7;8,1,12.0,24.0,515.0,41.0,5.0,False,1.0,12.0,12.0,False
20,10,_original_nint128_seed4,5,5,5,3;5;6;7;8,False,False,,3;5;6;8,7,11.0,26.0,585.0,41.0,5.0,False,1.0,11.0,11.0,False
20,10,_original_nint128_seed4,5,5,5,4;5;6;7;8,False,False,,5;6;7;8,4,12.0,27.0,580.0,40.0,5.0,False,1.0,12.0,12.0,False
20,10,_original_nint128_seed4,5,5,5,5;6;7;8;9,False,False,,5;6;7;8,9,12.0,28.0,587.0,39.0,5.0,False,1.0,12.0,12.0,False
20,10,_original_nint128_seed4,5,5,5,1;3;4;7;8,False,False,,1;4;7;8,3,15.0,31.0,722.0,36.0,5.0,False,1.0,15.0,15.0,False
20,10,_original_nint128_seed4,5,5,5,2;3;4;7;8,False,False,,2;4;7;8,3,13.0,31.0,770.0,39.0,5.0,False,1.0,13.0,13.0,False
20,10,_original_nint128_seed4,5,5,5,3;4;5;7;8,False,False,,3;5;7;8,4,13.0,29.0,710.0,39.0,5.0,False,1.0,13.0,13.0,False
20,10,_original_nint128_seed4,5,5,5,3;4;6;7;8,False,False,,4;6;7;8,3,15.0,33.0,660.0,38.0,5.0,False,1.0,15.0,15.0,False
20,10,_original_nint128_seed4,5,5,5,3;4;7;8;9,False,False,,4;7;8;9,3,16.0,34.0,794.0,34.0,5.0,False,1.0,16.0,16.0,False
20,10,_original_nint128_seed4,5,5,5,0;1;3;4;6,False,False,,0;1;3;6,4,16.0,30.0,458.0,38.0,5.0,False,1.0,16.0,16.0,False
20,10,_original_nint128_seed4,5,5,5,0;2;3;4;6,False,False,,0;2;3;6,4,14.0,29.0,514.0,39.0,5.0,False,1.0,14.0,14.0,False
20,10,_original_nint128_seed4,5,5,5,0;3;4;5;6,False,False,,0;3;5;6,4,13.0,25.0,452.0,40.0,5.0,False,1.0,13.0,13.0,False
20,10,_original_nint128_seed4,5,5,5,0;3;4;6;8,False,False,,0;3;6;8,4,13.0,25.0,468.0,44.0,5.0,False,1.0,13.0,13.0,False
20,10,_original_nint128_seed4,5,5,5,0;3;4;6;9,False,False,,0;3;4;6,9,16.0,30.0,538.0,34.0,5.0,False,1.0,16.0,16.0,False
20,10,_original_nint128_seed4,5,5,5,1;3;4;5;6,False,False,,1;3;5;6,4,16.0,31.0,574.0,35.0,5.0,False,1.0,16.0,16.0,False
20,10,_original_nint128_seed4,5,5,5,3;4;5;6;7,False,False,,3;5;6;7,4,15.0,34.0,644.0,34.0,5.0,False,1.0,15.0,15.0,False
20,10,_original_nint128_seed4,5,5,5,3;4;5;6;8,False,False,,3;5;6;8,4,12.0,27.0,580.0,41.0,5.0,False,1.0,12.0,12.0,False
20,10,_original_nint128_seed4,5,5,5,3;4;5;6;9,False,False,,3;4;5;6,9,17.0,38.0,646.0,33.0,5.0,False,1.0,17.0,17.0,False
20,10,_original_nint128_seed4,5,5,5,0;1;3;4;8,False,False,,0;3;4;8,1,14.0,27.0,522.0,44.0,5.0,False,1.0,14.0,14.0,False
20,10,_original_nint128_seed4,5,5,5,1;3;4;5;8,False,False,,1;3;5;8,4,13.0,27.0,640.0,40.0,5.0,False,1.0,13.0,13.0,False
20,10,_original_nint128_seed4,5,5,5,1;3;4;6;8,False,False,,1;4;6;8,3,14.0,31.0,592.0,38.0,5.0,False,1.0,14.0,14.0,False
20,10,_original_nint128_seed4,5,5,5,1;3;4;8;9,False,False,,1;3;4;8,9,16.0,32.0,726.0,34.0,5.0,False,1.0,16.0,16.0,False
20,10,_original_nint128_seed4,5,5,5,0;1;2;3;4,False,False,,0;1;2;3,4,14.0,30.0,567.0,40.0,5.0,False,1.0,14.0,14.0,False
20,10,_original_nint128_seed4,5,5,5,0;2;3;4;5,False,False,,0;2;3;5,4,12.0,25.0,561.0,42.0,5.0,False,1.0,12.0,12.0,False
20,10,_original_nint128_seed4,5,5,5,0;2;3;4;8,False,False,,0;2;3;8,4,11.0,23.0,578.0,45.0,5.0,False,1.0,11.0,11.0,False
20,10,_original_nint128_seed4,5,5,5,0;4;7;8;9,False,False,,0;7;8;9,4,12.0,22.0,602.0,39.0,5.0,False,1.0,12.0,12.0,False
20,10,_original_nint128_seed4,5,5,5,1;4;7;8;9,False,False,,1;4;7;8,9,15.0,30.0,726.0,33.0,5.0,False,1.0,15.0,15.0,False
20,10,_original_nint128_seed4,5,5,5,4;5;7;8;9,False,False,,4;5;7;8,9,14.0,31.0,712.0,37.0,5.0,False,1.0,14.0,14.0,False
20,10,_original_nint128_seed4,5,5,5,4;6;7;8;9,False,False,,4;6;7;8,9,15.0,32.0,664.0,35.0,5.0,False,1.0,15.0,15.0,False
20,10,_original_nint128_seed4,5,5,5,0;1;2;5;6,False,False,,0;2;5;6,1,13.0,24.0,360.0,44.0,5.0,False,1.0,13.0,13.0,False
20,10,_original_nint128_seed4,5,5,5,0;2;4;5;6,False,False,,0;2;5;6,4,13.0,25.0,432.0,42.0,5.0,False,1.0,13.0,13.0,False
20,10,_original_nint128_seed4,5,5,5,0;2;5;6;7,False,False,,0;2;5;6,7,11.0,21.0,438.0,41.0,5.0,False,1.0,11.0,11.0,False
20,10,_original_nint128_seed4,5,5,5,0;1;2;4;8,False,False,,0;2;4;8,1,12.0,26.0,502.0,46.0,5.0,False,1.0,12.0,12.0,False
20,10,_original_nint128_seed4,5,5,5,0;1;2;5;8,False,False,,0;2;5;8,1,10.0,19.0,424.0,50.0,5.0,False,1.0,10.0,10.0,False
20,10,_original_nint128_seed4,5,5,5,1;3;4;7;9,False,False,,1;3;4;7,9,19.0,40.0,789.0,28.0,5.0,False,1.0,19.0,19.0,False
20,10,_original_nint128_seed4,5,5,5,3;4;5;7;9,False,False,,3;4;5;7,9,18.0,42.0,775.0,32.0,5.0,False,1.0,18.0,18.0,False
20,10,_original_nint128_seed4,5,5,5,3;4;6;7;9,False,False,,3;4;6;7,9,19.0,39.0,728.0,29.0,5.0,False,1.0,19.0,19.0,False
20,10,_original_nint128_seed4,5,5,5,2;3;5;7;8,False,False,,2;5;7;8,3,10.0,24.0,695.0,42.0,5.0,False,1.0,10.0,10.0,False
20,10,_original_nint128_seed4,5,5,5,0;1;3;4;9,False,False,,0;1;3;4,9,17.0,33.0,591.0,35.0,5.0,False,1.0,17.0,17.0,False
20,10,_original_nint128_seed4,5,5,5,0;1;4;5;9,False,False,,0;1;4;5,9,17.0,34.0,505.0,40.0,5.0,False,1.0,17.0,17.0,False
20,10,_original_nint128_seed4,5,5,5,0;1;4;6;9,False,False,,0;1;4;6,9,17.0,32.0,462.0,35.0,5.0,False,1.0,17.0,17.0,False
20,10,_original_nint128_seed4,5,5,5,0;1;4;7;9,False,False,,0;1;4;7,9,16.0,32.0,591.0,34.0,5.0,False,1.0,16.0,16.0,False
20,10,_original_nint128_seed4,5,5,5,0;1;4;8;9,False,False,,0;4;8;9,1,14.0,27.0,526.0,41.0,5.0,False,1.0,14.0,14.0,False
20,10,_original_nint128_seed4,5,5,5,1;2;4;5;8,False,False,,1;2;5;8,4,12.0,26.0,620.0,42.0,5.0,False,1.0,12.0,12.0,False
20,10,_original_nint128_seed4,5,5,5,1;2;4;6;8,False,False,,1;2;4;8,6,12.0,29.0,572.0,40.0,5.0,False,1.0,12.0,12.0,False
20,10,_original_nint128_seed4,5,5,5,1;2;4;7;8,False,False,,1;2;7;8,4,12.0,26.0,702.0,38.0,5.0,False,1.0,12.0,12.0,False
20,10,_original_nint128_seed4,5,5,5,1;2;4;5;6,False,False,,1;2;5;6,4,14.0,29.0,554.0,37.0,5.0,False,1.0,14.0,14.0,False
20,10,_original_nint128_seed4,5,5,5,2;4;5;6;7,False,False,,2;5;6;7,4,13.0,32.0,624.0,36.0,5.0,False,1.0,13.0,13.0,False
20,10,_original_nint128_seed4,5,5,5,0;1;2;4;7,False,False,,0;1;2;7,4,13.0,28.0,567.0,39.0,5.0,False,1.0,13.0,13.0,False
20,10,_original_nint128_seed4,5,5,5,0;2;4;5;7,False,False,,0;2;5;7,4,12.0,26.0,561.0,41.0,5.0,False,1.0,12.0,12.0,False
20,10,_original_nint128_seed4,5,5,5,0;2;4;6;7,False,False,,0;2;6;7,4,13.0,28.0,514.0,38.0,5.0,False,1.0,13.0,13.0,False
20,10,_original_nint128_seed4,5,5,5,2;3;4;6;8,False,False,,2;3;4;8,6,14.0,33.0,640.0,41.0,5.0,False,1.0,14.0,14.0,False
20,10,_original_nint128_seed4,5,5,5,2;4;6;7;8,False,False,,2;4;7;8,6,13.0,30.0,640.0,40.0,5.0,False,1.0,13.0,13.0,False
20,10,_original_nint128_seed4,5,5,5,0;1;2;4;5,False,False,,0;1;2;5,4,14.0,28.0,483.0,44.0,5.0,False,1.0,14.0,14.0,False
20,10,_original_nint128_seed4,5,5,5,1;2;3;4;5,False,False,,1;2;3;5,4,14.0,30.0,683.0,37.0,5.0,False,1.0,14.0,14.0,False
20,10,_original_nint128_seed4,5,5,5,1;2;4;5;7,False,False,,1;2;5;7,4,13.0,30.0,683.0,36.0,5.0,False,1.0,13.0,13.0,False
20,10,_original_nint128_seed4,5,5,5,0;1;4;7;8,False,False,,0;4;7;8,1,13.0,25.0,522.0,43.0,5.0,False,1.0,13.0,13.0,False
20,10,_original_nint128_seed4,5,5,5,1;4;5;7;8,False,False,,1;5;7;8,4,12.0,25.0,640.0,39.0,5.0,False,1.0,12.0,12.0,False
20,10,_original_nint128_seed4,5,5,5,1;4;6;7;8,False,False,,1;6;7;8,4,12.0,28.0,592.0,37.0,5.0,False,1.0,12.0,12.0,False
20,10,_original_nint128_seed4,5,5,5,0;4;5;6;7,False,False,,0;5;6;7,4,13.0,26.0,452.0,39.0,5.0,False,1.0,13.0,13.0,False
20,10,_original_nint128_seed4,5,5,5,1;4;5;6;7,False,False,,1;5;6;7,4,15.0,31.0,574.0,34.0,5.0,False,1.0,15.0,15.0,False
20,10,_original_nint128_seed4,5,5,5,4;5;6;7;9,False,False,,4;5;6;7,9,17.0,39.0,646.0,32.0,5.0,False,1.0,17.0,17.0,False
20,10,_original_nint128_seed4,5,5,5,0;1;2;3;5,False,False,,0;2;3;5,1,12.0,24.0,489.0,44.0,5.0,False,1.0,12.0,12.0,False
20,10,_original_nint128_seed4,5,5,5,0;1;3;4;5,False,False,,0;1;3;5,4,15.0,29.0,503.0,42.0,5.0,False,1.0,15.0,15.0,False
20,10,_original_nint128_seed4,5,5,5,0;1;3;5;6,False,False,,0;3;5;6,1,13.0,24.0,380.0,42.0,5.0,False,1.0,13.0,13.0,False
20,10,_original_nint128_seed4,5,5,5,0;1;3;5;8,False,False,,0;3;5;8,1,11.0,20.0,444.0,48.0,5.0,False,1.0,11.0,11.0,False
20,10,_original_nint128_seed4,5,5,5,0;1;3;5;9,False,False,,0;1;3;5,9,15.0,30.0,511.0,40.0,5.0,False,1.0,15.0,15.0,False
20,10,_original_nint128_seed4,5,5,5,0;1;3;6;8,False,False,,0;3;6;8,1,13.0,26.0,396.0,46.0,5.0,False,1.0,13.0,13.0,False
20,10,_original_nint128_seed4,5,5,5,0;3;5;6;8,False,False,,0;3;5;8,6,9.0,16.0,392.0,47.0,5.0,False,1.0,9.0,9.0,False
20,10,_original_nint128_seed4,5,5,5,0;3;6;8;9,False,False,,0;3;8;9,6,12.0,23.0,476.0,42.0,5.0,False,1.0,12.0,12.0,False
20,10,_original_nint128_seed4,5,5,5,0;1;6;7;8,False,False,,0;6;7;8,1,12.0,24.0,396.0,45.0,5.0,False,1.0,12.0,12.0,False
20,10,_original_nint128_seed4,5,5,5,1;2;6;7;8,False,False,,1;2;7;8,6,12.0,28.0,575.0,41.0,5.0,False,1.0,12.0,12.0,False
20,10,_original_nint128_seed4,5,5,5,1;3;6;7;8,False,False,,1;6;7;8,3,14.0,31.0,595.0,39.0,5.0,False,1.0,14.0,14.0,False
20,10,_original_nint128_seed4,5,5,5,1;6;7;8;9,False,False,,1;6;7;8,9,14.0,30.0,599.0,36.0,5.0,False,1.0,14.0,14.0,False
20,10,_original_nint128_seed4,5,5,5,1;3;5;6;8,False,False,,3;5;6;8,1,12.0,24.0,515.0,42.0,5.0,False,1.0,12.0,12.0,False
20,10,_original_nint128_seed4,5,5,5,3;5;6;8;9,False,False,,3;5;6;8,9,12.0,28.0,587.0,40.0,5.0,False,1.0,12.0,12.0,False
20,10,_original_nint128_seed4,5,5,5,0;2;3;5;8,False,False,,0;2;5;8,3,8.0,14.0,502.0,48.0,5.0,False,1.0,8.0,8.0,False
20,10,_original_nint128_seed4,5,5,5,1;2;5;7;8,False,False,,2;5;7;8,1,11.0,22.0,625.0,42.0,5.0,False,1.0,11.0,11.0,False
20,10,_original_nint128_seed4,5,5,5,1;2;5;6;7,False,False,,1;2;5;6,7,13.0,29.0,559.0,37.0,5.0,False,1.0,13.0,13.0,False
20,10,_original_nint128_seed4,5,5,5,1;2;3;4;7,False,False,,1;2;4;7,3,14.0,33.0,765.0,33.0,5.0,False,1.0,14.0,14.0,False
20,10,_original_nint128_seed4,5,5,5,2;3;4;5;7,False,False,,2;3;5;7,4,13.0,33.0,753.0,36.0,5.0,False,1.0,13.0,13.0,False
20,10,_original_nint128_seed4,5,5,5,2;3;4;6;7,False,False,,2;4;6;7,3,15.0,35.0,704.0,34.0,5.0,False,1.0,15.0,15.0,False
20,10,_original_nint128_seed4,5,5,5,0;1;5;6;9,False,False,,0;1;5;6,9,15.0,29.0,382.0,40.0,5.0,False,1.0,15.0,15.0,False
20,10,_original_nint128_seed4,5,5,5,0;3;5;6;9,False,False,,0;3;5;6,9,13.0,25.0,460.0,38.0,5.0,False,1.0,13.0,13.0,False
20,10,_original_nint128_seed4,5,5,5,0;4;5;6;9,False,False,,0;4;5;6,9,15.0,30.0,454.0,38.0,5.0,False,1.0,15.0,15.0,False
20,10,_original_nint128_seed4,5,5,5,0;5;6;7;9,False,False,,0;5;6;7,9,13.0,26.0,460.0,37.0,5.0,False,1.0,13.0,13.0,False
20,10,_original_nint128_seed4,5,5,5,0;5;6;8;9,False,False,,0;5;6;8,9,10.0,19.0,394.0,45.0,5.0,False,1.0,10.0,10.0,False
20,10,_original_nint128_seed4,5,5,5,0;1;3;8;9,False,False,,0;3;8;9,1,13.0,25.0,530.0,42.0,5.0,False,1.0,13.0,13.0,False
20,10,_original_nint128_seed4,5,5,5,0;1;5;8;9,False,False,,0;5;8;9,1,12.0,23.0,446.0,46.0,5.0,False,1.0,12.0,12.0,False
20,10,_original_nint128_seed4,5,5,5,0;1;6;8;9,False,False,,0;6;8;9,1,13.0,26.0,400.0,43.0,5.0,False,1.0,13.0,13.0,False
20,10,_original_nint128_seed4,5,5,5,0;1;7;8;9,False,False,,0;7;8;9,1,12.0,23.0,530.0,41.0,5.0,False,1.0,12.0,12.0,False
20,10,_original_nint128_seed4,5,5,5,1;3;5;6;9,False,False,,1;3;5;6,9,17.0,35.0,581.0,34.0,5.0,False,1.0,17.0,17.0,False
20,10,_original_nint128_seed4,5,5,5,1;4;5;6;9,False,False,,1;4;5;6,9,18.0,37.0,576.0,33.0,5.0,False,1.0,18.0,18.0,False
20,10,_original_nint128_seed4,5,5,5,1;5;6;7;9,False,False,,1;5;6;7,9,17.0,36.0,581.0,33.0,5.0,False,1.0,17.0,17.0,False
20,10,_original_nint128_seed4,5,5,5,1;5;6;8;9,False,False,,1;5;6;8,9,14.0,28.0,517.0,40.0,5.0,False,1.0,14.0,14.0,False
20,10,_original_nint128_seed4,5,5,5,0;1;2;5;7,False,False,,0;2;5;7,1,12.0,25.0,489.0,43.0,5.0,False,1.0,12.0,12.0,False
20,10,_original_nint128_seed4,5,5,5,0;1;6;7;9,False,False,,0;1;6;7,9,15.0,29.0,466.0,35.0,5.0,False,1.0,15.0,15.0,False
20,10,_original_nint128_seed4,5,5,5,0;4;6;7;9,False,False,,0;4;6;7,9,15.0,29.0,538.0,33.0,5.0,False,1.0,15.0,15.0,False
20,10,_original_nint128_seed4,5,5,5,0;6;7;8;9,False,False,,0;7;8;9,6,11.0,21.0,476.0,41.0,5.0,False,1.0,11.0,11.0,False
20,10,_original_nint128_seed4,5,5,5,1;2;3;5;7,False,False,,1;2;3;5,7,13.0,30.0,688.0,37.0,5.0,False,1.0,13.0,13.0,False
20,10,_original_nint128_seed4,5,5,5,0;4;6;8;9,False,False,,0;6;8;9,4,13.0,25.0,472.0,41.0,5.0,False,1.0,13.0,13.0,False
20,10,_original_nint128_seed4,5,5,5,1;4;6;8;9,False,False,,1;4;6;8,9,14.0,31.0,596.0,35.0,5.0,False,1.0,14.0,14.0,False
20,10,_original_nint128_seed4,5,5,5,3;4;6;8;9,False,False,,3;4;6;8,9,16.0,34.0,664.0,36.0,5.0,False,1.0,16.0,16.0,False
20,10,_original_nint128_seed4,5,5,5,4;5;6;8;9,False,False,,4;5;6;8,9,14.0,31.0,582.0,39.0,5.0,False,1.0,14.0,14.0,False
20,10,_original_nint128_seed4,5,5,5,1;3;4;5;9,False,False,,1;3;4;5,9,19.0,39.0,705.0,33.0,5.0,False,1.0,19.0,19.0,False
20,10,_original_nint128_seed4,5,5,5,1;4;5;7;9,False,False,,1;4;5;7,9,17.0,38.0,705.0,32.0,5.0,False,1.0,17.0,17.0,False
20,10,_original_nint128_seed4,5,5,5,1;4;5;8;9,False,False,,1;4;5;8,9,15.0,31.0,642.0,38.0,5.0,False,1.0,15.0,15.0,False
20,10,_original_nint128_seed4,5,5,5,0;4;5;7;8,False,False,,0;5;7;8,4,11.0,20.0,516.0,45.0,5.0,False,1.0,11.0,11.0,False
20,10,_original_nint128_seed4,5,5,5,2;4;5;7;8,False,False,,2;5;7;8,4,11.0,25.0,690.0,41.0,5.0,False,1.0,11.0,11.0,False
20,10,_original_nint128_seed4,5,5,5,0;1;4;6;7,False,False,,0;1;6;7,4,13.0,28.0,458.0,37.0,5.0,False,1.0,13.0,13.0,False
20,10,_original_nint128_seed4,5,5,5,1;2;4;6;7,False,False,,1;2;4;7,6,14.0,32.0,636.0,33.0,5.0,False,1.0,14.0,14.0,False
20,10,_original_nint128_seed4,5,5,5,1;3;4;6;7,False,False,,1;4;6;7,3,16.0,35.0,656.0,31.0,5.0,False,1.0,16.0,16.0,False
20,10,_original_nint128_seed4,5,5,5,1;4;6;7;9,False,False,,1;4;6;7,9,17.0,37.0,660.0,28.0,5.0,False,1.0,17.0,17.0,False
20,10,_original_nint128_seed4,5,5,5,0;4;5;6;8,False,False,,0;5;6;8,4,11.0,21.0,386.0,47.0,5.0,False,1.0,11.0,11.0,False
20,10,_original_nint128_seed4,5,5,5,1;4;5;6;8,False,False,,1;5;6;8,4,12.0,26.0,510.0,41.0,5.0,False,1.0,12.0,12.0,False
20,10,_original_nint128_seed4,5,5,5,0;4;5;7;9,False,False,,0;4;5;7,9,15.0,32.0,583.0,37.0,5.0,False,1.0,15.0,15.0,False
20,10,_original_nint128_seed4,5,5,5,0;4;6;7;8,False,False,,0;6;7;8,4,12.0,23.0,468.0,43.0,5.0,False,1.0,12.0,12.0,False
20,10,_original_nint128_seed4,5,5,5,0;1;4;5;8,False,False,,0;1;5;8,4,12.0,25.0,438.0,48.0,5.0,False,1.0,12.0,12.0,False
20,10,_original_nint128_seed4,5,5,5,1;3;7;8;9,False,False,,1;7;8;9,3,15.0,32.0,729.0,35.0,5.0,False,1.0,15.0,15.0,False
20,10,_original_nint128_seed4,5,5,5,1;5;7;8;9,False,False,,1;5;7;8,9,14.0,28.0,647.0,38.0,5.0,False,1.0,14.0,14.0,False
20,10,_original_nint128_seed4,5,5,5,3;5;6;7;9,False,False,,3;5;6;7,9,16.0,37.0,651.0,33.0,5.0,False,1.0,16.0,16.0,False
20,10,_original_nint128_seed4,5,5,5,0;1;2;3;6,False,False,,0;2;3;6,1,14.0,29.0,442.0,41.0,5.0,False,1.0,14.0,14.0,False
20,10,_original_nint128_seed4,5,5,5,0;1;2;6;7,False,False,,0;2;6;7,1,13.0,28.0,442.0,40.0,5.0,False,1.0,13.0,13.0,False
20,10,_original_nint128_seed4,5,5,5,1;2;3;6;7,False,False,,1;2;6;7,3,14.0,34.0,639.0,35.0,5.0,False,1.0,14.0,14.0,False
20,10,_original_nint128_seed4,5,5,5,1;2;3;4;6,False,False,,1;2;3;4,6,15.0,34.0,636.0,34.0,5.0,False,1.0,15.0,15.0,False
20,10,_original_nint128_seed4,5,5,5,0;3;4;5;9,False,False,,0;3;4;5,9,15.0,31.0,583.0,38.0,5.0,False,1.0,15.0,15.0,False
20,10,_original_nint128_seed4,5,5,5,3;4;5;8;9,False,False,,3;4;5;8,9,14.0,31.0,712.0,38.0,5.0,False,1.0,14.0,14.0,False
20,10,_original_nint128_seed4,5,5,5,1;3;5;8;9,False,False,,1;3;5;8,9,14.0,28.0,647.0,39.0,5.0,False,1.0,14.0,14.0,False
20,10,_original_nint128_seed4,5,5,5,0;5;7;8;9,False,False,,0;5;7;8,9,10.0,18.0,524.0,43.0,5.0,False,1.0,10.0,10.0,False
20,10,_original_nint128_seed4,5,5,5,0;1;5;6;7,False,False,,0;5;6;7,1,13.0,25.0,380.0,41.0,5.0,False,1.0,13.0,13.0,False
20,10,_original_nint128_seed4,5,5,5,1;3;5;6;7,False,False,,1;3;5;6,7,15.0,31.0,579.0,35.0,5.0,False,1.0,15.0,15.0,False
20,10,_original_nint128_seed4,5,5,5,1;3;4;5;7,False,False,,1;4;5;7,3,15.0,33.0,703.0,34.0,5.0,False,1.0,15.0,15.0,False
20,10,_original_nint128_seed4,5,5,5,0;1;5;7;8,False,False,,0;5;7;8,1,11.0,20.0,444.0,47.0,5.0,False,1.0,11.0,11.0,False
20,10,_original_nint128_seed4,5,5,5,1;3;5;7;8,False,False,,1;3;5;8,7,13.0,26.0,645.0,40.0,5.0,False,1.0,13.0,13.0,False
20,10,_original_nint128_seed4,5,5,5,0;3;4;8;9,False,False,,0;3;8;9,4,13.0,24.0,602.0,40.0,5.0,False,1.0,13.0,13.0,False
20,10,_original_nint128_seed4,5,5,5,0;4;5;8;9,False,False,,0;5;8;9,4,12.0,23.0,518.0,44.0,5.0,False,1.0,12.0,12.0,False
20,10,_original_nint128_seed4,5,5,5,0;3;5;8;9,False,False,,0;3;5;8,9,10.0,18.0,524.0,44.0,5.0,False,1.0,10.0,10.0,False
20,10,_original_nint128_seed4,5,5,5,3;5;7;8;9,False,False,,3;5;7;8,9,13.0,30.0,717.0,38.0,5.0,False,1.0,13.0,13.0,False
20,10,_original_nint128_seed4,5,5,5,0;1;3;6;9,False,False,,0;1;3;6,9,16.0,30.0,466.0,36.0,5.0,False,1.0,16.0,16.0,False
20,10,_original_nint128_seed4,5,5,5,1;3;4;6;9,False,False,,1;3;4;6,9,19.0,38.0,660.0,29.0,5.0,False,1.0,19.0,19.0,False
20,10,_original_nint128_seed4,5,5,5,1;3;6;7;9,False,False,,1;3;6;7,9,18.0,38.0,663.0,30.0,5.0,False,1.0,18.0,18.0,False
20,10,_original_nint128_seed4,5,5,5,1;3;6;8;9,False,False,,1;3;6;8,9,15.0,32.0,599.0,37.0,5.0,False,1.0,15.0,15.0,False
20,10,_original_nint128_seed4,5,5,5,2;3;4;5;8,False,False,,2;3;5;8,4,11.0,26.0,690.0,42.0,5.0,False,1.0,11.0,11.0,False
20,10,_original_nint128_seed4,5,5,5,0;3;4;5;8,False,False,,0;3;5;8,4,11.0,20.0,516.0,46.0,5.0,False,1.0,11.0,11.0,False
20,10,_original_nint128_seed4,5,5,5,3;6;7;8;9,False,False,,6;7;8;9,3,15.0,34.0,667.0,37.0,5.0,False,1.0,15.0,15.0,False
20,10,_original_nint128_seed4,5,5,5,1;3;5;7;9,False,False,,1;3;5;7,9,18.0,39.0,710.0,33.0,5.0,False,1.0,18.0,18.0,False
20,10,_original_nint128_seed4,5,5,5,0;1;5;6;8,False,False,,0;5;6;8,1,11.0,21.0,314.0,49.0,5.0,False,1.0,11.0,11.0,False
20,10,_original_nint128_seed4,5,5,5,0;2;4;5;8,False,False,,0;2;5;8,4,10.0,19.0,496.0,48.0,5.0,False,1.0,10.0,10.0,False
20,10,_original_nint128_seed4,5,5,5,0;1;2;4;6,False,False,,0;1;2;6,4,15.0,31.0,438.0,40.0,5.0,False,1.0,15.0,15.0,False
20,10,_original_nint128_seed4,5,5,5,0;1;4;6;8,False,False,,0;4;6;8,1,12.0,26.0,392.0,45.0,5.0,False,1.0,12.0,12.0,False
20,10,_original_nint128_seed4,5,5,5,0;1;4;5;6,False,False,,0;1;5;6,4,15.0,28.0,374.0,42.0,5.0,False,1.0,15.0,15.0,False
20,10,_original_nint128_seed4,5,5,5,0;1;5;7;9,False,False,,0;1;5;7,9,15.0,31.0,511.0,39.0,5.0,False,1.0,15.0,15.0,False
20,10,_original_nint128_seed4,6,6,4,0;3;5;6;8;9,False,False,,0;3;5;6;8,9,7.0,12.0,336.0,52.0,5.0,False,1.0,7.0,7.0,False
20,10,_original_nint128_seed4,6,6,4,1;3;5;6;8;9,False,False,,1;3;5;6;8,9,10.0,20.0,459.0,47.0,5.0,False,1.0,10.0,10.0,False
20,10,_original_nint128_seed4,6,6,4,3;4;5;6;8;9,False,False,,3;4;5;6;8,9,10.0,23.0,524.0,46.0,5.0,False,1.0,10.0,10.0,False
20,10,_original_nint128_seed4,6,6,4,3;5;6;7;8;9,False,False,,3;5;6;7;8,9,9.0,22.0,529.0,46.0,5.0,False,1.0,9.0,9.0,False
20,10,_original_nint128_seed4,6,6,4,0;4;5;6;7;8,False,False,,0;5;6;7;8,4,8.0,14.0,328.0,53.0,5.0,False,1.0,8.0,8.0,False
20,10,_original_nint128_seed4,6,6,4,1;4;5;6;7;8,False,False,,1;5;6;7;8,4,8.0,17.0,452.0,47.0,5.0,False,1.0,8.0,8.0,False
20,10,_original_nint128_seed4,6,6,4,2;4;5;6;7;8,True,False,,2;5;6;7;8,4,8.0,18.0,502.0,49.0,5.0,False,1.0,8.0,8.0,False
20,10,_original_nint128_seed4,6,6,4,3;4;5;6;7;8,False,False,,3;5;6;7;8,4,9.0,21.0,522.0,47.0,5.0,False,1.0,9.0,9.0,False
20,10,_original_nint128_seed4,6,6,4,4;5;6;7;8;9,False,False,,4;5;6;7;8,9,10.0,23.0,524.0,45.0,5.0,False,1.0,10.0,10.0,False
20,10,_original_nint128_seed4,6,6,4,0;1;2;4;5;6,False,False,,0;1;2;5;6,4,10.0,19.0,296.0,51.0,5.0,False,1.0,10.0,10.0,False
20,10,_original_nint128_seed4,6,6,4,0;1;3;4;5;6,False,False,,0;1;3;5;6,4,11.0,20.0,316.0,49.0,5.0,False,1.0,11.0,11.0,False
20,10,_original_nint128_seed4,6,6,4,0;1;4;5;6;8,False,False,,0;1;5;6;8,4,8.0,17.0,250.0,56.0,5.0,False,1.0,8.0,8.0,False
20,10,_original_nint128_seed4,6,6,4,0;1;4;5;6;9,False,False,,0;1;4;5;6,9,12.0,25.0,318.0,47.0,5.0,False,1.0,12.0,12.0,False
20,10,_original_nint128_seed4,6,6,4,0;3;4;5;6;9,False,False,,0;3;4;5;6,9,11.0,22.0,396.0,45.0,5.0,False,1.0,11.0,11.0,False
20,10,_original_nint128_seed4,6,6,4,0;4;5;6;7;9,False,False,,0;4;5;6;7,9,11.0,23.0,396.0,44.0,5.0,False,1.0,11.0,11.0,False
20,10,_original_nint128_seed4,6,6,4,0;4;5;6;8;9,False,False,,0;5;6;8;9,4,9.0,17.0,330.0,52.0,5.0,False,1.0,9.0,9.0,False
20,10,_original_nint128_seed4,6,6,4,1;2;3;4;7;8,False,False,,1;2;4;7;8,3,9.0,20.0,644.0,45.0,5.0,False,1.0,9.0,9.0,False
20,10,_original_nint128_seed4,6,6,4,1;3;4;5;7;8,False,False,,1;4;5;7;8,3,9.0,19.0,582.0,46.0,5.0,False,1.0,9.0,9.0,False
20,10,_original_nint128_seed4,6,6,4,1;3;4;6;7;8,False,False,,1;4;6;7;8,3,10.0,23.0,534.0,44.0,5.0,False,1.0,10.0,10.0,False
20,10,_original_nint128_seed4,6,6,4,1;3;4;7;8;9,False,False,,1;4;7;8;9,3,12.0,24.0,668.0,40.0,5.0,False,1.0,12.0,12.0,False
20,10,_original_nint128_seed4,6,6,4,1;3;4;5;6;7,False,False,,1;3;5;6;7,4,11.0,23.0,516.0,41.0,5.0,False,1.0,11.0,11.0,False
20,10,_original_nint128_seed4,6,6,4,2;3;4;5;6;7,False,False,,2;3;5;6;7,4,9.0,24.0,566.0,43.0,5.0,False,1.0,9.0,9.0,False
20,10,_original_nint128_seed4,6,6,4,3;4;5;6;7;9,False,False,,3;4;5;6;7,9,13.0,31.0,588.0,39.0,5.0,False,1.0,13.0,13.0,False
20,10,_original_nint128_seed4,6,6,4,0;1;4;6;7;8,False,False,,0;4;6;7;8,1,8.0,17.0,334.0,51.0,5.0,False,1.0,8.0,8.0,False
20,10,_original_nint128_seed4,6,6,4,0;1;5;6;7;8,False,False,,0;5;6;7;8,1,8.0,14.0,256.0,55.0,5.0,False,1.0,8.0,8.0,False
20,10,_original_nint128_seed4,6,6,4,0;1;6;7;8;9,False,False,,0;6;7;8;9,1,9.0,17.0,342.0,49.0,5.0,False,1.0,9.0,9.0,False
20,10,_original_nint128_seed4,6,6,4,1;2;3;4;5;6,False,False,,1;2;3;5;6,4,9.0,20.0,496.0,44.0,5.0,False,1.0,9.0,9.0,False
20,10,_original_nint128_seed4,6,6,4,1;3;4;5;6;8,False,False,,1;3;5;6;8,4,9.0,19.0,452.0,48.0,5.0,False,1.0,9.0,9.0,False
20,10,_original_nint128_seed4,6,6,4,1;3;4;5;6;9,False,False,,1;3;4;5;6,9,13.0,28.0,518.0,40.0,5.0,False,1.0,13.0,13.0,False
20,10,_original_nint128_seed4,6,6,4,0;1;2;4;7;8,True,False,,0;2;4;7;8,1,8.0,16.0,444.0,52.0,5.0,False,1.0,8.0,8.0,False
20,10,_original_nint128_seed4,6,6,4,0;1;4;7;8;9,False,False,,0;4;7;8;9,1,10.0,18.0,468.0,47.0,5.0,False,1.0,10.0,10.0,False
20,10,_original_nint128_seed4,6,6,4,0;2;4;5;6;7,True,False,,0;2;5;6;7,4,9.0,18.0,374.0,48.0,5.0,False,1.0,9.0,9.0,False
20,10,_original_nint128_seed4,6,6,4,1;3;4;6;7;9,False,False,,1;3;4;6;7,9,13.0,29.0,602.0,35.0,5.0,False,1.0,13.0,13.0,False
20,10,_original_nint128_seed4,6,6,4,3;4;6;7;8;9,False,False,,4;6;7;8;9,3,12.0,26.0,606.0,42.0,5.0,False,1.0,12.0,12.0,False
20,10,_original_nint128_seed4,6,6,4,0;1;2;3;4;5,False,False,,0;1;2;3;5,4,10.0,20.0,425.0,51.0,5.0,False,1.0,10.0,10.0,False
20,10,_original_nint128_seed4,6,6,4,0;1;2;3;4;6,False,False,,0;1;2;3;6,4,11.0,23.0,380.0,47.0,5.0,False,1.0,11.0,11.0,False
20,10,_original_nint128_seed4,6,6,4,0;1;2;3;4;8,False,False,,0;2;3;4;8,1,9.0,19.0,444.0,53.0,5.0,False,1.0,9.0,9.0,False
20,10,_original_nint128_seed4,6,6,4,0;1;3;4;8;9,False,False,,0;3;4;8;9,1,11.0,20.0,468.0,48.0,5.0,False,1.0,11.0,11.0,False
20,10,_original_nint128_seed4,6,6,4,0;3;4;5;8;9,False,False,,0;3;5;8;9,4,9.0,16.0,460.0,51.0,5.0,False,1.0,9.0,9.0,False
20,10,_original_nint128_seed4,6,6,4,0;3;4;6;8;9,False,False,,0;3;6;8;9,4,10.0,18.0,414.0,48.0,5.0,False,1.0,10.0,10.0,False
20,10,_original_nint128_seed4,6,6,4,0;1;5;6;8;9,False,False,,0;5;6;8;9,1,9.0,17.0,258.0,54.0,5.0,False,1.0,9.0,9.0,False
20,10,_original_nint128_seed4,6,6,4,0;5;6;7;8;9,False,False,,0;5;6;7;8,9,7.0,12.0,336.0,51.0,5.0,False,1.0,7.0,7.0,False
20,10,_original_nint128_seed4,6,6,4,2;3;4;5;7;8,False,False,,2;3;5;7;8,4,8.0,19.0,632.0,48.0,5.0,False,1.0,8.0,8.0,False
20,10,_original_nint128_seed4,6,6,4,0;2;3;4;5;6,False,False,,0;2;3;5;6,4,9.0,17.0,374.0,49.0,5.0,False,1.0,9.0,9.0,False
20,10,_original_nint128_seed4,6,6,4,0;1;2;4;5;8,False,False,,0;1;2;5;8,4,8.0,17.0,360.0,57.0,5.0,False,1.0,8.0,8.0,False
20,10,_original_nint128_seed4,6,6,4,1;4;5;6;8;9,False,False,,1;4;5;6;8,9,10.0,22.0,454.0,46.0,5.0,False,1.0,10.0,10.0,False
20,10,_original_nint128_seed4,6,6,4,1;2;4;5;6;7,False,False,,1;2;5;6;7,4,10.0,22.0,496.0,43.0,5.0,False,1.0,10.0,10.0,False
20,10,_original_nint128_seed4,6,6,4,1;2;4;5;6;8,False,False,,1;2;5;6;8,4,8.0,16.0,432.0,50.0,5.0,False,1.0,8.0,8.0,False
20,10,_original_nint128_seed4,6,6,4,0;4;5;7;8;9,False,False,,0;5;7;8;9,4,9.0,16.0,460.0,50.0,5.0,False,1.0,9.0,9.0,False
20,10,_original_nint128_seed4,6,6,4,0;4;6;7;8;9,False,False,,0;6;7;8;9,4,9.0,16.0,414.0,47.0,5.0,False,1.0,9.0,9.0,False
20,10,_original_nint128_seed4,6,6,4,0;1;4;5;8;9,False,False,,0;1;5;8;9,4,10.0,21.0,382.0,53.0,5.0,False,1.0,10.0,10.0,False
20,10,_original_nint128_seed4,6,6,4,1;3;4;5;8;9,False,False,,1;3;4;5;8,9,11.0,23.0,584.0,45.0,5.0,False,1.0,11.0,11.0,False
20,10,_original_nint128_seed4,6,6,4,1;4;5;7;8;9,False,False,,1;4;5;7;8,9,10.0,21.0,584.0,44.0,5.0,False,1.0,10.0,10.0,False
20,10,_original_nint128_seed4,6,6,4,0;1;2;3;5;6,False,False,,0;2;3;5;6,1,9.0,16.0,302.0,51.0,5.0,False,1.0,9.0,9.0,False
20,10,_original_nint128_seed4,6,6,4,0;1;3;5;6;8,False,False,,0;3;5;6;8,1,8.0,14.0,256.0,56.0,5.0,False,1.0,8.0,8.0,False
20,10,_original_nint128_seed4,6,6,4,0;1;3;5;6;9,False,False,,0;1;3;5;6,9,11.0,21.0,324.0,47.0,5.0,False,1.0,11.0,11.0,False
20,10,_original_nint128_seed4,6,6,4,1;2;3;5;7;8,False,False,,1;2;5;7;8,3,8.0,16.0,567.0,49.0,5.0,False,1.0,8.0,8.0,False
20,10,_original_nint128_seed4,6,6,4,1;3;5;6;7;8,False,False,,1;3;5;6;8,7,9.0,18.0,457.0,48.0,5.0,False,1.0,9.0,9.0,False
20,10,_original_nint128_seed4,6,6,4,1;3;5;7;8;9,False,False,,1;3;5;7;8,9,11.0,22.0,589.0,45.0,5.0,False,1.0,11.0,11.0,False
20,10,_original_nint128_seed4,6,6,4,0;1;3;4;6;8,False,False,,0;3;4;6;8,1,10.0,21.0,334.0,52.0,5.0,False,1.0,10.0,10.0,False
20,10,_original_nint128_seed4,6,6,4,0;1;3;6;8;9,False,False,,0;3;6;8;9,1,10.0,19.0,342.0,50.0,5.0,False,1.0,10.0,10.0,False
20,10,_original_nint128_seed4,6,6,4,0;1;2;3;5;8,False,False,,0;2;3;5;8,1,7.0,12.0,366.0,57.0,5.0,False,1.0,7.0,7.0,False
20,10,_original_nint128_seed4,6,6,4,0;1;2;5;6;7,True,False,,0;2;5;6;7,1,9.0,17.0,302.0,50.0,5.0,False,1.0,9.0,9.0,False
20,10,_original_nint128_seed4,6,6,4,1;2;3;5;6;7,False,False,,1;2;3;5;6,7,9.0,21.0,501.0,44.0,5.0,False,1.0,9.0,9.0,False
20,10,_original_nint128_seed4,6,6,4,1;2;5;6;7;8,True,False,,1;2;5;7;8,6,8.0,15.0,437.0,50.0,5.0,False,1.0,8.0,8.0,False
20,10,_original_nint128_seed4,6,6,4,1;5;6;7;8;9,False,False,,1;5;6;7;8,9,10.0,20.0,459.0,46.0,5.0,False,1.0,10.0,10.0,False
20,10,_original_nint128_seed4,6,6,4,3;4;5;7;8;9,False,False,,3;4;5;7;8,9,11.0,25.0,654.0,44.0,5.0,False,1.0,11.0,11.0,False
20,10,_original_nint128_seed4,6,6,4,0;1;3;4;6;9,False,False,,0;1;3;4;6,9,13.0,24.0,404.0,42.0,5.0,False,1.0,13.0,13.0,False
20,10,_original_nint128_seed4,6,6,4,1;2;3;5;6;8,False,False,,1;2;3;5;8,6,8.0,16.0,437.0,51.0,5.0,False,1.0,8.0,8.0,False
20,10,_original_nint128_seed4,6,6,4,0;1;4;6;7;9,False,False,,0;1;4;6;7,9,10.0,22.0,404.0,41.0,5.0,False,1.0,10.0,10.0,False
20,10,_original_nint128_seed4,6,6,4,0;1;5;6;7;9,False,False,,0;1;5;6;7,9,11.0,22.0,324.0,46.0,5.0,False,1.0,11.0,11.0,False
20,10,_original_nint128_seed4,6,6,4,0;1;5;7;8;9,False,False,,0;5;7;8;9,1,9.0,16.0,388.0,52.0,5.0,False,1.0,9.0,9.0,False
20,10,_original_nint128_seed4,6,6,4,0;1;2;5;7;8,True,False,,0;2;5;7;8,1,7.0,12.0,366.0,56.0,5.0,False,1.0,7.0,7.0,False
20,10,_original_nint128_seed4,6,6,4,0;1;3;5;8;9,False,False,,0;3;5;8;9,1,9.0,16.0,388.0,53.0,5.0,False,1.0,9.0,9.0,False
20,10,_original_nint128_seed4,6,6,4,1;2;3;4;5;8,False,False,,1;2;3;5;8,4,8.0,18.0,562.0,49.0,5.0,False,1.0,8.0,8.0,False
20,10,_original_nint128_seed4,6,6,4,1;2;4;5;7;8,False,False,,1;2;5;7;8,4,8.0,16.0,562.0,48.0,5.0,False,1.0,8.0,8.0,False
20,10,_original_nint128_seed4,6,6,4,1;2;3;4;5;7,False,False,,1;2;3;5;7,4,9.0,22.0,625.0,43.0,5.0,False,1.0,9.0,9.0,False
20,10,_original_nint128_seed4,6,6,4,1;3;4;5;7;9,False,False,,1;3;4;5;7,9,13.0,30.0,647.0,39.0,5.0,False,1.0,13.0,13.0,False
20,10,_original_nint128_seed4,6,6,4,0;1;4;6;8;9,False,False,,0;4;6;8;9,1,9.0,19.0,338.0,49.0,5.0,False,1.0,9.0,9.0,False
20,10,_original_nint128_seed4,6,6,4,0;1;3;4;5;8,False,False,,0;1;3;5;8,4,9.0,18.0,380.0,55.0,5.0,False,1.0,9.0,9.0,False
20,10,_original_nint128_seed4,6,6,4,0;2;3;4;5;8,False,False,,0;2;3;5;8,4,7.0,12.0,438.0,55.0,5.0,False,1.0,7.0,7.0,False
20,10,_original_nint128_seed4,6,6,4,0;3;4;5;6;8,False,False,,0;3;5;6;8,4,8.0,14.0,328.0,54.0,5.0,False,1.0,8.0,8.0,False
20,10,_original_nint128_seed4,6,6,4,1;4;6;7;8;9,False,False,,1;4;6;7;8,9,9.0,21.0,538.0,41.0,5.0,False,1.0,9.0,9.0,False
20,10,_original_nint128_seed4,6,6,4,1;4;5;6;7;9,False,False,,1;4;5;6;7,9,12.0,27.0,518.0,39.0,5.0,False,1.0,12.0,12.0,False
20,10,_original_nint128_seed4,6,6,4,0;1;3;4;5;9,False,False,,0;1;3;4;5,9,13.0,26.0,447.0,47.0,5.0,False,1.0,13.0,13.0,False
20,10,_original_nint128_seed4,6,6,4,1;3;6;7;8;9,False,False,,1;6;7;8;9,3,11.0,24.0,541.0,43.0,5.0,False,1.0,11.0,11.0,False
20,10,_original_nint128_seed4,6,6,4,0;1;2;4;6;7,True,False,,0;1;2;4;7,6,9.0,20.0,380.0,46.0,5.0,False,1.0,9.0,9.0,False
20,10,_original_nint128_seed4,6,6,4,1;3;4;6;8;9,False,False,,1;3;4;6;8,9,11.0,24.0,538.0,42.0,5.0,False,1.0,11.0,11.0,False
20,10,_original_nint128_seed4,6,6,4,1;2;3;4;6;7,False,False,,1;2;4;6;7,3,10.0,24.0,578.0,40.0,5.0,False,1.0,10.0,10.0,False
20,10,_original_nint128_seed4,6,6,4,1;2;3;4;6;8,False,False,,1;2;4;6;8,3,9.0,22.0,514.0,47.0,5.0,False,1.0,9.0,9.0,False
20,10,_original_nint128_seed4,6,6,4,2;3;4;5;6;8,False,False,,2;3;5;6;8,4,8.0,19.0,502.0,50.0,5.0,False,1.0,8.0,8.0,False
20,10,_original_nint128_seed4,6,6,4,1;2;4;6;7;8,True,False,,1;2;4;7;8,6,8.0,18.0,514.0,46.0,5.0,False,1.0,8.0,8.0,False
20,10,_original_nint128_seed4,6,6,4,0;2;4;5;7;8,True,False,,0;2;5;7;8,4,7.0,12.0,438.0,54.0,5.0,False,1.0,7.0,7.0,False
20,10,_original_nint128_seed4,6,6,4,1;3;5;6;7;9,False,False,,1;3;5;6;7,9,13.0,28.0,523.0,40.0,5.0,False,1.0,13.0,13.0,False
20,10,_original_nint128_seed4,7,7,3,0;4;5;6;7;8;9,True,False,,0;5;6;7;8;9,4,6.0,10.0,272.0,58.0,5.0,False,1.0,6.0,6.0,False
20,10,_original_nint128_seed4,7,7,3,0;1;4;6;7;8;9,True,False,,0;4;6;7;8;9,1,5.0,10.0,280.0,55.0,5.0,False,1.0,5.0,5.0,True
20,10,_original_nint128_seed4,7,7,3,0;1;3;4;5;8;9,True,False,,0;1;3;5;8;9,4,7.0,14.0,324.0,60.0,5.0,False,1.0,7.0,7.0,False
20,10,_original_nint128_seed4,7,7,3,1;3;4;5;6;8;9,True,False,,1;3;4;5;6;8,9,7.0,15.0,396.0,53.0,5.0,False,1.0,7.0,7.0,False
20,10,_original_nint128_seed4,7,7,3,1;3;4;5;7;8;9,True,False,,1;3;4;5;7;8,9,7.0,15.0,526.0,51.0,5.0,False,1.0,7.0,7.0,False
20,10,_original_nint128_seed4,7,7,3,0;1;2;3;4;5;6,True,False,,0;1;2;3;5;6,4,6.0,11.0,238.0,58.0,5.0,False,1.0,6.0,6.0,False
20,10,_original_nint128_seed4,7,7,3,1;2;3;4;5;6;7,True,False,,1;2;3;4;5;6,7,6.0,14.0,438.0,50.0,5.0,False,1.0,6.0,6.0,False
20,10,_original_nint128_seed4,7,7,3,1;2;3;4;5;6;8,True,False,,1;2;3;5;6;8,4,5.0,9.0,374.0,57.0,5.0,False,1.0,5.0,5.0,True
20,10,_original_nint128_seed4,7,7,3,1;2;3;4;5;7;8,True,False,,1;2;3;5;7;8,4,5.0,10.0,504.0,55.0,5.0,False,1.0,5.0,5.0,True
20,10,_original_nint128_seed4,7,7,3,0;1;3;4;6;8;9,True,False,,0;3;4;6;8;9,1,7.0,14.0,280.0,56.0,5.0,False,1.0,7.0,7.0,False
20,10,_original_nint128_seed4,7,7,3,0;3;4;5;6;8;9,True,False,,0;3;5;6;8;9,4,6.0,10.0,272.0,59.0,5.0,False,1.0,6.0,6.0,False
20,10,_original_nint128_seed4,7,7,3,0;1;3;4;5;6;9,True,False,,0;1;3;4;5;6,9,8.0,17.0,260.0,54.0,5.0,False,1.0,8.0,8.0,False
20,10,_original_nint128_seed4,7,7,3,0;1;2;3;4;5;8,True,False,,0;1;2;3;5;8,4,5.0,10.0,302.0,64.0,5.0,False,1.0,5.0,5.0,True
20,10,_original_nint128_seed4,7,7,3,1;3;4;6;7;8;9,True,False,,1;4;6;7;8;9,3,7.0,16.0,480.0,48.0,5.0,False,1.0,7.0,7.0,False
20,10,_original_nint128_seed4,7,7,3,0;1;3;4;5;6;8,True,False,,0;1;3;5;6;8,4,6.0,12.0,192.0,63.0,5.0,False,1.0,6.0,6.0,False
20,10,_original_nint128_seed4,7,7,3,0;1;4;5;6;8;9,True,False,,0;1;4;5;6;8,9,6.0,13.0,194.0,61.0,5.0,False,1.0,6.0,6.0,False
20,10,_original_nint128_seed4,7,7,3,3;4;5;6;7;8;9,True,False,,3;4;5;6;7;8,9,7.0,17.0,466.0,52.0,5.0,False,1.0,7.0,7.0,False
20,10,_original_nint128_seed4,7,7,3,1;3;4;5;6;7;9,True,False,,1;3;4;5;6;7,9,8.0,19.0,460.0,46.0,5.0,False,1.0,8.0,8.0,False
20,10,_original_nint128_seed4,7,7,3,1;3;4;5;6;7;8,True,False,,1;4;5;6;7;8,3,6.0,12.0,394.0,54.0,5.0,False,1.0,6.0,6.0,False
20,10,_original_nint128_seed4,7,7,3,0;1;3;5;6;8;9,True,False,,0;3;5;6;8;9,1,6.0,10.0,200.0,61.0,5.0,False,1.0,6.0,6.0,False
20,10,_original_nint128_seed4,7,7,3,1;3;5;6;7;8;9,True,False,,1;3;5;6;7;8,9,7.0,14.0,401.0,53.0,5.0,False,1.0,7.0,7.0,False
20,10,_original_nint128_seed4,7,7,3,0;1;5;6;7;8;9,True,False,,0;5;6;7;8;9,1,6.0,10.0,200.0,60.0,5.0,False,1.0,6.0,6.0,False
20,10,_original_nint128_seed4,2,2,8,2;9,False,True,collision,2,9,,,,,,True,,,,
20,10,_original_nint128_seed4,3,3,7,2;8;9,False,True,monotone,2;8,9,,,,,,True,,,,
20,10,_original_nint128_seed4,3,3,7,2;3;9,False,True,monotone,2;3,9,,,,,,True,,,,
20,10,_original_nint128_seed4,3,3,7,2;6;9,False,True,monotone,2;6,9,,,,,,True,,,,
20,10,_original_nint128_seed4,3,3,7,2;7;9,False,True,monotone,7;9,2,,,,,,True,,,,
20,10,_original_nint128_seed4,3,3,7,2;4;9,False,True,monotone,4;9,2,,,,,,True,,,,
20,10,_original_nint128_seed4,3,3,7,2;5;9,False,True,monotone,5;9,2,,,,,,True,,,,
20,10,_original_nint128_seed4,3,3,7,0;3;7,False,True,collision,0;3,7,,,,,,True,,,,
20,10,_original_nint128_seed4,3,3,7,0;2;9,False,True,monotone,0;2,9,,,,,,True,,,,
20,10,_original_nint128_seed4,3,3,7,1;2;9,False,True,monotone,1;9,2,,,,,,True,,,,
20,10,_original_nint128_seed4,4,4,6,0;1;3;7,False,True,monotone,0;1;7,3,,,,,,True,,,,
20,10,_original_nint128_seed4,4,4,6,2;7;8;9,False,True,monotone,2;7;8,9,,,,,,True,,,,
20,10,_original_nint128_seed4,4,4,6,2;4;7;9,False,True,monotone,4;7;9,2,,,,,,True,,,,
20,10,_original_nint128_seed4,4,4,6,0;2;4;9,False,True,monotone,0;2;4,9,,,,,,True,,,,
20,10,_original_nint128_seed4,4,4,6,2;3;5;9,False,True,monotone,3;5;9,2,,,,,,True,,,,
20,10,_original_nint128_seed4,4,4,6,2;4;8;9,False,True,monotone,2;4;8,9,,,,,,True,,,,
20,10,_original_nint128_seed4,4,4,6,0;2;6;9,False,True,monotone,0;6;9,2,,,,,,True,,,,
20,10,_original_nint128_seed4,4,4,6,0;1;2;9,False,True,monotone,0;1;9,2,,,,,,True,,,,
20,10,_original_nint128_seed4,4,4,6,2;6;7;9,False,True,monotone,2;6;7,9,,,,,,True,,,,
20,10,_original_nint128_seed4,4,4,6,2;5;7;9,False,True,monotone,5;7;9,2,,,,,,True,,,,
20,10,_original_nint128_seed4,4,4,6,1;2;3;9,False,True,monotone,1;3;9,2,,,,,,True,,,,
20,10,_original_nint128_seed4,4,4,6,2;3;8;9,False,True,monotone,2;3;8,9,,,,,,True,,,,
20,10,_original_nint128_seed4,4,4,6,0;3;6;7,False,True,monotone,0;6;7,3,,,,,,True,,,,
20,10,_original_nint128_seed4,4,4,6,2;3;4;9,False,True,monotone,2;3;4,9,,,,,,True,,,,
20,10,_original_nint128_seed4,4,4,6,2;4;6;9,False,True,monotone,4;6;9,2,,,,,,True,,,,
20,10,_original_nint128_seed4,4,4,6,0;3;5;7,False,True,monotone,0;3;5,7,,,,,,True,,,,
20,10,_original_nint128_seed4,4,4,6,0;2;3;7,False,True,monotone,0;2;3,7,,,,,,True,,,,
20,10,_original_nint128_seed4,4,4,6,0;2;3;9,False,True,monotone,0;2;3,9,,,,,,True,,,,
20,10,_original_nint128_seed4,4,4,6,1;2;7;9,False,True,monotone,1;2;7,9,,,,,,True,,,,
20,10,_original_nint128_seed4,4,4,6,2;5;6;9,False,True,monotone,5;6;9,2,,,,,,True,,,,
20,10,_original_nint128_seed4,4,4,6,1;2;8;9,False,True,monotone,1;8;9,2,,,,,,True,,,,
20,10,_original_nint128_seed4,4,4,6,1;2;5;9,False,True,monotone,1;5;9,2,,,,,,True,,,,
20,10,_original_nint128_seed4,4,4,6,2;6;8;9,False,True,monotone,6;8;9,2,,,,,,True,,,,
20,10,_original_nint128_seed4,4,4,6,2;5;8;9,False,True,monotone,2;5;8,9,,,,,,True,,,,
20,10,_original_nint128_seed4,4,4,6,1;2;6;9,False,True,monotone,1;2;6,9,,,,,,True,,,,
20,10,_original_nint128_seed4,4,4,6,0;3;4;7,False,True,monotone,0;3;4,7,,,,,,True,,,,
20,10,_original_nint128_seed4,4,4,6,1;2;4;9,False,True,monotone,1;4;9,2,,,,,,True,,,,
20,10,_original_nint128_seed4,4,4,6,2;4;5;9,False,True,monotone,2;4;5,9,,,,,,True,,,,
20,10,_original_nint128_seed4,4,4,6,0;3;7;8,False,True,monotone,0;3;8,7,,,,,,True,,,,
20,10,_original_nint128_seed4,4,4,6,0;2;5;9,False,True,monotone,0;2;5,9,,,,,,True,,,,
20,10,_original_nint128_seed4,4,4,6,2;3;6;9,False,True,monotone,3;6;9,2,,,,,,True,,,,
20,10,_original_nint128_seed4,4,4,6,0;2;8;9,False,True,monotone,0;8;9,2,,,,,,True,,,,
20,10,_original_nint128_seed4,4,4,6,2;3;7;9,False,True,monotone,2;3;7,9,,,,,,True,,,,
20,10,_original_nint128_seed4,4,4,6,0;2;6;8,False,True,collision,2;6;8,0,,,,,,True,,,,
20,10,_original_nint128_seed4,4,4,6,0;3;7;9,False,True,monotone,0;3;9,7,,,,,,True,,,,
20,10,_original_nint128_seed4,4,4,6,0;2;7;9,False,True,monotone,0;2;7,9,,,,,,True,,,,
20,10,_original_nint128_seed4,5,5,5,0;2;5;6;8,False,True,monotone,2;5;6;8,0,,,,,,True,,,,
20,10,_original_nint128_seed4,5,5,5,2;5;6;8;9,False,True,monotone,2;5;6;8,9,,,,,,True,,,,
20,10,_original_nint128_seed4,5,5,5,1;2;3;8;9,False,True,monotone,1;2;3;8,9,,,,,,True,,,,
20,10,_original_nint128_seed4,5,5,5,2;3;5;6;9,False,True,monotone,2;3;5;6,9,,,,,,True,,,,
20,10,_original_nint128_seed4,5,5,5,0;2;3;7;8,False,True,monotone,0;2;7;8,3,,,,,,True,,,,
20,10,_original_nint128_seed4,5,5,5,0;2;6;7;8,False,True,monotone,0;2;7;8,6,,,,,,True,,,,
20,10,_original_nint128_seed4,5,5,5,0;2;7;8;9,False,True,monotone,0;2;7;8,9,,,,,,True,,,,
20,10,_original_nint128_seed4,5,5,5,0;3;4;7;8,False,True,monotone,3;4;7;8,0,,,,,,True,,,,
20,10,_original_nint128_seed4,5,5,5,0;3;4;6;7,False,True,monotone,0;3;4;6,7,,,,,,True,,,,
20,10,_original_nint128_seed4,5,5,5,0;2;3;4;7,False,True,monotone,0;2;3;4,7,,,,,,True,,,,
20,10,_original_nint128_seed4,5,5,5,0;2;3;4;9,False,True,monotone,0;2;3;4,9,,,,,,True,,,,
20,10,_original_nint128_seed4,5,5,5,2;4;7;8;9,False,True,monotone,4;7;8;9,2,,,,,,True,,,,
20,10,_original_nint128_seed4,5,5,5,0;2;5;6;9,False,True,monotone,0;2;5;6,9,,,,,,True,,,,
20,10,_original_nint128_seed4,5,5,5,0;1;2;6;8,False,True,monotone,0;1;2;8,6,,,,,,True,,,,
20,10,_original_nint128_seed4,5,5,5,0;1;2;8;9,False,True,monotone,0;1;2;8,9,,,,,,True,,,,
20,10,_original_nint128_seed4,5,5,5,0;3;4;7;9,False,True,monotone,3;4;7;9,0,,,,,,True,,,,
20,10,_original_nint128_seed4,5,5,5,2;3;4;7;9,False,True,monotone,3;4;7;9,2,,,,,,True,,,,
20,10,_original_nint128_seed4,5,5,5,2;3;6;7;8,False,True,collision,2;3;7;8,6,,,,,,True,,,,
20,10,_original_nint128_seed4,5,5,5,2;3;7;8;9,False,True,monotone,2;3;7;8,9,,,,,,True,,,,
20,10,_original_nint128_seed4,5,5,5,0;1;2;4;9,False,True,monotone,0;1;4;9,2,,,,,,True,,,,
20,10,_original_nint128_seed4,5,5,5,1;2;4;8;9,False,True,monotone,1;2;4;8,9,,,,,,True,,,,
20,10,_original_nint128_seed4,5,5,5,2;4;5;6;9,False,True,monotone,2;4;5;6,9,,,,,,True,,,,
20,10,_original_nint128_seed4,5,5,5,0;2;4;7;9,False,True,monotone,0;2;4;7,9,,,,,,True,,,,
20,10,_original_nint128_seed4,5,5,5,0;2;4;6;8,False,True,monotone,2;4;6;8,0,,,,,,True,,,,
20,10,_original_nint128_seed4,5,5,5,2;4;6;8;9,False,True,monotone,2;4;6;8,9,,,,,,True,,,,
20,10,_original_nint128_seed4,5,5,5,1;2;4;5;9,False,True,monotone,1;2;4;5,9,,,,,,True,,,,
20,10,_original_nint128_seed4,5,5,5,0;1;3;5;7,False,True,monotone,0;1;3;5,7,,,,,,True,,,,
20,10,_original_nint128_seed4,5,5,5,0;2;3;6;8,False,True,monotone,0;3;6;8,2,,,,,,True,,,,
20,10,_original_nint128_seed4,5,5,5,0;3;6;7;8,False,True,monotone,0;3;6;8,7,,,,,,True,,,,
20,10,_original_nint128_seed4,5,5,5,0;2;3;8;9,False,True,monotone,0;2;3;8,9,,,,,,True,,,,
20,10,_original_nint128_seed4,5,5,5,1;2;7;8;9,False,True,monotone,1;2;7;8,9,,,,,,True,,,,
20,10,_original_nint128_seed4,5,5,5,2;5;6;7;9,False,True,monotone,2;5;6;7,9,,,,,,True,,,,
20,10,_original_nint128_seed4,5,5,5,1;2;5;6;9,False,True,monotone,1;5;6;9,2,,,,,,True,,,,
20,10,_original_nint128_seed4,5,5,5,0;2;3;5;7,False,True,monotone,0;2;5;7,3,,,,,,True,,,,
20,10,_original_nint128_seed4,5,5,5,0;2;5;7;9,False,True,monotone,0;2;5;7,9,,,,,,True,,,,
20,10,_original_nint128_seed4,5,5,5,0;2;6;7;9,False,True,monotone,0;6;7;9,2,,,,,,True,,,,
20,10,_original_nint128_seed4,5,5,5,0;3;6;7;9,False,True,monotone,0;6;7;9,3,,,,,,True,,,,
20,10,_original_nint128_seed4,5,5,5,2;3;6;8;9,False,True,monotone,2;3;6;8,9,,,,,,True,,,,
20,10,_original_nint128_seed4,5,5,5,1;2;3;5;9,False,True,monotone,1;2;3;5,9,,,,,,True,,,,
20,10,_original_nint128_seed4,5,5,5,1;2;5;8;9,False,True,monotone,1;2;5;8,9,,,,,,True,,,,
20,10,_original_nint128_seed4,5,5,5,0;1;4;5;7,False,True,collision,0;4;5;7,1,,,,,,True,,,,
20,10,_original_nint128_seed4,5,5,5,0;3;4;5;7,False,True,monotone,0;4;5;7,3,,,,,,True,,,,
20,10,_original_nint128_seed4,5,5,5,1;2;4;7;9,False,True,monotone,1;2;4;7,9,,,,,,True,,,,
20,10,_original_nint128_seed4,5,5,5,0;2;3;6;7,False,True,monotone,0;2;3;6,7,,,,,,True,,,,
20,10,_original_nint128_seed4,5,5,5,0;2;3;6;9,False,True,monotone,0;2;3;6,9,,,,,,True,,,,
20,10,_original_nint128_seed4,5,5,5,2;5;7;8;9,False,True,monotone,2;5;7;8,9,,,,,,True,,,,
20,10,_original_nint128_seed4,5,5,5,1;2;6;7;9,False,True,monotone,1;2;6;7,9,,,,,,True,,,,
20,10,_original_nint128_seed4,5,5,5,2;3;4;6;9,False,True,monotone,2;3;4;6,9,,,,,,True,,,,
20,10,_original_nint128_seed4,5,5,5,2;3;4;5;9,False,True,monotone,3;4;5;9,2,,,,,,True,,,,
20,10,_original_nint128_seed4,5,5,5,0;3;7;8;9,False,True,monotone,0;7;8;9,3,,,,,,True,,,,
20,10,_original_nint128_seed4,5,5,5,0;1;3;7;8,False,True,monotone,0;1;3;8,7,,,,,,True,,,,
20,10,_original_nint128_seed4,5,5,5,0;3;5;6;7,False,True,monotone,0;3;5;6,7,,,,,,True,,,,
20,10,_original_nint128_seed4,5,5,5,0;1;3;6;7,False,True,monotone,0;1;6;7,3,,,,,,True,,,,
20,10,_original_nint128_seed4,5,5,5,0;3;5;7;8,False,True,monotone,0;5;7;8,3,,,,,,True,,,,
20,10,_original_nint128_seed4,5,5,5,0;2;4;8;9,False,True,monotone,0;4;8;9,2,,,,,,True,,,,
20,10,_original_nint128_seed4,5,5,5,2;4;5;7;9,False,True,monotone,2;4;5;7,9,,,,,,True,,,,
20,10,_original_nint128_seed4,5,5,5,2;3;5;8;9,False,True,monotone,3;5;8;9,2,,,,,,True,,,,
20,10,_original_nint128_seed4,5,5,5,1;2;3;6;9,False,True,monotone,1;3;6;9,2,,,,,,True,,,,
20,10,_original_nint128_seed4,5,5,5,1;2;3;4;9,False,True,monotone,1;3;4;9,2,,,,,,True,,,,
20,10,_original_nint128_seed4,5,5,5,0;1;3;4;7,False,True,monotone,0;1;3;4,7,,,,,,True,,,,
20,10,_original_nint128_seed4,5,5,5,0;1;2;3;7,False,True,monotone,0;1;2;3,7,,,,,,True,,,,
20,10,_original_nint128_seed4,5,5,5,0;1;2;3;9,False,True,monotone,0;1;2;3,9,,,,,,True,,,,
20,10,_original_nint128_seed4,5,5,5,2;3;6;7;9,False,True,monotone,3;6;7;9,2,,,,,,True,,,,
20,10,_original_nint128_seed4,5,5,5,0;1;3;7;9,False,True,monotone,1;3;7;9,0,,,,,,True,,,,
20,10,_original_nint128_seed4,5,5,5,1;2;3;7;9,False,True,monotone,1;3;7;9,2,,,,,,True,,,,
20,10,_original_nint128_seed4,5,5,5,2;4;6;7;9,False,True,monotone,2;4;6;7,9,,,,,,True,,,,
20,10,_original_nint128_seed4,5,5,5,0;2;3;5;9,False,True,monotone,0;3;5;9,2,,,,,,True,,,,
20,10,_original_nint128_seed4,5,5,5,0;3;5;7;9,False,True,monotone,0;3;5;9,7,,,,,,True,,,,
20,10,_original_nint128_seed4,5,5,5,1;2;6;8;9,False,True,monotone,1;2;6;8,9,,,,,,True,,,,
20,10,_original_nint128_seed4,5,5,5,0;2;4;5;9,False,True,monotone,0;4;5;9,2,,,,,,True,,,,
20,10,_original_nint128_seed4,5,5,5,2;6;7;8;9,False,True,monotone,2;6;7;8,9,,,,,,True,,,,
20,10,_original_nint128_seed4,5,5,5,1;2;5;7;9,False,True,monotone,1;2;5;7,9,,,,,,True,,,,
20,10,_original_nint128_seed4,5,5,5,2;4;5;8;9,False,True,monotone,2;4;5;8,9,,,,,,True,,,,
20,10,_original_nint128_seed4,5,5,5,1;2;4;6;9,False,True,monotone,1;2;4;6,9,,,,,,True,,,,
20,10,_original_nint128_seed4,5,5,5,2;3;5;7;9,False,True,monotone,2;3;5;7,9,,,,,,True,,,,
20,10,_original_nint128_seed4,5,5,5,0;1;2;6;9,False,True,monotone,0;1;6;9,2,,,,,,True,,,,
20,10,_original_nint128_seed4,5,5,5,0;2;5;8;9,False,True,monotone,0;5;8;9,2,,,,,,True,,,,
20,10,_original_nint128_seed4,5,5,5,0;1;2;5;9,False,True,monotone,0;1;2;5,9,,,,,,True,,,,
20,10,_original_nint128_seed4,5,5,5,2;3;4;8;9,False,True,monotone,3;4;8;9,2,,,,,,True,,,,
20,10,_original_nint128_seed4,5,5,5,0;1;2;7;9,False,True,monotone,0;1;2;7,9,,,,,,True,,,,
20,10,_original_nint128_seed4,5,5,5,0;2;4;6;9,False,True,monotone,0;2;4;6,9,,,,,,True,,,,
20,10,_original_nint128_seed4,5,5,5,0;2;6;8;9,False,True,monotone,0;6;8;9,2,,,,,,True,,,,
20,10,_original_nint128_seed4,6,6,4,2;3;5;6;8;9,False,True,monotone,3;5;6;8;9,2,,,,,,True,,,,
20,10,_original_nint128_seed4,6,6,4,0;1;4;5;6;7,False,True,monotone,0;1;4;5;6,7,,,,,,True,,,,
20,10,_original_nint128_seed4,6,6,4,0;2;4;5;6;9,False,True,monotone,0;4;5;6;9,2,,,,,,True,,,,
20,10,_original_nint128_seed4,6,6,4,0;1;3;4;7;8,False,True,monotone,1;3;4;7;8,0,,,,,,True,,,,
20,10,_original_nint128_seed4,6,6,4,0;3;4;5;6;7,False,True,monotone,3;4;5;6;7,0,,,,,,True,,,,
20,10,_original_nint128_seed4,6,6,4,0;1;2;6;7;8,False,True,monotone,0;1;6;7;8,2,,,,,,True,,,,
20,10,_original_nint128_seed4,6,6,4,0;1;3;6;7;8,False,True,monotone,0;1;6;7;8,3,,,,,,True,,,,
20,10,_original_nint128_seed4,6,6,4,0;1;4;5;7;8,False,True,monotone,0;1;4;7;8,5,,,,,,True,,,,
20,10,_original_nint128_seed4,6,6,4,0;3;4;6;7;9,False,True,monotone,3;4;6;7;9,0,,,,,,True,,,,
20,10,_original_nint128_seed4,6,6,4,2;3;4;6;7;9,False,True,monotone,3;4;6;7;9,2,,,,,,True,,,,
20,10,_original_nint128_seed4,6,6,4,0;1;2;3;4;7,False,True,monotone,0;1;2;3;4,7,,,,,,True,,,,
20,10,_original_nint128_seed4,6,6,4,0;1;2;3;4;9,False,True,monotone,0;1;2;3;4,9,,,,,,True,,,,
20,10,_original_nint128_seed4,6,6,4,0;2;3;4;8;9,False,True,monotone,0;3;4;8;9,2,,,,,,True,,,,
20,10,_original_nint128_seed4,6,6,4,0;3;4;7;8;9,False,True,monotone,0;3;4;8;9,7,,,,,,True,,,,
20,10,_original_nint128_seed4,6,6,4,0;2;5;6;8;9,False,True,monotone,0;5;6;8;9,2,,,,,,True,,,,
20,10,_original_nint128_seed4,6,6,4,0;2;3;4;7;8,False,True,monotone,2;3;4;7;8,0,,,,,,True,,,,
20,10,_original_nint128_seed4,6,6,4,2;3;4;6;7;8,False,True,monotone,2;3;4;7;8,6,,,,,,True,,,,
20,10,_original_nint128_seed4,6,6,4,2;3;4;7;8;9,False,True,monotone,2;3;4;7;8,9,,,,,,True,,,,
20,10,_original_nint128_seed4,6,6,4,0;2;4;5;6;8,False,True,monotone,0;2;4;5;6,8,,,,,,True,,,,
20,10,_original_nint128_seed4,6,6,4,0;1;2;4;6;8,False,True,monotone,0;1;2;4;8,6,,,,,,True,,,,
20,10,_original_nint128_seed4,6,6,4,0;1;2;4;8;9,False,True,monotone,0;1;2;4;8,9,,,,,,True,,,,
20,10,_original_nint128_seed4,6,6,4,2;4;5;6;8;9,False,True,monotone,4;5;6;8;9,2,,,,,,True,,,,
20,10,_original_nint128_seed4,6,6,4,1;2;4;5;6;9,False,True,monotone,1;2;4;5;6,9,,,,,,True,,,,
20,10,_original_nint128_seed4,6,6,4,0;1;4;5;7;9,False,True,monotone,0;4;5;7;9,1,,,,,,True,,,,
20,10,_original_nint128_seed4,6,6,4,0;2;4;5;7;9,False,True,monotone,0;4;5;7;9,2,,,,,,True,,,,
20,10,_original_nint128_seed4,6,6,4,0;3;4;5;7;9,False,True,monotone,0;4;5;7;9,3,,,,,,True,,,,
20,10,_original_nint128_seed4,6,6,4,0;2;4;7;8;9,False,True,monotone,0;4;7;8;9,2,,,,,,True,,,,
20,10,_original_nint128_seed4,6,6,4,1;2;4;5;8;9,False,True,monotone,1;4;5;8;9,2,,,,,,True,,,,
20,10,_original_nint128_seed4,6,6,4,0;1;3;5;6;7,False,True,monotone,0;1;3;5;6,7,,,,,,True,,,,
20,10,_original_nint128_seed4,6,6,4,0;1;3;5;7;8,False,True,monotone,1;3;5;7;8,0,,,,,,True,,,,
20,10,_original_nint128_seed4,6,6,4,0;3;5;6;7;8,False,True,monotone,3;5;6;7;8,0,,,,,,True,,,,
20,10,_original_nint128_seed4,6,6,4,2;3;5;6;7;8,False,True,monotone,3;5;6;7;8,2,,,,,,True,,,,
20,10,_original_nint128_seed4,6,6,4,0;1;2;3;6;8,False,True,monotone,0;1;3;6;8,2,,,,,,True,,,,
20,10,_original_nint128_seed4,6,6,4,0;2;5;6;7;8,False,True,monotone,0;5;6;7;8,2,,,,,,True,,,,
20,10,_original_nint128_seed4,6,6,4,0;1;2;3;5;7,False,True,monotone,0;1;2;3;5,7,,,,,,True,,,,
20,10,_original_nint128_seed4,6,6,4,0;1;2;3;5;9,False,True,monotone,0;1;2;3;5,9,,,,,,True,,,,
20,10,_original_nint128_seed4,6,6,4,1;2;5;6;7;9,False,True,monotone,1;2;5;6;7,9,,,,,,True,,,,
20,10,_original_nint128_seed4,6,6,4,2;5;6;7;8;9,False,True,monotone,5;6;7;8;9,2,,,,,,True,,,,
20,10,_original_nint128_seed4,6,6,4,0;2;3;4;6;9,False,True,monotone,0;3;4;6;9,2,,,,,,True,,,,
20,10,_original_nint128_seed4,6,6,4,0;1;2;5;6;8,False,True,monotone,1;2;5;6;8,0,,,,,,True,,,,
20,10,_original_nint128_seed4,6,6,4,1;2;5;6;8;9,False,True,monotone,1;2;5;6;8,9,,,,,,True,,,,
20,10,_original_nint128_seed4,6,6,4,0;1;2;6;7;9,False,True,monotone,0;1;6;7;9,2,,,,,,True,,,,
20,10,_original_nint128_seed4,6,6,4,0;1;3;6;7;9,False,True,monotone,0;1;6;7;9,3,,,,,,True,,,,
20,10,_original_nint128_seed4,6,6,4,0;2;5;7;8;9,False,True,monotone,0;5;7;8;9,2,,,,,,True,,,,
20,10,_original_nint128_seed4,6,6,4,0;3;5;7;8;9,False,True,monotone,0;5;7;8;9,3,,,,,,True,,,,
20,10,_original_nint128_seed4,6,6,4,0;1;2;4;5;7,False,True,monotone,0;1;2;5;7,4,,,,,,True,,,,
20,10,_original_nint128_seed4,6,6,4,0;1;2;5;7;9,False,True,monotone,0;1;2;5;7,9,,,,,,True,,,,
20,10,_original_nint128_seed4,6,6,4,1;2;3;5;8;9,False,True,monotone,1;3;5;8;9,2,,,,,,True,,,,
20,10,_original_nint128_seed4,6,6,4,0;3;4;6;7;8,False,True,monotone,3;4;6;7;8,0,,,,,,True,,,,
20,10,_original_nint128_seed4,6,6,4,0;1;3;4;5;7,False,True,monotone,1;3;4;5;7,0,,,,,,True,,,,
20,10,_original_nint128_seed4,6,6,4,0;1;3;4;6;7,False,True,monotone,0;1;3;4;6,7,,,,,,True,,,,
20,10,_original_nint128_seed4,6,6,4,0;3;4;5;7;8,False,True,monotone,0;3;4;5;8,7,,,,,,True,,,,
20,10,_original_nint128_seed4,6,6,4,1;2;4;7;8;9,False,True,monotone,1;4;7;8;9,2,,,,,,True,,,,
20,10,_original_nint128_seed4,6,6,4,2;4;5;6;7;9,False,True,monotone,4;5;6;7;9,2,,,,,,True,,,,
20,10,_original_nint128_seed4,6,6,4,0;1;3;5;7;9,False,True,monotone,0;1;3;5;9,7,,,,,,True,,,,
20,10,_original_nint128_seed4,6,6,4,0;2;3;6;8;9,False,True,monotone,0;3;6;8;9,2,,,,,,True,,,,
20,10,_original_nint128_seed4,6,6,4,0;3;6;7;8;9,False,True,monotone,0;3;6;8;9,7,,,,,,True,,,,
20,10,_original_nint128_seed4,6,6,4,0;1;2;5;6;9,False,True,monotone,0;1;2;5;6,9,,,,,,True,,,,
20,10,_original_nint128_seed4,6,6,4,1;2;6;7;8;9,False,True,monotone,1;6;7;8;9,2,,,,,,True,,,,
20,10,_original_nint128_seed4,6,6,4,0;2;3;4;6;7,False,True,monotone,0;2;4;6;7,3,,,,,,True,,,,
20,10,_original_nint128_seed4,6,6,4,0;2;4;6;7;8,False,True,monotone,0;2;4;6;7,8,,,,,,True,,,,
20,10,_original_nint128_seed4,6,6,4,0;2;4;6;7;9,False,True,monotone,0;2;4;6;7,9,,,,,,True,,,,
20,10,_original_nint128_seed4,6,6,4,2;3;4;6;8;9,False,True,monotone,3;4;6;8;9,2,,,,,,True,,,,
20,10,_original_nint128_seed4,6,6,4,1;2;3;4;5;9,False,True,monotone,1;3;4;5;9,2,,,,,,True,,,,
20,10,_original_nint128_seed4,6,6,4,1;2;3;4;6;9,False,True,monotone,1;2;3;4;6,9,,,,,,True,,,,
20,10,_original_nint128_seed4,6,6,4,2;3;4;5;8;9,False,True,monotone,2;3;4;5;8,9,,,,,,True,,,,
20,10,_original_nint128_seed4,6,6,4,0;2;3;4;6;8,False,True,monotone,0;2;3;4;8,6,,,,,,True,,,,
20,10,_original_nint128_seed4,6,6,4,2;4;5;7;8;9,False,True,monotone,4;5;7;8;9,2,,,,,,True,,,,
20,10,_original_nint128_seed4,6,6,4,1;2;4;6;7;9,False,True,monotone,1;4;6;7;9,2,,,,,,True,,,,
20,10,_original_nint128_seed4,6,6,4,1;2;3;4;7;9,False,True,monotone,1;2;3;4;7,9,,,,,,True,,,,
20,10,_original_nint128_seed4,6,6,4,1;2;3;6;7;8,False,True,monotone,1;2;3;6;8,7,,,,,,True,,,,
20,10,_original_nint128_seed4,6,6,4,1;2;3;6;8;9,False,True,monotone,1;2;3;6;8,9,,,,,,True,,,,
20,10,_original_nint128_seed4,6,6,4,1;2;3;4;8;9,False,True,monotone,1;2;3;4;8,9,,,,,,True,,,,
20,10,_original_nint128_seed4,6,6,4,2;3;4;5;6;9,False,True,monotone,2;3;4;5;6,9,,,,,,True,,,,
20,10,_original_nint128_seed4,6,6,4,0;2;3;5;6;9,False,True,monotone,0;3;5;6;9,2,,,,,,True,,,,
20,10,_original_nint128_seed4,6,6,4,0;3;5;6;7;9,False,True,monotone,0;3;5;6;9,7,,,,,,True,,,,
20,10,_original_nint128_seed4,6,6,4,0;1;2;3;8;9,False,True,monotone,0;1;3;8;9,2,,,,,,True,,,,
20,10,_original_nint128_seed4,6,6,4,0;1;3;7;8;9,False,True,monotone,0;1;3;8;9,7,,,,,,True,,,,
20,10,_original_nint128_seed4,6,6,4,1;2;3;5;7;9,False,True,monotone,1;2;3;5;7,9,,,,,,True,,,,
20,10,_original_nint128_seed4,6,6,4,0;1;2;3;7;8,False,True,monotone,1;2;3;7;8,0,,,,,,True,,,,
20,10,_original_nint128_seed4,6,6,4,1;2;3;7;8;9,False,True,monotone,1;2;3;7;8,9,,,,,,True,,,,
20,10,_original_nint128_seed4,6,6,4,0;2;3;5;6;7,False,True,monotone,2;3;5;6;7,0,,,,,,True,,,,
20,10,_original_nint128_seed4,6,6,4,2;3;5;6;7;9,False,True,monotone,2;3;5;6;7,9,,,,,,True,,,,
20,10,_original_nint128_seed4,6,6,4,2;4;6;7;8;9,False,True,monotone,4;6;7;8;9,2,,,,,,True,,,,
20,10,_original_nint128_seed4,6,6,4,1;2;4;5;7;9,False,True,monotone,1;4;5;7;9,2,,,,,,True,,,,
20,10,_original_nint128_seed4,6,6,4,0;2;3;5;6;8,False,True,monotone,0;2;3;5;8,6,,,,,,True,,,,
20,10,_original_nint128_seed4,6,6,4,0;2;3;5;7;8,False,True,monotone,0;2;3;5;8,7,,,,,,True,,,,
20,10,_original_nint128_seed4,6,6,4,0;2;3;5;8;9,False,True,monotone,0;2;3;5;8,9,,,,,,True,,,,
20,10,_original_nint128_seed4,6,6,4,0;1;2;3;6;7,False,True,monotone,0;1;2;3;6,7,,,,,,True,,,,
20,10,_original_nint128_seed4,6,6,4,0;1;2;3;6;9,False,True,monotone,0;1;2;3;6,9,,,,,,True,,,,
20,10,_original_nint128_seed4,6,6,4,0;2;6;7;8;9,False,True,monotone,0;6;7;8;9,2,,,,,,True,,,,
20,10,_original_nint128_seed4,6,6,4,0;1;3;4;7;9,False,True,monotone,0;1;3;4;9,7,,,,,,True,,,,
20,10,_original_nint128_seed4,6,6,4,2;3;4;5;7;9,False,True,monotone,3;4;5;7;9,2,,,,,,True,,,,
20,10,_original_nint128_seed4,6,6,4,0;2;4;5;8;9,False,True,monotone,0;2;4;5;8,9,,,,,,True,,,,
20,10,_original_nint128_seed4,6,6,4,1;2;5;7;8;9,False,True,monotone,1;5;7;8;9,2,,,,,,True,,,,
20,10,_original_nint128_seed4,6,6,4,0;1;2;4;6;9,False,True,monotone,0;1;2;4;6,9,,,,,,True,,,,
20,10,_original_nint128_seed4,6,6,4,0;2;3;4;5;7,False,True,monotone,0;2;3;4;5,7,,,,,,True,,,,
20,10,_original_nint128_seed4,6,6,4,0;2;3;4;5;9,False,True,monotone,0;2;3;4;5,9,,,,,,True,,,,
20,10,_original_nint128_seed4,6,6,4,1;2;4;6;8;9,False,True,monotone,1;4;6;8;9,2,,,,,,True,,,,
20,10,_original_nint128_seed4,6,6,4,1;2;3;5;6;9,False,True,monotone,1;2;3;5;6,9,,,,,,True,,,,
20,10,_original_nint128_seed4,6,6,4,0;1;2;4;7;9,False,True,monotone,0;1;4;7;9,2,,,,,,True,,,,
20,10,_original_nint128_seed4,6,6,4,2;3;5;7;8;9,False,True,monotone,3;5;7;8;9,2,,,,,,True,,,,
20,10,_original_nint128_seed4,6,6,4,1;2;3;6;7;9,False,True,monotone,1;3;6;7;9,2,,,,,,True,,,,
20,10,_original_nint128_seed4,6,6,4,0;1;2;5;8;9,False,True,monotone,0;1;5;8;9,2,,,,,,True,,,,
20,10,_original_nint128_seed4,6,6,4,0;2;5;6;7;9,False,True,monotone,0;5;6;7;9,2,,,,,,True,,,,
20,10,_original_nint128_seed4,6,6,4,0;1;2;7;8;9,False,True,monotone,0;1;7;8;9,2,,,,,,True,,,,
20,10,_original_nint128_seed4,6,6,4,0;1;2;4;5;9,False,True,monotone,0;1;4;5;9,2,,,,,,True,,,,
20,10,_original_nint128_seed4,6,6,4,0;2;4;6;8;9,False,True,monotone,0;4;6;8;9,2,,,,,,True,,,,
20,10,_original_nint128_seed4,6,6,4,0;1;2;6;8;9,False,True,monotone,0;1;6;8;9,2,,,,,,True,,,,
20,10,_original_nint128_seed4,6,6,4,2;3;6;7;8;9,False,True,monotone,3;6;7;8;9,2,,,,,,True,,,,
20,10,_original_nint128_seed4,7,7,3,0;1;4;5;7;8;9,False,True,monotone,0;4;5;7;8;9,1,,,,,,True,,,,
20,10,_original_nint128_seed4,7,7,3,0;2;4;5;7;8;9,False,True,monotone,0;4;5;7;8;9,2,,,,,,True,,,,
20,10,_original_nint128_seed4,7,7,3,0;3;4;5;7;8;9,False,True,monotone,0;4;5;7;8;9,3,,,,,,True,,,,
20,10,_original_nint128_seed4,7,7,3,0;1;2;4;6;7;9,False,True,monotone,0;1;4;6;7;9,2,,,,,,True,,,,
20,10,_original_nint128_seed4,7,7,3,0;1;3;4;6;7;9,False,True,monotone,0;1;4;6;7;9,3,,,,,,True,,,,
20,10,_original_nint128_seed4,7,7,3,0;1;4;5;6;7;9,False,True,monotone,0;1;4;6;7;9,5,,,,,,True,,,,
20,10,_original_nint128_seed4,7,7,3,1;2;3;4;5;8;9,False,True,monotone,1;3;4;5;8;9,2,,,,,,True,,,,
20,10,_original_nint128_seed4,7,7,3,1;2;3;4;5;6;9,False,True,monotone,1;2;3;4;5;6,9,,,,,,True,,,,
20,10,_original_nint128_seed4,7,7,3,0;1;2;3;4;5;7,False,True,monotone,1;2;3;4;5;7,0,,,,,,True,,,,
20,10,_original_nint128_seed4,7,7,3,1;2;3;4;5;7;9,False,True,monotone,1;2;3;4;5;7,9,,,,,,True,,,,
20,10,_original_nint128_seed4,7,7,3,0;2;3;4;6;8;9,False,True,monotone,0;3;4;6;8;9,2,,,,,,True,,,,
20,10,_original_nint128_seed4,7,7,3,0;3;4;6;7;8;9,False,True,monotone,0;3;4;6;8;9,7,,,,,,True,,,,
20,10,_original_nint128_seed4,7,7,3,0;1;2;3;4;5;9,False,True,monotone,0;1;3;4;5;9,2,,,,,,True,,,,
20,10,_original_nint128_seed4,7,7,3,0;1;3;4;5;7;9,False,True,monotone,0;1;3;4;5;9,7,,,,,,True,,,,
20,10,_original_nint128_seed4,7,7,3,0;1;2;3;4;6;7,False,True,monotone,0;1;2;3;4;6,7,,,,,,True,,,,
20,10,_original_nint128_seed4,7,7,3,0;1;2;3;4;6;8,False,True,monotone,0;1;2;3;4;6,8,,,,,,True,,,,
20,10,_original_nint128_seed4,7,7,3,0;1;2;3;4;6;9,False,True,monotone,0;1;2;3;4;6,9,,,,,,True,,,,
20,10,_original_nint128_seed4,7,7,3,0;2;3;4;5;6;8,False,True,monotone,0;2;3;4;5;8,6,,,,,,True,,,,
20,10,_original_nint128_seed4,7,7,3,0;2;3;4;5;7;8,False,True,monotone,0;2;3;4;5;8,7,,,,,,True,,,,
20,10,_original_nint128_seed4,7,7,3,0;2;3;4;5;8;9,False,True,monotone,0;2;3;4;5;8,9,,,,,,True,,,,
20,10,_original_nint128_seed4,7,7,3,1;2;4;6;7;8;9,False,True,monotone,1;4;6;7;8;9,2,,,,,,True,,,,
20,10,_original_nint128_seed4,7,7,3,1;4;5;6;7;8;9,False,True,collision,1;4;6;7;8;9,5,,,,,,True,,,,
20,10,_original_nint128_seed4,7,7,3,0;1;2;4;5;6;8,False,True,monotone,0;1;4;5;6;8,2,,,,,,True,,,,
20,10,_original_nint128_seed4,7,7,3,0;1;4;5;6;7;8,False,True,monotone,0;1;4;5;6;8,7,,,,,,True,,,,
20,10,_original_nint128_seed4,7,7,3,0;1;2;4;5;6;7,False,True,monotone,0;1;2;4;6;7,5,,,,,,True,,,,
20,10,_original_nint128_seed4,7,7,3,0;1;2;4;6;7;8,False,True,monotone,0;1;2;4;6;7,8,,,,,,True,,,,
20,10,_original_nint128_seed4,7,7,3,0;1;2;4;5;7;8,False,True,monotone,0;2;4;5;7;8,1,,,,,,True,,,,
20,10,_original_nint128_seed4,7,7,3,0;2;4;5;6;7;8,False,True,monotone,0;2;4;5;7;8,6,,,,,,True,,,,
20,10,_original_nint128_seed4,7,7,3,0;1;2;3;5;6;8,False,True,monotone,1;2;3;5;6;8,0,,,,,,True,,,,
20,10,_original_nint128_seed4,7,7,3,1;2;3;5;6;7;8,False,True,monotone,1;2;3;5;6;8,7,,,,,,True,,,,
20,10,_original_nint128_seed4,7,7,3,1;2;3;5;6;8;9,False,True,monotone,1;2;3;5;6;8,9,,,,,,True,,,,
20,10,_original_nint128_seed4,7,7,3,0;1;2;3;5;7;8,False,True,monotone,1;2;3;5;7;8,0,,,,,,True,,,,
20,10,_original_nint128_seed4,7,7,3,1;2;3;5;7;8;9,False,True,monotone,1;2;3;5;7;8,9,,,,,,True,,,,
20,10,_original_nint128_seed4,7,7,3,0;1;2;4;6;8;9,False,True,monotone,0;1;4;6;8;9,2,,,,,,True,,,,
20,10,_original_nint128_seed4,7,7,3,2;3;4;6;7;8;9,False,True,monotone,3;4;6;7;8;9,2,,,,,,True,,,,
20,10,_original_nint128_seed4,7,7,3,0;1;3;5;6;7;8,False,True,monotone,0;1;3;5;6;8,7,,,,,,True,,,,
20,10,_original_nint128_seed4,7,7,3,2;3;4;5;6;8;9,False,True,monotone,3;4;5;6;8;9,2,,,,,,True,,,,
20,10,_original_nint128_seed4,7,7,3,0;2;3;4;5;6;7,False,True,monotone,0;2;4;5;6;7,3,,,,,,True,,,,
20,10,_original_nint128_seed4,7,7,3,0;2;4;5;6;7;9,False,True,monotone,0;2;4;5;6;7,9,,,,,,True,,,,
20,10,_original_nint128_seed4,7,7,3,0;1;2;3;4;7;8,False,True,monotone,0;1;2;4;7;8,3,,,,,,True,,,,
20,10,_original_nint128_seed4,7,7,3,0;1;2;4;7;8;9,False,True,monotone,0;1;2;4;7;8,9,,,,,,True,,,,
20,10,_original_nint128_seed4,7,7,3,0;1;3;5;7;8;9,False,True,monotone,1;3;5;7;8;9,0,,,,,,True,,,,
20,10,_original_nint128_seed4,7,7,3,1;2;4;5;6;7;8,False,True,collision,2;4;5;6;7;8,1,,,,,,True,,,,
20,10,_original_nint128_seed4,7,7,3,2;3;4;5;6;7;8,False,True,monotone,2;4;5;6;7;8,3,,,,,,True,,,,
20,10,_original_nint128_seed4,7,7,3,2;4;5;6;7;8;9,False,True,monotone,2;4;5;6;7;8,9,,,,,,True,,,,
20,10,_original_nint128_seed4,7,7,3,1;2;4;5;7;8;9,False,True,monotone,1;2;4;5;7;8,9,,,,,,True,,,,
20,10,_original_nint128_seed4,7,7,3,0;2;4;5;6;8;9,False,True,monotone,0;4;5;6;8;9,2,,,,,,True,,,,
20,10,_original_nint128_seed4,7,7,3,0;1;2;4;5;6;9,False,True,monotone,0;1;2;4;5;6,9,,,,,,True,,,,
20,10,_original_nint128_seed4,7,7,3,0;1;3;4;6;7;8,False,True,monotone,0;1;4;6;7;8,3,,,,,,True,,,,
20,10,_original_nint128_seed4,7,7,3,0;1;3;4;5;6;7,False,True,monotone,0;1;3;4;5;6,7,,,,,,True,,,,
20,10,_original_nint128_seed4,7,7,3,0;3;4;5;6;7;8,False,True,monotone,3;4;5;6;7;8,0,,,,,,True,,,,
20,10,_original_nint128_seed4,7,7,3,0;1;2;5;6;7;8,False,True,monotone,0;1;2;5;7;8,6,,,,,,True,,,,
20,10,_original_nint128_seed4,7,7,3,0;1;2;5;7;8;9,False,True,monotone,0;1;2;5;7;8,9,,,,,,True,,,,
20,10,_original_nint128_seed4,7,7,3,0;1;2;5;6;7;9,False,True,monotone,0;1;5;6;7;9,2,,,,,,True,,,,
20,10,_original_nint128_seed4,7,7,3,0;1;3;5;6;7;9,False,True,monotone,0;1;5;6;7;9,3,,,,,,True,,,,
20,10,_original_nint128_seed4,7,7,3,0;1;3;6;7;8;9,False,True,monotone,1;3;6;7;8;9,0,,,,,,True,,,,
20,10,_original_nint128_seed4,7,7,3,1;2;3;6;7;8;9,False,True,monotone,1;3;6;7;8;9,2,,,,,,True,,,,
20,10,_original_nint128_seed4,7,7,3,0;1;2;3;5;6;7,False,True,monotone,0;1;2;3;5;6,7,,,,,,True,,,,
20,10,_original_nint128_seed4,7,7,3,0;1;2;3;5;6;9,False,True,monotone,0;1;2;3;5;6,9,,,,,,True,,,,
20,10,_original_nint128_seed4,7,7,3,1;2;3;5;6;7;9,False,True,monotone,1;3;5;6;7;9,2,,,,,,True,,,,
20,10,_original_nint128_seed4,7,7,3,1;2;3;4;6;7;8,False,True,monotone,1;2;3;4;6;8,7,,,,,,True,,,,
20,10,_original_nint128_seed4,7,7,3,1;2;3;4;6;8;9,False,True,monotone,1;2;3;4;6;8,9,,,,,,True,,,,
20,10,_original_nint128_seed4,7,7,3,0;2;5;6;7;8;9,False,True,monotone,0;5;6;7;8;9,2,,,,,,True,,,,
20,10,_original_nint128_seed4,7,7,3,0;3;5;6;7;8;9,False,True,monotone,0;5;6;7;8;9,3,,,,,,True,,,,
20,10,_original_nint128_seed4,7,7,3,1;2;3;4;6;7;9,False,True,monotone,1;3;4;6;7;9,2,,,,,,True,,,,
20,10,_original_nint128_seed4,7,7,3,2;3;4;5;7;8;9,False,True,monotone,3;4;5;7;8;9,2,,,,,,True,,,,
20,10,_original_nint128_seed4,7,7,3,0;1;2;4;5;8;9,False,True,monotone,0;1;4;5;8;9,2,,,,,,True,,,,
20,10,_original_nint128_seed4,7,7,3,1;2;3;4;7;8;9,False,True,monotone,1;2;3;4;7;8,9,,,,,,True,,,,
20,10,_original_nint128_seed4,7,7,3,2;3;4;5;6;7;9,False,True,monotone,2;3;4;5;6;7,9,,,,,,True,,,,
20,10,_original_nint128_seed4,7,7,3,2;3;5;6;7;8;9,False,True,monotone,3;5;6;7;8;9,2,,,,,,True,,,,
20,10,_original_nint128_seed4,7,7,3,1;2;4;5;6;8;9,False,True,monotone,1;4;5;6;8;9,2,,,,,,True,,,,
20,10,_original_nint128_seed4,7,7,3,0;3;4;5;6;7;9,False,True,monotone,0;4;5;6;7;9,3,,,,,,True,,,,
20,10,_original_nint128_seed4,7,7,3,0;1;3;4;7;8;9,False,True,monotone,0;1;4;7;8;9,3,,,,,,True,,,,
20,10,_original_nint128_seed4,7,7,3,0;1;2;3;4;8;9,False,True,monotone,0;1;2;3;4;8,9,,,,,,True,,,,
20,10,_original_nint128_seed4,7,7,3,0;2;3;4;5;6;9,False,True,monotone,0;2;3;4;5;6,9,,,,,,True,,,,
20,10,_original_nint128_seed4,7,7,3,1;2;5;6;7;8;9,False,True,monotone,1;5;6;7;8;9,2,,,,,,True,,,,
20,10,_original_nint128_seed4,7,7,3,1;2;4;5;6;7;9,False,True,monotone,1;4;5;6;7;9,2,,,,,,True,,,,
20,10,_original_nint128_seed4,7,7,3,0;1;2;5;6;8;9,False,True,monotone,0;1;5;6;8;9,2,,,,,,True,,,,
20,10,_original_nint128_seed4,7,7,3,0;2;4;6;7;8;9,False,True,monotone,0;4;6;7;8;9,2,,,,,,True,,,,
20,10,_original_nint128_seed4,7,7,3,0;2;3;5;6;8;9,False,True,monotone,0;3;5;6;8;9,2,,,,,,True,,,,
20,10,_original_nint128_seed4,7,7,3,0;1;3;4;5;7;8,False,True,monotone,0;1;3;4;5;8,7,,,,,,True,,,,
20,10,_original_nint128_seed4,7,7,3,0;1;2;3;6;8;9,False,True,monotone,0;1;3;6;8;9,2,,,,,,True,,,,
20,10,_original_nint128_seed4,7,7,3,0;1;2;3;5;8;9,False,True,monotone,0;1;2;3;5;8,9,,,,,,True,,,,
20,10,_original_nint128_seed4,7,7,3,0;1;2;6;7;8;9,False,True,monotone,0;1;6;7;8;9,2,,,,,,True,,,,
20,10,_original_nint128_seed4,8,8,2,0;1;3;5;6;7;8;9,False,True,monotone,1;3;5;6;7;8;9,0,,,,,,True,,,,
20,10,_original_nint128_seed4,8,8,2,1;2;3;5;6;7;8;9,False,True,monotone,1;3;5;6;7;8;9,2,,,,,,True,,,,
20,10,_original_nint128_seed4,8,8,2,1;3;4;5;6;7;8;9,False,True,monotone,1;3;5;6;7;8;9,4,,,,,,True,,,,
20,10,_original_nint128_seed4,8,8,2,0;1;2;3;5;6;8;9,False,True,monotone,0;1;3;5;6;8;9,2,,,,,,True,,,,
20,10,_original_nint128_seed4,8,8,2,0;1;3;4;5;6;8;9,False,True,collision,0;1;3;5;6;8;9,4,,,,,,True,,,,
20,10,_original_nint128_seed4,8,8,2,0;1;2;3;4;5;6;7,False,True,monotone,1;2;3;4;5;6;7,0,,,,,,True,,,,
20,10,_original_nint128_seed4,8,8,2,1;2;3;4;5;6;7;8,False,True,monotone,1;2;3;4;5;6;7,8,,,,,,True,,,,
20,10,_original_nint128_seed4,8,8,2,1;2;3;4;5;6;7;9,False,True,monotone,1;2;3;4;5;6;7,9,,,,,,True,,,,
20,10,_original_nint128_seed4,8,8,2,0;1;2;3;4;5;6;8,False,True,monotone,0;1;2;3;4;5;8,6,,,,,,True,,,,
20,10,_original_nint128_seed4,8,8,2,0;1;2;3;4;5;7;8,False,True,monotone,0;1;2;3;4;5;8,7,,,,,,True,,,,
20,10,_original_nint128_seed4,8,8,2,0;1;2;3;4;5;8;9,False,True,monotone,0;1;2;3;4;5;8,9,,,,,,True,,,,
20,10,_original_nint128_seed4,8,8,2,0;1;3;4;5;6;7;8,False,True,monotone,0;1;3;4;5;6;8,7,,,,,,True,,,,
20,10,_original_nint128_seed4,8,8,2,1;2;3;4;5;6;8;9,False,True,monotone,1;3;4;5;6;8;9,2,,,,,,True,,,,
20,10,_original_nint128_seed4,8,8,2,0;1;4;5;6;7;8;9,False,True,monotone,0;4;5;6;7;8;9,1,,,,,,True,,,,
20,10,_original_nint128_seed4,8,8,2,0;2;4;5;6;7;8;9,False,True,monotone,0;4;5;6;7;8;9,2,,,,,,True,,,,
20,10,_original_nint128_seed4,8,8,2,0;3;4;5;6;7;8;9,False,True,monotone,0;4;5;6;7;8;9,3,,,,,,True,,,,
20,10,_original_nint128_seed4,8,8,2,0;1;2;3;4;6;8;9,False,True,monotone,0;1;3;4;6;8;9,2,,,,,,True,,,,
20,10,_original_nint128_seed4,8,8,2,0;1;3;4;6;7;8;9,False,True,monotone,0;1;3;4;6;8;9,7,,,,,,True,,,,
20,10,_original_nint128_seed4,8,8,2,0;1;3;4;5;6;7;9,False,True,monotone,1;3;4;5;6;7;9,0,,,,,,True,,,,
20,10,_original_nint128_seed4,8,8,2,0;1;3;4;5;7;8;9,False,True,monotone,1;3;4;5;7;8;9,0,,,,,,True,,,,
20,10,_original_nint128_seed4,8,8,2,1;2;3;4;5;7;8;9,False,True,monotone,1;3;4;5;7;8;9,2,,,,,,True,,,,
20,10,_original_nint128_seed4,8,8,2,0;2;3;4;5;6;8;9,False,True,monotone,0;3;4;5;6;8;9,2,,,,,,True,,,,
20,10,_original_nint128_seed4,8,8,2,0;1;2;4;5;6;8;9,False,True,monotone,0;1;4;5;6;8;9,2,,,,,,True,,,,
20,10,_original_nint128_seed4,8,8,2,2;3;4;5;6;7;8;9,False,True,monotone,3;4;5;6;7;8;9,2,,,,,,True,,,,
20,10,_original_nint128_seed4,8,8,2,0;1;2;3;4;5;6;9,False,True,monotone,0;1;3;4;5;6;9,2,,,,,,True,,,,
20,10,_original_nint128_seed4,8,8,2,1;2;3;4;6;7;8;9,False,True,monotone,1;3;4;6;7;8;9,2,,,,,,True,,,,
20,10,_original_nint128_seed4,8,8,2,0;1;2;5;6;7;8;9,False,True,monotone,0;1;5;6;7;8;9,2,,,,,,True,,,,
20,10,_original_nint128_seed4,8,8,2,0;1;2;4;6;7;8;9,False,True,monotone,0;1;4;6;7;8;9,2,,,,,,True,,,,
