M,P,option,depth,num_deleted,num_remaining_relu,deleted_set_str,is_leaf,is_rejected,reject_reason,parent_set_str,added_relu,num_clusters,edge_types,weighted_edges_total,num_self_absorbed_edges,num_fixed_nodes,fixed_collision,num_scc_ge3,largest_scc_size,cycle_penalty_ge3,is_minimal_num_clusters
20,10,_original_nint128_seed18,1,1,9,0,False,False,,,0,28.0,55.0,872.0,4.0,5.0,False,1.0,28.0,28.0,False
20,10,_original_nint128_seed18,1,1,9,1,False,False,,,1,26.0,54.0,787.0,8.0,5.0,False,1.0,26.0,26.0,False
20,10,_original_nint128_seed18,1,1,9,2,False,False,,,2,29.0,59.0,923.0,2.0,5.0,False,1.0,29.0,29.0,False
20,10,_original_nint128_seed18,1,1,9,3,False,False,,,3,24.0,46.0,804.0,10.0,5.0,False,1.0,24.0,24.0,False
20,10,_original_nint128_seed18,1,1,9,4,False,False,,,4,28.0,54.0,884.0,5.0,5.0,False,1.0,28.0,28.0,False
20,10,_original_nint128_seed18,1,1,9,5,False,False,,,5,26.0,49.0,849.0,8.0,5.0,False,1.0,26.0,26.0,False
20,10,_original_nint128_seed18,1,1,9,6,False,False,,,6,26.0,50.0,801.0,7.0,5.0,False,1.0,26.0,26.0,False
20,10,_original_nint128_seed18,1,1,9,7,False,False,,,7,28.0,55.0,809.0,5.0,5.0,False,1.0,28.0,28.0,False
20,10,_original_nint128_seed18,1,1,9,8,False,False,,,8,29.0,57.0,926.0,3.0,5.0,False,1.0,29.0,29.0,False
20,10,_original_nint128_seed18,1,1,9,9,False,False,,,9,27.0,54.0,916.0,5.0,5.0,False,1.0,27.0,27.0,False
20,10,_original_nint128_seed18,2,2,8,0;2,False,False,,0,2,25.0,51.0,844.0,6.0,5.0,False,1.0,25.0,25.0,False
20,10,_original_nint128_seed18,2,2,8,1;2,False,False,,1,2,24.0,51.0,759.0,10.0,5.0,False,1.0,24.0,24.0,False
20,10,_original_nint128_seed18,2,2,8,2;3,False,False,,3,2,21.0,42.0,776.0,12.0,5.0,False,1.0,21.0,21.0,False
20,10,_original_nint128_seed18,2,2,8,2;4,False,False,,4,2,25.0,50.0,856.0,7.0,5.0,False,1.0,25.0,25.0,False
20,10,_original_nint128_seed18,2,2,8,2;5,False,False,,5,2,23.0,45.0,821.0,10.0,5.0,False,1.0,23.0,23.0,False
20,10,_original_nint128_seed18,2,2,8,2;6,False,False,,6,2,23.0,46.0,773.0,9.0,5.0,False,1.0,23.0,23.0,False
20,10,_original_nint128_seed18,2,2,8,2;7,False,False,,7,2,25.0,51.0,781.0,7.0,5.0,False,1.0,25.0,25.0,False
20,10,_original_nint128_seed18,2,2,8,2;8,False,False,,8,2,26.0,53.0,898.0,5.0,5.0,False,1.0,26.0,26.0,False
20,10,_original_nint128_seed18,2,2,8,2;9,False,False,,9,2,25.0,51.0,888.0,7.0,5.0,False,1.0,25.0,25.0,False
20,10,_original_nint128_seed18,2,2,8,0;9,False,False,,9,0,23.0,46.0,837.0,9.0,5.0,False,1.0,23.0,23.0,False
20,10,_original_nint128_seed18,2,2,8,1;9,False,False,,1,9,22.0,47.0,752.0,13.0,5.0,False,1.0,22.0,22.0,False
20,10,_original_nint128_seed18,2,2,8,3;9,False,False,,3,9,20.0,38.0,769.0,15.0,5.0,False,1.0,20.0,20.0,False
20,10,_original_nint128_seed18,2,2,8,4;9,False,False,,9,4,23.0,45.0,849.0,10.0,5.0,False,1.0,23.0,23.0,False
20,10,_original_nint128_seed18,2,2,8,5;9,False,False,,5,9,21.0,40.0,814.0,13.0,5.0,False,1.0,21.0,21.0,False
20,10,_original_nint128_seed18,2,2,8,6;9,False,False,,6,9,21.0,41.0,766.0,12.0,5.0,False,1.0,21.0,21.0,False
20,10,_original_nint128_seed18,2,2,8,7;9,False,False,,9,7,24.0,48.0,773.0,11.0,5.0,False,1.0,24.0,24.0,False
20,10,_original_nint128_seed18,2,2,8,8;9,False,False,,9,8,24.0,48.0,891.0,8.0,5.0,False,1.0,24.0,24.0,False
20,10,_original_nint128_seed18,2,2,8,0;8,False,False,,0,8,25.0,49.0,847.0,7.0,5.0,False,1.0,25.0,25.0,False
20,10,_original_nint128_seed18,2,2,8,1;8,False,False,,1,8,24.0,49.0,762.0,11.0,5.0,False,1.0,24.0,24.0,False
20,10,_original_nint128_seed18,2,2,8,4;8,False,False,,4,8,25.0,48.0,859.0,8.0,5.0,False,1.0,25.0,25.0,False
20,10,_original_nint128_seed18,2,2,8,5;8,False,False,,5,8,23.0,43.0,824.0,11.0,5.0,False,1.0,23.0,23.0,False
20,10,_original_nint128_seed18,2,2,8,6;8,False,False,,6,8,23.0,44.0,776.0,10.0,5.0,False,1.0,23.0,23.0,False
20,10,_original_nint128_seed18,2,2,8,7;8,False,False,,7,8,25.0,49.0,784.0,8.0,5.0,False,1.0,25.0,25.0,False
20,10,_original_nint128_seed18,2,2,8,0;7,False,False,,0,7,25.0,50.0,727.0,10.0,5.0,False,1.0,25.0,25.0,False
20,10,_original_nint128_seed18,2,2,8,1;7,False,False,,1,7,22.0,46.0,645.0,13.0,5.0,False,1.0,22.0,22.0,False
20,10,_original_nint128_seed18,2,2,8,3;7,False,False,,3,7,21.0,38.0,662.0,15.0,5.0,False,1.0,21.0,21.0,False
20,10,_original_nint128_seed18,2,2,8,4;7,False,False,,4,7,24.0,46.0,742.0,10.0,5.0,False,1.0,24.0,24.0,False
20,10,_original_nint128_seed18,2,2,8,5;7,False,False,,5,7,22.0,41.0,707.0,13.0,5.0,False,1.0,22.0,22.0,False
20,10,_original_nint128_seed18,2,2,8,6;7,False,False,,6,7,22.0,42.0,659.0,12.0,5.0,False,1.0,22.0,22.0,False
20,10,_original_nint128_seed18,2,2,8,0;3,False,False,,3,0,21.0,39.0,721.0,15.0,5.0,False,1.0,21.0,21.0,False
20,10,_original_nint128_seed18,2,2,8,1;3,False,False,,3,1,18.0,36.0,640.0,18.0,5.0,False,1.0,18.0,18.0,False
20,10,_original_nint128_seed18,2,2,8,3;4,False,False,,3,4,21.0,39.0,737.0,15.0,5.0,False,1.0,21.0,21.0,False
20,10,_original_nint128_seed18,2,2,8,3;5,False,False,,3,5,19.0,36.0,701.0,19.0,5.0,False,1.0,19.0,19.0,False
20,10,_original_nint128_seed18,2,2,8,3;6,False,False,,3,6,19.0,35.0,653.0,18.0,5.0,False,1.0,19.0,19.0,False
20,10,_original_nint128_seed18,2,2,8,0;1,False,False,,1,0,23.0,47.0,708.0,12.0,5.0,False,1.0,23.0,23.0,False
20,10,_original_nint128_seed18,2,2,8,1;4,False,False,,1,4,22.0,45.0,720.0,13.0,5.0,False,1.0,22.0,22.0,False
20,10,_original_nint128_seed18,2,2,8,1;5,False,False,,5,1,20.0,40.0,685.0,16.0,5.0,False,1.0,20.0,20.0,False
20,10,_original_nint128_seed18,2,2,8,1;6,False,False,,6,1,20.0,41.0,637.0,15.0,5.0,False,1.0,20.0,20.0,False
20,10,_original_nint128_seed18,2,2,8,0;6,False,False,,6,0,22.0,42.0,722.0,11.0,5.0,False,1.0,22.0,22.0,False
20,10,_original_nint128_seed18,2,2,8,4;6,False,False,,6,4,23.0,44.0,732.0,13.0,5.0,False,1.0,23.0,23.0,False
20,10,_original_nint128_seed18,2,2,8,0;5,False,False,,5,0,22.0,41.0,770.0,12.0,5.0,False,1.0,22.0,22.0,False
20,10,_original_nint128_seed18,2,2,8,4;5,False,False,,5,4,23.0,42.0,782.0,13.0,5.0,False,1.0,23.0,23.0,False
20,10,_original_nint128_seed18,2,2,8,0;4,False,False,,4,0,24.0,46.0,805.0,9.0,5.0,False,1.0,24.0,24.0,False
20,10,_original_nint128_seed18,3,3,7,0;2;8,False,False,,0;8,2,22.0,45.0,819.0,9.0,5.0,False,1.0,22.0,22.0,False
20,10,_original_nint128_seed18,3,3,7,1;2;8,False,False,,1;8,2,22.0,46.0,734.0,13.0,5.0,False,1.0,22.0,22.0,False
20,10,_original_nint128_seed18,3,3,7,2;4;8,False,False,,4;8,2,22.0,44.0,831.0,10.0,5.0,False,1.0,22.0,22.0,False
20,10,_original_nint128_seed18,3,3,7,2;5;8,False,False,,5;8,2,20.0,39.0,796.0,13.0,5.0,False,1.0,20.0,20.0,False
20,10,_original_nint128_seed18,3,3,7,2;6;8,False,False,,6;8,2,20.0,40.0,748.0,12.0,5.0,False,1.0,20.0,20.0,False
20,10,_original_nint128_seed18,3,3,7,2;7;8,False,False,,7;8,2,22.0,45.0,756.0,10.0,5.0,False,1.0,22.0,22.0,False
20,10,_original_nint128_seed18,3,3,7,2;8;9,False,False,,8;9,2,22.0,45.0,863.0,10.0,5.0,False,1.0,22.0,22.0,False
20,10,_original_nint128_seed18,3,3,7,0;1;4,False,False,,1;4,0,19.0,38.0,641.0,17.0,5.0,False,1.0,19.0,19.0,False
20,10,_original_nint128_seed18,3,3,7,1;2;4,False,False,,1;4,2,20.0,42.0,692.0,15.0,5.0,False,1.0,20.0,20.0,False
20,10,_original_nint128_seed18,3,3,7,1;3;4,False,False,,1;3,4,15.0,29.0,573.0,23.0,5.0,False,1.0,15.0,15.0,False
20,10,_original_nint128_seed18,3,3,7,1;4;5,False,False,,1;5,4,17.0,33.0,618.0,21.0,5.0,False,1.0,17.0,17.0,False
20,10,_original_nint128_seed18,3,3,7,1;4;6,False,False,,1;6,4,17.0,35.0,568.0,21.0,5.0,False,1.0,17.0,17.0,False
20,10,_original_nint128_seed18,3,3,7,1;4;7,False,False,,1;4,7,18.0,37.0,578.0,18.0,5.0,False,1.0,18.0,18.0,False
20,10,_original_nint128_seed18,3,3,7,1;4;8,False,False,,1;4,8,20.0,40.0,695.0,16.0,5.0,False,1.0,20.0,20.0,False
20,10,_original_nint128_seed18,3,3,7,1;4;9,False,False,,1;4,9,18.0,38.0,685.0,18.0,5.0,False,1.0,18.0,18.0,False
20,10,_original_nint128_seed18,3,3,7,0;4;6,False,False,,0;6,4,19.0,36.0,653.0,17.0,5.0,False,1.0,19.0,19.0,False
20,10,_original_nint128_seed18,3,3,7,2;4;6,False,False,,4;6,2,20.0,40.0,704.0,15.0,5.0,False,1.0,20.0,20.0,False
20,10,_original_nint128_seed18,3,3,7,3;4;6,False,False,,3;6,4,17.0,31.0,584.0,24.0,5.0,False,1.0,17.0,17.0,False
20,10,_original_nint128_seed18,3,3,7,4;6;7,False,False,,6;7,4,19.0,36.0,590.0,18.0,5.0,False,1.0,19.0,19.0,False
20,10,_original_nint128_seed18,3,3,7,4;6;8,False,False,,4;6,8,20.0,38.0,707.0,16.0,5.0,False,1.0,20.0,20.0,False
20,10,_original_nint128_seed18,3,3,7,4;6;9,False,False,,6;9,4,18.0,35.0,697.0,18.0,5.0,False,1.0,18.0,18.0,False
20,10,_original_nint128_seed18,3,3,7,0;2;3,False,False,,0;3,2,18.0,35.0,693.0,17.0,5.0,False,1.0,18.0,18.0,False
20,10,_original_nint128_seed18,3,3,7,1;2;3,False,False,,1;3,2,16.0,33.0,612.0,20.0,5.0,False,1.0,16.0,16.0,False
20,10,_original_nint128_seed18,3,3,7,2;3;4,False,False,,3;4,2,18.0,35.0,709.0,17.0,5.0,False,1.0,18.0,18.0,False
20,10,_original_nint128_seed18,3,3,7,2;3;5,False,False,,3;5,2,16.0,32.0,673.0,21.0,5.0,False,1.0,16.0,16.0,False
20,10,_original_nint128_seed18,3,3,7,2;3;6,False,False,,3;6,2,16.0,31.0,625.0,20.0,5.0,False,1.0,16.0,16.0,False
20,10,_original_nint128_seed18,3,3,7,2;3;7,False,False,,3;7,2,18.0,34.0,634.0,17.0,5.0,False,1.0,18.0,18.0,False
20,10,_original_nint128_seed18,3,3,7,2;3;9,False,False,,3;9,2,18.0,35.0,741.0,17.0,5.0,False,1.0,18.0,18.0,False
20,10,_original_nint128_seed18,3,3,7,0;3;9,False,False,,3;9,0,17.0,31.0,686.0,20.0,5.0,False,1.0,17.0,17.0,False
20,10,_original_nint128_seed18,3,3,7,1;3;9,False,False,,1;3,9,15.0,30.0,605.0,23.0,5.0,False,1.0,15.0,15.0,False
20,10,_original_nint128_seed18,3,3,7,3;4;9,False,False,,3;9,4,17.0,31.0,702.0,20.0,5.0,False,1.0,17.0,17.0,False
20,10,_original_nint128_seed18,3,3,7,3;5;9,False,False,,3;5,9,15.0,28.0,666.0,24.0,5.0,False,1.0,15.0,15.0,False
20,10,_original_nint128_seed18,3,3,7,3;6;9,False,False,,3;6,9,15.0,27.0,618.0,23.0,5.0,False,1.0,15.0,15.0,False
20,10,_original_nint128_seed18,3,3,7,3;7;9,False,False,,3;9,7,18.0,33.0,626.0,21.0,5.0,False,1.0,18.0,18.0,False
20,10,_original_nint128_seed18,3,3,7,0;2;6,False,False,,0;6,2,19.0,38.0,694.0,13.0,5.0,False,1.0,19.0,19.0,False
20,10,_original_nint128_seed18,3,3,7,1;2;6,False,False,,1;6,2,18.0,38.0,609.0,17.0,5.0,False,1.0,18.0,18.0,False
20,10,_original_nint128_seed18,3,3,7,2;6;7,False,False,,6;7,2,19.0,38.0,631.0,14.0,5.0,False,1.0,19.0,19.0,False
20,10,_original_nint128_seed18,3,3,7,2;6;9,False,False,,6;9,2,19.0,38.0,738.0,14.0,5.0,False,1.0,19.0,19.0,False
20,10,_original_nint128_seed18,3,3,7,0;4;5,False,False,,0;5,4,19.0,34.0,703.0,17.0,5.0,False,1.0,19.0,19.0,False
20,10,_original_nint128_seed18,3,3,7,2;4;5,False,False,,4;5,2,20.0,38.0,754.0,15.0,5.0,False,1.0,20.0,20.0,False
20,10,_original_nint128_seed18,3,3,7,3;4;5,False,False,,3;5,4,17.0,31.0,634.0,24.0,5.0,False,1.0,17.0,17.0,False
20,10,_original_nint128_seed18,3,3,7,4;5;7,False,False,,5;7,4,19.0,34.0,640.0,18.0,5.0,False,1.0,19.0,19.0,False
20,10,_original_nint128_seed18,3,3,7,4;5;8,False,False,,4;5,8,20.0,36.0,757.0,16.0,5.0,False,1.0,20.0,20.0,False
20,10,_original_nint128_seed18,3,3,7,4;5;9,False,False,,5;9,4,18.0,33.0,747.0,18.0,5.0,False,1.0,18.0,18.0,False
20,10,_original_nint128_seed18,3,3,7,0;7;9,False,False,,0;9,7,21.0,43.0,691.0,16.0,5.0,False,1.0,21.0,21.0,False
20,10,_original_nint128_seed18,3,3,7,1;7;9,False,False,,1;7,9,19.0,41.0,609.0,19.0,5.0,False,1.0,19.0,19.0,False
20,10,_original_nint128_seed18,3,3,7,2;7;9,False,False,,7;9,2,22.0,45.0,745.0,13.0,5.0,False,1.0,22.0,22.0,False
20,10,_original_nint128_seed18,3,3,7,4;7;9,False,False,,4;9,7,20.0,39.0,706.0,16.0,5.0,False,1.0,20.0,20.0,False
20,10,_original_nint128_seed18,3,3,7,5;7;9,False,False,,5;9,7,18.0,34.0,671.0,19.0,5.0,False,1.0,18.0,18.0,False
20,10,_original_nint128_seed18,3,3,7,6;7;9,False,False,,6;9,7,18.0,35.0,623.0,18.0,5.0,False,1.0,18.0,18.0,False
20,10,_original_nint128_seed18,3,3,7,7;8;9,False,False,,7;9,8,21.0,42.0,748.0,14.0,5.0,False,1.0,21.0,21.0,False
20,10,_original_nint128_seed18,3,3,7,0;7;8,False,False,,0;8,7,22.0,44.0,702.0,13.0,5.0,False,1.0,22.0,22.0,False
20,10,_original_nint128_seed18,3,3,7,1;7;8,False,False,,1;7,8,20.0,41.0,620.0,16.0,5.0,False,1.0,20.0,20.0,False
20,10,_original_nint128_seed18,3,3,7,4;7;8,False,False,,4;7,8,21.0,40.0,717.0,13.0,5.0,False,1.0,21.0,21.0,False
20,10,_original_nint128_seed18,3,3,7,5;7;8,False,False,,5;7,8,19.0,35.0,682.0,16.0,5.0,False,1.0,19.0,19.0,False
20,10,_original_nint128_seed18,3,3,7,6;7;8,False,False,,6;7,8,19.0,36.0,634.0,15.0,5.0,False,1.0,19.0,19.0,False
20,10,_original_nint128_seed18,3,3,7,0;1;5,False,False,,1;5,0,17.0,33.0,606.0,20.0,5.0,False,1.0,17.0,17.0,False
20,10,_original_nint128_seed18,3,3,7,0;2;5,False,False,,0;5,2,19.0,37.0,742.0,14.0,5.0,False,1.0,19.0,19.0,False
20,10,_original_nint128_seed18,3,3,7,0;3;5,False,False,,3;5,0,16.0,29.0,618.0,24.0,5.0,False,1.0,16.0,16.0,False
20,10,_original_nint128_seed18,3,3,7,0;5;7,False,False,,0;5,7,19.0,36.0,625.0,18.0,5.0,False,1.0,19.0,19.0,False
20,10,_original_nint128_seed18,3,3,7,0;5;8,False,False,,0;5,8,19.0,35.0,745.0,15.0,5.0,False,1.0,19.0,19.0,False
20,10,_original_nint128_seed18,3,3,7,0;5;9,False,False,,5;9,0,17.0,32.0,735.0,17.0,5.0,False,1.0,17.0,17.0,False
20,10,_original_nint128_seed18,3,3,7,0;4;9,False,False,,4;9,0,19.0,37.0,770.0,14.0,5.0,False,1.0,19.0,19.0,False
20,10,_original_nint128_seed18,3,3,7,2;4;9,False,False,,4;9,2,21.0,42.0,821.0,12.0,5.0,False,1.0,21.0,21.0,False
20,10,_original_nint128_seed18,3,3,7,4;8;9,False,False,,4;9,8,20.0,39.0,824.0,13.0,5.0,False,1.0,20.0,20.0,False
20,10,_original_nint128_seed18,3,3,7,0;2;9,False,False,,0;9,2,21.0,43.0,809.0,11.0,5.0,False,1.0,21.0,21.0,False
20,10,_original_nint128_seed18,3,3,7,1;2;9,False,False,,1;9,2,21.0,45.0,724.0,15.0,5.0,False,1.0,21.0,21.0,False
20,10,_original_nint128_seed18,3,3,7,2;5;9,False,False,,5;9,2,19.0,37.0,786.0,15.0,5.0,False,1.0,19.0,19.0,False
20,10,_original_nint128_seed18,3,3,7,1;5;9,False,False,,1;5,9,16.0,33.0,650.0,21.0,5.0,False,1.0,16.0,16.0,False
20,10,_original_nint128_seed18,3,3,7,5;8;9,False,False,,5;9,8,18.0,34.0,789.0,16.0,5.0,False,1.0,18.0,18.0,False
20,10,_original_nint128_seed18,3,3,7,0;3;4,False,False,,0;3,4,18.0,32.0,654.0,20.0,5.0,False,1.0,18.0,18.0,False
20,10,_original_nint128_seed18,3,3,7,3;4;7,False,False,,3;7,4,18.0,31.0,595.0,20.0,5.0,False,1.0,18.0,18.0,False
20,10,_original_nint128_seed18,3,3,7,0;6;9,False,False,,6;9,0,17.0,33.0,687.0,16.0,5.0,False,1.0,17.0,17.0,False
20,10,_original_nint128_seed18,3,3,7,1;6;9,False,False,,1;6,9,16.0,34.0,602.0,20.0,5.0,False,1.0,16.0,16.0,False
20,10,_original_nint128_seed18,3,3,7,6;8;9,False,False,,6;9,8,18.0,35.0,741.0,15.0,5.0,False,1.0,18.0,18.0,False
20,10,_original_nint128_seed18,3,3,7,0;1;7,False,False,,1;7,0,20.0,42.0,563.0,18.0,5.0,False,1.0,20.0,20.0,False
20,10,_original_nint128_seed18,3,3,7,1;2;7,False,False,,1;7,2,20.0,43.0,617.0,15.0,5.0,False,1.0,20.0,20.0,False
20,10,_original_nint128_seed18,3,3,7,1;3;7,False,False,,1;3,7,15.0,28.0,498.0,23.0,5.0,False,1.0,15.0,15.0,False
20,10,_original_nint128_seed18,3,3,7,1;5;7,False,False,,1;5,7,16.0,32.0,543.0,21.0,5.0,False,1.0,16.0,16.0,False
20,10,_original_nint128_seed18,3,3,7,1;6;7,False,False,,1;6,7,16.0,33.0,495.0,20.0,5.0,False,1.0,16.0,16.0,False
20,10,_original_nint128_seed18,3,3,7,0;1;6,False,False,,1;6,0,17.0,34.0,558.0,19.0,5.0,False,1.0,17.0,17.0,False
20,10,_original_nint128_seed18,3,3,7,0;3;6,False,False,,3;6,0,16.0,28.0,570.0,23.0,5.0,False,1.0,16.0,16.0,False
20,10,_original_nint128_seed18,3,3,7,0;6;7,False,False,,0;6,7,19.0,37.0,577.0,17.0,5.0,False,1.0,19.0,19.0,False
20,10,_original_nint128_seed18,3,3,7,0;6;8,False,False,,0;6,8,19.0,36.0,697.0,14.0,5.0,False,1.0,19.0,19.0,False
20,10,_original_nint128_seed18,3,3,7,0;1;3,False,False,,1;3,0,16.0,31.0,557.0,23.0,5.0,False,1.0,16.0,16.0,False
20,10,_original_nint128_seed18,3,3,7,0;3;7,False,False,,3;7,0,19.0,34.0,576.0,21.0,5.0,False,1.0,19.0,19.0,False
20,10,_original_nint128_seed18,3,3,7,0;1;2,False,False,,0;1,2,21.0,44.0,680.0,14.0,5.0,False,1.0,21.0,21.0,False
20,10,_original_nint128_seed18,3,3,7,0;2;4,False,False,,0;4,2,21.0,42.0,777.0,11.0,5.0,False,1.0,21.0,21.0,False
20,10,_original_nint128_seed18,3,3,7,0;2;7,False,False,,0;7,2,22.0,46.0,699.0,12.0,5.0,False,1.0,22.0,22.0,False
20,10,_original_nint128_seed18,3,3,7,0;4;7,False,False,,0;4,7,21.0,41.0,660.0,15.0,5.0,False,1.0,21.0,21.0,False
20,10,_original_nint128_seed18,3,3,7,0;4;8,False,False,,0;4,8,21.0,40.0,780.0,12.0,5.0,False,1.0,21.0,21.0,False
20,10,_original_nint128_seed18,3,3,7,2;4;7,False,False,,4;7,2,21.0,42.0,714.0,12.0,5.0,False,1.0,21.0,21.0,False
20,10,_original_nint128_seed18,3,3,7,0;1;8,False,False,,0;1,8,21.0,42.0,683.0,15.0,5.0,False,1.0,21.0,21.0,False
20,10,_original_nint128_seed18,3,3,7,1;5;8,False,False,,1;5,8,18.0,35.0,660.0,19.0,5.0,False,1.0,18.0,18.0,False
20,10,_original_nint128_seed18,3,3,7,1;6;8,False,False,,1;6,8,18.0,36.0,612.0,18.0,5.0,False,1.0,18.0,18.0,False
20,10,_original_nint128_seed18,3,3,7,1;8;9,False,False,,1;9,8,20.0,42.0,727.0,16.0,5.0,False,1.0,20.0,20.0,False
20,10,_original_nint128_seed18,3,3,7,1;3;5,False,False,,1;3,5,13.0,26.0,537.0,27.0,5.0,False,1.0,13.0,13.0,False
20,10,_original_nint128_seed18,3,3,7,3;5;7,False,False,,3;5,7,16.0,28.0,559.0,24.0,5.0,False,1.0,16.0,16.0,False
20,10,_original_nint128_seed18,3,3,7,1;3;6,False,False,,3;6,1,13.0,25.0,489.0,26.0,5.0,False,1.0,13.0,13.0,False
20,10,_original_nint128_seed18,3,3,7,3;6;7,False,False,,3;6,7,16.0,27.0,511.0,23.0,5.0,False,1.0,16.0,16.0,False
20,10,_original_nint128_seed18,3,3,7,0;1;9,False,False,,0;9,1,19.0,40.0,673.0,17.0,5.0,False,1.0,19.0,19.0,False
20,10,_original_nint128_seed18,3,3,7,1;2;5,False,False,,1;5,2,18.0,37.0,657.0,18.0,5.0,False,1.0,18.0,18.0,False
20,10,_original_nint128_seed18,3,3,7,2;5;7,False,False,,5;7,2,19.0,37.0,679.0,15.0,5.0,False,1.0,19.0,19.0,False
20,10,_original_nint128_seed18,3,3,7,0;8;9,False,False,,0;9,8,20.0,40.0,812.0,12.0,5.0,False,1.0,20.0,20.0,False
20,10,_original_nint128_seed18,4,4,6,0;1;2;9,False,False,,0;1;9,2,18.0,38.0,645.0,19.0,5.0,False,1.0,18.0,18.0,False
20,10,_original_nint128_seed18,4,4,6,1;2;3;9,False,False,,1;3;9,2,14.0,28.0,577.0,25.0,5.0,False,1.0,14.0,14.0,False
20,10,_original_nint128_seed18,4,4,6,1;2;4;9,False,False,,1;4;9,2,17.0,36.0,657.0,20.0,5.0,False,1.0,17.0,17.0,False
20,10,_original_nint128_seed18,4,4,6,1;2;5;9,False,False,,1;5;9,2,15.0,31.0,622.0,23.0,5.0,False,1.0,15.0,15.0,False
20,10,_original_nint128_seed18,4,4,6,1;2;6;9,False,False,,1;6;9,2,15.0,32.0,574.0,22.0,5.0,False,1.0,15.0,15.0,False
20,10,_original_nint128_seed18,4,4,6,1;2;7;9,False,False,,1;7;9,2,18.0,39.0,581.0,21.0,5.0,False,1.0,18.0,18.0,False
20,10,_original_nint128_seed18,4,4,6,1;2;8;9,False,False,,1;8;9,2,19.0,40.0,699.0,18.0,5.0,False,1.0,19.0,19.0,False
20,10,_original_nint128_seed18,4,4,6,0;1;2;7,False,False,,0;1;7,2,18.0,39.0,535.0,20.0,5.0,False,1.0,18.0,18.0,False
20,10,_original_nint128_seed18,4,4,6,0;1;3;7,False,False,,1;3;7,0,14.0,26.0,412.0,29.0,5.0,False,1.0,14.0,14.0,False
20,10,_original_nint128_seed18,4,4,6,0;1;4;7,False,False,,1;4;7,0,16.0,33.0,496.0,23.0,5.0,False,1.0,16.0,16.0,False
20,10,_original_nint128_seed18,4,4,6,0;1;5;7,False,False,,1;5;7,0,14.0,28.0,461.0,26.0,5.0,False,1.0,14.0,14.0,False
20,10,_original_nint128_seed18,4,4,6,0;1;6;7,False,False,,1;6;7,0,14.0,29.0,413.0,25.0,5.0,False,1.0,14.0,14.0,False
20,10,_original_nint128_seed18,4,4,6,0;1;7;8,False,False,,1;7;8,0,18.0,37.0,538.0,21.0,5.0,False,1.0,18.0,18.0,False
20,10,_original_nint128_seed18,4,4,6,0;1;7;9,False,False,,0;1;9,7,17.0,37.0,527.0,24.0,5.0,False,1.0,17.0,17.0,False
20,10,_original_nint128_seed18,4,4,6,0;2;6;9,False,False,,0;6;9,2,15.0,30.0,659.0,18.0,5.0,False,1.0,15.0,15.0,False
20,10,_original_nint128_seed18,4,4,6,2;3;6;9,False,False,,3;6;9,2,13.0,24.0,590.0,25.0,5.0,False,1.0,13.0,13.0,False
20,10,_original_nint128_seed18,4,4,6,2;4;6;9,False,False,,4;6;9,2,16.0,32.0,669.0,20.0,5.0,False,1.0,16.0,16.0,False
20,10,_original_nint128_seed18,4,4,6,2;6;7;9,False,False,,6;7;9,2,16.0,32.0,595.0,20.0,5.0,False,1.0,16.0,16.0,False
20,10,_original_nint128_seed18,4,4,6,2;6;8;9,False,False,,6;8;9,2,16.0,32.0,713.0,17.0,5.0,False,1.0,16.0,16.0,False
20,10,_original_nint128_seed18,4,4,6,0;2;7;8,False,False,,0;7;8,2,19.0,40.0,674.0,15.0,5.0,False,1.0,19.0,19.0,False
20,10,_original_nint128_seed18,4,4,6,1;2;7;8,False,False,,1;7;8,2,18.0,38.0,592.0,18.0,5.0,False,1.0,18.0,18.0,False
20,10,_original_nint128_seed18,4,4,6,2;4;7;8,False,False,,4;7;8,2,18.0,36.0,689.0,15.0,5.0,False,1.0,18.0,18.0,False
20,10,_original_nint128_seed18,4,4,6,2;5;7;8,False,False,,5;7;8,2,16.0,31.0,654.0,18.0,5.0,False,1.0,16.0,16.0,False
20,10,_original_nint128_seed18,4,4,6,2;6;7;8,False,False,,6;7;8,2,16.0,32.0,606.0,17.0,5.0,False,1.0,16.0,16.0,False
20,10,_original_nint128_seed18,4,4,6,2;7;8;9,False,False,,7;8;9,2,19.0,39.0,720.0,16.0,5.0,False,1.0,19.0,19.0,False
20,10,_original_nint128_seed18,4,4,6,0;4;7;9,False,False,,0;4;9,7,17.0,34.0,624.0,21.0,5.0,False,1.0,17.0,17.0,False
20,10,_original_nint128_seed18,4,4,6,1;4;7;9,False,False,,1;4;7,9,15.0,32.0,542.0,24.0,5.0,False,1.0,15.0,15.0,False
20,10,_original_nint128_seed18,4,4,6,2;4;7;9,False,False,,4;7;9,2,18.0,36.0,678.0,18.0,5.0,False,1.0,18.0,18.0,False
20,10,_original_nint128_seed18,4,4,6,3;4;7;9,False,False,,3;4;9,7,15.0,26.0,559.0,26.0,5.0,False,1.0,15.0,15.0,False
20,10,_original_nint128_seed18,4,4,6,4;5;7;9,False,False,,4;5;9,7,15.0,27.0,604.0,24.0,5.0,False,1.0,15.0,15.0,False
20,10,_original_nint128_seed18,4,4,6,4;6;7;9,False,False,,4;6;9,7,15.0,29.0,554.0,24.0,5.0,False,1.0,15.0,15.0,False
20,10,_original_nint128_seed18,4,4,6,4;7;8;9,False,False,,4;7;9,8,17.0,33.0,681.0,19.0,5.0,False,1.0,17.0,17.0,False
20,10,_original_nint128_seed18,4,4,6,0;1;2;4,False,False,,0;1;4,2,17.0,35.0,613.0,19.0,5.0,False,1.0,17.0,17.0,False
20,10,_original_nint128_seed18,4,4,6,0;2;3;4,False,False,,0;3;4,2,15.0,28.0,626.0,22.0,5.0,False,1.0,15.0,15.0,False
20,10,_original_nint128_seed18,4,4,6,0;2;4;5,False,False,,0;4;5,2,16.0,30.0,675.0,19.0,5.0,False,1.0,16.0,16.0,False
20,10,_original_nint128_seed18,4,4,6,0;2;4;6,False,False,,0;4;6,2,16.0,32.0,625.0,19.0,5.0,False,1.0,16.0,16.0,False
20,10,_original_nint128_seed18,4,4,6,0;2;4;7,False,False,,0;4;7,2,18.0,37.0,632.0,17.0,5.0,False,1.0,18.0,18.0,False
20,10,_original_nint128_seed18,4,4,6,0;2;4;8,False,False,,0;4;8,2,18.0,36.0,752.0,14.0,5.0,False,1.0,18.0,18.0,False
20,10,_original_nint128_seed18,4,4,6,0;2;4;9,False,False,,0;4;9,2,17.0,34.0,742.0,16.0,5.0,False,1.0,17.0,17.0,False
20,10,_original_nint128_seed18,4,4,6,0;3;5;9,False,False,,3;5;9,0,12.0,21.0,583.0,29.0,5.0,False,1.0,12.0,12.0,False
20,10,_original_nint128_seed18,4,4,6,1;3;5;9,False,False,,1;3;5,9,10.0,20.0,502.0,32.0,5.0,False,1.0,10.0,10.0,False
20,10,_original_nint128_seed18,4,4,6,2;3;5;9,False,False,,3;5;9,2,13.0,25.0,638.0,26.0,5.0,False,1.0,13.0,13.0,False
20,10,_original_nint128_seed18,4,4,6,3;4;5;9,False,False,,3;5;9,4,13.0,23.0,599.0,29.0,5.0,False,1.0,13.0,13.0,False
20,10,_original_nint128_seed18,4,4,6,3;5;7;9,False,False,,3;5;9,7,13.0,23.0,523.0,30.0,5.0,False,1.0,13.0,13.0,False
20,10,_original_nint128_seed18,4,4,6,1;2;4;8,False,False,,1;4;8,2,18.0,37.0,667.0,18.0,5.0,False,1.0,18.0,18.0,False
20,10,_original_nint128_seed18,4,4,6,2;4;5;8,False,False,,4;5;8,2,17.0,32.0,729.0,18.0,5.0,False,1.0,17.0,17.0,False
20,10,_original_nint128_seed18,4,4,6,2;4;6;8,False,False,,4;6;8,2,17.0,34.0,679.0,18.0,5.0,False,1.0,17.0,17.0,False
20,10,_original_nint128_seed18,4,4,6,2;4;8;9,False,False,,4;8;9,2,18.0,36.0,796.0,15.0,5.0,False,1.0,18.0,18.0,False
20,10,_original_nint128_seed18,4,4,6,0;1;4;6,False,False,,0;1;6,4,14.0,28.0,489.0,25.0,5.0,False,1.0,14.0,14.0,False
20,10,_original_nint128_seed18,4,4,6,0;3;4;6,False,False,,0;3;6,4,14.0,24.0,501.0,29.0,5.0,False,1.0,14.0,14.0,False
20,10,_original_nint128_seed18,4,4,6,0;4;6;7,False,False,,0;4;6,7,16.0,30.0,508.0,23.0,5.0,False,1.0,16.0,16.0,False
20,10,_original_nint128_seed18,4,4,6,0;4;6;8,False,False,,0;4;6,8,16.0,30.0,628.0,20.0,5.0,False,1.0,16.0,16.0,False
20,10,_original_nint128_seed18,4,4,6,0;4;6;9,False,False,,0;6;9,4,14.0,27.0,618.0,22.0,5.0,False,1.0,14.0,14.0,False
20,10,_original_nint128_seed18,4,4,6,0;4;7;8,False,False,,0;4;8,7,18.0,35.0,635.0,18.0,5.0,False,1.0,18.0,18.0,False
20,10,_original_nint128_seed18,4,4,6,1;4;7;8,False,False,,1;4;7,8,16.0,32.0,553.0,21.0,5.0,False,1.0,16.0,16.0,False
20,10,_original_nint128_seed18,4,4,6,4;5;7;8,False,False,,4;5;7,8,16.0,28.0,615.0,21.0,5.0,False,1.0,16.0,16.0,False
20,10,_original_nint128_seed18,4,4,6,4;6;7;8,False,False,,4;6;7,8,16.0,30.0,565.0,21.0,5.0,False,1.0,16.0,16.0,False
20,10,_original_nint128_seed18,4,4,6,1;2;3;7,False,False,,1;3;7,2,13.0,25.0,470.0,25.0,5.0,False,1.0,13.0,13.0,False
20,10,_original_nint128_seed18,4,4,6,1;3;4;7,False,False,,1;3;7,4,12.0,21.0,431.0,28.0,5.0,False,1.0,12.0,12.0,False
20,10,_original_nint128_seed18,4,4,6,1;3;5;7,False,False,,1;3;5,7,10.0,18.0,395.0,32.0,5.0,False,1.0,10.0,10.0,False
20,10,_original_nint128_seed18,4,4,6,1;3;6;7,False,False,,1;3;6,7,10.0,17.0,347.0,31.0,5.0,False,1.0,10.0,10.0,False
20,10,_original_nint128_seed18,4,4,6,1;3;7;9,False,False,,1;3;7,9,13.0,25.0,462.0,29.0,5.0,False,1.0,13.0,13.0,False
20,10,_original_nint128_seed18,4,4,6,0;3;4;5,False,False,,0;3;5,4,14.0,24.0,551.0,29.0,5.0,False,1.0,14.0,14.0,False
20,10,_original_nint128_seed18,4,4,6,1;3;4;5,False,False,,1;3;5,4,11.0,21.0,470.0,32.0,5.0,False,1.0,11.0,11.0,False
20,10,_original_nint128_seed18,4,4,6,2;3;4;5,False,False,,3;4;5,2,14.0,27.0,606.0,26.0,5.0,False,1.0,14.0,14.0,False
20,10,_original_nint128_seed18,4,4,6,3;4;5;7,False,False,,3;5;7,4,14.0,23.0,492.0,29.0,5.0,False,1.0,14.0,14.0,False
20,10,_original_nint128_seed18,4,4,6,0;2;5;9,False,False,,0;5;9,2,15.0,29.0,707.0,19.0,5.0,False,1.0,15.0,15.0,False
20,10,_original_nint128_seed18,4,4,6,2;4;5;9,False,False,,4;5;9,2,16.0,30.0,719.0,20.0,5.0,False,1.0,16.0,16.0,False
20,10,_original_nint128_seed18,4,4,6,2;5;7;9,False,False,,5;7;9,2,16.0,31.0,643.0,21.0,5.0,False,1.0,16.0,16.0,False
20,10,_original_nint128_seed18,4,4,6,2;5;8;9,False,False,,5;8;9,2,16.0,31.0,761.0,18.0,5.0,False,1.0,16.0,16.0,False
20,10,_original_nint128_seed18,4,4,6,0;7;8;9,False,False,,0;8;9,7,18.0,37.0,666.0,19.0,5.0,False,1.0,18.0,18.0,False
20,10,_original_nint128_seed18,4,4,6,1;7;8;9,False,False,,1;7;9,8,17.0,36.0,584.0,22.0,5.0,False,1.0,17.0,17.0,False
20,10,_original_nint128_seed18,4,4,6,5;7;8;9,False,False,,5;7;9,8,15.0,28.0,646.0,22.0,5.0,False,1.0,15.0,15.0,False
20,10,_original_nint128_seed18,4,4,6,6;7;8;9,False,False,,6;7;9,8,15.0,29.0,598.0,21.0,5.0,False,1.0,15.0,15.0,False
20,10,_original_nint128_seed18,4,4,6,0;1;6;9,False,False,,0;6;9,1,13.0,27.0,523.0,24.0,5.0,False,1.0,13.0,13.0,False
20,10,_original_nint128_seed18,4,4,6,0;3;6;9,False,False,,3;6;9,0,12.0,20.0,535.0,28.0,5.0,False,1.0,12.0,12.0,False
20,10,_original_nint128_seed18,4,4,6,0;6;7;9,False,False,,0;6;9,7,15.0,30.0,541.0,23.0,5.0,False,1.0,15.0,15.0,False
20,10,_original_nint128_seed18,4,4,6,0;6;8;9,False,False,,0;6;9,8,14.0,27.0,662.0,19.0,5.0,False,1.0,14.0,14.0,False
20,10,_original_nint128_seed18,4,4,6,0;1;3;9,False,False,,1;3;9,0,13.0,25.0,522.0,28.0,5.0,False,1.0,13.0,13.0,False
20,10,_original_nint128_seed18,4,4,6,0;1;4;9,False,False,,0;4;9,1,15.0,31.0,606.0,22.0,5.0,False,1.0,15.0,15.0,False
20,10,_original_nint128_seed18,4,4,6,0;1;5;9,False,False,,0;5;9,1,13.0,26.0,571.0,25.0,5.0,False,1.0,13.0,13.0,False
20,10,_original_nint128_seed18,4,4,6,0;1;8;9,False,False,,0;1;9,8,17.0,35.0,648.0,20.0,5.0,False,1.0,17.0,17.0,False
20,10,_original_nint128_seed18,4,4,6,0;2;6;7,False,False,,0;6;7,2,16.0,33.0,549.0,19.0,5.0,False,1.0,16.0,16.0,False
20,10,_original_nint128_seed18,4,4,6,1;2;6;7,False,False,,1;6;7,2,14.0,30.0,467.0,22.0,5.0,False,1.0,14.0,14.0,False
20,10,_original_nint128_seed18,4,4,6,2;3;6;7,False,False,,3;6;7,2,13.0,23.0,483.0,25.0,5.0,False,1.0,13.0,13.0,False
20,10,_original_nint128_seed18,4,4,6,2;4;6;7,False,False,,4;6;7,2,16.0,32.0,562.0,20.0,5.0,False,1.0,16.0,16.0,False
20,10,_original_nint128_seed18,4,4,6,0;5;7;9,False,False,,0;5;9,7,15.0,29.0,589.0,24.0,5.0,False,1.0,15.0,15.0,False
20,10,_original_nint128_seed18,4,4,6,1;5;7;9,False,False,,1;5;7,9,13.0,27.0,507.0,27.0,5.0,False,1.0,13.0,13.0,False
20,10,_original_nint128_seed18,4,4,6,0;4;8;9,False,False,,0;4;9,8,16.0,31.0,745.0,17.0,5.0,False,1.0,16.0,16.0,False
20,10,_original_nint128_seed18,4,4,6,1;4;8;9,False,False,,1;4;9,8,16.0,33.0,660.0,21.0,5.0,False,1.0,16.0,16.0,False
20,10,_original_nint128_seed18,4,4,6,4;5;8;9,False,False,,4;5;9,8,15.0,27.0,722.0,21.0,5.0,False,1.0,15.0,15.0,False
20,10,_original_nint128_seed18,4,4,6,4;6;8;9,False,False,,4;6;9,8,15.0,29.0,672.0,21.0,5.0,False,1.0,15.0,15.0,False
20,10,_original_nint128_seed18,4,4,6,1;3;4;9,False,False,,1;3;4,9,12.0,23.0,538.0,28.0,5.0,False,1.0,12.0,12.0,False
20,10,_original_nint128_seed18,4,4,6,1;3;6;9,False,False,,1;3;6,9,10.0,19.0,454.0,31.0,5.0,False,1.0,10.0,10.0,False
20,10,_original_nint128_seed18,4,4,6,0;1;2;3,False,False,,0;1;3,2,14.0,28.0,529.0,25.0,5.0,False,1.0,14.0,14.0,False
20,10,_original_nint128_seed18,4,4,6,0;1;3;4,False,False,,1;3;4,0,13.0,24.0,490.0,28.0,5.0,False,1.0,13.0,13.0,False
20,10,_original_nint128_seed18,4,4,6,0;1;3;5,False,False,,1;3;5,0,11.0,21.0,454.0,32.0,5.0,False,1.0,11.0,11.0,False
20,10,_original_nint128_seed18,4,4,6,0;1;3;6,False,False,,1;3;6,0,11.0,20.0,406.0,31.0,5.0,False,1.0,11.0,11.0,False
20,10,_original_nint128_seed18,4,4,6,0;1;4;8,False,False,,0;1;4,8,17.0,33.0,616.0,20.0,5.0,False,1.0,17.0,17.0,False
20,10,_original_nint128_seed18,4,4,6,0;4;5;8,False,False,,0;4;5,8,16.0,28.0,678.0,20.0,5.0,False,1.0,16.0,16.0,False
20,10,_original_nint128_seed18,4,4,6,1;4;6;7,False,False,,1;6;7,4,13.0,27.0,426.0,26.0,5.0,False,1.0,13.0,13.0,False
20,10,_original_nint128_seed18,4,4,6,3;4;6;7,False,False,,3;6;7,4,14.0,23.0,442.0,29.0,5.0,False,1.0,14.0,14.0,False
20,10,_original_nint128_seed18,4,4,6,1;2;3;6,False,False,,1;3;6,2,11.0,22.0,461.0,28.0,5.0,False,1.0,11.0,11.0,False
20,10,_original_nint128_seed18,4,4,6,1;3;4;6,False,False,,1;3;6,4,11.0,21.0,420.0,32.0,5.0,False,1.0,11.0,11.0,False
20,10,_original_nint128_seed18,4,4,6,0;3;6;7,False,False,,3;6;7,0,14.0,23.0,425.0,29.0,5.0,False,1.0,14.0,14.0,False
20,10,_original_nint128_seed18,4,4,6,0;6;7;8,False,False,,0;6;8,7,16.0,31.0,552.0,20.0,5.0,False,1.0,16.0,16.0,False
20,10,_original_nint128_seed18,4,4,6,0;1;6;8,False,False,,0;1;6,8,15.0,29.0,533.0,22.0,5.0,False,1.0,15.0,15.0,False
20,10,_original_nint128_seed18,4,4,6,1;2;6;8,False,False,,1;6;8,2,16.0,33.0,584.0,20.0,5.0,False,1.0,16.0,16.0,False
20,10,_original_nint128_seed18,4,4,6,1;4;6;8,False,False,,1;4;6,8,15.0,30.0,543.0,24.0,5.0,False,1.0,15.0,15.0,False
20,10,_original_nint128_seed18,4,4,6,1;6;7;8,False,False,,1;6;7,8,14.0,28.0,470.0,23.0,5.0,False,1.0,14.0,14.0,False
20,10,_original_nint128_seed18,4,4,6,1;6;8;9,False,False,,1;6;9,8,14.0,29.0,577.0,23.0,5.0,False,1.0,14.0,14.0,False
20,10,_original_nint128_seed18,4,4,6,1;2;3;4,False,False,,1;3;4,2,13.0,26.0,545.0,25.0,5.0,False,1.0,13.0,13.0,False
20,10,_original_nint128_seed18,4,4,6,2;3;4;6,False,False,,2;3;6,4,14.0,27.0,556.0,26.0,5.0,False,1.0,14.0,14.0,False
20,10,_original_nint128_seed18,4,4,6,2;3;4;7,False,False,,3;4;7,2,15.0,27.0,567.0,22.0,5.0,False,1.0,15.0,15.0,False
20,10,_original_nint128_seed18,4,4,6,2;3;4;9,False,False,,3;4;9,2,15.0,28.0,674.0,22.0,5.0,False,1.0,15.0,15.0,False
20,10,_original_nint128_seed18,4,4,6,1;4;6;9,False,False,,1;6;9,4,13.0,28.0,533.0,26.0,5.0,False,1.0,13.0,13.0,False
20,10,_original_nint128_seed18,4,4,6,3;4;6;9,False,False,,3;6;9,4,13.0,23.0,549.0,29.0,5.0,False,1.0,13.0,13.0,False
20,10,_original_nint128_seed18,4,4,6,1;2;5;7,False,False,,1;5;7,2,14.0,29.0,515.0,23.0,5.0,False,1.0,14.0,14.0,False
20,10,_original_nint128_seed18,4,4,6,1;4;5;7,False,False,,1;5;7,4,13.0,25.0,476.0,26.0,5.0,False,1.0,13.0,13.0,False
20,10,_original_nint128_seed18,4,4,6,1;5;7;8,False,False,,1;5;7,8,14.0,27.0,518.0,24.0,5.0,False,1.0,14.0,14.0,False
20,10,_original_nint128_seed18,4,4,6,0;2;3;5,False,False,,0;3;5,2,13.0,25.0,590.0,26.0,5.0,False,1.0,13.0,13.0,False
20,10,_original_nint128_seed18,4,4,6,0;3;5;7,False,False,,3;5;7,0,14.0,24.0,473.0,30.0,5.0,False,1.0,14.0,14.0,False
20,10,_original_nint128_seed18,4,4,6,1;2;4;6,False,False,,1;4;6,2,15.0,32.0,540.0,23.0,5.0,False,1.0,15.0,15.0,False
20,10,_original_nint128_seed18,4,4,6,1;4;5;8,False,False,,1;4;5,8,15.0,28.0,593.0,24.0,5.0,False,1.0,15.0,15.0,False
20,10,_original_nint128_seed18,4,4,6,0;2;3;9,False,False,,0;3;9,2,15.0,28.0,658.0,22.0,5.0,False,1.0,15.0,15.0,False
20,10,_original_nint128_seed18,4,4,6,2;3;7;9,False,False,,3;7;9,2,16.0,30.0,598.0,23.0,5.0,False,1.0,16.0,16.0,False
20,10,_original_nint128_seed18,4,4,6,0;2;3;6,False,False,,0;3;6,2,13.0,24.0,542.0,25.0,5.0,False,1.0,13.0,13.0,False
20,10,_original_nint128_seed18,4,4,6,0;2;3;7,False,False,,2;3;7,0,16.0,30.0,548.0,23.0,5.0,False,1.0,16.0,16.0,False
20,10,_original_nint128_seed18,4,4,6,1;2;4;7,False,False,,1;4;7,2,16.0,34.0,550.0,20.0,5.0,False,1.0,16.0,16.0,False
20,10,_original_nint128_seed18,4,4,6,1;2;3;5,False,False,,1;3;5,2,11.0,23.0,509.0,29.0,5.0,False,1.0,11.0,11.0,False
20,10,_original_nint128_seed18,4,4,6,2;3;5;7,False,False,,3;5;7,2,13.0,24.0,531.0,26.0,5.0,False,1.0,13.0,13.0,False
20,10,_original_nint128_seed18,4,4,6,1;5;8;9,False,False,,1;5;9,8,14.0,28.0,625.0,24.0,5.0,False,1.0,14.0,14.0,False
20,10,_original_nint128_seed18,4,4,6,1;4;5;9,False,False,,1;5;9,4,13.0,26.0,583.0,26.0,5.0,False,1.0,13.0,13.0,False
20,10,_original_nint128_seed18,4,4,6,0;2;5;8,False,False,,0;5;8,2,16.0,31.0,717.0,17.0,5.0,False,1.0,16.0,16.0,False
20,10,_original_nint128_seed18,4,4,6,1;2;5;8,False,False,,1;5;8,2,16.0,32.0,632.0,21.0,5.0,False,1.0,16.0,16.0,False
20,10,_original_nint128_seed18,4,4,6,0;1;2;6,False,False,,0;1;6,2,15.0,31.0,530.0,21.0,5.0,False,1.0,15.0,15.0,False
20,10,_original_nint128_seed18,4,4,6,0;3;4;7,False,False,,3;4;7,0,16.0,27.0,509.0,26.0,5.0,False,1.0,16.0,16.0,False
20,10,_original_nint128_seed18,4,4,6,0;3;4;9,False,False,,0;3;9,4,14.0,24.0,619.0,25.0,5.0,False,1.0,14.0,14.0,False
20,10,_original_nint128_seed18,4,4,6,0;1;4;5,False,False,,0;1;5,4,14.0,26.0,539.0,25.0,5.0,False,1.0,14.0,14.0,False
20,10,_original_nint128_seed18,4,4,6,1;2;4;5,False,False,,1;4;5,2,15.0,30.0,590.0,23.0,5.0,False,1.0,15.0,15.0,False
20,10,_original_nint128_seed18,4,4,6,0;2;5;7,False,False,,0;5;7,2,16.0,32.0,597.0,20.0,5.0,False,1.0,16.0,16.0,False
20,10,_original_nint128_seed18,4,4,6,2;4;5;7,False,False,,4;5;7,2,16.0,30.0,612.0,20.0,5.0,False,1.0,16.0,16.0,False
20,10,_original_nint128_seed18,4,4,6,0;5;8;9,False,False,,0;5;9,8,14.0,26.0,710.0,20.0,5.0,False,1.0,14.0,14.0,False
20,10,_original_nint128_seed18,4,4,6,1;6;7;9,False,False,,1;6;7,9,13.0,28.0,459.0,26.0,5.0,False,1.0,13.0,13.0,False
20,10,_original_nint128_seed18,4,4,6,0;4;5;7,False,False,,0;4;5,7,16.0,29.0,558.0,23.0,5.0,False,1.0,16.0,16.0,False
20,10,_original_nint128_seed18,4,4,6,0;5;7;8,False,False,,0;5;8,7,16.0,30.0,600.0,21.0,5.0,False,1.0,16.0,16.0,False
20,10,_original_nint128_seed18,4,4,6,0;1;5;8,False,False,,0;1;5,8,15.0,28.0,581.0,23.0,5.0,False,1.0,15.0,15.0,False
20,10,_original_nint128_seed18,4,4,6,0;1;2;5,False,False,,0;1;5,2,15.0,30.0,578.0,22.0,5.0,False,1.0,15.0,15.0,False
20,10,_original_nint128_seed18,4,4,6,3;6;7;9,False,False,,3;6;9,7,13.0,22.0,475.0,29.0,5.0,False,1.0,13.0,13.0,False
20,10,_original_nint128_seed18,4,4,6,0;4;5;9,False,False,,0;5;9,4,14.0,25.0,668.0,22.0,5.0,False,1.0,14.0,14.0,False
20,10,_original_nint128_seed18,4,4,6,0;1;2;8,False,False,,0;1;8,2,19.0,39.0,655.0,17.0,5.0,False,1.0,19.0,19.0,False
20,10,_original_nint128_seed18,4,4,6,0;2;8;9,False,False,,0;8;9,2,18.0,37.0,784.0,14.0,5.0,False,1.0,18.0,18.0,False
20,10,_original_nint128_seed18,4,4,6,0;2;6;8,False,False,,0;6;8,2,16.0,32.0,669.0,16.0,5.0,False,1.0,16.0,16.0,False
20,10,_original_nint128_seed18,4,4,6,0;3;7;9,False,False,,0;3;9,7,16.0,29.0,540.0,27.0,5.0,False,1.0,16.0,16.0,False
20,10,_original_nint128_seed18,5,5,5,0;1;2;7;8,False,False,,0;1;7;8,2,16.0,34.0,510.0,23.0,5.0,False,1.0,16.0,16.0,False
20,10,_original_nint128_seed18,5,5,5,0;2;4;7;8,False,False,,0;4;7;8,2,15.0,31.0,607.0,20.0,5.0,False,1.0,15.0,15.0,False
20,10,_original_nint128_seed18,5,5,5,0;2;5;7;8,False,False,,0;5;7;8,2,13.0,26.0,572.0,23.0,5.0,False,1.0,13.0,13.0,False
20,10,_original_nint128_seed18,5,5,5,0;2;6;7;8,False,False,,0;6;7;8,2,13.0,27.0,524.0,22.0,5.0,False,1.0,13.0,13.0,False
20,10,_original_nint128_seed18,5,5,5,0;1;2;4;9,False,False,,0;1;4;9,2,14.0,29.0,578.0,24.0,5.0,False,1.0,14.0,14.0,False
20,10,_original_nint128_seed18,5,5,5,0;2;3;4;9,False,False,,0;3;4;9,2,12.0,21.0,591.0,27.0,5.0,False,1.0,12.0,12.0,False
20,10,_original_nint128_seed18,5,5,5,0;2;4;5;9,False,False,,0;4;5;9,2,12.0,22.0,640.0,24.0,5.0,False,1.0,12.0,12.0,False
20,10,_original_nint128_seed18,5,5,5,0;2;4;6;9,False,False,,0;4;6;9,2,12.0,24.0,590.0,24.0,5.0,False,1.0,12.0,12.0,False
20,10,_original_nint128_seed18,5,5,5,0;2;4;8;9,False,False,,0;4;8;9,2,14.0,28.0,717.0,19.0,5.0,False,1.0,14.0,14.0,False
20,10,_original_nint128_seed18,5,5,5,0;1;3;4;6,False,False,,0;1;3;6,4,9.0,16.0,337.0,37.0,5.0,False,1.0,9.0,9.0,False
20,10,_original_nint128_seed18,5,5,5,0;2;3;4;6,False,False,,0;2;3;6,4,11.0,20.0,473.0,31.0,5.0,False,1.0,11.0,11.0,False
20,10,_original_nint128_seed18,5,5,5,0;3;4;6;7,False,False,,0;3;6;7,4,12.0,19.0,356.0,35.0,5.0,False,1.0,12.0,12.0,False
20,10,_original_nint128_seed18,5,5,5,0;3;4;6;9,False,False,,0;3;6;9,4,10.0,16.0,466.0,34.0,5.0,False,1.0,10.0,10.0,False
20,10,_original_nint128_seed18,5,5,5,0;1;3;4;7,False,False,,1;3;4;7,0,11.0,19.0,345.0,34.0,5.0,False,1.0,11.0,11.0,False
20,10,_original_nint128_seed18,5,5,5,0;2;3;4;7,False,False,,2;3;4;7,0,13.0,23.0,481.0,28.0,5.0,False,1.0,13.0,13.0,False
20,10,_original_nint128_seed18,5,5,5,0;3;4;5;7,False,False,,3;4;5;7,0,12.0,19.0,406.0,35.0,5.0,False,1.0,12.0,12.0,False
20,10,_original_nint128_seed18,5,5,5,0;3;4;7;9,False,False,,0;3;4;9,7,13.0,22.0,473.0,32.0,5.0,False,1.0,13.0,13.0,False
20,10,_original_nint128_seed18,5,5,5,0;1;2;8;9,False,False,,0;1;8;9,2,16.0,33.0,620.0,22.0,5.0,False,1.0,16.0,16.0,False
20,10,_original_nint128_seed18,5,5,5,1;2;4;8;9,False,False,,1;4;8;9,2,15.0,31.0,632.0,23.0,5.0,False,1.0,15.0,15.0,False
20,10,_original_nint128_seed18,5,5,5,1;2;5;8;9,False,False,,1;5;8;9,2,13.0,26.0,597.0,26.0,5.0,False,1.0,13.0,13.0,False
20,10,_original_nint128_seed18,5,5,5,1;2;6;8;9,False,False,,1;6;8;9,2,13.0,27.0,549.0,25.0,5.0,False,1.0,13.0,13.0,False
20,10,_original_nint128_seed18,5,5,5,1;2;7;8;9,False,False,,1;7;8;9,2,16.0,34.0,556.0,24.0,5.0,False,1.0,16.0,16.0,False
20,10,_original_nint128_seed18,5,5,5,1;2;3;4;9,False,False,,1;3;4;9,2,11.0,21.0,510.0,30.0,5.0,False,1.0,11.0,11.0,False
20,10,_original_nint128_seed18,5,5,5,2;3;4;5;9,False,False,,3;4;5;9,2,11.0,20.0,571.0,31.0,5.0,False,1.0,11.0,11.0,False
20,10,_original_nint128_seed18,5,5,5,2;3;4;6;9,False,False,,3;4;6;9,2,11.0,20.0,521.0,31.0,5.0,False,1.0,11.0,11.0,False
20,10,_original_nint128_seed18,5,5,5,2;3;4;7;9,False,False,,3;4;7;9,2,13.0,23.0,531.0,28.0,5.0,False,1.0,13.0,13.0,False
20,10,_original_nint128_seed18,5,5,5,0;1;2;3;4,False,False,,0;1;3;4,2,11.0,21.0,462.0,30.0,5.0,False,1.0,11.0,11.0,False
20,10,_original_nint128_seed18,5,5,5,0;2;3;4;5,False,False,,0;3;4;5,2,11.0,20.0,523.0,31.0,5.0,False,1.0,11.0,11.0,False
20,10,_original_nint128_seed18,5,5,5,0;4;7;8;9,False,False,,0;4;8;9,7,14.0,28.0,599.0,24.0,5.0,False,1.0,14.0,14.0,False
20,10,_original_nint128_seed18,5,5,5,1;4;7;8;9,False,False,,1;4;7;9,8,13.0,27.0,517.0,27.0,5.0,False,1.0,13.0,13.0,False
20,10,_original_nint128_seed18,5,5,5,2;4;7;8;9,False,False,,4;7;8;9,2,15.0,30.0,653.0,21.0,5.0,False,1.0,15.0,15.0,False
20,10,_original_nint128_seed18,5,5,5,4;5;7;8;9,False,False,,4;5;7;9,8,12.0,21.0,579.0,27.0,5.0,False,1.0,12.0,12.0,False
20,10,_original_nint128_seed18,5,5,5,4;6;7;8;9,False,False,,4;6;7;9,8,12.0,23.0,529.0,27.0,5.0,False,1.0,12.0,12.0,False
20,10,_original_nint128_seed18,5,5,5,0;1;2;4;8,False,False,,0;1;4;8,2,15.0,30.0,588.0,22.0,5.0,False,1.0,15.0,15.0,False
20,10,_original_nint128_seed18,5,5,5,0;1;2;5;8,False,False,,0;1;5;8,2,13.0,25.0,553.0,25.0,5.0,False,1.0,13.0,13.0,False
20,10,_original_nint128_seed18,5,5,5,0;1;2;6;8,False,False,,0;1;6;8,2,13.0,26.0,505.0,24.0,5.0,False,1.0,13.0,13.0,False
20,10,_original_nint128_seed18,5,5,5,1;3;4;7;9,False,False,,1;3;4;7,9,10.0,18.0,395.0,34.0,5.0,False,1.0,10.0,10.0,False
20,10,_original_nint128_seed18,5,5,5,3;4;5;7;9,False,False,,3;4;5;9,7,11.0,18.0,456.0,35.0,5.0,False,1.0,11.0,11.0,False
20,10,_original_nint128_seed18,5,5,5,3;4;6;7;9,False,False,,3;6;7;9,4,11.0,18.0,406.0,35.0,5.0,False,1.0,11.0,11.0,False
20,10,_original_nint128_seed18,5,5,5,0;1;3;4;9,False,False,,1;3;4;9,0,10.0,18.0,455.0,33.0,5.0,False,1.0,10.0,10.0,False
20,10,_original_nint128_seed18,5,5,5,0;1;4;5;9,False,False,,0;4;5;9,1,10.0,19.0,504.0,30.0,5.0,False,1.0,10.0,10.0,False
20,10,_original_nint128_seed18,5,5,5,0;1;4;6;9,False,False,,0;1;6;9,4,10.0,21.0,454.0,30.0,5.0,False,1.0,10.0,10.0,False
20,10,_original_nint128_seed18,5,5,5,0;1;4;7;9,False,False,,0;1;4;9,7,13.0,28.0,460.0,29.0,5.0,False,1.0,13.0,13.0,False
20,10,_original_nint128_seed18,5,5,5,0;1;4;8;9,False,False,,0;1;4;9,8,13.0,26.0,581.0,25.0,5.0,False,1.0,13.0,13.0,False
20,10,_original_nint128_seed18,5,5,5,1;2;4;5;8,False,False,,1;4;5;8,2,13.0,25.0,565.0,26.0,5.0,False,1.0,13.0,13.0,False
20,10,_original_nint128_seed18,5,5,5,1;2;4;6;8,False,False,,1;4;6;8,2,13.0,27.0,515.0,26.0,5.0,False,1.0,13.0,13.0,False
20,10,_original_nint128_seed18,5,5,5,1;2;4;7;8,False,False,,1;4;7;8,2,14.0,29.0,525.0,23.0,5.0,False,1.0,14.0,14.0,False
20,10,_original_nint128_seed18,5,5,5,0;1;2;4;7,False,False,,0;1;4;7,2,14.0,30.0,468.0,25.0,5.0,False,1.0,14.0,14.0,False
20,10,_original_nint128_seed18,5,5,5,0;2;4;5;7,False,False,,0;4;5;7,2,13.0,25.0,530.0,25.0,5.0,False,1.0,13.0,13.0,False
20,10,_original_nint128_seed18,5,5,5,0;2;4;6;7,False,False,,0;4;6;7,2,13.0,26.0,480.0,25.0,5.0,False,1.0,13.0,13.0,False
20,10,_original_nint128_seed18,5,5,5,0;2;4;6;8,False,False,,0;4;6;8,2,13.0,26.0,600.0,22.0,5.0,False,1.0,13.0,13.0,False
20,10,_original_nint128_seed18,5,5,5,2;4;6;7;8,False,False,,4;6;7;8,2,13.0,26.0,537.0,23.0,5.0,False,1.0,13.0,13.0,False
20,10,_original_nint128_seed18,5,5,5,2;4;6;8;9,False,False,,4;6;8;9,2,13.0,26.0,644.0,23.0,5.0,False,1.0,13.0,13.0,False
20,10,_original_nint128_seed18,5,5,5,0;1;2;3;9,False,False,,0;1;3;9,2,12.0,23.0,494.0,30.0,5.0,False,1.0,12.0,12.0,False
20,10,_original_nint128_seed18,5,5,5,0;2;3;5;9,False,False,,0;3;5;9,2,10.0,18.0,555.0,31.0,5.0,False,1.0,10.0,10.0,False
20,10,_original_nint128_seed18,5,5,5,0;2;3;6;9,False,False,,0;3;6;9,2,10.0,17.0,507.0,30.0,5.0,False,1.0,10.0,10.0,False
20,10,_original_nint128_seed18,5,5,5,0;1;2;4;5,False,False,,0;1;4;5,2,12.0,23.0,511.0,27.0,5.0,False,1.0,12.0,12.0,False
20,10,_original_nint128_seed18,5,5,5,1;2;3;4;5,False,False,,1;3;4;5,2,9.0,18.0,442.0,34.0,5.0,False,1.0,9.0,9.0,False
20,10,_original_nint128_seed18,5,5,5,1;2;4;5;7,False,False,,1;4;5;7,2,11.0,22.0,448.0,28.0,5.0,False,1.0,11.0,11.0,False
20,10,_original_nint128_seed18,5,5,5,1;2;4;5;9,False,False,,1;4;5;9,2,12.0,24.0,555.0,28.0,5.0,False,1.0,12.0,12.0,False
20,10,_original_nint128_seed18,5,5,5,0;1;4;7;8,False,False,,1;4;7;8,0,14.0,28.0,471.0,26.0,5.0,False,1.0,14.0,14.0,False
20,10,_original_nint128_seed18,5,5,5,1;4;5;7;8,False,False,,1;4;5;7,8,11.0,20.0,451.0,29.0,5.0,False,1.0,11.0,11.0,False
20,10,_original_nint128_seed18,5,5,5,1;4;6;7;8,False,False,,1;4;6;7,8,11.0,22.0,401.0,29.0,5.0,False,1.0,11.0,11.0,False
20,10,_original_nint128_seed18,5,5,5,0;1;2;3;5,False,False,,0;1;3;5,2,9.0,18.0,426.0,34.0,5.0,False,1.0,9.0,9.0,False
20,10,_original_nint128_seed18,5,5,5,0;1;3;4;5,False,False,,0;1;3;5,4,9.0,16.0,387.0,37.0,5.0,False,1.0,9.0,9.0,False
20,10,_original_nint128_seed18,5,5,5,0;1;3;5;7,False,False,,1;3;5;7,0,9.0,16.0,309.0,38.0,5.0,False,1.0,9.0,9.0,False
20,10,_original_nint128_seed18,5,5,5,0;1;3;5;9,False,False,,1;3;5;9,0,8.0,15.0,419.0,37.0,5.0,False,1.0,8.0,8.0,False
20,10,_original_nint128_seed18,5,5,5,0;1;6;7;8,False,False,,1;6;7;8,0,12.0,24.0,388.0,28.0,5.0,False,1.0,12.0,12.0,False
20,10,_original_nint128_seed18,5,5,5,1;2;6;7;8,False,False,,1;6;7;8,2,12.0,25.0,442.0,25.0,5.0,False,1.0,12.0,12.0,False
20,10,_original_nint128_seed18,5,5,5,1;6;7;8;9,False,False,,1;6;7;9,8,11.0,23.0,434.0,29.0,5.0,False,1.0,11.0,11.0,False
20,10,_original_nint128_seed18,5,5,5,1;2;4;6;9,False,False,,1;4;6;9,2,12.0,26.0,505.0,28.0,5.0,False,1.0,12.0,12.0,False
20,10,_original_nint128_seed18,5,5,5,1;2;4;7;9,False,False,,1;4;7;9,2,14.0,30.0,514.0,26.0,5.0,False,1.0,14.0,14.0,False
20,10,_original_nint128_seed18,5,5,5,0;1;2;6;9,False,False,,0;1;6;9,2,12.0,25.0,495.0,26.0,5.0,False,1.0,12.0,12.0,False
20,10,_original_nint128_seed18,5,5,5,1;2;3;6;9,False,False,,1;3;6;9,2,9.0,17.0,426.0,33.0,5.0,False,1.0,9.0,9.0,False
20,10,_original_nint128_seed18,5,5,5,1;2;6;7;9,False,False,,1;6;7;9,2,12.0,26.0,431.0,28.0,5.0,False,1.0,12.0,12.0,False
20,10,_original_nint128_seed18,5,5,5,0;2;5;8;9,False,False,,0;5;8;9,2,12.0,23.0,682.0,22.0,5.0,False,1.0,12.0,12.0,False
20,10,_original_nint128_seed18,5,5,5,2;4;5;8;9,False,False,,4;5;8;9,2,13.0,24.0,694.0,23.0,5.0,False,1.0,13.0,13.0,False
20,10,_original_nint128_seed18,5,5,5,2;5;7;8;9,False,False,,5;7;8;9,2,13.0,25.0,618.0,24.0,5.0,False,1.0,13.0,13.0,False
20,10,_original_nint128_seed18,5,5,5,1;2;5;7;8,False,False,,1;5;7;8,2,12.0,24.0,490.0,26.0,5.0,False,1.0,12.0,12.0,False
20,10,_original_nint128_seed18,5,5,5,1;2;3;4;7,False,False,,1;3;4;7,2,10.0,18.0,403.0,30.0,5.0,False,1.0,10.0,10.0,False
20,10,_original_nint128_seed18,5,5,5,2;3;4;5;7,False,False,,3;4;5;7,2,11.0,19.0,464.0,31.0,5.0,False,1.0,11.0,11.0,False
20,10,_original_nint128_seed18,5,5,5,2;3;4;6;7,False,False,,2;3;6;7,4,11.0,19.0,414.0,31.0,5.0,False,1.0,11.0,11.0,False
20,10,_original_nint128_seed18,5,5,5,0;1;5;8;9,False,False,,0;1;5;9,8,11.0,21.0,546.0,28.0,5.0,False,1.0,11.0,11.0,False
20,10,_original_nint128_seed18,5,5,5,0;1;6;8;9,False,False,,0;1;6;9,8,11.0,22.0,498.0,27.0,5.0,False,1.0,11.0,11.0,False
20,10,_original_nint128_seed18,5,5,5,0;1;7;8;9,False,False,,0;1;8;9,7,15.0,32.0,502.0,27.0,5.0,False,1.0,15.0,15.0,False
20,10,_original_nint128_seed18,5,5,5,0;1;2;5;7,False,False,,0;1;5;7,2,12.0,25.0,433.0,28.0,5.0,False,1.0,12.0,12.0,False
20,10,_original_nint128_seed18,5,5,5,0;2;3;5;7,False,False,,2;3;5;7,0,11.0,20.0,445.0,32.0,5.0,False,1.0,11.0,11.0,False
20,10,_original_nint128_seed18,5,5,5,0;1;6;7;9,False,False,,0;1;6;9,7,11.0,24.0,377.0,31.0,5.0,False,1.0,11.0,11.0,False
20,10,_original_nint128_seed18,5,5,5,0;3;6;7;9,False,False,,0;3;6;9,7,11.0,18.0,389.0,35.0,5.0,False,1.0,11.0,11.0,False
20,10,_original_nint128_seed18,5,5,5,0;4;6;7;9,False,False,,0;4;6;9,7,12.0,23.0,472.0,29.0,5.0,False,1.0,12.0,12.0,False
20,10,_original_nint128_seed18,5,5,5,0;6;7;8;9,False,False,,0;6;8;9,7,12.0,24.0,516.0,26.0,5.0,False,1.0,12.0,12.0,False
20,10,_original_nint128_seed18,5,5,5,1;2;3;5;7,False,False,,1;3;5;7,2,8.0,15.0,367.0,34.0,5.0,False,1.0,8.0,8.0,False
20,10,_original_nint128_seed18,5,5,5,1;2;3;5;9,False,False,,1;3;5;9,2,9.0,18.0,474.0,34.0,5.0,False,1.0,9.0,9.0,False
20,10,_original_nint128_seed18,5,5,5,0;4;6;8;9,False,False,,0;4;6;9,8,11.0,21.0,593.0,25.0,5.0,False,1.0,11.0,11.0,False
20,10,_original_nint128_seed18,5,5,5,1;4;6;8;9,False,False,,1;4;6;9,8,11.0,23.0,508.0,29.0,5.0,False,1.0,11.0,11.0,False
20,10,_original_nint128_seed18,5,5,5,1;3;4;5;9,False,False,,1;3;5;9,4,8.0,15.0,435.0,37.0,5.0,False,1.0,8.0,8.0,False
20,10,_original_nint128_seed18,5,5,5,1;4;5;7;9,False,False,,1;4;5;7,9,10.0,20.0,440.0,32.0,5.0,False,1.0,10.0,10.0,False
20,10,_original_nint128_seed18,5,5,5,1;4;5;8;9,False,False,,1;4;5;9,8,11.0,21.0,558.0,29.0,5.0,False,1.0,11.0,11.0,False
20,10,_original_nint128_seed18,5,5,5,0;4;5;7;8,False,False,,0;4;5;8,7,13.0,23.0,533.0,26.0,5.0,False,1.0,13.0,13.0,False
20,10,_original_nint128_seed18,5,5,5,2;4;5;7;8,False,False,,4;5;7;8,2,13.0,24.0,587.0,23.0,5.0,False,1.0,13.0,13.0,False
20,10,_original_nint128_seed18,5,5,5,0;1;4;6;7,False,False,,1;4;6;7,0,11.0,22.0,344.0,31.0,5.0,False,1.0,11.0,11.0,False
20,10,_original_nint128_seed18,5,5,5,1;2;4;6;7,False,False,,1;4;6;7,2,11.0,24.0,398.0,28.0,5.0,False,1.0,11.0,11.0,False
20,10,_original_nint128_seed18,5,5,5,1;3;4;6;7,False,False,,1;3;6;7,4,8.0,13.0,278.0,37.0,5.0,False,1.0,8.0,8.0,False
20,10,_original_nint128_seed18,5,5,5,1;4;6;7;9,False,False,,1;4;6;7,9,10.0,22.0,390.0,32.0,5.0,False,1.0,10.0,10.0,False
20,10,_original_nint128_seed18,5,5,5,0;1;4;5;7,False,False,,1;4;5;7,0,11.0,21.0,394.0,31.0,5.0,False,1.0,11.0,11.0,False
20,10,_original_nint128_seed18,5,5,5,0;4;5;7;9,False,False,,0;4;5;9,7,12.0,22.0,522.0,29.0,5.0,False,1.0,12.0,12.0,False
20,10,_original_nint128_seed18,5,5,5,0;4;6;7;8,False,False,,0;4;6;7,8,13.0,24.0,483.0,26.0,5.0,False,1.0,13.0,13.0,False
20,10,_original_nint128_seed18,5,5,5,2;4;5;7;9,False,False,,4;5;7;9,2,13.0,24.0,576.0,26.0,5.0,False,1.0,13.0,13.0,False
20,10,_original_nint128_seed18,5,5,5,0;1;4;5;8,False,False,,0;1;4;5,8,12.0,21.0,514.0,28.0,5.0,False,1.0,12.0,12.0,False
20,10,_original_nint128_seed18,5,5,5,1;5;7;8;9,False,False,,1;5;7;9,8,11.0,22.0,482.0,30.0,5.0,False,1.0,11.0,11.0,False
20,10,_original_nint128_seed18,5,5,5,0;1;2;3;6,False,False,,0;1;3;6,2,9.0,17.0,378.0,33.0,5.0,False,1.0,9.0,9.0,False
20,10,_original_nint128_seed18,5,5,5,0;2;3;6;7,False,False,,2;3;6;7,0,11.0,19.0,397.0,31.0,5.0,False,1.0,11.0,11.0,False
20,10,_original_nint128_seed18,5,5,5,0;1;2;6;7,False,False,,0;1;6;7,2,12.0,26.0,385.0,27.0,5.0,False,1.0,12.0,12.0,False
20,10,_original_nint128_seed18,5,5,5,1;2;3;6;7,False,False,,1;3;6;7,2,8.0,14.0,319.0,33.0,5.0,False,1.0,8.0,8.0,False
20,10,_original_nint128_seed18,5,5,5,1;2;3;4;6,False,False,,1;3;4;6,2,9.0,18.0,392.0,34.0,5.0,False,1.0,9.0,9.0,False
20,10,_original_nint128_seed18,5,5,5,0;3;4;5;9,False,False,,0;3;5;9,4,10.0,16.0,516.0,34.0,5.0,False,1.0,10.0,10.0,False
20,10,_original_nint128_seed18,5,5,5,0;5;7;8;9,False,False,,0;5;8;9,7,12.0,23.0,564.0,27.0,5.0,False,1.0,12.0,12.0,False
20,10,_original_nint128_seed18,5,5,5,0;1;2;5;9,False,False,,0;1;5;9,2,12.0,24.0,543.0,27.0,5.0,False,1.0,12.0,12.0,False
20,10,_original_nint128_seed18,5,5,5,2;3;6;7;9,False,False,,3;6;7;9,2,11.0,19.0,447.0,31.0,5.0,False,1.0,11.0,11.0,False
20,10,_original_nint128_seed18,5,5,5,2;4;6;7;9,False,False,,4;6;7;9,2,13.0,26.0,526.0,26.0,5.0,False,1.0,13.0,13.0,False
20,10,_original_nint128_seed18,5,5,5,2;6;7;8;9,False,False,,6;7;8;9,2,13.0,26.0,570.0,23.0,5.0,False,1.0,13.0,13.0,False
20,10,_original_nint128_seed18,5,5,5,1;3;4;5;7,False,False,,1;3;5;7,4,8.0,13.0,328.0,37.0,5.0,False,1.0,8.0,8.0,False
20,10,_original_nint128_seed18,5,5,5,0;1;3;6;7,False,False,,1;3;6;7,0,9.0,15.0,261.0,37.0,5.0,False,1.0,9.0,9.0,False
20,10,_original_nint128_seed18,5,5,5,0;1;5;7;8,False,False,,1;5;7;8,0,12.0,23.0,436.0,29.0,5.0,False,1.0,12.0,12.0,False
20,10,_original_nint128_seed18,5,5,5,0;3;5;7;9,False,False,,0;3;5;9,7,11.0,19.0,437.0,36.0,5.0,False,1.0,11.0,11.0,False
20,10,_original_nint128_seed18,5,5,5,0;4;5;8;9,False,False,,0;4;5;9,8,11.0,19.0,643.0,25.0,5.0,False,1.0,11.0,11.0,False
20,10,_original_nint128_seed18,5,5,5,0;1;3;6;9,False,False,,1;3;6;9,0,8.0,14.0,371.0,36.0,5.0,False,1.0,8.0,8.0,False
20,10,_original_nint128_seed18,5,5,5,1;3;4;6;9,False,False,,1;3;6;9,4,8.0,15.0,385.0,37.0,5.0,False,1.0,8.0,8.0,False
20,10,_original_nint128_seed18,5,5,5,1;3;6;7;9,False,False,,1;3;6;7,9,8.0,14.0,311.0,37.0,5.0,False,1.0,8.0,8.0,False
20,10,_original_nint128_seed18,5,5,5,0;2;6;8;9,False,False,,0;6;8;9,2,12.0,24.0,634.0,21.0,5.0,False,1.0,12.0,12.0,False
20,10,_original_nint128_seed18,5,5,5,1;2;5;7;9,False,False,,1;5;7;9,2,12.0,25.0,479.0,29.0,5.0,False,1.0,12.0,12.0,False
20,10,_original_nint128_seed18,5,5,5,2;3;5;7;9,False,False,,3;5;7;9,2,11.0,20.0,495.0,32.0,5.0,False,1.0,11.0,11.0,False
20,10,_original_nint128_seed18,5,5,5,0;1;2;3;7,False,False,,1;2;3;7,0,12.0,23.0,384.0,31.0,5.0,False,1.0,12.0,12.0,False
20,10,_original_nint128_seed18,5,5,5,0;1;3;7;9,False,False,,0;1;3;9,7,12.0,23.0,376.0,35.0,5.0,False,1.0,12.0,12.0,False
20,10,_original_nint128_seed18,5,5,5,1;2;3;7;9,False,False,,1;2;3;7,9,12.0,23.0,434.0,31.0,5.0,False,1.0,12.0,12.0,False
20,10,_original_nint128_seed18,5,5,5,1;3;5;7;9,False,False,,1;3;5;7,9,8.0,15.0,359.0,38.0,5.0,False,1.0,8.0,8.0,False
20,10,_original_nint128_seed18,5,5,5,0;2;4;5;8,False,False,,0;4;5;8,2,13.0,24.0,650.0,22.0,5.0,False,1.0,13.0,13.0,False
20,10,_original_nint128_seed18,5,5,5,0;1;2;4;6,False,False,,0;1;4;6,2,12.0,25.0,461.0,27.0,5.0,False,1.0,12.0,12.0,False
20,10,_original_nint128_seed18,5,5,5,0;1;4;6;8,False,False,,0;1;4;6,8,12.0,23.0,464.0,28.0,5.0,False,1.0,12.0,12.0,False
20,10,_original_nint128_seed18,5,5,5,0;1;5;7;9,False,False,,0;1;5;9,7,11.0,23.0,425.0,32.0,5.0,False,1.0,11.0,11.0,False
20,10,_original_nint128_seed18,6,6,4,0;1;2;3;4;7,False,False,,1;2;3;4;7,0,9.0,16.0,317.0,36.0,5.0,False,1.0,9.0,9.0,False
20,10,_original_nint128_seed18,6,6,4,0;1;2;3;5;7,False,False,,1;2;3;5;7,0,7.0,13.0,281.0,40.0,5.0,False,1.0,7.0,7.0,False
20,10,_original_nint128_seed18,6,6,4,0;1;2;3;6;7,False,False,,1;2;3;6;7,0,7.0,12.0,233.0,39.0,5.0,False,1.0,7.0,7.0,False
20,10,_original_nint128_seed18,6,6,4,0;2;3;4;6;7,False,False,,0;2;3;6;7,4,9.0,15.0,328.0,37.0,5.0,False,1.0,9.0,9.0,False
20,10,_original_nint128_seed18,6,6,4,1;2;4;7;8;9,False,False,,1;4;7;8;9,2,12.0,25.0,489.0,29.0,5.0,False,1.0,12.0,12.0,False
20,10,_original_nint128_seed18,6,6,4,1;2;5;7;8;9,False,False,,1;5;7;8;9,2,10.0,20.0,454.0,32.0,5.0,False,1.0,10.0,10.0,False
20,10,_original_nint128_seed18,6,6,4,1;2;6;7;8;9,False,False,,1;6;7;8;9,2,10.0,21.0,406.0,31.0,5.0,False,1.0,10.0,10.0,False
20,10,_original_nint128_seed18,6,6,4,1;2;3;4;7;9,False,False,,1;2;3;4;7,9,9.0,16.0,367.0,36.0,5.0,False,1.0,9.0,9.0,False
20,10,_original_nint128_seed18,6,6,4,2;3;4;5;7;9,False,False,,3;4;5;7;9,2,9.0,15.0,428.0,37.0,5.0,False,1.0,9.0,9.0,False
20,10,_original_nint128_seed18,6,6,4,2;3;4;6;7;9,False,False,,3;4;6;7;9,2,9.0,15.0,378.0,37.0,5.0,False,1.0,9.0,9.0,False
20,10,_original_nint128_seed18,6,6,4,0;1;2;6;7;8,False,False,,0;1;6;7;8,2,10.0,21.0,360.0,30.0,5.0,False,1.0,10.0,10.0,False
20,10,_original_nint128_seed18,6,6,4,0;1;4;6;7;8,False,False,,0;1;4;6;7,8,9.0,17.0,319.0,34.0,5.0,False,1.0,9.0,9.0,False
20,10,_original_nint128_seed18,6,6,4,0;1;6;7;8;9,False,False,,0;1;6;8;9,7,9.0,19.0,352.0,34.0,5.0,False,1.0,9.0,9.0,False
20,10,_original_nint128_seed18,6,6,4,0;1;2;3;4;9,False,False,,0;1;3;4;9,2,9.0,16.0,427.0,35.0,5.0,False,1.0,9.0,9.0,False
20,10,_original_nint128_seed18,6,6,4,1;2;3;4;5;9,False,False,,1;3;4;5;9,2,7.0,13.0,407.0,39.0,5.0,False,1.0,7.0,7.0,False
20,10,_original_nint128_seed18,6,6,4,1;2;3;4;6;9,False,False,,1;3;4;6;9,2,7.0,13.0,357.0,39.0,5.0,False,1.0,7.0,7.0,False
20,10,_original_nint128_seed18,6,6,4,0;1;2;4;7;8,False,False,,0;1;4;7;8,2,12.0,25.0,443.0,28.0,5.0,False,1.0,12.0,12.0,False
20,10,_original_nint128_seed18,6,6,4,0;1;4;5;7;8,False,False,,1;4;5;7;8,0,9.0,16.0,369.0,34.0,5.0,False,1.0,9.0,9.0,False
20,10,_original_nint128_seed18,6,6,4,0;1;4;7;8;9,False,False,,0;1;4;8;9,7,11.0,23.0,435.0,32.0,5.0,False,1.0,11.0,11.0,False
20,10,_original_nint128_seed18,6,6,4,0;3;4;6;7;9,False,False,,0;3;4;6;9,7,9.0,14.0,320.0,41.0,5.0,False,1.0,9.0,9.0,False
20,10,_original_nint128_seed18,6,6,4,1;3;4;6;7;9,False,False,,1;3;4;6;7,9,6.0,10.0,242.0,43.0,5.0,False,1.0,6.0,6.0,False
20,10,_original_nint128_seed18,6,6,4,0;1;2;3;4;5,False,False,,0;1;3;4;5,2,7.0,13.0,359.0,39.0,5.0,False,1.0,7.0,7.0,False
20,10,_original_nint128_seed18,6,6,4,0;1;2;3;4;6,False,False,,0;1;3;4;6,2,7.0,13.0,309.0,39.0,5.0,False,1.0,7.0,7.0,False
20,10,_original_nint128_seed18,6,6,4,0;1;2;4;5;8,False,False,,0;1;4;5;8,2,10.0,18.0,486.0,30.0,5.0,False,1.0,10.0,10.0,False
20,10,_original_nint128_seed18,6,6,4,0;1;2;4;6;8,False,False,,0;1;4;6;8,2,10.0,20.0,436.0,30.0,5.0,False,1.0,10.0,10.0,False
20,10,_original_nint128_seed18,6,6,4,0;1;2;4;8;9,False,False,,0;1;4;8;9,2,12.0,24.0,553.0,27.0,5.0,False,1.0,12.0,12.0,False
20,10,_original_nint128_seed18,6,6,4,0;1;4;5;7;9,False,False,,0;1;4;5;9,7,8.0,16.0,358.0,37.0,5.0,False,1.0,8.0,8.0,False
20,10,_original_nint128_seed18,6,6,4,0;3;4;5;7;9,False,False,,0;3;4;5;9,7,9.0,14.0,370.0,41.0,5.0,False,1.0,9.0,9.0,False
20,10,_original_nint128_seed18,6,6,4,0;4;5;7;8;9,False,False,,0;4;5;8;9,7,9.0,16.0,497.0,32.0,5.0,False,1.0,9.0,9.0,False
20,10,_original_nint128_seed18,6,6,4,0;4;6;7;8;9,False,False,,0;4;6;8;9,7,9.0,17.0,447.0,32.0,5.0,False,1.0,9.0,9.0,False
20,10,_original_nint128_seed18,6,6,4,0;2;3;4;5;7,False,False,,2;3;4;5;7,0,9.0,15.0,378.0,37.0,5.0,False,1.0,9.0,9.0,False
20,10,_original_nint128_seed18,6,6,4,0;1;4;5;8;9,False,False,,0;1;4;5;9,8,8.0,14.0,479.0,33.0,5.0,False,1.0,8.0,8.0,False
20,10,_original_nint128_seed18,6,6,4,1;2;4;5;8;9,False,False,,1;4;5;8;9,2,10.0,19.0,530.0,31.0,5.0,False,1.0,10.0,10.0,False
20,10,_original_nint128_seed18,6,6,4,1;4;5;7;8;9,False,False,,1;4;5;7;9,8,8.0,15.0,415.0,35.0,5.0,False,1.0,8.0,8.0,False
20,10,_original_nint128_seed18,6,6,4,1;2;4;5;7;9,False,False,,1;4;5;7;9,2,9.0,18.0,412.0,34.0,5.0,False,1.0,9.0,9.0,False
20,10,_original_nint128_seed18,6,6,4,1;2;4;6;7;9,False,False,,1;4;6;7;9,2,9.0,20.0,362.0,34.0,5.0,False,1.0,9.0,9.0,False
20,10,_original_nint128_seed18,6,6,4,0;1;2;3;6;9,False,False,,0;1;3;6;9,2,7.0,12.0,343.0,38.0,5.0,False,1.0,7.0,7.0,False
20,10,_original_nint128_seed18,6,6,4,0;2;3;4;6;9,False,False,,0;3;4;6;9,2,8.0,13.0,438.0,36.0,5.0,False,1.0,8.0,8.0,False
20,10,_original_nint128_seed18,6,6,4,1;2;3;6;7;9,False,False,,1;2;3;6;7,9,7.0,12.0,283.0,39.0,5.0,False,1.0,7.0,7.0,False
20,10,_original_nint128_seed18,6,6,4,2;4;5;7;8;9,False,False,,4;5;7;8;9,2,10.0,18.0,551.0,29.0,5.0,False,1.0,10.0,10.0,False
20,10,_original_nint128_seed18,6,6,4,0;1;3;4;6;9,False,False,,0;1;3;6;9,4,6.0,10.0,302.0,42.0,5.0,False,1.0,6.0,6.0,False
20,10,_original_nint128_seed18,6,6,4,0;1;3;6;7;9,False,False,,0;1;3;6;9,7,7.0,12.0,225.0,43.0,5.0,False,1.0,7.0,7.0,False
20,10,_original_nint128_seed18,6,6,4,0;1;4;6;7;9,False,False,,0;1;4;6;9,7,8.0,17.0,308.0,37.0,5.0,False,1.0,8.0,8.0,False
20,10,_original_nint128_seed18,6,6,4,0;1;5;7;8;9,False,False,,0;1;5;8;9,7,9.0,18.0,400.0,35.0,5.0,False,1.0,9.0,9.0,False
20,10,_original_nint128_seed18,6,6,4,0;2;4;6;7;8,False,False,,0;4;6;7;8,2,10.0,20.0,455.0,28.0,5.0,False,1.0,10.0,10.0,False
20,10,_original_nint128_seed18,6,6,4,0;1;2;4;5;7,False,False,,0;1;4;5;7,2,9.0,18.0,366.0,33.0,5.0,False,1.0,9.0,9.0,False
20,10,_original_nint128_seed18,6,6,4,0;1;2;5;7;8,False,False,,0;1;5;7;8,2,10.0,20.0,408.0,31.0,5.0,False,1.0,10.0,10.0,False
20,10,_original_nint128_seed18,6,6,4,1;2;4;5;7;8,False,False,,1;4;5;7;8,2,9.0,17.0,423.0,31.0,5.0,False,1.0,9.0,9.0,False
20,10,_original_nint128_seed18,6,6,4,0;1;3;5;7;9,False,False,,0;1;3;5;9,7,7.0,13.0,273.0,44.0,5.0,False,1.0,7.0,7.0,False
20,10,_original_nint128_seed18,6,6,4,0;1;3;4;5;7,False,False,,1;3;4;5;7,0,7.0,11.0,242.0,43.0,5.0,False,1.0,7.0,7.0,False
20,10,_original_nint128_seed18,6,6,4,1;2;3;4;5;7,False,False,,1;3;4;5;7,2,6.0,10.0,300.0,39.0,5.0,False,1.0,6.0,6.0,False
20,10,_original_nint128_seed18,6,6,4,1;3;4;5;7;9,False,False,,1;3;4;5;7,9,6.0,10.0,292.0,43.0,5.0,False,1.0,6.0,6.0,False
20,10,_original_nint128_seed18,6,6,4,2;4;6;7;8;9,False,False,,4;6;7;8;9,2,10.0,20.0,501.0,29.0,5.0,False,1.0,10.0,10.0,False
20,10,_original_nint128_seed18,6,6,4,0;1;4;6;8;9,False,False,,0;1;4;6;9,8,8.0,16.0,429.0,33.0,5.0,False,1.0,8.0,8.0,False
20,10,_original_nint128_seed18,6,6,4,0;1;3;4;6;7,False,False,,1;3;4;6;7,0,7.0,11.0,192.0,43.0,5.0,False,1.0,7.0,7.0,False
20,10,_original_nint128_seed18,6,6,4,1;2;4;6;8;9,False,False,,1;4;6;8;9,2,10.0,21.0,480.0,31.0,5.0,False,1.0,10.0,10.0,False
20,10,_original_nint128_seed18,6,6,4,0;2;4;6;8;9,False,False,,0;4;6;8;9,2,9.0,18.0,565.0,27.0,5.0,False,1.0,9.0,9.0,False
20,10,_original_nint128_seed18,6,6,4,0;1;2;4;5;9,False,False,,0;1;4;5;9,2,9.0,17.0,476.0,32.0,5.0,False,1.0,9.0,9.0,False
20,10,_original_nint128_seed18,6,6,4,1;4;6;7;8;9,False,False,,1;4;6;7;9,8,8.0,17.0,365.0,35.0,5.0,False,1.0,8.0,8.0,False
20,10,_original_nint128_seed18,6,6,4,0;1;2;3;5;9,False,False,,0;1;3;5;9,2,7.0,13.0,391.0,39.0,5.0,False,1.0,7.0,7.0,False
20,10,_original_nint128_seed18,6,6,4,0;1;3;4;5;9,False,False,,0;1;3;5;9,4,6.0,10.0,352.0,42.0,5.0,False,1.0,6.0,6.0,False
20,10,_original_nint128_seed18,6,6,4,0;1;2;4;6;7,False,False,,0;1;4;6;7,2,9.0,19.0,316.0,33.0,5.0,False,1.0,9.0,9.0,False
20,10,_original_nint128_seed18,6,6,4,1;2;3;4;6;7,False,False,,1;3;4;6;7,2,6.0,10.0,250.0,39.0,5.0,False,1.0,6.0,6.0,False
20,10,_original_nint128_seed18,6,6,4,1;2;3;5;7;9,False,False,,1;2;3;5;7,9,7.0,13.0,331.0,40.0,5.0,False,1.0,7.0,7.0,False
20,10,_original_nint128_seed18,6,6,4,0;1;2;5;8;9,False,False,,0;1;5;8;9,2,10.0,19.0,518.0,30.0,5.0,False,1.0,10.0,10.0,False
20,10,_original_nint128_seed18,6,6,4,1;2;4;6;7;8,False,False,,1;4;6;7;8,2,9.0,19.0,373.0,31.0,5.0,False,1.0,9.0,9.0,False
20,10,_original_nint128_seed18,6,6,4,0;2;4;5;7;8,False,False,,0;4;5;7;8,2,10.0,19.0,505.0,28.0,5.0,False,1.0,10.0,10.0,False
20,10,_original_nint128_seed18,6,6,4,0;2;3;4;5;9,False,False,,0;3;4;5;9,2,8.0,13.0,488.0,36.0,5.0,False,1.0,8.0,8.0,False
20,10,_original_nint128_seed18,6,6,4,0;1;3;4;7;9,False,False,,0;1;3;4;9,7,9.0,16.0,309.0,40.0,5.0,False,1.0,9.0,9.0,False
20,10,_original_nint128_seed18,6,6,4,0;1;2;6;8;9,False,False,,0;1;6;8;9,2,10.0,20.0,470.0,29.0,5.0,False,1.0,10.0,10.0,False
20,10,_original_nint128_seed18,6,6,4,0;2;4;5;8;9,False,False,,0;4;5;8;9,2,9.0,16.0,615.0,27.0,5.0,False,1.0,9.0,9.0,False
20,10,_original_nint128_seed18,6,6,4,0;1;2;4;6;9,False,False,,0;1;4;6;9,2,9.0,19.0,426.0,32.0,5.0,False,1.0,9.0,9.0,False
20,10,_original_nint128_seed18,7,7,3,1;2;3;4;6;7;9,True,False,,1;2;3;4;6;7,9,5.0,8.0,214.0,45.0,5.0,False,1.0,5.0,5.0,True
20,10,_original_nint128_seed18,7,7,3,0;1;2;4;5;7;8,True,False,,0;1;4;5;7;8,2,7.0,13.0,341.0,36.0,5.0,False,1.0,7.0,7.0,False
20,10,_original_nint128_seed18,7,7,3,0;1;2;4;5;8;9,True,False,,0;1;4;5;8;9,2,7.0,12.0,451.0,35.0,5.0,False,1.0,7.0,7.0,False
20,10,_original_nint128_seed18,7,7,3,1;2;4;5;7;8;9,True,False,,1;4;5;7;8;9,2,7.0,13.0,387.0,37.0,5.0,False,1.0,7.0,7.0,False
20,10,_original_nint128_seed18,7,7,3,0;1;2;3;4;6;9,True,False,,0;1;3;4;6;9,2,5.0,8.0,274.0,44.0,5.0,False,1.0,5.0,5.0,True
20,10,_original_nint128_seed18,7,7,3,0;1;4;5;7;8;9,True,False,,0;1;4;5;8;9,7,6.0,11.0,333.0,40.0,5.0,False,1.0,6.0,6.0,False
20,10,_original_nint128_seed18,7,7,3,0;1;2;4;6;7;8,True,False,,0;1;4;6;7;8,2,7.0,14.0,291.0,36.0,5.0,False,1.0,7.0,7.0,False
20,10,_original_nint128_seed18,7,7,3,1;2;4;6;7;8;9,True,False,,1;4;6;7;8;9,2,7.0,15.0,337.0,37.0,5.0,False,1.0,7.0,7.0,False
20,10,_original_nint128_seed18,7,7,3,0;1;3;4;6;7;9,True,False,,0;1;3;4;6;9,7,5.0,8.0,156.0,49.0,5.0,False,1.0,5.0,5.0,True
20,10,_original_nint128_seed18,7,7,3,0;1;4;6;7;8;9,True,False,,0;1;4;6;8;9,7,6.0,12.0,283.0,40.0,5.0,False,1.0,6.0,6.0,False
20,10,_original_nint128_seed18,7,7,3,0;1;3;4;5;7;9,True,False,,0;1;3;4;5;9,7,5.0,8.0,206.0,49.0,5.0,False,1.0,5.0,5.0,True
20,10,_original_nint128_seed18,7,7,3,0;1;2;3;4;6;7,True,False,,1;2;3;4;6;7,0,5.0,8.0,164.0,45.0,5.0,False,1.0,5.0,5.0,True
20,10,_original_nint128_seed18,7,7,3,0;1;2;3;4;5;7,True,False,,1;2;3;4;5;7,0,5.0,8.0,214.0,45.0,5.0,False,1.0,5.0,5.0,True
20,10,_original_nint128_seed18,7,7,3,0;1;2;4;6;8;9,True,False,,0;1;4;6;8;9,2,7.0,14.0,401.0,35.0,5.0,False,1.0,7.0,7.0,False
20,10,_original_nint128_seed18,7,7,3,1;2;3;4;5;7;9,True,False,,1;2;3;4;5;7,9,5.0,8.0,264.0,45.0,5.0,False,1.0,5.0,5.0,True
20,10,_original_nint128_seed18,7,7,3,0;1;2;3;4;5;9,True,False,,0;1;3;4;5;9,2,5.0,8.0,324.0,44.0,5.0,False,1.0,5.0,5.0,True
20,10,_original_nint128_seed18,2,2,8,3;8,False,True,collision,8,3,,,,,,True,,,,
20,10,_original_nint128_seed18,2,2,8,5;6,False,True,collision,6,5,,,,,,True,,,,
20,10,_original_nint128_seed18,3,3,7,2;3;8,False,True,monotone,2;8,3,,,,,,True,,,,
20,10,_original_nint128_seed18,3,3,7,4;5;6,False,True,monotone,4;6,5,,,,,,True,,,,
20,10,_original_nint128_seed18,3,3,7,3;8;9,False,True,monotone,3;9,8,,,,,,True,,,,
20,10,_original_nint128_seed18,3,3,7,2;5;6,False,True,monotone,2;6,5,,,,,,True,,,,
20,10,_original_nint128_seed18,3,3,7,3;7;8,False,True,monotone,7;8,3,,,,,,True,,,,
20,10,_original_nint128_seed18,3,3,7,0;5;6,False,True,monotone,0;5,6,,,,,,True,,,,
20,10,_original_nint128_seed18,3,3,7,5;6;9,False,True,monotone,5;9,6,,,,,,True,,,,
20,10,_original_nint128_seed18,3,3,7,3;4;8,False,True,monotone,3;4,8,,,,,,True,,,,
20,10,_original_nint128_seed18,3,3,7,0;3;8,False,True,monotone,0;3,8,,,,,,True,,,,
20,10,_original_nint128_seed18,3,3,7,1;3;8,False,True,monotone,1;8,3,,,,,,True,,,,
20,10,_original_nint128_seed18,3,3,7,3;5;6,False,True,monotone,3;5,6,,,,,,True,,,,
20,10,_original_nint128_seed18,3,3,7,3;5;8,False,True,monotone,3;5,8,,,,,,True,,,,
20,10,_original_nint128_seed18,3,3,7,5;6;8,False,True,monotone,5;8,6,,,,,,True,,,,
20,10,_original_nint128_seed18,3,3,7,1;5;6,False,True,monotone,1;6,5,,,,,,True,,,,
20,10,_original_nint128_seed18,3,3,7,5;6;7,False,True,monotone,6;7,5,,,,,,True,,,,
20,10,_original_nint128_seed18,3,3,7,3;6;8,False,True,monotone,3;6,8,,,,,,True,,,,
20,10,_original_nint128_seed18,4,4,6,2;5;6;9,False,True,monotone,2;6;9,5,,,,,,True,,,,
20,10,_original_nint128_seed18,4,4,6,2;3;7;8,False,True,monotone,2;7;8,3,,,,,,True,,,,
20,10,_original_nint128_seed18,4,4,6,3;5;6;9,False,True,monotone,3;5;9,6,,,,,,True,,,,
20,10,_original_nint128_seed18,4,4,6,3;5;8;9,False,True,monotone,3;5;9,8,,,,,,True,,,,
20,10,_original_nint128_seed18,4,4,6,2;3;4;8,False,True,monotone,2;4;8,3,,,,,,True,,,,
20,10,_original_nint128_seed18,4,4,6,0;4;5;6,False,True,monotone,0;4;6,5,,,,,,True,,,,
20,10,_original_nint128_seed18,4,4,6,3;4;7;8,False,True,monotone,4;7;8,3,,,,,,True,,,,
20,10,_original_nint128_seed18,4,4,6,1;3;7;8,False,True,monotone,1;3;7,8,,,,,,True,,,,
20,10,_original_nint128_seed18,4,4,6,3;4;5;6,False,True,monotone,3;4;5,6,,,,,,True,,,,
20,10,_original_nint128_seed18,4,4,6,3;4;5;8,False,True,monotone,3;4;5,8,,,,,,True,,,,
20,10,_original_nint128_seed18,4,4,6,3;7;8;9,False,True,monotone,7;8;9,3,,,,,,True,,,,
20,10,_original_nint128_seed18,4,4,6,0;5;6;9,False,True,monotone,0;6;9,5,,,,,,True,,,,
20,10,_original_nint128_seed18,4,4,6,2;5;6;7,False,True,monotone,2;6;7,5,,,,,,True,,,,
20,10,_original_nint128_seed18,4,4,6,5;6;7;9,False,True,monotone,5;7;9,6,,,,,,True,,,,
20,10,_original_nint128_seed18,4,4,6,3;4;8;9,False,True,monotone,4;8;9,3,,,,,,True,,,,
20,10,_original_nint128_seed18,4,4,6,1;3;8;9,False,True,monotone,1;3;9,8,,,,,,True,,,,
20,10,_original_nint128_seed18,4,4,6,0;1;3;8,False,True,monotone,0;1;3,8,,,,,,True,,,,
20,10,_original_nint128_seed18,4,4,6,0;3;4;8,False,True,monotone,0;4;8,3,,,,,,True,,,,
20,10,_original_nint128_seed18,4,4,6,4;5;6;7,False,True,monotone,4;6;7,5,,,,,,True,,,,
20,10,_original_nint128_seed18,4,4,6,1;3;5;6,False,True,monotone,1;3;6,5,,,,,,True,,,,
20,10,_original_nint128_seed18,4,4,6,1;3;6;8,False,True,monotone,1;3;6,8,,,,,,True,,,,
20,10,_original_nint128_seed18,4,4,6,0;5;6;7,False,True,monotone,0;6;7,5,,,,,,True,,,,
20,10,_original_nint128_seed18,4,4,6,1;5;6;8,False,True,monotone,1;6;8,5,,,,,,True,,,,
20,10,_original_nint128_seed18,4,4,6,4;5;6;9,False,True,monotone,4;6;9,5,,,,,,True,,,,
20,10,_original_nint128_seed18,4,4,6,3;6;7;8,False,True,monotone,6;7;8,3,,,,,,True,,,,
20,10,_original_nint128_seed18,4,4,6,5;6;7;8,False,True,monotone,6;7;8,5,,,,,,True,,,,
20,10,_original_nint128_seed18,4,4,6,1;5;6;7,False,True,monotone,1;5;7,6,,,,,,True,,,,
20,10,_original_nint128_seed18,4,4,6,0;3;5;6,False,True,monotone,0;3;5,6,,,,,,True,,,,
20,10,_original_nint128_seed18,4,4,6,0;3;5;8,False,True,monotone,0;3;5,8,,,,,,True,,,,
20,10,_original_nint128_seed18,4,4,6,1;4;5;6,False,True,monotone,1;4;6,5,,,,,,True,,,,
20,10,_original_nint128_seed18,4,4,6,4;5;6;8,False,True,monotone,4;5;8,6,,,,,,True,,,,
20,10,_original_nint128_seed18,4,4,6,2;3;8;9,False,True,monotone,2;3;9,8,,,,,,True,,,,
20,10,_original_nint128_seed18,4,4,6,0;2;3;8,False,True,monotone,0;2;3,8,,,,,,True,,,,
20,10,_original_nint128_seed18,4,4,6,2;3;5;6,False,True,monotone,2;3;5,6,,,,,,True,,,,
20,10,_original_nint128_seed18,4,4,6,2;3;5;8,False,True,monotone,2;3;5,8,,,,,,True,,,,
20,10,_original_nint128_seed18,4,4,6,1;5;6;9,False,True,monotone,1;5;9,6,,,,,,True,,,,
20,10,_original_nint128_seed18,4,4,6,3;6;8;9,False,True,monotone,6;8;9,3,,,,,,True,,,,
20,10,_original_nint128_seed18,4,4,6,5;6;8;9,False,True,monotone,6;8;9,5,,,,,,True,,,,
20,10,_original_nint128_seed18,4,4,6,2;5;6;8,False,True,monotone,2;5;8,6,,,,,,True,,,,
20,10,_original_nint128_seed18,4,4,6,1;2;5;6,False,True,monotone,1;2;6,5,,,,,,True,,,,
20,10,_original_nint128_seed18,4,4,6,3;4;6;8,False,True,monotone,4;6;8,3,,,,,,True,,,,
20,10,_original_nint128_seed18,4,4,6,2;4;5;6,False,True,monotone,2;4;5,6,,,,,,True,,,,
20,10,_original_nint128_seed18,4,4,6,0;2;7;9,False,True,collision,2;7;9,0,,,,,,True,,,,
20,10,_original_nint128_seed18,4,4,6,1;3;5;8,False,True,monotone,1;3;5,8,,,,,,True,,,,
20,10,_original_nint128_seed18,4,4,6,0;2;5;6,False,True,monotone,0;2;5,6,,,,,,True,,,,
20,10,_original_nint128_seed18,4,4,6,0;3;6;8,False,True,monotone,0;3;6,8,,,,,,True,,,,
20,10,_original_nint128_seed18,4,4,6,3;5;7;8,False,True,monotone,5;7;8,3,,,,,,True,,,,
20,10,_original_nint128_seed18,4,4,6,1;3;4;8,False,True,monotone,1;3;4,8,,,,,,True,,,,
20,10,_original_nint128_seed18,4,4,6,0;3;8;9,False,True,monotone,0;8;9,3,,,,,,True,,,,
20,10,_original_nint128_seed18,4,4,6,2;3;6;8,False,True,monotone,2;3;6,8,,,,,,True,,,,
20,10,_original_nint128_seed18,4,4,6,0;5;6;8,False,True,monotone,0;5;8,6,,,,,,True,,,,
20,10,_original_nint128_seed18,4,4,6,0;1;5;6,False,True,monotone,0;1;6,5,,,,,,True,,,,
20,10,_original_nint128_seed18,4,4,6,3;5;6;7,False,True,monotone,3;6;7,5,,,,,,True,,,,
20,10,_original_nint128_seed18,4,4,6,0;3;7;8,False,True,monotone,0;3;7,8,,,,,,True,,,,
20,10,_original_nint128_seed18,4,4,6,1;2;3;8,False,True,monotone,1;2;8,3,,,,,,True,,,,
20,10,_original_nint128_seed18,5,5,5,0;2;3;7;8,False,True,monotone,0;2;7;8,3,,,,,,True,,,,
20,10,_original_nint128_seed18,5,5,5,0;2;7;8;9,False,True,monotone,0;2;7;8,9,,,,,,True,,,,
20,10,_original_nint128_seed18,5,5,5,0;2;4;7;9,False,True,monotone,0;2;4;9,7,,,,,,True,,,,
20,10,_original_nint128_seed18,5,5,5,0;3;4;5;6,False,True,monotone,0;3;4;6,5,,,,,,True,,,,
20,10,_original_nint128_seed18,5,5,5,0;3;4;6;8,False,True,monotone,0;3;4;6,8,,,,,,True,,,,
20,10,_original_nint128_seed18,5,5,5,0;3;4;7;8,False,True,monotone,0;3;4;7,8,,,,,,True,,,,
20,10,_original_nint128_seed18,5,5,5,1;2;3;8;9,False,True,monotone,1;2;8;9,3,,,,,,True,,,,
20,10,_original_nint128_seed18,5,5,5,2;3;4;8;9,False,True,monotone,2;3;4;9,8,,,,,,True,,,,
20,10,_original_nint128_seed18,5,5,5,0;2;3;4;8,False,True,monotone,0;2;3;4,8,,,,,,True,,,,
20,10,_original_nint128_seed18,5,5,5,3;4;7;8;9,False,True,monotone,4;7;8;9,3,,,,,,True,,,,
20,10,_original_nint128_seed18,5,5,5,0;1;2;3;8,False,True,monotone,0;1;2;8,3,,,,,,True,,,,
20,10,_original_nint128_seed18,5,5,5,1;2;3;4;8,False,True,monotone,1;2;4;8,3,,,,,,True,,,,
20,10,_original_nint128_seed18,5,5,5,2;3;4;6;8,False,True,monotone,2;4;6;8,3,,,,,,True,,,,
20,10,_original_nint128_seed18,5,5,5,2;4;5;6;8,False,True,monotone,2;4;6;8,5,,,,,,True,,,,
20,10,_original_nint128_seed18,5,5,5,0;2;3;7;9,False,True,monotone,0;2;3;9,7,,,,,,True,,,,
20,10,_original_nint128_seed18,5,5,5,0;2;3;8;9,False,True,monotone,0;2;3;9,8,,,,,,True,,,,
20,10,_original_nint128_seed18,5,5,5,1;2;4;5;6,False,True,monotone,1;2;4;5,6,,,,,,True,,,,
20,10,_original_nint128_seed18,5,5,5,1;3;4;7;8,False,True,monotone,1;4;7;8,3,,,,,,True,,,,
20,10,_original_nint128_seed18,5,5,5,0;1;3;5;6,False,True,monotone,0;1;3;5,6,,,,,,True,,,,
20,10,_original_nint128_seed18,5,5,5,0;1;3;5;8,False,True,monotone,0;1;3;5,8,,,,,,True,,,,
20,10,_original_nint128_seed18,5,5,5,1;3;6;7;8,False,True,monotone,1;6;7;8,3,,,,,,True,,,,
20,10,_original_nint128_seed18,5,5,5,1;5;6;7;8,False,True,monotone,1;6;7;8,5,,,,,,True,,,,
20,10,_original_nint128_seed18,5,5,5,1;2;5;6;9,False,True,monotone,1;2;6;9,5,,,,,,True,,,,
20,10,_original_nint128_seed18,5,5,5,2;3;5;8;9,False,True,monotone,2;5;8;9,3,,,,,,True,,,,
20,10,_original_nint128_seed18,5,5,5,2;5;6;8;9,False,True,monotone,2;5;8;9,6,,,,,,True,,,,
20,10,_original_nint128_seed18,5,5,5,1;2;3;7;8,False,True,monotone,1;2;7;8,3,,,,,,True,,,,
20,10,_original_nint128_seed18,5,5,5,2;3;4;7;8,False,True,monotone,2;3;4;7,8,,,,,,True,,,,
20,10,_original_nint128_seed18,5,5,5,0;1;3;8;9,False,True,monotone,0;1;8;9,3,,,,,,True,,,,
20,10,_original_nint128_seed18,5,5,5,0;2;5;6;7,False,True,monotone,0;2;5;7,6,,,,,,True,,,,
20,10,_original_nint128_seed18,5,5,5,0;2;5;7;9,False,True,monotone,0;2;5;7,9,,,,,,True,,,,
20,10,_original_nint128_seed18,5,5,5,0;2;6;7;9,False,True,monotone,0;6;7;9,2,,,,,,True,,,,
20,10,_original_nint128_seed18,5,5,5,0;5;6;7;9,False,True,monotone,0;6;7;9,5,,,,,,True,,,,
20,10,_original_nint128_seed18,5,5,5,1;2;3;5;6,False,True,monotone,1;2;3;5,6,,,,,,True,,,,
20,10,_original_nint128_seed18,5,5,5,1;2;3;5;8,False,True,monotone,1;2;3;5,8,,,,,,True,,,,
20,10,_original_nint128_seed18,5,5,5,1;2;5;6;8,False,True,monotone,1;2;5;8,6,,,,,,True,,,,
20,10,_original_nint128_seed18,5,5,5,3;4;6;8;9,False,True,monotone,4;6;8;9,3,,,,,,True,,,,
20,10,_original_nint128_seed18,5,5,5,4;5;6;8;9,False,True,monotone,4;6;8;9,5,,,,,,True,,,,
20,10,_original_nint128_seed18,5,5,5,1;4;5;6;9,False,True,monotone,1;4;5;9,6,,,,,,True,,,,
20,10,_original_nint128_seed18,5,5,5,3;4;5;7;8,False,True,monotone,4;5;7;8,3,,,,,,True,,,,
20,10,_original_nint128_seed18,5,5,5,4;5;6;7;8,False,True,monotone,4;5;7;8,6,,,,,,True,,,,
20,10,_original_nint128_seed18,5,5,5,1;4;5;6;7,False,True,monotone,1;4;6;7,5,,,,,,True,,,,
20,10,_original_nint128_seed18,5,5,5,0;4;5;6;7,False,True,monotone,0;4;5;7,6,,,,,,True,,,,
20,10,_original_nint128_seed18,5,5,5,2;4;5;6;9,False,True,monotone,2;4;5;9,6,,,,,,True,,,,
20,10,_original_nint128_seed18,5,5,5,1;3;4;5;8,False,True,monotone,1;4;5;8,3,,,,,,True,,,,
20,10,_original_nint128_seed18,5,5,5,1;4;5;6;8,False,True,monotone,1;4;5;8,6,,,,,,True,,,,
20,10,_original_nint128_seed18,5,5,5,1;3;7;8;9,False,True,monotone,1;7;8;9,3,,,,,,True,,,,
20,10,_original_nint128_seed18,5,5,5,0;2;3;5;6,False,True,monotone,0;2;3;6,5,,,,,,True,,,,
20,10,_original_nint128_seed18,5,5,5,0;2;3;6;8,False,True,monotone,0;2;3;6,8,,,,,,True,,,,
20,10,_original_nint128_seed18,5,5,5,2;3;5;7;8,False,True,monotone,2;5;7;8,3,,,,,,True,,,,
20,10,_original_nint128_seed18,5,5,5,2;5;6;7;8,False,True,monotone,2;5;7;8,6,,,,,,True,,,,
20,10,_original_nint128_seed18,5,5,5,1;2;5;6;7,False,True,monotone,1;2;6;7,5,,,,,,True,,,,
20,10,_original_nint128_seed18,5,5,5,2;3;4;5;6,False,True,monotone,2;3;4;6,5,,,,,,True,,,,
20,10,_original_nint128_seed18,5,5,5,3;4;5;6;9,False,True,monotone,3;4;5;9,6,,,,,,True,,,,
20,10,_original_nint128_seed18,5,5,5,3;4;5;8;9,False,True,monotone,3;4;5;9,8,,,,,,True,,,,
20,10,_original_nint128_seed18,5,5,5,1;3;5;8;9,False,True,monotone,1;5;8;9,3,,,,,,True,,,,
20,10,_original_nint128_seed18,5,5,5,1;5;6;8;9,False,True,monotone,1;5;8;9,6,,,,,,True,,,,
20,10,_original_nint128_seed18,5,5,5,0;3;7;8;9,False,True,monotone,0;7;8;9,3,,,,,,True,,,,
20,10,_original_nint128_seed18,5,5,5,0;2;5;6;9,False,True,monotone,0;2;5;9,6,,,,,,True,,,,
20,10,_original_nint128_seed18,5,5,5,2;5;6;7;9,False,True,monotone,2;6;7;9,5,,,,,,True,,,,
20,10,_original_nint128_seed18,5,5,5,3;4;6;7;8,False,True,monotone,4;6;7;8,3,,,,,,True,,,,
20,10,_original_nint128_seed18,5,5,5,0;1;5;6;7,False,True,monotone,0;1;6;7,5,,,,,,True,,,,
20,10,_original_nint128_seed18,5,5,5,0;3;5;7;8,False,True,monotone,0;5;7;8,3,,,,,,True,,,,
20,10,_original_nint128_seed18,5,5,5,0;5;6;7;8,False,True,monotone,0;5;7;8,6,,,,,,True,,,,
20,10,_original_nint128_seed18,5,5,5,0;3;5;6;7,False,True,monotone,0;3;5;7,6,,,,,,True,,,,
20,10,_original_nint128_seed18,5,5,5,0;3;4;8;9,False,True,monotone,0;3;4;9,8,,,,,,True,,,,
20,10,_original_nint128_seed18,5,5,5,2;4;5;6;7,False,True,monotone,2;4;5;7,6,,,,,,True,,,,
20,10,_original_nint128_seed18,5,5,5,1;3;5;6;9,False,True,monotone,1;3;6;9,5,,,,,,True,,,,
20,10,_original_nint128_seed18,5,5,5,1;3;6;8;9,False,True,monotone,1;3;6;9,8,,,,,,True,,,,
20,10,_original_nint128_seed18,5,5,5,2;3;4;5;8,False,True,monotone,2;3;4;5,8,,,,,,True,,,,
20,10,_original_nint128_seed18,5,5,5,1;3;4;8;9,False,True,monotone,1;3;4;9,8,,,,,,True,,,,
20,10,_original_nint128_seed18,5,5,5,0;1;3;4;8,False,True,monotone,0;1;3;4,8,,,,,,True,,,,
20,10,_original_nint128_seed18,5,5,5,3;4;5;6;7,False,True,monotone,3;4;5;7,6,,,,,,True,,,,
20,10,_original_nint128_seed18,5,5,5,1;3;5;7;8,False,True,monotone,1;5;7;8,3,,,,,,True,,,,
20,10,_original_nint128_seed18,5,5,5,0;1;3;6;8,False,True,monotone,0;1;3;6,8,,,,,,True,,,,
20,10,_original_nint128_seed18,5,5,5,1;3;4;5;6,False,True,monotone,1;3;4;5,6,,,,,,True,,,,
20,10,_original_nint128_seed18,5,5,5,3;5;6;7;9,False,True,monotone,3;6;7;9,5,,,,,,True,,,,
20,10,_original_nint128_seed18,5,5,5,3;6;7;8;9,False,True,monotone,3;6;7;9,8,,,,,,True,,,,
20,10,_original_nint128_seed18,5,5,5,0;3;5;6;9,False,True,monotone,0;3;5;9,6,,,,,,True,,,,
20,10,_original_nint128_seed18,5,5,5,0;3;5;8;9,False,True,monotone,0;3;5;9,8,,,,,,True,,,,
20,10,_original_nint128_seed18,5,5,5,1;2;3;6;8,False,True,monotone,1;2;3;6,8,,,,,,True,,,,
20,10,_original_nint128_seed18,5,5,5,1;3;5;6;7,False,True,monotone,1;3;6;7,5,,,,,,True,,,,
20,10,_original_nint128_seed18,5,5,5,0;1;5;6;8,False,True,monotone,0;1;5;8,6,,,,,,True,,,,
20,10,_original_nint128_seed18,5,5,5,0;3;4;5;8,False,True,monotone,0;3;4;5,8,,,,,,True,,,,
20,10,_original_nint128_seed18,5,5,5,1;3;4;6;8,False,True,monotone,1;3;4;6,8,,,,,,True,,,,
20,10,_original_nint128_seed18,5,5,5,0;4;5;6;9,False,True,monotone,0;4;5;9,6,,,,,,True,,,,
20,10,_original_nint128_seed18,5,5,5,2;3;6;7;8,False,True,monotone,2;6;7;8,3,,,,,,True,,,,
20,10,_original_nint128_seed18,5,5,5,0;2;3;5;8,False,True,monotone,0;2;3;5,8,,,,,,True,,,,
20,10,_original_nint128_seed18,5,5,5,4;5;6;7;9,False,True,monotone,4;6;7;9,5,,,,,,True,,,,
20,10,_original_nint128_seed18,5,5,5,0;4;5;6;8,False,True,monotone,0;4;6;8,5,,,,,,True,,,,
20,10,_original_nint128_seed18,5,5,5,0;1;4;5;6,False,True,monotone,0;1;4;5,6,,,,,,True,,,,
20,10,_original_nint128_seed18,5,5,5,2;3;7;8;9,False,True,monotone,2;3;7;9,8,,,,,,True,,,,
20,10,_original_nint128_seed18,5,5,5,0;3;6;7;8,False,True,monotone,0;6;7;8,3,,,,,,True,,,,
20,10,_original_nint128_seed18,5,5,5,2;3;6;8;9,False,True,monotone,2;6;8;9,3,,,,,,True,,,,
20,10,_original_nint128_seed18,5,5,5,2;3;5;6;7,False,True,monotone,2;3;5;7,6,,,,,,True,,,,
20,10,_original_nint128_seed18,5,5,5,0;1;5;6;9,False,True,monotone,0;1;6;9,5,,,,,,True,,,,
20,10,_original_nint128_seed18,5,5,5,0;5;6;8;9,False,True,monotone,0;5;8;9,6,,,,,,True,,,,
20,10,_original_nint128_seed18,5,5,5,0;1;2;5;6,False,True,monotone,0;1;2;5,6,,,,,,True,,,,
20,10,_original_nint128_seed18,5,5,5,0;2;5;6;8,False,True,monotone,0;2;6;8,5,,,,,,True,,,,
20,10,_original_nint128_seed18,5,5,5,5;6;7;8;9,False,True,monotone,6;7;8;9,5,,,,,,True,,,,
20,10,_original_nint128_seed18,5,5,5,1;5;6;7;9,False,True,monotone,1;5;7;9,6,,,,,,True,,,,
20,10,_original_nint128_seed18,5,5,5,0;1;2;7;9,False,True,monotone,0;1;2;7,9,,,,,,True,,,,
20,10,_original_nint128_seed18,5,5,5,2;3;5;6;9,False,True,monotone,2;3;5;9,6,,,,,,True,,,,
20,10,_original_nint128_seed18,5,5,5,0;2;4;5;6,False,True,monotone,0;2;4;6,5,,,,,,True,,,,
20,10,_original_nint128_seed18,5,5,5,0;3;6;8;9,False,True,monotone,0;6;8;9,3,,,,,,True,,,,
20,10,_original_nint128_seed18,5,5,5,3;5;7;8;9,False,True,monotone,5;7;8;9,3,,,,,,True,,,,
20,10,_original_nint128_seed18,5,5,5,0;1;3;7;8,False,True,monotone,0;1;3;7,8,,,,,,True,,,,
20,10,_original_nint128_seed18,6,6,4,0;1;2;3;7;8,False,True,monotone,0;1;2;3;7,8,,,,,,True,,,,
20,10,_original_nint128_seed18,6,6,4,0;1;2;3;7;9,False,True,monotone,0;1;2;3;7,9,,,,,,True,,,,
20,10,_original_nint128_seed18,6,6,4,0;2;3;5;6;7,False,True,monotone,0;2;3;6;7,5,,,,,,True,,,,
20,10,_original_nint128_seed18,6,6,4,0;2;3;6;7;8,False,True,monotone,0;2;3;6;7,8,,,,,,True,,,,
20,10,_original_nint128_seed18,6,6,4,0;2;3;6;7;9,False,True,monotone,0;2;3;6;7,9,,,,,,True,,,,
20,10,_original_nint128_seed18,6,6,4,0;1;2;7;8;9,False,True,monotone,1;2;7;8;9,0,,,,,,True,,,,
20,10,_original_nint128_seed18,6,6,4,1;2;3;7;8;9,False,True,monotone,1;2;7;8;9,3,,,,,,True,,,,
20,10,_original_nint128_seed18,6,6,4,0;2;3;4;7;9,False,True,monotone,2;3;4;7;9,0,,,,,,True,,,,
20,10,_original_nint128_seed18,6,6,4,2;3;4;7;8;9,False,True,monotone,2;3;4;7;9,8,,,,,,True,,,,
20,10,_original_nint128_seed18,6,6,4,0;1;3;6;7;8,False,True,monotone,0;1;6;7;8,3,,,,,,True,,,,
20,10,_original_nint128_seed18,6,6,4,0;1;5;6;7;8,False,True,monotone,0;1;6;7;8,5,,,,,,True,,,,
20,10,_original_nint128_seed18,6,6,4,1;2;3;4;8;9,False,True,monotone,1;2;3;4;9,8,,,,,,True,,,,
20,10,_original_nint128_seed18,6,6,4,0;1;3;4;7;8,False,True,monotone,0;1;4;7;8,3,,,,,,True,,,,
20,10,_original_nint128_seed18,6,6,4,3;4;5;6;7;9,False,True,monotone,3;4;6;7;9,5,,,,,,True,,,,
20,10,_original_nint128_seed18,6,6,4,3;4;6;7;8;9,False,True,monotone,3;4;6;7;9,8,,,,,,True,,,,
20,10,_original_nint128_seed18,6,6,4,0;1;2;3;4;8,False,True,monotone,0;1;2;3;4,8,,,,,,True,,,,
20,10,_original_nint128_seed18,6,6,4,0;2;4;5;7;9,False,True,monotone,0;4;5;7;9,2,,,,,,True,,,,
20,10,_original_nint128_seed18,6,6,4,0;4;5;6;7;9,False,True,monotone,0;4;5;7;9,6,,,,,,True,,,,
20,10,_original_nint128_seed18,6,6,4,0;2;4;7;8;9,False,True,monotone,0;4;7;8;9,2,,,,,,True,,,,
20,10,_original_nint128_seed18,6,6,4,0;3;4;7;8;9,False,True,monotone,0;4;7;8;9,3,,,,,,True,,,,
20,10,_original_nint128_seed18,6,6,4,0;2;3;5;7;8,False,True,monotone,0;2;3;5;7,8,,,,,,True,,,,
20,10,_original_nint128_seed18,6,6,4,0;2;3;5;7;9,False,True,monotone,0;2;3;5;7,9,,,,,,True,,,,
20,10,_original_nint128_seed18,6,6,4,1;3;4;5;8;9,False,True,monotone,1;4;5;8;9,3,,,,,,True,,,,
20,10,_original_nint128_seed18,6,6,4,1;4;5;6;8;9,False,True,monotone,1;4;5;8;9,6,,,,,,True,,,,
20,10,_original_nint128_seed18,6,6,4,0;1;2;4;7;9,False,True,monotone,1;2;4;7;9,0,,,,,,True,,,,
20,10,_original_nint128_seed18,6,6,4,0;2;3;5;6;9,False,True,monotone,0;2;3;6;9,5,,,,,,True,,,,
20,10,_original_nint128_seed18,6,6,4,0;2;3;6;8;9,False,True,monotone,0;2;3;6;9,8,,,,,,True,,,,
20,10,_original_nint128_seed18,6,6,4,0;1;2;6;7;9,False,True,monotone,1;2;6;7;9,0,,,,,,True,,,,
20,10,_original_nint128_seed18,6,6,4,1;2;5;6;7;9,False,True,monotone,1;2;6;7;9,5,,,,,,True,,,,
20,10,_original_nint128_seed18,6,6,4,0;2;5;7;8;9,False,True,monotone,2;5;7;8;9,0,,,,,,True,,,,
20,10,_original_nint128_seed18,6,6,4,2;3;5;7;8;9,False,True,monotone,2;5;7;8;9,3,,,,,,True,,,,
20,10,_original_nint128_seed18,6,6,4,2;5;6;7;8;9,False,True,monotone,2;5;7;8;9,6,,,,,,True,,,,
20,10,_original_nint128_seed18,6,6,4,0;3;4;5;6;9,False,True,monotone,0;3;4;6;9,5,,,,,,True,,,,
20,10,_original_nint128_seed18,6,6,4,0;3;4;6;8;9,False,True,monotone,0;3;4;6;9,8,,,,,,True,,,,
20,10,_original_nint128_seed18,6,6,4,0;1;5;6;7;9,False,True,monotone,0;1;6;7;9,5,,,,,,True,,,,
20,10,_original_nint128_seed18,6,6,4,0;3;5;7;8;9,False,True,monotone,0;5;7;8;9,3,,,,,,True,,,,
20,10,_original_nint128_seed18,6,6,4,0;5;6;7;8;9,False,True,monotone,0;5;7;8;9,6,,,,,,True,,,,
20,10,_original_nint128_seed18,6,6,4,0;2;5;6;7;8,False,True,monotone,0;2;6;7;8,5,,,,,,True,,,,
20,10,_original_nint128_seed18,6,6,4,0;2;6;7;8;9,False,True,monotone,0;2;6;7;8,9,,,,,,True,,,,
20,10,_original_nint128_seed18,6,6,4,0;1;2;5;6;7,False,True,monotone,0;1;2;5;7,6,,,,,,True,,,,
20,10,_original_nint128_seed18,6,6,4,0;1;2;5;7;9,False,True,monotone,0;1;2;5;7,9,,,,,,True,,,,
20,10,_original_nint128_seed18,6,6,4,1;2;3;4;5;8,False,True,monotone,1;2;4;5;8,3,,,,,,True,,,,
20,10,_original_nint128_seed18,6,6,4,1;2;4;5;6;8,False,True,monotone,1;2;4;5;8,6,,,,,,True,,,,
20,10,_original_nint128_seed18,6,6,4,0;3;5;6;7;9,False,True,monotone,0;3;5;7;9,6,,,,,,True,,,,
20,10,_original_nint128_seed18,6,6,4,1;3;4;5;6;7,False,True,monotone,1;3;4;5;7,6,,,,,,True,,,,
20,10,_original_nint128_seed18,6,6,4,1;3;4;5;7;8,False,True,monotone,1;3;4;5;7,8,,,,,,True,,,,
20,10,_original_nint128_seed18,6,6,4,0;1;3;4;6;8,False,True,monotone,0;1;4;6;8,3,,,,,,True,,,,
20,10,_original_nint128_seed18,6,6,4,0;1;4;5;6;8,False,True,monotone,0;1;4;6;8,5,,,,,,True,,,,
20,10,_original_nint128_seed18,6,6,4,0;1;3;4;5;6,False,True,monotone,0;1;3;4;6,5,,,,,,True,,,,
20,10,_original_nint128_seed18,6,6,4,2;4;5;6;7;9,False,True,monotone,2;4;5;7;9,6,,,,,,True,,,,
20,10,_original_nint128_seed18,6,6,4,1;4;5;6;7;8,False,True,monotone,1;4;5;7;8,6,,,,,,True,,,,
20,10,_original_nint128_seed18,6,6,4,2;3;4;6;8;9,False,True,monotone,2;4;6;8;9,3,,,,,,True,,,,
20,10,_original_nint128_seed18,6,6,4,2;4;5;6;8;9,False,True,monotone,2;4;6;8;9,5,,,,,,True,,,,
20,10,_original_nint128_seed18,6,6,4,0;3;4;5;6;7,False,True,monotone,0;3;4;6;7,5,,,,,,True,,,,
20,10,_original_nint128_seed18,6,6,4,0;3;4;6;7;8,False,True,monotone,0;3;4;6;7,8,,,,,,True,,,,
20,10,_original_nint128_seed18,6,6,4,1;2;4;5;6;9,False,True,monotone,1;2;4;5;9,6,,,,,,True,,,,
20,10,_original_nint128_seed18,6,6,4,1;3;4;7;8;9,False,True,monotone,1;4;7;8;9,3,,,,,,True,,,,
20,10,_original_nint128_seed18,6,6,4,0;1;3;5;6;9,False,True,monotone,0;1;3;5;9,6,,,,,,True,,,,
20,10,_original_nint128_seed18,6,6,4,0;1;3;5;8;9,False,True,monotone,0;1;3;5;9,8,,,,,,True,,,,
20,10,_original_nint128_seed18,6,6,4,1;3;6;7;8;9,False,True,monotone,1;6;7;8;9,3,,,,,,True,,,,
20,10,_original_nint128_seed18,6,6,4,1;5;6;7;8;9,False,True,monotone,1;6;7;8;9,5,,,,,,True,,,,
20,10,_original_nint128_seed18,6,6,4,0;2;4;5;6;7,False,True,monotone,0;2;4;6;7,5,,,,,,True,,,,
20,10,_original_nint128_seed18,6,6,4,0;2;4;6;7;9,False,True,monotone,0;2;4;6;7,9,,,,,,True,,,,
20,10,_original_nint128_seed18,6,6,4,1;3;4;5;6;9,False,True,monotone,1;3;4;5;9,6,,,,,,True,,,,
20,10,_original_nint128_seed18,6,6,4,1;2;3;4;5;6,False,True,monotone,1;2;3;4;6,5,,,,,,True,,,,
20,10,_original_nint128_seed18,6,6,4,1;2;3;4;6;8,False,True,monotone,1;2;3;4;6,8,,,,,,True,,,,
20,10,_original_nint128_seed18,6,6,4,0;1;2;3;8;9,False,True,monotone,0;1;2;3;9,8,,,,,,True,,,,
20,10,_original_nint128_seed18,6,6,4,1;2;3;5;6;9,False,True,monotone,1;2;3;5;9,6,,,,,,True,,,,
20,10,_original_nint128_seed18,6,6,4,1;2;3;5;8;9,False,True,monotone,1;2;3;5;9,8,,,,,,True,,,,
20,10,_original_nint128_seed18,6,6,4,1;2;5;6;8;9,False,True,monotone,1;2;5;8;9,6,,,,,,True,,,,
20,10,_original_nint128_seed18,6,6,4,0;1;3;5;6;7,False,True,monotone,0;1;3;5;7,6,,,,,,True,,,,
20,10,_original_nint128_seed18,6,6,4,0;1;3;5;7;8,False,True,monotone,0;1;3;5;7,8,,,,,,True,,,,
20,10,_original_nint128_seed18,6,6,4,1;2;3;4;7;8,False,True,monotone,1;2;4;7;8,3,,,,,,True,,,,
20,10,_original_nint128_seed18,6,6,4,3;4;5;7;8;9,False,True,monotone,4;5;7;8;9,3,,,,,,True,,,,
20,10,_original_nint128_seed18,6,6,4,4;5;6;7;8;9,False,True,monotone,4;5;7;8;9,6,,,,,,True,,,,
20,10,_original_nint128_seed18,6,6,4,1;4;5;6;7;9,False,True,monotone,1;4;6;7;9,5,,,,,,True,,,,
20,10,_original_nint128_seed18,6,6,4,1;3;4;6;8;9,False,True,monotone,1;3;4;6;9,8,,,,,,True,,,,
20,10,_original_nint128_seed18,6,6,4,0;2;3;4;7;8,False,True,monotone,0;2;4;7;8,3,,,,,,True,,,,
20,10,_original_nint128_seed18,6,6,4,2;3;6;7;8;9,False,True,monotone,2;6;7;8;9,3,,,,,,True,,,,
20,10,_original_nint128_seed18,6,6,4,0;2;3;5;8;9,False,True,monotone,0;2;3;5;9,8,,,,,,True,,,,
20,10,_original_nint128_seed18,6,6,4,2;3;4;5;6;9,False,True,monotone,2;3;4;6;9,5,,,,,,True,,,,
20,10,_original_nint128_seed18,6,6,4,1;2;3;5;6;7,False,True,monotone,1;2;3;5;7,6,,,,,,True,,,,
20,10,_original_nint128_seed18,6,6,4,1;2;3;5;7;8,False,True,monotone,1;2;3;5;7,8,,,,,,True,,,,
20,10,_original_nint128_seed18,6,6,4,0;1;2;3;5;6,False,True,monotone,0;1;2;3;6,5,,,,,,True,,,,
20,10,_original_nint128_seed18,6,6,4,0;1;2;3;6;8,False,True,monotone,0;1;2;3;6,8,,,,,,True,,,,
20,10,_original_nint128_seed18,6,6,4,0;3;6;7;8;9,False,True,monotone,0;6;7;8;9,3,,,,,,True,,,,
20,10,_original_nint128_seed18,6,6,4,0;1;3;4;5;8,False,True,monotone,0;1;4;5;8,3,,,,,,True,,,,
20,10,_original_nint128_seed18,6,6,4,2;3;5;6;7;9,False,True,monotone,2;3;5;7;9,6,,,,,,True,,,,
20,10,_original_nint128_seed18,6,6,4,1;3;4;6;7;8,False,True,monotone,1;3;4;6;7,8,,,,,,True,,,,
20,10,_original_nint128_seed18,6,6,4,0;1;2;5;6;9,False,True,monotone,0;1;2;5;9,6,,,,,,True,,,,
20,10,_original_nint128_seed18,6,6,4,0;2;5;6;8;9,False,True,monotone,0;2;6;8;9,5,,,,,,True,,,,
20,10,_original_nint128_seed18,6,6,4,2;3;4;5;8;9,False,True,monotone,2;3;4;5;9,8,,,,,,True,,,,
20,10,_original_nint128_seed18,6,6,4,0;3;4;5;7;8,False,True,monotone,0;3;4;5;7,8,,,,,,True,,,,
20,10,_original_nint128_seed18,6,6,4,0;1;3;4;8;9,False,True,monotone,0;1;3;4;9,8,,,,,,True,,,,
20,10,_original_nint128_seed18,6,6,4,2;3;4;5;6;7,False,True,monotone,2;3;4;6;7,5,,,,,,True,,,,
20,10,_original_nint128_seed18,6,6,4,2;3;4;6;7;8,False,True,monotone,2;3;4;6;7,8,,,,,,True,,,,
20,10,_original_nint128_seed18,6,6,4,0;2;3;4;5;8,False,True,monotone,0;2;4;5;8,3,,,,,,True,,,,
20,10,_original_nint128_seed18,6,6,4,0;2;4;5;6;8,False,True,monotone,0;2;4;5;8,6,,,,,,True,,,,
20,10,_original_nint128_seed18,6,6,4,1;3;5;7;8;9,False,True,monotone,1;5;7;8;9,3,,,,,,True,,,,
20,10,_original_nint128_seed18,6,6,4,0;1;2;4;5;6,False,True,monotone,0;1;2;4;6,5,,,,,,True,,,,
20,10,_original_nint128_seed18,6,6,4,0;2;3;4;5;6,False,True,monotone,0;2;3;4;5,6,,,,,,True,,,,
20,10,_original_nint128_seed18,6,6,4,0;1;3;6;8;9,False,True,monotone,0;1;3;6;9,8,,,,,,True,,,,
20,10,_original_nint128_seed18,6,6,4,2;4;5;6;7;8,False,True,monotone,2;4;6;7;8,5,,,,,,True,,,,
20,10,_original_nint128_seed18,6,6,4,1;2;4;5;6;7,False,True,monotone,1;2;4;5;7,6,,,,,,True,,,,
20,10,_original_nint128_seed18,6,6,4,0;2;4;5;6;9,False,True,monotone,0;2;4;6;9,5,,,,,,True,,,,
20,10,_original_nint128_seed18,6,6,4,1;2;3;6;8;9,False,True,monotone,1;2;3;6;9,8,,,,,,True,,,,
20,10,_original_nint128_seed18,6,6,4,0;1;4;5;6;7,False,True,monotone,0;1;4;5;7,6,,,,,,True,,,,
20,10,_original_nint128_seed18,6,6,4,0;4;5;6;7;8,False,True,monotone,0;4;6;7;8,5,,,,,,True,,,,
20,10,_original_nint128_seed18,6,6,4,1;3;5;6;7;9,False,True,monotone,1;3;6;7;9,5,,,,,,True,,,,
20,10,_original_nint128_seed18,6,6,4,0;1;2;5;6;8,False,True,monotone,0;1;2;6;8,5,,,,,,True,,,,
20,10,_original_nint128_seed18,6,6,4,0;1;5;6;8;9,False,True,monotone,0;1;5;8;9,6,,,,,,True,,,,
20,10,_original_nint128_seed18,6,6,4,0;3;4;5;8;9,False,True,monotone,0;3;4;5;9,8,,,,,,True,,,,
20,10,_original_nint128_seed18,6,6,4,1;2;5;6;7;8,False,True,monotone,1;2;5;7;8,6,,,,,,True,,,,
20,10,_original_nint128_seed18,6,6,4,0;1;3;7;8;9,False,True,monotone,0;1;3;7;9,8,,,,,,True,,,,
20,10,_original_nint128_seed18,6,6,4,0;2;3;4;8;9,False,True,monotone,0;2;4;8;9,3,,,,,,True,,,,
20,10,_original_nint128_seed18,6,6,4,0;1;4;5;6;9,False,True,monotone,0;1;4;5;9,6,,,,,,True,,,,
20,10,_original_nint128_seed18,6,6,4,0;4;5;6;8;9,False,True,monotone,0;4;6;8;9,5,,,,,,True,,,,
20,10,_original_nint128_seed18,6,6,4,0;1;2;3;5;8,False,True,monotone,0;1;2;5;8,3,,,,,,True,,,,
20,10,_original_nint128_seed18,6,6,4,1;2;3;6;7;8,False,True,monotone,1;2;6;7;8,3,,,,,,True,,,,
20,10,_original_nint128_seed18,6,6,4,0;2;3;4;6;8,False,True,monotone,0;2;4;6;8,3,,,,,,True,,,,
20,10,_original_nint128_seed18,6,6,4,2;3;4;5;7;8,False,True,monotone,2;3;4;5;7,8,,,,,,True,,,,
20,10,_original_nint128_seed18,7,7,3,0;1;2;3;6;7;9,False,True,monotone,1;2;3;6;7;9,0,,,,,,True,,,,
20,10,_original_nint128_seed18,7,7,3,1;2;3;5;6;7;9,False,True,monotone,1;2;3;6;7;9,5,,,,,,True,,,,
20,10,_original_nint128_seed18,7,7,3,1;2;3;6;7;8;9,False,True,monotone,1;2;3;6;7;9,8,,,,,,True,,,,
20,10,_original_nint128_seed18,7,7,3,0;1;2;3;4;5;8,False,True,monotone,0;1;2;4;5;8,3,,,,,,True,,,,
20,10,_original_nint128_seed18,7,7,3,0;1;2;4;5;6;8,False,True,monotone,0;1;2;4;5;8,6,,,,,,True,,,,
20,10,_original_nint128_seed18,7,7,3,1;2;3;4;5;7;8,False,True,monotone,1;2;4;5;7;8,3,,,,,,True,,,,
20,10,_original_nint128_seed18,7,7,3,1;2;4;5;6;7;8,False,True,monotone,1;2;4;5;7;8,6,,,,,,True,,,,
20,10,_original_nint128_seed18,7,7,3,0;1;2;3;5;6;9,False,True,monotone,0;1;2;3;6;9,5,,,,,,True,,,,
20,10,_original_nint128_seed18,7,7,3,0;1;2;3;6;8;9,False,True,monotone,0;1;2;3;6;9,8,,,,,,True,,,,
20,10,_original_nint128_seed18,7,7,3,1;3;4;5;7;8;9,False,True,monotone,1;4;5;7;8;9,3,,,,,,True,,,,
20,10,_original_nint128_seed18,7,7,3,1;4;5;6;7;8;9,False,True,monotone,1;4;5;7;8;9,6,,,,,,True,,,,
20,10,_original_nint128_seed18,7,7,3,1;2;3;4;6;7;8,False,True,monotone,1;2;4;6;7;8,3,,,,,,True,,,,
20,10,_original_nint128_seed18,7,7,3,0;1;3;4;5;6;9,False,True,monotone,0;1;3;4;6;9,5,,,,,,True,,,,
20,10,_original_nint128_seed18,7,7,3,0;1;3;4;6;8;9,False,True,monotone,0;1;3;4;6;9,8,,,,,,True,,,,
20,10,_original_nint128_seed18,7,7,3,0;2;4;5;7;8;9,False,True,monotone,0;4;5;7;8;9,2,,,,,,True,,,,
20,10,_original_nint128_seed18,7,7,3,0;3;4;5;7;8;9,False,True,monotone,0;4;5;7;8;9,3,,,,,,True,,,,
20,10,_original_nint128_seed18,7,7,3,0;4;5;6;7;8;9,False,True,monotone,0;4;5;7;8;9,6,,,,,,True,,,,
20,10,_original_nint128_seed18,7,7,3,0;1;3;4;6;7;8,False,True,monotone,0;1;4;6;7;8,3,,,,,,True,,,,
20,10,_original_nint128_seed18,7,7,3,0;1;4;5;6;7;8,False,True,monotone,0;1;4;6;7;8,5,,,,,,True,,,,
20,10,_original_nint128_seed18,7,7,3,0;1;2;4;6;7;9,False,True,monotone,0;1;4;6;7;9,2,,,,,,True,,,,
20,10,_original_nint128_seed18,7,7,3,0;1;4;5;6;7;9,False,True,monotone,0;1;4;6;7;9,5,,,,,,True,,,,
20,10,_original_nint128_seed18,7,7,3,0;1;2;3;4;7;9,False,True,monotone,0;1;3;4;7;9,2,,,,,,True,,,,
20,10,_original_nint128_seed18,7,7,3,0;1;3;4;7;8;9,False,True,monotone,0;1;3;4;7;9,8,,,,,,True,,,,
20,10,_original_nint128_seed18,7,7,3,0;1;2;3;6;7;8,False,True,monotone,0;1;2;6;7;8,3,,,,,,True,,,,
20,10,_original_nint128_seed18,7,7,3,0;1;2;5;6;7;8,False,True,monotone,0;1;2;6;7;8,5,,,,,,True,,,,
20,10,_original_nint128_seed18,7,7,3,0;1;2;6;7;8;9,False,True,monotone,0;1;2;6;7;8,9,,,,,,True,,,,
20,10,_original_nint128_seed18,7,7,3,0;1;2;4;7;8;9,False,True,monotone,0;1;4;7;8;9,2,,,,,,True,,,,
20,10,_original_nint128_seed18,7,7,3,0;2;3;4;5;6;7,False,True,monotone,0;2;3;4;6;7,5,,,,,,True,,,,
20,10,_original_nint128_seed18,7,7,3,0;2;3;4;6;7;8,False,True,monotone,0;2;3;4;6;7,8,,,,,,True,,,,
20,10,_original_nint128_seed18,7,7,3,0;2;3;4;6;7;9,False,True,monotone,0;2;3;4;6;7,9,,,,,,True,,,,
20,10,_original_nint128_seed18,7,7,3,0;2;3;4;5;7;9,False,True,monotone,0;3;4;5;7;9,2,,,,,,True,,,,
20,10,_original_nint128_seed18,7,7,3,0;3;4;5;6;7;9,False,True,monotone,0;3;4;5;7;9,6,,,,,,True,,,,
20,10,_original_nint128_seed18,7,7,3,0;2;3;4;5;7;8,False,True,monotone,0;2;3;4;5;7,8,,,,,,True,,,,
20,10,_original_nint128_seed18,7,7,3,0;2;3;4;5;8;9,False,True,monotone,0;2;4;5;8;9,3,,,,,,True,,,,
20,10,_original_nint128_seed18,7,7,3,0;2;4;5;6;8;9,False,True,monotone,0;2;4;5;8;9,6,,,,,,True,,,,
20,10,_original_nint128_seed18,7,7,3,0;1;2;4;5;6;9,False,True,monotone,0;1;2;4;6;9,5,,,,,,True,,,,
20,10,_original_nint128_seed18,7,7,3,1;2;3;4;5;6;7,False,True,monotone,1;2;3;4;5;7,6,,,,,,True,,,,
20,10,_original_nint128_seed18,7,7,3,0;1;2;3;4;8;9,False,True,monotone,0;1;2;3;4;9,8,,,,,,True,,,,
20,10,_original_nint128_seed18,7,7,3,2;3;4;5;6;7;9,False,True,monotone,2;3;4;6;7;9,5,,,,,,True,,,,
20,10,_original_nint128_seed18,7,7,3,2;3;4;6;7;8;9,False,True,monotone,2;3;4;6;7;9,8,,,,,,True,,,,
20,10,_original_nint128_seed18,7,7,3,1;2;5;6;7;8;9,False,True,monotone,1;2;6;7;8;9,5,,,,,,True,,,,
20,10,_original_nint128_seed18,7,7,3,0;1;3;4;5;8;9,False,True,monotone,0;1;3;4;5;9,8,,,,,,True,,,,
20,10,_original_nint128_seed18,7,7,3,0;1;2;3;4;5;6,False,True,monotone,0;1;2;3;4;6,5,,,,,,True,,,,
20,10,_original_nint128_seed18,7,7,3,0;1;2;3;4;6;8,False,True,monotone,0;1;2;3;4;6,8,,,,,,True,,,,
20,10,_original_nint128_seed18,7,7,3,1;3;4;6;7;8;9,False,True,monotone,1;4;6;7;8;9,3,,,,,,True,,,,
20,10,_original_nint128_seed18,7,7,3,0;1;2;5;7;8;9,False,True,monotone,1;2;5;7;8;9,0,,,,,,True,,,,
20,10,_original_nint128_seed18,7,7,3,1;2;3;5;7;8;9,False,True,monotone,1;2;5;7;8;9,3,,,,,,True,,,,
20,10,_original_nint128_seed18,7,7,3,0;1;2;3;5;7;8,False,True,monotone,0;1;2;5;7;8,3,,,,,,True,,,,
20,10,_original_nint128_seed18,7,7,3,0;1;3;5;7;8;9,False,True,monotone,0;1;5;7;8;9,3,,,,,,True,,,,
20,10,_original_nint128_seed18,7,7,3,0;1;5;6;7;8;9,False,True,monotone,0;1;5;7;8;9,6,,,,,,True,,,,
20,10,_original_nint128_seed18,7,7,3,1;2;3;4;5;6;9,False,True,monotone,1;2;3;4;6;9,5,,,,,,True,,,,
20,10,_original_nint128_seed18,7,7,3,1;2;3;4;6;8;9,False,True,monotone,1;2;3;4;6;9,8,,,,,,True,,,,
20,10,_original_nint128_seed18,7,7,3,1;2;4;5;6;8;9,False,True,monotone,1;2;4;6;8;9,5,,,,,,True,,,,
20,10,_original_nint128_seed18,7,7,3,2;3;4;5;7;8;9,False,True,monotone,2;3;4;5;7;9,8,,,,,,True,,,,
20,10,_original_nint128_seed18,7,7,3,1;2;3;4;7;8;9,False,True,monotone,1;2;4;7;8;9,3,,,,,,True,,,,
20,10,_original_nint128_seed18,7,7,3,0;2;3;4;6;8;9,False,True,monotone,0;2;4;6;8;9,3,,,,,,True,,,,
20,10,_original_nint128_seed18,7,7,3,0;2;4;6;7;8;9,False,True,monotone,0;2;4;6;8;9,7,,,,,,True,,,,
20,10,_original_nint128_seed18,7,7,3,0;1;2;4;5;7;9,False,True,monotone,0;1;2;4;5;9,7,,,,,,True,,,,
20,10,_original_nint128_seed18,7,7,3,0;1;2;3;5;7;9,False,True,monotone,0;1;2;3;5;9,7,,,,,,True,,,,
20,10,_original_nint128_seed18,7,7,3,0;1;2;3;5;8;9,False,True,monotone,0;1;2;3;5;9,8,,,,,,True,,,,
20,10,_original_nint128_seed18,7,7,3,0;1;2;4;5;6;7,False,True,monotone,0;1;2;4;6;7,5,,,,,,True,,,,
20,10,_original_nint128_seed18,7,7,3,0;1;3;4;5;7;8,False,True,monotone,0;1;4;5;7;8,3,,,,,,True,,,,
20,10,_original_nint128_seed18,7,7,3,1;2;3;4;5;8;9,False,True,monotone,1;2;3;4;5;9,8,,,,,,True,,,,
20,10,_original_nint128_seed18,7,7,3,0;2;4;5;6;7;8,False,True,monotone,0;2;4;5;7;8,6,,,,,,True,,,,
20,10,_original_nint128_seed18,7,7,3,0;1;3;5;6;7;9,False,True,monotone,0;1;3;6;7;9,5,,,,,,True,,,,
20,10,_original_nint128_seed18,7,7,3,0;1;3;6;7;8;9,False,True,monotone,0;1;3;6;7;9,8,,,,,,True,,,,
20,10,_original_nint128_seed18,7,7,3,0;1;2;3;5;6;7,False,True,monotone,0;1;2;3;6;7,5,,,,,,True,,,,
20,10,_original_nint128_seed18,7,7,3,0;1;4;5;6;8;9,False,True,monotone,0;1;4;6;8;9,5,,,,,,True,,,,
20,10,_original_nint128_seed18,7,7,3,1;3;4;5;6;7;9,False,True,monotone,1;3;4;5;7;9,6,,,,,,True,,,,
20,10,_original_nint128_seed18,7,7,3,1;2;4;5;6;7;9,False,True,monotone,1;2;4;5;7;9,6,,,,,,True,,,,
20,10,_original_nint128_seed18,7,7,3,2;4;5;6;7;8;9,False,True,monotone,2;4;6;7;8;9,5,,,,,,True,,,,
20,10,_original_nint128_seed18,7,7,3,0;2;3;4;5;6;9,False,True,monotone,0;2;3;4;5;9,6,,,,,,True,,,,
20,10,_original_nint128_seed18,7,7,3,0;1;2;3;4;7;8,False,True,monotone,0;1;2;3;4;7,8,,,,,,True,,,,
20,10,_original_nint128_seed18,7,7,3,0;1;3;4;5;6;7,False,True,monotone,0;1;3;4;5;7,6,,,,,,True,,,,
20,10,_original_nint128_seed18,7,7,3,0;1;2;5;6;8;9,False,True,monotone,0;1;2;5;8;9,6,,,,,,True,,,,
20,10,_original_nint128_seed18,7,7,3,0;3;4;6;7;8;9,False,True,monotone,0;4;6;7;8;9,3,,,,,,True,,,,
20,10,_original_nint128_seed18,8,8,2,0;1;2;4;6;7;8;9,False,True,monotone,0;1;4;6;7;8;9,2,,,,,,True,,,,
20,10,_original_nint128_seed18,8,8,2,0;1;3;4;6;7;8;9,False,True,monotone,0;1;4;6;7;8;9,3,,,,,,True,,,,
20,10,_original_nint128_seed18,8,8,2,0;1;4;5;6;7;8;9,False,True,monotone,0;1;4;6;7;8;9,5,,,,,,True,,,,
20,10,_original_nint128_seed18,8,8,2,0;1;2;3;4;5;6;9,False,True,monotone,0;1;2;3;4;5;9,6,,,,,,True,,,,
20,10,_original_nint128_seed18,8,8,2,0;1;2;3;4;5;7;9,False,True,monotone,0;1;2;3;4;5;9,7,,,,,,True,,,,
20,10,_original_nint128_seed18,8,8,2,0;1;2;3;4;5;8;9,False,True,monotone,0;1;2;3;4;5;9,8,,,,,,True,,,,
20,10,_original_nint128_seed18,8,8,2,0;1;2;3;4;5;7;8,False,True,monotone,0;1;2;4;5;7;8,3,,,,,,True,,,,
20,10,_original_nint128_seed18,8,8,2,0;1;2;4;5;6;7;8,False,True,monotone,0;1;2;4;5;7;8,6,,,,,,True,,,,
20,10,_original_nint128_seed18,8,8,2,0;1;2;4;5;7;8;9,False,True,monotone,0;1;2;4;5;7;8,9,,,,,,True,,,,
20,10,_original_nint128_seed18,8,8,2,0;1;2;4;5;6;8;9,False,True,monotone,0;1;2;4;5;8;9,6,,,,,,True,,,,
20,10,_original_nint128_seed18,8,8,2,0;1;2;3;4;6;7;9,False,True,monotone,0;1;3;4;6;7;9,2,,,,,,True,,,,
20,10,_original_nint128_seed18,8,8,2,0;1;3;4;5;6;7;9,False,True,monotone,0;1;3;4;6;7;9,5,,,,,,True,,,,
20,10,_original_nint128_seed18,8,8,2,0;1;2;3;4;6;8;9,False,True,monotone,0;1;2;3;4;6;9,8,,,,,,True,,,,
20,10,_original_nint128_seed18,8,8,2,1;2;3;4;5;6;7;9,False,True,monotone,1;2;3;4;6;7;9,5,,,,,,True,,,,
20,10,_original_nint128_seed18,8,8,2,1;2;3;4;6;7;8;9,False,True,monotone,1;2;3;4;6;7;9,8,,,,,,True,,,,
20,10,_original_nint128_seed18,8,8,2,0;1;3;4;5;7;8;9,False,True,monotone,0;1;4;5;7;8;9,3,,,,,,True,,,,
20,10,_original_nint128_seed18,8,8,2,1;2;3;4;5;7;8;9,False,True,monotone,1;2;4;5;7;8;9,3,,,,,,True,,,,
20,10,_original_nint128_seed18,8,8,2,1;2;4;5;6;7;8;9,False,True,monotone,1;2;4;5;7;8;9,6,,,,,,True,,,,
20,10,_original_nint128_seed18,8,8,2,0;1;2;3;4;6;7;8,False,True,monotone,0;1;2;4;6;7;8,3,,,,,,True,,,,
20,10,_original_nint128_seed18,8,8,2,0;1;2;3;4;5;6;7,False,True,monotone,0;1;2;3;4;6;7,5,,,,,,True,,,,
