M,P,option,depth,num_deleted,num_remaining_relu,deleted_set_str,is_leaf,is_rejected,reject_reason,parent_set_str,added_relu,num_clusters,edge_types,weighted_edges_total,num_self_absorbed_edges,num_fixed_nodes,fixed_collision,num_scc_ge3,largest_scc_size,cycle_penalty_ge3,is_minimal_num_clusters
20,10,_original_nint128_seed19,1,1,9,0,False,False,,,0,36.0,77.0,1249.0,10.0,5.0,False,1.0,36.0,36.0,False
20,10,_original_nint128_seed19,1,1,9,1,False,False,,,1,32.0,66.0,1174.0,17.0,5.0,False,1.0,32.0,32.0,False
20,10,_original_nint128_seed19,1,1,9,2,False,False,,,2,39.0,82.0,1322.0,7.0,5.0,False,1.0,39.0,39.0,False
20,10,_original_nint128_seed19,1,1,9,3,False,False,,,3,41.0,85.0,1297.0,6.0,5.0,False,1.0,41.0,41.0,False
20,10,_original_nint128_seed19,1,1,9,4,False,False,,,4,41.0,85.0,1166.0,4.0,5.0,False,1.0,41.0,41.0,False
20,10,_original_nint128_seed19,1,1,9,5,False,False,,,5,34.0,74.0,1337.0,10.0,5.0,False,1.0,34.0,34.0,False
20,10,_original_nint128_seed19,1,1,9,6,False,False,,,6,35.0,76.0,1295.0,11.0,5.0,False,1.0,35.0,35.0,False
20,10,_original_nint128_seed19,1,1,9,7,False,False,,,7,37.0,81.0,1327.0,6.0,5.0,False,1.0,37.0,37.0,False
20,10,_original_nint128_seed19,1,1,9,8,False,False,,,8,40.0,84.0,1151.0,5.0,5.0,False,1.0,40.0,40.0,False
20,10,_original_nint128_seed19,1,1,9,9,False,False,,,9,41.0,83.0,1308.0,5.0,5.0,False,1.0,41.0,41.0,False
20,10,_original_nint128_seed19,2,2,8,0;2,False,False,,0,2,30.0,65.0,1171.0,17.0,5.0,False,1.0,30.0,30.0,False
20,10,_original_nint128_seed19,2,2,8,1;2,False,False,,1,2,28.0,58.0,1094.0,25.0,5.0,False,1.0,28.0,28.0,False
20,10,_original_nint128_seed19,2,2,8,2;4,False,False,,2,4,35.0,73.0,1088.0,11.0,5.0,False,1.0,35.0,35.0,False
20,10,_original_nint128_seed19,2,2,8,2;5,False,False,,5,2,28.0,62.0,1259.0,17.0,5.0,False,1.0,28.0,28.0,False
20,10,_original_nint128_seed19,2,2,8,2;6,False,False,,6,2,29.0,64.0,1217.0,18.0,5.0,False,1.0,29.0,29.0,False
20,10,_original_nint128_seed19,2,2,8,2;7,False,False,,7,2,31.0,69.0,1249.0,13.0,5.0,False,1.0,31.0,31.0,False
20,10,_original_nint128_seed19,2,2,8,2;8,False,False,,2,8,35.0,73.0,1073.0,12.0,5.0,False,1.0,35.0,35.0,False
20,10,_original_nint128_seed19,2,2,8,2;9,False,False,,2,9,36.0,74.0,1228.0,13.0,5.0,False,1.0,36.0,36.0,False
20,10,_original_nint128_seed19,2,2,8,0;9,False,False,,0,9,32.0,66.0,1157.0,15.0,5.0,False,1.0,32.0,32.0,False
20,10,_original_nint128_seed19,2,2,8,1;9,False,False,,1,9,29.0,58.0,1080.0,23.0,5.0,False,1.0,29.0,29.0,False
20,10,_original_nint128_seed19,2,2,8,3;9,False,False,,9,3,37.0,74.0,1205.0,11.0,5.0,False,1.0,37.0,37.0,False
20,10,_original_nint128_seed19,2,2,8,4;9,False,False,,9,4,37.0,74.0,1074.0,9.0,5.0,False,1.0,37.0,37.0,False
20,10,_original_nint128_seed19,2,2,8,5;9,False,False,,5,9,30.0,63.0,1245.0,15.0,5.0,False,1.0,30.0,30.0,False
20,10,_original_nint128_seed19,2,2,8,6;9,False,False,,6,9,31.0,65.0,1203.0,16.0,5.0,False,1.0,31.0,31.0,False
20,10,_original_nint128_seed19,2,2,8,7;9,False,False,,7,9,33.0,71.0,1231.0,13.0,5.0,False,1.0,33.0,33.0,False
20,10,_original_nint128_seed19,2,2,8,8;9,False,False,,9,8,36.0,73.0,1059.0,10.0,5.0,False,1.0,36.0,36.0,False
20,10,_original_nint128_seed19,2,2,8,0;8,False,False,,0,8,31.0,67.0,1000.0,15.0,5.0,False,1.0,31.0,31.0,False
20,10,_original_nint128_seed19,2,2,8,1;8,False,False,,1,8,28.0,57.0,925.0,22.0,5.0,False,1.0,28.0,28.0,False
20,10,_original_nint128_seed19,2,2,8,3;8,False,False,,8,3,36.0,75.0,1048.0,11.0,5.0,False,1.0,36.0,36.0,False
20,10,_original_nint128_seed19,2,2,8,4;8,False,False,,8,4,37.0,78.0,914.0,10.0,5.0,False,1.0,37.0,37.0,False
20,10,_original_nint128_seed19,2,2,8,5;8,False,False,,5,8,29.0,64.0,1088.0,15.0,5.0,False,1.0,29.0,29.0,False
20,10,_original_nint128_seed19,2,2,8,6;8,False,False,,6,8,30.0,66.0,1046.0,16.0,5.0,False,1.0,30.0,30.0,False
20,10,_original_nint128_seed19,2,2,8,7;8,False,False,,7,8,32.0,71.0,1078.0,11.0,5.0,False,1.0,32.0,32.0,False
20,10,_original_nint128_seed19,2,2,8,0;7,False,False,,0,7,29.0,64.0,1176.0,16.0,5.0,False,1.0,29.0,29.0,False
20,10,_original_nint128_seed19,2,2,8,1;7,False,False,,1,7,25.0,56.0,1100.0,24.0,5.0,False,1.0,25.0,25.0,False
20,10,_original_nint128_seed19,2,2,8,3;7,False,False,,7,3,33.0,72.0,1224.0,12.0,5.0,False,1.0,33.0,33.0,False
20,10,_original_nint128_seed19,2,2,8,4;7,False,False,,7,4,34.0,73.0,1093.0,10.0,5.0,False,1.0,34.0,34.0,False
20,10,_original_nint128_seed19,2,2,8,5;7,False,False,,5,7,28.0,62.0,1264.0,16.0,5.0,False,1.0,28.0,28.0,False
20,10,_original_nint128_seed19,2,2,8,6;7,False,False,,6,7,29.0,64.0,1222.0,17.0,5.0,False,1.0,29.0,29.0,False
20,10,_original_nint128_seed19,2,2,8,0;3,False,False,,0,3,32.0,68.0,1146.0,16.0,5.0,False,1.0,32.0,32.0,False
20,10,_original_nint128_seed19,2,2,8,1;3,False,False,,1,3,29.0,59.0,1071.0,23.0,5.0,False,1.0,29.0,29.0,False
20,10,_original_nint128_seed19,2,2,8,3;4,False,False,,3,4,38.0,79.0,1060.0,11.0,5.0,False,1.0,38.0,38.0,False
20,10,_original_nint128_seed19,2,2,8,3;5,False,False,,5,3,30.0,65.0,1234.0,16.0,5.0,False,1.0,30.0,30.0,False
20,10,_original_nint128_seed19,2,2,8,3;6,False,False,,6,3,31.0,67.0,1192.0,17.0,5.0,False,1.0,31.0,31.0,False
20,10,_original_nint128_seed19,2,2,8,0;1,False,False,,1,0,25.0,51.0,1023.0,27.0,5.0,False,1.0,25.0,25.0,False
20,10,_original_nint128_seed19,2,2,8,1;4,False,False,,1,4,28.0,57.0,940.0,21.0,5.0,False,1.0,28.0,28.0,False
20,10,_original_nint128_seed19,2,2,8,1;5,False,False,,1,5,24.0,51.0,1106.0,29.0,5.0,False,1.0,24.0,24.0,False
20,10,_original_nint128_seed19,2,2,8,1;6,False,False,,1,6,24.0,50.0,1069.0,28.0,5.0,False,1.0,24.0,24.0,False
20,10,_original_nint128_seed19,2,2,8,0;6,False,False,,6,0,28.0,61.0,1142.0,22.0,5.0,False,1.0,28.0,28.0,False
20,10,_original_nint128_seed19,2,2,8,4;6,False,False,,6,4,31.0,67.0,1061.0,15.0,5.0,False,1.0,31.0,31.0,False
20,10,_original_nint128_seed19,2,2,8,5;6,False,False,,5,6,28.0,61.0,1231.0,22.0,5.0,False,1.0,28.0,28.0,False
20,10,_original_nint128_seed19,2,2,8,0;5,False,False,,5,0,28.0,60.0,1185.0,21.0,5.0,False,1.0,28.0,28.0,False
20,10,_original_nint128_seed19,2,2,8,4;5,False,False,,5,4,30.0,65.0,1103.0,14.0,5.0,False,1.0,30.0,30.0,False
20,10,_original_nint128_seed19,2,2,8,0;4,False,False,,0,4,32.0,68.0,1015.0,14.0,5.0,False,1.0,32.0,32.0,False
20,10,_original_nint128_seed19,3,3,7,0;2;8,False,False,,0;2,8,26.0,56.0,922.0,22.0,5.0,False,1.0,26.0,26.0,False
20,10,_original_nint128_seed19,3,3,7,1;2;8,False,False,,1;8,2,25.0,50.0,845.0,30.0,5.0,False,1.0,25.0,25.0,False
20,10,_original_nint128_seed19,3,3,7,2;4;8,False,False,,2;4,8,32.0,67.0,836.0,17.0,5.0,False,1.0,32.0,32.0,False
20,10,_original_nint128_seed19,3,3,7,2;5;8,False,False,,2;5,8,24.0,53.0,1010.0,22.0,5.0,False,1.0,24.0,24.0,False
20,10,_original_nint128_seed19,3,3,7,2;6;8,False,False,,2;6,8,25.0,55.0,968.0,23.0,5.0,False,1.0,25.0,25.0,False
20,10,_original_nint128_seed19,3,3,7,2;7;8,False,False,,2;7,8,27.0,60.0,1000.0,18.0,5.0,False,1.0,27.0,27.0,False
20,10,_original_nint128_seed19,3,3,7,2;8;9,False,False,,2;8,9,32.0,65.0,979.0,18.0,5.0,False,1.0,32.0,32.0,False
20,10,_original_nint128_seed19,3,3,7,0;1;4,False,False,,0;1,4,21.0,42.0,789.0,31.0,5.0,False,1.0,21.0,21.0,False
20,10,_original_nint128_seed19,3,3,7,1;2;4,False,False,,1;4,2,24.0,49.0,860.0,29.0,5.0,False,1.0,24.0,24.0,False
20,10,_original_nint128_seed19,3,3,7,1;3;4,False,False,,1;4,3,26.0,53.0,834.0,28.0,5.0,False,1.0,26.0,26.0,False
20,10,_original_nint128_seed19,3,3,7,1;4;5,False,False,,1;5,4,20.0,42.0,872.0,33.0,5.0,False,1.0,20.0,20.0,False
20,10,_original_nint128_seed19,3,3,7,1;4;6,False,False,,1;6,4,20.0,41.0,835.0,32.0,5.0,False,1.0,20.0,20.0,False
20,10,_original_nint128_seed19,3,3,7,1;4;7,False,False,,1;7,4,22.0,48.0,866.0,28.0,5.0,False,1.0,22.0,22.0,False
20,10,_original_nint128_seed19,3,3,7,1;4;8,False,False,,1;4,8,25.0,51.0,688.0,27.0,5.0,False,1.0,25.0,25.0,False
20,10,_original_nint128_seed19,3,3,7,1;4;9,False,False,,1;4,9,25.0,49.0,846.0,27.0,5.0,False,1.0,25.0,25.0,False
20,10,_original_nint128_seed19,3,3,7,0;4;6,False,False,,0;6,4,24.0,52.0,908.0,26.0,5.0,False,1.0,24.0,24.0,False
20,10,_original_nint128_seed19,3,3,7,2;4;6,False,False,,2;6,4,25.0,55.0,983.0,22.0,5.0,False,1.0,25.0,25.0,False
20,10,_original_nint128_seed19,3,3,7,3;4;6,False,False,,3;6,4,28.0,61.0,955.0,22.0,5.0,False,1.0,28.0,28.0,False
20,10,_original_nint128_seed19,3,3,7,4;5;6,False,False,,5;6,4,24.0,52.0,997.0,26.0,5.0,False,1.0,24.0,24.0,False
20,10,_original_nint128_seed19,3,3,7,4;6;7,False,False,,6;7,4,26.0,56.0,988.0,21.0,5.0,False,1.0,26.0,26.0,False
20,10,_original_nint128_seed19,3,3,7,4;6;8,False,False,,6;8,4,27.0,60.0,809.0,21.0,5.0,False,1.0,27.0,27.0,False
20,10,_original_nint128_seed19,3,3,7,4;6;9,False,False,,6;9,4,27.0,56.0,969.0,20.0,5.0,False,1.0,27.0,27.0,False
20,10,_original_nint128_seed19,3,3,7,0;3;9,False,False,,0;9,3,28.0,57.0,1054.0,21.0,5.0,False,1.0,28.0,28.0,False
20,10,_original_nint128_seed19,3,3,7,1;3;9,False,False,,1;9,3,26.0,51.0,977.0,29.0,5.0,False,1.0,26.0,26.0,False
20,10,_original_nint128_seed19,3,3,7,3;4;9,False,False,,3;9,4,34.0,68.0,968.0,16.0,5.0,False,1.0,34.0,34.0,False
20,10,_original_nint128_seed19,3,3,7,3;5;9,False,False,,5;9,3,26.0,54.0,1142.0,21.0,5.0,False,1.0,26.0,26.0,False
20,10,_original_nint128_seed19,3,3,7,3;6;9,False,False,,6;9,3,27.0,56.0,1100.0,22.0,5.0,False,1.0,27.0,27.0,False
20,10,_original_nint128_seed19,3,3,7,3;7;9,False,False,,7;9,3,29.0,62.0,1128.0,19.0,5.0,False,1.0,29.0,29.0,False
20,10,_original_nint128_seed19,3,3,7,3;8;9,False,False,,8;9,3,32.0,64.0,956.0,16.0,5.0,False,1.0,32.0,32.0,False
20,10,_original_nint128_seed19,3,3,7,0;2;6,False,False,,0;6,2,22.0,49.0,1064.0,29.0,5.0,False,1.0,22.0,22.0,False
20,10,_original_nint128_seed19,3,3,7,1;2;6,False,False,,1;6,2,20.0,42.0,989.0,36.0,5.0,False,1.0,20.0,20.0,False
20,10,_original_nint128_seed19,3,3,7,2;5;6,False,False,,5;6,2,22.0,49.0,1153.0,29.0,5.0,False,1.0,22.0,22.0,False
20,10,_original_nint128_seed19,3,3,7,2;6;7,False,False,,2;6,7,23.0,52.0,1144.0,24.0,5.0,False,1.0,23.0,23.0,False
20,10,_original_nint128_seed19,3,3,7,2;6;9,False,False,,2;6,9,26.0,56.0,1123.0,24.0,5.0,False,1.0,26.0,26.0,False
20,10,_original_nint128_seed19,3,3,7,0;4;5,False,False,,0;5,4,24.0,51.0,951.0,25.0,5.0,False,1.0,24.0,24.0,False
20,10,_original_nint128_seed19,3,3,7,2;4;5,False,False,,2;5,4,24.0,53.0,1025.0,21.0,5.0,False,1.0,24.0,24.0,False
20,10,_original_nint128_seed19,3,3,7,3;4;5,False,False,,3;5,4,27.0,59.0,997.0,21.0,5.0,False,1.0,27.0,27.0,False
20,10,_original_nint128_seed19,3,3,7,4;5;7,False,False,,5;7,4,25.0,54.0,1030.0,20.0,5.0,False,1.0,25.0,25.0,False
20,10,_original_nint128_seed19,3,3,7,4;5;8,False,False,,5;8,4,26.0,58.0,851.0,20.0,5.0,False,1.0,26.0,26.0,False
20,10,_original_nint128_seed19,3,3,7,4;5;9,False,False,,5;9,4,26.0,54.0,1011.0,19.0,5.0,False,1.0,26.0,26.0,False
20,10,_original_nint128_seed19,3,3,7,0;7;9,False,False,,0;7,9,25.0,54.0,1080.0,23.0,5.0,False,1.0,25.0,25.0,False
20,10,_original_nint128_seed19,3,3,7,1;7;9,False,False,,1;7,9,22.0,49.0,1002.0,32.0,5.0,False,1.0,22.0,22.0,False
20,10,_original_nint128_seed19,3,3,7,2;7;9,False,False,,2;7,9,28.0,62.0,1151.0,21.0,5.0,False,1.0,28.0,28.0,False
20,10,_original_nint128_seed19,3,3,7,4;7;9,False,False,,7;9,4,30.0,63.0,997.0,17.0,5.0,False,1.0,30.0,30.0,False
20,10,_original_nint128_seed19,3,3,7,5;7;9,False,False,,5;7,9,24.0,52.0,1168.0,23.0,5.0,False,1.0,24.0,24.0,False
20,10,_original_nint128_seed19,3,3,7,6;7;9,False,False,,6;7,9,25.0,54.0,1126.0,24.0,5.0,False,1.0,25.0,25.0,False
20,10,_original_nint128_seed19,3,3,7,7;8;9,False,False,,7;8,9,29.0,63.0,982.0,18.0,5.0,False,1.0,29.0,29.0,False
20,10,_original_nint128_seed19,3,3,7,0;7;8,False,False,,0;7,8,24.0,54.0,927.0,21.0,5.0,False,1.0,24.0,24.0,False
20,10,_original_nint128_seed19,3,3,7,1;7;8,False,False,,1;7,8,21.0,47.0,851.0,29.0,5.0,False,1.0,21.0,21.0,False
20,10,_original_nint128_seed19,3,3,7,3;7;8,False,False,,7;8,3,28.0,62.0,975.0,17.0,5.0,False,1.0,28.0,28.0,False
20,10,_original_nint128_seed19,3,3,7,4;7;8,False,False,,7;8,4,30.0,66.0,841.0,16.0,5.0,False,1.0,30.0,30.0,False
20,10,_original_nint128_seed19,3,3,7,5;7;8,False,False,,5;7,8,23.0,52.0,1015.0,21.0,5.0,False,1.0,23.0,23.0,False
20,10,_original_nint128_seed19,3,3,7,6;7;8,False,False,,6;7,8,24.0,54.0,973.0,22.0,5.0,False,1.0,24.0,24.0,False
20,10,_original_nint128_seed19,3,3,7,0;1;5,False,False,,1;5,0,19.0,39.0,954.0,40.0,5.0,False,1.0,19.0,19.0,False
20,10,_original_nint128_seed19,3,3,7,0;2;5,False,False,,0;5,2,22.0,48.0,1107.0,28.0,5.0,False,1.0,22.0,22.0,False
20,10,_original_nint128_seed19,3,3,7,0;3;5,False,False,,0;5,3,24.0,51.0,1082.0,27.0,5.0,False,1.0,24.0,24.0,False
20,10,_original_nint128_seed19,3,3,7,0;5;6,False,False,,0;5,6,24.0,52.0,1077.0,34.0,5.0,False,1.0,24.0,24.0,False
20,10,_original_nint128_seed19,3,3,7,0;5;7,False,False,,0;5,7,23.0,49.0,1112.0,27.0,5.0,False,1.0,23.0,23.0,False
20,10,_original_nint128_seed19,3,3,7,0;5;8,False,False,,0;5,8,23.0,50.0,936.0,26.0,5.0,False,1.0,23.0,23.0,False
20,10,_original_nint128_seed19,3,3,7,0;5;9,False,False,,0;5,9,24.0,49.0,1093.0,26.0,5.0,False,1.0,24.0,24.0,False
20,10,_original_nint128_seed19,3,3,7,0;4;9,False,False,,0;9,4,28.0,57.0,923.0,19.0,5.0,False,1.0,28.0,28.0,False
20,10,_original_nint128_seed19,3,3,7,2;4;9,False,False,,2;4,9,29.0,65.0,994.0,17.0,5.0,False,1.0,29.0,29.0,False
20,10,_original_nint128_seed19,3,3,7,4;8;9,False,False,,8;9,4,33.0,67.0,822.0,15.0,5.0,False,1.0,33.0,33.0,False
20,10,_original_nint128_seed19,3,3,7,0;2;9,False,False,,0;2,9,27.0,57.0,1077.0,23.0,5.0,False,1.0,27.0,27.0,False
20,10,_original_nint128_seed19,3,3,7,1;2;9,False,False,,1;2,9,26.0,53.0,998.0,32.0,5.0,False,1.0,26.0,26.0,False
20,10,_original_nint128_seed19,3,3,7,2;5;9,False,False,,2;5,9,25.0,54.0,1165.0,23.0,5.0,False,1.0,25.0,25.0,False
20,10,_original_nint128_seed19,3,3,7,1;5;9,False,False,,1;5,9,21.0,43.0,1012.0,35.0,5.0,False,1.0,21.0,21.0,False
20,10,_original_nint128_seed19,3,3,7,5;6;9,False,False,,5;6,9,24.0,50.0,1139.0,27.0,5.0,False,1.0,24.0,24.0,False
20,10,_original_nint128_seed19,3,3,7,5;8;9,False,False,,5;9,8,25.0,53.0,996.0,20.0,5.0,False,1.0,25.0,25.0,False
20,10,_original_nint128_seed19,3,3,7,0;3;4,False,False,,0;3,4,29.0,62.0,909.0,21.0,5.0,False,1.0,29.0,29.0,False
20,10,_original_nint128_seed19,3,3,7,3;4;7,False,False,,3;7,4,31.0,67.0,987.0,17.0,5.0,False,1.0,31.0,31.0,False
20,10,_original_nint128_seed19,3,3,7,3;4;8,False,False,,3;8,4,34.0,72.0,808.0,17.0,5.0,False,1.0,34.0,34.0,False
20,10,_original_nint128_seed19,3,3,7,0;6;9,False,False,,0;6,9,24.0,50.0,1050.0,27.0,5.0,False,1.0,24.0,24.0,False
20,10,_original_nint128_seed19,3,3,7,1;6;9,False,False,,1;6,9,21.0,42.0,975.0,34.0,5.0,False,1.0,21.0,21.0,False
20,10,_original_nint128_seed19,3,3,7,6;8;9,False,False,,6;9,8,26.0,55.0,954.0,21.0,5.0,False,1.0,26.0,26.0,False
20,10,_original_nint128_seed19,3,3,7,0;1;7,False,False,,0;1,7,19.0,41.0,949.0,34.0,5.0,False,1.0,19.0,19.0,False
20,10,_original_nint128_seed19,3,3,7,1;2;7,False,False,,1;7,2,21.0,48.0,1020.0,32.0,5.0,False,1.0,21.0,21.0,False
20,10,_original_nint128_seed19,3,3,7,1;3;7,False,False,,1;7,3,22.0,49.0,997.0,30.0,5.0,False,1.0,22.0,22.0,False
20,10,_original_nint128_seed19,3,3,7,1;5;7,False,False,,1;5,7,19.0,42.0,1032.0,36.0,5.0,False,1.0,19.0,19.0,False
20,10,_original_nint128_seed19,3,3,7,1;6;7,False,False,,1;6,7,19.0,41.0,995.0,35.0,5.0,False,1.0,19.0,19.0,False
20,10,_original_nint128_seed19,3,3,7,0;1;6,False,False,,1;6,0,19.0,39.0,916.0,39.0,5.0,False,1.0,19.0,19.0,False
20,10,_original_nint128_seed19,3,3,7,0;3;6,False,False,,0;6,3,24.0,52.0,1039.0,28.0,5.0,False,1.0,24.0,24.0,False
20,10,_original_nint128_seed19,3,3,7,0;6;7,False,False,,0;6,7,23.0,50.0,1069.0,28.0,5.0,False,1.0,23.0,23.0,False
20,10,_original_nint128_seed19,3,3,7,0;6;8,False,False,,0;6,8,23.0,51.0,893.0,27.0,5.0,False,1.0,23.0,23.0,False
20,10,_original_nint128_seed19,3,3,7,0;1;3,False,False,,0;1,3,22.0,44.0,920.0,33.0,5.0,False,1.0,22.0,22.0,False
20,10,_original_nint128_seed19,3,3,7,0;3;7,False,False,,0;7,3,25.0,55.0,1073.0,22.0,5.0,False,1.0,25.0,25.0,False
20,10,_original_nint128_seed19,3,3,7,0;3;8,False,False,,0;8,3,27.0,58.0,897.0,21.0,5.0,False,1.0,27.0,27.0,False
20,10,_original_nint128_seed19,3,3,7,0;1;2,False,False,,0;1,2,21.0,43.0,943.0,35.0,5.0,False,1.0,21.0,21.0,False
20,10,_original_nint128_seed19,3,3,7,0;2;4,False,False,,0;2,4,26.0,56.0,937.0,21.0,5.0,False,1.0,26.0,26.0,False
20,10,_original_nint128_seed19,3,3,7,0;2;7,False,False,,0;7,2,23.0,52.0,1098.0,23.0,5.0,False,1.0,23.0,23.0,False
20,10,_original_nint128_seed19,3,3,7,0;4;7,False,False,,0;7,4,26.0,56.0,942.0,20.0,5.0,False,1.0,26.0,26.0,False
20,10,_original_nint128_seed19,3,3,7,0;4;8,False,False,,0;8,4,28.0,61.0,763.0,20.0,5.0,False,1.0,28.0,28.0,False
20,10,_original_nint128_seed19,3,3,7,2;4;7,False,False,,2;7,4,28.0,61.0,1015.0,17.0,5.0,False,1.0,28.0,28.0,False
20,10,_original_nint128_seed19,3,3,7,0;1;8,False,False,,0;1,8,21.0,42.0,774.0,32.0,5.0,False,1.0,21.0,21.0,False
20,10,_original_nint128_seed19,3,3,7,1;3;8,False,False,,1;8,3,25.0,50.0,822.0,28.0,5.0,False,1.0,25.0,25.0,False
20,10,_original_nint128_seed19,3,3,7,1;5;8,False,False,,1;5,8,20.0,42.0,857.0,34.0,5.0,False,1.0,20.0,20.0,False
20,10,_original_nint128_seed19,3,3,7,1;6;8,False,False,,1;6,8,20.0,41.0,820.0,33.0,5.0,False,1.0,20.0,20.0,False
20,10,_original_nint128_seed19,3,3,7,1;8;9,False,False,,1;8,9,25.0,49.0,831.0,28.0,5.0,False,1.0,25.0,25.0,False
20,10,_original_nint128_seed19,3,3,7,3;5;6,False,False,,5;6,3,24.0,52.0,1128.0,28.0,5.0,False,1.0,24.0,24.0,False
20,10,_original_nint128_seed19,3,3,7,5;6;7,False,False,,5;6,7,23.0,50.0,1158.0,28.0,5.0,False,1.0,23.0,23.0,False
20,10,_original_nint128_seed19,3,3,7,5;6;8,False,False,,5;6,8,23.0,51.0,982.0,27.0,5.0,False,1.0,23.0,23.0,False
20,10,_original_nint128_seed19,3,3,7,1;3;5,False,False,,1;5,3,21.0,44.0,1003.0,35.0,5.0,False,1.0,21.0,21.0,False
20,10,_original_nint128_seed19,3,3,7,3;5;7,False,False,,5;7,3,24.0,53.0,1161.0,22.0,5.0,False,1.0,24.0,24.0,False
20,10,_original_nint128_seed19,3,3,7,3;5;8,False,False,,5;8,3,25.0,55.0,985.0,21.0,5.0,False,1.0,25.0,25.0,False
20,10,_original_nint128_seed19,3,3,7,1;3;6,False,False,,1;6,3,21.0,43.0,966.0,34.0,5.0,False,1.0,21.0,21.0,False
20,10,_original_nint128_seed19,3,3,7,3;6;7,False,False,,6;7,3,25.0,55.0,1119.0,23.0,5.0,False,1.0,25.0,25.0,False
20,10,_original_nint128_seed19,3,3,7,3;6;8,False,False,,6;8,3,26.0,57.0,943.0,22.0,5.0,False,1.0,26.0,26.0,False
20,10,_original_nint128_seed19,3,3,7,0;1;9,False,False,,0;1,9,22.0,43.0,929.0,33.0,5.0,False,1.0,22.0,22.0,False
20,10,_original_nint128_seed19,3,3,7,1;2;5,False,False,,1;5,2,20.0,43.0,1026.0,37.0,5.0,False,1.0,20.0,20.0,False
20,10,_original_nint128_seed19,3,3,7,2;5;7,False,False,,2;5,7,22.0,50.0,1186.0,23.0,5.0,False,1.0,22.0,22.0,False
20,10,_original_nint128_seed19,3,3,7,0;8;9,False,False,,0;9,8,27.0,56.0,908.0,20.0,5.0,False,1.0,27.0,27.0,False
20,10,_original_nint128_seed19,4,4,6,0;1;2;9,False,False,,0;1;2,9,19.0,38.0,847.0,42.0,5.0,False,1.0,19.0,19.0,False
20,10,_original_nint128_seed19,4,4,6,1;2;4;9,False,False,,1;2;4,9,18.0,41.0,764.0,36.0,5.0,False,1.0,18.0,18.0,False
20,10,_original_nint128_seed19,4,4,6,1;2;5;9,False,False,,1;2;5,9,18.0,38.0,930.0,44.0,5.0,False,1.0,18.0,18.0,False
20,10,_original_nint128_seed19,4,4,6,1;2;6;9,False,False,,1;2;6,9,18.0,37.0,893.0,43.0,5.0,False,1.0,18.0,18.0,False
20,10,_original_nint128_seed19,4,4,6,1;2;7;9,False,False,,1;2;7,9,19.0,44.0,920.0,41.0,5.0,False,1.0,19.0,19.0,False
20,10,_original_nint128_seed19,4,4,6,1;2;8;9,False,False,,1;8;9,2,23.0,45.0,749.0,37.0,5.0,False,1.0,23.0,23.0,False
20,10,_original_nint128_seed19,4,4,6,0;1;2;7,False,False,,0;1;7,2,15.0,33.0,869.0,42.0,5.0,False,1.0,15.0,15.0,False
20,10,_original_nint128_seed19,4,4,6,0;1;3;7,False,False,,0;1;7,3,16.0,34.0,846.0,40.0,5.0,False,1.0,16.0,16.0,False
20,10,_original_nint128_seed19,4,4,6,0;1;4;7,False,False,,0;1;7,4,16.0,33.0,715.0,38.0,5.0,False,1.0,16.0,16.0,False
20,10,_original_nint128_seed19,4,4,6,0;1;5;7,False,False,,0;1;5,7,15.0,31.0,880.0,47.0,5.0,False,1.0,15.0,15.0,False
20,10,_original_nint128_seed19,4,4,6,0;1;6;7,False,False,,0;1;6,7,15.0,31.0,842.0,46.0,5.0,False,1.0,15.0,15.0,False
20,10,_original_nint128_seed19,4,4,6,0;1;7;8,False,False,,0;1;7,8,15.0,32.0,700.0,39.0,5.0,False,1.0,15.0,15.0,False
20,10,_original_nint128_seed19,4,4,6,0;1;7;9,False,False,,0;1;7,9,16.0,34.0,851.0,42.0,5.0,False,1.0,16.0,16.0,False
20,10,_original_nint128_seed19,4,4,6,0;2;6;9,False,False,,0;2;6,9,19.0,41.0,970.0,35.0,5.0,False,1.0,19.0,19.0,False
20,10,_original_nint128_seed19,4,4,6,2;4;6;9,False,False,,2;4;6,9,19.0,46.0,889.0,28.0,5.0,False,1.0,19.0,19.0,False
20,10,_original_nint128_seed19,4,4,6,2;5;6;9,False,False,,2;5;6,9,19.0,41.0,1059.0,35.0,5.0,False,1.0,19.0,19.0,False
20,10,_original_nint128_seed19,4,4,6,2;6;7;9,False,False,,2;6;7,9,20.0,45.0,1046.0,32.0,5.0,False,1.0,20.0,20.0,False
20,10,_original_nint128_seed19,4,4,6,2;6;8;9,False,False,,2;6;8,9,22.0,47.0,874.0,29.0,5.0,False,1.0,22.0,22.0,False
20,10,_original_nint128_seed19,4,4,6,0;2;7;8,False,False,,0;2;7,8,19.0,43.0,849.0,28.0,5.0,False,1.0,19.0,19.0,False
20,10,_original_nint128_seed19,4,4,6,1;2;7;8,False,False,,1;7;8,2,18.0,40.0,771.0,37.0,5.0,False,1.0,18.0,18.0,False
20,10,_original_nint128_seed19,4,4,6,2;4;7;8,False,False,,2;7;8,4,25.0,55.0,763.0,23.0,5.0,False,1.0,25.0,25.0,False
20,10,_original_nint128_seed19,4,4,6,2;5;7;8,False,False,,2;5;7,8,18.0,41.0,937.0,28.0,5.0,False,1.0,18.0,18.0,False
20,10,_original_nint128_seed19,4,4,6,2;6;7;8,False,False,,2;6;7,8,19.0,43.0,895.0,29.0,5.0,False,1.0,19.0,19.0,False
20,10,_original_nint128_seed19,4,4,6,0;4;7;9,False,False,,0;7;9,4,22.0,46.0,846.0,27.0,5.0,False,1.0,22.0,22.0,False
20,10,_original_nint128_seed19,4,4,6,1;4;7;9,False,False,,1;4;7,9,19.0,41.0,768.0,36.0,5.0,False,1.0,19.0,19.0,False
20,10,_original_nint128_seed19,4,4,6,2;4;7;9,False,False,,2;4;7,9,20.0,52.0,917.0,25.0,5.0,False,1.0,20.0,20.0,False
20,10,_original_nint128_seed19,4,4,6,3;4;7;9,False,False,,3;7;9,4,25.0,56.0,891.0,24.0,5.0,False,1.0,25.0,25.0,False
20,10,_original_nint128_seed19,4,4,6,4;5;7;9,False,False,,5;7;9,4,21.0,44.0,934.0,27.0,5.0,False,1.0,21.0,21.0,False
20,10,_original_nint128_seed19,4,4,6,4;6;7;9,False,False,,6;7;9,4,22.0,46.0,892.0,28.0,5.0,False,1.0,22.0,22.0,False
20,10,_original_nint128_seed19,4,4,6,4;7;8;9,False,False,,7;8;9,4,27.0,58.0,745.0,23.0,5.0,False,1.0,27.0,27.0,False
20,10,_original_nint128_seed19,4,4,6,0;1;2;4,False,False,,0;1;4,2,17.0,34.0,709.0,39.0,5.0,False,1.0,17.0,17.0,False
20,10,_original_nint128_seed19,4,4,6,0;2;4;5,False,False,,0;2;5,4,18.0,39.0,873.0,32.0,5.0,False,1.0,18.0,18.0,False
20,10,_original_nint128_seed19,4,4,6,0;2;4;6,False,False,,0;2;6,4,18.0,40.0,830.0,33.0,5.0,False,1.0,18.0,18.0,False
20,10,_original_nint128_seed19,4,4,6,0;2;4;7,False,False,,0;2;7,4,20.0,44.0,864.0,27.0,5.0,False,1.0,20.0,20.0,False
20,10,_original_nint128_seed19,4,4,6,0;2;4;8,False,False,,0;2;4,8,23.0,50.0,685.0,27.0,5.0,False,1.0,23.0,23.0,False
20,10,_original_nint128_seed19,4,4,6,0;2;4;9,False,False,,0;2;4,9,20.0,47.0,843.0,27.0,5.0,False,1.0,20.0,20.0,False
20,10,_original_nint128_seed19,4,4,6,0;3;5;9,False,False,,0;5;9,3,20.0,40.0,990.0,32.0,5.0,False,1.0,20.0,20.0,False
20,10,_original_nint128_seed19,4,4,6,1;3;5;9,False,False,,1;5;9,3,18.0,36.0,909.0,41.0,5.0,False,1.0,18.0,18.0,False
20,10,_original_nint128_seed19,4,4,6,3;4;5;9,False,False,,3;5;9,4,23.0,48.0,905.0,26.0,5.0,False,1.0,23.0,23.0,False
20,10,_original_nint128_seed19,4,4,6,3;5;6;9,False,False,,5;6;9,3,20.0,41.0,1036.0,33.0,5.0,False,1.0,20.0,20.0,False
20,10,_original_nint128_seed19,4,4,6,3;5;7;9,False,False,,5;7;9,3,20.0,43.0,1065.0,29.0,5.0,False,1.0,20.0,20.0,False
20,10,_original_nint128_seed19,4,4,6,3;5;8;9,False,False,,5;8;9,3,21.0,44.0,893.0,26.0,5.0,False,1.0,21.0,21.0,False
20,10,_original_nint128_seed19,4,4,6,1;2;4;8,False,False,,1;2;4,8,22.0,44.0,608.0,35.0,5.0,False,1.0,22.0,22.0,False
20,10,_original_nint128_seed19,4,4,6,2;4;5;8,False,False,,2;4;5,8,21.0,47.0,773.0,27.0,5.0,False,1.0,21.0,21.0,False
20,10,_original_nint128_seed19,4,4,6,2;4;6;8,False,False,,2;4;6,8,22.0,49.0,731.0,28.0,5.0,False,1.0,22.0,22.0,False
20,10,_original_nint128_seed19,4,4,6,2;4;8;9,False,False,,2;4;9,8,26.0,59.0,742.0,23.0,5.0,False,1.0,26.0,26.0,False
20,10,_original_nint128_seed19,4,4,6,0;1;4;6,False,False,,0;1;6,4,15.0,30.0,682.0,43.0,5.0,False,1.0,15.0,15.0,False
20,10,_original_nint128_seed19,4,4,6,0;3;4;6,False,False,,0;3;6,4,21.0,46.0,802.0,33.0,5.0,False,1.0,21.0,21.0,False
20,10,_original_nint128_seed19,4,4,6,0;4;5;6,False,False,,0;4;5,6,20.0,43.0,843.0,38.0,5.0,False,1.0,20.0,20.0,False
20,10,_original_nint128_seed19,4,4,6,0;4;6;7,False,False,,0;6;7,4,20.0,42.0,835.0,32.0,5.0,False,1.0,20.0,20.0,False
20,10,_original_nint128_seed19,4,4,6,0;4;6;8,False,False,,0;6;8,4,20.0,45.0,656.0,32.0,5.0,False,1.0,20.0,20.0,False
20,10,_original_nint128_seed19,4,4,6,0;4;6;9,False,False,,0;6;9,4,20.0,41.0,816.0,31.0,5.0,False,1.0,20.0,20.0,False
20,10,_original_nint128_seed19,4,4,6,0;4;7;8,False,False,,0;7;8,4,22.0,49.0,690.0,26.0,5.0,False,1.0,22.0,22.0,False
20,10,_original_nint128_seed19,4,4,6,1;4;7;8,False,False,,1;7;8,4,19.0,42.0,614.0,34.0,5.0,False,1.0,19.0,19.0,False
20,10,_original_nint128_seed19,4,4,6,3;4;7;8,False,False,,3;7;8,4,27.0,60.0,735.0,23.0,5.0,False,1.0,27.0,27.0,False
20,10,_original_nint128_seed19,4,4,6,4;5;7;8,False,False,,5;7;8,4,21.0,47.0,778.0,26.0,5.0,False,1.0,21.0,21.0,False
20,10,_original_nint128_seed19,4,4,6,4;6;7;8,False,False,,6;7;8,4,22.0,49.0,736.0,27.0,5.0,False,1.0,22.0,22.0,False
20,10,_original_nint128_seed19,4,4,6,1;3;4;7,False,False,,1;4;7,3,20.0,44.0,760.0,35.0,5.0,False,1.0,20.0,20.0,False
20,10,_original_nint128_seed19,4,4,6,1;3;5;7,False,False,,1;5;7,3,16.0,35.0,929.0,42.0,5.0,False,1.0,16.0,16.0,False
20,10,_original_nint128_seed19,4,4,6,1;3;6;7,False,False,,1;6;7,3,16.0,34.0,892.0,41.0,5.0,False,1.0,16.0,16.0,False
20,10,_original_nint128_seed19,4,4,6,1;3;7;8,False,False,,1;7;8,3,18.0,40.0,748.0,35.0,5.0,False,1.0,18.0,18.0,False
20,10,_original_nint128_seed19,4,4,6,1;3;7;9,False,False,,1;3;7,9,19.0,42.0,899.0,38.0,5.0,False,1.0,19.0,19.0,False
20,10,_original_nint128_seed19,4,4,6,0;3;4;5,False,False,,0;3;5,4,21.0,45.0,845.0,32.0,5.0,False,1.0,21.0,21.0,False
20,10,_original_nint128_seed19,4,4,6,1;3;4;5,False,False,,1;4;5,3,18.0,38.0,766.0,40.0,5.0,False,1.0,18.0,18.0,False
20,10,_original_nint128_seed19,4,4,6,3;4;5;6,False,False,,3;5;6,4,21.0,46.0,891.0,33.0,5.0,False,1.0,21.0,21.0,False
20,10,_original_nint128_seed19,4,4,6,3;4;5;7,False,False,,3;5;7,4,22.0,48.0,924.0,27.0,5.0,False,1.0,22.0,22.0,False
20,10,_original_nint128_seed19,4,4,6,3;4;5;8,False,False,,3;5;8,4,23.0,52.0,745.0,27.0,5.0,False,1.0,23.0,23.0,False
20,10,_original_nint128_seed19,4,4,6,0;3;4;8,False,False,,0;3;8,4,25.0,55.0,657.0,27.0,5.0,False,1.0,25.0,25.0,False
20,10,_original_nint128_seed19,4,4,6,1;3;4;8,False,False,,1;3;8,4,23.0,47.0,582.0,34.0,5.0,False,1.0,23.0,23.0,False
20,10,_original_nint128_seed19,4,4,6,3;4;6;8,False,False,,3;6;8,4,24.0,54.0,703.0,28.0,5.0,False,1.0,24.0,24.0,False
20,10,_original_nint128_seed19,4,4,6,3;4;8;9,False,False,,3;8;9,4,30.0,61.0,716.0,22.0,5.0,False,1.0,30.0,30.0,False
20,10,_original_nint128_seed19,4,4,6,0;2;5;9,False,False,,0;2;5,9,19.0,40.0,1013.0,34.0,5.0,False,1.0,19.0,19.0,False
20,10,_original_nint128_seed19,4,4,6,2;4;5;9,False,False,,2;4;5,9,20.0,45.0,931.0,27.0,5.0,False,1.0,20.0,20.0,False
20,10,_original_nint128_seed19,4,4,6,2;5;7;9,False,False,,2;5;7,9,19.0,43.0,1088.0,31.0,5.0,False,1.0,19.0,19.0,False
20,10,_original_nint128_seed19,4,4,6,2;5;8;9,False,False,,2;5;8,9,21.0,45.0,916.0,28.0,5.0,False,1.0,21.0,21.0,False
20,10,_original_nint128_seed19,4,4,6,0;7;8;9,False,False,,0;7;8,9,21.0,46.0,831.0,28.0,5.0,False,1.0,21.0,21.0,False
20,10,_original_nint128_seed19,4,4,6,1;7;8;9,False,False,,1;7;8,9,19.0,42.0,753.0,37.0,5.0,False,1.0,19.0,19.0,False
20,10,_original_nint128_seed19,4,4,6,3;7;8;9,False,False,,3;7;8,9,25.0,54.0,879.0,24.0,5.0,False,1.0,25.0,25.0,False
20,10,_original_nint128_seed19,4,4,6,5;7;8;9,False,False,,5;7;8,9,20.0,44.0,919.0,28.0,5.0,False,1.0,20.0,20.0,False
20,10,_original_nint128_seed19,4,4,6,6;7;8;9,False,False,,6;7;8,9,21.0,46.0,877.0,29.0,5.0,False,1.0,21.0,21.0,False
20,10,_original_nint128_seed19,4,4,6,0;1;6;9,False,False,,0;1;6,9,16.0,31.0,822.0,45.0,5.0,False,1.0,16.0,16.0,False
20,10,_original_nint128_seed19,4,4,6,0;3;6;9,False,False,,0;6;9,3,20.0,41.0,947.0,33.0,5.0,False,1.0,20.0,20.0,False
20,10,_original_nint128_seed19,4,4,6,0;5;6;9,False,False,,0;5;9,6,20.0,41.0,985.0,39.0,5.0,False,1.0,20.0,20.0,False
20,10,_original_nint128_seed19,4,4,6,0;6;7;9,False,False,,0;6;7,9,19.0,40.0,973.0,35.0,5.0,False,1.0,19.0,19.0,False
20,10,_original_nint128_seed19,4,4,6,0;6;8;9,False,False,,0;6;9,8,19.0,40.0,801.0,32.0,5.0,False,1.0,19.0,19.0,False
20,10,_original_nint128_seed19,4,4,6,0;1;3;9,False,False,,0;1;9,3,19.0,36.0,826.0,39.0,5.0,False,1.0,19.0,19.0,False
20,10,_original_nint128_seed19,4,4,6,0;1;4;9,False,False,,0;1;4,9,18.0,34.0,695.0,37.0,5.0,False,1.0,18.0,18.0,False
20,10,_original_nint128_seed19,4,4,6,0;1;5;9,False,False,,0;1;5,9,16.0,31.0,860.0,46.0,5.0,False,1.0,16.0,16.0,False
20,10,_original_nint128_seed19,4,4,6,0;1;8;9,False,False,,0;1;8,9,18.0,34.0,680.0,38.0,5.0,False,1.0,18.0,18.0,False
20,10,_original_nint128_seed19,4,4,6,0;2;6;7,False,False,,0;2;6,7,17.0,38.0,991.0,35.0,5.0,False,1.0,17.0,17.0,False
20,10,_original_nint128_seed19,4,4,6,1;2;6;7,False,False,,1;6;7,2,15.0,33.0,915.0,43.0,5.0,False,1.0,15.0,15.0,False
20,10,_original_nint128_seed19,4,4,6,2;4;6;7,False,False,,2;6;7,4,20.0,44.0,910.0,28.0,5.0,False,1.0,20.0,20.0,False
20,10,_original_nint128_seed19,4,4,6,2;5;6;7,False,False,,2;5;6,7,17.0,38.0,1080.0,35.0,5.0,False,1.0,17.0,17.0,False
20,10,_original_nint128_seed19,4,4,6,0;5;7;9,False,False,,0;5;7,9,19.0,39.0,1016.0,34.0,5.0,False,1.0,19.0,19.0,False
20,10,_original_nint128_seed19,4,4,6,1;5;7;9,False,False,,1;5;7,9,16.0,35.0,934.0,44.0,5.0,False,1.0,16.0,16.0,False
20,10,_original_nint128_seed19,4,4,6,5;6;7;9,False,False,,5;6;7,9,19.0,40.0,1062.0,35.0,5.0,False,1.0,19.0,19.0,False
20,10,_original_nint128_seed19,4,4,6,0;4;8;9,False,False,,0;8;9,4,24.0,50.0,671.0,25.0,5.0,False,1.0,24.0,24.0,False
20,10,_original_nint128_seed19,4,4,6,1;4;8;9,False,False,,1;4;9,8,22.0,43.0,594.0,33.0,5.0,False,1.0,22.0,22.0,False
20,10,_original_nint128_seed19,4,4,6,4;5;8;9,False,False,,5;8;9,4,22.0,47.0,759.0,25.0,5.0,False,1.0,22.0,22.0,False
20,10,_original_nint128_seed19,4,4,6,4;6;8;9,False,False,,6;8;9,4,23.0,49.0,717.0,26.0,5.0,False,1.0,23.0,23.0,False
20,10,_original_nint128_seed19,4,4,6,1;3;4;9,False,False,,1;4;9,3,23.0,45.0,740.0,34.0,5.0,False,1.0,23.0,23.0,False
20,10,_original_nint128_seed19,4,4,6,1;3;6;9,False,False,,1;6;9,3,18.0,35.0,872.0,40.0,5.0,False,1.0,18.0,18.0,False
20,10,_original_nint128_seed19,4,4,6,1;3;8;9,False,False,,1;8;9,3,22.0,42.0,728.0,34.0,5.0,False,1.0,22.0,22.0,False
20,10,_original_nint128_seed19,4,4,6,0;1;3;4,False,False,,0;1;4,3,19.0,38.0,683.0,38.0,5.0,False,1.0,19.0,19.0,False
20,10,_original_nint128_seed19,4,4,6,0;1;3;5,False,False,,0;1;5,3,16.0,32.0,851.0,46.0,5.0,False,1.0,16.0,16.0,False
20,10,_original_nint128_seed19,4,4,6,0;1;3;6,False,False,,0;1;6,3,16.0,32.0,813.0,45.0,5.0,False,1.0,16.0,16.0,False
20,10,_original_nint128_seed19,4,4,6,0;1;3;8,False,False,,0;1;8,3,18.0,35.0,671.0,38.0,5.0,False,1.0,18.0,18.0,False
20,10,_original_nint128_seed19,4,4,6,0;1;4;8,False,False,,0;1;4,8,18.0,36.0,537.0,37.0,5.0,False,1.0,18.0,18.0,False
20,10,_original_nint128_seed19,4,4,6,0;4;5;8,False,False,,0;5;8,4,20.0,44.0,699.0,31.0,5.0,False,1.0,20.0,20.0,False
20,10,_original_nint128_seed19,4,4,6,1;4;6;7,False,False,,1;6;7,4,16.0,33.0,761.0,39.0,5.0,False,1.0,16.0,16.0,False
20,10,_original_nint128_seed19,4,4,6,3;4;6;7,False,False,,3;6;7,4,23.0,50.0,882.0,28.0,5.0,False,1.0,23.0,23.0,False
20,10,_original_nint128_seed19,4,4,6,4;5;6;7,False,False,,5;6;7,4,20.0,42.0,924.0,32.0,5.0,False,1.0,20.0,20.0,False
20,10,_original_nint128_seed19,4,4,6,0;3;5;8,False,False,,0;5;8,3,19.0,41.0,833.0,32.0,5.0,False,1.0,19.0,19.0,False
20,10,_original_nint128_seed19,4,4,6,1;3;5;8,False,False,,1;5;8,3,17.0,35.0,754.0,40.0,5.0,False,1.0,17.0,17.0,False
20,10,_original_nint128_seed19,4,4,6,3;5;6;8,False,False,,5;6;8,3,19.0,42.0,879.0,33.0,5.0,False,1.0,19.0,19.0,False
20,10,_original_nint128_seed19,4,4,6,3;5;7;8,False,False,,5;7;8,3,19.0,43.0,912.0,27.0,5.0,False,1.0,19.0,19.0,False
20,10,_original_nint128_seed19,4,4,6,1;3;4;6,False,False,,1;4;6,3,18.0,37.0,729.0,39.0,5.0,False,1.0,18.0,18.0,False
20,10,_original_nint128_seed19,4,4,6,1;3;6;8,False,False,,1;6;8,3,17.0,34.0,717.0,39.0,5.0,False,1.0,17.0,17.0,False
20,10,_original_nint128_seed19,4,4,6,0;3;6;7,False,False,,0;6;7,3,19.0,41.0,966.0,34.0,5.0,False,1.0,19.0,19.0,False
20,10,_original_nint128_seed19,4,4,6,0;5;6;7,False,False,,0;5;7,6,20.0,42.0,1004.0,40.0,5.0,False,1.0,20.0,20.0,False
20,10,_original_nint128_seed19,4,4,6,0;6;7;8,False,False,,0;6;7,8,18.0,40.0,820.0,33.0,5.0,False,1.0,18.0,18.0,False
20,10,_original_nint128_seed19,4,4,6,0;1;6;8,False,False,,0;1;6,8,15.0,30.0,667.0,44.0,5.0,False,1.0,15.0,15.0,False
20,10,_original_nint128_seed19,4,4,6,1;2;6;8,False,False,,1;6;8,2,17.0,34.0,740.0,41.0,5.0,False,1.0,17.0,17.0,False
20,10,_original_nint128_seed19,4,4,6,1;4;6;8,False,False,,1;4;6,8,17.0,35.0,583.0,38.0,5.0,False,1.0,17.0,17.0,False
20,10,_original_nint128_seed19,4,4,6,1;6;7;8,False,False,,1;6;7,8,15.0,32.0,746.0,40.0,5.0,False,1.0,15.0,15.0,False
20,10,_original_nint128_seed19,4,4,6,1;6;8;9,False,False,,1;6;8,9,17.0,33.0,726.0,39.0,5.0,False,1.0,17.0,17.0,False
20,10,_original_nint128_seed19,4,4,6,1;4;6;9,False,False,,1;4;6,9,17.0,33.0,741.0,38.0,5.0,False,1.0,17.0,17.0,False
20,10,_original_nint128_seed19,4,4,6,3;4;6;9,False,False,,3;6;9,4,24.0,50.0,863.0,27.0,5.0,False,1.0,24.0,24.0,False
20,10,_original_nint128_seed19,4,4,6,4;5;6;9,False,False,,5;6;9,4,20.0,41.0,905.0,31.0,5.0,False,1.0,20.0,20.0,False
20,10,_original_nint128_seed19,4,4,6,3;6;7;8,False,False,,6;7;8,3,20.0,45.0,870.0,28.0,5.0,False,1.0,20.0,20.0,False
20,10,_original_nint128_seed19,4,4,6,5;6;7;8,False,False,,5;6;7,8,18.0,40.0,909.0,33.0,5.0,False,1.0,18.0,18.0,False
20,10,_original_nint128_seed19,4,4,6,1;2;5;7,False,False,,1;5;7,2,15.0,34.0,952.0,44.0,5.0,False,1.0,15.0,15.0,False
20,10,_original_nint128_seed19,4,4,6,1;4;5;7,False,False,,1;5;7,4,16.0,34.0,798.0,40.0,5.0,False,1.0,16.0,16.0,False
20,10,_original_nint128_seed19,4,4,6,1;5;7;8,False,False,,1;5;7,8,15.0,33.0,783.0,41.0,5.0,False,1.0,15.0,15.0,False
20,10,_original_nint128_seed19,4,4,6,0;3;5;6,False,False,,0;3;5,6,20.0,43.0,974.0,40.0,5.0,False,1.0,20.0,20.0,False
20,10,_original_nint128_seed19,4,4,6,0;3;5;7,False,False,,0;5;7,3,19.0,40.0,1009.0,33.0,5.0,False,1.0,19.0,19.0,False
20,10,_original_nint128_seed19,4,4,6,1;2;4;6,False,False,,1;4;6,2,16.0,33.0,755.0,40.0,5.0,False,1.0,16.0,16.0,False
20,10,_original_nint128_seed19,4,4,6,1;4;5;8,False,False,,1;4;5,8,17.0,36.0,620.0,39.0,5.0,False,1.0,17.0,17.0,False
20,10,_original_nint128_seed19,4,4,6,4;5;6;8,False,False,,5;6;8,4,20.0,45.0,745.0,32.0,5.0,False,1.0,20.0,20.0,False
20,10,_original_nint128_seed19,4,4,6,1;2;4;7,False,False,,1;2;7,4,18.0,40.0,786.0,36.0,5.0,False,1.0,18.0,18.0,False
20,10,_original_nint128_seed19,4,4,6,5;6;8;9,False,False,,5;6;9,8,19.0,40.0,890.0,32.0,5.0,False,1.0,19.0,19.0,False
20,10,_original_nint128_seed19,4,4,6,1;5;8;9,False,False,,1;5;8,9,17.0,34.0,763.0,40.0,5.0,False,1.0,17.0,17.0,False
20,10,_original_nint128_seed19,4,4,6,1;4;5;9,False,False,,1;4;5,9,17.0,34.0,778.0,39.0,5.0,False,1.0,17.0,17.0,False
20,10,_original_nint128_seed19,4,4,6,3;6;8;9,False,False,,6;8;9,3,22.0,46.0,851.0,27.0,5.0,False,1.0,22.0,22.0,False
20,10,_original_nint128_seed19,4,4,6,0;2;5;8,False,False,,0;2;5,8,18.0,39.0,858.0,33.0,5.0,False,1.0,18.0,18.0,False
20,10,_original_nint128_seed19,4,4,6,1;2;5;8,False,False,,1;5;8,2,17.0,35.0,777.0,42.0,5.0,False,1.0,17.0,17.0,False
20,10,_original_nint128_seed19,4,4,6,2;5;6;8,False,False,,2;5;6,8,18.0,40.0,904.0,34.0,5.0,False,1.0,18.0,18.0,False
20,10,_original_nint128_seed19,4,4,6,0;1;2;6,False,False,,0;1;6,2,15.0,31.0,836.0,47.0,5.0,False,1.0,15.0,15.0,False
20,10,_original_nint128_seed19,4,4,6,0;3;4;7,False,False,,0;3;7,4,23.0,50.0,836.0,27.0,5.0,False,1.0,23.0,23.0,False
20,10,_original_nint128_seed19,4,4,6,0;3;4;9,False,False,,0;3;9,4,25.0,51.0,817.0,26.0,5.0,False,1.0,25.0,25.0,False
20,10,_original_nint128_seed19,4,4,6,0;1;4;5,False,False,,0;1;5,4,15.0,30.0,720.0,44.0,5.0,False,1.0,15.0,15.0,False
20,10,_original_nint128_seed19,4,4,6,1;2;4;5,False,False,,1;4;5,2,16.0,34.0,792.0,41.0,5.0,False,1.0,16.0,16.0,False
20,10,_original_nint128_seed19,4,4,6,0;2;5;7,False,False,,0;2;5,7,17.0,37.0,1034.0,34.0,5.0,False,1.0,17.0,17.0,False
20,10,_original_nint128_seed19,4,4,6,2;4;5;7,False,False,,2;5;7,4,19.0,42.0,952.0,27.0,5.0,False,1.0,19.0,19.0,False
20,10,_original_nint128_seed19,4,4,6,2;4;5;6,False,False,,2;5;6,4,18.0,40.0,919.0,33.0,5.0,False,1.0,18.0,18.0,False
20,10,_original_nint128_seed19,4,4,6,0;5;8;9,False,False,,0;5;9,8,19.0,39.0,844.0,31.0,5.0,False,1.0,19.0,19.0,False
20,10,_original_nint128_seed19,4,4,6,1;6;7;9,False,False,,1;6;7,9,16.0,34.0,897.0,43.0,5.0,False,1.0,16.0,16.0,False
20,10,_original_nint128_seed19,4,4,6,0;3;6;8,False,False,,0;6;8,3,19.0,42.0,790.0,33.0,5.0,False,1.0,19.0,19.0,False
20,10,_original_nint128_seed19,4,4,6,0;3;7;8,False,False,,0;7;8,3,20.0,45.0,824.0,27.0,5.0,False,1.0,20.0,20.0,False
20,10,_original_nint128_seed19,4,4,6,0;3;8;9,False,False,,0;8;9,3,23.0,47.0,805.0,26.0,5.0,False,1.0,23.0,23.0,False
20,10,_original_nint128_seed19,4,4,6,0;2;7;9,False,False,,0;2;7,9,20.0,45.0,1000.0,31.0,5.0,False,1.0,20.0,20.0,False
20,10,_original_nint128_seed19,4,4,6,3;5;6;7,False,False,,5;6;7,3,19.0,41.0,1055.0,34.0,5.0,False,1.0,19.0,19.0,False
20,10,_original_nint128_seed19,4,4,6,0;4;5;7,False,False,,0;5;7,4,20.0,41.0,878.0,31.0,5.0,False,1.0,20.0,20.0,False
20,10,_original_nint128_seed19,4,4,6,0;5;7;8,False,False,,0;5;7,8,18.0,39.0,863.0,32.0,5.0,False,1.0,18.0,18.0,False
20,10,_original_nint128_seed19,4,4,6,0;1;5;8,False,False,,0;1;5,8,15.0,30.0,705.0,45.0,5.0,False,1.0,15.0,15.0,False
20,10,_original_nint128_seed19,4,4,6,0;1;2;5,False,False,,0;1;5,2,15.0,31.0,874.0,48.0,5.0,False,1.0,15.0,15.0,False
20,10,_original_nint128_seed19,4,4,6,0;2;5;6,False,False,,0;2;5,6,18.0,40.0,999.0,41.0,5.0,False,1.0,18.0,18.0,False
20,10,_original_nint128_seed19,4,4,6,3;6;7;9,False,False,,6;7;9,3,21.0,45.0,1023.0,30.0,5.0,False,1.0,21.0,21.0,False
20,10,_original_nint128_seed19,4,4,6,0;4;5;9,False,False,,0;5;9,4,20.0,40.0,859.0,30.0,5.0,False,1.0,20.0,20.0,False
20,10,_original_nint128_seed19,4,4,6,0;1;2;8,False,False,,0;1;8,2,18.0,35.0,694.0,40.0,5.0,False,1.0,18.0,18.0,False
20,10,_original_nint128_seed19,4,4,6,0;2;8;9,False,False,,0;2;8,9,23.0,48.0,828.0,28.0,5.0,False,1.0,23.0,23.0,False
20,10,_original_nint128_seed19,4,4,6,0;2;6;8,False,False,,0;2;6,8,18.0,40.0,815.0,34.0,5.0,False,1.0,18.0,18.0,False
20,10,_original_nint128_seed19,4,4,6,0;5;6;8,False,False,,0;5;8,6,18.0,41.0,828.0,39.0,5.0,False,1.0,18.0,18.0,False
20,10,_original_nint128_seed19,4,4,6,0;3;7;9,False,False,,0;7;9,3,21.0,45.0,977.0,29.0,5.0,False,1.0,21.0,21.0,False
20,10,_original_nint128_seed19,5,5,5,0;2;5;6;8,False,False,,0;2;5;8,6,13.0,30.0,750.0,46.0,5.0,False,1.0,13.0,13.0,False
20,10,_original_nint128_seed19,5,5,5,2;4;5;6;8,False,False,,2;4;5;6,8,15.0,34.0,667.0,39.0,5.0,False,1.0,15.0,15.0,False
20,10,_original_nint128_seed19,5,5,5,2;5;6;7;8,False,False,,2;5;6;7,8,13.0,29.0,831.0,40.0,5.0,False,1.0,13.0,13.0,False
20,10,_original_nint128_seed19,5,5,5,2;5;6;8;9,False,False,,2;5;6;8,9,15.0,32.0,810.0,40.0,5.0,False,1.0,15.0,15.0,False
20,10,_original_nint128_seed19,5,5,5,0;1;2;7;8,False,False,,0;1;7;8,2,12.0,25.0,620.0,47.0,5.0,False,1.0,12.0,12.0,False
20,10,_original_nint128_seed19,5,5,5,0;2;4;7;8,False,False,,0;2;7;8,4,17.0,38.0,612.0,33.0,5.0,False,1.0,17.0,17.0,False
20,10,_original_nint128_seed19,5,5,5,0;2;5;7;8,False,False,,0;2;5;7,8,13.0,28.0,785.0,39.0,5.0,False,1.0,13.0,13.0,False
20,10,_original_nint128_seed19,5,5,5,0;2;6;7;8,False,False,,0;2;6;7,8,13.0,29.0,742.0,40.0,5.0,False,1.0,13.0,13.0,False
20,10,_original_nint128_seed19,5,5,5,0;5;6;7;8,False,False,,0;5;7;8,6,14.0,31.0,755.0,45.0,5.0,False,1.0,14.0,14.0,False
20,10,_original_nint128_seed19,5,5,5,3;5;6;7;8,False,False,,5;6;7;8,3,14.0,31.0,806.0,39.0,5.0,False,1.0,14.0,14.0,False
20,10,_original_nint128_seed19,5,5,5,4;5;6;7;8,False,False,,5;6;7;8,4,16.0,35.0,672.0,38.0,5.0,False,1.0,16.0,16.0,False
20,10,_original_nint128_seed19,5,5,5,5;6;7;8;9,False,False,,5;6;7;8,9,15.0,32.0,813.0,40.0,5.0,False,1.0,15.0,15.0,False
20,10,_original_nint128_seed19,5,5,5,0;1;2;4;9,False,False,,0;1;2;4,9,12.0,26.0,613.0,46.0,5.0,False,1.0,12.0,12.0,False
20,10,_original_nint128_seed19,5,5,5,0;2;4;5;9,False,False,,0;2;4;5,9,14.0,30.0,779.0,38.0,5.0,False,1.0,14.0,14.0,False
20,10,_original_nint128_seed19,5,5,5,0;2;4;6;9,False,False,,0;2;4;6,9,14.0,32.0,736.0,39.0,5.0,False,1.0,14.0,14.0,False
20,10,_original_nint128_seed19,5,5,5,0;2;4;7;9,False,False,,0;2;4;7,9,13.0,35.0,766.0,35.0,5.0,False,1.0,13.0,13.0,False
20,10,_original_nint128_seed19,5,5,5,0;2;4;8;9,False,False,,0;2;4;9,8,17.0,41.0,591.0,33.0,5.0,False,1.0,17.0,17.0,False
20,10,_original_nint128_seed19,5,5,5,0;3;4;7;8,False,False,,0;3;7;8,4,19.0,43.0,584.0,33.0,5.0,False,1.0,19.0,19.0,False
20,10,_original_nint128_seed19,5,5,5,1;3;4;7;8,False,False,,1;3;7;8,4,17.0,38.0,508.0,41.0,5.0,False,1.0,17.0,17.0,False
20,10,_original_nint128_seed19,5,5,5,3;4;5;7;8,False,False,,3;5;7;8,4,18.0,41.0,672.0,33.0,5.0,False,1.0,18.0,18.0,False
20,10,_original_nint128_seed19,5,5,5,3;4;6;7;8,False,False,,3;6;7;8,4,19.0,43.0,630.0,34.0,5.0,False,1.0,19.0,19.0,False
20,10,_original_nint128_seed19,5,5,5,3;4;7;8;9,False,False,,3;7;8;9,4,22.0,51.0,639.0,30.0,5.0,False,1.0,22.0,22.0,False
20,10,_original_nint128_seed19,5,5,5,0;1;3;4;6,False,False,,0;1;4;6,3,13.0,26.0,576.0,50.0,5.0,False,1.0,13.0,13.0,False
20,10,_original_nint128_seed19,5,5,5,0;3;4;5;6,False,False,,0;3;5;6,4,17.0,37.0,737.0,45.0,5.0,False,1.0,17.0,17.0,False
20,10,_original_nint128_seed19,5,5,5,0;3;4;6;7,False,False,,0;3;6;7,4,17.0,36.0,729.0,39.0,5.0,False,1.0,17.0,17.0,False
20,10,_original_nint128_seed19,5,5,5,0;3;4;6;8,False,False,,0;3;6;8,4,17.0,39.0,550.0,39.0,5.0,False,1.0,17.0,17.0,False
20,10,_original_nint128_seed19,5,5,5,0;3;4;6;9,False,False,,0;3;6;9,4,17.0,35.0,710.0,38.0,5.0,False,1.0,17.0,17.0,False
20,10,_original_nint128_seed19,5,5,5,0;1;3;4;7,False,False,,0;1;4;7,3,14.0,29.0,609.0,45.0,5.0,False,1.0,14.0,14.0,False
20,10,_original_nint128_seed19,5,5,5,0;3;4;5;7,False,False,,0;3;5;7,4,17.0,35.0,772.0,38.0,5.0,False,1.0,17.0,17.0,False
20,10,_original_nint128_seed19,5,5,5,0;3;4;7;9,False,False,,0;3;7;9,4,17.0,39.0,740.0,34.0,5.0,False,1.0,17.0,17.0,False
20,10,_original_nint128_seed19,5,5,5,0;2;5;6;9,False,False,,0;2;5;6,9,15.0,32.0,905.0,47.0,5.0,False,1.0,15.0,15.0,False
20,10,_original_nint128_seed19,5,5,5,2;4;5;6;9,False,False,,2;4;5;6,9,14.0,31.0,825.0,39.0,5.0,False,1.0,14.0,14.0,False
20,10,_original_nint128_seed19,5,5,5,2;5;6;7;9,False,False,,2;5;6;7,9,14.0,31.0,982.0,43.0,5.0,False,1.0,14.0,14.0,False
20,10,_original_nint128_seed19,5,5,5,0;1;2;8;9,False,False,,0;1;8;9,2,16.0,30.0,598.0,47.0,5.0,False,1.0,16.0,16.0,False
20,10,_original_nint128_seed19,5,5,5,1;2;4;8;9,False,False,,1;2;4;9,8,16.0,36.0,512.0,42.0,5.0,False,1.0,16.0,16.0,False
20,10,_original_nint128_seed19,5,5,5,1;2;5;8;9,False,False,,1;5;8;9,2,15.0,30.0,681.0,49.0,5.0,False,1.0,15.0,15.0,False
20,10,_original_nint128_seed19,5,5,5,1;2;6;8;9,False,False,,1;6;8;9,2,15.0,29.0,644.0,48.0,5.0,False,1.0,15.0,15.0,False
20,10,_original_nint128_seed19,5,5,5,3;4;5;6;7,False,False,,3;5;6;7,4,17.0,36.0,818.0,39.0,5.0,False,1.0,17.0,17.0,False
20,10,_original_nint128_seed19,5,5,5,3;4;5;6;8,False,False,,3;5;6;8,4,17.0,39.0,639.0,39.0,5.0,False,1.0,17.0,17.0,False
20,10,_original_nint128_seed19,5,5,5,3;4;5;6;9,False,False,,3;5;6;9,4,17.0,35.0,799.0,38.0,5.0,False,1.0,17.0,17.0,False
20,10,_original_nint128_seed19,5,5,5,0;1;3;4;8,False,False,,0;1;3;8,4,16.0,32.0,431.0,44.0,5.0,False,1.0,16.0,16.0,False
20,10,_original_nint128_seed19,5,5,5,1;3;4;5;8,False,False,,1;3;5;8,4,15.0,32.0,514.0,46.0,5.0,False,1.0,15.0,15.0,False
20,10,_original_nint128_seed19,5,5,5,1;3;4;6;8,False,False,,1;3;6;8,4,15.0,31.0,477.0,45.0,5.0,False,1.0,15.0,15.0,False
20,10,_original_nint128_seed19,5,5,5,1;3;4;8;9,False,False,,1;3;8;9,4,20.0,39.0,488.0,40.0,5.0,False,1.0,20.0,20.0,False
20,10,_original_nint128_seed19,5,5,5,0;4;7;8;9,False,False,,0;7;8;9,4,19.0,41.0,594.0,33.0,5.0,False,1.0,19.0,19.0,False
20,10,_original_nint128_seed19,5,5,5,1;4;7;8;9,False,False,,1;4;7;9,8,17.0,37.0,516.0,42.0,5.0,False,1.0,17.0,17.0,False
20,10,_original_nint128_seed19,5,5,5,4;5;7;8;9,False,False,,5;7;8;9,4,18.0,39.0,682.0,33.0,5.0,False,1.0,18.0,18.0,False
20,10,_original_nint128_seed19,5,5,5,4;6;7;8;9,False,False,,6;7;8;9,4,19.0,41.0,640.0,34.0,5.0,False,1.0,19.0,19.0,False
20,10,_original_nint128_seed19,5,5,5,0;2;4;5;6,False,False,,0;2;4;5,6,14.0,31.0,765.0,45.0,5.0,False,1.0,14.0,14.0,False
20,10,_original_nint128_seed19,5,5,5,0;2;5;6;7,False,False,,0;2;5;7,6,14.0,30.0,926.0,47.0,5.0,False,1.0,14.0,14.0,False
20,10,_original_nint128_seed19,5,5,5,0;1;2;4;8,False,False,,0;1;2;4,8,15.0,29.0,457.0,45.0,5.0,False,1.0,15.0,15.0,False
20,10,_original_nint128_seed19,5,5,5,0;1;2;5;8,False,False,,0;1;5;8,2,12.0,23.0,625.0,53.0,5.0,False,1.0,12.0,12.0,False
20,10,_original_nint128_seed19,5,5,5,0;1;2;6;8,False,False,,0;1;6;8,2,12.0,23.0,587.0,52.0,5.0,False,1.0,12.0,12.0,False
20,10,_original_nint128_seed19,5,5,5,1;3;4;7;9,False,False,,1;4;7;9,3,16.0,37.0,662.0,43.0,5.0,False,1.0,16.0,16.0,False
20,10,_original_nint128_seed19,5,5,5,3;4;5;7;9,False,False,,3;5;7;9,4,16.0,37.0,828.0,34.0,5.0,False,1.0,16.0,16.0,False
20,10,_original_nint128_seed19,5,5,5,3;4;6;7;9,False,False,,3;6;7;9,4,17.0,39.0,786.0,35.0,5.0,False,1.0,17.0,17.0,False
20,10,_original_nint128_seed19,5,5,5,0;1;3;4;9,False,False,,0;1;4;9,3,16.0,30.0,589.0,44.0,5.0,False,1.0,16.0,16.0,False
20,10,_original_nint128_seed19,5,5,5,0;1;4;5;9,False,False,,0;1;4;5,9,12.0,22.0,626.0,50.0,5.0,False,1.0,12.0,12.0,False
20,10,_original_nint128_seed19,5,5,5,0;1;4;6;9,False,False,,0;1;4;6,9,12.0,22.0,588.0,49.0,5.0,False,1.0,12.0,12.0,False
20,10,_original_nint128_seed19,5,5,5,0;1;4;7;9,False,False,,0;1;4;7,9,13.0,26.0,617.0,46.0,5.0,False,1.0,13.0,13.0,False
20,10,_original_nint128_seed19,5,5,5,0;1;4;8;9,False,False,,0;1;4;9,8,15.0,28.0,443.0,43.0,5.0,False,1.0,15.0,15.0,False
20,10,_original_nint128_seed19,5,5,5,1;2;4;5;8,False,False,,1;2;4;5,8,14.0,29.0,540.0,47.0,5.0,False,1.0,14.0,14.0,False
20,10,_original_nint128_seed19,5,5,5,1;2;4;6;8,False,False,,1;2;4;6,8,14.0,28.0,503.0,46.0,5.0,False,1.0,14.0,14.0,False
20,10,_original_nint128_seed19,5,5,5,1;2;4;7;8,False,False,,1;2;4;7,8,16.0,35.0,534.0,42.0,5.0,False,1.0,16.0,16.0,False
20,10,_original_nint128_seed19,5,5,5,2;4;5;6;7,False,False,,2;5;6;7,4,14.0,30.0,846.0,39.0,5.0,False,1.0,14.0,14.0,False
20,10,_original_nint128_seed19,5,5,5,0;1;2;4;7,False,False,,0;1;2;7,4,12.0,25.0,635.0,46.0,5.0,False,1.0,12.0,12.0,False
20,10,_original_nint128_seed19,5,5,5,0;2;4;5;7,False,False,,0;2;5;7,4,14.0,29.0,800.0,38.0,5.0,False,1.0,14.0,14.0,False
20,10,_original_nint128_seed19,5,5,5,0;2;4;6;7,False,False,,0;2;6;7,4,14.0,30.0,757.0,39.0,5.0,False,1.0,14.0,14.0,False
20,10,_original_nint128_seed19,5,5,5,0;2;4;6;8,False,False,,0;2;4;6,8,15.0,34.0,578.0,39.0,5.0,False,1.0,15.0,15.0,False
20,10,_original_nint128_seed19,5,5,5,2;4;6;7;8,False,False,,2;6;7;8,4,17.0,38.0,658.0,34.0,5.0,False,1.0,17.0,17.0,False
20,10,_original_nint128_seed19,5,5,5,2;4;6;8;9,False,False,,2;4;6;9,8,16.0,40.0,637.0,34.0,5.0,False,1.0,16.0,16.0,False
20,10,_original_nint128_seed19,5,5,5,0;1;2;4;5,False,False,,0;1;4;5,2,11.0,22.0,640.0,52.0,5.0,False,1.0,11.0,11.0,False
20,10,_original_nint128_seed19,5,5,5,1;2;4;5;7,False,False,,1;2;5;7,4,12.0,26.0,718.0,48.0,5.0,False,1.0,12.0,12.0,False
20,10,_original_nint128_seed19,5,5,5,1;2;4;5;9,False,False,,1;2;4;5,9,12.0,27.0,696.0,48.0,5.0,False,1.0,12.0,12.0,False
20,10,_original_nint128_seed19,5,5,5,0;1;4;7;8,False,False,,0;1;7;8,4,13.0,27.0,463.0,44.0,5.0,False,1.0,13.0,13.0,False
20,10,_original_nint128_seed19,5,5,5,1;4;5;7;8,False,False,,1;5;7;8,4,13.0,28.0,546.0,46.0,5.0,False,1.0,13.0,13.0,False
20,10,_original_nint128_seed19,5,5,5,1;4;6;7;8,False,False,,1;6;7;8,4,13.0,27.0,509.0,45.0,5.0,False,1.0,13.0,13.0,False
20,10,_original_nint128_seed19,5,5,5,0;4;5;6;7,False,False,,0;4;5;7,6,17.0,34.0,770.0,44.0,5.0,False,1.0,17.0,17.0,False
20,10,_original_nint128_seed19,5,5,5,4;5;6;7;9,False,False,,5;6;7;9,4,16.0,32.0,828.0,39.0,5.0,False,1.0,16.0,16.0,False
20,10,_original_nint128_seed19,5,5,5,0;1;3;4;5,False,False,,0;1;4;5,3,13.0,26.0,614.0,51.0,5.0,False,1.0,13.0,13.0,False
20,10,_original_nint128_seed19,5,5,5,0;1;3;5;7,False,False,,0;1;5;7,3,12.0,24.0,777.0,53.0,5.0,False,1.0,12.0,12.0,False
20,10,_original_nint128_seed19,5,5,5,0;1;3;5;8,False,False,,0;1;5;8,3,12.0,23.0,602.0,51.0,5.0,False,1.0,12.0,12.0,False
20,10,_original_nint128_seed19,5,5,5,0;1;3;5;9,False,False,,0;1;5;9,3,13.0,24.0,757.0,52.0,5.0,False,1.0,13.0,13.0,False
20,10,_original_nint128_seed19,5,5,5,0;1;3;6;8,False,False,,0;1;6;8,3,12.0,23.0,564.0,50.0,5.0,False,1.0,12.0,12.0,False
20,10,_original_nint128_seed19,5,5,5,0;3;5;6;8,False,False,,0;5;6;8,3,15.0,33.0,725.0,45.0,5.0,False,1.0,15.0,15.0,False
20,10,_original_nint128_seed19,5,5,5,0;3;6;7;8,False,False,,0;6;7;8,3,14.0,31.0,717.0,39.0,5.0,False,1.0,14.0,14.0,False
20,10,_original_nint128_seed19,5,5,5,0;3;6;8;9,False,False,,0;6;8;9,3,15.0,31.0,698.0,38.0,5.0,False,1.0,15.0,15.0,False
20,10,_original_nint128_seed19,5,5,5,0;1;6;7;8,False,False,,0;1;6;8,7,11.0,22.0,593.0,51.0,5.0,False,1.0,11.0,11.0,False
20,10,_original_nint128_seed19,5,5,5,1;2;6;7;8,False,False,,1;6;7;8,2,12.0,25.0,666.0,48.0,5.0,False,1.0,12.0,12.0,False
20,10,_original_nint128_seed19,5,5,5,1;3;6;7;8,False,False,,1;6;7;8,3,12.0,25.0,643.0,46.0,5.0,False,1.0,12.0,12.0,False
20,10,_original_nint128_seed19,5,5,5,1;6;7;8;9,False,False,,1;6;7;8,9,13.0,27.0,648.0,48.0,5.0,False,1.0,13.0,13.0,False
20,10,_original_nint128_seed19,5,5,5,0;1;3;7;8,False,False,,0;1;7;8,3,12.0,25.0,597.0,45.0,5.0,False,1.0,12.0,12.0,False
20,10,_original_nint128_seed19,5,5,5,0;3;5;7;8,False,False,,0;5;7;8,3,14.0,30.0,760.0,38.0,5.0,False,1.0,14.0,14.0,False
20,10,_original_nint128_seed19,5,5,5,0;3;7;8;9,False,False,,0;3;7;8,9,17.0,37.0,728.0,34.0,5.0,False,1.0,17.0,17.0,False
20,10,_original_nint128_seed19,5,5,5,1;2;4;6;9,False,False,,1;2;4;6,9,11.0,25.0,659.0,47.0,5.0,False,1.0,11.0,11.0,False
20,10,_original_nint128_seed19,5,5,5,1;2;4;7;9,False,False,,1;2;4;7,9,11.0,29.0,686.0,45.0,5.0,False,1.0,11.0,11.0,False
20,10,_original_nint128_seed19,5,5,5,3;5;6;8;9,False,False,,5;6;8;9,3,15.0,31.0,787.0,38.0,5.0,False,1.0,15.0,15.0,False
20,10,_original_nint128_seed19,5,5,5,0;1;2;6;9,False,False,,0;1;2;6,9,13.0,26.0,740.0,54.0,5.0,False,1.0,13.0,13.0,False
20,10,_original_nint128_seed19,5,5,5,1;2;6;7;9,False,False,,1;2;6;7,9,13.0,29.0,815.0,52.0,5.0,False,1.0,13.0,13.0,False
20,10,_original_nint128_seed19,5,5,5,0;2;5;8;9,False,False,,0;2;5;8,9,15.0,31.0,764.0,39.0,5.0,False,1.0,15.0,15.0,False
20,10,_original_nint128_seed19,5,5,5,2;4;5;8;9,False,False,,2;4;5;9,8,17.0,39.0,679.0,33.0,5.0,False,1.0,17.0,17.0,False
20,10,_original_nint128_seed19,5,5,5,1;2;5;7;8,False,False,,1;5;7;8,2,12.0,26.0,703.0,49.0,5.0,False,1.0,12.0,12.0,False
20,10,_original_nint128_seed19,5,5,5,0;3;5;6;9,False,False,,0;3;5;9,6,16.0,32.0,882.0,45.0,5.0,False,1.0,16.0,16.0,False
20,10,_original_nint128_seed19,5,5,5,0;4;5;6;9,False,False,,0;4;5;9,6,16.0,32.0,751.0,43.0,5.0,False,1.0,16.0,16.0,False
20,10,_original_nint128_seed19,5,5,5,0;5;6;7;9,False,False,,0;5;7;9,6,16.0,32.0,908.0,47.0,5.0,False,1.0,16.0,16.0,False
20,10,_original_nint128_seed19,5,5,5,0;5;6;8;9,False,False,,0;5;8;9,6,14.0,30.0,736.0,44.0,5.0,False,1.0,14.0,14.0,False
20,10,_original_nint128_seed19,5,5,5,0;1;3;8;9,False,False,,0;1;8;9,3,15.0,27.0,577.0,44.0,5.0,False,1.0,15.0,15.0,False
20,10,_original_nint128_seed19,5,5,5,0;1;5;8;9,False,False,,0;1;5;8,9,12.0,22.0,611.0,51.0,5.0,False,1.0,12.0,12.0,False
20,10,_original_nint128_seed19,5,5,5,0;1;6;8;9,False,False,,0;1;6;8,9,12.0,22.0,573.0,50.0,5.0,False,1.0,12.0,12.0,False
20,10,_original_nint128_seed19,5,5,5,0;1;7;8;9,False,False,,0;1;7;8,9,13.0,27.0,602.0,47.0,5.0,False,1.0,13.0,13.0,False
20,10,_original_nint128_seed19,5,5,5,0;1;2;5;7,False,False,,0;1;2;5,7,11.0,23.0,800.0,55.0,5.0,False,1.0,11.0,11.0,False
20,10,_original_nint128_seed19,5,5,5,0;2;5;7;9,False,False,,0;2;5;7,9,14.0,30.0,936.0,42.0,5.0,False,1.0,14.0,14.0,False
20,10,_original_nint128_seed19,5,5,5,0;1;6;7;9,False,False,,0;1;6;7,9,12.0,24.0,744.0,54.0,5.0,False,1.0,12.0,12.0,False
20,10,_original_nint128_seed19,5,5,5,0;2;6;7;9,False,False,,0;2;6;7,9,14.0,31.0,893.0,43.0,5.0,False,1.0,14.0,14.0,False
20,10,_original_nint128_seed19,5,5,5,0;3;6;7;9,False,False,,0;6;7;9,3,15.0,31.0,870.0,41.0,5.0,False,1.0,15.0,15.0,False
20,10,_original_nint128_seed19,5,5,5,0;4;6;7;9,False,False,,0;6;7;9,4,16.0,32.0,739.0,39.0,5.0,False,1.0,16.0,16.0,False
20,10,_original_nint128_seed19,5,5,5,0;6;7;8;9,False,False,,0;6;7;8,9,15.0,32.0,724.0,40.0,5.0,False,1.0,15.0,15.0,False
20,10,_original_nint128_seed19,5,5,5,0;4;6;8;9,False,False,,0;6;8;9,4,16.0,34.0,564.0,37.0,5.0,False,1.0,16.0,16.0,False
20,10,_original_nint128_seed19,5,5,5,1;4;6;8;9,False,False,,1;4;6;9,8,14.0,27.0,489.0,44.0,5.0,False,1.0,14.0,14.0,False
20,10,_original_nint128_seed19,5,5,5,3;4;6;8;9,False,False,,3;6;8;9,4,20.0,43.0,611.0,33.0,5.0,False,1.0,20.0,20.0,False
20,10,_original_nint128_seed19,5,5,5,4;5;6;8;9,False,False,,5;6;8;9,4,16.0,34.0,653.0,37.0,5.0,False,1.0,16.0,16.0,False
20,10,_original_nint128_seed19,5,5,5,1;3;4;5;9,False,False,,1;4;5;9,3,15.0,30.0,672.0,46.0,5.0,False,1.0,15.0,15.0,False
20,10,_original_nint128_seed19,5,5,5,1;4;5;7;9,False,False,,1;4;5;7,9,13.0,27.0,700.0,48.0,5.0,False,1.0,13.0,13.0,False
20,10,_original_nint128_seed19,5,5,5,1;4;5;8;9,False,False,,1;4;5;9,8,14.0,28.0,526.0,45.0,5.0,False,1.0,14.0,14.0,False
20,10,_original_nint128_seed19,5,5,5,0;4;5;7;8,False,False,,0;5;7;8,4,16.0,34.0,626.0,37.0,5.0,False,1.0,16.0,16.0,False
20,10,_original_nint128_seed19,5,5,5,2;4;5;7;8,False,False,,2;5;7;8,4,16.0,36.0,700.0,33.0,5.0,False,1.0,16.0,16.0,False
20,10,_original_nint128_seed19,5,5,5,0;1;4;6;7,False,False,,0;1;4;6,7,12.0,23.0,608.0,50.0,5.0,False,1.0,12.0,12.0,False
20,10,_original_nint128_seed19,5,5,5,1;2;4;6;7,False,False,,1;2;6;7,4,12.0,25.0,681.0,47.0,5.0,False,1.0,12.0,12.0,False
20,10,_original_nint128_seed19,5,5,5,1;3;4;6;7,False,False,,1;4;6;7,3,14.0,29.0,655.0,46.0,5.0,False,1.0,14.0,14.0,False
20,10,_original_nint128_seed19,5,5,5,1;4;6;7;9,False,False,,1;4;6;7,9,13.0,26.0,663.0,47.0,5.0,False,1.0,13.0,13.0,False
20,10,_original_nint128_seed19,5,5,5,0;1;4;5;7,False,False,,0;1;4;5,7,12.0,23.0,646.0,51.0,5.0,False,1.0,12.0,12.0,False
20,10,_original_nint128_seed19,5,5,5,0;4;5;7;9,False,False,,0;5;7;9,4,16.0,31.0,782.0,38.0,5.0,False,1.0,16.0,16.0,False
20,10,_original_nint128_seed19,5,5,5,0;4;6;7;8,False,False,,0;6;7;8,4,16.0,35.0,583.0,38.0,5.0,False,1.0,16.0,16.0,False
20,10,_original_nint128_seed19,5,5,5,2;4;5;7;9,False,False,,2;4;5;7,9,13.0,33.0,854.0,35.0,5.0,False,1.0,13.0,13.0,False
20,10,_original_nint128_seed19,5,5,5,0;1;4;5;8,False,False,,0;1;4;5,8,12.0,24.0,468.0,50.0,5.0,False,1.0,12.0,12.0,False
20,10,_original_nint128_seed19,5,5,5,1;3;7;8;9,False,False,,1;3;7;8,9,16.0,35.0,650.0,43.0,5.0,False,1.0,16.0,16.0,False
20,10,_original_nint128_seed19,5,5,5,1;5;7;8;9,False,False,,1;5;7;8,9,13.0,28.0,685.0,49.0,5.0,False,1.0,13.0,13.0,False
20,10,_original_nint128_seed19,5,5,5,3;5;6;7;9,False,False,,5;6;7;9,3,15.0,31.0,959.0,41.0,5.0,False,1.0,15.0,15.0,False
20,10,_original_nint128_seed19,5,5,5,0;1;2;6;7,False,False,,0;1;2;6,7,11.0,23.0,762.0,54.0,5.0,False,1.0,11.0,11.0,False
20,10,_original_nint128_seed19,5,5,5,0;3;4;5;9,False,False,,0;3;5;9,4,17.0,34.0,753.0,37.0,5.0,False,1.0,17.0,17.0,False
20,10,_original_nint128_seed19,5,5,5,3;4;5;8;9,False,False,,3;5;8;9,4,19.0,41.0,653.0,32.0,5.0,False,1.0,19.0,19.0,False
20,10,_original_nint128_seed19,5,5,5,1;3;5;8;9,False,False,,1;5;8;9,3,14.0,27.0,660.0,46.0,5.0,False,1.0,14.0,14.0,False
20,10,_original_nint128_seed19,5,5,5,0;5;7;8;9,False,False,,0;5;7;8,9,15.0,31.0,767.0,39.0,5.0,False,1.0,15.0,15.0,False
20,10,_original_nint128_seed19,5,5,5,0;1;2;5;9,False,False,,0;1;2;5,9,13.0,26.0,778.0,55.0,5.0,False,1.0,13.0,13.0,False
20,10,_original_nint128_seed19,5,5,5,0;3;5;6;7,False,False,,0;3;5;7,6,16.0,33.0,901.0,46.0,5.0,False,1.0,16.0,16.0,False
20,10,_original_nint128_seed19,5,5,5,2;4;6;7;9,False,False,,2;4;6;7,9,13.0,34.0,812.0,36.0,5.0,False,1.0,13.0,13.0,False
20,10,_original_nint128_seed19,5,5,5,1;3;4;5;7,False,False,,1;4;5;7,3,14.0,30.0,692.0,47.0,5.0,False,1.0,14.0,14.0,False
20,10,_original_nint128_seed19,5,5,5,0;1;3;6;7,False,False,,0;1;6;7,3,12.0,24.0,739.0,52.0,5.0,False,1.0,12.0,12.0,False
20,10,_original_nint128_seed19,5,5,5,0;1;5;7;8,False,False,,0;1;5;8,7,11.0,22.0,631.0,52.0,5.0,False,1.0,11.0,11.0,False
20,10,_original_nint128_seed19,5,5,5,1;3;5;7;8,False,False,,1;5;7;8,3,12.0,26.0,680.0,47.0,5.0,False,1.0,12.0,12.0,False
20,10,_original_nint128_seed19,5,5,5,0;3;5;7;9,False,False,,0;5;7;9,3,15.0,30.0,913.0,40.0,5.0,False,1.0,15.0,15.0,False
20,10,_original_nint128_seed19,5,5,5,0;3;4;8;9,False,False,,0;3;8;9,4,21.0,44.0,565.0,32.0,5.0,False,1.0,21.0,21.0,False
20,10,_original_nint128_seed19,5,5,5,0;4;5;8;9,False,False,,0;5;8;9,4,16.0,33.0,607.0,36.0,5.0,False,1.0,16.0,16.0,False
20,10,_original_nint128_seed19,5,5,5,0;3;5;8;9,False,False,,0;5;8;9,3,15.0,30.0,741.0,37.0,5.0,False,1.0,15.0,15.0,False
20,10,_original_nint128_seed19,5,5,5,3;5;7;8;9,False,False,,3;5;7;8,9,16.0,35.0,816.0,34.0,5.0,False,1.0,16.0,16.0,False
20,10,_original_nint128_seed19,5,5,5,0;1;3;6;9,False,False,,0;1;6;9,3,13.0,24.0,719.0,51.0,5.0,False,1.0,13.0,13.0,False
20,10,_original_nint128_seed19,5,5,5,1;3;4;6;9,False,False,,1;4;6;9,3,15.0,29.0,635.0,45.0,5.0,False,1.0,15.0,15.0,False
20,10,_original_nint128_seed19,5,5,5,1;3;6;7;9,False,False,,1;3;6;7,9,13.0,27.0,794.0,49.0,5.0,False,1.0,13.0,13.0,False
20,10,_original_nint128_seed19,5,5,5,1;3;6;8;9,False,False,,1;6;8;9,3,14.0,26.0,623.0,45.0,5.0,False,1.0,14.0,14.0,False
20,10,_original_nint128_seed19,5,5,5,0;2;6;8;9,False,False,,0;2;6;8,9,15.0,32.0,721.0,40.0,5.0,False,1.0,15.0,15.0,False
20,10,_original_nint128_seed19,5,5,5,1;2;5;7;9,False,False,,1;2;5;7,9,13.0,30.0,852.0,53.0,5.0,False,1.0,13.0,13.0,False
20,10,_original_nint128_seed19,5,5,5,0;3;4;5;8,False,False,,0;3;5;8,4,17.0,38.0,593.0,38.0,5.0,False,1.0,17.0,17.0,False
20,10,_original_nint128_seed19,5,5,5,3;6;7;8;9,False,False,,3;6;7;8,9,17.0,37.0,774.0,35.0,5.0,False,1.0,17.0,17.0,False
20,10,_original_nint128_seed19,5,5,5,0;1;3;7;9,False,False,,0;1;3;7,9,13.0,27.0,748.0,48.0,5.0,False,1.0,13.0,13.0,False
20,10,_original_nint128_seed19,5,5,5,1;3;5;7;9,False,False,,1;3;5;7,9,13.0,28.0,831.0,50.0,5.0,False,1.0,13.0,13.0,False
20,10,_original_nint128_seed19,5,5,5,0;2;4;5;8,False,False,,0;2;4;5,8,15.0,33.0,621.0,38.0,5.0,False,1.0,15.0,15.0,False
20,10,_original_nint128_seed19,5,5,5,0;1;2;4;6,False,False,,0;1;4;6,2,11.0,22.0,602.0,51.0,5.0,False,1.0,11.0,11.0,False
20,10,_original_nint128_seed19,5,5,5,0;1;4;6;8,False,False,,0;1;4;6,8,12.0,24.0,430.0,49.0,5.0,False,1.0,12.0,12.0,False
20,10,_original_nint128_seed19,5,5,5,0;1;5;7;9,False,False,,0;1;5;7,9,12.0,24.0,782.0,55.0,5.0,False,1.0,12.0,12.0,False
20,10,_original_nint128_seed19,5,5,5,0;1;2;7;9,False,False,,0;1;2;7,9,13.0,29.0,769.0,51.0,5.0,False,1.0,13.0,13.0,False
20,10,_original_nint128_seed19,6,6,4,0;3;5;6;8;9,False,False,,0;5;6;8;9,3,11.0,22.0,633.0,50.0,5.0,False,1.0,11.0,11.0,False
20,10,_original_nint128_seed19,6,6,4,3;4;5;6;8;9,False,False,,3;5;6;8;9,4,13.0,28.0,547.0,44.0,5.0,False,1.0,13.0,13.0,False
20,10,_original_nint128_seed19,6,6,4,3;5;6;7;8;9,False,False,,3;5;6;7;8,9,11.0,23.0,710.0,46.0,5.0,False,1.0,11.0,11.0,False
20,10,_original_nint128_seed19,6,6,4,2;4;5;6;7;8,True,False,,2;5;6;7;8,4,11.0,24.0,594.0,45.0,5.0,False,1.0,11.0,11.0,False
20,10,_original_nint128_seed19,6,6,4,3;4;5;6;7;8,False,False,,3;5;6;7;8,4,13.0,29.0,566.0,45.0,5.0,False,1.0,13.0,13.0,False
20,10,_original_nint128_seed19,6,6,4,4;5;6;7;8;9,False,False,,5;6;7;8;9,4,13.0,27.0,576.0,45.0,5.0,False,1.0,13.0,13.0,False
20,10,_original_nint128_seed19,6,6,4,0;2;5;6;7;9,True,False,,0;2;5;6;7,9,11.0,23.0,828.0,55.0,5.0,False,1.0,11.0,11.0,False
20,10,_original_nint128_seed19,6,6,4,2;4;5;6;7;9,True,False,,2;4;5;6;7,9,9.0,20.0,748.0,47.0,5.0,False,1.0,9.0,9.0,False
20,10,_original_nint128_seed19,6,6,4,0;2;4;5;6;9,True,False,,0;2;4;5;9,6,11.0,23.0,671.0,51.0,5.0,False,1.0,11.0,11.0,False
20,10,_original_nint128_seed19,6,6,4,0;3;4;5;6;9,True,False,,0;3;5;6;9,4,13.0,26.0,645.0,50.0,5.0,False,1.0,13.0,13.0,False
20,10,_original_nint128_seed19,6,6,4,0;4;5;6;7;9,True,False,,0;4;5;7;9,6,13.0,24.0,674.0,51.0,5.0,False,1.0,13.0,13.0,False
20,10,_original_nint128_seed19,6,6,4,0;1;3;4;7;8,False,False,,0;1;3;7;8,4,11.0,23.0,357.0,51.0,5.0,False,1.0,11.0,11.0,False
20,10,_original_nint128_seed19,6,6,4,1;3;4;5;7;8,False,False,,1;3;5;7;8,4,11.0,24.0,440.0,53.0,5.0,False,1.0,11.0,11.0,False
20,10,_original_nint128_seed19,6,6,4,1;3;4;6;7;8,False,False,,1;3;6;7;8,4,11.0,23.0,403.0,52.0,5.0,False,1.0,11.0,11.0,False
20,10,_original_nint128_seed19,6,6,4,1;3;4;7;8;9,False,False,,1;3;7;8;9,4,14.0,33.0,410.0,49.0,5.0,False,1.0,14.0,14.0,False
20,10,_original_nint128_seed19,6,6,4,0;3;4;5;6;7,True,False,,0;3;5;6;7,4,13.0,27.0,664.0,51.0,5.0,False,1.0,13.0,13.0,False
20,10,_original_nint128_seed19,6,6,4,3;4;5;6;7;9,False,False,,3;5;6;7;9,4,11.0,25.0,722.0,46.0,5.0,False,1.0,11.0,11.0,False
20,10,_original_nint128_seed19,6,6,4,0;1;2;6;7;8,False,False,,0;1;6;7;8,2,8.0,15.0,513.0,59.0,5.0,False,1.0,8.0,8.0,False
20,10,_original_nint128_seed19,6,6,4,0;1;3;6;7;8,False,False,,0;1;6;7;8,3,8.0,15.0,490.0,57.0,5.0,False,1.0,8.0,8.0,False
20,10,_original_nint128_seed19,6,6,4,0;1;4;6;7;8,False,False,,0;1;6;7;8,4,9.0,17.0,356.0,56.0,5.0,False,1.0,9.0,9.0,False
20,10,_original_nint128_seed19,6,6,4,0;1;6;7;8;9,False,False,,0;1;6;7;8,9,9.0,17.0,495.0,59.0,5.0,False,1.0,9.0,9.0,False
20,10,_original_nint128_seed19,6,6,4,0;1;2;4;7;8,False,False,,0;1;2;4;7,8,10.0,20.0,383.0,52.0,5.0,False,1.0,10.0,10.0,False
20,10,_original_nint128_seed19,6,6,4,0;1;4;5;7;8,False,False,,0;1;5;7;8,4,9.0,17.0,394.0,57.0,5.0,False,1.0,9.0,9.0,False
20,10,_original_nint128_seed19,6,6,4,0;1;4;7;8;9,False,False,,0;1;4;7;9,8,11.0,22.0,365.0,52.0,5.0,False,1.0,11.0,11.0,False
20,10,_original_nint128_seed19,6,6,4,0;2;4;5;6;7,True,False,,0;2;4;5;7,6,11.0,22.0,692.0,51.0,5.0,False,1.0,11.0,11.0,False
20,10,_original_nint128_seed19,6,6,4,0;3;4;6;7;9,False,False,,0;3;6;7;9,4,11.0,25.0,633.0,46.0,5.0,False,1.0,11.0,11.0,False
20,10,_original_nint128_seed19,6,6,4,1;3;4;6;7;9,False,False,,1;4;6;7;9,3,10.0,22.0,557.0,54.0,5.0,False,1.0,10.0,10.0,False
20,10,_original_nint128_seed19,6,6,4,3;4;6;7;8;9,False,False,,3;6;7;8;9,4,14.0,34.0,534.0,41.0,5.0,False,1.0,14.0,14.0,False
20,10,_original_nint128_seed19,6,6,4,0;1;3;4;8;9,False,False,,0;1;3;8;9,4,13.0,24.0,337.0,50.0,5.0,False,1.0,13.0,13.0,False
20,10,_original_nint128_seed19,6,6,4,0;3;4;5;8;9,False,False,,0;3;5;8;9,4,13.0,27.0,501.0,43.0,5.0,False,1.0,13.0,13.0,False
20,10,_original_nint128_seed19,6,6,4,0;3;4;6;8;9,False,False,,0;3;6;8;9,4,13.0,28.0,458.0,44.0,5.0,False,1.0,13.0,13.0,False
20,10,_original_nint128_seed19,6,6,4,0;3;4;7;8;9,False,False,,0;3;7;8;9,4,14.0,34.0,488.0,40.0,5.0,False,1.0,14.0,14.0,False
20,10,_original_nint128_seed19,6,6,4,0;2;5;6;8;9,True,False,,0;2;5;6;8,9,10.0,22.0,656.0,52.0,5.0,False,1.0,10.0,10.0,False
20,10,_original_nint128_seed19,6,6,4,0;5;6;7;8;9,False,False,,0;5;6;8;9,7,11.0,23.0,659.0,52.0,5.0,False,1.0,11.0,11.0,False
20,10,_original_nint128_seed19,6,6,4,0;1;2;4;5;8,False,False,,0;1;2;4;5,8,9.0,17.0,388.0,58.0,5.0,False,1.0,9.0,9.0,False
20,10,_original_nint128_seed19,6,6,4,0;1;2;4;6;8,False,False,,0;1;2;4;6,8,9.0,17.0,350.0,57.0,5.0,False,1.0,9.0,9.0,False
20,10,_original_nint128_seed19,6,6,4,0;1;2;4;8;9,False,False,,0;1;2;4;9,8,10.0,21.0,361.0,52.0,5.0,False,1.0,10.0,10.0,False
20,10,_original_nint128_seed19,6,6,4,2;4;5;6;8;9,True,False,,2;4;5;6;9,8,11.0,25.0,573.0,45.0,5.0,False,1.0,11.0,11.0,False
20,10,_original_nint128_seed19,6,6,4,0;1;4;5;7;9,False,False,,0;1;4;5;9,7,9.0,16.0,548.0,59.0,5.0,False,1.0,9.0,9.0,False
20,10,_original_nint128_seed19,6,6,4,0;2;4;5;7;9,True,False,,0;2;4;5;7,9,9.0,20.0,702.0,46.0,5.0,False,1.0,9.0,9.0,False
20,10,_original_nint128_seed19,6,6,4,0;3;4;5;7;9,False,False,,0;3;5;7;9,4,11.0,24.0,676.0,45.0,5.0,False,1.0,11.0,11.0,False
20,10,_original_nint128_seed19,6,6,4,0;4;5;7;8;9,False,False,,0;5;7;8;9,4,13.0,26.0,530.0,44.0,5.0,False,1.0,13.0,13.0,False
20,10,_original_nint128_seed19,6,6,4,0;4;6;7;8;9,False,False,,0;6;7;8;9,4,13.0,27.0,487.0,45.0,5.0,False,1.0,13.0,13.0,False
20,10,_original_nint128_seed19,6,6,4,0;1;4;5;8;9,False,False,,0;1;4;5;9,8,9.0,16.0,374.0,56.0,5.0,False,1.0,9.0,9.0,False
20,10,_original_nint128_seed19,6,6,4,1;2;4;5;8;9,False,False,,1;2;4;5;9,8,10.0,22.0,444.0,54.0,5.0,False,1.0,10.0,10.0,False
20,10,_original_nint128_seed19,6,6,4,1;3;4;5;8;9,False,False,,1;3;5;8;9,4,12.0,24.0,420.0,52.0,5.0,False,1.0,12.0,12.0,False
20,10,_original_nint128_seed19,6,6,4,1;4;5;7;8;9,False,False,,1;4;5;7;9,8,11.0,23.0,448.0,54.0,5.0,False,1.0,11.0,11.0,False
20,10,_original_nint128_seed19,6,6,4,1;2;4;5;7;9,True,False,,1;2;4;5;7,9,7.0,15.0,618.0,57.0,5.0,False,1.0,7.0,7.0,False
20,10,_original_nint128_seed19,6,6,4,1;2;4;6;7;9,True,False,,1;2;4;6;9,7,7.0,15.0,581.0,56.0,5.0,False,1.0,7.0,7.0,False
20,10,_original_nint128_seed19,6,6,4,0;1;3;5;7;8,False,False,,0;1;5;7;8,3,8.0,15.0,528.0,58.0,5.0,False,1.0,8.0,8.0,False
20,10,_original_nint128_seed19,6,6,4,1;3;5;7;8;9,False,False,,1;3;5;7;8,9,10.0,21.0,582.0,55.0,5.0,False,1.0,10.0,10.0,False
20,10,_original_nint128_seed19,6,6,4,0;3;5;6;7;8,False,False,,0;3;5;7;8,6,11.0,23.0,652.0,51.0,5.0,False,1.0,11.0,11.0,False
20,10,_original_nint128_seed19,6,6,4,0;1;3;4;6;8,False,False,,0;1;3;6;8,4,10.0,20.0,324.0,56.0,5.0,False,1.0,10.0,10.0,False
20,10,_original_nint128_seed19,6,6,4,0;1;3;6;8;9,False,False,,0;1;6;8;9,3,9.0,15.0,470.0,56.0,5.0,False,1.0,9.0,9.0,False
20,10,_original_nint128_seed19,6,6,4,0;1;2;6;7;9,True,False,,0;1;2;6;7,9,9.0,19.0,662.0,63.0,5.0,False,1.0,9.0,9.0,False
20,10,_original_nint128_seed19,6,6,4,0;3;4;5;7;8,False,False,,0;3;5;7;8,4,13.0,28.0,520.0,44.0,5.0,False,1.0,13.0,13.0,False
20,10,_original_nint128_seed19,6,6,4,0;3;4;6;7;8,False,False,,0;3;6;7;8,4,13.0,29.0,477.0,45.0,5.0,False,1.0,13.0,13.0,False
20,10,_original_nint128_seed19,6,6,4,0;2;5;6;7;8,True,False,,0;2;5;7;8,6,9.0,20.0,677.0,52.0,5.0,False,1.0,9.0,9.0,False
20,10,_original_nint128_seed19,6,6,4,3;4;5;7;8;9,False,False,,3;5;7;8;9,4,13.0,32.0,576.0,40.0,5.0,False,1.0,13.0,13.0,False
20,10,_original_nint128_seed19,6,6,4,0;1;3;4;6;9,False,False,,0;1;4;6;9,3,10.0,18.0,482.0,56.0,5.0,False,1.0,10.0,10.0,False
20,10,_original_nint128_seed19,6,6,4,0;1;3;6;7;9,False,False,,0;1;3;6;7,9,9.0,17.0,641.0,60.0,5.0,False,1.0,9.0,9.0,False
20,10,_original_nint128_seed19,6,6,4,0;1;4;6;7;9,False,False,,0;1;4;6;9,7,9.0,16.0,510.0,58.0,5.0,False,1.0,9.0,9.0,False
20,10,_original_nint128_seed19,6,6,4,0;1;5;7;8;9,False,False,,0;1;5;7;8,9,9.0,17.0,533.0,60.0,5.0,False,1.0,9.0,9.0,False
20,10,_original_nint128_seed19,6,6,4,0;3;5;7;8;9,False,False,,0;3;5;7;8,9,11.0,22.0,664.0,45.0,5.0,False,1.0,11.0,11.0,False
20,10,_original_nint128_seed19,6,6,4,0;2;4;6;7;8,False,False,,0;2;6;7;8,4,11.0,24.0,505.0,45.0,5.0,False,1.0,11.0,11.0,False
20,10,_original_nint128_seed19,6,6,4,0;1;2;4;5;7,False,False,,0;1;2;4;5,7,8.0,15.0,566.0,59.0,5.0,False,1.0,8.0,8.0,False
20,10,_original_nint128_seed19,6,6,4,0;1;2;5;7;8,False,False,,0;1;5;7;8,2,8.0,15.0,551.0,60.0,5.0,False,1.0,8.0,8.0,False
20,10,_original_nint128_seed19,6,6,4,0;1;2;5;7;9,True,False,,0;1;2;5;7,9,9.0,19.0,700.0,64.0,5.0,False,1.0,9.0,9.0,False
20,10,_original_nint128_seed19,6,6,4,0;1;3;5;8;9,False,False,,0;1;5;8;9,3,9.0,15.0,508.0,57.0,5.0,False,1.0,9.0,9.0,False
20,10,_original_nint128_seed19,6,6,4,1;2;4;5;7;8,False,False,,1;2;4;5;7,8,10.0,21.0,466.0,54.0,5.0,False,1.0,10.0,10.0,False
20,10,_original_nint128_seed19,6,6,4,0;1;3;5;7;9,False,False,,0;1;3;5;7,9,9.0,17.0,679.0,61.0,5.0,False,1.0,9.0,9.0,False
20,10,_original_nint128_seed19,6,6,4,0;3;5;6;7;9,False,False,,0;3;5;7;9,6,12.0,23.0,805.0,53.0,5.0,False,1.0,12.0,12.0,False
20,10,_original_nint128_seed19,6,6,4,0;1;3;4;5;7,False,False,,0;1;4;5;7,3,10.0,19.0,540.0,58.0,5.0,False,1.0,10.0,10.0,False
20,10,_original_nint128_seed19,6,6,4,1;3;4;5;7;9,False,False,,1;4;5;7;9,3,10.0,23.0,594.0,55.0,5.0,False,1.0,10.0,10.0,False
20,10,_original_nint128_seed19,6,6,4,0;1;4;6;8;9,False,False,,0;1;4;6;9,8,9.0,16.0,336.0,55.0,5.0,False,1.0,9.0,9.0,False
20,10,_original_nint128_seed19,6,6,4,0;1;3;4;6;7,False,False,,0;1;4;6;7,3,10.0,19.0,502.0,57.0,5.0,False,1.0,10.0,10.0,False
20,10,_original_nint128_seed19,6,6,4,0;1;3;4;5;8,False,False,,0;1;3;5;8,4,10.0,20.0,362.0,57.0,5.0,False,1.0,10.0,10.0,False
20,10,_original_nint128_seed19,6,6,4,1;2;4;6;8;9,False,False,,1;2;4;6;9,8,9.0,20.0,407.0,53.0,5.0,False,1.0,9.0,9.0,False
20,10,_original_nint128_seed19,6,6,4,0;2;4;6;7;9,True,False,,0;2;4;6;7,9,9.0,22.0,659.0,47.0,5.0,False,1.0,9.0,9.0,False
20,10,_original_nint128_seed19,6,6,4,0;2;4;6;8;9,False,False,,0;2;4;6;9,8,11.0,26.0,484.0,45.0,5.0,False,1.0,11.0,11.0,False
20,10,_original_nint128_seed19,6,6,4,0;1;2;4;5;9,False,False,,0;1;2;4;5,9,8.0,16.0,544.0,59.0,5.0,False,1.0,8.0,8.0,False
20,10,_original_nint128_seed19,6,6,4,1;4;6;7;8;9,False,False,,1;4;6;7;9,8,11.0,22.0,411.0,53.0,5.0,False,1.0,11.0,11.0,False
20,10,_original_nint128_seed19,6,6,4,0;1;3;4;5;9,False,False,,0;1;4;5;9,3,10.0,18.0,520.0,57.0,5.0,False,1.0,10.0,10.0,False
20,10,_original_nint128_seed19,6,6,4,0;3;6;7;8;9,False,False,,0;3;6;7;8,9,11.0,23.0,621.0,46.0,5.0,False,1.0,11.0,11.0,False
20,10,_original_nint128_seed19,6,6,4,1;3;6;7;8;9,False,False,,1;3;6;7;8,9,10.0,20.0,545.0,54.0,5.0,False,1.0,10.0,10.0,False
20,10,_original_nint128_seed19,6,6,4,0;1;2;4;6;7,False,False,,0;1;2;4;6,7,8.0,15.0,528.0,58.0,5.0,False,1.0,8.0,8.0,False
20,10,_original_nint128_seed19,6,6,4,1;3;4;6;8;9,False,False,,1;3;6;8;9,4,12.0,23.0,383.0,51.0,5.0,False,1.0,12.0,12.0,False
20,10,_original_nint128_seed19,6,6,4,0;1;3;7;8;9,False,False,,0;1;3;7;8,9,10.0,20.0,499.0,53.0,5.0,False,1.0,10.0,10.0,False
20,10,_original_nint128_seed19,6,6,4,0;1;2;5;8;9,False,False,,0;1;5;8;9,2,10.0,18.0,529.0,60.0,5.0,False,1.0,10.0,10.0,False
20,10,_original_nint128_seed19,6,6,4,1;2;4;6;7;8,False,False,,1;2;4;6;7,8,10.0,20.0,429.0,53.0,5.0,False,1.0,10.0,10.0,False
20,10,_original_nint128_seed19,6,6,4,0;2;4;5;7;8,False,False,,0;2;5;7;8,4,11.0,23.0,548.0,44.0,5.0,False,1.0,11.0,11.0,False
20,10,_original_nint128_seed19,6,6,4,0;1;2;6;8;9,False,False,,0;1;6;8;9,2,10.0,18.0,491.0,59.0,5.0,False,1.0,10.0,10.0,False
20,10,_original_nint128_seed19,6,6,4,0;2;4;5;8;9,False,False,,0;2;4;5;9,8,11.0,24.0,527.0,44.0,5.0,False,1.0,11.0,11.0,False
20,10,_original_nint128_seed19,6,6,4,0;1;2;4;6;9,False,False,,0;1;2;4;6,9,8.0,16.0,506.0,58.0,5.0,False,1.0,8.0,8.0,False
20,10,_original_nint128_seed19,7,7,3,0;1;4;5;7;8;9,True,False,,0;1;4;5;7;9,8,7.0,12.0,296.0,65.0,5.0,False,1.0,7.0,7.0,False
20,10,_original_nint128_seed19,7,7,3,0;3;4;5;7;8;9,True,False,,0;3;5;7;8;9,4,8.0,19.0,424.0,51.0,5.0,False,1.0,8.0,8.0,False
20,10,_original_nint128_seed19,7,7,3,0;1;4;6;7;8;9,True,False,,0;1;4;6;7;9,8,7.0,12.0,258.0,64.0,5.0,False,1.0,7.0,7.0,False
20,10,_original_nint128_seed19,7,7,3,0;1;3;4;5;8;9,True,False,,0;1;3;5;8;9,4,7.0,12.0,268.0,63.0,5.0,False,1.0,7.0,7.0,False
20,10,_original_nint128_seed19,7,7,3,1;3;4;5;7;8;9,True,False,,1;3;5;7;8;9,4,8.0,19.0,342.0,61.0,5.0,False,1.0,8.0,8.0,False
20,10,_original_nint128_seed19,7,7,3,0;1;2;4;6;7;8,True,False,,0;1;2;4;6;7,8,6.0,10.0,276.0,64.0,5.0,False,1.0,6.0,6.0,True
20,10,_original_nint128_seed19,7,7,3,0;1;3;4;6;8;9,True,False,,0;1;3;6;8;9,4,7.0,12.0,230.0,62.0,5.0,False,1.0,7.0,7.0,False
20,10,_original_nint128_seed19,7,7,3,0;3;4;6;7;8;9,True,False,,0;3;6;7;8;9,4,8.0,20.0,381.0,52.0,5.0,False,1.0,8.0,8.0,False
20,10,_original_nint128_seed19,7,7,3,1;3;4;6;7;8;9,True,False,,1;3;6;7;8;9,4,8.0,18.0,305.0,60.0,5.0,False,1.0,8.0,8.0,False
20,10,_original_nint128_seed19,7,7,3,0;1;3;4;5;7;8,True,False,,0;1;3;5;7;8,4,7.0,13.0,288.0,64.0,5.0,False,1.0,7.0,7.0,False
20,10,_original_nint128_seed19,7,7,3,0;1;3;5;7;8;9,True,False,,0;1;3;5;7;8,9,6.0,10.0,430.0,66.0,5.0,False,1.0,6.0,6.0,True
20,10,_original_nint128_seed19,7,7,3,0;1;2;4;6;8;9,True,False,,0;1;2;4;6;9,8,6.0,11.0,254.0,64.0,5.0,False,1.0,6.0,6.0,True
20,10,_original_nint128_seed19,7,7,3,0;1;2;4;5;8;9,True,False,,0;1;2;4;5;9,8,6.0,11.0,292.0,65.0,5.0,False,1.0,6.0,6.0,True
20,10,_original_nint128_seed19,7,7,3,0;1;2;4;5;7;8,True,False,,0;1;2;4;5;7,8,6.0,10.0,314.0,65.0,5.0,False,1.0,6.0,6.0,True
20,10,_original_nint128_seed19,7,7,3,0;1;3;6;7;8;9,True,False,,0;1;3;6;7;8,9,6.0,10.0,392.0,65.0,5.0,False,1.0,6.0,6.0,True
20,10,_original_nint128_seed19,7,7,3,0;3;5;6;7;8;9,True,False,,0;3;5;6;8;9,7,8.0,15.0,556.0,58.0,5.0,False,1.0,8.0,8.0,False
20,10,_original_nint128_seed19,7,7,3,3;4;5;6;7;8;9,True,False,,3;5;6;7;8;9,4,8.0,20.0,470.0,52.0,5.0,False,1.0,8.0,8.0,False
20,10,_original_nint128_seed19,7,7,3,0;1;3;4;6;7;8,True,False,,0;1;3;6;7;8,4,7.0,13.0,250.0,63.0,5.0,False,1.0,7.0,7.0,False
20,10,_original_nint128_seed19,2,2,8,2;3,False,True,collision,2,3,,,,,,True,,,,
20,10,_original_nint128_seed19,3,3,7,2;3;8,False,True,monotone,2;8,3,,,,,,True,,,,
20,10,_original_nint128_seed19,3,3,7,2;3;9,False,True,monotone,3;9,2,,,,,,True,,,,
20,10,_original_nint128_seed19,3,3,7,2;3;6,False,True,monotone,2;6,3,,,,,,True,,,,
20,10,_original_nint128_seed19,3,3,7,2;3;4,False,True,monotone,3;4,2,,,,,,True,,,,
20,10,_original_nint128_seed19,3,3,7,0;2;3,False,True,monotone,0;3,2,,,,,,True,,,,
20,10,_original_nint128_seed19,3,3,7,1;5;6,False,True,collision,5;6,1,,,,,,True,,,,
20,10,_original_nint128_seed19,3,3,7,2;3;5,False,True,monotone,3;5,2,,,,,,True,,,,
20,10,_original_nint128_seed19,3,3,7,1;2;3,False,True,monotone,1;3,2,,,,,,True,,,,
20,10,_original_nint128_seed19,3,3,7,2;3;7,False,True,monotone,3;7,2,,,,,,True,,,,
20,10,_original_nint128_seed19,4,4,6,1;2;3;9,False,True,monotone,1;2;9,3,,,,,,True,,,,
20,10,_original_nint128_seed19,4,4,6,2;3;6;9,False,True,monotone,2;6;9,3,,,,,,True,,,,
20,10,_original_nint128_seed19,4,4,6,2;3;7;8,False,True,monotone,2;7;8,3,,,,,,True,,,,
20,10,_original_nint128_seed19,4,4,6,2;7;8;9,False,True,collision,2;7;8,9,,,,,,True,,,,
20,10,_original_nint128_seed19,4,4,6,0;2;3;4,False,True,monotone,0;2;4,3,,,,,,True,,,,
20,10,_original_nint128_seed19,4,4,6,2;3;5;9,False,True,monotone,3;5;9,2,,,,,,True,,,,
20,10,_original_nint128_seed19,4,4,6,2;3;4;8,False,True,monotone,2;4;8,3,,,,,,True,,,,
20,10,_original_nint128_seed19,4,4,6,1;2;3;7,False,True,monotone,1;3;7,2,,,,,,True,,,,
20,10,_original_nint128_seed19,4,4,6,2;3;4;5,False,True,monotone,3;4;5,2,,,,,,True,,,,
20,10,_original_nint128_seed19,4,4,6,2;3;6;7,False,True,monotone,2;6;7,3,,,,,,True,,,,
20,10,_original_nint128_seed19,4,4,6,0;1;2;3,False,True,monotone,0;1;3,2,,,,,,True,,,,
20,10,_original_nint128_seed19,4,4,6,2;3;5;8,False,True,monotone,3;5;8,2,,,,,,True,,,,
20,10,_original_nint128_seed19,4,4,6,1;2;3;6,False,True,monotone,1;3;6,2,,,,,,True,,,,
20,10,_original_nint128_seed19,4,4,6,1;3;5;6,False,True,monotone,1;3;6,5,,,,,,True,,,,
20,10,_original_nint128_seed19,4,4,6,1;5;6;8,False,True,monotone,1;6;8,5,,,,,,True,,,,
20,10,_original_nint128_seed19,4,4,6,1;5;6;7,False,True,monotone,1;5;7,6,,,,,,True,,,,
20,10,_original_nint128_seed19,4,4,6,0;2;3;5,False,True,monotone,0;3;5,2,,,,,,True,,,,
20,10,_original_nint128_seed19,4,4,6,1;4;5;6,False,True,monotone,1;4;6,5,,,,,,True,,,,
20,10,_original_nint128_seed19,4,4,6,1;5;6;9,False,True,monotone,5;6;9,1,,,,,,True,,,,
20,10,_original_nint128_seed19,4,4,6,1;2;5;6,False,True,monotone,1;2;6,5,,,,,,True,,,,
20,10,_original_nint128_seed19,4,4,6,2;3;5;7,False,True,monotone,2;5;7,3,,,,,,True,,,,
20,10,_original_nint128_seed19,4,4,6,0;2;3;8,False,True,monotone,0;3;8,2,,,,,,True,,,,
20,10,_original_nint128_seed19,4,4,6,2;3;7;9,False,True,monotone,2;7;9,3,,,,,,True,,,,
20,10,_original_nint128_seed19,4,4,6,1;2;3;5,False,True,monotone,1;3;5,2,,,,,,True,,,,
20,10,_original_nint128_seed19,4,4,6,2;3;6;8,False,True,monotone,3;6;8,2,,,,,,True,,,,
20,10,_original_nint128_seed19,4,4,6,2;3;4;6,False,True,monotone,2;4;6,3,,,,,,True,,,,
20,10,_original_nint128_seed19,4,4,6,0;2;3;6,False,True,monotone,0;3;6,2,,,,,,True,,,,
20,10,_original_nint128_seed19,4,4,6,1;2;3;4,False,True,monotone,1;3;4,2,,,,,,True,,,,
20,10,_original_nint128_seed19,4,4,6,2;3;8;9,False,True,monotone,3;8;9,2,,,,,,True,,,,
20,10,_original_nint128_seed19,4,4,6,0;1;5;6,False,True,monotone,0;1;6,5,,,,,,True,,,,
20,10,_original_nint128_seed19,4,4,6,0;2;3;7,False,True,monotone,0;3;7,2,,,,,,True,,,,
20,10,_original_nint128_seed19,4,4,6,1;2;3;8,False,True,monotone,1;3;8,2,,,,,,True,,,,
20,10,_original_nint128_seed19,4,4,6,2;3;5;6,False,True,monotone,3;5;6,2,,,,,,True,,,,
20,10,_original_nint128_seed19,4,4,6,2;3;4;9,False,True,monotone,3;4;9,2,,,,,,True,,,,
20,10,_original_nint128_seed19,4,4,6,0;2;3;9,False,True,monotone,0;3;9,2,,,,,,True,,,,
20,10,_original_nint128_seed19,4,4,6,2;3;4;7,False,True,monotone,3;4;7,2,,,,,,True,,,,
20,10,_original_nint128_seed19,5,5,5,1;2;5;6;8,False,True,monotone,2;5;6;8,1,,,,,,True,,,,
20,10,_original_nint128_seed19,5,5,5,2;3;5;6;8,False,True,monotone,2;5;6;8,3,,,,,,True,,,,
20,10,_original_nint128_seed19,5,5,5,0;2;3;7;8,False,True,monotone,0;2;7;8,3,,,,,,True,,,,
20,10,_original_nint128_seed19,5,5,5,0;2;7;8;9,False,True,monotone,0;2;7;8,9,,,,,,True,,,,
20,10,_original_nint128_seed19,5,5,5,1;5;6;7;8,False,True,monotone,5;6;7;8,1,,,,,,True,,,,
20,10,_original_nint128_seed19,5,5,5,0;2;3;4;9,False,True,monotone,0;2;4;9,3,,,,,,True,,,,
20,10,_original_nint128_seed19,5,5,5,2;3;4;7;8,False,True,monotone,3;4;7;8,2,,,,,,True,,,,
20,10,_original_nint128_seed19,5,5,5,0;2;3;4;6,False,True,monotone,0;3;4;6,2,,,,,,True,,,,
20,10,_original_nint128_seed19,5,5,5,0;2;3;4;7,False,True,monotone,0;3;4;7,2,,,,,,True,,,,
20,10,_original_nint128_seed19,5,5,5,1;2;5;6;9,False,True,monotone,2;5;6;9,1,,,,,,True,,,,
20,10,_original_nint128_seed19,5,5,5,2;3;5;6;9,False,True,monotone,2;5;6;9,3,,,,,,True,,,,
20,10,_original_nint128_seed19,5,5,5,1;2;3;8;9,False,True,monotone,1;2;8;9,3,,,,,,True,,,,
20,10,_original_nint128_seed19,5,5,5,1;2;7;8;9,False,True,monotone,1;2;8;9,7,,,,,,True,,,,
20,10,_original_nint128_seed19,5,5,5,1;3;4;5;6,False,True,monotone,3;4;5;6,1,,,,,,True,,,,
20,10,_original_nint128_seed19,5,5,5,2;3;4;5;6,False,True,monotone,3;4;5;6,2,,,,,,True,,,,
20,10,_original_nint128_seed19,5,5,5,1;2;3;4;8,False,True,monotone,1;3;4;8,2,,,,,,True,,,,
20,10,_original_nint128_seed19,5,5,5,2;4;7;8;9,False,True,monotone,4;7;8;9,2,,,,,,True,,,,
20,10,_original_nint128_seed19,5,5,5,0;1;2;5;6,False,True,monotone,0;2;5;6,1,,,,,,True,,,,
20,10,_original_nint128_seed19,5,5,5,0;2;3;5;6,False,True,monotone,0;2;5;6,3,,,,,,True,,,,
20,10,_original_nint128_seed19,5,5,5,0;1;2;3;8,False,True,monotone,0;1;2;8,3,,,,,,True,,,,
20,10,_original_nint128_seed19,5,5,5,2;3;4;7;9,False,True,monotone,3;4;7;9,2,,,,,,True,,,,
20,10,_original_nint128_seed19,5,5,5,1;2;4;5;6,False,True,monotone,2;4;5;6,1,,,,,,True,,,,
20,10,_original_nint128_seed19,5,5,5,2;3;4;6;8,False,True,monotone,2;4;6;8,3,,,,,,True,,,,
20,10,_original_nint128_seed19,5,5,5,1;2;3;4;5,False,True,monotone,1;2;4;5,3,,,,,,True,,,,
20,10,_original_nint128_seed19,5,5,5,1;4;5;6;7,False,True,monotone,4;5;6;7,1,,,,,,True,,,,
20,10,_original_nint128_seed19,5,5,5,0;1;2;3;5,False,True,monotone,0;1;3;5,2,,,,,,True,,,,
20,10,_original_nint128_seed19,5,5,5,0;1;3;5;6,False,True,monotone,0;1;3;5,6,,,,,,True,,,,
20,10,_original_nint128_seed19,5,5,5,0;2;3;6;8,False,True,monotone,0;3;6;8,2,,,,,,True,,,,
20,10,_original_nint128_seed19,5,5,5,1;2;3;4;9,False,True,monotone,1;2;4;9,3,,,,,,True,,,,
20,10,_original_nint128_seed19,5,5,5,1;3;5;6;8,False,True,monotone,3;5;6;8,1,,,,,,True,,,,
20,10,_original_nint128_seed19,5,5,5,1;2;3;6;9,False,True,monotone,1;2;6;9,3,,,,,,True,,,,
20,10,_original_nint128_seed19,5,5,5,2;3;5;8;9,False,True,monotone,2;5;8;9,3,,,,,,True,,,,
20,10,_original_nint128_seed19,5,5,5,2;5;7;8;9,False,True,monotone,2;5;8;9,7,,,,,,True,,,,
20,10,_original_nint128_seed19,5,5,5,1;2;3;7;8,False,True,monotone,1;2;7;8,3,,,,,,True,,,,
20,10,_original_nint128_seed19,5,5,5,1;2;5;6;7,False,True,monotone,2;5;6;7,1,,,,,,True,,,,
20,10,_original_nint128_seed19,5,5,5,2;3;5;6;7,False,True,monotone,2;5;6;7,3,,,,,,True,,,,
20,10,_original_nint128_seed19,5,5,5,0;1;5;6;9,False,True,monotone,0;5;6;9,1,,,,,,True,,,,
20,10,_original_nint128_seed19,5,5,5,0;2;3;5;7,False,True,monotone,0;2;5;7,3,,,,,,True,,,,
20,10,_original_nint128_seed19,5,5,5,1;2;3;5;8,False,True,monotone,1;2;5;8,3,,,,,,True,,,,
20,10,_original_nint128_seed19,5,5,5,1;4;5;6;9,False,True,monotone,1;4;5;9,6,,,,,,True,,,,
20,10,_original_nint128_seed19,5,5,5,0;4;5;6;8,False,True,collision,4;5;6;8,0,,,,,,True,,,,
20,10,_original_nint128_seed19,5,5,5,1;4;5;6;8,False,True,monotone,4;5;6;8,1,,,,,,True,,,,
20,10,_original_nint128_seed19,5,5,5,2;3;4;5;9,False,True,monotone,2;4;5;9,3,,,,,,True,,,,
20,10,_original_nint128_seed19,5,5,5,1;2;3;4;7,False,True,monotone,1;2;4;7,3,,,,,,True,,,,
20,10,_original_nint128_seed19,5,5,5,1;5;6;7;9,False,True,monotone,5;6;7;9,1,,,,,,True,,,,
20,10,_original_nint128_seed19,5,5,5,2;3;5;7;8,False,True,monotone,2;5;7;8,3,,,,,,True,,,,
20,10,_original_nint128_seed19,5,5,5,1;2;3;6;7,False,True,monotone,1;2;6;7,3,,,,,,True,,,,
20,10,_original_nint128_seed19,5,5,5,1;5;6;8;9,False,True,monotone,1;5;8;9,6,,,,,,True,,,,
20,10,_original_nint128_seed19,5,5,5,0;2;3;5;9,False,True,monotone,0;2;5;9,3,,,,,,True,,,,
20,10,_original_nint128_seed19,5,5,5,2;3;6;7;9,False,True,monotone,2;6;7;9,3,,,,,,True,,,,
20,10,_original_nint128_seed19,5,5,5,2;6;7;8;9,False,True,monotone,2;6;7;9,8,,,,,,True,,,,
20,10,_original_nint128_seed19,5,5,5,0;1;5;6;7,False,True,monotone,0;1;6;7,5,,,,,,True,,,,
20,10,_original_nint128_seed19,5,5,5,2;3;4;5;7,False,True,monotone,2;4;5;7,3,,,,,,True,,,,
20,10,_original_nint128_seed19,5,5,5,1;3;5;6;9,False,True,monotone,1;3;6;9,5,,,,,,True,,,,
20,10,_original_nint128_seed19,5,5,5,0;1;2;3;4,False,True,monotone,0;1;3;4,2,,,,,,True,,,,
20,10,_original_nint128_seed19,5,5,5,0;2;3;6;9,False,True,monotone,0;2;6;9,3,,,,,,True,,,,
20,10,_original_nint128_seed19,5,5,5,2;3;5;7;9,False,True,monotone,2;5;7;9,3,,,,,,True,,,,
20,10,_original_nint128_seed19,5,5,5,0;1;2;3;6,False,True,monotone,0;1;3;6,2,,,,,,True,,,,
20,10,_original_nint128_seed19,5,5,5,0;2;3;5;8,False,True,monotone,0;3;5;8,2,,,,,,True,,,,
20,10,_original_nint128_seed19,5,5,5,2;3;4;8;9,False,True,monotone,2;4;8;9,3,,,,,,True,,,,
20,10,_original_nint128_seed19,5,5,5,0;2;3;8;9,False,True,monotone,0;3;8;9,2,,,,,,True,,,,
20,10,_original_nint128_seed19,5,5,5,1;2;3;7;9,False,True,monotone,1;3;7;9,2,,,,,,True,,,,
20,10,_original_nint128_seed19,5,5,5,2;3;4;6;7,False,True,monotone,2;4;6;7,3,,,,,,True,,,,
20,10,_original_nint128_seed19,5,5,5,1;2;3;5;9,False,True,monotone,1;3;5;9,2,,,,,,True,,,,
20,10,_original_nint128_seed19,5,5,5,0;2;3;6;7,False,True,monotone,0;2;6;7,3,,,,,,True,,,,
20,10,_original_nint128_seed19,5,5,5,2;3;6;8;9,False,True,monotone,3;6;8;9,2,,,,,,True,,,,
20,10,_original_nint128_seed19,5,5,5,1;2;3;6;8,False,True,monotone,1;2;6;8,3,,,,,,True,,,,
20,10,_original_nint128_seed19,5,5,5,1;3;5;6;7,False,True,monotone,1;3;6;7,5,,,,,,True,,,,
20,10,_original_nint128_seed19,5,5,5,0;1;5;6;8,False,True,monotone,0;1;5;8,6,,,,,,True,,,,
20,10,_original_nint128_seed19,5,5,5,0;2;3;4;5,False,True,monotone,0;3;4;5,2,,,,,,True,,,,
20,10,_original_nint128_seed19,5,5,5,2;3;4;5;8,False,True,monotone,3;4;5;8,2,,,,,,True,,,,
20,10,_original_nint128_seed19,5,5,5,1;2;3;4;6,False,True,monotone,1;3;4;6,2,,,,,,True,,,,
20,10,_original_nint128_seed19,5,5,5,2;3;4;6;9,False,True,monotone,2;4;6;9,3,,,,,,True,,,,
20,10,_original_nint128_seed19,5,5,5,2;3;6;7;8,False,True,monotone,2;6;7;8,3,,,,,,True,,,,
20,10,_original_nint128_seed19,5,5,5,1;2;3;5;7,False,True,monotone,1;2;5;7,3,,,,,,True,,,,
20,10,_original_nint128_seed19,5,5,5,0;1;4;5;6,False,True,monotone,0;1;4;5,6,,,,,,True,,,,
20,10,_original_nint128_seed19,5,5,5,0;2;3;7;9,False,True,monotone,0;2;7;9,3,,,,,,True,,,,
20,10,_original_nint128_seed19,5,5,5,0;1;2;3;7,False,True,monotone,0;1;2;7,3,,,,,,True,,,,
20,10,_original_nint128_seed19,5,5,5,0;1;2;3;9,False,True,monotone,0;1;2;9,3,,,,,,True,,,,
20,10,_original_nint128_seed19,5,5,5,0;2;3;4;8,False,True,monotone,0;2;4;8,3,,,,,,True,,,,
20,10,_original_nint128_seed19,5,5,5,2;3;7;8;9,False,True,monotone,3;7;8;9,2,,,,,,True,,,,
20,10,_original_nint128_seed19,6,6,4,1;3;5;6;8;9,False,True,monotone,3;5;6;8;9,1,,,,,,True,,,,
20,10,_original_nint128_seed19,6,6,4,2;3;5;6;8;9,False,True,monotone,3;5;6;8;9,2,,,,,,True,,,,
20,10,_original_nint128_seed19,6,6,4,0;4;5;6;7;8,False,True,monotone,4;5;6;7;8,0,,,,,,True,,,,
20,10,_original_nint128_seed19,6,6,4,1;4;5;6;7;8,False,True,monotone,4;5;6;7;8,1,,,,,,True,,,,
20,10,_original_nint128_seed19,6,6,4,1;2;5;6;7;9,False,True,monotone,2;5;6;7;9,1,,,,,,True,,,,
20,10,_original_nint128_seed19,6,6,4,2;3;5;6;7;9,False,True,monotone,2;5;6;7;9,3,,,,,,True,,,,
20,10,_original_nint128_seed19,6,6,4,2;5;6;7;8;9,False,True,monotone,2;5;6;7;9,8,,,,,,True,,,,
20,10,_original_nint128_seed19,6,6,4,0;1;4;5;6;9,False,True,monotone,0;4;5;6;9,1,,,,,,True,,,,
20,10,_original_nint128_seed19,6,6,4,0;4;5;6;8;9,False,True,monotone,0;4;5;6;9,8,,,,,,True,,,,
20,10,_original_nint128_seed19,6,6,4,1;2;3;4;7;8,False,True,monotone,1;3;4;7;8,2,,,,,,True,,,,
20,10,_original_nint128_seed19,6,6,4,1;3;4;5;6;7,False,True,monotone,3;4;5;6;7,1,,,,,,True,,,,
20,10,_original_nint128_seed19,6,6,4,2;3;4;5;6;7,False,True,monotone,3;4;5;6;7,2,,,,,,True,,,,
20,10,_original_nint128_seed19,6,6,4,0;1;5;6;7;8,False,True,monotone,0;1;6;7;8,5,,,,,,True,,,,
20,10,_original_nint128_seed19,6,6,4,0;1;4;5;6;7,False,True,monotone,0;4;5;6;7,1,,,,,,True,,,,
20,10,_original_nint128_seed19,6,6,4,2;3;4;6;7;9,False,True,monotone,3;4;6;7;9,2,,,,,,True,,,,
20,10,_original_nint128_seed19,6,6,4,0;2;3;4;8;9,False,True,monotone,0;3;4;8;9,2,,,,,,True,,,,
20,10,_original_nint128_seed19,6,6,4,0;1;5;6;8;9,False,True,monotone,0;5;6;8;9,1,,,,,,True,,,,
20,10,_original_nint128_seed19,6,6,4,0;1;2;4;5;6,False,True,monotone,0;2;4;5;6,1,,,,,,True,,,,
20,10,_original_nint128_seed19,6,6,4,0;2;3;4;5;6,False,True,monotone,0;2;4;5;6,3,,,,,,True,,,,
20,10,_original_nint128_seed19,6,6,4,0;2;4;5;6;8,False,True,monotone,0;2;4;5;6,8,,,,,,True,,,,
20,10,_original_nint128_seed19,6,6,4,0;1;2;3;4;8,False,True,monotone,0;1;2;4;8,3,,,,,,True,,,,
20,10,_original_nint128_seed19,6,6,4,1;4;5;6;8;9,False,True,monotone,4;5;6;8;9,1,,,,,,True,,,,
20,10,_original_nint128_seed19,6,6,4,0;2;4;7;8;9,False,True,monotone,0;4;7;8;9,2,,,,,,True,,,,
20,10,_original_nint128_seed19,6,6,4,0;1;2;4;7;9,False,True,collision,1;2;4;7;9,0,,,,,,True,,,,
20,10,_original_nint128_seed19,6,6,4,1;2;3;4;7;9,False,True,monotone,1;2;4;7;9,3,,,,,,True,,,,
20,10,_original_nint128_seed19,6,6,4,1;2;4;7;8;9,False,True,monotone,1;2;4;7;9,8,,,,,,True,,,,
20,10,_original_nint128_seed19,6,6,4,1;2;3;5;7;8,False,True,monotone,1;3;5;7;8,2,,,,,,True,,,,
20,10,_original_nint128_seed19,6,6,4,1;3;5;6;7;8,False,True,monotone,1;3;5;7;8,6,,,,,,True,,,,
20,10,_original_nint128_seed19,6,6,4,2;3;5;6;7;8,False,True,monotone,3;5;6;7;8,2,,,,,,True,,,,
20,10,_original_nint128_seed19,6,6,4,0;1;2;3;6;8,False,True,monotone,0;1;3;6;8,2,,,,,,True,,,,
20,10,_original_nint128_seed19,6,6,4,0;1;3;5;6;8,False,True,monotone,0;1;3;6;8,5,,,,,,True,,,,
20,10,_original_nint128_seed19,6,6,4,1;2;3;6;7;9,False,True,monotone,1;2;6;7;9,3,,,,,,True,,,,
20,10,_original_nint128_seed19,6,6,4,1;2;6;7;8;9,False,True,monotone,1;2;6;7;9,8,,,,,,True,,,,
20,10,_original_nint128_seed19,6,6,4,1;2;5;6;8;9,False,True,monotone,2;5;6;8;9,1,,,,,,True,,,,
20,10,_original_nint128_seed19,6,6,4,0;2;3;4;7;8,False,True,monotone,0;3;4;7;8,2,,,,,,True,,,,
20,10,_original_nint128_seed19,6,6,4,1;5;6;7;8;9,False,True,monotone,5;6;7;8;9,1,,,,,,True,,,,
20,10,_original_nint128_seed19,6,6,4,2;3;4;7;8;9,False,True,monotone,3;4;7;8;9,2,,,,,,True,,,,
20,10,_original_nint128_seed19,6,6,4,0;1;2;5;6;8,False,True,monotone,0;2;5;6;8,1,,,,,,True,,,,
20,10,_original_nint128_seed19,6,6,4,0;2;3;5;6;8,False,True,monotone,0;2;5;6;8,3,,,,,,True,,,,
20,10,_original_nint128_seed19,6,6,4,0;2;3;4;6;9,False,True,monotone,0;3;4;6;9,2,,,,,,True,,,,
20,10,_original_nint128_seed19,6,6,4,0;1;5;6;7;9,False,True,monotone,0;1;6;7;9,5,,,,,,True,,,,
20,10,_original_nint128_seed19,6,6,4,0;2;5;7;8;9,False,True,monotone,0;5;7;8;9,2,,,,,,True,,,,
20,10,_original_nint128_seed19,6,6,4,0;2;3;6;7;8,False,True,monotone,0;2;6;7;8,3,,,,,,True,,,,
20,10,_original_nint128_seed19,6,6,4,0;2;6;7;8;9,False,True,monotone,0;2;6;7;8,9,,,,,,True,,,,
20,10,_original_nint128_seed19,6,6,4,0;1;2;3;5;7,False,True,monotone,0;1;2;5;7,3,,,,,,True,,,,
20,10,_original_nint128_seed19,6,6,4,0;1;2;5;6;7,False,True,monotone,0;1;2;5;7,6,,,,,,True,,,,
20,10,_original_nint128_seed19,6,6,4,1;2;3;5;8;9,False,True,monotone,1;3;5;8;9,2,,,,,,True,,,,
20,10,_original_nint128_seed19,6,6,4,1;2;3;4;5;8,False,True,monotone,1;2;4;5;8,3,,,,,,True,,,,
20,10,_original_nint128_seed19,6,6,4,1;2;4;5;6;8,False,True,monotone,1;2;4;5;8,6,,,,,,True,,,,
20,10,_original_nint128_seed19,6,6,4,0;2;3;5;7;9,False,True,monotone,0;3;5;7;9,2,,,,,,True,,,,
20,10,_original_nint128_seed19,6,6,4,2;3;4;6;7;8,False,True,monotone,3;4;6;7;8,2,,,,,,True,,,,
20,10,_original_nint128_seed19,6,6,4,1;2;3;4;5;7,False,True,monotone,1;3;4;5;7,2,,,,,,True,,,,
20,10,_original_nint128_seed19,6,6,4,0;1;4;5;6;8,False,True,monotone,0;1;4;6;8,5,,,,,,True,,,,
20,10,_original_nint128_seed19,6,6,4,0;1;2;3;4;6,False,True,monotone,0;1;3;4;6,2,,,,,,True,,,,
20,10,_original_nint128_seed19,6,6,4,0;1;3;4;5;6,False,True,monotone,0;1;3;4;6,5,,,,,,True,,,,
20,10,_original_nint128_seed19,6,6,4,2;3;4;5;7;9,False,True,monotone,2;4;5;7;9,3,,,,,,True,,,,
20,10,_original_nint128_seed19,6,6,4,2;4;5;7;8;9,False,True,monotone,2;4;5;7;9,8,,,,,,True,,,,
20,10,_original_nint128_seed19,6,6,4,0;2;3;4;5;8,False,True,monotone,0;3;4;5;8,2,,,,,,True,,,,
20,10,_original_nint128_seed19,6,6,4,0;3;4;5;6;8,False,True,monotone,0;3;4;5;8,6,,,,,,True,,,,
20,10,_original_nint128_seed19,6,6,4,1;2;3;4;8;9,False,True,monotone,1;2;4;8;9,3,,,,,,True,,,,
20,10,_original_nint128_seed19,6,6,4,1;2;4;5;6;9,False,True,monotone,2;4;5;6;9,1,,,,,,True,,,,
20,10,_original_nint128_seed19,6,6,4,2;3;4;5;6;9,False,True,monotone,2;4;5;6;9,3,,,,,,True,,,,
20,10,_original_nint128_seed19,6,6,4,0;2;3;4;7;9,False,True,monotone,0;2;4;7;9,3,,,,,,True,,,,
20,10,_original_nint128_seed19,6,6,4,2;3;4;6;8;9,False,True,monotone,2;4;6;8;9,3,,,,,,True,,,,
20,10,_original_nint128_seed19,6,6,4,2;4;6;7;8;9,False,True,monotone,2;4;6;8;9,7,,,,,,True,,,,
20,10,_original_nint128_seed19,6,6,4,0;2;3;4;6;7,False,True,monotone,0;3;4;6;7,2,,,,,,True,,,,
20,10,_original_nint128_seed19,6,6,4,1;2;3;4;5;9,False,True,monotone,1;2;4;5;9,3,,,,,,True,,,,
20,10,_original_nint128_seed19,6,6,4,1;4;5;6;7;9,False,True,monotone,4;5;6;7;9,1,,,,,,True,,,,
20,10,_original_nint128_seed19,6,6,4,1;2;5;6;7;8,False,True,monotone,2;5;6;7;8,1,,,,,,True,,,,
20,10,_original_nint128_seed19,6,6,4,0;1;2;3;5;9,False,True,monotone,0;1;3;5;9,2,,,,,,True,,,,
20,10,_original_nint128_seed19,6,6,4,0;1;3;5;6;9,False,True,monotone,0;1;3;5;9,6,,,,,,True,,,,
20,10,_original_nint128_seed19,6,6,4,0;2;3;6;8;9,False,True,monotone,0;3;6;8;9,2,,,,,,True,,,,
20,10,_original_nint128_seed19,6,6,4,1;3;4;5;6;9,False,True,monotone,1;3;4;5;9,6,,,,,,True,,,,
20,10,_original_nint128_seed19,6,6,4,0;1;2;3;7;8,False,True,monotone,0;1;3;7;8,2,,,,,,True,,,,
20,10,_original_nint128_seed19,6,6,4,0;1;3;5;6;7,False,True,monotone,0;3;5;6;7,1,,,,,,True,,,,
20,10,_original_nint128_seed19,6,6,4,0;2;3;5;6;7,False,True,monotone,0;3;5;6;7,2,,,,,,True,,,,
20,10,_original_nint128_seed19,6,6,4,1;2;5;7;8;9,False,True,monotone,1;2;5;8;9,7,,,,,,True,,,,
20,10,_original_nint128_seed19,6,6,4,1;2;4;5;6;7,False,True,monotone,2;4;5;6;7,1,,,,,,True,,,,
20,10,_original_nint128_seed19,6,6,4,2;3;4;5;8;9,False,True,monotone,3;4;5;8;9,2,,,,,,True,,,,
20,10,_original_nint128_seed19,6,6,4,1;2;3;4;6;9,False,True,monotone,1;3;4;6;9,2,,,,,,True,,,,
20,10,_original_nint128_seed19,6,6,4,1;2;3;5;7;9,False,True,monotone,1;2;5;7;9,3,,,,,,True,,,,
20,10,_original_nint128_seed19,6,6,4,0;1;2;3;4;7,False,True,monotone,0;1;3;4;7,2,,,,,,True,,,,
20,10,_original_nint128_seed19,6,6,4,0;1;3;4;7;9,False,True,collision,0;1;3;4;7,9,,,,,,True,,,,
20,10,_original_nint128_seed19,6,6,4,0;2;3;5;7;8,False,True,monotone,0;3;5;7;8,2,,,,,,True,,,,
20,10,_original_nint128_seed19,6,6,4,0;1;2;3;6;7,False,True,monotone,0;1;3;6;7,2,,,,,,True,,,,
20,10,_original_nint128_seed19,6,6,4,0;2;3;5;6;9,False,True,monotone,0;3;5;6;9,2,,,,,,True,,,,
20,10,_original_nint128_seed19,6,6,4,0;1;2;3;8;9,False,True,monotone,0;1;3;8;9,2,,,,,,True,,,,
20,10,_original_nint128_seed19,6,6,4,1;2;3;6;8;9,False,True,monotone,1;3;6;8;9,2,,,,,,True,,,,
20,10,_original_nint128_seed19,6,6,4,0;2;3;6;7;9,False,True,monotone,0;3;6;7;9,2,,,,,,True,,,,
20,10,_original_nint128_seed19,6,6,4,2;3;4;5;7;8,False,True,monotone,3;4;5;7;8,2,,,,,,True,,,,
20,10,_original_nint128_seed19,6,6,4,1;2;3;4;6;7,False,True,monotone,1;3;4;6;7,2,,,,,,True,,,,
20,10,_original_nint128_seed19,6,6,4,0;1;2;5;6;9,False,True,monotone,0;1;2;5;9,6,,,,,,True,,,,
20,10,_original_nint128_seed19,6,6,4,0;2;3;4;6;8,False,True,monotone,0;3;4;6;8,2,,,,,,True,,,,
20,10,_original_nint128_seed19,6,6,4,0;1;2;3;4;5,False,True,monotone,0;1;3;4;5,2,,,,,,True,,,,
20,10,_original_nint128_seed19,6,6,4,0;2;3;4;5;7,False,True,monotone,0;3;4;5;7,2,,,,,,True,,,,
20,10,_original_nint128_seed19,6,6,4,0;1;2;3;4;9,False,True,monotone,0;1;3;4;9,2,,,,,,True,,,,
20,10,_original_nint128_seed19,6,6,4,0;2;3;5;8;9,False,True,monotone,0;3;5;8;9,2,,,,,,True,,,,
20,10,_original_nint128_seed19,6,6,4,0;1;2;3;6;9,False,True,monotone,0;1;3;6;9,2,,,,,,True,,,,
20,10,_original_nint128_seed19,6,6,4,1;2;3;6;7;8,False,True,monotone,1;3;6;7;8,2,,,,,,True,,,,
20,10,_original_nint128_seed19,6,6,4,0;1;2;3;5;8,False,True,monotone,0;1;3;5;8,2,,,,,,True,,,,
20,10,_original_nint128_seed19,6,6,4,1;2;3;4;6;8,False,True,monotone,1;3;4;6;8,2,,,,,,True,,,,
20,10,_original_nint128_seed19,6,6,4,1;3;4;5;6;8,False,True,monotone,1;3;4;6;8,5,,,,,,True,,,,
20,10,_original_nint128_seed19,6,6,4,2;3;5;7;8;9,False,True,monotone,3;5;7;8;9,2,,,,,,True,,,,
20,10,_original_nint128_seed19,6,6,4,1;3;5;6;7;9,False,True,monotone,1;3;6;7;9,5,,,,,,True,,,,
20,10,_original_nint128_seed19,6,6,4,0;2;3;4;5;9,False,True,monotone,0;3;4;5;9,2,,,,,,True,,,,
20,10,_original_nint128_seed19,6,6,4,0;1;2;3;7;9,False,True,monotone,0;1;3;7;9,2,,,,,,True,,,,
20,10,_original_nint128_seed19,6,6,4,0;1;2;7;8;9,False,True,monotone,0;1;7;8;9,2,,,,,,True,,,,
20,10,_original_nint128_seed19,6,6,4,2;3;4;5;6;8,False,True,monotone,3;4;5;6;8,2,,,,,,True,,,,
20,10,_original_nint128_seed19,6,6,4,1;2;3;7;8;9,False,True,monotone,1;3;7;8;9,2,,,,,,True,,,,
20,10,_original_nint128_seed19,6,6,4,2;3;6;7;8;9,False,True,monotone,3;6;7;8;9,2,,,,,,True,,,,
20,10,_original_nint128_seed19,6,6,4,0;2;3;7;8;9,False,True,monotone,0;3;7;8;9,2,,,,,,True,,,,
20,10,_original_nint128_seed19,7,7,3,0;2;4;5;7;8;9,False,True,monotone,0;4;5;7;8;9,2,,,,,,True,,,,
20,10,_original_nint128_seed19,7,7,3,0;4;5;6;7;8;9,False,True,monotone,0;4;5;7;8;9,6,,,,,,True,,,,
20,10,_original_nint128_seed19,7,7,3,0;1;2;4;6;7;9,False,True,monotone,0;1;4;6;7;9,2,,,,,,True,,,,
20,10,_original_nint128_seed19,7,7,3,0;1;3;4;6;7;9,False,True,monotone,0;1;4;6;7;9,3,,,,,,True,,,,
20,10,_original_nint128_seed19,7,7,3,0;1;4;5;6;7;9,False,True,monotone,0;1;4;6;7;9,5,,,,,,True,,,,
20,10,_original_nint128_seed19,7,7,3,1;2;3;4;5;8;9,False,True,monotone,1;3;4;5;8;9,2,,,,,,True,,,,
20,10,_original_nint128_seed19,7,7,3,1;3;4;5;6;8;9,False,True,monotone,1;3;4;5;8;9,6,,,,,,True,,,,
20,10,_original_nint128_seed19,7,7,3,0;1;2;3;6;7;8,False,True,monotone,0;1;2;6;7;8,3,,,,,,True,,,,
20,10,_original_nint128_seed19,7,7,3,0;1;2;5;6;7;8,False,True,monotone,0;1;2;6;7;8,5,,,,,,True,,,,
20,10,_original_nint128_seed19,7,7,3,0;1;2;6;7;8;9,False,True,monotone,0;1;2;6;7;8,9,,,,,,True,,,,
20,10,_original_nint128_seed19,7,7,3,0;1;3;4;5;7;9,False,True,monotone,0;3;4;5;7;9,1,,,,,,True,,,,
20,10,_original_nint128_seed19,7,7,3,0;2;3;4;5;7;9,False,True,monotone,0;3;4;5;7;9,2,,,,,,True,,,,
20,10,_original_nint128_seed19,7,7,3,0;3;4;5;6;7;9,False,True,collision,0;3;4;5;7;9,6,,,,,,True,,,,
20,10,_original_nint128_seed19,7,7,3,0;2;3;4;6;8;9,False,True,monotone,0;3;4;6;8;9,2,,,,,,True,,,,
20,10,_original_nint128_seed19,7,7,3,0;3;4;5;6;8;9,False,True,monotone,0;3;4;6;8;9,5,,,,,,True,,,,
20,10,_original_nint128_seed19,7,7,3,0;1;2;3;4;5;9,False,True,monotone,0;1;3;4;5;9,2,,,,,,True,,,,
20,10,_original_nint128_seed19,7,7,3,0;1;3;4;5;6;9,False,True,monotone,0;1;3;4;5;9,6,,,,,,True,,,,
20,10,_original_nint128_seed19,7,7,3,1;2;4;6;7;8;9,False,True,monotone,1;4;6;7;8;9,2,,,,,,True,,,,
20,10,_original_nint128_seed19,7,7,3,1;4;5;6;7;8;9,False,True,monotone,1;4;6;7;8;9,5,,,,,,True,,,,
20,10,_original_nint128_seed19,7,7,3,0;2;3;4;6;7;9,False,True,monotone,0;2;4;6;7;9,3,,,,,,True,,,,
20,10,_original_nint128_seed19,7,7,3,0;2;4;5;6;7;9,False,True,collision,0;2;4;6;7;9,5,,,,,,True,,,,
20,10,_original_nint128_seed19,7,7,3,0;2;4;6;7;8;9,False,True,monotone,0;2;4;6;7;9,8,,,,,,True,,,,
20,10,_original_nint128_seed19,7,7,3,0;1;2;3;5;7;8,False,True,monotone,0;1;3;5;7;8,2,,,,,,True,,,,
20,10,_original_nint128_seed19,7,7,3,0;1;3;5;6;7;8,False,True,monotone,0;1;3;5;7;8,6,,,,,,True,,,,
20,10,_original_nint128_seed19,7,7,3,1;2;3;4;6;8;9,False,True,monotone,1;2;4;6;8;9,3,,,,,,True,,,,
20,10,_original_nint128_seed19,7,7,3,1;2;4;5;6;8;9,False,True,monotone,1;2;4;6;8;9,5,,,,,,True,,,,
20,10,_original_nint128_seed19,7,7,3,0;2;4;5;6;8;9,False,True,monotone,0;2;4;6;8;9,5,,,,,,True,,,,
20,10,_original_nint128_seed19,7,7,3,0;1;2;4;5;6;9,False,True,monotone,0;1;2;4;5;9,6,,,,,,True,,,,
20,10,_original_nint128_seed19,7,7,3,0;1;2;4;5;7;9,False,True,monotone,0;1;2;4;5;9,7,,,,,,True,,,,
20,10,_original_nint128_seed19,7,7,3,0;1;2;3;4;6;7,False,True,monotone,0;1;2;4;6;7,3,,,,,,True,,,,
20,10,_original_nint128_seed19,7,7,3,0;1;2;4;5;6;7,False,True,monotone,0;1;2;4;6;7,5,,,,,,True,,,,
20,10,_original_nint128_seed19,7,7,3,0;2;3;4;5;7;8,False,True,monotone,0;2;4;5;7;8,3,,,,,,True,,,,
20,10,_original_nint128_seed19,7,7,3,0;2;4;5;6;7;8,False,True,monotone,0;2;4;5;7;8,6,,,,,,True,,,,
20,10,_original_nint128_seed19,7,7,3,0;1;2;3;6;7;9,False,True,monotone,0;1;3;6;7;9,2,,,,,,True,,,,
20,10,_original_nint128_seed19,7,7,3,0;1;3;5;6;7;9,False,True,monotone,0;1;3;6;7;9,5,,,,,,True,,,,
20,10,_original_nint128_seed19,7,7,3,0;2;3;5;7;8;9,False,True,monotone,0;3;5;7;8;9,2,,,,,,True,,,,
20,10,_original_nint128_seed19,7,7,3,0;2;3;5;6;7;8,False,True,monotone,0;2;5;6;7;8,3,,,,,,True,,,,
20,10,_original_nint128_seed19,7,7,3,0;2;5;6;7;8;9,False,True,monotone,0;2;5;6;7;8,9,,,,,,True,,,,
20,10,_original_nint128_seed19,7,7,3,0;1;4;5;6;8;9,False,True,monotone,0;1;4;6;8;9,5,,,,,,True,,,,
20,10,_original_nint128_seed19,7,7,3,2;3;4;6;7;8;9,False,True,monotone,3;4;6;7;8;9,2,,,,,,True,,,,
20,10,_original_nint128_seed19,7,7,3,1;2;3;4;5;7;9,False,True,monotone,1;3;4;5;7;9,2,,,,,,True,,,,
20,10,_original_nint128_seed19,7,7,3,1;3;4;5;6;7;9,False,True,monotone,1;3;4;5;7;9,6,,,,,,True,,,,
20,10,_original_nint128_seed19,7,7,3,0;1;2;3;5;7;9,False,True,monotone,0;1;2;5;7;9,3,,,,,,True,,,,
20,10,_original_nint128_seed19,7,7,3,0;1;2;5;6;7;9,False,True,monotone,0;1;2;5;7;9,6,,,,,,True,,,,
20,10,_original_nint128_seed19,7,7,3,0;1;2;5;7;8;9,False,True,monotone,0;1;2;5;7;9,8,,,,,,True,,,,
20,10,_original_nint128_seed19,7,7,3,0;2;3;4;6;7;8,False,True,monotone,0;3;4;6;7;8,2,,,,,,True,,,,
20,10,_original_nint128_seed19,7,7,3,0;3;4;5;6;7;8,False,True,monotone,0;3;4;6;7;8,5,,,,,,True,,,,
20,10,_original_nint128_seed19,7,7,3,0;1;2;3;4;5;7,False,True,monotone,0;1;3;4;5;7,2,,,,,,True,,,,
20,10,_original_nint128_seed19,7,7,3,0;1;3;4;5;6;7,False,True,monotone,0;1;3;4;5;7,6,,,,,,True,,,,
20,10,_original_nint128_seed19,7,7,3,0;1;2;3;5;8;9,False,True,monotone,0;1;2;5;8;9,3,,,,,,True,,,,
20,10,_original_nint128_seed19,7,7,3,0;1;2;5;6;8;9,False,True,monotone,0;1;2;5;8;9,6,,,,,,True,,,,
20,10,_original_nint128_seed19,7,7,3,0;1;3;4;7;8;9,False,True,monotone,0;3;4;7;8;9,1,,,,,,True,,,,
20,10,_original_nint128_seed19,7,7,3,0;2;3;4;7;8;9,False,True,monotone,0;3;4;7;8;9,2,,,,,,True,,,,
20,10,_original_nint128_seed19,7,7,3,2;3;4;5;6;8;9,False,True,monotone,3;4;5;6;8;9,2,,,,,,True,,,,
20,10,_original_nint128_seed19,7,7,3,0;2;3;4;5;6;7,False,True,monotone,0;2;4;5;6;7,3,,,,,,True,,,,
20,10,_original_nint128_seed19,7,7,3,0;1;2;3;4;7;8,False,True,monotone,0;1;2;4;7;8,3,,,,,,True,,,,
20,10,_original_nint128_seed19,7,7,3,0;1;2;4;7;8;9,False,True,monotone,0;1;2;4;7;8,9,,,,,,True,,,,
20,10,_original_nint128_seed19,7,7,3,0;1;2;3;4;6;8,False,True,monotone,0;1;2;4;6;8,3,,,,,,True,,,,
20,10,_original_nint128_seed19,7,7,3,0;1;2;4;5;6;8,False,True,monotone,0;1;2;4;6;8,5,,,,,,True,,,,
20,10,_original_nint128_seed19,7,7,3,1;2;3;5;7;8;9,False,True,monotone,1;3;5;7;8;9,2,,,,,,True,,,,
20,10,_original_nint128_seed19,7,7,3,1;3;5;6;7;8;9,False,True,monotone,1;3;5;7;8;9,6,,,,,,True,,,,
20,10,_original_nint128_seed19,7,7,3,1;2;4;5;6;7;8,False,True,monotone,2;4;5;6;7;8,1,,,,,,True,,,,
20,10,_original_nint128_seed19,7,7,3,2;3;4;5;6;7;8,False,True,monotone,2;4;5;6;7;8,3,,,,,,True,,,,
20,10,_original_nint128_seed19,7,7,3,2;4;5;6;7;8;9,False,True,monotone,2;4;5;6;7;8,9,,,,,,True,,,,
20,10,_original_nint128_seed19,7,7,3,1;2;3;4;5;7;8,False,True,monotone,1;2;4;5;7;8,3,,,,,,True,,,,
20,10,_original_nint128_seed19,7,7,3,1;2;4;5;7;8;9,False,True,monotone,1;2;4;5;7;8,9,,,,,,True,,,,
20,10,_original_nint128_seed19,7,7,3,0;1;4;5;6;7;8,False,True,monotone,0;1;4;6;7;8,5,,,,,,True,,,,
20,10,_original_nint128_seed19,7,7,3,1;3;4;5;6;7;8,False,True,monotone,3;4;5;6;7;8,1,,,,,,True,,,,
20,10,_original_nint128_seed19,7,7,3,1;2;3;6;7;8;9,False,True,monotone,1;3;6;7;8;9,2,,,,,,True,,,,
20,10,_original_nint128_seed19,7,7,3,1;2;4;5;6;7;9,False,True,monotone,1;2;4;5;7;9,6,,,,,,True,,,,
20,10,_original_nint128_seed19,7,7,3,0;1;5;6;7;8;9,False,True,monotone,0;5;6;7;8;9,1,,,,,,True,,,,
20,10,_original_nint128_seed19,7,7,3,1;2;3;4;6;7;9,False,True,monotone,1;3;4;6;7;9,2,,,,,,True,,,,
20,10,_original_nint128_seed19,7,7,3,2;3;4;5;7;8;9,False,True,monotone,3;4;5;7;8;9,2,,,,,,True,,,,
20,10,_original_nint128_seed19,7,7,3,2;3;5;6;7;8;9,False,True,monotone,3;5;6;7;8;9,2,,,,,,True,,,,
20,10,_original_nint128_seed19,7,7,3,2;3;4;5;6;7;9,False,True,monotone,3;4;5;6;7;9,2,,,,,,True,,,,
20,10,_original_nint128_seed19,7,7,3,1;2;3;4;7;8;9,False,True,monotone,1;3;4;7;8;9,2,,,,,,True,,,,
20,10,_original_nint128_seed19,7,7,3,0;2;3;5;6;7;9,False,True,monotone,0;3;5;6;7;9,2,,,,,,True,,,,
20,10,_original_nint128_seed19,7,7,3,0;1;2;3;7;8;9,False,True,monotone,0;1;3;7;8;9,2,,,,,,True,,,,
20,10,_original_nint128_seed19,7,7,3,0;2;3;6;7;8;9,False,True,monotone,0;3;6;7;8;9,2,,,,,,True,,,,
20,10,_original_nint128_seed19,7,7,3,0;2;3;4;5;6;9,False,True,monotone,0;3;4;5;6;9,2,,,,,,True,,,,
20,10,_original_nint128_seed19,7,7,3,0;1;2;3;4;8;9,False,True,monotone,0;1;3;4;8;9,2,,,,,,True,,,,
20,10,_original_nint128_seed19,7,7,3,0;1;2;3;6;8;9,False,True,monotone,0;1;2;6;8;9,3,,,,,,True,,,,
20,10,_original_nint128_seed19,7,7,3,0;1;3;5;6;8;9,False,True,monotone,0;3;5;6;8;9,1,,,,,,True,,,,
20,10,_original_nint128_seed19,7,7,3,0;2;3;5;6;8;9,False,True,monotone,0;3;5;6;8;9,2,,,,,,True,,,,
20,10,_original_nint128_seed19,7,7,3,0;1;2;3;4;5;8,False,True,monotone,0;1;2;4;5;8,3,,,,,,True,,,,
20,10,_original_nint128_seed19,7,7,3,1;2;3;4;6;7;8,False,True,monotone,1;2;4;6;7;8,3,,,,,,True,,,,
20,10,_original_nint128_seed19,7,7,3,0;2;3;4;5;8;9,False,True,monotone,0;3;4;5;8;9,2,,,,,,True,,,,
20,10,_original_nint128_seed19,7,7,3,0;1;2;3;4;6;9,False,True,monotone,0;1;3;4;6;9,2,,,,,,True,,,,
20,10,_original_nint128_seed19,7,7,3,0;1;3;4;5;6;8,False,True,monotone,0;1;3;4;5;8,6,,,,,,True,,,,
20,10,_original_nint128_seed19,8,8,2,0;1;2;4;6;7;8;9,False,True,monotone,0;1;4;6;7;8;9,2,,,,,,True,,,,
20,10,_original_nint128_seed19,8,8,2,0;1;3;4;6;7;8;9,False,True,monotone,0;1;4;6;7;8;9,3,,,,,,True,,,,
20,10,_original_nint128_seed19,8,8,2,0;1;4;5;6;7;8;9,False,True,monotone,0;1;4;6;7;8;9,5,,,,,,True,,,,
20,10,_original_nint128_seed19,8,8,2,0;1;2;3;4;5;7;8,False,True,monotone,0;1;2;4;5;7;8,3,,,,,,True,,,,
20,10,_original_nint128_seed19,8,8,2,0;1;2;4;5;6;7;8,False,True,monotone,0;1;2;4;5;7;8,6,,,,,,True,,,,
20,10,_original_nint128_seed19,8,8,2,0;1;2;4;5;7;8;9,False,True,monotone,0;1;2;4;5;7;8,9,,,,,,True,,,,
20,10,_original_nint128_seed19,8,8,2,0;1;3;4;5;7;8;9,False,True,monotone,0;3;4;5;7;8;9,1,,,,,,True,,,,
20,10,_original_nint128_seed19,8,8,2,0;2;3;4;5;7;8;9,False,True,monotone,0;3;4;5;7;8;9,2,,,,,,True,,,,
20,10,_original_nint128_seed19,8,8,2,0;3;4;5;6;7;8;9,False,True,monotone,0;3;4;5;7;8;9,6,,,,,,True,,,,
20,10,_original_nint128_seed19,8,8,2,0;1;2;3;4;5;8;9,False,True,monotone,0;1;2;4;5;8;9,3,,,,,,True,,,,
20,10,_original_nint128_seed19,8,8,2,0;1;2;4;5;6;8;9,False,True,monotone,0;1;2;4;5;8;9,6,,,,,,True,,,,
20,10,_original_nint128_seed19,8,8,2,0;1;2;3;4;6;7;8,False,True,monotone,0;1;2;4;6;7;8,3,,,,,,True,,,,
20,10,_original_nint128_seed19,8,8,2,0;1;3;4;5;6;8;9,False,True,monotone,0;1;3;4;5;8;9,6,,,,,,True,,,,
20,10,_original_nint128_seed19,8,8,2,0;1;3;4;5;6;7;8,False,True,monotone,0;1;3;4;5;7;8,6,,,,,,True,,,,
20,10,_original_nint128_seed19,8,8,2,0;2;3;4;6;7;8;9,False,True,monotone,0;3;4;6;7;8;9,2,,,,,,True,,,,
20,10,_original_nint128_seed19,8,8,2,0;1;2;3;4;6;8;9,False,True,monotone,0;1;2;4;6;8;9,3,,,,,,True,,,,
20,10,_original_nint128_seed19,8,8,2,0;1;3;5;6;7;8;9,False,True,monotone,0;3;5;6;7;8;9,1,,,,,,True,,,,
20,10,_original_nint128_seed19,8,8,2,0;2;3;5;6;7;8;9,False,True,monotone,0;3;5;6;7;8;9,2,,,,,,True,,,,
20,10,_original_nint128_seed19,8,8,2,1;2;3;4;6;7;8;9,False,True,monotone,1;3;4;6;7;8;9,2,,,,,,True,,,,
20,10,_original_nint128_seed19,8,8,2,1;3;4;5;6;7;8;9,False,True,monotone,1;3;4;6;7;8;9,5,,,,,,True,,,,
20,10,_original_nint128_seed19,8,8,2,0;1;2;3;6;7;8;9,False,True,monotone,0;1;3;6;7;8;9,2,,,,,,True,,,,
20,10,_original_nint128_seed19,8,8,2,2;3;4;5;6;7;8;9,False,True,monotone,3;4;5;6;7;8;9,2,,,,,,True,,,,
20,10,_original_nint128_seed19,8,8,2,1;2;3;4;5;7;8;9,False,True,monotone,1;3;4;5;7;8;9,2,,,,,,True,,,,
20,10,_original_nint128_seed19,8,8,2,0;1;2;3;5;7;8;9,False,True,monotone,0;1;3;5;7;8;9,2,,,,,,True,,,,
