M,P,option,depth,num_deleted,num_remaining_relu,deleted_set_str,is_leaf,is_rejected,reject_reason,parent_set_str,added_relu,num_clusters,edge_types,weighted_edges_total,num_self_absorbed_edges,num_fixed_nodes,fixed_collision,num_scc_ge3,largest_scc_size,cycle_penalty_ge3,is_minimal_num_clusters
20,10,_original_nint128_seed0,1,1,9,0,False,False,,,0,22.0,49.0,1018.0,12.0,5.0,False,1.0,22.0,22.0,False
20,10,_original_nint128_seed0,1,1,9,1,False,False,,,1,24.0,56.0,869.0,9.0,5.0,False,1.0,24.0,24.0,False
20,10,_original_nint128_seed0,1,1,9,2,False,False,,,2,27.0,62.0,1060.0,4.0,5.0,False,1.0,27.0,27.0,False
20,10,_original_nint128_seed0,1,1,9,3,False,False,,,3,26.0,57.0,1002.0,7.0,5.0,False,1.0,26.0,26.0,False
20,10,_original_nint128_seed0,1,1,9,4,False,False,,,4,29.0,64.0,994.0,3.0,5.0,False,1.0,29.0,29.0,False
20,10,_original_nint128_seed0,1,1,9,5,False,False,,,5,27.0,60.0,806.0,6.0,5.0,False,1.0,27.0,27.0,False
20,10,_original_nint128_seed0,1,1,9,6,False,False,,,6,26.0,58.0,1029.0,7.0,5.0,False,1.0,26.0,26.0,False
20,10,_original_nint128_seed0,1,1,9,7,False,False,,,7,27.0,60.0,1047.0,5.0,5.0,False,1.0,27.0,27.0,False
20,10,_original_nint128_seed0,1,1,9,8,False,False,,,8,29.0,65.0,1049.0,3.0,5.0,False,1.0,29.0,29.0,False
20,10,_original_nint128_seed0,1,1,9,9,False,False,,,9,27.0,61.0,932.0,5.0,5.0,False,1.0,27.0,27.0,False
20,10,_original_nint128_seed0,2,2,8,0;2,False,False,,0,2,20.0,44.0,991.0,16.0,5.0,False,1.0,20.0,20.0,False
20,10,_original_nint128_seed0,2,2,8,1;2,False,False,,1,2,22.0,50.0,842.0,13.0,5.0,False,1.0,22.0,22.0,False
20,10,_original_nint128_seed0,2,2,8,2;3,False,False,,3,2,22.0,50.0,970.0,12.0,5.0,False,1.0,22.0,22.0,False
20,10,_original_nint128_seed0,2,2,8,2;4,False,False,,2,4,25.0,56.0,967.0,7.0,5.0,False,1.0,25.0,25.0,False
20,10,_original_nint128_seed0,2,2,8,2;5,False,False,,5,2,23.0,52.0,779.0,10.0,5.0,False,1.0,23.0,23.0,False
20,10,_original_nint128_seed0,2,2,8,2;6,False,False,,6,2,22.0,50.0,1002.0,11.0,5.0,False,1.0,22.0,22.0,False
20,10,_original_nint128_seed0,2,2,8,2;7,False,False,,7,2,23.0,52.0,1020.0,9.0,5.0,False,1.0,23.0,23.0,False
20,10,_original_nint128_seed0,2,2,8,2;8,False,False,,2,8,25.0,57.0,1022.0,7.0,5.0,False,1.0,25.0,25.0,False
20,10,_original_nint128_seed0,2,2,8,2;9,False,False,,9,2,23.0,53.0,905.0,9.0,5.0,False,1.0,23.0,23.0,False
20,10,_original_nint128_seed0,2,2,8,0;9,False,False,,0,9,18.0,40.0,863.0,17.0,5.0,False,1.0,18.0,18.0,False
20,10,_original_nint128_seed0,2,2,8,1;9,False,False,,1,9,20.0,47.0,714.0,14.0,5.0,False,1.0,20.0,20.0,False
20,10,_original_nint128_seed0,2,2,8,3;9,False,False,,3,9,22.0,48.0,847.0,12.0,5.0,False,1.0,22.0,22.0,False
20,10,_original_nint128_seed0,2,2,8,4;9,False,False,,9,4,25.0,57.0,838.0,9.0,5.0,False,1.0,25.0,25.0,False
20,10,_original_nint128_seed0,2,2,8,5;9,False,False,,5,9,23.0,51.0,651.0,11.0,5.0,False,1.0,23.0,23.0,False
20,10,_original_nint128_seed0,2,2,8,6;9,False,False,,6,9,23.0,51.0,874.0,12.0,5.0,False,1.0,23.0,23.0,False
20,10,_original_nint128_seed0,2,2,8,7;9,False,False,,7,9,24.0,53.0,892.0,10.0,5.0,False,1.0,24.0,24.0,False
20,10,_original_nint128_seed0,2,2,8,8;9,False,False,,9,8,25.0,56.0,894.0,8.0,5.0,False,1.0,25.0,25.0,False
20,10,_original_nint128_seed0,2,2,8,0;8,False,False,,0,8,20.0,44.0,980.0,15.0,5.0,False,1.0,20.0,20.0,False
20,10,_original_nint128_seed0,2,2,8,1;8,False,False,,1,8,22.0,51.0,831.0,12.0,5.0,False,1.0,22.0,22.0,False
20,10,_original_nint128_seed0,2,2,8,3;8,False,False,,3,8,25.0,55.0,963.0,11.0,5.0,False,1.0,25.0,25.0,False
20,10,_original_nint128_seed0,2,2,8,4;8,False,False,,4,8,27.0,59.0,956.0,6.0,5.0,False,1.0,27.0,27.0,False
20,10,_original_nint128_seed0,2,2,8,5;8,False,False,,5,8,25.0,55.0,768.0,9.0,5.0,False,1.0,25.0,25.0,False
20,10,_original_nint128_seed0,2,2,8,6;8,False,False,,6,8,24.0,53.0,991.0,10.0,5.0,False,1.0,24.0,24.0,False
20,10,_original_nint128_seed0,2,2,8,7;8,False,False,,7,8,25.0,55.0,1009.0,8.0,5.0,False,1.0,25.0,25.0,False
20,10,_original_nint128_seed0,2,2,8,0;7,False,False,,0,7,19.0,42.0,976.0,18.0,5.0,False,1.0,19.0,19.0,False
20,10,_original_nint128_seed0,2,2,8,1;7,False,False,,1,7,20.0,46.0,829.0,14.0,5.0,False,1.0,20.0,20.0,False
20,10,_original_nint128_seed0,2,2,8,3;7,False,False,,3,7,22.0,47.0,962.0,12.0,5.0,False,1.0,22.0,22.0,False
20,10,_original_nint128_seed0,2,2,8,4;7,False,False,,7,4,25.0,54.0,954.0,8.0,5.0,False,1.0,25.0,25.0,False
20,10,_original_nint128_seed0,2,2,8,5;7,False,False,,5,7,23.0,50.0,766.0,11.0,5.0,False,1.0,23.0,23.0,False
20,10,_original_nint128_seed0,2,2,8,6;7,False,False,,6,7,23.0,51.0,986.0,13.0,5.0,False,1.0,23.0,23.0,False
20,10,_original_nint128_seed0,2,2,8,0;3,False,False,,0,3,18.0,39.0,931.0,20.0,5.0,False,1.0,18.0,18.0,False
20,10,_original_nint128_seed0,2,2,8,1;3,False,False,,1,3,20.0,44.0,784.0,16.0,5.0,False,1.0,20.0,20.0,False
20,10,_original_nint128_seed0,2,2,8,3;4,False,False,,3,4,24.0,51.0,909.0,10.0,5.0,False,1.0,24.0,24.0,False
20,10,_original_nint128_seed0,2,2,8,3;5,False,False,,3,5,22.0,47.0,721.0,13.0,5.0,False,1.0,22.0,22.0,False
20,10,_original_nint128_seed0,2,2,8,3;6,False,False,,3,6,21.0,45.0,944.0,14.0,5.0,False,1.0,21.0,21.0,False
20,10,_original_nint128_seed0,2,2,8,0;1,False,False,,0,1,17.0,36.0,800.0,21.0,5.0,False,1.0,17.0,17.0,False
20,10,_original_nint128_seed0,2,2,8,1;4,False,False,,1,4,22.0,50.0,776.0,12.0,5.0,False,1.0,22.0,22.0,False
20,10,_original_nint128_seed0,2,2,8,1;5,False,False,,1,5,21.0,49.0,586.0,16.0,5.0,False,1.0,21.0,21.0,False
20,10,_original_nint128_seed0,2,2,8,0;6,False,False,,0,6,17.0,37.0,960.0,19.0,5.0,False,1.0,17.0,17.0,False
20,10,_original_nint128_seed0,2,2,8,4;6,False,False,,6,4,24.0,52.0,936.0,10.0,5.0,False,1.0,24.0,24.0,False
20,10,_original_nint128_seed0,2,2,8,5;6,False,False,,6,5,22.0,48.0,748.0,13.0,5.0,False,1.0,22.0,22.0,False
20,10,_original_nint128_seed0,2,2,8,0;5,False,False,,0,5,19.0,42.0,733.0,19.0,5.0,False,1.0,19.0,19.0,False
20,10,_original_nint128_seed0,2,2,8,4;5,False,False,,5,4,25.0,54.0,713.0,9.0,5.0,False,1.0,25.0,25.0,False
20,10,_original_nint128_seed0,2,2,8,0;4,False,False,,0,4,20.0,44.0,922.0,16.0,5.0,False,1.0,20.0,20.0,False
20,10,_original_nint128_seed0,3,3,7,0;2;8,False,False,,0;2,8,18.0,39.0,953.0,19.0,5.0,False,1.0,18.0,18.0,False
20,10,_original_nint128_seed0,3,3,7,1;2;8,False,False,,1;2,8,20.0,45.0,804.0,16.0,5.0,False,1.0,20.0,20.0,False
20,10,_original_nint128_seed0,3,3,7,2;3;8,False,False,,2;3,8,21.0,48.0,931.0,16.0,5.0,False,1.0,21.0,21.0,False
20,10,_original_nint128_seed0,3,3,7,2;4;8,False,False,,2;4,8,23.0,51.0,929.0,10.0,5.0,False,1.0,23.0,23.0,False
20,10,_original_nint128_seed0,3,3,7,2;5;8,False,False,,2;5,8,21.0,47.0,741.0,13.0,5.0,False,1.0,21.0,21.0,False
20,10,_original_nint128_seed0,3,3,7,2;6;8,False,False,,2;6,8,20.0,45.0,964.0,14.0,5.0,False,1.0,20.0,20.0,False
20,10,_original_nint128_seed0,3,3,7,2;7;8,False,False,,2;7,8,21.0,47.0,982.0,12.0,5.0,False,1.0,21.0,21.0,False
20,10,_original_nint128_seed0,3,3,7,2;8;9,False,False,,2;9,8,21.0,48.0,867.0,12.0,5.0,False,1.0,21.0,21.0,False
20,10,_original_nint128_seed0,3,3,7,0;1;4,False,False,,0;1,4,15.0,31.0,704.0,25.0,5.0,False,1.0,15.0,15.0,False
20,10,_original_nint128_seed0,3,3,7,1;2;4,False,False,,1;2,4,20.0,44.0,749.0,16.0,5.0,False,1.0,20.0,20.0,False
20,10,_original_nint128_seed0,3,3,7,1;3;4,False,False,,1;3,4,18.0,38.0,691.0,19.0,5.0,False,1.0,18.0,18.0,False
20,10,_original_nint128_seed0,3,3,7,1;4;5,False,False,,1;5,4,19.0,43.0,493.0,19.0,5.0,False,1.0,19.0,19.0,False
20,10,_original_nint128_seed0,3,3,7,1;4;7,False,False,,1;7,4,18.0,40.0,736.0,17.0,5.0,False,1.0,18.0,18.0,False
20,10,_original_nint128_seed0,3,3,7,1;4;8,False,False,,1;4,8,20.0,45.0,738.0,15.0,5.0,False,1.0,20.0,20.0,False
20,10,_original_nint128_seed0,3,3,7,1;4;9,False,False,,1;9,4,18.0,43.0,620.0,18.0,5.0,False,1.0,18.0,18.0,False
20,10,_original_nint128_seed0,3,3,7,0;4;6,False,False,,0;6,4,15.0,32.0,864.0,23.0,5.0,False,1.0,15.0,15.0,False
20,10,_original_nint128_seed0,3,3,7,2;4;6,False,False,,2;6,4,20.0,44.0,909.0,14.0,5.0,False,1.0,20.0,20.0,False
20,10,_original_nint128_seed0,3,3,7,3;4;6,False,False,,3;6,4,19.0,39.0,851.0,17.0,5.0,False,1.0,19.0,19.0,False
20,10,_original_nint128_seed0,3,3,7,4;5;6,False,False,,5;6,4,20.0,42.0,655.0,16.0,5.0,False,1.0,20.0,20.0,False
20,10,_original_nint128_seed0,3,3,7,4;6;8,False,False,,4;6,8,22.0,47.0,898.0,13.0,5.0,False,1.0,22.0,22.0,False
20,10,_original_nint128_seed0,3,3,7,4;6;9,False,False,,6;9,4,21.0,47.0,780.0,16.0,5.0,False,1.0,21.0,21.0,False
20,10,_original_nint128_seed0,3,3,7,0;2;3,False,False,,0;3,2,16.0,34.0,899.0,25.0,5.0,False,1.0,16.0,16.0,False
20,10,_original_nint128_seed0,3,3,7,1;2;3,False,False,,1;3,2,18.0,39.0,752.0,21.0,5.0,False,1.0,18.0,18.0,False
20,10,_original_nint128_seed0,3,3,7,2;3;4,False,False,,2;3,4,20.0,44.0,877.0,15.0,5.0,False,1.0,20.0,20.0,False
20,10,_original_nint128_seed0,3,3,7,2;3;5,False,False,,3;5,2,18.0,40.0,689.0,18.0,5.0,False,1.0,18.0,18.0,False
20,10,_original_nint128_seed0,3,3,7,2;3;6,False,False,,3;6,2,17.0,38.0,912.0,19.0,5.0,False,1.0,17.0,17.0,False
20,10,_original_nint128_seed0,3,3,7,2;3;7,False,False,,3;7,2,18.0,40.0,930.0,17.0,5.0,False,1.0,18.0,18.0,False
20,10,_original_nint128_seed0,3,3,7,2;3;9,False,False,,3;9,2,18.0,41.0,815.0,17.0,5.0,False,1.0,18.0,18.0,False
20,10,_original_nint128_seed0,3,3,7,0;3;9,False,False,,0;3,9,14.0,30.0,776.0,25.0,5.0,False,1.0,14.0,14.0,False
20,10,_original_nint128_seed0,3,3,7,1;3;9,False,False,,1;3,9,16.0,35.0,629.0,21.0,5.0,False,1.0,16.0,16.0,False
20,10,_original_nint128_seed0,3,3,7,3;4;9,False,False,,3;9,4,20.0,44.0,753.0,16.0,5.0,False,1.0,20.0,20.0,False
20,10,_original_nint128_seed0,3,3,7,3;5;9,False,False,,3;5,9,18.0,38.0,566.0,18.0,5.0,False,1.0,18.0,18.0,False
20,10,_original_nint128_seed0,3,3,7,3;6;9,False,False,,3;6,9,18.0,38.0,789.0,19.0,5.0,False,1.0,18.0,18.0,False
20,10,_original_nint128_seed0,3,3,7,3;7;9,False,False,,3;7,9,19.0,40.0,807.0,17.0,5.0,False,1.0,19.0,19.0,False
20,10,_original_nint128_seed0,3,3,7,3;8;9,False,False,,3;9,8,21.0,46.0,808.0,16.0,5.0,False,1.0,21.0,21.0,False
20,10,_original_nint128_seed0,3,3,7,0;2;6,False,False,,0;6,2,15.0,32.0,933.0,23.0,5.0,False,1.0,15.0,15.0,False
20,10,_original_nint128_seed0,3,3,7,2;5;6,False,False,,5;6,2,18.0,40.0,721.0,17.0,5.0,False,1.0,18.0,18.0,False
20,10,_original_nint128_seed0,3,3,7,2;6;7,False,False,,2;6,7,19.0,43.0,959.0,17.0,5.0,False,1.0,19.0,19.0,False
20,10,_original_nint128_seed0,3,3,7,2;6;9,False,False,,2;6,9,19.0,43.0,847.0,16.0,5.0,False,1.0,19.0,19.0,False
20,10,_original_nint128_seed0,3,3,7,0;4;5,False,False,,0;5,4,17.0,37.0,637.0,23.0,5.0,False,1.0,17.0,17.0,False
20,10,_original_nint128_seed0,3,3,7,2;4;5,False,False,,2;5,4,21.0,46.0,686.0,13.0,5.0,False,1.0,21.0,21.0,False
20,10,_original_nint128_seed0,3,3,7,3;4;5,False,False,,3;5,4,20.0,41.0,628.0,16.0,5.0,False,1.0,20.0,20.0,False
20,10,_original_nint128_seed0,3,3,7,4;5;7,False,False,,5;7,4,21.0,44.0,673.0,14.0,5.0,False,1.0,21.0,21.0,False
20,10,_original_nint128_seed0,3,3,7,4;5;8,False,False,,4;5,8,23.0,49.0,675.0,12.0,5.0,False,1.0,23.0,23.0,False
20,10,_original_nint128_seed0,3,3,7,4;5;9,False,False,,5;9,4,21.0,46.0,557.0,15.0,5.0,False,1.0,21.0,21.0,False
20,10,_original_nint128_seed0,3,3,7,0;7;9,False,False,,0;9,7,16.0,35.0,821.0,23.0,5.0,False,1.0,16.0,16.0,False
20,10,_original_nint128_seed0,3,3,7,1;7;9,False,False,,1;7,9,17.0,39.0,674.0,19.0,5.0,False,1.0,17.0,17.0,False
20,10,_original_nint128_seed0,3,3,7,2;7;9,False,False,,2;7,9,20.0,45.0,865.0,14.0,5.0,False,1.0,20.0,20.0,False
20,10,_original_nint128_seed0,3,3,7,4;7;9,False,False,,7;9,4,22.0,49.0,798.0,14.0,5.0,False,1.0,22.0,22.0,False
20,10,_original_nint128_seed0,3,3,7,5;7;9,False,False,,5;7,9,20.0,43.0,611.0,16.0,5.0,False,1.0,20.0,20.0,False
20,10,_original_nint128_seed0,3,3,7,6;7;9,False,False,,6;7,9,21.0,46.0,831.0,18.0,5.0,False,1.0,21.0,21.0,False
20,10,_original_nint128_seed0,3,3,7,7;8;9,False,False,,7;9,8,22.0,48.0,854.0,13.0,5.0,False,1.0,22.0,22.0,False
20,10,_original_nint128_seed0,3,3,7,0;7;8,False,False,,0;7,8,17.0,37.0,938.0,21.0,5.0,False,1.0,17.0,17.0,False
20,10,_original_nint128_seed0,3,3,7,1;7;8,False,False,,1;7,8,18.0,41.0,791.0,17.0,5.0,False,1.0,18.0,18.0,False
20,10,_original_nint128_seed0,3,3,7,3;7;8,False,False,,3;7,8,21.0,45.0,923.0,16.0,5.0,False,1.0,21.0,21.0,False
20,10,_original_nint128_seed0,3,3,7,4;7;8,False,False,,4;7,8,23.0,49.0,916.0,11.0,5.0,False,1.0,23.0,23.0,False
20,10,_original_nint128_seed0,3,3,7,5;7;8,False,False,,5;7,8,21.0,45.0,728.0,14.0,5.0,False,1.0,21.0,21.0,False
20,10,_original_nint128_seed0,3,3,7,6;7;8,False,False,,6;7,8,21.0,46.0,948.0,16.0,5.0,False,1.0,21.0,21.0,False
20,10,_original_nint128_seed0,3,3,7,0;1;5,False,False,,0;1,5,15.0,32.0,513.0,29.0,5.0,False,1.0,15.0,15.0,False
20,10,_original_nint128_seed0,3,3,7,0;2;5,False,False,,0;5,2,17.0,37.0,706.0,23.0,5.0,False,1.0,17.0,17.0,False
20,10,_original_nint128_seed0,3,3,7,0;3;5,False,False,,0;3,5,15.0,32.0,646.0,27.0,5.0,False,1.0,15.0,15.0,False
20,10,_original_nint128_seed0,3,3,7,0;5;6,False,False,,0;6,5,14.0,30.0,675.0,26.0,5.0,False,1.0,14.0,14.0,False
20,10,_original_nint128_seed0,3,3,7,0;5;7,False,False,,0;5,7,16.0,35.0,691.0,25.0,5.0,False,1.0,16.0,16.0,False
20,10,_original_nint128_seed0,3,3,7,0;5;8,False,False,,0;5,8,17.0,37.0,695.0,22.0,5.0,False,1.0,17.0,17.0,False
20,10,_original_nint128_seed0,3,3,7,0;5;9,False,False,,0;9,5,15.0,33.0,578.0,24.0,5.0,False,1.0,15.0,15.0,False
20,10,_original_nint128_seed0,3,3,7,0;4;9,False,False,,0;9,4,17.0,38.0,766.0,22.0,5.0,False,1.0,17.0,17.0,False
20,10,_original_nint128_seed0,3,3,7,2;4;9,False,False,,2;9,4,21.0,49.0,811.0,13.0,5.0,False,1.0,21.0,21.0,False
20,10,_original_nint128_seed0,3,3,7,4;8;9,False,False,,8;9,4,23.0,52.0,800.0,12.0,5.0,False,1.0,23.0,23.0,False
20,10,_original_nint128_seed0,3,3,7,0;2;9,False,False,,0;9,2,16.0,35.0,836.0,21.0,5.0,False,1.0,16.0,16.0,False
20,10,_original_nint128_seed0,3,3,7,1;2;9,False,False,,1;9,2,18.0,41.0,687.0,18.0,5.0,False,1.0,18.0,18.0,False
20,10,_original_nint128_seed0,3,3,7,2;5;9,False,False,,5;9,2,19.0,43.0,624.0,15.0,5.0,False,1.0,19.0,19.0,False
20,10,_original_nint128_seed0,3,3,7,1;5;9,False,False,,1;9,5,17.0,40.0,431.0,21.0,5.0,False,1.0,17.0,17.0,False
20,10,_original_nint128_seed0,3,3,7,5;6;9,False,False,,5;6,9,19.0,41.0,593.0,18.0,5.0,False,1.0,19.0,19.0,False
20,10,_original_nint128_seed0,3,3,7,5;8;9,False,False,,5;9,8,21.0,46.0,613.0,14.0,5.0,False,1.0,21.0,21.0,False
20,10,_original_nint128_seed0,3,3,7,0;3;4,False,False,,0;3,4,16.0,34.0,835.0,24.0,5.0,False,1.0,16.0,16.0,False
20,10,_original_nint128_seed0,3,3,7,3;4;7,False,False,,3;7,4,20.0,41.0,869.0,15.0,5.0,False,1.0,20.0,20.0,False
20,10,_original_nint128_seed0,3,3,7,3;4;8,False,False,,3;4,8,23.0,49.0,870.0,14.0,5.0,False,1.0,23.0,23.0,False
20,10,_original_nint128_seed0,3,3,7,0;6;9,False,False,,0;6,9,14.0,30.0,805.0,24.0,5.0,False,1.0,14.0,14.0,False
20,10,_original_nint128_seed0,3,3,7,6;8;9,False,False,,6;9,8,21.0,46.0,836.0,15.0,5.0,False,1.0,21.0,21.0,False
20,10,_original_nint128_seed0,3,3,7,0;1;7,False,False,,0;1,7,14.0,29.0,758.0,27.0,5.0,False,1.0,14.0,14.0,False
20,10,_original_nint128_seed0,3,3,7,1;2;7,False,False,,1;7,2,18.0,40.0,802.0,18.0,5.0,False,1.0,18.0,18.0,False
20,10,_original_nint128_seed0,3,3,7,1;3;7,False,False,,1;3,7,16.0,34.0,744.0,21.0,5.0,False,1.0,16.0,16.0,False
20,10,_original_nint128_seed0,3,3,7,1;5;7,False,False,,1;7,5,17.0,39.0,546.0,21.0,5.0,False,1.0,17.0,17.0,False
20,10,_original_nint128_seed0,3,3,7,0;3;6,False,False,,0;6,3,13.0,27.0,873.0,27.0,5.0,False,1.0,13.0,13.0,False
20,10,_original_nint128_seed0,3,3,7,0;6;7,False,False,,0;6,7,15.0,33.0,915.0,26.0,5.0,False,1.0,15.0,15.0,False
20,10,_original_nint128_seed0,3,3,7,0;6;8,False,False,,0;6,8,15.0,32.0,922.0,22.0,5.0,False,1.0,15.0,15.0,False
20,10,_original_nint128_seed0,3,3,7,0;1;3,False,False,,0;1,3,14.0,28.0,713.0,29.0,5.0,False,1.0,14.0,14.0,False
20,10,_original_nint128_seed0,3,3,7,0;3;7,False,False,,0;3,7,15.0,32.0,889.0,26.0,5.0,False,1.0,15.0,15.0,False
20,10,_original_nint128_seed0,3,3,7,0;3;8,False,False,,0;3,8,17.0,37.0,892.0,24.0,5.0,False,1.0,17.0,17.0,False
20,10,_original_nint128_seed0,3,3,7,0;1;2,False,False,,0;1,2,16.0,33.0,773.0,25.0,5.0,False,1.0,16.0,16.0,False
20,10,_original_nint128_seed0,3,3,7,0;2;4,False,False,,0;2,4,18.0,39.0,895.0,20.0,5.0,False,1.0,18.0,18.0,False
20,10,_original_nint128_seed0,3,3,7,0;2;7,False,False,,0;7,2,17.0,37.0,949.0,22.0,5.0,False,1.0,17.0,17.0,False
20,10,_original_nint128_seed0,3,3,7,0;4;7,False,False,,0;7,4,17.0,37.0,880.0,22.0,5.0,False,1.0,17.0,17.0,False
20,10,_original_nint128_seed0,3,3,7,0;4;8,False,False,,0;4,8,18.0,39.0,884.0,19.0,5.0,False,1.0,18.0,18.0,False
20,10,_original_nint128_seed0,3,3,7,2;4;7,False,False,,2;7,4,21.0,46.0,927.0,12.0,5.0,False,1.0,21.0,21.0,False
20,10,_original_nint128_seed0,3,3,7,0;1;8,False,False,,0;1,8,15.0,31.0,762.0,24.0,5.0,False,1.0,15.0,15.0,False
20,10,_original_nint128_seed0,3,3,7,1;3;8,False,False,,1;3,8,19.0,42.0,745.0,20.0,5.0,False,1.0,19.0,19.0,False
20,10,_original_nint128_seed0,3,3,7,1;5;8,False,False,,1;5,8,19.0,44.0,548.0,19.0,5.0,False,1.0,19.0,19.0,False
20,10,_original_nint128_seed0,3,3,7,1;8;9,False,False,,1;9,8,18.0,42.0,676.0,17.0,5.0,False,1.0,18.0,18.0,False
20,10,_original_nint128_seed0,3,3,7,3;5;6,False,False,,3;6,5,17.0,35.0,663.0,20.0,5.0,False,1.0,17.0,17.0,False
20,10,_original_nint128_seed0,3,3,7,5;6;7,False,False,,5;6,7,19.0,41.0,705.0,19.0,5.0,False,1.0,19.0,19.0,False
20,10,_original_nint128_seed0,3,3,7,5;6;8,False,False,,5;6,8,20.0,43.0,710.0,16.0,5.0,False,1.0,20.0,20.0,False
20,10,_original_nint128_seed0,3,3,7,1;3;5,False,False,,1;3,5,17.0,37.0,501.0,23.0,5.0,False,1.0,17.0,17.0,False
20,10,_original_nint128_seed0,3,3,7,3;5;7,False,False,,3;5,7,18.0,37.0,681.0,18.0,5.0,False,1.0,18.0,18.0,False
20,10,_original_nint128_seed0,3,3,7,3;6;7,False,False,,3;6,7,18.0,38.0,901.0,20.0,5.0,False,1.0,18.0,18.0,False
20,10,_original_nint128_seed0,3,3,7,3;6;8,False,False,,3;6,8,20.0,43.0,905.0,18.0,5.0,False,1.0,20.0,20.0,False
20,10,_original_nint128_seed0,3,3,7,0;1;9,False,False,,0;1,9,13.0,27.0,645.0,26.0,5.0,False,1.0,13.0,13.0,False
20,10,_original_nint128_seed0,3,3,7,1;2;5,False,False,,1;5,2,19.0,43.0,559.0,20.0,5.0,False,1.0,19.0,19.0,False
20,10,_original_nint128_seed0,3,3,7,2;5;7,False,False,,5;7,2,19.0,42.0,739.0,15.0,5.0,False,1.0,19.0,19.0,False
20,10,_original_nint128_seed0,3,3,7,0;8;9,False,False,,0;9,8,16.0,35.0,825.0,20.0,5.0,False,1.0,16.0,16.0,False
20,10,_original_nint128_seed0,4,4,6,0;1;2;9,False,False,,0;1;9,2,12.0,24.0,618.0,30.0,5.0,False,1.0,12.0,12.0,False
20,10,_original_nint128_seed0,4,4,6,1;2;3;9,False,False,,1;3;9,2,14.0,30.0,597.0,26.0,5.0,False,1.0,14.0,14.0,False
20,10,_original_nint128_seed0,4,4,6,1;2;4;9,False,False,,1;2;9,4,16.0,37.0,593.0,22.0,5.0,False,1.0,16.0,16.0,False
20,10,_original_nint128_seed0,4,4,6,1;2;5;9,False,False,,1;5;9,2,15.0,34.0,404.0,25.0,5.0,False,1.0,15.0,15.0,False
20,10,_original_nint128_seed0,4,4,6,1;2;7;9,False,False,,1;7;9,2,15.0,33.0,647.0,23.0,5.0,False,1.0,15.0,15.0,False
20,10,_original_nint128_seed0,4,4,6,1;2;8;9,False,False,,1;2;9,8,16.0,36.0,649.0,21.0,5.0,False,1.0,16.0,16.0,False
20,10,_original_nint128_seed0,4,4,6,0;1;2;7,False,False,,0;1;7,2,13.0,26.0,731.0,31.0,5.0,False,1.0,13.0,13.0,False
20,10,_original_nint128_seed0,4,4,6,0;1;3;7,False,False,,0;1;3,7,11.0,21.0,671.0,35.0,5.0,False,1.0,11.0,11.0,False
20,10,_original_nint128_seed0,4,4,6,0;1;4;7,False,False,,0;1;7,4,12.0,24.0,662.0,31.0,5.0,False,1.0,12.0,12.0,False
20,10,_original_nint128_seed0,4,4,6,0;1;5;7,False,False,,0;1;7,5,12.0,25.0,471.0,35.0,5.0,False,1.0,12.0,12.0,False
20,10,_original_nint128_seed0,4,4,6,0;1;7;8,False,False,,0;1;7,8,12.0,24.0,720.0,30.0,5.0,False,1.0,12.0,12.0,False
20,10,_original_nint128_seed0,4,4,6,0;1;7;9,False,False,,0;1;9,7,11.0,22.0,603.0,32.0,5.0,False,1.0,11.0,11.0,False
20,10,_original_nint128_seed0,4,4,6,0;2;6;9,False,False,,0;6;9,2,12.0,25.0,778.0,28.0,5.0,False,1.0,12.0,12.0,False
20,10,_original_nint128_seed0,4,4,6,2;3;6;9,False,False,,2;3;6,9,14.0,31.0,757.0,24.0,5.0,False,1.0,14.0,14.0,False
20,10,_original_nint128_seed0,4,4,6,2;4;6;9,False,False,,2;6;9,4,17.0,39.0,753.0,20.0,5.0,False,1.0,17.0,17.0,False
20,10,_original_nint128_seed0,4,4,6,2;5;6;9,False,False,,2;5;6,9,15.0,33.0,566.0,22.0,5.0,False,1.0,15.0,15.0,False
20,10,_original_nint128_seed0,4,4,6,2;6;7;9,False,False,,2;6;7,9,17.0,38.0,804.0,22.0,5.0,False,1.0,17.0,17.0,False
20,10,_original_nint128_seed0,4,4,6,2;6;8;9,False,False,,2;6;9,8,17.0,38.0,809.0,19.0,5.0,False,1.0,17.0,17.0,False
20,10,_original_nint128_seed0,4,4,6,0;2;7;8,False,False,,0;2;7,8,15.0,32.0,911.0,25.0,5.0,False,1.0,15.0,15.0,False
20,10,_original_nint128_seed0,4,4,6,1;2;7;8,False,False,,1;2;7,8,16.0,35.0,764.0,21.0,5.0,False,1.0,16.0,16.0,False
20,10,_original_nint128_seed0,4,4,6,2;3;7;8,False,False,,2;3;7,8,17.0,38.0,891.0,21.0,5.0,False,1.0,17.0,17.0,False
20,10,_original_nint128_seed0,4,4,6,2;4;7;8,False,False,,2;4;7,8,18.0,41.0,889.0,15.0,5.0,False,1.0,18.0,18.0,False
20,10,_original_nint128_seed0,4,4,6,2;5;7;8,False,False,,2;5;7,8,17.0,37.0,701.0,18.0,5.0,False,1.0,17.0,17.0,False
20,10,_original_nint128_seed0,4,4,6,2;6;7;8,False,False,,2;6;7,8,17.0,38.0,921.0,20.0,5.0,False,1.0,17.0,17.0,False
20,10,_original_nint128_seed0,4,4,6,2;7;8;9,False,False,,2;7;9,8,18.0,40.0,827.0,17.0,5.0,False,1.0,18.0,18.0,False
20,10,_original_nint128_seed0,4,4,6,0;4;7;9,False,False,,0;7;9,4,15.0,33.0,724.0,28.0,5.0,False,1.0,15.0,15.0,False
20,10,_original_nint128_seed0,4,4,6,1;4;7;9,False,False,,1;7;9,4,15.0,35.0,580.0,23.0,5.0,False,1.0,15.0,15.0,False
20,10,_original_nint128_seed0,4,4,6,2;4;7;9,False,False,,2;7;9,4,18.0,41.0,771.0,18.0,5.0,False,1.0,18.0,18.0,False
20,10,_original_nint128_seed0,4,4,6,3;4;7;9,False,False,,3;7;9,4,17.0,36.0,713.0,21.0,5.0,False,1.0,17.0,17.0,False
20,10,_original_nint128_seed0,4,4,6,4;5;7;9,False,False,,5;7;9,4,18.0,38.0,517.0,20.0,5.0,False,1.0,18.0,18.0,False
20,10,_original_nint128_seed0,4,4,6,4;7;8;9,False,False,,7;8;9,4,20.0,44.0,760.0,17.0,5.0,False,1.0,20.0,20.0,False
20,10,_original_nint128_seed0,4,4,6,0;1;2;4,False,False,,0;1;4,2,14.0,28.0,677.0,29.0,5.0,False,1.0,14.0,14.0,False
20,10,_original_nint128_seed0,4,4,6,0;2;3;4,False,False,,0;2;3,4,14.0,29.0,803.0,29.0,5.0,False,1.0,14.0,14.0,False
20,10,_original_nint128_seed0,4,4,6,0;2;4;5,False,False,,0;2;5,4,15.0,32.0,610.0,27.0,5.0,False,1.0,15.0,15.0,False
20,10,_original_nint128_seed0,4,4,6,0;2;4;6,False,False,,0;2;6,4,13.0,27.0,837.0,27.0,5.0,False,1.0,13.0,13.0,False
20,10,_original_nint128_seed0,4,4,6,0;2;4;7,False,False,,0;2;7,4,15.0,32.0,853.0,26.0,5.0,False,1.0,15.0,15.0,False
20,10,_original_nint128_seed0,4,4,6,0;2;4;8,False,False,,0;2;4,8,16.0,34.0,857.0,23.0,5.0,False,1.0,16.0,16.0,False
20,10,_original_nint128_seed0,4,4,6,0;2;4;9,False,False,,0;2;9,4,15.0,33.0,739.0,26.0,5.0,False,1.0,15.0,15.0,False
20,10,_original_nint128_seed0,4,4,6,0;3;5;9,False,False,,0;3;9,5,11.0,23.0,491.0,32.0,5.0,False,1.0,11.0,11.0,False
20,10,_original_nint128_seed0,4,4,6,1;3;5;9,False,False,,1;3;9,5,13.0,28.0,346.0,28.0,5.0,False,1.0,13.0,13.0,False
20,10,_original_nint128_seed0,4,4,6,2;3;5;9,False,False,,3;5;9,2,14.0,31.0,534.0,23.0,5.0,False,1.0,14.0,14.0,False
20,10,_original_nint128_seed0,4,4,6,3;4;5;9,False,False,,3;5;9,4,16.0,33.0,472.0,22.0,5.0,False,1.0,16.0,16.0,False
20,10,_original_nint128_seed0,4,4,6,3;5;6;9,False,False,,3;5;6,9,14.0,28.0,508.0,25.0,5.0,False,1.0,14.0,14.0,False
20,10,_original_nint128_seed0,4,4,6,3;5;7;9,False,False,,3;5;7,9,15.0,30.0,526.0,23.0,5.0,False,1.0,15.0,15.0,False
20,10,_original_nint128_seed0,4,4,6,1;2;4;8,False,False,,1;2;4,8,18.0,39.0,711.0,19.0,5.0,False,1.0,18.0,18.0,False
20,10,_original_nint128_seed0,4,4,6,2;3;4;8,False,False,,2;3;4,8,19.0,42.0,838.0,19.0,5.0,False,1.0,19.0,19.0,False
20,10,_original_nint128_seed0,4,4,6,2;4;5;8,False,False,,2;4;5,8,19.0,41.0,648.0,16.0,5.0,False,1.0,19.0,19.0,False
20,10,_original_nint128_seed0,4,4,6,2;4;6;8,False,False,,2;4;6,8,18.0,39.0,871.0,17.0,5.0,False,1.0,18.0,18.0,False
20,10,_original_nint128_seed0,4,4,6,2;4;8;9,False,False,,2;8;9,4,19.0,44.0,773.0,16.0,5.0,False,1.0,19.0,19.0,False
20,10,_original_nint128_seed0,4,4,6,0;3;4;6,False,False,,0;3;6,4,11.0,22.0,777.0,31.0,5.0,False,1.0,11.0,11.0,False
20,10,_original_nint128_seed0,4,4,6,0;4;5;6,False,False,,0;5;6,4,12.0,25.0,579.0,30.0,5.0,False,1.0,12.0,12.0,False
20,10,_original_nint128_seed0,4,4,6,0;4;6;8,False,False,,0;4;6,8,13.0,27.0,826.0,26.0,5.0,False,1.0,13.0,13.0,False
20,10,_original_nint128_seed0,4,4,6,0;4;6;9,False,False,,0;6;9,4,13.0,28.0,708.0,29.0,5.0,False,1.0,13.0,13.0,False
20,10,_original_nint128_seed0,4,4,6,0;4;7;8,False,False,,0;4;7,8,15.0,32.0,842.0,25.0,5.0,False,1.0,15.0,15.0,False
20,10,_original_nint128_seed0,4,4,6,1;4;7;8,False,False,,1;4;7,8,16.0,35.0,698.0,20.0,5.0,False,1.0,16.0,16.0,False
20,10,_original_nint128_seed0,4,4,6,3;4;7;8,False,False,,3;4;7,8,19.0,39.0,830.0,19.0,5.0,False,1.0,19.0,19.0,False
20,10,_original_nint128_seed0,4,4,6,4;5;7;8,False,False,,4;5;7,8,19.0,39.0,635.0,17.0,5.0,False,1.0,19.0,19.0,False
20,10,_original_nint128_seed0,4,4,6,1;2;3;7,False,False,,1;3;7,2,14.0,29.0,712.0,26.0,5.0,False,1.0,14.0,14.0,False
20,10,_original_nint128_seed0,4,4,6,1;3;4;7,False,False,,1;3;7,4,14.0,28.0,651.0,24.0,5.0,False,1.0,14.0,14.0,False
20,10,_original_nint128_seed0,4,4,6,1;3;5;7,False,False,,1;3;7,5,13.0,27.0,461.0,28.0,5.0,False,1.0,13.0,13.0,False
20,10,_original_nint128_seed0,4,4,6,1;3;7;8,False,False,,1;3;7,8,15.0,32.0,705.0,25.0,5.0,False,1.0,15.0,15.0,False
20,10,_original_nint128_seed0,4,4,6,1;3;7;9,False,False,,1;3;7,9,13.0,27.0,589.0,26.0,5.0,False,1.0,13.0,13.0,False
20,10,_original_nint128_seed0,4,4,6,0;3;4;5,False,False,,0;3;5,4,13.0,27.0,550.0,31.0,5.0,False,1.0,13.0,13.0,False
20,10,_original_nint128_seed0,4,4,6,1;3;4;5,False,False,,1;3;5,4,15.0,31.0,408.0,26.0,5.0,False,1.0,15.0,15.0,False
20,10,_original_nint128_seed0,4,4,6,2;3;4;5,False,False,,2;3;5,4,16.0,34.0,596.0,21.0,5.0,False,1.0,16.0,16.0,False
20,10,_original_nint128_seed0,4,4,6,3;4;5;6,False,False,,3;5;6,4,15.0,29.0,570.0,23.0,5.0,False,1.0,15.0,15.0,False
20,10,_original_nint128_seed0,4,4,6,3;4;5;7,False,False,,3;5;7,4,16.0,31.0,588.0,21.0,5.0,False,1.0,16.0,16.0,False
20,10,_original_nint128_seed0,4,4,6,0;3;4;8,False,False,,0;3;4,8,15.0,32.0,796.0,28.0,5.0,False,1.0,15.0,15.0,False
20,10,_original_nint128_seed0,4,4,6,1;3;4;8,False,False,,1;3;4,8,17.0,36.0,652.0,23.0,5.0,False,1.0,17.0,17.0,False
20,10,_original_nint128_seed0,4,4,6,3;4;6;8,False,False,,3;4;6,8,18.0,37.0,812.0,21.0,5.0,False,1.0,18.0,18.0,False
20,10,_original_nint128_seed0,4,4,6,3;4;8;9,False,False,,3;4;9,8,19.0,42.0,714.0,20.0,5.0,False,1.0,19.0,19.0,False
20,10,_original_nint128_seed0,4,4,6,0;2;5;9,False,False,,0;5;9,2,13.0,28.0,551.0,28.0,5.0,False,1.0,13.0,13.0,False
20,10,_original_nint128_seed0,4,4,6,2;4;5;9,False,False,,2;5;9,4,17.0,38.0,530.0,19.0,5.0,False,1.0,17.0,17.0,False
20,10,_original_nint128_seed0,4,4,6,2;5;7;9,False,False,,2;5;7,9,16.0,35.0,584.0,20.0,5.0,False,1.0,16.0,16.0,False
20,10,_original_nint128_seed0,4,4,6,2;5;8;9,False,False,,2;5;9,8,17.0,38.0,586.0,18.0,5.0,False,1.0,17.0,17.0,False
20,10,_original_nint128_seed0,4,4,6,0;7;8;9,False,False,,0;7;9,8,14.0,30.0,783.0,26.0,5.0,False,1.0,14.0,14.0,False
20,10,_original_nint128_seed0,4,4,6,1;7;8;9,False,False,,1;7;9,8,15.0,34.0,636.0,22.0,5.0,False,1.0,15.0,15.0,False
20,10,_original_nint128_seed0,4,4,6,3;7;8;9,False,False,,3;7;9,8,18.0,38.0,768.0,21.0,5.0,False,1.0,18.0,18.0,False
20,10,_original_nint128_seed0,4,4,6,5;7;8;9,False,False,,5;7;9,8,18.0,38.0,573.0,19.0,5.0,False,1.0,18.0,18.0,False
20,10,_original_nint128_seed0,4,4,6,6;7;8;9,False,False,,6;7;8,9,19.0,41.0,793.0,21.0,5.0,False,1.0,19.0,19.0,False
20,10,_original_nint128_seed0,4,4,6,0;3;6;9,False,False,,0;3;6,9,10.0,20.0,718.0,32.0,5.0,False,1.0,10.0,10.0,False
20,10,_original_nint128_seed0,4,4,6,0;5;6;9,False,False,,0;5;6,9,11.0,23.0,520.0,31.0,5.0,False,1.0,11.0,11.0,False
20,10,_original_nint128_seed0,4,4,6,0;6;7;9,False,False,,0;6;9,7,13.0,28.0,760.0,31.0,5.0,False,1.0,13.0,13.0,False
20,10,_original_nint128_seed0,4,4,6,0;6;8;9,False,False,,0;6;9,8,12.0,25.0,767.0,27.0,5.0,False,1.0,12.0,12.0,False
20,10,_original_nint128_seed0,4,4,6,0;1;3;9,False,False,,0;1;9,3,10.0,19.0,558.0,34.0,5.0,False,1.0,10.0,10.0,False
20,10,_original_nint128_seed0,4,4,6,0;1;4;9,False,False,,0;1;9,4,12.0,25.0,548.0,31.0,5.0,False,1.0,12.0,12.0,False
20,10,_original_nint128_seed0,4,4,6,0;1;5;9,False,False,,0;1;9,5,11.0,23.0,358.0,34.0,5.0,False,1.0,11.0,11.0,False
20,10,_original_nint128_seed0,4,4,6,0;1;8;9,False,False,,0;1;9,8,11.0,22.0,607.0,29.0,5.0,False,1.0,11.0,11.0,False
20,10,_original_nint128_seed0,4,4,6,0;2;6;7,False,False,,0;2;6,7,13.0,28.0,888.0,30.0,5.0,False,1.0,13.0,13.0,False
20,10,_original_nint128_seed0,4,4,6,2;3;6;7,False,False,,2;3;6,7,14.0,31.0,869.0,25.0,5.0,False,1.0,14.0,14.0,False
20,10,_original_nint128_seed0,4,4,6,2;5;6;7,False,False,,2;5;6,7,15.0,33.0,678.0,23.0,5.0,False,1.0,15.0,15.0,False
20,10,_original_nint128_seed0,4,4,6,0;5;7;9,False,False,,0;5;9,7,13.0,28.0,536.0,30.0,5.0,False,1.0,13.0,13.0,False
20,10,_original_nint128_seed0,4,4,6,1;5;7;9,False,False,,1;5;7,9,14.0,32.0,391.0,26.0,5.0,False,1.0,14.0,14.0,False
20,10,_original_nint128_seed0,4,4,6,5;6;7;9,False,False,,5;6;7,9,17.0,36.0,550.0,24.0,5.0,False,1.0,17.0,17.0,False
20,10,_original_nint128_seed0,4,4,6,0;4;8;9,False,False,,0;8;9,4,15.0,33.0,728.0,25.0,5.0,False,1.0,15.0,15.0,False
20,10,_original_nint128_seed0,4,4,6,1;4;8;9,False,False,,1;8;9,4,16.0,38.0,582.0,21.0,5.0,False,1.0,16.0,16.0,False
20,10,_original_nint128_seed0,4,4,6,4;5;8;9,False,False,,4;5;9,8,19.0,41.0,519.0,18.0,5.0,False,1.0,19.0,19.0,False
20,10,_original_nint128_seed0,4,4,6,4;6;8;9,False,False,,6;8;9,4,19.0,42.0,742.0,19.0,5.0,False,1.0,19.0,19.0,False
20,10,_original_nint128_seed0,4,4,6,1;3;4;9,False,False,,1;3;9,4,14.0,31.0,535.0,25.0,5.0,False,1.0,14.0,14.0,False
20,10,_original_nint128_seed0,4,4,6,1;3;8;9,False,False,,1;3;9,8,15.0,33.0,590.0,25.0,5.0,False,1.0,15.0,15.0,False
20,10,_original_nint128_seed0,4,4,6,0;2;3;8,False,False,,0;2;3,8,15.0,32.0,860.0,29.0,5.0,False,1.0,15.0,15.0,False
20,10,_original_nint128_seed0,4,4,6,1;2;3;8,False,False,,1;2;3,8,17.0,37.0,713.0,25.0,5.0,False,1.0,17.0,17.0,False
20,10,_original_nint128_seed0,4,4,6,2;3;6;8,False,False,,2;3;6,8,16.0,36.0,873.0,23.0,5.0,False,1.0,16.0,16.0,False
20,10,_original_nint128_seed0,4,4,6,2;3;8;9,False,False,,2;3;9,8,17.0,39.0,776.0,21.0,5.0,False,1.0,17.0,17.0,False
20,10,_original_nint128_seed0,4,4,6,0;1;2;3,False,False,,0;1;3,2,13.0,26.0,681.0,34.0,5.0,False,1.0,13.0,13.0,False
20,10,_original_nint128_seed0,4,4,6,0;1;3;4,False,False,,0;1;3,4,12.0,23.0,617.0,33.0,5.0,False,1.0,12.0,12.0,False
20,10,_original_nint128_seed0,4,4,6,0;1;3;5,False,False,,0;1;3,5,12.0,24.0,426.0,37.0,5.0,False,1.0,12.0,12.0,False
20,10,_original_nint128_seed0,4,4,6,0;1;3;8,False,False,,0;1;3,8,13.0,26.0,674.0,33.0,5.0,False,1.0,13.0,13.0,False
20,10,_original_nint128_seed0,4,4,6,0;1;4;8,False,False,,0;1;4,8,13.0,26.0,666.0,28.0,5.0,False,1.0,13.0,13.0,False
20,10,_original_nint128_seed0,4,4,6,0;4;5;8,False,False,,0;4;5,8,15.0,32.0,599.0,26.0,5.0,False,1.0,15.0,15.0,False
20,10,_original_nint128_seed0,4,4,6,0;3;6;7,False,False,,0;3;6,7,11.0,23.0,828.0,34.0,5.0,False,1.0,11.0,11.0,False
20,10,_original_nint128_seed0,4,4,6,0;5;6;7,False,False,,0;5;6,7,12.0,26.0,630.0,33.0,5.0,False,1.0,12.0,12.0,False
20,10,_original_nint128_seed0,4,4,6,0;6;7;8,False,False,,0;6;8,7,13.0,28.0,877.0,29.0,5.0,False,1.0,13.0,13.0,False
20,10,_original_nint128_seed0,4,4,6,1;2;3;4,False,False,,1;3;4,2,16.0,33.0,659.0,24.0,5.0,False,1.0,16.0,16.0,False
20,10,_original_nint128_seed0,4,4,6,2;3;4;6,False,False,,2;3;6,4,15.0,32.0,819.0,22.0,5.0,False,1.0,15.0,15.0,False
20,10,_original_nint128_seed0,4,4,6,2;3;4;7,False,False,,2;3;7,4,16.0,34.0,837.0,20.0,5.0,False,1.0,16.0,16.0,False
20,10,_original_nint128_seed0,4,4,6,2;3;4;9,False,False,,2;3;9,4,16.0,37.0,721.0,21.0,5.0,False,1.0,16.0,16.0,False
20,10,_original_nint128_seed0,4,4,6,3;4;6;9,False,False,,3;6;9,4,16.0,34.0,695.0,23.0,5.0,False,1.0,16.0,16.0,False
20,10,_original_nint128_seed0,4,4,6,4;5;6;9,False,False,,5;6;9,4,17.0,36.0,499.0,22.0,5.0,False,1.0,17.0,17.0,False
20,10,_original_nint128_seed0,4,4,6,3;6;7;8,False,False,,3;6;7,8,17.0,36.0,862.0,24.0,5.0,False,1.0,17.0,17.0,False
20,10,_original_nint128_seed0,4,4,6,5;6;7;8,False,False,,5;6;7,8,17.0,36.0,667.0,22.0,5.0,False,1.0,17.0,17.0,False
20,10,_original_nint128_seed0,4,4,6,1;2;5;7,False,False,,1;5;7,2,15.0,33.0,519.0,25.0,5.0,False,1.0,15.0,15.0,False
20,10,_original_nint128_seed0,4,4,6,1;4;5;7,False,False,,1;5;7,4,15.0,33.0,453.0,24.0,5.0,False,1.0,15.0,15.0,False
20,10,_original_nint128_seed0,4,4,6,1;5;7;8,False,False,,1;5;7,8,15.0,34.0,508.0,24.0,5.0,False,1.0,15.0,15.0,False
20,10,_original_nint128_seed0,4,4,6,0;3;5;6,False,False,,0;3;6,5,10.0,20.0,588.0,34.0,5.0,False,1.0,10.0,10.0,False
20,10,_original_nint128_seed0,4,4,6,0;3;5;7,False,False,,0;3;5,7,12.0,25.0,604.0,33.0,5.0,False,1.0,12.0,12.0,False
20,10,_original_nint128_seed0,4,4,6,1;4;5;8,False,False,,1;4;5,8,17.0,38.0,455.0,22.0,5.0,False,1.0,17.0,17.0,False
20,10,_original_nint128_seed0,4,4,6,4;5;6;8,False,False,,4;5;6,8,18.0,37.0,617.0,19.0,5.0,False,1.0,18.0,18.0,False
20,10,_original_nint128_seed0,4,4,6,0;2;3;9,False,False,,0;3;9,2,12.0,25.0,744.0,30.0,5.0,False,1.0,12.0,12.0,False
20,10,_original_nint128_seed0,4,4,6,2;3;7;9,False,False,,2;3;7,9,15.0,33.0,775.0,22.0,5.0,False,1.0,15.0,15.0,False
20,10,_original_nint128_seed0,4,4,6,0;2;3;6,False,False,,0;3;6,2,11.0,22.0,841.0,32.0,5.0,False,1.0,11.0,11.0,False
20,10,_original_nint128_seed0,4,4,6,0;2;3;7,False,False,,0;3;7,2,13.0,27.0,857.0,31.0,5.0,False,1.0,13.0,13.0,False
20,10,_original_nint128_seed0,4,4,6,1;2;4;7,False,False,,1;2;7,4,16.0,34.0,709.0,21.0,5.0,False,1.0,16.0,16.0,False
20,10,_original_nint128_seed0,4,4,6,1;2;3;5,False,False,,1;3;5,2,15.0,32.0,469.0,28.0,5.0,False,1.0,15.0,15.0,False
20,10,_original_nint128_seed0,4,4,6,2;3;5;6,False,False,,3;5;6,2,13.0,28.0,631.0,25.0,5.0,False,1.0,13.0,13.0,False
20,10,_original_nint128_seed0,4,4,6,2;3;5;7,False,False,,3;5;7,2,14.0,30.0,649.0,23.0,5.0,False,1.0,14.0,14.0,False
20,10,_original_nint128_seed0,4,4,6,5;6;8;9,False,False,,5;6;9,8,17.0,36.0,555.0,21.0,5.0,False,1.0,17.0,17.0,False
20,10,_original_nint128_seed0,4,4,6,1;5;8;9,False,False,,1;5;9,8,15.0,35.0,393.0,24.0,5.0,False,1.0,15.0,15.0,False
20,10,_original_nint128_seed0,4,4,6,1;4;5;9,False,False,,1;5;9,4,15.0,35.0,337.0,25.0,5.0,False,1.0,15.0,15.0,False
20,10,_original_nint128_seed0,4,4,6,3;6;8;9,False,False,,3;6;9,8,17.0,36.0,750.0,23.0,5.0,False,1.0,17.0,17.0,False
20,10,_original_nint128_seed0,4,4,6,0;2;5;8,False,False,,0;2;5,8,15.0,32.0,668.0,26.0,5.0,False,1.0,15.0,15.0,False
20,10,_original_nint128_seed0,4,4,6,1;2;5;8,False,False,,1;2;5,8,17.0,38.0,521.0,23.0,5.0,False,1.0,17.0,17.0,False
20,10,_original_nint128_seed0,4,4,6,2;5;6;8,False,False,,2;5;6,8,16.0,35.0,683.0,20.0,5.0,False,1.0,16.0,16.0,False
20,10,_original_nint128_seed0,4,4,6,0;3;4;7,False,False,,0;3;7,4,13.0,27.0,793.0,30.0,5.0,False,1.0,13.0,13.0,False
20,10,_original_nint128_seed0,4,4,6,0;3;4;9,False,False,,0;3;9,4,13.0,28.0,679.0,30.0,5.0,False,1.0,13.0,13.0,False
20,10,_original_nint128_seed0,4,4,6,0;1;4;5,False,False,,0;1;4,5,13.0,27.0,417.0,33.0,5.0,False,1.0,13.0,13.0,False
20,10,_original_nint128_seed0,4,4,6,1;2;4;5,False,False,,1;2;5,4,17.0,37.0,466.0,23.0,5.0,False,1.0,17.0,17.0,False
20,10,_original_nint128_seed0,4,4,6,0;2;5;7,False,False,,0;5;7,2,14.0,30.0,664.0,29.0,5.0,False,1.0,14.0,14.0,False
20,10,_original_nint128_seed0,4,4,6,2;4;5;7,False,False,,2;5;7,4,17.0,36.0,646.0,18.0,5.0,False,1.0,17.0,17.0,False
20,10,_original_nint128_seed0,4,4,6,2;4;5;6,False,False,,2;5;6,4,16.0,34.0,628.0,20.0,5.0,False,1.0,16.0,16.0,False
20,10,_original_nint128_seed0,4,4,6,0;5;8;9,False,False,,0;5;9,8,13.0,28.0,540.0,27.0,5.0,False,1.0,13.0,13.0,False
20,10,_original_nint128_seed0,4,4,6,0;3;6;8,False,False,,0;3;6,8,12.0,25.0,834.0,31.0,5.0,False,1.0,12.0,12.0,False
20,10,_original_nint128_seed0,4,4,6,0;3;7;8,False,False,,0;3;7,8,14.0,30.0,850.0,30.0,5.0,False,1.0,14.0,14.0,False
20,10,_original_nint128_seed0,4,4,6,0;3;8;9,False,False,,0;3;9,8,13.0,28.0,737.0,29.0,5.0,False,1.0,13.0,13.0,False
20,10,_original_nint128_seed0,4,4,6,0;2;7;9,False,False,,0;2;9,7,14.0,30.0,794.0,27.0,5.0,False,1.0,14.0,14.0,False
20,10,_original_nint128_seed0,4,4,6,3;5;6;7,False,False,,3;5;6,7,14.0,28.0,620.0,26.0,5.0,False,1.0,14.0,14.0,False
20,10,_original_nint128_seed0,4,4,6,0;4;5;7,False,False,,0;5;7,4,14.0,30.0,595.0,29.0,5.0,False,1.0,14.0,14.0,False
20,10,_original_nint128_seed0,4,4,6,0;5;7;8,False,False,,0;5;7,8,14.0,30.0,653.0,28.0,5.0,False,1.0,14.0,14.0,False
20,10,_original_nint128_seed0,4,4,6,0;1;5;8,False,False,,0;1;8,5,13.0,27.0,475.0,32.0,5.0,False,1.0,13.0,13.0,False
20,10,_original_nint128_seed0,4,4,6,0;1;2;5,False,False,,0;1;5,2,14.0,29.0,486.0,33.0,5.0,False,1.0,14.0,14.0,False
20,10,_original_nint128_seed0,4,4,6,0;2;5;6,False,False,,0;5;6,2,12.0,25.0,648.0,30.0,5.0,False,1.0,12.0,12.0,False
20,10,_original_nint128_seed0,4,4,6,3;6;7;9,False,False,,3;6;7,9,16.0,33.0,746.0,25.0,5.0,False,1.0,16.0,16.0,False
20,10,_original_nint128_seed0,4,4,6,0;4;5;9,False,False,,0;5;9,4,14.0,31.0,481.0,29.0,5.0,False,1.0,14.0,14.0,False
20,10,_original_nint128_seed0,4,4,6,0;1;2;8,False,False,,0;1;8,2,14.0,28.0,735.0,28.0,5.0,False,1.0,14.0,14.0,False
20,10,_original_nint128_seed0,4,4,6,0;2;8;9,False,False,,0;2;9,8,14.0,30.0,798.0,24.0,5.0,False,1.0,14.0,14.0,False
20,10,_original_nint128_seed0,4,4,6,0;2;6;8,False,False,,0;2;6,8,13.0,27.0,895.0,26.0,5.0,False,1.0,13.0,13.0,False
20,10,_original_nint128_seed0,4,4,6,0;5;6;8,False,False,,0;5;6,8,12.0,25.0,637.0,29.0,5.0,False,1.0,12.0,12.0,False
20,10,_original_nint128_seed0,4,4,6,0;3;7;9,False,False,,0;3;9,7,12.0,25.0,734.0,31.0,5.0,False,1.0,12.0,12.0,False
20,10,_original_nint128_seed0,5,5,5,0;2;5;6;8,False,False,,0;2;5;6,8,10.0,20.0,610.0,33.0,5.0,False,1.0,10.0,10.0,False
20,10,_original_nint128_seed0,5,5,5,2;4;5;6;8,False,False,,2;4;5;6,8,14.0,29.0,590.0,23.0,5.0,False,1.0,14.0,14.0,False
20,10,_original_nint128_seed0,5,5,5,2;5;6;7;8,False,False,,2;5;6;7,8,13.0,28.0,640.0,26.0,5.0,False,1.0,13.0,13.0,False
20,10,_original_nint128_seed0,5,5,5,2;5;6;8;9,False,False,,2;5;6;9,8,13.0,28.0,528.0,25.0,5.0,False,1.0,13.0,13.0,False
20,10,_original_nint128_seed0,5,5,5,0;1;2;3;8,False,False,,0;1;2;3,8,12.0,24.0,642.0,38.0,5.0,False,1.0,12.0,12.0,False
20,10,_original_nint128_seed0,5,5,5,1;2;3;4;8,False,False,,1;2;3;4,8,15.0,31.0,620.0,28.0,5.0,False,1.0,15.0,15.0,False
20,10,_original_nint128_seed0,5,5,5,1;2;3;7;8,False,False,,1;2;3;7,8,13.0,27.0,673.0,30.0,5.0,False,1.0,13.0,13.0,False
20,10,_original_nint128_seed0,5,5,5,1;2;3;8;9,False,False,,1;2;3;9,8,13.0,28.0,558.0,30.0,5.0,False,1.0,13.0,13.0,False
20,10,_original_nint128_seed0,5,5,5,2;3;4;5;6,False,False,,2;3;5;6,4,11.0,22.0,538.0,28.0,5.0,False,1.0,11.0,11.0,False
20,10,_original_nint128_seed0,5,5,5,2;3;5;6;7,False,False,,2;3;5;6,7,10.0,21.0,588.0,31.0,5.0,False,1.0,10.0,10.0,False
20,10,_original_nint128_seed0,5,5,5,2;3;5;6;9,False,False,,2;3;5;6,9,10.0,21.0,476.0,30.0,5.0,False,1.0,10.0,10.0,False
20,10,_original_nint128_seed0,5,5,5,0;1;2;7;8,False,False,,0;1;7;8,2,11.0,21.0,693.0,34.0,5.0,False,1.0,11.0,11.0,False
20,10,_original_nint128_seed0,5,5,5,0;2;3;7;8,False,False,,0;2;3;7,8,12.0,25.0,818.0,35.0,5.0,False,1.0,12.0,12.0,False
20,10,_original_nint128_seed0,5,5,5,0;2;4;7;8,False,False,,0;2;4;7,8,12.0,27.0,815.0,29.0,5.0,False,1.0,12.0,12.0,False
20,10,_original_nint128_seed0,5,5,5,0;2;5;7;8,False,False,,0;2;5;7,8,12.0,25.0,626.0,32.0,5.0,False,1.0,12.0,12.0,False
20,10,_original_nint128_seed0,5,5,5,0;2;6;7;8,False,False,,0;2;6;8,7,11.0,23.0,850.0,33.0,5.0,False,1.0,11.0,11.0,False
20,10,_original_nint128_seed0,5,5,5,0;2;7;8;9,False,False,,0;2;7;9,8,12.0,25.0,756.0,30.0,5.0,False,1.0,12.0,12.0,False
20,10,_original_nint128_seed0,5,5,5,0;5;6;7;8,False,False,,0;5;6;8,7,10.0,21.0,592.0,36.0,5.0,False,1.0,10.0,10.0,False
20,10,_original_nint128_seed0,5,5,5,5;6;7;8;9,False,False,,5;6;7;8,9,15.0,31.0,512.0,27.0,5.0,False,1.0,15.0,15.0,False
20,10,_original_nint128_seed0,5,5,5,0;1;2;4;9,False,False,,0;1;2;9,4,11.0,22.0,521.0,35.0,5.0,False,1.0,11.0,11.0,False
20,10,_original_nint128_seed0,5,5,5,0;2;3;4;9,False,False,,0;2;3;9,4,11.0,23.0,647.0,35.0,5.0,False,1.0,11.0,11.0,False
20,10,_original_nint128_seed0,5,5,5,0;2;4;5;9,False,False,,0;2;5;9,4,12.0,26.0,454.0,33.0,5.0,False,1.0,12.0,12.0,False
20,10,_original_nint128_seed0,5,5,5,0;2;4;6;9,False,False,,0;2;6;9,4,11.0,23.0,681.0,33.0,5.0,False,1.0,11.0,11.0,False
20,10,_original_nint128_seed0,5,5,5,0;2;4;7;9,False,False,,0;2;7;9,4,13.0,28.0,697.0,32.0,5.0,False,1.0,13.0,13.0,False
20,10,_original_nint128_seed0,5,5,5,0;2;4;8;9,False,False,,0;2;8;9,4,13.0,28.0,701.0,29.0,5.0,False,1.0,13.0,13.0,False
20,10,_original_nint128_seed0,5,5,5,0;3;4;7;8,False,False,,0;3;4;7,8,12.0,25.0,754.0,34.0,5.0,False,1.0,12.0,12.0,False
20,10,_original_nint128_seed0,5,5,5,1;3;4;7;8,False,False,,1;3;4;7,8,13.0,26.0,612.0,28.0,5.0,False,1.0,13.0,13.0,False
20,10,_original_nint128_seed0,5,5,5,2;3;4;7;8,False,False,,2;3;4;7,8,14.0,32.0,798.0,24.0,5.0,False,1.0,14.0,14.0,False
20,10,_original_nint128_seed0,5,5,5,3;4;7;8;9,False,False,,3;4;7;9,8,16.0,34.0,674.0,25.0,5.0,False,1.0,16.0,16.0,False
20,10,_original_nint128_seed0,5,5,5,0;2;3;4;6,False,False,,0;2;3;6,4,9.0,17.0,745.0,36.0,5.0,False,1.0,9.0,9.0,False
20,10,_original_nint128_seed0,5,5,5,0;3;4;5;6,False,False,,0;3;5;6,4,8.0,15.0,492.0,38.0,5.0,False,1.0,8.0,8.0,False
20,10,_original_nint128_seed0,5,5,5,0;3;4;6;8,False,False,,0;3;4;6,8,10.0,20.0,738.0,35.0,5.0,False,1.0,10.0,10.0,False
20,10,_original_nint128_seed0,5,5,5,0;3;4;6;9,False,False,,0;3;6;9,4,9.0,18.0,621.0,37.0,5.0,False,1.0,9.0,9.0,False
20,10,_original_nint128_seed0,5,5,5,0;1;3;4;7,False,False,,0;1;3;7,4,9.0,16.0,575.0,39.0,5.0,False,1.0,9.0,9.0,False
20,10,_original_nint128_seed0,5,5,5,0;2;3;4;7,False,False,,0;2;3;7,4,11.0,22.0,761.0,35.0,5.0,False,1.0,11.0,11.0,False
20,10,_original_nint128_seed0,5,5,5,0;3;4;5;7,False,False,,0;3;5;7,4,10.0,20.0,508.0,37.0,5.0,False,1.0,10.0,10.0,False
20,10,_original_nint128_seed0,5,5,5,0;3;4;7;9,False,False,,0;3;7;9,4,11.0,23.0,637.0,36.0,5.0,False,1.0,11.0,11.0,False
20,10,_original_nint128_seed0,5,5,5,0;2;5;6;9,False,False,,0;5;6;9,2,9.0,18.0,493.0,35.0,5.0,False,1.0,9.0,9.0,False
20,10,_original_nint128_seed0,5,5,5,2;4;5;6;9,False,False,,2;5;6;9,4,13.0,28.0,472.0,26.0,5.0,False,1.0,13.0,13.0,False
20,10,_original_nint128_seed0,5,5,5,2;5;6;7;9,False,False,,2;5;6;7,9,13.0,28.0,523.0,28.0,5.0,False,1.0,13.0,13.0,False
20,10,_original_nint128_seed0,5,5,5,0;1;2;8;9,False,False,,0;1;8;9,2,10.0,19.0,580.0,33.0,5.0,False,1.0,10.0,10.0,False
20,10,_original_nint128_seed0,5,5,5,1;2;4;8;9,False,False,,1;2;8;9,4,14.0,32.0,555.0,25.0,5.0,False,1.0,14.0,14.0,False
20,10,_original_nint128_seed0,5,5,5,1;2;5;8;9,False,False,,1;2;5;9,8,13.0,29.0,366.0,28.0,5.0,False,1.0,13.0,13.0,False
20,10,_original_nint128_seed0,5,5,5,1;2;7;8;9,False,False,,1;2;7;9,8,13.0,28.0,609.0,26.0,5.0,False,1.0,13.0,13.0,False
20,10,_original_nint128_seed0,5,5,5,1;2;3;4;9,False,False,,1;2;3;9,4,12.0,26.0,503.0,30.0,5.0,False,1.0,12.0,12.0,False
20,10,_original_nint128_seed0,5,5,5,2;3;4;5;9,False,False,,2;3;5;9,4,12.0,26.0,440.0,27.0,5.0,False,1.0,12.0,12.0,False
20,10,_original_nint128_seed0,5,5,5,2;3;4;6;9,False,False,,2;3;6;9,4,12.0,27.0,663.0,28.0,5.0,False,1.0,12.0,12.0,False
20,10,_original_nint128_seed0,5,5,5,2;3;4;7;9,False,False,,2;3;7;9,4,13.0,29.0,681.0,26.0,5.0,False,1.0,13.0,13.0,False
20,10,_original_nint128_seed0,5,5,5,2;3;4;8;9,False,False,,2;3;4;9,8,15.0,35.0,682.0,25.0,5.0,False,1.0,15.0,15.0,False
20,10,_original_nint128_seed0,5,5,5,3;4;5;6;9,False,False,,3;5;6;9,4,12.0,23.0,414.0,29.0,5.0,False,1.0,12.0,12.0,False
20,10,_original_nint128_seed0,5,5,5,0;1;3;4;8,False,False,,0;1;3;4,8,11.0,21.0,578.0,37.0,5.0,False,1.0,11.0,11.0,False
20,10,_original_nint128_seed0,5,5,5,1;3;4;8;9,False,False,,1;3;4;9,8,13.0,29.0,496.0,29.0,5.0,False,1.0,13.0,13.0,False
20,10,_original_nint128_seed0,5,5,5,0;1;2;3;4,False,False,,0;1;3;4,2,11.0,21.0,585.0,38.0,5.0,False,1.0,11.0,11.0,False
20,10,_original_nint128_seed0,5,5,5,0;2;3;4;8,False,False,,0;2;3;4,8,13.0,27.0,764.0,33.0,5.0,False,1.0,13.0,13.0,False
20,10,_original_nint128_seed0,5,5,5,0;4;7;8;9,False,False,,0;7;8;9,4,13.0,28.0,686.0,31.0,5.0,False,1.0,13.0,13.0,False
20,10,_original_nint128_seed0,5,5,5,1;4;7;8;9,False,False,,1;7;8;9,4,13.0,30.0,542.0,26.0,5.0,False,1.0,13.0,13.0,False
20,10,_original_nint128_seed0,5,5,5,2;4;7;8;9,False,False,,2;7;8;9,4,15.0,36.0,733.0,21.0,5.0,False,1.0,15.0,15.0,False
20,10,_original_nint128_seed0,5,5,5,4;5;7;8;9,False,False,,4;5;7;9,8,16.0,33.0,479.0,23.0,5.0,False,1.0,16.0,16.0,False
20,10,_original_nint128_seed0,5,5,5,0;2;4;5;6,False,False,,0;2;5;6,4,10.0,20.0,552.0,34.0,5.0,False,1.0,10.0,10.0,False
20,10,_original_nint128_seed0,5,5,5,0;2;5;6;7,False,False,,0;2;5;6,7,10.0,21.0,603.0,37.0,5.0,False,1.0,10.0,10.0,False
20,10,_original_nint128_seed0,5,5,5,0;1;2;4;8,False,False,,0;1;4;8,2,12.0,23.0,639.0,32.0,5.0,False,1.0,12.0,12.0,False
20,10,_original_nint128_seed0,5,5,5,0;1;2;5;8,False,False,,0;1;5;8,2,12.0,24.0,448.0,36.0,5.0,False,1.0,12.0,12.0,False
20,10,_original_nint128_seed0,5,5,5,1;3;4;7;9,False,False,,1;3;7;9,4,11.0,23.0,495.0,30.0,5.0,False,1.0,11.0,11.0,False
20,10,_original_nint128_seed0,5,5,5,3;4;5;7;9,False,False,,3;5;7;9,4,13.0,25.0,432.0,27.0,5.0,False,1.0,13.0,13.0,False
20,10,_original_nint128_seed0,5,5,5,2;3;6;7;8,False,False,,2;3;6;7,8,13.0,29.0,830.0,29.0,5.0,False,1.0,13.0,13.0,False
20,10,_original_nint128_seed0,5,5,5,2;3;7;8;9,False,False,,2;3;7;9,8,14.0,31.0,736.0,26.0,5.0,False,1.0,14.0,14.0,False
20,10,_original_nint128_seed0,5,5,5,0;1;3;4;9,False,False,,0;1;3;9,4,9.0,17.0,461.0,39.0,5.0,False,1.0,9.0,9.0,False
20,10,_original_nint128_seed0,5,5,5,0;1;4;5;9,False,False,,0;1;5;9,4,10.0,21.0,261.0,39.0,5.0,False,1.0,10.0,10.0,False
20,10,_original_nint128_seed0,5,5,5,0;1;4;7;9,False,False,,0;1;7;9,4,10.0,20.0,506.0,37.0,5.0,False,1.0,10.0,10.0,False
20,10,_original_nint128_seed0,5,5,5,0;1;4;8;9,False,False,,0;1;8;9,4,10.0,20.0,510.0,34.0,5.0,False,1.0,10.0,10.0,False
20,10,_original_nint128_seed0,5,5,5,1;2;4;5;8,False,False,,1;2;4;5,8,15.0,32.0,428.0,26.0,5.0,False,1.0,15.0,15.0,False
20,10,_original_nint128_seed0,5,5,5,1;2;4;7;8,False,False,,1;2;4;7,8,13.0,29.0,671.0,24.0,5.0,False,1.0,13.0,13.0,False
20,10,_original_nint128_seed0,5,5,5,0;1;2;4;7,False,False,,0;1;4;7,2,11.0,21.0,635.0,35.0,5.0,False,1.0,11.0,11.0,False
20,10,_original_nint128_seed0,5,5,5,0;2;4;5;7,False,False,,0;2;5;7,4,11.0,25.0,568.0,33.0,5.0,False,1.0,11.0,11.0,False
20,10,_original_nint128_seed0,5,5,5,0;2;4;6;8,False,False,,0;2;4;6,8,11.0,22.0,799.0,30.0,5.0,False,1.0,11.0,11.0,False
20,10,_original_nint128_seed0,5,5,5,2;3;4;6;8,False,False,,2;3;4;6,8,14.0,30.0,780.0,26.0,5.0,False,1.0,14.0,14.0,False
20,10,_original_nint128_seed0,5,5,5,2;4;6;8;9,False,False,,2;6;8;9,4,15.0,34.0,715.0,23.0,5.0,False,1.0,15.0,15.0,False
20,10,_original_nint128_seed0,5,5,5,0;1;2;3;9,False,False,,0;1;3;9,2,9.0,17.0,526.0,39.0,5.0,False,1.0,9.0,9.0,False
20,10,_original_nint128_seed0,5,5,5,0;2;3;6;9,False,False,,0;3;6;9,2,8.0,15.0,686.0,37.0,5.0,False,1.0,8.0,8.0,False
20,10,_original_nint128_seed0,5,5,5,0;2;3;7;9,False,False,,0;2;3;9,7,10.0,20.0,702.0,36.0,5.0,False,1.0,10.0,10.0,False
20,10,_original_nint128_seed0,5,5,5,0;2;3;8;9,False,False,,0;2;3;9,8,11.0,23.0,705.0,34.0,5.0,False,1.0,11.0,11.0,False
20,10,_original_nint128_seed0,5,5,5,0;1;2;4;5,False,False,,0;1;4;5,2,12.0,24.0,390.0,37.0,5.0,False,1.0,12.0,12.0,False
20,10,_original_nint128_seed0,5,5,5,1;2;3;4;5,False,False,,1;3;4;5,2,13.0,26.0,376.0,31.0,5.0,False,1.0,13.0,13.0,False
20,10,_original_nint128_seed0,5,5,5,1;2;4;5;7,False,False,,1;2;5;7,4,13.0,27.0,426.0,28.0,5.0,False,1.0,13.0,13.0,False
20,10,_original_nint128_seed0,5,5,5,1;2;4;5;9,False,False,,1;2;5;9,4,13.0,29.0,310.0,29.0,5.0,False,1.0,13.0,13.0,False
20,10,_original_nint128_seed0,5,5,5,0;1;4;7;8,False,False,,0;1;4;7,8,10.0,19.0,624.0,34.0,5.0,False,1.0,10.0,10.0,False
20,10,_original_nint128_seed0,5,5,5,1;4;5;7;8,False,False,,1;4;5;7,8,13.0,28.0,415.0,27.0,5.0,False,1.0,13.0,13.0,False
20,10,_original_nint128_seed0,5,5,5,0;1;3;4;5,False,False,,0;1;3;4,5,10.0,19.0,330.0,41.0,5.0,False,1.0,10.0,10.0,False
20,10,_original_nint128_seed0,5,5,5,0;1;3;5;7,False,False,,0;1;3;7,5,9.0,17.0,384.0,43.0,5.0,False,1.0,9.0,9.0,False
20,10,_original_nint128_seed0,5,5,5,0;1;3;5;9,False,False,,0;1;3;9,5,8.0,15.0,271.0,42.0,5.0,False,1.0,8.0,8.0,False
20,10,_original_nint128_seed0,5,5,5,0;2;3;6;8,False,False,,0;2;3;6,8,10.0,20.0,802.0,36.0,5.0,False,1.0,10.0,10.0,False
20,10,_original_nint128_seed0,5,5,5,0;3;6;7;8,False,False,,0;3;6;7,8,10.0,21.0,789.0,38.0,5.0,False,1.0,10.0,10.0,False
20,10,_original_nint128_seed0,5,5,5,0;3;6;8;9,False,False,,0;3;6;9,8,9.0,18.0,679.0,36.0,5.0,False,1.0,9.0,9.0,False
20,10,_original_nint128_seed0,5,5,5,0;1;3;7;8,False,False,,0;1;3;7,8,10.0,19.0,632.0,39.0,5.0,False,1.0,10.0,10.0,False
20,10,_original_nint128_seed0,5,5,5,0;3;7;8;9,False,False,,0;3;7;9,8,11.0,23.0,695.0,35.0,5.0,False,1.0,11.0,11.0,False
20,10,_original_nint128_seed0,5,5,5,1;2;4;7;9,False,False,,1;2;7;9,4,13.0,29.0,553.0,27.0,5.0,False,1.0,13.0,13.0,False
20,10,_original_nint128_seed0,5,5,5,0;2;5;8;9,False,False,,0;2;5;9,8,11.0,23.0,513.0,31.0,5.0,False,1.0,11.0,11.0,False
20,10,_original_nint128_seed0,5,5,5,2;4;5;8;9,False,False,,2;4;5;9,8,15.0,33.0,492.0,22.0,5.0,False,1.0,15.0,15.0,False
20,10,_original_nint128_seed0,5,5,5,2;5;7;8;9,False,False,,2;5;7;9,8,14.0,30.0,546.0,23.0,5.0,False,1.0,14.0,14.0,False
20,10,_original_nint128_seed0,5,5,5,1;2;5;7;8,False,False,,1;2;5;7,8,13.0,28.0,481.0,28.0,5.0,False,1.0,13.0,13.0,False
20,10,_original_nint128_seed0,5,5,5,1;2;3;4;7,False,False,,1;3;4;7,2,12.0,23.0,619.0,29.0,5.0,False,1.0,12.0,12.0,False
20,10,_original_nint128_seed0,5,5,5,2;3;4;5;7,False,False,,2;3;5;7,4,12.0,24.0,556.0,26.0,5.0,False,1.0,12.0,12.0,False
20,10,_original_nint128_seed0,5,5,5,0;3;5;6;9,False,False,,0;3;5;6,9,7.0,13.0,433.0,39.0,5.0,False,1.0,7.0,7.0,False
20,10,_original_nint128_seed0,5,5,5,0;4;5;6;9,False,False,,0;5;6;9,4,10.0,21.0,423.0,36.0,5.0,False,1.0,10.0,10.0,False
20,10,_original_nint128_seed0,5,5,5,0;5;6;7;9,False,False,,0;5;6;9,7,10.0,21.0,475.0,38.0,5.0,False,1.0,10.0,10.0,False
20,10,_original_nint128_seed0,5,5,5,0;5;6;8;9,False,False,,0;5;6;9,8,9.0,18.0,482.0,34.0,5.0,False,1.0,9.0,9.0,False
20,10,_original_nint128_seed0,5,5,5,0;1;3;8;9,False,False,,0;1;3;9,8,9.0,17.0,519.0,38.0,5.0,False,1.0,9.0,9.0,False
20,10,_original_nint128_seed0,5,5,5,0;1;5;8;9,False,False,,0;1;8;9,5,9.0,18.0,320.0,37.0,5.0,False,1.0,9.0,9.0,False
20,10,_original_nint128_seed0,5,5,5,0;1;7;8;9,False,False,,0;1;7;9,8,9.0,17.0,565.0,35.0,5.0,False,1.0,9.0,9.0,False
20,10,_original_nint128_seed0,5,5,5,0;1;2;5;7,False,False,,0;1;5;7,2,11.0,22.0,444.0,39.0,5.0,False,1.0,11.0,11.0,False
20,10,_original_nint128_seed0,5,5,5,0;2;5;7;9,False,False,,0;2;5;9,7,11.0,23.0,509.0,34.0,5.0,False,1.0,11.0,11.0,False
20,10,_original_nint128_seed0,5,5,5,0;2;6;7;9,False,False,,0;2;6;9,7,11.0,23.0,733.0,35.0,5.0,False,1.0,11.0,11.0,False
20,10,_original_nint128_seed0,5,5,5,0;3;6;7;9,False,False,,0;3;6;9,7,9.0,18.0,673.0,39.0,5.0,False,1.0,9.0,9.0,False
20,10,_original_nint128_seed0,5,5,5,0;6;7;8;9,False,False,,0;6;8;9,7,11.0,23.0,722.0,34.0,5.0,False,1.0,11.0,11.0,False
20,10,_original_nint128_seed0,5,5,5,2;3;6;8;9,False,False,,2;3;6;9,8,13.0,29.0,718.0,28.0,5.0,False,1.0,13.0,13.0,False
20,10,_original_nint128_seed0,5,5,5,1;2;3;5;7,False,False,,1;3;5;7,2,11.0,22.0,429.0,33.0,5.0,False,1.0,11.0,11.0,False
20,10,_original_nint128_seed0,5,5,5,1;2;3;5;9,False,False,,1;3;5;9,2,11.0,23.0,314.0,33.0,5.0,False,1.0,11.0,11.0,False
20,10,_original_nint128_seed0,5,5,5,0;4;6;8;9,False,False,,0;6;8;9,4,11.0,23.0,670.0,32.0,5.0,False,1.0,11.0,11.0,False
20,10,_original_nint128_seed0,5,5,5,3;4;6;8;9,False,False,,3;4;6;9,8,15.0,32.0,656.0,27.0,5.0,False,1.0,15.0,15.0,False
20,10,_original_nint128_seed0,5,5,5,4;5;6;8;9,False,False,,4;5;6;9,8,15.0,31.0,461.0,25.0,5.0,False,1.0,15.0,15.0,False
20,10,_original_nint128_seed0,5,5,5,1;3;4;5;9,False,False,,1;3;5;9,4,11.0,23.0,252.0,32.0,5.0,False,1.0,11.0,11.0,False
20,10,_original_nint128_seed0,5,5,5,1;4;5;7;9,False,False,,1;5;7;9,4,12.0,27.0,297.0,30.0,5.0,False,1.0,12.0,12.0,False
20,10,_original_nint128_seed0,5,5,5,1;4;5;8;9,False,False,,1;4;5;9,8,13.0,30.0,299.0,28.0,5.0,False,1.0,13.0,13.0,False
20,10,_original_nint128_seed0,5,5,5,0;4;5;7;8,False,False,,0;4;5;7,8,12.0,25.0,557.0,32.0,5.0,False,1.0,12.0,12.0,False
20,10,_original_nint128_seed0,5,5,5,2;4;5;7;8,False,False,,2;4;5;7,8,14.0,31.0,608.0,21.0,5.0,False,1.0,14.0,14.0,False
20,10,_original_nint128_seed0,5,5,5,0;4;5;6;8,False,False,,0;4;5;6,8,10.0,20.0,541.0,33.0,5.0,False,1.0,10.0,10.0,False
20,10,_original_nint128_seed0,5,5,5,0;1;4;5;7,False,False,,0;1;4;7,5,10.0,20.0,375.0,39.0,5.0,False,1.0,10.0,10.0,False
20,10,_original_nint128_seed0,5,5,5,0;4;5;7;9,False,False,,0;5;7;9,4,12.0,26.0,439.0,35.0,5.0,False,1.0,12.0,12.0,False
20,10,_original_nint128_seed0,5,5,5,2;4;5;7;9,False,False,,2;5;7;9,4,14.0,30.0,490.0,24.0,5.0,False,1.0,14.0,14.0,False
20,10,_original_nint128_seed0,5,5,5,0;1;4;5;8,False,False,,0;1;4;8,5,11.0,22.0,379.0,36.0,5.0,False,1.0,11.0,11.0,False
20,10,_original_nint128_seed0,5,5,5,1;3;7;8;9,False,False,,1;3;7;9,8,12.0,25.0,550.0,30.0,5.0,False,1.0,12.0,12.0,False
20,10,_original_nint128_seed0,5,5,5,1;5;7;8;9,False,False,,1;5;7;9,8,12.0,27.0,353.0,29.0,5.0,False,1.0,12.0,12.0,False
20,10,_original_nint128_seed0,5,5,5,3;5;6;7;9,False,False,,3;5;6;7,9,12.0,23.0,465.0,31.0,5.0,False,1.0,12.0,12.0,False
20,10,_original_nint128_seed0,5,5,5,0;2;3;6;7,False,False,,0;2;3;6,7,9.0,18.0,796.0,39.0,5.0,False,1.0,9.0,9.0,False
20,10,_original_nint128_seed0,5,5,5,0;3;4;5;9,False,False,,0;3;5;9,4,10.0,21.0,394.0,37.0,5.0,False,1.0,10.0,10.0,False
20,10,_original_nint128_seed0,5,5,5,0;5;7;8;9,False,False,,0;5;7;9,8,11.0,23.0,498.0,33.0,5.0,False,1.0,11.0,11.0,False
20,10,_original_nint128_seed0,5,5,5,0;1;2;5;9,False,False,,0;1;5;9,2,10.0,20.0,331.0,38.0,5.0,False,1.0,10.0,10.0,False
20,10,_original_nint128_seed0,5,5,5,0;3;5;6;7,False,False,,0;3;5;6,7,8.0,16.0,543.0,41.0,5.0,False,1.0,8.0,8.0,False
20,10,_original_nint128_seed0,5,5,5,2;3;6;7;9,False,False,,2;3;6;7,9,12.0,26.0,714.0,30.0,5.0,False,1.0,12.0,12.0,False
20,10,_original_nint128_seed0,5,5,5,2;6;7;8;9,False,False,,2;6;7;8,9,15.0,33.0,766.0,25.0,5.0,False,1.0,15.0,15.0,False
20,10,_original_nint128_seed0,5,5,5,1;3;4;5;7,False,False,,1;3;5;7,4,11.0,21.0,368.0,31.0,5.0,False,1.0,11.0,11.0,False
20,10,_original_nint128_seed0,5,5,5,0;1;5;7;8,False,False,,0;1;7;8,5,10.0,20.0,433.0,38.0,5.0,False,1.0,10.0,10.0,False
20,10,_original_nint128_seed0,5,5,5,0;3;5;7;9,False,False,,0;3;5;9,7,9.0,18.0,449.0,38.0,5.0,False,1.0,9.0,9.0,False
20,10,_original_nint128_seed0,5,5,5,0;3;4;8;9,False,False,,0;3;4;9,8,12.0,26.0,640.0,34.0,5.0,False,1.0,12.0,12.0,False
20,10,_original_nint128_seed0,5,5,5,0;4;5;8;9,False,False,,0;5;8;9,4,12.0,26.0,443.0,32.0,5.0,False,1.0,12.0,12.0,False
20,10,_original_nint128_seed0,5,5,5,0;2;6;8;9,False,False,,0;2;6;9,8,10.0,20.0,740.0,31.0,5.0,False,1.0,10.0,10.0,False
20,10,_original_nint128_seed0,5,5,5,1;2;5;7;9,False,False,,1;5;7;9,2,12.0,26.0,364.0,30.0,5.0,False,1.0,12.0,12.0,False
20,10,_original_nint128_seed0,5,5,5,2;3;5;7;9,False,False,,2;3;5;7,9,11.0,23.0,494.0,28.0,5.0,False,1.0,11.0,11.0,False
20,10,_original_nint128_seed0,5,5,5,0;1;2;3;7,False,False,,0;1;3;7,2,10.0,19.0,639.0,40.0,5.0,False,1.0,10.0,10.0,False
20,10,_original_nint128_seed0,5,5,5,3;6;7;8;9,False,False,,3;6;7;9,8,15.0,31.0,707.0,29.0,5.0,False,1.0,15.0,15.0,False
20,10,_original_nint128_seed0,5,5,5,0;1;3;7;9,False,False,,0;1;3;9,7,8.0,14.0,516.0,40.0,5.0,False,1.0,8.0,8.0,False
20,10,_original_nint128_seed0,5,5,5,1;2;3;7;9,False,False,,1;3;7;9,2,11.0,22.0,557.0,31.0,5.0,False,1.0,11.0,11.0,False
20,10,_original_nint128_seed0,5,5,5,1;3;5;7;9,False,False,,1;3;5;7,9,10.0,20.0,306.0,33.0,5.0,False,1.0,10.0,10.0,False
20,10,_original_nint128_seed0,5,5,5,0;2;4;5;8,False,False,,0;2;4;5,8,13.0,27.0,572.0,30.0,5.0,False,1.0,13.0,13.0,False
20,10,_original_nint128_seed0,5,5,5,0;1;5;7;9,False,False,,0;1;7;9,5,9.0,18.0,316.0,40.0,5.0,False,1.0,9.0,9.0,False
20,10,_original_nint128_seed0,5,5,5,0;1;2;7;9,False,False,,0;1;7;9,2,10.0,19.0,576.0,36.0,5.0,False,1.0,10.0,10.0,False
20,10,_original_nint128_seed0,6,6,4,0;1;2;3;4;7,False,False,,0;1;3;4;7,2,8.0,14.0,543.0,44.0,5.0,False,1.0,8.0,8.0,False
20,10,_original_nint128_seed0,6,6,4,0;1;2;3;7;8,False,False,,0;1;2;3;7,8,9.0,17.0,600.0,44.0,5.0,False,1.0,9.0,9.0,False
20,10,_original_nint128_seed0,6,6,4,0;1;2;3;7;9,False,False,,0;1;3;7;9,2,7.0,12.0,484.0,45.0,5.0,False,1.0,7.0,7.0,False
20,10,_original_nint128_seed0,6,6,4,0;2;3;6;7;8,False,False,,0;2;3;6;7,8,8.0,16.0,757.0,43.0,5.0,False,1.0,8.0,8.0,False
20,10,_original_nint128_seed0,6,6,4,0;2;3;6;7;9,False,False,,0;2;3;6;9,7,7.0,13.0,641.0,44.0,5.0,False,1.0,7.0,7.0,False
20,10,_original_nint128_seed0,6,6,4,0;1;2;3;8;9,False,False,,0;1;2;3;9,8,8.0,15.0,487.0,43.0,5.0,False,1.0,8.0,8.0,False
20,10,_original_nint128_seed0,6,6,4,0;2;3;4;8;9,False,False,,0;2;3;4;9,8,10.0,21.0,608.0,39.0,5.0,False,1.0,10.0,10.0,False
20,10,_original_nint128_seed0,6,6,4,0;2;3;6;8;9,False,False,,0;2;3;6;9,8,7.0,13.0,647.0,41.0,5.0,False,1.0,7.0,7.0,False
20,10,_original_nint128_seed0,6,6,4,0;2;3;7;8;9,False,False,,0;2;3;7;9,8,9.0,18.0,663.0,40.0,5.0,False,1.0,9.0,9.0,False
20,10,_original_nint128_seed0,6,6,4,0;2;5;6;7;9,False,False,,0;2;5;6;9,7,8.0,16.0,448.0,42.0,5.0,False,1.0,8.0,8.0,False
20,10,_original_nint128_seed0,6,6,4,2;3;5;6;7;9,True,False,,2;3;5;6;7,9,8.0,16.0,433.0,36.0,5.0,False,1.0,8.0,8.0,False
20,10,_original_nint128_seed0,6,6,4,2;5;6;7;8;9,False,False,,2;5;6;7;8,9,11.0,23.0,485.0,31.0,5.0,False,1.0,11.0,11.0,False
20,10,_original_nint128_seed0,6,6,4,0;1;2;7;8;9,False,False,,0;1;7;8;9,2,8.0,14.0,538.0,39.0,5.0,False,1.0,8.0,8.0,False
20,10,_original_nint128_seed0,6,6,4,1;2;3;7;8;9,False,False,,1;2;3;7;9,8,10.0,20.0,518.0,35.0,5.0,False,1.0,10.0,10.0,False
20,10,_original_nint128_seed0,6,6,4,1;2;4;7;8;9,False,False,,1;2;7;8;9,4,10.0,24.0,515.0,30.0,5.0,False,1.0,10.0,10.0,False
20,10,_original_nint128_seed0,6,6,4,1;2;5;7;8;9,False,False,,1;2;5;7;9,8,10.0,21.0,326.0,33.0,5.0,False,1.0,10.0,10.0,False
20,10,_original_nint128_seed0,6,6,4,0;2;3;4;7;9,False,False,,0;2;3;7;9,4,9.0,18.0,605.0,41.0,5.0,False,1.0,9.0,9.0,False
20,10,_original_nint128_seed0,6,6,4,1;2;3;4;7;9,False,False,,1;2;3;7;9,4,9.0,18.0,463.0,35.0,5.0,False,1.0,9.0,9.0,False
20,10,_original_nint128_seed0,6,6,4,2;3;4;5;7;9,False,False,,2;3;5;7;9,4,9.0,18.0,400.0,32.0,5.0,False,1.0,9.0,9.0,False
20,10,_original_nint128_seed0,6,6,4,2;3;4;7;8;9,False,False,,2;3;4;7;9,8,11.0,27.0,642.0,30.0,5.0,False,1.0,11.0,11.0,False
20,10,_original_nint128_seed0,6,6,4,0;2;4;5;6;9,False,False,,0;2;5;6;9,4,8.0,16.0,396.0,40.0,5.0,False,1.0,8.0,8.0,False
20,10,_original_nint128_seed0,6,6,4,0;3;4;5;6;9,True,False,,0;3;5;6;9,4,6.0,11.0,336.0,44.0,5.0,False,1.0,6.0,6.0,False
20,10,_original_nint128_seed0,6,6,4,0;4;5;6;8;9,False,False,,0;5;6;8;9,4,8.0,16.0,385.0,39.0,5.0,False,1.0,8.0,8.0,False
20,10,_original_nint128_seed0,6,6,4,0;1;3;4;7;8,False,False,,0;1;3;4;7,8,8.0,14.0,536.0,43.0,5.0,False,1.0,8.0,8.0,False
20,10,_original_nint128_seed0,6,6,4,1;2;3;4;7;8,False,False,,1;2;3;4;7,8,10.0,21.0,580.0,33.0,5.0,False,1.0,10.0,10.0,False
20,10,_original_nint128_seed0,6,6,4,1;3;4;7;8;9,False,False,,1;3;4;7;9,8,10.0,21.0,456.0,34.0,5.0,False,1.0,10.0,10.0,False
20,10,_original_nint128_seed0,6,6,4,0;1;2;3;4;9,False,False,,0;1;2;3;9,4,8.0,15.0,429.0,44.0,5.0,False,1.0,8.0,8.0,False
20,10,_original_nint128_seed0,6,6,4,1;2;3;4;5;9,False,False,,1;2;3;5;9,4,9.0,18.0,220.0,37.0,5.0,False,1.0,9.0,9.0,False
20,10,_original_nint128_seed0,6,6,4,1;2;3;4;8;9,False,False,,1;2;3;4;9,8,11.0,24.0,464.0,34.0,5.0,False,1.0,11.0,11.0,False
20,10,_original_nint128_seed0,6,6,4,0;1;4;5;7;8,False,False,,0;1;4;7;8,5,8.0,15.0,337.0,42.0,5.0,False,1.0,8.0,8.0,False
20,10,_original_nint128_seed0,6,6,4,0;1;4;7;8;9,False,False,,0;1;7;8;9,4,8.0,15.0,468.0,40.0,5.0,False,1.0,8.0,8.0,False
20,10,_original_nint128_seed0,6,6,4,0;1;2;3;4;8,False,False,,0;1;2;3;4,8,10.0,19.0,546.0,42.0,5.0,False,1.0,10.0,10.0,False
20,10,_original_nint128_seed0,6,6,4,0;1;3;4;8;9,False,False,,0;1;3;4;9,8,8.0,15.0,422.0,43.0,5.0,False,1.0,8.0,8.0,False
20,10,_original_nint128_seed0,6,6,4,0;3;4;6;8;9,False,False,,0;3;4;6;9,8,8.0,16.0,582.0,41.0,5.0,False,1.0,8.0,8.0,False
20,10,_original_nint128_seed0,6,6,4,0;3;4;7;8;9,False,False,,0;3;4;7;9,8,10.0,21.0,598.0,40.0,5.0,False,1.0,10.0,10.0,False
20,10,_original_nint128_seed0,6,6,4,0;2;5;6;8;9,False,False,,0;2;5;6;9,8,7.0,13.0,455.0,38.0,5.0,False,1.0,7.0,7.0,False
20,10,_original_nint128_seed0,6,6,4,0;5;6;7;8;9,False,False,,0;5;6;8;9,7,8.0,16.0,437.0,41.0,5.0,False,1.0,8.0,8.0,False
20,10,_original_nint128_seed0,6,6,4,0;2;3;4;7;8,False,False,,0;2;3;4;7,8,9.0,20.0,722.0,39.0,5.0,False,1.0,9.0,9.0,False
20,10,_original_nint128_seed0,6,6,4,0;2;4;5;6;8,False,False,,0;2;4;5;6,8,8.0,15.0,514.0,37.0,5.0,False,1.0,8.0,8.0,False
20,10,_original_nint128_seed0,6,6,4,0;1;2;4;5;8,False,False,,0;1;4;5;8,2,10.0,19.0,352.0,40.0,5.0,False,1.0,10.0,10.0,False
20,10,_original_nint128_seed0,6,6,4,0;1;2;4;8;9,False,False,,0;1;2;8;9,4,9.0,17.0,483.0,38.0,5.0,False,1.0,9.0,9.0,False
20,10,_original_nint128_seed0,6,6,4,2;4;5;6;8;9,False,False,,2;4;5;6;9,8,11.0,23.0,434.0,29.0,5.0,False,1.0,11.0,11.0,False
20,10,_original_nint128_seed0,6,6,4,0;1;4;5;7;9,False,False,,0;1;5;7;9,4,8.0,16.0,219.0,45.0,5.0,False,1.0,8.0,8.0,False
20,10,_original_nint128_seed0,6,6,4,0;2;4;5;7;9,False,False,,0;2;5;7;9,4,9.0,21.0,412.0,39.0,5.0,False,1.0,9.0,9.0,False
20,10,_original_nint128_seed0,6,6,4,0;3;4;5;7;9,False,False,,0;3;5;7;9,4,8.0,16.0,352.0,43.0,5.0,False,1.0,8.0,8.0,False
20,10,_original_nint128_seed0,6,6,4,0;4;5;7;8;9,False,False,,0;5;7;8;9,4,10.0,21.0,401.0,38.0,5.0,False,1.0,10.0,10.0,False
20,10,_original_nint128_seed0,6,6,4,0;2;4;7;8;9,False,False,,0;2;7;8;9,4,10.0,23.0,659.0,35.0,5.0,False,1.0,10.0,10.0,False
20,10,_original_nint128_seed0,6,6,4,0;1;4;5;8;9,False,False,,0;1;5;8;9,4,8.0,16.0,223.0,42.0,5.0,False,1.0,8.0,8.0,False
20,10,_original_nint128_seed0,6,6,4,1;2;4;5;8;9,False,False,,1;2;4;5;9,8,11.0,24.0,272.0,32.0,5.0,False,1.0,11.0,11.0,False
20,10,_original_nint128_seed0,6,6,4,1;4;5;7;8;9,False,False,,1;4;5;7;9,8,10.0,22.0,259.0,33.0,5.0,False,1.0,10.0,10.0,False
20,10,_original_nint128_seed0,6,6,4,0;1;2;4;7;9,False,False,,0;1;2;7;9,4,9.0,17.0,479.0,41.0,5.0,False,1.0,9.0,9.0,False
20,10,_original_nint128_seed0,6,6,4,1;2;4;5;7;9,False,False,,1;2;5;7;9,4,10.0,21.0,270.0,34.0,5.0,False,1.0,10.0,10.0,False
20,10,_original_nint128_seed0,6,6,4,0;2;3;4;6;9,False,False,,0;2;3;6;9,4,7.0,13.0,589.0,42.0,5.0,False,1.0,7.0,7.0,False
20,10,_original_nint128_seed0,6,6,4,0;2;5;7;8;9,False,False,,0;2;5;7;9,8,9.0,18.0,471.0,37.0,5.0,False,1.0,9.0,9.0,False
20,10,_original_nint128_seed0,6,6,4,2;4;5;7;8;9,False,False,,2;4;5;7;9,8,11.0,25.0,452.0,27.0,5.0,False,1.0,11.0,11.0,False
20,10,_original_nint128_seed0,6,6,4,2;3;4;5;6;9,True,False,,2;3;5;6;9,4,8.0,16.0,382.0,34.0,5.0,False,1.0,8.0,8.0,False
20,10,_original_nint128_seed0,6,6,4,0;2;5;6;7;8,False,False,,0;2;5;6;8,7,8.0,16.0,565.0,40.0,5.0,False,1.0,8.0,8.0,False
20,10,_original_nint128_seed0,6,6,4,0;2;6;7;8;9,False,False,,0;2;6;8;9,7,9.0,18.0,695.0,38.0,5.0,False,1.0,9.0,9.0,False
20,10,_original_nint128_seed0,6,6,4,0;1;5;7;8;9,False,False,,0;1;7;8;9,5,7.0,13.0,278.0,43.0,5.0,False,1.0,7.0,7.0,False
20,10,_original_nint128_seed0,6,6,4,0;1;2;4;5;7,False,False,,0;1;4;5;7,2,8.0,17.0,348.0,43.0,5.0,False,1.0,8.0,8.0,False
20,10,_original_nint128_seed0,6,6,4,0;1;2;5;7;8,False,False,,0;1;5;7;8,2,9.0,17.0,406.0,42.0,5.0,False,1.0,9.0,9.0,False
20,10,_original_nint128_seed0,6,6,4,0;1;2;5;7;9,False,False,,0;1;5;7;9,2,8.0,15.0,289.0,44.0,5.0,False,1.0,8.0,8.0,False
20,10,_original_nint128_seed0,6,6,4,1;2;4;5;7;8,False,False,,1;2;4;5;7,8,10.0,22.0,388.0,31.0,5.0,False,1.0,10.0,10.0,False
20,10,_original_nint128_seed0,6,6,4,0;1;3;5;7;9,False,False,,0;1;3;7;9,5,6.0,10.0,229.0,48.0,5.0,False,1.0,6.0,6.0,False
20,10,_original_nint128_seed0,6,6,4,0;3;5;6;7;9,True,False,,0;3;5;6;9,7,6.0,11.0,388.0,46.0,5.0,False,1.0,6.0,6.0,False
20,10,_original_nint128_seed0,6,6,4,0;1;3;4;5;7,False,False,,0;1;3;4;7,5,7.0,12.0,288.0,47.0,5.0,False,1.0,7.0,7.0,False
20,10,_original_nint128_seed0,6,6,4,1;2;3;4;5;7,False,False,,1;3;4;5;7,2,9.0,16.0,336.0,36.0,5.0,False,1.0,9.0,9.0,False
20,10,_original_nint128_seed0,6,6,4,1;3;4;5;7;9,False,False,,1;3;5;7;9,4,8.0,15.0,212.0,37.0,5.0,False,1.0,8.0,8.0,False
20,10,_original_nint128_seed0,6,6,4,0;2;4;6;8;9,False,False,,0;2;6;8;9,4,9.0,18.0,643.0,36.0,5.0,False,1.0,9.0,9.0,False
20,10,_original_nint128_seed0,6,6,4,2;3;4;6;8;9,False,False,,2;3;4;6;9,8,11.0,25.0,624.0,32.0,5.0,False,1.0,11.0,11.0,False
20,10,_original_nint128_seed0,6,6,4,0;1;2;4;5;9,False,False,,0;1;2;5;9,4,9.0,18.0,234.0,43.0,5.0,False,1.0,9.0,9.0,False
20,10,_original_nint128_seed0,6,6,4,0;1;3;4;5;9,False,False,,0;1;3;5;9,4,7.0,13.0,174.0,47.0,5.0,False,1.0,7.0,7.0,False
20,10,_original_nint128_seed0,6,6,4,0;3;6;7;8;9,False,False,,0;3;6;7;9,8,8.0,16.0,634.0,43.0,5.0,False,1.0,8.0,8.0,False
20,10,_original_nint128_seed0,6,6,4,0;1;3;7;8;9,False,False,,0;1;3;7;9,8,7.0,12.0,477.0,44.0,5.0,False,1.0,7.0,7.0,False
20,10,_original_nint128_seed0,6,6,4,2;3;6;7;8;9,False,False,,2;3;6;7;9,8,11.0,24.0,675.0,34.0,5.0,False,1.0,11.0,11.0,False
20,10,_original_nint128_seed0,6,6,4,1;2;3;5;7;9,False,False,,1;3;5;7;9,2,8.0,15.0,274.0,38.0,5.0,False,1.0,8.0,8.0,False
20,10,_original_nint128_seed0,6,6,4,0;1;2;5;8;9,False,False,,0;1;5;8;9,2,8.0,15.0,293.0,41.0,5.0,False,1.0,8.0,8.0,False
20,10,_original_nint128_seed0,6,6,4,0;2;3;4;6;8,False,False,,0;2;3;4;6,8,8.0,15.0,706.0,40.0,5.0,False,1.0,8.0,8.0,False
20,10,_original_nint128_seed0,6,6,4,0;2;4;5;7;8,False,False,,0;2;4;5;7,8,9.0,20.0,530.0,36.0,5.0,False,1.0,9.0,9.0,False
20,10,_original_nint128_seed0,6,6,4,0;1;3;4;7;9,False,False,,0;1;3;7;9,4,7.0,12.0,419.0,45.0,5.0,False,1.0,7.0,7.0,False
20,10,_original_nint128_seed0,6,6,4,0;2;4;5;8;9,False,False,,0;2;5;8;9,4,10.0,21.0,416.0,36.0,5.0,False,1.0,10.0,10.0,False
20,10,_original_nint128_seed0,7,7,3,0;1;4;5;7;8;9,True,False,,0;1;5;7;8;9,4,6.0,11.0,181.0,48.0,5.0,False,1.0,6.0,6.0,False
20,10,_original_nint128_seed0,7,7,3,0;2;4;5;7;8;9,True,False,,0;2;5;7;8;9,4,7.0,16.0,374.0,42.0,5.0,False,1.0,7.0,7.0,False
20,10,_original_nint128_seed0,7,7,3,0;1;3;4;5;7;9,True,False,,0;1;3;5;7;9,4,5.0,8.0,132.0,53.0,5.0,False,1.0,5.0,5.0,True
20,10,_original_nint128_seed0,7,7,3,1;2;3;4;5;7;9,True,False,,1;2;3;5;7;9,4,6.0,10.0,180.0,42.0,5.0,False,1.0,6.0,6.0,False
20,10,_original_nint128_seed0,7,7,3,0;2;3;4;6;8;9,True,False,,0;2;3;4;6;9,8,6.0,11.0,550.0,46.0,5.0,False,1.0,6.0,6.0,False
20,10,_original_nint128_seed0,7,7,3,0;2;4;5;6;8;9,True,False,,0;2;5;6;8;9,4,6.0,11.0,358.0,43.0,5.0,False,1.0,6.0,6.0,False
20,10,_original_nint128_seed0,7,7,3,0;1;2;4;5;7;9,True,False,,0;1;2;5;7;9,4,6.0,13.0,192.0,49.0,5.0,False,1.0,6.0,6.0,False
20,10,_original_nint128_seed0,7,7,3,0;1;2;4;5;8;9,True,False,,0;1;2;5;8;9,4,7.0,13.0,196.0,46.0,5.0,False,1.0,7.0,7.0,False
20,10,_original_nint128_seed0,7,7,3,0;1;2;3;7;8;9,True,False,,0;1;2;3;7;9,8,6.0,10.0,445.0,49.0,5.0,False,1.0,6.0,6.0,False
20,10,_original_nint128_seed0,7,7,3,1;2;3;4;7;8;9,True,False,,1;2;3;4;7;9,8,7.0,16.0,424.0,39.0,5.0,False,1.0,7.0,7.0,False
20,10,_original_nint128_seed0,7,7,3,0;2;5;6;7;8;9,True,False,,0;2;5;6;8;9,7,6.0,11.0,410.0,45.0,5.0,False,1.0,6.0,6.0,False
20,10,_original_nint128_seed0,7,7,3,0;2;3;6;7;8;9,True,False,,0;2;3;6;7;9,8,6.0,11.0,602.0,48.0,5.0,False,1.0,6.0,6.0,False
20,10,_original_nint128_seed0,7,7,3,0;1;2;5;7;8;9,True,False,,0;1;5;7;8;9,2,6.0,10.0,251.0,47.0,5.0,False,1.0,6.0,6.0,False
20,10,_original_nint128_seed0,7,7,3,0;1;2;3;4;7;9,True,False,,0;1;2;3;7;9,4,6.0,10.0,387.0,50.0,5.0,False,1.0,6.0,6.0,False
20,10,_original_nint128_seed0,7,7,3,0;1;3;4;7;8;9,True,False,,0;1;3;4;7;9,8,6.0,10.0,380.0,49.0,5.0,False,1.0,6.0,6.0,False
20,10,_original_nint128_seed0,7,7,3,0;2;3;4;7;8;9,True,False,,0;2;3;4;7;9,8,7.0,16.0,566.0,45.0,5.0,False,1.0,7.0,7.0,False
20,10,_original_nint128_seed0,7,7,3,1;2;4;5;7;8;9,True,False,,1;2;4;5;7;9,8,7.0,16.0,232.0,37.0,5.0,False,1.0,7.0,7.0,False
20,10,_original_nint128_seed0,7,7,3,0;1;2;3;4;8;9,True,False,,0;1;2;3;4;9,8,7.0,13.0,390.0,48.0,5.0,False,1.0,7.0,7.0,False
20,10,_original_nint128_seed0,2,2,8,1;6,False,True,collision,1,6,,,,,,True,,,,
20,10,_original_nint128_seed0,3,3,7,1;4;6,False,True,monotone,1;4,6,,,,,,True,,,,
20,10,_original_nint128_seed0,3,3,7,4;6;7,False,True,collision,4;6,7,,,,,,True,,,,
20,10,_original_nint128_seed0,3,3,7,1;2;6,False,True,monotone,2;6,1,,,,,,True,,,,
20,10,_original_nint128_seed0,3,3,7,1;6;9,False,True,monotone,6;9,1,,,,,,True,,,,
20,10,_original_nint128_seed0,3,3,7,1;6;7,False,True,monotone,1;7,6,,,,,,True,,,,
20,10,_original_nint128_seed0,3,3,7,0;1;6,False,True,monotone,0;6,1,,,,,,True,,,,
20,10,_original_nint128_seed0,3,3,7,1;6;8,False,True,monotone,1;8,6,,,,,,True,,,,
20,10,_original_nint128_seed0,3,3,7,1;5;6,False,True,monotone,5;6,1,,,,,,True,,,,
20,10,_original_nint128_seed0,3,3,7,3;5;8,False,True,collision,3;5,8,,,,,,True,,,,
20,10,_original_nint128_seed0,3,3,7,1;3;6,False,True,monotone,1;3,6,,,,,,True,,,,
20,10,_original_nint128_seed0,4,4,6,1;2;6;9,False,True,monotone,1;2;9,6,,,,,,True,,,,
20,10,_original_nint128_seed0,4,4,6,0;1;6;7,False,True,monotone,0;1;7,6,,,,,,True,,,,
20,10,_original_nint128_seed0,4,4,6,4;6;7;9,False,True,monotone,4;7;9,6,,,,,,True,,,,
20,10,_original_nint128_seed0,4,4,6,3;5;8;9,False,True,monotone,3;5;9,8,,,,,,True,,,,
20,10,_original_nint128_seed0,4,4,6,0;1;4;6,False,True,monotone,0;4;6,1,,,,,,True,,,,
20,10,_original_nint128_seed0,4,4,6,0;4;6;7,False,True,monotone,0;4;6,7,,,,,,True,,,,
20,10,_original_nint128_seed0,4,4,6,4;6;7;8,False,True,monotone,4;7;8,6,,,,,,True,,,,
20,10,_original_nint128_seed0,4,4,6,1;3;6;7,False,True,monotone,1;3;7,6,,,,,,True,,,,
20,10,_original_nint128_seed0,4,4,6,3;4;5;8,False,True,monotone,3;4;5,8,,,,,,True,,,,
20,10,_original_nint128_seed0,4,4,6,0;1;6;9,False,True,monotone,0;6;9,1,,,,,,True,,,,
20,10,_original_nint128_seed0,4,4,6,1;2;6;7,False,True,monotone,2;6;7,1,,,,,,True,,,,
20,10,_original_nint128_seed0,4,4,6,2;4;6;7,False,True,monotone,2;6;7,4,,,,,,True,,,,
20,10,_original_nint128_seed0,4,4,6,1;3;6;9,False,True,monotone,1;3;9,6,,,,,,True,,,,
20,10,_original_nint128_seed0,4,4,6,2;3;5;8,False,True,monotone,2;3;8,5,,,,,,True,,,,
20,10,_original_nint128_seed0,4,4,6,0;1;3;6,False,True,monotone,0;1;3,6,,,,,,True,,,,
20,10,_original_nint128_seed0,4,4,6,1;4;6;9,False,True,monotone,4;6;9,1,,,,,,True,,,,
20,10,_original_nint128_seed0,4,4,6,1;6;7;8,False,True,monotone,6;7;8,1,,,,,,True,,,,
20,10,_original_nint128_seed0,4,4,6,1;5;6;7,False,True,monotone,1;5;7,6,,,,,,True,,,,
20,10,_original_nint128_seed0,4,4,6,0;2;3;5,False,True,collision,0;3;5,2,,,,,,True,,,,
20,10,_original_nint128_seed0,4,4,6,0;3;5;8,False,True,monotone,0;3;5,8,,,,,,True,,,,
20,10,_original_nint128_seed0,4,4,6,1;5;6;9,False,True,monotone,5;6;9,1,,,,,,True,,,,
20,10,_original_nint128_seed0,4,4,6,1;6;8;9,False,True,monotone,1;8;9,6,,,,,,True,,,,
20,10,_original_nint128_seed0,4,4,6,1;4;5;6,False,True,monotone,1;4;5,6,,,,,,True,,,,
20,10,_original_nint128_seed0,4,4,6,1;4;6;8,False,True,monotone,4;6;8,1,,,,,,True,,,,
20,10,_original_nint128_seed0,4,4,6,4;5;6;7,False,True,monotone,5;6;7,4,,,,,,True,,,,
20,10,_original_nint128_seed0,4,4,6,1;3;5;6,False,True,monotone,1;3;5,6,,,,,,True,,,,
20,10,_original_nint128_seed0,4,4,6,1;3;5;8,False,True,monotone,1;3;5,8,,,,,,True,,,,
20,10,_original_nint128_seed0,4,4,6,1;3;6;8,False,True,monotone,3;6;8,1,,,,,,True,,,,
20,10,_original_nint128_seed0,4,4,6,3;5;6;8,False,True,monotone,3;6;8,5,,,,,,True,,,,
20,10,_original_nint128_seed0,4,4,6,1;5;6;8,False,True,monotone,1;5;8,6,,,,,,True,,,,
20,10,_original_nint128_seed0,4,4,6,1;2;4;6,False,True,monotone,2;4;6,1,,,,,,True,,,,
20,10,_original_nint128_seed0,4,4,6,1;4;6;7,False,True,monotone,1;4;7,6,,,,,,True,,,,
20,10,_original_nint128_seed0,4,4,6,3;5;7;8,False,True,monotone,5;7;8,3,,,,,,True,,,,
20,10,_original_nint128_seed0,4,4,6,1;3;4;6,False,True,monotone,3;4;6,1,,,,,,True,,,,
20,10,_original_nint128_seed0,4,4,6,3;4;6;7,False,True,monotone,3;4;6,7,,,,,,True,,,,
20,10,_original_nint128_seed0,4,4,6,1;6;7;9,False,True,monotone,1;7;9,6,,,,,,True,,,,
20,10,_original_nint128_seed0,4,4,6,0;1;2;6,False,True,monotone,0;1;2,6,,,,,,True,,,,
20,10,_original_nint128_seed0,4,4,6,1;2;3;6,False,True,monotone,2;3;6,1,,,,,,True,,,,
20,10,_original_nint128_seed0,4,4,6,1;2;6;8,False,True,monotone,2;6;8,1,,,,,,True,,,,
20,10,_original_nint128_seed0,4,4,6,1;2;5;6,False,True,monotone,1;2;5,6,,,,,,True,,,,
20,10,_original_nint128_seed0,4,4,6,0;1;5;6,False,True,monotone,0;5;6,1,,,,,,True,,,,
20,10,_original_nint128_seed0,4,4,6,0;1;6;8,False,True,monotone,0;1;8,6,,,,,,True,,,,
20,10,_original_nint128_seed0,5,5,5,1;2;5;6;8,False,True,monotone,2;5;6;8,1,,,,,,True,,,,
20,10,_original_nint128_seed0,5,5,5,2;3;5;6;8,False,True,monotone,2;5;6;8,3,,,,,,True,,,,
20,10,_original_nint128_seed0,5,5,5,1;2;3;5;8,False,True,monotone,1;2;3;8,5,,,,,,True,,,,
20,10,_original_nint128_seed0,5,5,5,1;2;3;6;8,False,True,monotone,1;2;3;8,6,,,,,,True,,,,
20,10,_original_nint128_seed0,5,5,5,0;2;3;5;6,False,True,monotone,2;3;5;6,0,,,,,,True,,,,
20,10,_original_nint128_seed0,5,5,5,1;2;3;5;6,False,True,monotone,2;3;5;6,1,,,,,,True,,,,
20,10,_original_nint128_seed0,5,5,5,1;5;6;7;8,False,True,monotone,5;6;7;8,1,,,,,,True,,,,
20,10,_original_nint128_seed0,5,5,5,3;5;6;7;8,False,True,monotone,5;6;7;8,3,,,,,,True,,,,
20,10,_original_nint128_seed0,5,5,5,4;5;6;7;8,False,True,monotone,5;6;7;8,4,,,,,,True,,,,
20,10,_original_nint128_seed0,5,5,5,3;4;5;7;8,False,True,monotone,3;4;7;8,5,,,,,,True,,,,
20,10,_original_nint128_seed0,5,5,5,3;4;6;7;8,False,True,monotone,3;4;7;8,6,,,,,,True,,,,
20,10,_original_nint128_seed0,5,5,5,0;1;3;4;6,False,True,monotone,0;3;4;6,1,,,,,,True,,,,
20,10,_original_nint128_seed0,5,5,5,0;3;4;6;7,False,True,monotone,0;3;4;6,7,,,,,,True,,,,
20,10,_original_nint128_seed0,5,5,5,1;2;5;6;9,False,True,monotone,2;5;6;9,1,,,,,,True,,,,
20,10,_original_nint128_seed0,5,5,5,1;2;6;8;9,False,True,monotone,1;2;8;9,6,,,,,,True,,,,
20,10,_original_nint128_seed0,5,5,5,1;3;4;5;6,False,True,monotone,3;4;5;6,1,,,,,,True,,,,
20,10,_original_nint128_seed0,5,5,5,3;4;5;6;7,False,True,monotone,3;4;5;6,7,,,,,,True,,,,
20,10,_original_nint128_seed0,5,5,5,3;4;5;6;8,False,True,monotone,3;4;5;6,8,,,,,,True,,,,
20,10,_original_nint128_seed0,5,5,5,1;3;4;5;8,False,True,monotone,1;3;4;8,5,,,,,,True,,,,
20,10,_original_nint128_seed0,5,5,5,1;3;4;6;8,False,True,monotone,1;3;4;8,6,,,,,,True,,,,
20,10,_original_nint128_seed0,5,5,5,0;2;3;4;5,False,True,monotone,0;2;3;4,5,,,,,,True,,,,
20,10,_original_nint128_seed0,5,5,5,4;6;7;8;9,False,True,monotone,4;7;8;9,6,,,,,,True,,,,
20,10,_original_nint128_seed0,5,5,5,0;1;2;5;6,False,True,monotone,0;2;5;6,1,,,,,,True,,,,
20,10,_original_nint128_seed0,5,5,5,0;1;2;6;8,False,True,monotone,0;1;2;8,6,,,,,,True,,,,
20,10,_original_nint128_seed0,5,5,5,3;4;6;7;9,False,True,monotone,3;4;7;9,6,,,,,,True,,,,
20,10,_original_nint128_seed0,5,5,5,2;3;5;7;8,False,True,monotone,2;3;7;8,5,,,,,,True,,,,
20,10,_original_nint128_seed0,5,5,5,0;1;4;6;9,False,True,monotone,0;1;4;9,6,,,,,,True,,,,
20,10,_original_nint128_seed0,5,5,5,1;2;4;6;8,False,True,monotone,1;2;4;8,6,,,,,,True,,,,
20,10,_original_nint128_seed0,5,5,5,1;2;4;5;6,False,True,monotone,2;4;5;6,1,,,,,,True,,,,
20,10,_original_nint128_seed0,5,5,5,2;4;5;6;7,False,True,monotone,2;4;5;6,7,,,,,,True,,,,
20,10,_original_nint128_seed0,5,5,5,0;2;4;6;7,False,True,monotone,0;2;4;7,6,,,,,,True,,,,
20,10,_original_nint128_seed0,5,5,5,2;4;6;7;8,False,True,monotone,2;4;6;8,7,,,,,,True,,,,
20,10,_original_nint128_seed0,5,5,5,0;2;3;5;9,False,True,monotone,0;2;3;9,5,,,,,,True,,,,
20,10,_original_nint128_seed0,5,5,5,1;4;6;7;8,False,True,monotone,1;4;7;8,6,,,,,,True,,,,
20,10,_original_nint128_seed0,5,5,5,0;1;2;3;5,False,True,monotone,0;1;3;5,2,,,,,,True,,,,
20,10,_original_nint128_seed0,5,5,5,0;1;3;5;6,False,True,monotone,0;1;3;5,6,,,,,,True,,,,
20,10,_original_nint128_seed0,5,5,5,0;1;3;5;8,False,True,monotone,0;1;3;5,8,,,,,,True,,,,
20,10,_original_nint128_seed0,5,5,5,0;1;3;6;8,False,True,monotone,0;3;6;8,1,,,,,,True,,,,
20,10,_original_nint128_seed0,5,5,5,0;3;5;6;8,False,True,monotone,0;3;6;8,5,,,,,,True,,,,
20,10,_original_nint128_seed0,5,5,5,0;3;5;7;8,False,True,monotone,0;3;7;8,5,,,,,,True,,,,
20,10,_original_nint128_seed0,5,5,5,1;2;4;6;9,False,True,monotone,1;2;4;9,6,,,,,,True,,,,
20,10,_original_nint128_seed0,5,5,5,2;3;5;8;9,False,True,monotone,2;5;8;9,3,,,,,,True,,,,
20,10,_original_nint128_seed0,5,5,5,0;2;3;5;8,False,True,monotone,0;2;3;8,5,,,,,,True,,,,
20,10,_original_nint128_seed0,5,5,5,1;2;6;7;8,False,True,monotone,1;2;7;8,6,,,,,,True,,,,
20,10,_original_nint128_seed0,5,5,5,1;2;5;6;7,False,True,monotone,2;5;6;7,1,,,,,,True,,,,
20,10,_original_nint128_seed0,5,5,5,2;3;4;6;7,False,True,monotone,2;3;4;7,6,,,,,,True,,,,
20,10,_original_nint128_seed0,5,5,5,0;1;5;6;9,False,True,monotone,0;5;6;9,1,,,,,,True,,,,
20,10,_original_nint128_seed0,5,5,5,0;1;6;8;9,False,True,monotone,0;1;8;9,6,,,,,,True,,,,
20,10,_original_nint128_seed0,5,5,5,0;2;3;5;7,False,True,monotone,0;2;5;7,3,,,,,,True,,,,
20,10,_original_nint128_seed0,5,5,5,0;1;6;7;9,False,True,monotone,0;6;7;9,1,,,,,,True,,,,
20,10,_original_nint128_seed0,5,5,5,0;4;6;7;9,False,True,monotone,0;6;7;9,4,,,,,,True,,,,
20,10,_original_nint128_seed0,5,5,5,1;4;6;8;9,False,True,monotone,4;6;8;9,1,,,,,,True,,,,
20,10,_original_nint128_seed0,5,5,5,1;4;5;6;9,False,True,monotone,1;4;5;9,6,,,,,,True,,,,
20,10,_original_nint128_seed0,5,5,5,1;4;5;6;8,False,True,monotone,4;5;6;8,1,,,,,,True,,,,
20,10,_original_nint128_seed0,5,5,5,0;4;5;6;7,False,True,monotone,0;4;5;7,6,,,,,,True,,,,
20,10,_original_nint128_seed0,5,5,5,0;4;6;7;8,False,True,monotone,0;4;7;8,6,,,,,,True,,,,
20,10,_original_nint128_seed0,5,5,5,1;2;4;6;7,False,True,monotone,1;2;4;7,6,,,,,,True,,,,
20,10,_original_nint128_seed0,5,5,5,1;6;7;8;9,False,True,monotone,1;7;8;9,6,,,,,,True,,,,
20,10,_original_nint128_seed0,5,5,5,1;5;6;7;9,False,True,monotone,5;6;7;9,1,,,,,,True,,,,
20,10,_original_nint128_seed0,5,5,5,4;5;6;7;9,False,True,monotone,5;6;7;9,4,,,,,,True,,,,
20,10,_original_nint128_seed0,5,5,5,0;1;2;3;6,False,True,monotone,0;2;3;6,1,,,,,,True,,,,
20,10,_original_nint128_seed0,5,5,5,1;2;3;4;6,False,True,monotone,2;3;4;6,1,,,,,,True,,,,
20,10,_original_nint128_seed0,5,5,5,3;4;5;8;9,False,True,monotone,3;4;5;9,8,,,,,,True,,,,
20,10,_original_nint128_seed0,5,5,5,1;3;5;8;9,False,True,monotone,1;5;8;9,3,,,,,,True,,,,
20,10,_original_nint128_seed0,5,5,5,1;5;6;8;9,False,True,monotone,1;5;8;9,6,,,,,,True,,,,
20,10,_original_nint128_seed0,5,5,5,1;2;6;7;9,False,True,monotone,2;6;7;9,1,,,,,,True,,,,
20,10,_original_nint128_seed0,5,5,5,2;4;6;7;9,False,True,monotone,2;6;7;9,4,,,,,,True,,,,
20,10,_original_nint128_seed0,5,5,5,1;4;5;6;7,False,True,monotone,1;4;5;7,6,,,,,,True,,,,
20,10,_original_nint128_seed0,5,5,5,1;4;6;7;9,False,True,monotone,1;4;7;9,6,,,,,,True,,,,
20,10,_original_nint128_seed0,5,5,5,2;3;4;5;8,False,True,monotone,2;3;4;5,8,,,,,,True,,,,
20,10,_original_nint128_seed0,5,5,5,1;3;4;6;9,False,True,monotone,1;3;4;9,6,,,,,,True,,,,
20,10,_original_nint128_seed0,5,5,5,0;1;2;6;9,False,True,monotone,0;2;6;9,1,,,,,,True,,,,
20,10,_original_nint128_seed0,5,5,5,1;3;5;7;8,False,True,monotone,1;5;7;8,3,,,,,,True,,,,
20,10,_original_nint128_seed0,5,5,5,0;3;5;8;9,False,True,monotone,0;3;8;9,5,,,,,,True,,,,
20,10,_original_nint128_seed0,5,5,5,1;3;6;7;9,False,True,monotone,3;6;7;9,1,,,,,,True,,,,
20,10,_original_nint128_seed0,5,5,5,1;3;5;6;9,False,True,monotone,1;3;5;9,6,,,,,,True,,,,
20,10,_original_nint128_seed0,5,5,5,0;1;2;6;7,False,True,monotone,0;2;6;7,1,,,,,,True,,,,
20,10,_original_nint128_seed0,5,5,5,1;3;6;8;9,False,True,monotone,3;6;8;9,1,,,,,,True,,,,
20,10,_original_nint128_seed0,5,5,5,3;5;6;8;9,False,True,monotone,3;6;8;9,5,,,,,,True,,,,
20,10,_original_nint128_seed0,5,5,5,0;1;5;6;8,False,True,monotone,0;1;5;8,6,,,,,,True,,,,
20,10,_original_nint128_seed0,5,5,5,0;3;4;5;8,False,True,monotone,0;3;4;5,8,,,,,,True,,,,
20,10,_original_nint128_seed0,5,5,5,1;3;4;6;7,False,True,monotone,1;3;4;7,6,,,,,,True,,,,
20,10,_original_nint128_seed0,5,5,5,0;1;4;6;8,False,True,monotone,0;4;6;8,1,,,,,,True,,,,
20,10,_original_nint128_seed0,5,5,5,0;1;4;5;6,False,True,monotone,0;1;4;5,6,,,,,,True,,,,
20,10,_original_nint128_seed0,5,5,5,1;3;6;7;8,False,True,monotone,1;3;7;8,6,,,,,,True,,,,
20,10,_original_nint128_seed0,5,5,5,1;3;5;6;7,False,True,monotone,3;5;6;7,1,,,,,,True,,,,
20,10,_original_nint128_seed0,5,5,5,0;1;5;6;7,False,True,monotone,0;1;5;7,6,,,,,,True,,,,
20,10,_original_nint128_seed0,5,5,5,0;1;6;7;8,False,True,monotone,0;6;7;8,1,,,,,,True,,,,
20,10,_original_nint128_seed0,5,5,5,0;1;3;6;7,False,True,monotone,0;3;6;7,1,,,,,,True,,,,
20,10,_original_nint128_seed0,5,5,5,0;1;4;6;7,False,True,monotone,0;1;4;7,6,,,,,,True,,,,
20,10,_original_nint128_seed0,5,5,5,0;1;2;4;6,False,True,monotone,0;2;4;6,1,,,,,,True,,,,
20,10,_original_nint128_seed0,5,5,5,1;2;3;6;7,False,True,monotone,1;2;3;7,6,,,,,,True,,,,
20,10,_original_nint128_seed0,5,5,5,3;5;7;8;9,False,True,monotone,5;7;8;9,3,,,,,,True,,,,
20,10,_original_nint128_seed0,5,5,5,1;2;3;6;9,False,True,monotone,2;3;6;9,1,,,,,,True,,,,
20,10,_original_nint128_seed0,5,5,5,0;1;3;6;9,False,True,monotone,0;1;3;9,6,,,,,,True,,,,
20,10,_original_nint128_seed0,6,6,4,0;1;2;3;5;7,False,True,monotone,0;1;2;3;7,5,,,,,,True,,,,
20,10,_original_nint128_seed0,6,6,4,0;1;2;3;6;7,False,True,monotone,0;1;2;3;7,6,,,,,,True,,,,
20,10,_original_nint128_seed0,6,6,4,0;2;3;4;6;7,False,True,monotone,0;2;3;6;7,4,,,,,,True,,,,
20,10,_original_nint128_seed0,6,6,4,0;2;3;5;6;7,False,True,monotone,0;2;3;6;7,5,,,,,,True,,,,
20,10,_original_nint128_seed0,6,6,4,0;2;3;5;8;9,False,True,monotone,0;2;3;8;9,5,,,,,,True,,,,
20,10,_original_nint128_seed0,6,6,4,1;2;5;6;7;9,False,True,monotone,2;5;6;7;9,1,,,,,,True,,,,
20,10,_original_nint128_seed0,6,6,4,2;4;5;6;7;9,False,True,monotone,2;5;6;7;9,4,,,,,,True,,,,
20,10,_original_nint128_seed0,6,6,4,1;2;6;7;8;9,False,True,monotone,1;2;7;8;9,6,,,,,,True,,,,
20,10,_original_nint128_seed0,6,6,4,2;3;4;6;7;9,False,True,monotone,2;3;4;7;9,6,,,,,,True,,,,
20,10,_original_nint128_seed0,6,6,4,0;1;4;5;6;9,False,True,monotone,0;4;5;6;9,1,,,,,,True,,,,
20,10,_original_nint128_seed0,6,6,4,0;4;5;6;7;9,False,True,monotone,0;4;5;6;9,7,,,,,,True,,,,
20,10,_original_nint128_seed0,6,6,4,1;3;4;5;7;8,False,True,monotone,1;3;4;7;8,5,,,,,,True,,,,
20,10,_original_nint128_seed0,6,6,4,1;3;4;6;7;8,False,True,monotone,1;3;4;7;8,6,,,,,,True,,,,
20,10,_original_nint128_seed0,6,6,4,1;2;3;4;6;9,False,True,monotone,1;2;3;4;9,6,,,,,,True,,,,
20,10,_original_nint128_seed0,6,6,4,0;1;2;4;7;8,False,True,collision,0;1;4;7;8,2,,,,,,True,,,,
20,10,_original_nint128_seed0,6,6,4,0;1;4;6;7;8,False,True,monotone,0;1;4;7;8,6,,,,,,True,,,,
20,10,_original_nint128_seed0,6,6,4,0;1;2;3;4;5,False,True,monotone,0;1;2;3;4,5,,,,,,True,,,,
20,10,_original_nint128_seed0,6,6,4,0;1;2;3;4;6,False,True,monotone,0;1;2;3;4,6,,,,,,True,,,,
20,10,_original_nint128_seed0,6,6,4,0;3;4;5;8;9,False,True,monotone,0;3;4;8;9,5,,,,,,True,,,,
20,10,_original_nint128_seed0,6,6,4,0;1;5;6;8;9,False,True,monotone,0;5;6;8;9,1,,,,,,True,,,,
20,10,_original_nint128_seed0,6,6,4,0;3;5;6;8;9,False,True,monotone,0;5;6;8;9,3,,,,,,True,,,,
20,10,_original_nint128_seed0,6,6,4,2;3;4;5;7;8,False,True,monotone,2;3;4;7;8,5,,,,,,True,,,,
20,10,_original_nint128_seed0,6,6,4,2;3;4;6;7;8,False,True,monotone,2;3;4;7;8,6,,,,,,True,,,,
20,10,_original_nint128_seed0,6,6,4,0;1;2;4;5;6,False,True,monotone,0;2;4;5;6,1,,,,,,True,,,,
20,10,_original_nint128_seed0,6,6,4,0;2;3;4;5;6,False,True,monotone,0;2;4;5;6,3,,,,,,True,,,,
20,10,_original_nint128_seed0,6,6,4,0;2;4;5;6;7,False,True,monotone,0;2;4;5;6,7,,,,,,True,,,,
20,10,_original_nint128_seed0,6,6,4,0;1;2;4;6;8,False,True,monotone,0;1;2;4;8,6,,,,,,True,,,,
20,10,_original_nint128_seed0,6,6,4,1;4;5;6;8;9,False,True,monotone,4;5;6;8;9,1,,,,,,True,,,,
20,10,_original_nint128_seed0,6,6,4,3;4;5;6;8;9,False,True,monotone,4;5;6;8;9,3,,,,,,True,,,,
20,10,_original_nint128_seed0,6,6,4,4;5;6;7;8;9,False,True,monotone,4;5;6;8;9,7,,,,,,True,,,,
20,10,_original_nint128_seed0,6,6,4,0;4;6;7;8;9,False,True,monotone,0;4;7;8;9,6,,,,,,True,,,,
20,10,_original_nint128_seed0,6,6,4,1;3;4;5;8;9,False,True,monotone,1;4;5;8;9,3,,,,,,True,,,,
20,10,_original_nint128_seed0,6,6,4,1;2;4;6;7;9,False,True,monotone,1;2;4;7;9,6,,,,,,True,,,,
20,10,_original_nint128_seed0,6,6,4,0;1;2;3;6;9,False,True,monotone,0;2;3;6;9,1,,,,,,True,,,,
20,10,_original_nint128_seed0,6,6,4,0;2;3;5;6;9,False,True,monotone,0;2;3;6;9,5,,,,,,True,,,,
20,10,_original_nint128_seed0,6,6,4,2;3;5;7;8;9,False,True,monotone,2;5;7;8;9,3,,,,,,True,,,,
20,10,_original_nint128_seed0,6,6,4,0;2;3;5;7;9,False,True,monotone,0;2;3;7;9,5,,,,,,True,,,,
20,10,_original_nint128_seed0,6,6,4,1;2;5;6;8;9,False,True,monotone,2;5;6;8;9,1,,,,,,True,,,,
20,10,_original_nint128_seed0,6,6,4,2;3;5;6;8;9,False,True,monotone,2;5;6;8;9,3,,,,,,True,,,,
20,10,_original_nint128_seed0,6,6,4,0;3;4;5;7;8,False,True,monotone,0;3;4;7;8,5,,,,,,True,,,,
20,10,_original_nint128_seed0,6,6,4,0;3;4;6;7;8,False,True,monotone,0;3;4;7;8,6,,,,,,True,,,,
20,10,_original_nint128_seed0,6,6,4,1;2;3;5;8;9,False,True,monotone,1;2;3;8;9,5,,,,,,True,,,,
20,10,_original_nint128_seed0,6,6,4,1;2;3;6;8;9,False,True,monotone,1;2;3;8;9,6,,,,,,True,,,,
20,10,_original_nint128_seed0,6,6,4,1;2;3;5;6;9,False,True,monotone,2;3;5;6;9,1,,,,,,True,,,,
20,10,_original_nint128_seed0,6,6,4,0;1;5;6;7;8,False,True,monotone,0;5;6;7;8,1,,,,,,True,,,,
20,10,_original_nint128_seed0,6,6,4,0;3;5;6;7;8,False,True,monotone,0;5;6;7;8,3,,,,,,True,,,,
20,10,_original_nint128_seed0,6,6,4,0;4;5;6;7;8,False,True,monotone,0;5;6;7;8,4,,,,,,True,,,,
20,10,_original_nint128_seed0,6,6,4,1;5;6;7;8;9,False,True,monotone,5;6;7;8;9,1,,,,,,True,,,,
20,10,_original_nint128_seed0,6,6,4,3;5;6;7;8;9,False,True,monotone,5;6;7;8;9,3,,,,,,True,,,,
20,10,_original_nint128_seed0,6,6,4,3;4;5;7;8;9,False,True,monotone,3;4;7;8;9,5,,,,,,True,,,,
20,10,_original_nint128_seed0,6,6,4,3;4;6;7;8;9,False,True,monotone,3;4;7;8;9,6,,,,,,True,,,,
20,10,_original_nint128_seed0,6,6,4,0;1;2;5;6;8,False,True,monotone,0;2;5;6;8,1,,,,,,True,,,,
20,10,_original_nint128_seed0,6,6,4,0;2;3;5;6;8,False,True,monotone,0;2;5;6;8,3,,,,,,True,,,,
20,10,_original_nint128_seed0,6,6,4,0;1;3;4;6;9,False,True,monotone,0;3;4;6;9,1,,,,,,True,,,,
20,10,_original_nint128_seed0,6,6,4,0;3;4;6;7;9,False,True,monotone,0;3;4;6;9,7,,,,,,True,,,,
20,10,_original_nint128_seed0,6,6,4,0;3;5;7;8;9,False,True,monotone,0;5;7;8;9,3,,,,,,True,,,,
20,10,_original_nint128_seed0,6,6,4,0;1;2;6;7;8,False,True,monotone,0;2;6;7;8,1,,,,,,True,,,,
20,10,_original_nint128_seed0,6,6,4,0;2;4;6;7;8,False,True,monotone,0;2;6;7;8,4,,,,,,True,,,,
20,10,_original_nint128_seed0,6,6,4,0;1;2;5;6;7,False,True,monotone,0;1;2;5;7,6,,,,,,True,,,,
20,10,_original_nint128_seed0,6,6,4,1;2;3;4;5;8,False,True,monotone,1;2;4;5;8,3,,,,,,True,,,,
20,10,_original_nint128_seed0,6,6,4,1;2;4;5;6;8,False,True,monotone,1;2;4;5;8,6,,,,,,True,,,,
20,10,_original_nint128_seed0,6,6,4,1;3;4;5;6;7,False,True,monotone,1;3;4;5;7,6,,,,,,True,,,,
20,10,_original_nint128_seed0,6,6,4,2;4;6;7;8;9,False,True,monotone,2;4;7;8;9,6,,,,,,True,,,,
20,10,_original_nint128_seed0,6,6,4,1;4;5;6;7;8,False,True,monotone,1;4;5;7;8,6,,,,,,True,,,,
20,10,_original_nint128_seed0,6,6,4,1;2;4;6;8;9,False,True,monotone,1;2;4;8;9,6,,,,,,True,,,,
20,10,_original_nint128_seed0,6,6,4,1;2;4;5;6;9,False,True,monotone,2;4;5;6;9,1,,,,,,True,,,,
20,10,_original_nint128_seed0,6,6,4,0;2;4;6;7;9,False,True,monotone,0;2;4;7;9,6,,,,,,True,,,,
20,10,_original_nint128_seed0,6,6,4,1;4;6;7;8;9,False,True,monotone,1;4;7;8;9,6,,,,,,True,,,,
20,10,_original_nint128_seed0,6,6,4,1;2;5;6;7;8,False,True,monotone,2;5;6;7;8,1,,,,,,True,,,,
20,10,_original_nint128_seed0,6,6,4,2;3;5;6;7;8,False,True,monotone,2;5;6;7;8,3,,,,,,True,,,,
20,10,_original_nint128_seed0,6,6,4,2;4;5;6;7;8,False,True,monotone,2;5;6;7;8,4,,,,,,True,,,,
20,10,_original_nint128_seed0,6,6,4,0;1;2;3;5;9,False,True,monotone,0;1;3;5;9,2,,,,,,True,,,,
20,10,_original_nint128_seed0,6,6,4,0;1;3;5;6;9,False,True,monotone,0;1;3;5;9,6,,,,,,True,,,,
20,10,_original_nint128_seed0,6,6,4,0;1;3;5;8;9,False,True,monotone,0;1;3;5;9,8,,,,,,True,,,,
20,10,_original_nint128_seed0,6,6,4,0;1;3;6;8;9,False,True,monotone,0;3;6;8;9,1,,,,,,True,,,,
20,10,_original_nint128_seed0,6,6,4,1;3;4;6;8;9,False,True,monotone,3;4;6;8;9,1,,,,,,True,,,,
20,10,_original_nint128_seed0,6,6,4,1;3;4;5;6;9,False,True,monotone,1;3;4;5;9,6,,,,,,True,,,,
20,10,_original_nint128_seed0,6,6,4,0;1;3;5;7;8,False,True,monotone,0;1;3;7;8,5,,,,,,True,,,,
20,10,_original_nint128_seed0,6,6,4,0;1;3;6;7;8,False,True,monotone,0;1;3;7;8,6,,,,,,True,,,,
20,10,_original_nint128_seed0,6,6,4,0;1;3;5;6;7,False,True,monotone,0;3;5;6;7,1,,,,,,True,,,,
20,10,_original_nint128_seed0,6,6,4,0;3;4;5;6;7,False,True,monotone,0;3;5;6;7,4,,,,,,True,,,,
20,10,_original_nint128_seed0,6,6,4,1;2;4;6;7;8,False,True,monotone,1;2;4;7;8,6,,,,,,True,,,,
20,10,_original_nint128_seed0,6,6,4,0;2;3;4;5;8,False,True,monotone,0;2;3;4;8,5,,,,,,True,,,,
20,10,_original_nint128_seed0,6,6,4,1;2;3;4;6;7,False,True,monotone,1;2;3;4;7,6,,,,,,True,,,,
20,10,_original_nint128_seed0,6,6,4,1;2;3;4;6;8,False,True,monotone,1;2;3;4;8,6,,,,,,True,,,,
20,10,_original_nint128_seed0,6,6,4,1;2;3;4;5;6,False,True,monotone,2;3;4;5;6,1,,,,,,True,,,,
20,10,_original_nint128_seed0,6,6,4,2;3;4;5;6;7,False,True,monotone,2;3;4;5;6,7,,,,,,True,,,,
20,10,_original_nint128_seed0,6,6,4,2;3;4;5;6;8,False,True,monotone,2;3;4;5;6,8,,,,,,True,,,,
20,10,_original_nint128_seed0,6,6,4,0;1;3;4;6;7,False,True,monotone,0;1;3;4;7,6,,,,,,True,,,,
20,10,_original_nint128_seed0,6,6,4,1;2;3;6;7;8,False,True,monotone,2;3;6;7;8,1,,,,,,True,,,,
20,10,_original_nint128_seed0,6,6,4,1;2;3;5;7;8,False,True,monotone,1;2;3;7;8,5,,,,,,True,,,,
20,10,_original_nint128_seed0,6,6,4,1;2;3;5;6;7,False,True,monotone,2;3;5;6;7,1,,,,,,True,,,,
20,10,_original_nint128_seed0,6,6,4,1;4;5;6;7;9,False,True,monotone,1;4;5;7;9,6,,,,,,True,,,,
20,10,_original_nint128_seed0,6,6,4,0;1;6;7;8;9,False,True,monotone,0;6;7;8;9,1,,,,,,True,,,,
20,10,_original_nint128_seed0,6,6,4,0;1;5;6;7;9,False,True,monotone,0;1;5;7;9,6,,,,,,True,,,,
20,10,_original_nint128_seed0,6,6,4,0;1;3;6;7;9,False,True,monotone,0;3;6;7;9,1,,,,,,True,,,,
20,10,_original_nint128_seed0,6,6,4,0;1;3;4;5;8,False,True,monotone,0;1;4;5;8,3,,,,,,True,,,,
20,10,_original_nint128_seed0,6,6,4,0;1;4;5;6;8,False,True,monotone,0;1;4;5;8,6,,,,,,True,,,,
20,10,_original_nint128_seed0,6,6,4,0;1;2;5;6;9,False,True,monotone,0;1;2;5;9,6,,,,,,True,,,,
20,10,_original_nint128_seed0,6,6,4,0;1;2;6;8;9,False,True,monotone,0;2;6;8;9,1,,,,,,True,,,,
20,10,_original_nint128_seed0,6,6,4,0;1;3;4;6;8,False,True,monotone,0;3;4;6;8,1,,,,,,True,,,,
20,10,_original_nint128_seed0,6,6,4,0;3;4;5;6;8,False,True,monotone,0;3;4;6;8,5,,,,,,True,,,,
20,10,_original_nint128_seed0,6,6,4,0;1;3;4;5;6,False,True,monotone,0;1;3;4;5,6,,,,,,True,,,,
20,10,_original_nint128_seed0,6,6,4,0;2;3;4;5;9,False,True,monotone,2;3;4;5;9,0,,,,,,True,,,,
20,10,_original_nint128_seed0,6,6,4,2;3;4;5;8;9,False,True,monotone,2;3;4;5;9,8,,,,,,True,,,,
20,10,_original_nint128_seed0,6,6,4,0;2;3;4;5;7,False,True,monotone,0;3;4;5;7,2,,,,,,True,,,,
20,10,_original_nint128_seed0,6,6,4,3;4;5;6;7;9,False,True,monotone,3;4;5;7;9,6,,,,,,True,,,,
20,10,_original_nint128_seed0,6,6,4,1;3;5;7;8;9,False,True,monotone,1;5;7;8;9,3,,,,,,True,,,,
20,10,_original_nint128_seed0,6,6,4,1;2;4;5;6;7,False,True,monotone,1;2;4;5;7,6,,,,,,True,,,,
20,10,_original_nint128_seed0,6,6,4,0;1;4;6;7;9,False,True,monotone,0;1;4;7;9,6,,,,,,True,,,,
20,10,_original_nint128_seed0,6,6,4,0;1;2;4;6;9,False,True,monotone,0;2;4;6;9,1,,,,,,True,,,,
20,10,_original_nint128_seed0,6,6,4,1;2;3;6;7;9,False,True,monotone,1;2;3;7;9,6,,,,,,True,,,,
20,10,_original_nint128_seed0,6,6,4,0;1;4;5;6;7,False,True,monotone,0;1;4;5;7,6,,,,,,True,,,,
20,10,_original_nint128_seed0,6,6,4,0;1;2;6;7;9,False,True,monotone,0;2;6;7;9,1,,,,,,True,,,,
20,10,_original_nint128_seed0,6,6,4,1;3;4;6;7;9,False,True,monotone,1;3;4;7;9,6,,,,,,True,,,,
20,10,_original_nint128_seed0,6,6,4,0;2;3;5;7;8,False,True,monotone,0;2;5;7;8,3,,,,,,True,,,,
20,10,_original_nint128_seed0,6,6,4,0;1;2;4;6;7,False,True,monotone,0;1;2;4;7,6,,,,,,True,,,,
20,10,_original_nint128_seed0,6,6,4,0;1;4;6;8;9,False,True,monotone,0;4;6;8;9,1,,,,,,True,,,,
20,10,_original_nint128_seed0,6,6,4,0;1;2;3;5;8,False,True,monotone,0;1;2;5;8,3,,,,,,True,,,,
20,10,_original_nint128_seed0,6,6,4,1;3;6;7;8;9,False,True,monotone,1;3;7;8;9,6,,,,,,True,,,,
20,10,_original_nint128_seed0,6,6,4,1;3;5;6;7;9,False,True,monotone,3;5;6;7;9,1,,,,,,True,,,,
20,10,_original_nint128_seed0,6,6,4,0;1;2;3;6;8,False,True,monotone,0;1;2;3;8,6,,,,,,True,,,,
20,10,_original_nint128_seed0,7,7,3,0;3;4;5;7;8;9,False,True,monotone,0;4;5;7;8;9,3,,,,,,True,,,,
20,10,_original_nint128_seed0,7,7,3,0;4;5;6;7;8;9,False,True,monotone,0;4;5;7;8;9,6,,,,,,True,,,,
20,10,_original_nint128_seed0,7,7,3,0;2;3;4;5;7;9,False,True,monotone,0;3;4;5;7;9,2,,,,,,True,,,,
20,10,_original_nint128_seed0,7,7,3,0;3;4;5;6;7;9,False,True,monotone,0;3;4;5;7;9,6,,,,,,True,,,,
20,10,_original_nint128_seed0,7,7,3,0;1;2;3;4;5;7,False,True,monotone,1;2;3;4;5;7,0,,,,,,True,,,,
20,10,_original_nint128_seed0,7,7,3,1;2;3;4;5;6;7,False,True,monotone,1;2;3;4;5;7,6,,,,,,True,,,,
20,10,_original_nint128_seed0,7,7,3,1;2;3;4;5;7;8,False,True,monotone,1;2;3;4;5;7,8,,,,,,True,,,,
20,10,_original_nint128_seed0,7,7,3,0;1;3;4;6;8;9,False,True,monotone,0;3;4;6;8;9,1,,,,,,True,,,,
20,10,_original_nint128_seed0,7,7,3,0;3;4;5;6;8;9,False,True,monotone,0;3;4;6;8;9,5,,,,,,True,,,,
20,10,_original_nint128_seed0,7,7,3,0;3;4;6;7;8;9,False,True,monotone,0;3;4;6;8;9,7,,,,,,True,,,,
20,10,_original_nint128_seed0,7,7,3,0;1;2;3;4;5;9,False,True,monotone,0;1;3;4;5;9,2,,,,,,True,,,,
20,10,_original_nint128_seed0,7,7,3,0;1;3;4;5;6;9,False,True,monotone,0;1;3;4;5;9,6,,,,,,True,,,,
20,10,_original_nint128_seed0,7,7,3,0;1;3;4;5;8;9,False,True,monotone,0;1;3;4;5;9,8,,,,,,True,,,,
20,10,_original_nint128_seed0,7,7,3,2;3;4;5;6;7;9,False,True,monotone,2;3;4;5;7;9,6,,,,,,True,,,,
20,10,_original_nint128_seed0,7,7,3,2;3;4;5;7;8;9,False,True,monotone,2;3;4;5;7;9,8,,,,,,True,,,,
20,10,_original_nint128_seed0,7,7,3,0;1;2;4;6;8;9,False,True,monotone,0;2;4;6;8;9,1,,,,,,True,,,,
20,10,_original_nint128_seed0,7,7,3,0;2;4;6;7;8;9,False,True,monotone,0;2;4;6;8;9,7,,,,,,True,,,,
20,10,_original_nint128_seed0,7,7,3,0;1;2;4;5;6;9,False,True,monotone,0;1;2;4;5;9,6,,,,,,True,,,,
20,10,_original_nint128_seed0,7,7,3,0;2;3;5;6;7;9,False,True,monotone,2;3;5;6;7;9,0,,,,,,True,,,,
20,10,_original_nint128_seed0,7,7,3,1;2;3;5;6;7;9,False,True,monotone,2;3;5;6;7;9,1,,,,,,True,,,,
20,10,_original_nint128_seed0,7,7,3,2;3;5;6;7;8;9,False,True,monotone,2;3;5;6;7;9,8,,,,,,True,,,,
20,10,_original_nint128_seed0,7,7,3,1;2;3;5;7;8;9,False,True,monotone,1;2;3;7;8;9,5,,,,,,True,,,,
20,10,_original_nint128_seed0,7,7,3,1;2;3;6;7;8;9,False,True,monotone,1;2;3;7;8;9,6,,,,,,True,,,,
20,10,_original_nint128_seed0,7,7,3,0;1;2;4;5;7;8,False,True,monotone,0;2;4;5;7;8,1,,,,,,True,,,,
20,10,_original_nint128_seed0,7,7,3,0;2;3;4;5;7;8,False,True,monotone,0;2;4;5;7;8,3,,,,,,True,,,,
20,10,_original_nint128_seed0,7,7,3,0;2;4;5;6;7;8,False,True,monotone,0;2;4;5;7;8,6,,,,,,True,,,,
20,10,_original_nint128_seed0,7,7,3,0;1;2;5;6;7;8,False,True,monotone,0;2;5;6;7;8,1,,,,,,True,,,,
20,10,_original_nint128_seed0,7,7,3,0;2;3;5;6;7;8,False,True,monotone,0;2;5;6;7;8,3,,,,,,True,,,,
20,10,_original_nint128_seed0,7,7,3,1;3;4;5;6;7;9,False,True,monotone,1;3;4;5;7;9,6,,,,,,True,,,,
20,10,_original_nint128_seed0,7,7,3,1;3;4;5;7;8;9,False,True,monotone,1;3;4;5;7;9,8,,,,,,True,,,,
20,10,_original_nint128_seed0,7,7,3,0;1;2;6;7;8;9,False,True,monotone,0;2;6;7;8;9,1,,,,,,True,,,,
20,10,_original_nint128_seed0,7,7,3,0;1;2;3;5;7;9,False,True,monotone,0;1;2;5;7;9,3,,,,,,True,,,,
20,10,_original_nint128_seed0,7,7,3,0;1;2;5;6;7;9,False,True,monotone,0;1;2;5;7;9,6,,,,,,True,,,,
20,10,_original_nint128_seed0,7,7,3,0;1;3;4;5;6;7,False,True,monotone,0;1;3;4;5;7,6,,,,,,True,,,,
20,10,_original_nint128_seed0,7,7,3,0;1;3;4;5;7;8,False,True,monotone,0;1;3;4;5;7,8,,,,,,True,,,,
20,10,_original_nint128_seed0,7,7,3,0;1;2;3;5;8;9,False,True,monotone,0;1;2;5;8;9,3,,,,,,True,,,,
20,10,_original_nint128_seed0,7,7,3,0;1;2;5;6;8;9,False,True,monotone,0;1;2;5;8;9,6,,,,,,True,,,,
20,10,_original_nint128_seed0,7,7,3,1;2;3;4;6;7;9,False,True,monotone,1;2;3;4;7;9,6,,,,,,True,,,,
20,10,_original_nint128_seed0,7,7,3,0;1;2;4;5;6;7,False,True,monotone,0;1;2;4;5;7,6,,,,,,True,,,,
20,10,_original_nint128_seed0,7,7,3,1;2;4;5;6;7;8,False,True,monotone,1;2;4;5;7;8,6,,,,,,True,,,,
20,10,_original_nint128_seed0,7,7,3,0;1;4;5;6;8;9,False,True,monotone,0;4;5;6;8;9,1,,,,,,True,,,,
20,10,_original_nint128_seed0,7,7,3,0;2;3;5;7;8;9,False,True,monotone,0;2;5;7;8;9,3,,,,,,True,,,,
20,10,_original_nint128_seed0,7,7,3,0;1;2;3;4;6;9,False,True,monotone,0;1;2;3;4;9,6,,,,,,True,,,,
20,10,_original_nint128_seed0,7,7,3,1;2;5;6;7;8;9,False,True,monotone,1;2;5;7;8;9,6,,,,,,True,,,,
20,10,_original_nint128_seed0,7,7,3,0;1;2;3;5;7;8,False,True,monotone,0;1;2;5;7;8,3,,,,,,True,,,,
20,10,_original_nint128_seed0,7,7,3,0;2;4;5;6;7;9,False,True,monotone,0;2;4;5;7;9,6,,,,,,True,,,,
20,10,_original_nint128_seed0,7,7,3,0;1;4;5;6;7;8,False,True,monotone,0;1;4;5;7;8,6,,,,,,True,,,,
20,10,_original_nint128_seed0,7,7,3,1;2;3;4;5;6;9,False,True,monotone,1;2;3;4;5;9,6,,,,,,True,,,,
20,10,_original_nint128_seed0,7,7,3,1;2;3;4;5;8;9,False,True,monotone,1;2;3;4;5;9,8,,,,,,True,,,,
20,10,_original_nint128_seed0,7,7,3,1;2;3;4;6;8;9,False,True,monotone,2;3;4;6;8;9,1,,,,,,True,,,,
20,10,_original_nint128_seed0,7,7,3,2;3;4;5;6;8;9,False,True,monotone,2;3;4;6;8;9,5,,,,,,True,,,,
20,10,_original_nint128_seed0,7,7,3,2;3;4;6;7;8;9,False,True,monotone,2;3;4;6;8;9,7,,,,,,True,,,,
20,10,_original_nint128_seed0,7,7,3,1;2;4;5;6;8;9,False,True,monotone,1;2;4;5;8;9,6,,,,,,True,,,,
20,10,_original_nint128_seed0,7,7,3,0;1;2;3;6;8;9,False,True,monotone,0;1;2;3;8;9,6,,,,,,True,,,,
20,10,_original_nint128_seed0,7,7,3,1;2;4;5;6;7;9,False,True,monotone,1;2;4;5;7;9,6,,,,,,True,,,,
20,10,_original_nint128_seed0,7,7,3,0;1;2;3;4;6;7,False,True,monotone,0;1;2;3;4;7,6,,,,,,True,,,,
20,10,_original_nint128_seed0,7,7,3,0;1;2;3;4;7;8,False,True,monotone,0;1;2;3;4;7,8,,,,,,True,,,,
20,10,_original_nint128_seed0,7,7,3,0;1;5;6;7;8;9,False,True,monotone,0;5;6;7;8;9,1,,,,,,True,,,,
20,10,_original_nint128_seed0,7,7,3,0;3;5;6;7;8;9,False,True,monotone,0;5;6;7;8;9,3,,,,,,True,,,,
20,10,_original_nint128_seed0,7,7,3,1;2;3;4;6;7;8,False,True,monotone,1;2;3;4;7;8,6,,,,,,True,,,,
20,10,_original_nint128_seed0,7,7,3,0;1;2;3;6;7;8,False,True,monotone,0;1;2;3;7;8,6,,,,,,True,,,,
20,10,_original_nint128_seed0,7,7,3,0;1;3;4;6;7;9,False,True,monotone,0;1;3;4;7;9,6,,,,,,True,,,,
20,10,_original_nint128_seed0,7,7,3,0;1;2;4;7;8;9,False,True,monotone,0;1;4;7;8;9,2,,,,,,True,,,,
20,10,_original_nint128_seed0,7,7,3,0;1;4;6;7;8;9,False,True,monotone,0;1;4;7;8;9,6,,,,,,True,,,,
20,10,_original_nint128_seed0,7,7,3,0;1;2;3;4;5;8,False,True,monotone,0;1;2;3;4;8,5,,,,,,True,,,,
20,10,_original_nint128_seed0,7,7,3,0;1;2;3;4;6;8,False,True,monotone,0;1;2;3;4;8,6,,,,,,True,,,,
20,10,_original_nint128_seed0,7,7,3,1;3;4;6;7;8;9,False,True,monotone,1;3;4;7;8;9,6,,,,,,True,,,,
20,10,_original_nint128_seed0,7,7,3,0;2;3;4;6;7;9,False,True,monotone,0;2;3;4;7;9,6,,,,,,True,,,,
20,10,_original_nint128_seed0,7,7,3,0;1;3;4;6;7;8,False,True,monotone,0;1;3;4;7;8,6,,,,,,True,,,,
20,10,_original_nint128_seed0,7,7,3,2;4;5;6;7;8;9,False,True,monotone,2;4;5;6;8;9,7,,,,,,True,,,,
20,10,_original_nint128_seed0,7,7,3,0;2;3;4;5;6;9,False,True,monotone,2;3;4;5;6;9,0,,,,,,True,,,,
20,10,_original_nint128_seed0,7,7,3,0;2;3;4;5;8;9,False,True,monotone,0;2;3;4;8;9,5,,,,,,True,,,,
20,10,_original_nint128_seed0,7,7,3,1;2;4;6;7;8;9,False,True,monotone,1;2;4;7;8;9,6,,,,,,True,,,,
20,10,_original_nint128_seed0,7,7,3,0;2;3;5;6;8;9,False,True,monotone,0;2;3;6;8;9,5,,,,,,True,,,,
20,10,_original_nint128_seed0,7,7,3,0;1;3;5;6;7;9,False,True,monotone,0;3;5;6;7;9,1,,,,,,True,,,,
20,10,_original_nint128_seed0,7,7,3,0;1;3;5;7;8;9,False,True,monotone,0;1;3;7;8;9,5,,,,,,True,,,,
20,10,_original_nint128_seed0,7,7,3,0;1;3;6;7;8;9,False,True,monotone,0;1;3;7;8;9,6,,,,,,True,,,,
20,10,_original_nint128_seed0,7,7,3,0;1;4;5;6;7;9,False,True,monotone,0;1;4;5;7;9,6,,,,,,True,,,,
20,10,_original_nint128_seed0,7,7,3,0;1;2;4;5;6;8,False,True,monotone,0;1;2;4;5;8,6,,,,,,True,,,,
20,10,_original_nint128_seed0,7,7,3,0;2;3;4;5;6;8,False,True,monotone,0;2;4;5;6;8,3,,,,,,True,,,,
20,10,_original_nint128_seed0,7,7,3,1;4;5;6;7;8;9,False,True,monotone,1;4;5;7;8;9,6,,,,,,True,,,,
20,10,_original_nint128_seed0,7,7,3,0;1;2;4;6;7;9,False,True,monotone,0;1;2;4;7;9,6,,,,,,True,,,,
20,10,_original_nint128_seed0,7,7,3,0;2;3;4;6;7;8,False,True,monotone,0;2;3;4;7;8,6,,,,,,True,,,,
20,10,_original_nint128_seed0,7,7,3,0;1;2;3;6;7;9,False,True,monotone,0;1;2;3;7;9,6,,,,,,True,,,,
20,10,_original_nint128_seed0,8,8,2,0;1;2;3;4;6;8;9,False,True,monotone,0;2;3;4;6;8;9,1,,,,,,True,,,,
20,10,_original_nint128_seed0,8,8,2,0;2;3;4;5;6;8;9,False,True,monotone,0;2;3;4;6;8;9,5,,,,,,True,,,,
20,10,_original_nint128_seed0,8,8,2,0;2;3;4;6;7;8;9,False,True,monotone,0;2;3;4;6;8;9,7,,,,,,True,,,,
20,10,_original_nint128_seed0,8,8,2,0;1;2;3;4;7;8;9,False,True,monotone,1;2;3;4;7;8;9,0,,,,,,True,,,,
20,10,_original_nint128_seed0,8,8,2,1;2;3;4;5;7;8;9,False,True,monotone,1;2;3;4;7;8;9,5,,,,,,True,,,,
20,10,_original_nint128_seed0,8,8,2,1;2;3;4;6;7;8;9,False,True,monotone,1;2;3;4;7;8;9,6,,,,,,True,,,,
20,10,_original_nint128_seed0,8,8,2,0;1;2;5;6;7;8;9,False,True,monotone,0;2;5;6;7;8;9,1,,,,,,True,,,,
20,10,_original_nint128_seed0,8,8,2,0;2;3;5;6;7;8;9,False,True,monotone,0;2;5;6;7;8;9,3,,,,,,True,,,,
20,10,_original_nint128_seed0,8,8,2,0;2;4;5;6;7;8;9,False,True,monotone,0;2;5;6;7;8;9,4,,,,,,True,,,,
20,10,_original_nint128_seed0,8,8,2,0;1;2;3;4;5;8;9,False,True,monotone,0;1;2;4;5;8;9,3,,,,,,True,,,,
20,10,_original_nint128_seed0,8,8,2,0;1;2;4;5;6;8;9,False,True,monotone,0;1;2;4;5;8;9,6,,,,,,True,,,,
20,10,_original_nint128_seed0,8,8,2,0;1;2;4;5;7;8;9,False,True,monotone,0;1;2;4;5;8;9,7,,,,,,True,,,,
20,10,_original_nint128_seed0,8,8,2,0;1;2;3;5;7;8;9,False,True,monotone,0;1;2;5;7;8;9,3,,,,,,True,,,,
20,10,_original_nint128_seed0,8,8,2,0;1;3;4;5;7;8;9,False,True,monotone,0;1;4;5;7;8;9,3,,,,,,True,,,,
20,10,_original_nint128_seed0,8,8,2,0;1;4;5;6;7;8;9,False,True,monotone,0;1;4;5;7;8;9,6,,,,,,True,,,,
20,10,_original_nint128_seed0,8,8,2,0;1;2;3;4;5;7;9,False,True,monotone,0;1;2;3;4;7;9,5,,,,,,True,,,,
20,10,_original_nint128_seed0,8,8,2,0;1;2;3;4;6;7;9,False,True,monotone,0;1;2;3;4;7;9,6,,,,,,True,,,,
20,10,_original_nint128_seed0,8,8,2,0;1;2;3;6;7;8;9,False,True,monotone,0;2;3;6;7;8;9,1,,,,,,True,,,,
20,10,_original_nint128_seed0,8,8,2,1;2;3;4;5;6;7;9,False,True,monotone,1;2;3;4;5;7;9,6,,,,,,True,,,,
20,10,_original_nint128_seed0,8,8,2,0;2;3;4;5;7;8;9,False,True,monotone,0;2;4;5;7;8;9,3,,,,,,True,,,,
20,10,_original_nint128_seed0,8,8,2,1;2;4;5;6;7;8;9,False,True,monotone,1;2;4;5;7;8;9,6,,,,,,True,,,,
20,10,_original_nint128_seed0,8,8,2,0;1;3;4;5;6;7;9,False,True,monotone,0;1;3;4;5;7;9,6,,,,,,True,,,,
20,10,_original_nint128_seed0,8,8,2,0;1;2;4;5;6;7;9,False,True,monotone,0;1;2;4;5;7;9,6,,,,,,True,,,,
20,10,_original_nint128_seed0,8,8,2,0;1;3;4;6;7;8;9,False,True,monotone,0;1;3;4;7;8;9,6,,,,,,True,,,,
