M,P,option,depth,num_deleted,num_remaining_relu,deleted_set_str,is_leaf,is_rejected,reject_reason,parent_set_str,added_relu,num_clusters,edge_types,weighted_edges_total,num_self_absorbed_edges,num_fixed_nodes,fixed_collision,num_scc_ge3,largest_scc_size,cycle_penalty_ge3,is_minimal_num_clusters
20,10,_original_nint128_seed17,1,1,9,0,False,False,,,0,30.0,66.0,916.0,4.0,5.0,False,1.0,30.0,30.0,False
20,10,_original_nint128_seed17,1,1,9,1,False,False,,,1,30.0,68.0,911.0,4.0,5.0,False,1.0,30.0,30.0,False
20,10,_original_nint128_seed17,1,1,9,2,False,False,,,2,27.0,61.0,937.0,8.0,5.0,False,1.0,27.0,27.0,False
20,10,_original_nint128_seed17,1,1,9,3,False,False,,,3,29.0,65.0,804.0,6.0,5.0,False,1.0,29.0,29.0,False
20,10,_original_nint128_seed17,1,1,9,4,False,False,,,4,28.0,63.0,771.0,7.0,5.0,False,1.0,28.0,28.0,False
20,10,_original_nint128_seed17,1,1,9,5,False,False,,,5,30.0,69.0,931.0,4.0,5.0,False,1.0,30.0,30.0,False
20,10,_original_nint128_seed17,1,1,9,6,False,False,,,6,26.0,59.0,896.0,8.0,5.0,False,1.0,26.0,26.0,False
20,10,_original_nint128_seed17,1,1,9,7,False,False,,,7,31.0,69.0,933.0,2.0,5.0,False,1.0,31.0,31.0,False
20,10,_original_nint128_seed17,1,1,9,8,False,False,,,8,21.0,47.0,787.0,16.0,5.0,False,1.0,21.0,21.0,False
20,10,_original_nint128_seed17,1,1,9,9,False,False,,,9,29.0,65.0,842.0,6.0,5.0,False,1.0,29.0,29.0,False
20,10,_original_nint128_seed17,2,2,8,0;2,False,False,,2,0,25.0,55.0,888.0,13.0,5.0,False,1.0,25.0,25.0,False
20,10,_original_nint128_seed17,2,2,8,1;2,False,False,,2,1,24.0,54.0,884.0,12.0,5.0,False,1.0,24.0,24.0,False
20,10,_original_nint128_seed17,2,2,8,2;3,False,False,,2,3,23.0,51.0,777.0,14.0,5.0,False,1.0,23.0,23.0,False
20,10,_original_nint128_seed17,2,2,8,2;4,False,False,,2,4,22.0,49.0,744.0,15.0,5.0,False,1.0,22.0,22.0,False
20,10,_original_nint128_seed17,2,2,8,2;5,False,False,,2,5,24.0,55.0,904.0,12.0,5.0,False,1.0,24.0,24.0,False
20,10,_original_nint128_seed17,2,2,8,2;6,False,False,,6,2,22.0,49.0,869.0,16.0,5.0,False,1.0,22.0,22.0,False
20,10,_original_nint128_seed17,2,2,8,2;7,False,False,,2,7,25.0,55.0,906.0,10.0,5.0,False,1.0,25.0,25.0,False
20,10,_original_nint128_seed17,2,2,8,2;8,False,False,,8,2,17.0,37.0,760.0,24.0,5.0,False,1.0,17.0,17.0,False
20,10,_original_nint128_seed17,2,2,8,2;9,False,False,,2,9,23.0,51.0,815.0,14.0,5.0,False,1.0,23.0,23.0,False
20,10,_original_nint128_seed17,2,2,8,0;9,False,False,,9,0,26.0,56.0,794.0,10.0,5.0,False,1.0,26.0,26.0,False
20,10,_original_nint128_seed17,2,2,8,1;9,False,False,,9,1,26.0,58.0,789.0,10.0,5.0,False,1.0,26.0,26.0,False
20,10,_original_nint128_seed17,2,2,8,3;9,False,False,,3,9,25.0,55.0,682.0,12.0,5.0,False,1.0,25.0,25.0,False
20,10,_original_nint128_seed17,2,2,8,4;9,False,False,,4,9,24.0,53.0,649.0,13.0,5.0,False,1.0,24.0,24.0,False
20,10,_original_nint128_seed17,2,2,8,5;9,False,False,,9,5,26.0,59.0,809.0,10.0,5.0,False,1.0,26.0,26.0,False
20,10,_original_nint128_seed17,2,2,8,7;9,False,False,,9,7,27.0,59.0,811.0,8.0,5.0,False,1.0,27.0,27.0,False
20,10,_original_nint128_seed17,2,2,8,8;9,False,False,,8,9,18.0,40.0,635.0,23.0,5.0,False,1.0,18.0,18.0,False
20,10,_original_nint128_seed17,2,2,8,0;8,False,False,,8,0,19.0,41.0,739.0,20.0,5.0,False,1.0,19.0,19.0,False
20,10,_original_nint128_seed17,2,2,8,1;8,False,False,,8,1,19.0,43.0,733.0,21.0,5.0,False,1.0,19.0,19.0,False
20,10,_original_nint128_seed17,2,2,8,3;8,False,False,,8,3,18.0,39.0,627.0,22.0,5.0,False,1.0,18.0,18.0,False
20,10,_original_nint128_seed17,2,2,8,4;8,False,False,,8,4,17.0,37.0,594.0,23.0,5.0,False,1.0,17.0,17.0,False
20,10,_original_nint128_seed17,2,2,8,5;8,False,False,,8,5,19.0,43.0,754.0,20.0,5.0,False,1.0,19.0,19.0,False
20,10,_original_nint128_seed17,2,2,8,6;8,False,False,,8,6,17.0,36.0,718.0,25.0,5.0,False,1.0,17.0,17.0,False
20,10,_original_nint128_seed17,2,2,8,7;8,False,False,,8,7,19.0,41.0,756.0,18.0,5.0,False,1.0,19.0,19.0,False
20,10,_original_nint128_seed17,2,2,8,0;7,False,False,,0,7,28.0,60.0,885.0,6.0,5.0,False,1.0,28.0,28.0,False
20,10,_original_nint128_seed17,2,2,8,1;7,False,False,,1,7,29.0,64.0,879.0,7.0,5.0,False,1.0,29.0,29.0,False
20,10,_original_nint128_seed17,2,2,8,3;7,False,False,,3,7,27.0,60.0,772.0,9.0,5.0,False,1.0,27.0,27.0,False
20,10,_original_nint128_seed17,2,2,8,4;7,False,False,,4,7,26.0,58.0,740.0,9.0,5.0,False,1.0,26.0,26.0,False
20,10,_original_nint128_seed17,2,2,8,5;7,False,False,,5,7,28.0,63.0,900.0,6.0,5.0,False,1.0,28.0,28.0,False
20,10,_original_nint128_seed17,2,2,8,6;7,False,False,,6,7,24.0,53.0,865.0,10.0,5.0,False,1.0,24.0,24.0,False
20,10,_original_nint128_seed17,2,2,8,0;3,False,False,,3,0,26.0,56.0,756.0,10.0,5.0,False,1.0,26.0,26.0,False
20,10,_original_nint128_seed17,2,2,8,1;3,False,False,,3,1,26.0,58.0,751.0,10.0,5.0,False,1.0,26.0,26.0,False
20,10,_original_nint128_seed17,2,2,8,3;4,False,False,,4,3,25.0,56.0,597.0,14.0,5.0,False,1.0,25.0,25.0,False
20,10,_original_nint128_seed17,2,2,8,3;5,False,False,,3,5,26.0,59.0,771.0,10.0,5.0,False,1.0,26.0,26.0,False
20,10,_original_nint128_seed17,2,2,8,3;6,False,False,,6,3,22.0,49.0,736.0,14.0,5.0,False,1.0,22.0,22.0,False
20,10,_original_nint128_seed17,2,2,8,0;1,False,False,,0,1,27.0,59.0,863.0,8.0,5.0,False,1.0,27.0,27.0,False
20,10,_original_nint128_seed17,2,2,8,1;4,False,False,,4,1,25.0,56.0,718.0,11.0,5.0,False,1.0,25.0,25.0,False
20,10,_original_nint128_seed17,2,2,8,1;5,False,False,,1,5,27.0,62.0,878.0,8.0,5.0,False,1.0,27.0,27.0,False
20,10,_original_nint128_seed17,2,2,8,1;6,False,False,,6,1,23.0,52.0,843.0,12.0,5.0,False,1.0,23.0,23.0,False
20,10,_original_nint128_seed17,2,2,8,0;6,False,False,,6,0,23.0,51.0,847.0,13.0,5.0,False,1.0,23.0,23.0,False
20,10,_original_nint128_seed17,2,2,8,4;6,False,False,,6,4,21.0,47.0,703.0,15.0,5.0,False,1.0,21.0,21.0,False
20,10,_original_nint128_seed17,2,2,8,5;6,False,False,,6,5,23.0,53.0,863.0,12.0,5.0,False,1.0,23.0,23.0,False
20,10,_original_nint128_seed17,2,2,8,0;5,False,False,,0,5,27.0,60.0,883.0,8.0,5.0,False,1.0,27.0,27.0,False
20,10,_original_nint128_seed17,2,2,8,4;5,False,False,,4,5,26.0,59.0,738.0,11.0,5.0,False,1.0,26.0,26.0,False
20,10,_original_nint128_seed17,2,2,8,0;4,False,False,,4,0,25.0,54.0,723.0,11.0,5.0,False,1.0,25.0,25.0,False
20,10,_original_nint128_seed17,3,3,7,0;2;8,False,False,,2;8,0,16.0,34.0,711.0,29.0,5.0,False,1.0,16.0,16.0,False
20,10,_original_nint128_seed17,3,3,7,1;2;8,False,False,,2;8,1,15.0,33.0,706.0,29.0,5.0,False,1.0,15.0,15.0,False
20,10,_original_nint128_seed17,3,3,7,2;3;8,False,False,,2;8,3,14.0,29.0,600.0,30.0,5.0,False,1.0,14.0,14.0,False
20,10,_original_nint128_seed17,3,3,7,2;4;8,False,False,,2;8,4,13.0,27.0,567.0,31.0,5.0,False,1.0,13.0,13.0,False
20,10,_original_nint128_seed17,3,3,7,2;5;8,False,False,,2;8,5,15.0,33.0,727.0,28.0,5.0,False,1.0,15.0,15.0,False
20,10,_original_nint128_seed17,3,3,7,2;6;8,False,False,,6;8,2,14.0,29.0,691.0,33.0,5.0,False,1.0,14.0,14.0,False
20,10,_original_nint128_seed17,3,3,7,2;7;8,False,False,,2;8,7,15.0,31.0,729.0,26.0,5.0,False,1.0,15.0,15.0,False
20,10,_original_nint128_seed17,3,3,7,2;8;9,False,False,,2;8,9,14.0,30.0,608.0,31.0,5.0,False,1.0,14.0,14.0,False
20,10,_original_nint128_seed17,3,3,7,0;1;4,False,False,,0;4,1,22.0,47.0,670.0,15.0,5.0,False,1.0,22.0,22.0,False
20,10,_original_nint128_seed17,3,3,7,1;2;4,False,False,,2;4,1,19.0,42.0,691.0,19.0,5.0,False,1.0,19.0,19.0,False
20,10,_original_nint128_seed17,3,3,7,1;3;4,False,False,,1;4,3,22.0,49.0,544.0,18.0,5.0,False,1.0,22.0,22.0,False
20,10,_original_nint128_seed17,3,3,7,1;4;5,False,False,,1;4,5,23.0,52.0,685.0,15.0,5.0,False,1.0,23.0,23.0,False
20,10,_original_nint128_seed17,3,3,7,1;4;6,False,False,,4;6,1,18.0,40.0,650.0,19.0,5.0,False,1.0,18.0,18.0,False
20,10,_original_nint128_seed17,3,3,7,1;4;7,False,False,,1;4,7,24.0,53.0,686.0,14.0,5.0,False,1.0,24.0,24.0,False
20,10,_original_nint128_seed17,3,3,7,1;4;8,False,False,,4;8,1,15.0,33.0,540.0,28.0,5.0,False,1.0,15.0,15.0,False
20,10,_original_nint128_seed17,3,3,7,1;4;9,False,False,,4;9,1,21.0,46.0,596.0,17.0,5.0,False,1.0,21.0,21.0,False
20,10,_original_nint128_seed17,3,3,7,0;4;6,False,False,,4;6,0,18.0,39.0,654.0,20.0,5.0,False,1.0,18.0,18.0,False
20,10,_original_nint128_seed17,3,3,7,2;4;6,False,False,,4;6,2,17.0,37.0,676.0,23.0,5.0,False,1.0,17.0,17.0,False
20,10,_original_nint128_seed17,3,3,7,3;4;6,False,False,,4;6,3,18.0,40.0,529.0,22.0,5.0,False,1.0,18.0,18.0,False
20,10,_original_nint128_seed17,3,3,7,4;5;6,False,False,,4;6,5,19.0,43.0,670.0,19.0,5.0,False,1.0,19.0,19.0,False
20,10,_original_nint128_seed17,3,3,7,4;6;7,False,False,,4;6,7,19.0,42.0,672.0,17.0,5.0,False,1.0,19.0,19.0,False
20,10,_original_nint128_seed17,3,3,7,4;6;8,False,False,,6;8,4,13.0,26.0,525.0,32.0,5.0,False,1.0,13.0,13.0,False
20,10,_original_nint128_seed17,3,3,7,0;2;3,False,False,,2;3,0,21.0,45.0,728.0,19.0,5.0,False,1.0,21.0,21.0,False
20,10,_original_nint128_seed17,3,3,7,1;2;3,False,False,,2;3,1,20.0,44.0,724.0,18.0,5.0,False,1.0,20.0,20.0,False
20,10,_original_nint128_seed17,3,3,7,2;3;4,False,False,,2;4,3,19.0,42.0,570.0,22.0,5.0,False,1.0,19.0,19.0,False
20,10,_original_nint128_seed17,3,3,7,2;3;5,False,False,,2;3,5,20.0,45.0,744.0,18.0,5.0,False,1.0,20.0,20.0,False
20,10,_original_nint128_seed17,3,3,7,2;3;6,False,False,,2;6,3,18.0,39.0,709.0,22.0,5.0,False,1.0,18.0,18.0,False
20,10,_original_nint128_seed17,3,3,7,2;3;7,False,False,,2;3,7,21.0,46.0,745.0,17.0,5.0,False,1.0,21.0,21.0,False
20,10,_original_nint128_seed17,3,3,7,2;3;9,False,False,,2;3,9,19.0,41.0,655.0,20.0,5.0,False,1.0,19.0,19.0,False
20,10,_original_nint128_seed17,3,3,7,0;3;9,False,False,,3;9,0,22.0,46.0,634.0,16.0,5.0,False,1.0,22.0,22.0,False
20,10,_original_nint128_seed17,3,3,7,1;3;9,False,False,,3;9,1,22.0,48.0,629.0,16.0,5.0,False,1.0,22.0,22.0,False
20,10,_original_nint128_seed17,3,3,7,3;4;9,False,False,,4;9,3,21.0,46.0,475.0,20.0,5.0,False,1.0,21.0,21.0,False
20,10,_original_nint128_seed17,3,3,7,3;5;9,False,False,,3;9,5,22.0,49.0,649.0,16.0,5.0,False,1.0,22.0,22.0,False
20,10,_original_nint128_seed17,3,3,7,3;7;9,False,False,,3;9,7,23.0,50.0,650.0,15.0,5.0,False,1.0,23.0,23.0,False
20,10,_original_nint128_seed17,3,3,7,3;8;9,False,False,,3;8,9,15.0,32.0,475.0,29.0,5.0,False,1.0,15.0,15.0,False
20,10,_original_nint128_seed17,3,3,7,0;2;6,False,False,,2;6,0,20.0,44.0,819.0,22.0,5.0,False,1.0,20.0,20.0,False
20,10,_original_nint128_seed17,3,3,7,1;2;6,False,False,,2;6,1,19.0,42.0,816.0,20.0,5.0,False,1.0,19.0,19.0,False
20,10,_original_nint128_seed17,3,3,7,2;5;6,False,False,,2;6,5,19.0,43.0,836.0,20.0,5.0,False,1.0,19.0,19.0,False
20,10,_original_nint128_seed17,3,3,7,2;6;7,False,False,,2;6,7,20.0,43.0,838.0,18.0,5.0,False,1.0,20.0,20.0,False
20,10,_original_nint128_seed17,3,3,7,0;4;5,False,False,,0;4,5,23.0,50.0,690.0,15.0,5.0,False,1.0,23.0,23.0,False
20,10,_original_nint128_seed17,3,3,7,2;4;5,False,False,,2;4,5,20.0,45.0,711.0,19.0,5.0,False,1.0,20.0,20.0,False
20,10,_original_nint128_seed17,3,3,7,4;5;7,False,False,,4;7,5,24.0,54.0,707.0,13.0,5.0,False,1.0,24.0,24.0,False
20,10,_original_nint128_seed17,3,3,7,4;5;8,False,False,,4;8,5,16.0,35.0,561.0,27.0,5.0,False,1.0,16.0,16.0,False
20,10,_original_nint128_seed17,3,3,7,4;5;9,False,False,,4;9,5,22.0,49.0,616.0,17.0,5.0,False,1.0,22.0,22.0,False
20,10,_original_nint128_seed17,3,3,7,0;7;9,False,False,,0;9,7,24.0,50.0,763.0,12.0,5.0,False,1.0,24.0,24.0,False
20,10,_original_nint128_seed17,3,3,7,1;7;9,False,False,,1;9,7,25.0,54.0,757.0,13.0,5.0,False,1.0,25.0,25.0,False
20,10,_original_nint128_seed17,3,3,7,2;7;9,False,False,,2;9,7,21.0,45.0,784.0,16.0,5.0,False,1.0,21.0,21.0,False
20,10,_original_nint128_seed17,3,3,7,4;7;9,False,False,,4;9,7,22.0,48.0,618.0,15.0,5.0,False,1.0,22.0,22.0,False
20,10,_original_nint128_seed17,3,3,7,5;7;9,False,False,,5;9,7,24.0,53.0,778.0,12.0,5.0,False,1.0,24.0,24.0,False
20,10,_original_nint128_seed17,3,3,7,7;8;9,False,False,,8;9,7,16.0,34.0,604.0,25.0,5.0,False,1.0,16.0,16.0,False
20,10,_original_nint128_seed17,3,3,7,0;7;8,False,False,,0;8,7,17.0,35.0,708.0,22.0,5.0,False,1.0,17.0,17.0,False
20,10,_original_nint128_seed17,3,3,7,1;7;8,False,False,,7;8,1,18.0,39.0,701.0,24.0,5.0,False,1.0,18.0,18.0,False
20,10,_original_nint128_seed17,3,3,7,3;7;8,False,False,,3;8,7,16.0,34.0,595.0,25.0,5.0,False,1.0,16.0,16.0,False
20,10,_original_nint128_seed17,3,3,7,4;7;8,False,False,,4;8,7,15.0,32.0,563.0,25.0,5.0,False,1.0,15.0,15.0,False
20,10,_original_nint128_seed17,3,3,7,5;7;8,False,False,,7;8,5,17.0,37.0,723.0,22.0,5.0,False,1.0,17.0,17.0,False
20,10,_original_nint128_seed17,3,3,7,6;7;8,False,False,,6;8,7,15.0,30.0,687.0,27.0,5.0,False,1.0,15.0,15.0,False
20,10,_original_nint128_seed17,3,3,7,0;1;5,False,False,,0;1,5,24.0,53.0,830.0,12.0,5.0,False,1.0,24.0,24.0,False
20,10,_original_nint128_seed17,3,3,7,0;2;5,False,False,,2;5,0,22.0,49.0,855.0,17.0,5.0,False,1.0,22.0,22.0,False
20,10,_original_nint128_seed17,3,3,7,0;3;5,False,False,,0;3,5,23.0,50.0,723.0,14.0,5.0,False,1.0,23.0,23.0,False
20,10,_original_nint128_seed17,3,3,7,0;5;6,False,False,,0;6,5,20.0,45.0,814.0,17.0,5.0,False,1.0,20.0,20.0,False
20,10,_original_nint128_seed17,3,3,7,0;5;7,False,False,,0;5,7,25.0,54.0,852.0,10.0,5.0,False,1.0,25.0,25.0,False
20,10,_original_nint128_seed17,3,3,7,0;5;8,False,False,,0;8,5,17.0,37.0,706.0,24.0,5.0,False,1.0,17.0,17.0,False
20,10,_original_nint128_seed17,3,3,7,0;5;9,False,False,,0;9,5,23.0,50.0,761.0,14.0,5.0,False,1.0,23.0,23.0,False
20,10,_original_nint128_seed17,3,3,7,0;4;9,False,False,,4;9,0,21.0,44.0,601.0,17.0,5.0,False,1.0,21.0,21.0,False
20,10,_original_nint128_seed17,3,3,7,2;4;9,False,False,,2;4,9,18.0,39.0,622.0,21.0,5.0,False,1.0,18.0,18.0,False
20,10,_original_nint128_seed17,3,3,7,4;8;9,False,False,,4;8,9,14.0,30.0,442.0,30.0,5.0,False,1.0,14.0,14.0,False
20,10,_original_nint128_seed17,3,3,7,0;2;9,False,False,,2;9,0,21.0,45.0,766.0,19.0,5.0,False,1.0,21.0,21.0,False
20,10,_original_nint128_seed17,3,3,7,1;2;9,False,False,,2;9,1,20.0,44.0,762.0,18.0,5.0,False,1.0,20.0,20.0,False
20,10,_original_nint128_seed17,3,3,7,2;5;9,False,False,,2;9,5,20.0,45.0,782.0,18.0,5.0,False,1.0,20.0,20.0,False
20,10,_original_nint128_seed17,3,3,7,1;5;9,False,False,,1;9,5,23.0,52.0,756.0,14.0,5.0,False,1.0,23.0,23.0,False
20,10,_original_nint128_seed17,3,3,7,5;8;9,False,False,,8;9,5,16.0,36.0,602.0,27.0,5.0,False,1.0,16.0,16.0,False
20,10,_original_nint128_seed17,3,3,7,0;3;4,False,False,,0;4,3,22.0,47.0,549.0,18.0,5.0,False,1.0,22.0,22.0,False
20,10,_original_nint128_seed17,3,3,7,3;4;7,False,False,,3;4,7,22.0,52.0,564.0,18.0,5.0,False,1.0,22.0,22.0,False
20,10,_original_nint128_seed17,3,3,7,3;4;8,False,False,,4;8,3,15.0,32.0,420.0,30.0,5.0,False,1.0,15.0,15.0,False
20,10,_original_nint128_seed17,3,3,7,0;1;7,False,False,,0;1,7,26.0,55.0,831.0,11.0,5.0,False,1.0,26.0,26.0,False
20,10,_original_nint128_seed17,3,3,7,1;2;7,False,False,,1;2,7,23.0,50.0,852.0,15.0,5.0,False,1.0,23.0,23.0,False
20,10,_original_nint128_seed17,3,3,7,1;3;7,False,False,,1;3,7,25.0,55.0,718.0,14.0,5.0,False,1.0,25.0,25.0,False
20,10,_original_nint128_seed17,3,3,7,1;5;7,False,False,,1;5,7,26.0,58.0,846.0,11.0,5.0,False,1.0,26.0,26.0,False
20,10,_original_nint128_seed17,3,3,7,1;6;7,False,False,,1;6,7,22.0,48.0,811.0,15.0,5.0,False,1.0,22.0,22.0,False
20,10,_original_nint128_seed17,3,3,7,0;1;6,False,False,,0;6,1,20.0,44.0,794.0,17.0,5.0,False,1.0,20.0,20.0,False
20,10,_original_nint128_seed17,3,3,7,0;3;6,False,False,,3;6,0,19.0,41.0,687.0,19.0,5.0,False,1.0,19.0,19.0,False
20,10,_original_nint128_seed17,3,3,7,0;6;7,False,False,,0;6,7,21.0,45.0,816.0,15.0,5.0,False,1.0,21.0,21.0,False
20,10,_original_nint128_seed17,3,3,7,0;6;8,False,False,,6;8,0,15.0,31.0,669.0,30.0,5.0,False,1.0,15.0,15.0,False
20,10,_original_nint128_seed17,3,3,7,0;1;3,False,False,,0;3,1,23.0,49.0,703.0,14.0,5.0,False,1.0,23.0,23.0,False
20,10,_original_nint128_seed17,3,3,7,0;3;7,False,False,,0;3,7,24.0,51.0,724.0,13.0,5.0,False,1.0,24.0,24.0,False
20,10,_original_nint128_seed17,3,3,7,0;3;8,False,False,,3;8,0,16.0,33.0,579.0,26.0,5.0,False,1.0,16.0,16.0,False
20,10,_original_nint128_seed17,3,3,7,0;1;2,False,False,,1;2,0,22.0,48.0,835.0,17.0,5.0,False,1.0,22.0,22.0,False
20,10,_original_nint128_seed17,3,3,7,0;2;4,False,False,,2;4,0,20.0,43.0,695.0,20.0,5.0,False,1.0,20.0,20.0,False
20,10,_original_nint128_seed17,3,3,7,0;2;7,False,False,,0;2,7,23.0,49.0,857.0,15.0,5.0,False,1.0,23.0,23.0,False
20,10,_original_nint128_seed17,3,3,7,0;4;7,False,False,,0;4,7,23.0,49.0,692.0,13.0,5.0,False,1.0,23.0,23.0,False
20,10,_original_nint128_seed17,3,3,7,0;4;8,False,False,,4;8,0,15.0,31.0,546.0,27.0,5.0,False,1.0,15.0,15.0,False
20,10,_original_nint128_seed17,3,3,7,2;4;7,False,False,,2;4,7,20.0,44.0,713.0,17.0,5.0,False,1.0,20.0,20.0,False
20,10,_original_nint128_seed17,3,3,7,0;1;8,False,False,,0;8,1,17.0,37.0,685.0,25.0,5.0,False,1.0,17.0,17.0,False
20,10,_original_nint128_seed17,3,3,7,1;3;8,False,False,,3;8,1,16.0,35.0,573.0,27.0,5.0,False,1.0,16.0,16.0,False
20,10,_original_nint128_seed17,3,3,7,1;5;8,False,False,,1;8,5,17.0,39.0,700.0,25.0,5.0,False,1.0,17.0,17.0,False
20,10,_original_nint128_seed17,3,3,7,1;6;8,False,False,,6;8,1,15.0,32.0,664.0,30.0,5.0,False,1.0,15.0,15.0,False
20,10,_original_nint128_seed17,3,3,7,1;8;9,False,False,,8;9,1,16.0,36.0,581.0,28.0,5.0,False,1.0,16.0,16.0,False
20,10,_original_nint128_seed17,3,3,7,1;5;6,False,False,,1;6,5,20.0,46.0,810.0,16.0,5.0,False,1.0,20.0,20.0,False
20,10,_original_nint128_seed17,3,3,7,3;5;6,False,False,,3;6,5,19.0,43.0,703.0,18.0,5.0,False,1.0,19.0,19.0,False
20,10,_original_nint128_seed17,3,3,7,5;6;7,False,False,,5;6,7,21.0,47.0,832.0,14.0,5.0,False,1.0,21.0,21.0,False
20,10,_original_nint128_seed17,3,3,7,5;6;8,False,False,,6;8,5,15.0,32.0,685.0,29.0,5.0,False,1.0,15.0,15.0,False
20,10,_original_nint128_seed17,3,3,7,1;3;5,False,False,,1;3,5,23.0,52.0,718.0,14.0,5.0,False,1.0,23.0,23.0,False
20,10,_original_nint128_seed17,3,3,7,3;5;7,False,False,,3;5,7,24.0,54.0,739.0,13.0,5.0,False,1.0,24.0,24.0,False
20,10,_original_nint128_seed17,3,3,7,3;5;8,False,False,,3;8,5,16.0,35.0,594.0,26.0,5.0,False,1.0,16.0,16.0,False
20,10,_original_nint128_seed17,3,3,7,1;3;6,False,False,,3;6,1,19.0,42.0,683.0,18.0,5.0,False,1.0,19.0,19.0,False
20,10,_original_nint128_seed17,3,3,7,3;6;7,False,False,,3;6,7,20.0,44.0,704.0,17.0,5.0,False,1.0,20.0,20.0,False
20,10,_original_nint128_seed17,3,3,7,3;6;8,False,False,,6;8,3,14.0,28.0,558.0,31.0,5.0,False,1.0,14.0,14.0,False
20,10,_original_nint128_seed17,3,3,7,0;1;9,False,False,,0;9,1,23.0,49.0,741.0,14.0,5.0,False,1.0,23.0,23.0,False
20,10,_original_nint128_seed17,3,3,7,1;2;5,False,False,,1;2,5,21.0,48.0,851.0,16.0,5.0,False,1.0,21.0,21.0,False
20,10,_original_nint128_seed17,3,3,7,2;5;7,False,False,,2;5,7,22.0,49.0,873.0,14.0,5.0,False,1.0,22.0,22.0,False
20,10,_original_nint128_seed17,3,3,7,0;8;9,False,False,,8;9,0,16.0,34.0,587.0,27.0,5.0,False,1.0,16.0,16.0,False
20,10,_original_nint128_seed17,4,4,6,0;1;2;9,False,False,,1;2;9,0,18.0,38.0,713.0,23.0,5.0,False,1.0,18.0,18.0,False
20,10,_original_nint128_seed17,4,4,6,1;2;3;9,False,False,,2;3;9,1,16.0,34.0,602.0,24.0,5.0,False,1.0,16.0,16.0,False
20,10,_original_nint128_seed17,4,4,6,1;2;4;9,False,False,,2;4;9,1,15.0,32.0,569.0,25.0,5.0,False,1.0,15.0,15.0,False
20,10,_original_nint128_seed17,4,4,6,1;2;5;9,False,False,,1;2;9,5,17.0,38.0,729.0,22.0,5.0,False,1.0,17.0,17.0,False
20,10,_original_nint128_seed17,4,4,6,1;2;7;9,False,False,,1;2;9,7,19.0,40.0,730.0,21.0,5.0,False,1.0,19.0,19.0,False
20,10,_original_nint128_seed17,4,4,6,1;2;8;9,False,False,,2;8;9,1,12.0,26.0,554.0,36.0,5.0,False,1.0,12.0,12.0,False
20,10,_original_nint128_seed17,4,4,6,0;1;2;7,False,False,,0;1;2,7,21.0,44.0,803.0,20.0,5.0,False,1.0,21.0,21.0,False
20,10,_original_nint128_seed17,4,4,6,0;1;3;7,False,False,,0;1;3,7,22.0,46.0,670.0,18.0,5.0,False,1.0,22.0,22.0,False
20,10,_original_nint128_seed17,4,4,6,0;1;4;7,False,False,,0;1;4,7,21.0,44.0,638.0,18.0,5.0,False,1.0,21.0,21.0,False
20,10,_original_nint128_seed17,4,4,6,0;1;5;7,False,False,,0;1;5,7,23.0,49.0,798.0,15.0,5.0,False,1.0,23.0,23.0,False
20,10,_original_nint128_seed17,4,4,6,0;1;6;7,False,False,,0;1;6,7,19.0,40.0,762.0,20.0,5.0,False,1.0,19.0,19.0,False
20,10,_original_nint128_seed17,4,4,6,0;1;7;8,False,False,,0;7;8,1,16.0,33.0,653.0,28.0,5.0,False,1.0,16.0,16.0,False
20,10,_original_nint128_seed17,4,4,6,0;1;7;9,False,False,,0;1;9,7,22.0,45.0,709.0,17.0,5.0,False,1.0,22.0,22.0,False
20,10,_original_nint128_seed17,4,4,6,0;2;7;8,False,False,,2;7;8,0,14.0,28.0,680.0,31.0,5.0,False,1.0,14.0,14.0,False
20,10,_original_nint128_seed17,4,4,6,1;2;7;8,False,False,,2;7;8,1,14.0,29.0,674.0,32.0,5.0,False,1.0,14.0,14.0,False
20,10,_original_nint128_seed17,4,4,6,2;3;7;8,False,False,,2;3;8,7,12.0,24.0,568.0,33.0,5.0,False,1.0,12.0,12.0,False
20,10,_original_nint128_seed17,4,4,6,2;4;7;8,False,False,,2;4;8,7,11.0,22.0,536.0,33.0,5.0,False,1.0,11.0,11.0,False
20,10,_original_nint128_seed17,4,4,6,2;5;7;8,False,False,,2;7;8,5,13.0,27.0,696.0,30.0,5.0,False,1.0,13.0,13.0,False
20,10,_original_nint128_seed17,4,4,6,2;6;7;8,False,False,,2;6;8,7,12.0,23.0,660.0,35.0,5.0,False,1.0,12.0,12.0,False
20,10,_original_nint128_seed17,4,4,6,2;7;8;9,False,False,,2;8;9,7,12.0,24.0,577.0,33.0,5.0,False,1.0,12.0,12.0,False
20,10,_original_nint128_seed17,4,4,6,0;4;7;9,False,False,,0;4;9,7,19.0,39.0,570.0,19.0,5.0,False,1.0,19.0,19.0,False
20,10,_original_nint128_seed17,4,4,6,1;4;7;9,False,False,,1;4;9,7,20.0,43.0,564.0,20.0,5.0,False,1.0,20.0,20.0,False
20,10,_original_nint128_seed17,4,4,6,2;4;7;9,False,False,,2;4;9,7,16.0,34.0,591.0,23.0,5.0,False,1.0,16.0,16.0,False
20,10,_original_nint128_seed17,4,4,6,3;4;7;9,False,False,,3;4;9,7,18.0,41.0,442.0,24.0,5.0,False,1.0,18.0,18.0,False
20,10,_original_nint128_seed17,4,4,6,4;5;7;9,False,False,,4;7;9,5,20.0,44.0,585.0,19.0,5.0,False,1.0,20.0,20.0,False
20,10,_original_nint128_seed17,4,4,6,4;7;8;9,False,False,,4;8;9,7,12.0,25.0,411.0,32.0,5.0,False,1.0,12.0,12.0,False
20,10,_original_nint128_seed17,4,4,6,0;1;2;4,False,False,,1;2;4,0,17.0,36.0,642.0,24.0,5.0,False,1.0,17.0,17.0,False
20,10,_original_nint128_seed17,4,4,6,0;2;3;4,False,False,,2;3;4,0,17.0,36.0,521.0,27.0,5.0,False,1.0,17.0,17.0,False
20,10,_original_nint128_seed17,4,4,6,0;2;4;5,False,False,,0;2;4,5,18.0,39.0,662.0,24.0,5.0,False,1.0,18.0,18.0,False
20,10,_original_nint128_seed17,4,4,6,0;2;4;6,False,False,,2;4;6,0,15.0,32.0,626.0,29.0,5.0,False,1.0,15.0,15.0,False
20,10,_original_nint128_seed17,4,4,6,0;2;4;7,False,False,,0;2;4,7,18.0,38.0,664.0,22.0,5.0,False,1.0,18.0,18.0,False
20,10,_original_nint128_seed17,4,4,6,0;2;4;8,False,False,,2;4;8,0,12.0,24.0,518.0,36.0,5.0,False,1.0,12.0,12.0,False
20,10,_original_nint128_seed17,4,4,6,0;2;4;9,False,False,,2;4;9,0,16.0,33.0,573.0,26.0,5.0,False,1.0,16.0,16.0,False
20,10,_original_nint128_seed17,4,4,6,0;3;5;9,False,False,,0;3;9,5,19.0,40.0,601.0,20.0,5.0,False,1.0,19.0,19.0,False
20,10,_original_nint128_seed17,4,4,6,1;3;5;9,False,False,,1;3;9,5,19.0,42.0,596.0,20.0,5.0,False,1.0,19.0,19.0,False
20,10,_original_nint128_seed17,4,4,6,2;3;5;9,False,False,,2;3;9,5,16.0,35.0,622.0,24.0,5.0,False,1.0,16.0,16.0,False
20,10,_original_nint128_seed17,4,4,6,3;5;7;9,False,False,,3;5;9,7,20.0,44.0,617.0,19.0,5.0,False,1.0,20.0,20.0,False
20,10,_original_nint128_seed17,4,4,6,3;5;8;9,False,False,,3;8;9,5,13.0,28.0,442.0,33.0,5.0,False,1.0,13.0,13.0,False
20,10,_original_nint128_seed17,4,4,6,1;2;4;8,False,False,,2;4;8,1,11.0,23.0,513.0,36.0,5.0,False,1.0,11.0,11.0,False
20,10,_original_nint128_seed17,4,4,6,2;3;4;8,False,False,,2;4;8,3,11.0,22.0,393.0,38.0,5.0,False,1.0,11.0,11.0,False
20,10,_original_nint128_seed17,4,4,6,2;4;5;8,False,False,,2;4;8,5,12.0,25.0,534.0,35.0,5.0,False,1.0,12.0,12.0,False
20,10,_original_nint128_seed17,4,4,6,2;4;6;8,False,False,,4;6;8,2,10.0,19.0,498.0,40.0,5.0,False,1.0,10.0,10.0,False
20,10,_original_nint128_seed17,4,4,6,2;4;8;9,False,False,,2;4;8,9,10.0,20.0,415.0,38.0,5.0,False,1.0,10.0,10.0,False
20,10,_original_nint128_seed17,4,4,6,0;1;4;6,False,False,,0;4;6,1,15.0,32.0,601.0,24.0,5.0,False,1.0,15.0,15.0,False
20,10,_original_nint128_seed17,4,4,6,0;3;4;6,False,False,,0;4;6,3,15.0,32.0,480.0,27.0,5.0,False,1.0,15.0,15.0,False
20,10,_original_nint128_seed17,4,4,6,0;4;5;6,False,False,,0;4;6,5,16.0,35.0,621.0,24.0,5.0,False,1.0,16.0,16.0,False
20,10,_original_nint128_seed17,4,4,6,0;4;6;7,False,False,,0;4;6,7,16.0,34.0,623.0,22.0,5.0,False,1.0,16.0,16.0,False
20,10,_original_nint128_seed17,4,4,6,0;4;6;8,False,False,,4;6;8,0,11.0,21.0,476.0,37.0,5.0,False,1.0,11.0,11.0,False
20,10,_original_nint128_seed17,4,4,6,0;4;7;8,False,False,,0;4;8,7,13.0,26.0,515.0,29.0,5.0,False,1.0,13.0,13.0,False
20,10,_original_nint128_seed17,4,4,6,1;4;7;8,False,False,,4;7;8,1,14.0,30.0,508.0,31.0,5.0,False,1.0,14.0,14.0,False
20,10,_original_nint128_seed17,4,4,6,3;4;7;8,False,False,,3;4;8,7,13.0,28.0,387.0,34.0,5.0,False,1.0,13.0,13.0,False
20,10,_original_nint128_seed17,4,4,6,4;5;7;8,False,False,,4;7;8,5,14.0,30.0,530.0,29.0,5.0,False,1.0,14.0,14.0,False
20,10,_original_nint128_seed17,4,4,6,4;6;7;8,False,False,,4;6;8,7,11.0,21.0,494.0,34.0,5.0,False,1.0,11.0,11.0,False
20,10,_original_nint128_seed17,4,4,6,1;2;3;7,False,False,,1;2;3,7,19.0,41.0,691.0,22.0,5.0,False,1.0,19.0,19.0,False
20,10,_original_nint128_seed17,4,4,6,1;3;5;7,False,False,,1;3;5,7,22.0,49.0,685.0,18.0,5.0,False,1.0,22.0,22.0,False
20,10,_original_nint128_seed17,4,4,6,1;3;6;7,False,False,,1;3;6,7,18.0,39.0,650.0,22.0,5.0,False,1.0,18.0,18.0,False
20,10,_original_nint128_seed17,4,4,6,1;3;7;8,False,False,,3;7;8,1,15.0,32.0,540.0,31.0,5.0,False,1.0,15.0,15.0,False
20,10,_original_nint128_seed17,4,4,6,1;3;7;9,False,False,,1;3;9,7,20.0,45.0,596.0,20.0,5.0,False,1.0,20.0,20.0,False
20,10,_original_nint128_seed17,4,4,6,0;3;4;8,False,False,,0;4;8,3,13.0,26.0,372.0,34.0,5.0,False,1.0,13.0,13.0,False
20,10,_original_nint128_seed17,4,4,6,1;3;4;8,False,False,,3;4;8,1,13.0,28.0,366.0,35.0,5.0,False,1.0,13.0,13.0,False
20,10,_original_nint128_seed17,4,4,6,3;4;6;8,False,False,,4;6;8,3,11.0,21.0,351.0,39.0,5.0,False,1.0,11.0,11.0,False
20,10,_original_nint128_seed17,4,4,6,3;4;8;9,False,False,,4;8;9,3,12.0,25.0,268.0,37.0,5.0,False,1.0,12.0,12.0,False
20,10,_original_nint128_seed17,4,4,6,0;2;5;9,False,False,,2;5;9,0,18.0,39.0,733.0,23.0,5.0,False,1.0,18.0,18.0,False
20,10,_original_nint128_seed17,4,4,6,2;4;5;9,False,False,,2;4;9,5,16.0,35.0,589.0,25.0,5.0,False,1.0,16.0,16.0,False
20,10,_original_nint128_seed17,4,4,6,2;5;7;9,False,False,,2;5;9,7,18.0,39.0,751.0,20.0,5.0,False,1.0,18.0,18.0,False
20,10,_original_nint128_seed17,4,4,6,2;5;8;9,False,False,,2;8;9,5,12.0,26.0,575.0,35.0,5.0,False,1.0,12.0,12.0,False
20,10,_original_nint128_seed17,4,4,6,0;7;8;9,False,False,,0;8;9,7,14.0,28.0,556.0,29.0,5.0,False,1.0,14.0,14.0,False
20,10,_original_nint128_seed17,4,4,6,1;7;8;9,False,False,,7;8;9,1,15.0,32.0,549.0,31.0,5.0,False,1.0,15.0,15.0,False
20,10,_original_nint128_seed17,4,4,6,3;7;8;9,False,False,,3;8;9,7,13.0,27.0,443.0,32.0,5.0,False,1.0,13.0,13.0,False
20,10,_original_nint128_seed17,4,4,6,5;7;8;9,False,False,,7;8;9,5,14.0,30.0,571.0,29.0,5.0,False,1.0,14.0,14.0,False
20,10,_original_nint128_seed17,4,4,6,0;1;3;9,False,False,,0;3;9,1,19.0,39.0,581.0,20.0,5.0,False,1.0,19.0,19.0,False
20,10,_original_nint128_seed17,4,4,6,0;1;4;9,False,False,,0;4;9,1,18.0,37.0,548.0,21.0,5.0,False,1.0,18.0,18.0,False
20,10,_original_nint128_seed17,4,4,6,0;1;5;9,False,False,,0;1;9,5,20.0,43.0,708.0,18.0,5.0,False,1.0,20.0,20.0,False
20,10,_original_nint128_seed17,4,4,6,0;1;8;9,False,False,,0;8;9,1,14.0,30.0,533.0,32.0,5.0,False,1.0,14.0,14.0,False
20,10,_original_nint128_seed17,4,4,6,0;2;6;7,False,False,,2;6;7,0,18.0,38.0,788.0,24.0,5.0,False,1.0,18.0,18.0,False
20,10,_original_nint128_seed17,4,4,6,1;2;6;7,False,False,,1;2;6,7,18.0,38.0,784.0,23.0,5.0,False,1.0,18.0,18.0,False
20,10,_original_nint128_seed17,4,4,6,2;3;6;7,False,False,,2;3;6,7,16.0,34.0,677.0,25.0,5.0,False,1.0,16.0,16.0,False
20,10,_original_nint128_seed17,4,4,6,2;4;6;7,False,False,,2;4;6,7,15.0,32.0,645.0,25.0,5.0,False,1.0,15.0,15.0,False
20,10,_original_nint128_seed17,4,4,6,2;5;6;7,False,False,,2;5;6,7,17.0,37.0,805.0,22.0,5.0,False,1.0,17.0,17.0,False
20,10,_original_nint128_seed17,4,4,6,0;5;7;9,False,False,,0;5;9,7,21.0,44.0,730.0,16.0,5.0,False,1.0,21.0,21.0,False
20,10,_original_nint128_seed17,4,4,6,1;5;7;9,False,False,,1;5;9,7,19.0,45.0,724.0,17.0,5.0,False,1.0,19.0,19.0,False
20,10,_original_nint128_seed17,4,4,6,0;4;8;9,False,False,,4;8;9,0,12.0,24.0,394.0,34.0,5.0,False,1.0,12.0,12.0,False
20,10,_original_nint128_seed17,4,4,6,1;4;8;9,False,False,,4;8;9,1,12.0,26.0,388.0,35.0,5.0,False,1.0,12.0,12.0,False
20,10,_original_nint128_seed17,4,4,6,4;5;8;9,False,False,,4;8;9,5,13.0,28.0,409.0,34.0,5.0,False,1.0,13.0,13.0,False
20,10,_original_nint128_seed17,4,4,6,1;3;4;9,False,False,,1;4;9,3,18.0,39.0,422.0,24.0,5.0,False,1.0,18.0,18.0,False
20,10,_original_nint128_seed17,4,4,6,1;3;8;9,False,False,,3;8;9,1,13.0,28.0,421.0,34.0,5.0,False,1.0,13.0,13.0,False
20,10,_original_nint128_seed17,4,4,6,0;2;3;8,False,False,,2;3;8,0,13.0,26.0,551.0,35.0,5.0,False,1.0,13.0,13.0,False
20,10,_original_nint128_seed17,4,4,6,1;2;3;8,False,False,,2;3;8,1,12.0,25.0,546.0,35.0,5.0,False,1.0,12.0,12.0,False
20,10,_original_nint128_seed17,4,4,6,2;3;5;8,False,False,,2;3;8,5,12.0,25.0,567.0,34.0,5.0,False,1.0,12.0,12.0,False
20,10,_original_nint128_seed17,4,4,6,2;3;6;8,False,False,,3;6;8,2,11.0,21.0,531.0,39.0,5.0,False,1.0,11.0,11.0,False
20,10,_original_nint128_seed17,4,4,6,2;3;8;9,False,False,,2;3;8,9,11.0,22.0,448.0,37.0,5.0,False,1.0,11.0,11.0,False
20,10,_original_nint128_seed17,4,4,6,0;1;2;3,False,False,,1;2;3,0,18.0,38.0,675.0,23.0,5.0,False,1.0,18.0,18.0,False
20,10,_original_nint128_seed17,4,4,6,0;1;3;4,False,False,,0;1;4,3,19.0,40.0,496.0,22.0,5.0,False,1.0,19.0,19.0,False
20,10,_original_nint128_seed17,4,4,6,0;1;3;5,False,False,,0;1;3,5,20.0,43.0,670.0,18.0,5.0,False,1.0,20.0,20.0,False
20,10,_original_nint128_seed17,4,4,6,0;1;3;6,False,False,,0;3;6,1,16.0,34.0,634.0,23.0,5.0,False,1.0,16.0,16.0,False
20,10,_original_nint128_seed17,4,4,6,0;1;3;8,False,False,,0;3;8,1,14.0,29.0,525.0,31.0,5.0,False,1.0,14.0,14.0,False
20,10,_original_nint128_seed17,4,4,6,0;1;4;8,False,False,,0;4;8,1,13.0,27.0,492.0,32.0,5.0,False,1.0,13.0,13.0,False
20,10,_original_nint128_seed17,4,4,6,0;4;5;8,False,False,,0;4;8,5,14.0,29.0,513.0,31.0,5.0,False,1.0,14.0,14.0,False
20,10,_original_nint128_seed17,4,4,6,1;4;6;7,False,False,,1;4;6,7,17.0,37.0,618.0,22.0,5.0,False,1.0,17.0,17.0,False
20,10,_original_nint128_seed17,4,4,6,3;4;6;7,False,False,,3;4;6,7,15.0,36.0,496.0,26.0,5.0,False,1.0,15.0,15.0,False
20,10,_original_nint128_seed17,4,4,6,4;5;6;7,False,False,,4;6;7,5,17.0,38.0,639.0,21.0,5.0,False,1.0,17.0,17.0,False
20,10,_original_nint128_seed17,4,4,6,0;3;5;8,False,False,,0;3;8,5,14.0,29.0,546.0,30.0,5.0,False,1.0,14.0,14.0,False
20,10,_original_nint128_seed17,4,4,6,1;3;5;8,False,False,,1;3;8,5,14.0,31.0,540.0,31.0,5.0,False,1.0,14.0,14.0,False
20,10,_original_nint128_seed17,4,4,6,3;5;6;8,False,False,,3;6;8,5,12.0,24.0,525.0,35.0,5.0,False,1.0,12.0,12.0,False
20,10,_original_nint128_seed17,4,4,6,3;5;7;8,False,False,,3;7;8,5,14.0,30.0,562.0,29.0,5.0,False,1.0,14.0,14.0,False
20,10,_original_nint128_seed17,4,4,6,1;2;3;6,False,False,,2;3;6,1,15.0,32.0,656.0,26.0,5.0,False,1.0,15.0,15.0,False
20,10,_original_nint128_seed17,4,4,6,1;3;4;6,False,False,,1;4;6,3,15.0,33.0,476.0,26.0,5.0,False,1.0,15.0,15.0,False
20,10,_original_nint128_seed17,4,4,6,1;3;5;6,False,False,,1;3;6,5,16.0,36.0,650.0,22.0,5.0,False,1.0,16.0,16.0,False
20,10,_original_nint128_seed17,4,4,6,1;3;6;8,False,False,,3;6;8,1,12.0,24.0,504.0,36.0,5.0,False,1.0,12.0,12.0,False
20,10,_original_nint128_seed17,4,4,6,0;3;6;7,False,False,,0;3;6,7,17.0,36.0,655.0,22.0,5.0,False,1.0,17.0,17.0,False
20,10,_original_nint128_seed17,4,4,6,0;5;6;7,False,False,,0;5;6,7,18.0,39.0,783.0,19.0,5.0,False,1.0,18.0,18.0,False
20,10,_original_nint128_seed17,4,4,6,0;6;7;8,False,False,,6;7;8,0,13.0,25.0,638.0,32.0,5.0,False,1.0,13.0,13.0,False
20,10,_original_nint128_seed17,4,4,6,0;1;6;8,False,False,,0;6;8,1,13.0,27.0,615.0,35.0,5.0,False,1.0,13.0,13.0,False
20,10,_original_nint128_seed17,4,4,6,1;2;6;8,False,False,,2;6;8,1,12.0,25.0,637.0,38.0,5.0,False,1.0,12.0,12.0,False
20,10,_original_nint128_seed17,4,4,6,1;4;6;8,False,False,,4;6;8,1,11.0,22.0,471.0,37.0,5.0,False,1.0,11.0,11.0,False
20,10,_original_nint128_seed17,4,4,6,1;5;6;8,False,False,,1;6;8,5,13.0,28.0,631.0,34.0,5.0,False,1.0,13.0,13.0,False
20,10,_original_nint128_seed17,4,4,6,1;6;7;8,False,False,,6;7;8,1,14.0,28.0,632.0,33.0,5.0,False,1.0,14.0,14.0,False
20,10,_original_nint128_seed17,4,4,6,1;2;3;4,False,False,,1;2;4,3,16.0,35.0,517.0,26.0,5.0,False,1.0,16.0,16.0,False
20,10,_original_nint128_seed17,4,4,6,2;3;4;6,False,False,,2;4;6,3,14.0,30.0,502.0,30.0,5.0,False,1.0,14.0,14.0,False
20,10,_original_nint128_seed17,4,4,6,2;3;4;7,False,False,,2;3;4,7,16.0,38.0,537.0,26.0,5.0,False,1.0,16.0,16.0,False
20,10,_original_nint128_seed17,4,4,6,2;3;4;9,False,False,,2;4;9,3,15.0,32.0,448.0,28.0,5.0,False,1.0,15.0,15.0,False
20,10,_original_nint128_seed17,4,4,6,3;6;7;8,False,False,,3;6;8,7,12.0,23.0,526.0,34.0,5.0,False,1.0,12.0,12.0,False
20,10,_original_nint128_seed17,4,4,6,5;6;7;8,False,False,,6;7;8,5,13.0,26.0,654.0,31.0,5.0,False,1.0,13.0,13.0,False
20,10,_original_nint128_seed17,4,4,6,1;2;5;7,False,False,,1;2;5,7,20.0,44.0,819.0,19.0,5.0,False,1.0,20.0,20.0,False
20,10,_original_nint128_seed17,4,4,6,1;4;5;7,False,False,,1;4;5,7,22.0,49.0,653.0,18.0,5.0,False,1.0,22.0,22.0,False
20,10,_original_nint128_seed17,4,4,6,1;5;6;7,False,False,,1;5;6,7,19.0,42.0,778.0,19.0,5.0,False,1.0,19.0,19.0,False
20,10,_original_nint128_seed17,4,4,6,1;5;7;8,False,False,,5;7;8,1,16.0,35.0,668.0,28.0,5.0,False,1.0,16.0,16.0,False
20,10,_original_nint128_seed17,4,4,6,0;2;3;5,False,False,,2;3;5,0,18.0,39.0,695.0,23.0,5.0,False,1.0,18.0,18.0,False
20,10,_original_nint128_seed17,4,4,6,0;3;5;6,False,False,,0;3;6,5,16.0,35.0,654.0,23.0,5.0,False,1.0,16.0,16.0,False
20,10,_original_nint128_seed17,4,4,6,0;3;5;7,False,False,,0;3;5,7,21.0,45.0,691.0,17.0,5.0,False,1.0,21.0,21.0,False
20,10,_original_nint128_seed17,4,4,6,1;2;4;6,False,False,,2;4;6,1,14.0,30.0,623.0,27.0,5.0,False,1.0,14.0,14.0,False
20,10,_original_nint128_seed17,4,4,6,1;4;5;6,False,False,,1;4;6,5,16.0,36.0,617.0,23.0,5.0,False,1.0,16.0,16.0,False
20,10,_original_nint128_seed17,4,4,6,1;4;5;8,False,False,,1;4;8,5,14.0,31.0,507.0,32.0,5.0,False,1.0,14.0,14.0,False
20,10,_original_nint128_seed17,4,4,6,4;5;6;8,False,False,,4;6;8,5,12.0,24.0,492.0,36.0,5.0,False,1.0,12.0,12.0,False
20,10,_original_nint128_seed17,4,4,6,0;2;3;9,False,False,,2;3;9,0,17.0,35.0,606.0,25.0,5.0,False,1.0,17.0,17.0,False
20,10,_original_nint128_seed17,4,4,6,2;3;7;9,False,False,,2;3;9,7,17.0,36.0,623.0,23.0,5.0,False,1.0,17.0,17.0,False
20,10,_original_nint128_seed17,4,4,6,0;2;3;6,False,False,,2;3;6,0,16.0,34.0,659.0,28.0,5.0,False,1.0,16.0,16.0,False
20,10,_original_nint128_seed17,4,4,6,0;2;3;7,False,False,,0;2;3,7,19.0,40.0,696.0,22.0,5.0,False,1.0,19.0,19.0,False
20,10,_original_nint128_seed17,4,4,6,1;2;4;7,False,False,,1;2;4,7,18.0,39.0,659.0,22.0,5.0,False,1.0,18.0,18.0,False
20,10,_original_nint128_seed17,4,4,6,1;2;3;5,False,False,,1;2;3,5,17.0,38.0,691.0,22.0,5.0,False,1.0,17.0,17.0,False
20,10,_original_nint128_seed17,4,4,6,2;3;5;6,False,False,,2;3;6,5,15.0,33.0,676.0,26.0,5.0,False,1.0,15.0,15.0,False
20,10,_original_nint128_seed17,4,4,6,2;3;5;7,False,False,,2;3;5,7,18.0,40.0,712.0,21.0,5.0,False,1.0,18.0,18.0,False
20,10,_original_nint128_seed17,4,4,6,1;5;8;9,False,False,,1;8;9,5,14.0,32.0,548.0,32.0,5.0,False,1.0,14.0,14.0,False
20,10,_original_nint128_seed17,4,4,6,1;4;5;9,False,False,,1;4;9,5,19.0,42.0,563.0,21.0,5.0,False,1.0,19.0,19.0,False
20,10,_original_nint128_seed17,4,4,6,0;2;5;8,False,False,,2;5;8,0,14.0,30.0,678.0,33.0,5.0,False,1.0,14.0,14.0,False
20,10,_original_nint128_seed17,4,4,6,1;2;5;8,False,False,,1;2;8,5,13.0,29.0,673.0,33.0,5.0,False,1.0,13.0,13.0,False
20,10,_original_nint128_seed17,4,4,6,2;5;6;8,False,False,,2;6;8,5,12.0,25.0,658.0,37.0,5.0,False,1.0,12.0,12.0,False
20,10,_original_nint128_seed17,4,4,6,0;1;2;6,False,False,,1;2;6,0,17.0,37.0,766.0,26.0,5.0,False,1.0,17.0,17.0,False
20,10,_original_nint128_seed17,4,4,6,1;2;5;6,False,False,,1;2;6,5,16.0,36.0,783.0,24.0,5.0,False,1.0,16.0,16.0,False
20,10,_original_nint128_seed17,4,4,6,0;3;4;7,False,False,,0;3;4,7,19.0,43.0,516.0,22.0,5.0,False,1.0,19.0,19.0,False
20,10,_original_nint128_seed17,4,4,6,0;3;4;9,False,False,,0;4;9,3,18.0,37.0,427.0,24.0,5.0,False,1.0,18.0,18.0,False
20,10,_original_nint128_seed17,4,4,6,0;1;4;5,False,False,,0;1;4,5,20.0,43.0,637.0,19.0,5.0,False,1.0,20.0,20.0,False
20,10,_original_nint128_seed17,4,4,6,1;2;4;5,False,False,,1;2;4,5,17.0,38.0,658.0,23.0,5.0,False,1.0,17.0,17.0,False
20,10,_original_nint128_seed17,4,4,6,0;2;5;7,False,False,,0;2;5,7,20.0,43.0,824.0,19.0,5.0,False,1.0,20.0,20.0,False
20,10,_original_nint128_seed17,4,4,6,2;4;5;7,False,False,,2;4;7,5,18.0,40.0,680.0,21.0,5.0,False,1.0,18.0,18.0,False
20,10,_original_nint128_seed17,4,4,6,2;4;5;6,False,False,,2;4;6,5,15.0,33.0,643.0,27.0,5.0,False,1.0,15.0,15.0,False
20,10,_original_nint128_seed17,4,4,6,0;5;8;9,False,False,,0;8;9,5,14.0,30.0,554.0,31.0,5.0,False,1.0,14.0,14.0,False
20,10,_original_nint128_seed17,4,4,6,0;3;6;8,False,False,,3;6;8,0,12.0,23.0,509.0,36.0,5.0,False,1.0,12.0,12.0,False
20,10,_original_nint128_seed17,4,4,6,0;3;7;8,False,False,,0;3;8,7,14.0,28.0,547.0,29.0,5.0,False,1.0,14.0,14.0,False
20,10,_original_nint128_seed17,4,4,6,0;3;8;9,False,False,,3;8;9,0,13.0,26.0,427.0,33.0,5.0,False,1.0,13.0,13.0,False
20,10,_original_nint128_seed17,4,4,6,0;2;7;9,False,False,,0;2;9,7,19.0,39.0,735.0,21.0,5.0,False,1.0,19.0,19.0,False
20,10,_original_nint128_seed17,4,4,6,3;5;6;7,False,False,,3;5;6,7,17.0,38.0,671.0,21.0,5.0,False,1.0,17.0,17.0,False
20,10,_original_nint128_seed17,4,4,6,0;4;5;7,False,False,,0;4;7,5,21.0,45.0,659.0,17.0,5.0,False,1.0,21.0,21.0,False
20,10,_original_nint128_seed17,4,4,6,0;5;7;8,False,False,,0;7;8,5,15.0,31.0,675.0,26.0,5.0,False,1.0,15.0,15.0,False
20,10,_original_nint128_seed17,4,4,6,0;1;5;8,False,False,,0;1;8,5,15.0,33.0,652.0,29.0,5.0,False,1.0,15.0,15.0,False
20,10,_original_nint128_seed17,4,4,6,0;1;2;5,False,False,,1;2;5,0,19.0,42.0,802.0,21.0,5.0,False,1.0,19.0,19.0,False
20,10,_original_nint128_seed17,4,4,6,0;2;5;6,False,False,,2;5;6,0,17.0,38.0,786.0,26.0,5.0,False,1.0,17.0,17.0,False
20,10,_original_nint128_seed17,4,4,6,0;4;5;9,False,False,,0;4;9,5,19.0,40.0,568.0,21.0,5.0,False,1.0,19.0,19.0,False
20,10,_original_nint128_seed17,4,4,6,0;1;2;8,False,False,,1;2;8,0,14.0,30.0,657.0,34.0,5.0,False,1.0,14.0,14.0,False
20,10,_original_nint128_seed17,4,4,6,0;2;8;9,False,False,,2;8;9,0,13.0,27.0,559.0,36.0,5.0,False,1.0,13.0,13.0,False
20,10,_original_nint128_seed17,4,4,6,0;2;6;8,False,False,,2;6;8,0,13.0,27.0,641.0,39.0,5.0,False,1.0,13.0,13.0,False
20,10,_original_nint128_seed17,4,4,6,0;5;6;8,False,False,,0;6;8,5,13.0,27.0,636.0,34.0,5.0,False,1.0,13.0,13.0,False
20,10,_original_nint128_seed17,4,4,6,0;1;5;6,False,False,,0;1;6,5,17.0,38.0,761.0,21.0,5.0,False,1.0,17.0,17.0,False
20,10,_original_nint128_seed17,4,4,6,0;3;7;9,False,False,,0;3;9,7,20.0,41.0,602.0,19.0,5.0,False,1.0,20.0,20.0,False
20,10,_original_nint128_seed17,5,5,5,0;2;5;6;8,False,False,,2;5;6;8,0,11.0,23.0,608.0,43.0,5.0,False,1.0,11.0,11.0,False
20,10,_original_nint128_seed17,5,5,5,1;2;5;6;8,False,False,,1;2;6;8,5,10.0,21.0,604.0,42.0,5.0,False,1.0,10.0,10.0,False
20,10,_original_nint128_seed17,5,5,5,2;3;5;6;8,False,False,,2;3;6;8,5,9.0,17.0,498.0,43.0,5.0,False,1.0,9.0,9.0,False
20,10,_original_nint128_seed17,5,5,5,2;4;5;6;8,False,False,,2;4;6;8,5,9.0,17.0,465.0,44.0,5.0,False,1.0,9.0,9.0,False
20,10,_original_nint128_seed17,5,5,5,2;5;6;7;8,False,False,,2;6;7;8,5,10.0,19.0,627.0,39.0,5.0,False,1.0,10.0,10.0,False
20,10,_original_nint128_seed17,5,5,5,0;1;2;3;8,False,False,,1;2;3;8,0,11.0,22.0,497.0,40.0,5.0,False,1.0,11.0,11.0,False
20,10,_original_nint128_seed17,5,5,5,1;2;3;4;8,False,False,,2;3;4;8,1,9.0,18.0,339.0,43.0,5.0,False,1.0,9.0,9.0,False
20,10,_original_nint128_seed17,5,5,5,1;2;3;5;8,False,False,,1;2;3;8,5,10.0,21.0,513.0,39.0,5.0,False,1.0,10.0,10.0,False
20,10,_original_nint128_seed17,5,5,5,1;2;3;6;8,False,False,,2;3;6;8,1,9.0,17.0,477.0,44.0,5.0,False,1.0,9.0,9.0,False
20,10,_original_nint128_seed17,5,5,5,1;2;3;7;8,False,False,,2;3;7;8,1,11.0,22.0,513.0,39.0,5.0,False,1.0,11.0,11.0,False
20,10,_original_nint128_seed17,5,5,5,1;2;3;8;9,False,False,,2;3;8;9,1,9.0,18.0,394.0,42.0,5.0,False,1.0,9.0,9.0,False
20,10,_original_nint128_seed17,5,5,5,0;2;3;5;6,False,False,,2;3;5;6,0,13.0,28.0,626.0,32.0,5.0,False,1.0,13.0,13.0,False
20,10,_original_nint128_seed17,5,5,5,1;2;3;5;6,False,False,,1;2;3;6,5,12.0,26.0,623.0,30.0,5.0,False,1.0,12.0,12.0,False
20,10,_original_nint128_seed17,5,5,5,2;3;5;6;7,False,False,,2;3;5;6,7,13.0,28.0,644.0,29.0,5.0,False,1.0,13.0,13.0,False
20,10,_original_nint128_seed17,5,5,5,0;1;2;7;8,False,False,,0;2;7;8,1,13.0,26.0,625.0,37.0,5.0,False,1.0,13.0,13.0,False
20,10,_original_nint128_seed17,5,5,5,0;2;3;7;8,False,False,,2;3;7;8,0,11.0,21.0,519.0,38.0,5.0,False,1.0,11.0,11.0,False
20,10,_original_nint128_seed17,5,5,5,0;2;4;7;8,False,False,,2;4;7;8,0,10.0,19.0,487.0,38.0,5.0,False,1.0,10.0,10.0,False
20,10,_original_nint128_seed17,5,5,5,0;2;5;7;8,False,False,,2;5;7;8,0,12.0,24.0,647.0,35.0,5.0,False,1.0,12.0,12.0,False
20,10,_original_nint128_seed17,5,5,5,0;2;6;7;8,False,False,,2;6;7;8,0,11.0,21.0,610.0,41.0,5.0,False,1.0,11.0,11.0,False
20,10,_original_nint128_seed17,5,5,5,0;2;7;8;9,False,False,,2;7;8;9,0,11.0,21.0,528.0,38.0,5.0,False,1.0,11.0,11.0,False
20,10,_original_nint128_seed17,5,5,5,0;5;6;7;8,False,False,,0;6;7;8,5,11.0,21.0,605.0,36.0,5.0,False,1.0,11.0,11.0,False
20,10,_original_nint128_seed17,5,5,5,1;5;6;7;8,False,False,,5;6;7;8,1,12.0,24.0,599.0,37.0,5.0,False,1.0,12.0,12.0,False
20,10,_original_nint128_seed17,5,5,5,3;5;6;7;8,False,False,,3;6;7;8,5,10.0,19.0,493.0,38.0,5.0,False,1.0,10.0,10.0,False
20,10,_original_nint128_seed17,5,5,5,4;5;6;7;8,False,False,,4;6;7;8,5,10.0,19.0,461.0,38.0,5.0,False,1.0,10.0,10.0,False
20,10,_original_nint128_seed17,5,5,5,0;1;2;4;9,False,False,,1;2;4;9,0,13.0,26.0,520.0,30.0,5.0,False,1.0,13.0,13.0,False
20,10,_original_nint128_seed17,5,5,5,0;2;3;4;9,False,False,,2;3;4;9,0,13.0,26.0,399.0,33.0,5.0,False,1.0,13.0,13.0,False
20,10,_original_nint128_seed17,5,5,5,0;2;4;5;9,False,False,,0;2;4;9,5,14.0,29.0,540.0,30.0,5.0,False,1.0,14.0,14.0,False
20,10,_original_nint128_seed17,5,5,5,0;2;4;7;9,False,False,,0;2;4;9,7,14.0,28.0,542.0,28.0,5.0,False,1.0,14.0,14.0,False
20,10,_original_nint128_seed17,5,5,5,0;2;4;8;9,False,False,,2;4;8;9,0,9.0,17.0,366.0,43.0,5.0,False,1.0,9.0,9.0,False
20,10,_original_nint128_seed17,5,5,5,0;3;4;7;8,False,False,,0;3;4;8,7,11.0,22.0,339.0,38.0,5.0,False,1.0,11.0,11.0,False
20,10,_original_nint128_seed17,5,5,5,2;3;4;7;8,False,False,,2;3;4;8,7,9.0,18.0,360.0,42.0,5.0,False,1.0,9.0,9.0,False
20,10,_original_nint128_seed17,5,5,5,3;4;6;7;8,False,False,,3;4;6;8,7,9.0,17.0,318.0,43.0,5.0,False,1.0,9.0,9.0,False
20,10,_original_nint128_seed17,5,5,5,3;4;7;8;9,False,False,,3;4;8;9,7,10.0,21.0,235.0,41.0,5.0,False,1.0,10.0,10.0,False
20,10,_original_nint128_seed17,5,5,5,0;1;3;4;6,False,False,,0;1;4;6,3,12.0,25.0,427.0,31.0,5.0,False,1.0,12.0,12.0,False
20,10,_original_nint128_seed17,5,5,5,0;2;3;4;6,False,False,,2;3;4;6,0,12.0,25.0,452.0,36.0,5.0,False,1.0,12.0,12.0,False
20,10,_original_nint128_seed17,5,5,5,0;3;4;6;7,False,False,,0;3;4;6,7,12.0,28.0,447.0,31.0,5.0,False,1.0,12.0,12.0,False
20,10,_original_nint128_seed17,5,5,5,0;3;4;6;8,False,False,,0;4;6;8,3,9.0,16.0,302.0,44.0,5.0,False,1.0,9.0,9.0,False
20,10,_original_nint128_seed17,5,5,5,0;2;3;4;7,False,False,,0;2;3;4,7,14.0,32.0,488.0,31.0,5.0,False,1.0,14.0,14.0,False
20,10,_original_nint128_seed17,5,5,5,0;3;4;7;9,False,False,,0;3;4;9,7,15.0,32.0,394.0,28.0,5.0,False,1.0,15.0,15.0,False
20,10,_original_nint128_seed17,5,5,5,0;1;2;8;9,False,False,,1;2;8;9,0,11.0,23.0,505.0,41.0,5.0,False,1.0,11.0,11.0,False
20,10,_original_nint128_seed17,5,5,5,1;2;4;8;9,False,False,,2;4;8;9,1,8.0,16.0,361.0,43.0,5.0,False,1.0,8.0,8.0,False
20,10,_original_nint128_seed17,5,5,5,1;2;5;8;9,False,False,,1;2;8;9,5,10.0,22.0,521.0,40.0,5.0,False,1.0,10.0,10.0,False
20,10,_original_nint128_seed17,5,5,5,1;2;7;8;9,False,False,,2;7;8;9,1,11.0,22.0,522.0,39.0,5.0,False,1.0,11.0,11.0,False
20,10,_original_nint128_seed17,5,5,5,1;2;3;4;9,False,False,,1;2;4;9,3,12.0,25.0,395.0,32.0,5.0,False,1.0,12.0,12.0,False
20,10,_original_nint128_seed17,5,5,5,2;3;4;7;9,False,False,,2;3;4;9,7,12.0,27.0,415.0,32.0,5.0,False,1.0,12.0,12.0,False
20,10,_original_nint128_seed17,5,5,5,2;3;4;8;9,False,False,,2;4;8;9,3,8.0,15.0,241.0,45.0,5.0,False,1.0,8.0,8.0,False
20,10,_original_nint128_seed17,5,5,5,0;1;3;4;8,False,False,,0;3;4;8,1,11.0,22.0,318.0,39.0,5.0,False,1.0,11.0,11.0,False
20,10,_original_nint128_seed17,5,5,5,1;3;4;6;8,False,False,,3;4;6;8,1,9.0,17.0,297.0,44.0,5.0,False,1.0,9.0,9.0,False
20,10,_original_nint128_seed17,5,5,5,1;3;4;8;9,False,False,,3;4;8;9,1,10.0,21.0,214.0,42.0,5.0,False,1.0,10.0,10.0,False
20,10,_original_nint128_seed17,5,5,5,0;1;2;3;4,False,False,,1;2;3;4,0,14.0,29.0,468.0,31.0,5.0,False,1.0,14.0,14.0,False
20,10,_original_nint128_seed17,5,5,5,0;2;3;4;8,False,False,,2;3;4;8,0,10.0,19.0,344.0,43.0,5.0,False,1.0,10.0,10.0,False
20,10,_original_nint128_seed17,5,5,5,0;4;7;8;9,False,False,,0;4;8;9,7,10.0,19.0,363.0,36.0,5.0,False,1.0,10.0,10.0,False
20,10,_original_nint128_seed17,5,5,5,1;4;7;8;9,False,False,,4;7;8;9,1,11.0,23.0,356.0,38.0,5.0,False,1.0,11.0,11.0,False
20,10,_original_nint128_seed17,5,5,5,2;4;7;8;9,False,False,,2;4;8;9,7,8.0,15.0,384.0,40.0,5.0,False,1.0,8.0,8.0,False
20,10,_original_nint128_seed17,5,5,5,4;5;7;8;9,False,False,,4;7;8;9,5,11.0,23.0,378.0,36.0,5.0,False,1.0,11.0,11.0,False
20,10,_original_nint128_seed17,5,5,5,0;1;2;5;6,False,False,,1;2;5;6,0,14.0,31.0,733.0,30.0,5.0,False,1.0,14.0,14.0,False
20,10,_original_nint128_seed17,5,5,5,0;2;4;5;6,False,False,,0;2;4;6,5,13.0,28.0,593.0,33.0,5.0,False,1.0,13.0,13.0,False
20,10,_original_nint128_seed17,5,5,5,0;2;5;6;7,False,False,,2;5;6;7,0,15.0,32.0,755.0,28.0,5.0,False,1.0,15.0,15.0,False
20,10,_original_nint128_seed17,5,5,5,0;1;2;4;8,False,False,,1;2;4;8,0,10.0,20.0,464.0,41.0,5.0,False,1.0,10.0,10.0,False
20,10,_original_nint128_seed17,5,5,5,0;1;2;5;8,False,False,,1;2;5;8,0,12.0,26.0,624.0,38.0,5.0,False,1.0,12.0,12.0,False
20,10,_original_nint128_seed17,5,5,5,0;1;2;6;8,False,False,,1;2;6;8,0,11.0,23.0,587.0,44.0,5.0,False,1.0,11.0,11.0,False
20,10,_original_nint128_seed17,5,5,5,2;3;5;7;8,False,False,,2;3;7;8,5,10.0,20.0,535.0,37.0,5.0,False,1.0,10.0,10.0,False
20,10,_original_nint128_seed17,5,5,5,2;3;6;7;8,False,False,,2;3;6;8,7,9.0,16.0,499.0,42.0,5.0,False,1.0,9.0,9.0,False
20,10,_original_nint128_seed17,5,5,5,2;3;7;8;9,False,False,,2;3;8;9,7,9.0,17.0,416.0,40.0,5.0,False,1.0,9.0,9.0,False
20,10,_original_nint128_seed17,5,5,5,0;1;3;4;9,False,False,,0;1;4;9,3,15.0,30.0,374.0,28.0,5.0,False,1.0,15.0,15.0,False
20,10,_original_nint128_seed17,5,5,5,0;1;4;5;9,False,False,,0;1;4;9,5,16.0,33.0,515.0,25.0,5.0,False,1.0,16.0,16.0,False
20,10,_original_nint128_seed17,5,5,5,0;1;4;7;9,False,False,,0;1;4;9,7,17.0,34.0,516.0,24.0,5.0,False,1.0,17.0,17.0,False
20,10,_original_nint128_seed17,5,5,5,0;1;4;8;9,False,False,,0;4;8;9,1,10.0,20.0,340.0,39.0,5.0,False,1.0,10.0,10.0,False
20,10,_original_nint128_seed17,5,5,5,1;2;4;5;8,False,False,,1;2;4;8,5,10.0,21.0,480.0,40.0,5.0,False,1.0,10.0,10.0,False
20,10,_original_nint128_seed17,5,5,5,1;2;4;6;8,False,False,,2;4;6;8,1,8.0,15.0,444.0,45.0,5.0,False,1.0,8.0,8.0,False
20,10,_original_nint128_seed17,5,5,5,1;2;4;7;8,False,False,,2;4;7;8,1,10.0,20.0,481.0,39.0,5.0,False,1.0,10.0,10.0,False
20,10,_original_nint128_seed17,5,5,5,1;2;4;5;6,False,False,,1;2;4;6,5,12.0,26.0,590.0,31.0,5.0,False,1.0,12.0,12.0,False
20,10,_original_nint128_seed17,5,5,5,2;4;5;6;7,False,False,,2;4;6;7,5,13.0,28.0,612.0,29.0,5.0,False,1.0,13.0,13.0,False
20,10,_original_nint128_seed17,5,5,5,0;1;2;4;7,False,False,,0;1;2;4,7,16.0,33.0,610.0,27.0,5.0,False,1.0,16.0,16.0,False
20,10,_original_nint128_seed17,5,5,5,0;2;4;5;7,False,False,,0;2;4;7,5,16.0,34.0,631.0,26.0,5.0,False,1.0,16.0,16.0,False
20,10,_original_nint128_seed17,5,5,5,0;2;4;6;7,False,False,,0;2;4;6,7,13.0,27.0,595.0,31.0,5.0,False,1.0,13.0,13.0,False
20,10,_original_nint128_seed17,5,5,5,0;2;4;6;8,False,False,,2;4;6;8,0,9.0,17.0,448.0,46.0,5.0,False,1.0,9.0,9.0,False
20,10,_original_nint128_seed17,5,5,5,2;3;4;6;8,False,False,,2;4;6;8,3,8.0,14.0,324.0,47.0,5.0,False,1.0,8.0,8.0,False
20,10,_original_nint128_seed17,5,5,5,2;4;6;7;8,False,False,,2;4;6;8,7,8.0,14.0,467.0,42.0,5.0,False,1.0,8.0,8.0,False
20,10,_original_nint128_seed17,5,5,5,0;1;2;3;9,False,False,,1;2;3;9,0,14.0,28.0,553.0,29.0,5.0,False,1.0,14.0,14.0,False
20,10,_original_nint128_seed17,5,5,5,0;2;3;5;9,False,False,,2;3;5;9,0,14.0,29.0,573.0,29.0,5.0,False,1.0,14.0,14.0,False
20,10,_original_nint128_seed17,5,5,5,0;2;3;7;9,False,False,,0;2;3;9,7,15.0,30.0,574.0,28.0,5.0,False,1.0,15.0,15.0,False
20,10,_original_nint128_seed17,5,5,5,0;2;3;8;9,False,False,,2;3;8;9,0,10.0,19.0,399.0,42.0,5.0,False,1.0,10.0,10.0,False
20,10,_original_nint128_seed17,5,5,5,0;1;2;4;5,False,False,,0;1;2;4,5,15.0,32.0,609.0,28.0,5.0,False,1.0,15.0,15.0,False
20,10,_original_nint128_seed17,5,5,5,1;2;4;5;7,False,False,,1;2;4;5,7,16.0,35.0,626.0,26.0,5.0,False,1.0,16.0,16.0,False
20,10,_original_nint128_seed17,5,5,5,1;2;4;5;9,False,False,,1;2;4;9,5,13.0,28.0,536.0,29.0,5.0,False,1.0,13.0,13.0,False
20,10,_original_nint128_seed17,5,5,5,0;1;4;7;8,False,False,,0;4;7;8,1,12.0,24.0,460.0,35.0,5.0,False,1.0,12.0,12.0,False
20,10,_original_nint128_seed17,5,5,5,1;4;5;7;8,False,False,,1;4;7;8,5,13.0,28.0,475.0,35.0,5.0,False,1.0,13.0,13.0,False
20,10,_original_nint128_seed17,5,5,5,1;4;6;7;8,False,False,,4;6;7;8,1,10.0,19.0,439.0,40.0,5.0,False,1.0,10.0,10.0,False
20,10,_original_nint128_seed17,5,5,5,0;4;5;6;7,False,False,,0;4;6;7,5,14.0,30.0,590.0,26.0,5.0,False,1.0,14.0,14.0,False
20,10,_original_nint128_seed17,5,5,5,1;4;5;6;7,False,False,,1;4;5;6,7,15.0,33.0,585.0,26.0,5.0,False,1.0,15.0,15.0,False
20,10,_original_nint128_seed17,5,5,5,0;1;2;3;5,False,False,,1;2;3;5,0,15.0,32.0,642.0,27.0,5.0,False,1.0,15.0,15.0,False
20,10,_original_nint128_seed17,5,5,5,0;1;3;5;6,False,False,,0;1;3;6,5,13.0,28.0,601.0,27.0,5.0,False,1.0,13.0,13.0,False
20,10,_original_nint128_seed17,5,5,5,0;1;3;5;7,False,False,,0;1;3;5,7,19.0,40.0,637.0,22.0,5.0,False,1.0,19.0,19.0,False
20,10,_original_nint128_seed17,5,5,5,0;1;3;5;8,False,False,,0;1;3;8,5,12.0,25.0,492.0,35.0,5.0,False,1.0,12.0,12.0,False
20,10,_original_nint128_seed17,5,5,5,0;1;3;5;9,False,False,,0;1;3;9,5,16.0,33.0,548.0,24.0,5.0,False,1.0,16.0,16.0,False
20,10,_original_nint128_seed17,5,5,5,0;1;3;6;8,False,False,,0;3;6;8,1,10.0,19.0,455.0,41.0,5.0,False,1.0,10.0,10.0,False
20,10,_original_nint128_seed17,5,5,5,0;2;3;6;8,False,False,,2;3;6;8,0,10.0,19.0,481.0,45.0,5.0,False,1.0,10.0,10.0,False
20,10,_original_nint128_seed17,5,5,5,0;3;5;6;8,False,False,,0;3;6;8,5,10.0,19.0,476.0,40.0,5.0,False,1.0,10.0,10.0,False
20,10,_original_nint128_seed17,5,5,5,0;3;6;7;8,False,False,,0;3;6;8,7,10.0,18.0,477.0,39.0,5.0,False,1.0,10.0,10.0,False
20,10,_original_nint128_seed17,5,5,5,0;1;6;7;8,False,False,,0;6;7;8,1,12.0,23.0,583.0,38.0,5.0,False,1.0,12.0,12.0,False
20,10,_original_nint128_seed17,5,5,5,1;2;6;7;8,False,False,,2;6;7;8,1,11.0,21.0,605.0,41.0,5.0,False,1.0,11.0,11.0,False
20,10,_original_nint128_seed17,5,5,5,1;3;6;7;8,False,False,,3;6;7;8,1,11.0,21.0,471.0,40.0,5.0,False,1.0,11.0,11.0,False
20,10,_original_nint128_seed17,5,5,5,0;1;3;7;8,False,False,,0;3;7;8,1,13.0,26.0,492.0,35.0,5.0,False,1.0,13.0,13.0,False
20,10,_original_nint128_seed17,5,5,5,0;3;5;7;8,False,False,,0;3;7;8,5,12.0,24.0,514.0,33.0,5.0,False,1.0,12.0,12.0,False
20,10,_original_nint128_seed17,5,5,5,0;3;7;8;9,False,False,,0;3;8;9,7,11.0,21.0,395.0,36.0,5.0,False,1.0,11.0,11.0,False
20,10,_original_nint128_seed17,5,5,5,1;2;4;7;9,False,False,,1;2;4;9,7,14.0,29.0,537.0,28.0,5.0,False,1.0,14.0,14.0,False
20,10,_original_nint128_seed17,5,5,5,1;3;5;6;8,False,False,,1;3;6;8,5,10.0,20.0,471.0,40.0,5.0,False,1.0,10.0,10.0,False
20,10,_original_nint128_seed17,5,5,5,0;2;5;8;9,False,False,,2;5;8;9,0,11.0,23.0,526.0,40.0,5.0,False,1.0,11.0,11.0,False
20,10,_original_nint128_seed17,5,5,5,2;3;5;8;9,False,False,,2;3;8;9,5,9.0,18.0,415.0,41.0,5.0,False,1.0,9.0,9.0,False
20,10,_original_nint128_seed17,5,5,5,2;4;5;8;9,False,False,,2;4;8;9,5,9.0,18.0,382.0,42.0,5.0,False,1.0,9.0,9.0,False
20,10,_original_nint128_seed17,5,5,5,2;5;7;8;9,False,False,,2;7;8;9,5,10.0,20.0,544.0,37.0,5.0,False,1.0,10.0,10.0,False
20,10,_original_nint128_seed17,5,5,5,0;2;3;5;8,False,False,,2;3;5;8,0,11.0,22.0,518.0,39.0,5.0,False,1.0,11.0,11.0,False
20,10,_original_nint128_seed17,5,5,5,1;2;5;7;8,False,False,,2;5;7;8,1,12.0,25.0,641.0,36.0,5.0,False,1.0,12.0,12.0,False
20,10,_original_nint128_seed17,5,5,5,1;2;5;6;7,False,False,,1;2;5;6,7,15.0,32.0,751.0,27.0,5.0,False,1.0,15.0,15.0,False
20,10,_original_nint128_seed17,5,5,5,2;3;4;6;7,False,False,,2;3;4;6,7,11.0,26.0,469.0,34.0,5.0,False,1.0,11.0,11.0,False
20,10,_original_nint128_seed17,5,5,5,0;1;3;8;9,False,False,,0;3;8;9,1,11.0,22.0,373.0,38.0,5.0,False,1.0,11.0,11.0,False
20,10,_original_nint128_seed17,5,5,5,0;1;5;8;9,False,False,,0;1;8;9,5,12.0,26.0,500.0,36.0,5.0,False,1.0,12.0,12.0,False
20,10,_original_nint128_seed17,5,5,5,0;1;7;8;9,False,False,,0;7;8;9,1,13.0,26.0,501.0,35.0,5.0,False,1.0,13.0,13.0,False
20,10,_original_nint128_seed17,5,5,5,0;2;3;5;7,False,False,,0;2;3;5,7,16.0,34.0,663.0,26.0,5.0,False,1.0,16.0,16.0,False
20,10,_original_nint128_seed17,5,5,5,0;2;5;7;9,False,False,,0;2;5;9,7,16.0,33.0,702.0,25.0,5.0,False,1.0,16.0,16.0,False
20,10,_original_nint128_seed17,5,5,5,1;2;3;5;7,False,False,,1;2;3;5,7,16.0,35.0,658.0,26.0,5.0,False,1.0,16.0,16.0,False
20,10,_original_nint128_seed17,5,5,5,1;2;3;5;9,False,False,,1;2;3;9,5,13.0,28.0,569.0,28.0,5.0,False,1.0,13.0,13.0,False
20,10,_original_nint128_seed17,5,5,5,1;4;5;7;9,False,False,,1;4;5;9,7,15.0,36.0,531.0,24.0,5.0,False,1.0,15.0,15.0,False
20,10,_original_nint128_seed17,5,5,5,1;4;5;8;9,False,False,,1;4;8;9,5,11.0,24.0,355.0,39.0,5.0,False,1.0,11.0,11.0,False
20,10,_original_nint128_seed17,5,5,5,0;4;5;7;8,False,False,,0;4;7;8,5,12.0,24.0,482.0,33.0,5.0,False,1.0,12.0,12.0,False
20,10,_original_nint128_seed17,5,5,5,2;4;5;7;8,False,False,,2;4;7;8,5,10.0,20.0,503.0,37.0,5.0,False,1.0,10.0,10.0,False
20,10,_original_nint128_seed17,5,5,5,0;1;4;6;7,False,False,,0;1;4;6,7,14.0,29.0,569.0,27.0,5.0,False,1.0,14.0,14.0,False
20,10,_original_nint128_seed17,5,5,5,1;2;4;6;7,False,False,,1;2;4;6,7,13.0,27.0,591.0,30.0,5.0,False,1.0,13.0,13.0,False
20,10,_original_nint128_seed17,5,5,5,0;4;5;6;8,False,False,,0;4;6;8,5,10.0,19.0,443.0,41.0,5.0,False,1.0,10.0,10.0,False
20,10,_original_nint128_seed17,5,5,5,1;4;5;6;8,False,False,,1;4;6;8,5,10.0,20.0,438.0,41.0,5.0,False,1.0,10.0,10.0,False
20,10,_original_nint128_seed17,5,5,5,0;1;4;5;7,False,False,,0;1;4;5,7,19.0,40.0,605.0,22.0,5.0,False,1.0,19.0,19.0,False
20,10,_original_nint128_seed17,5,5,5,0;4;5;7;9,False,False,,0;4;7;9,5,17.0,35.0,537.0,23.0,5.0,False,1.0,17.0,17.0,False
20,10,_original_nint128_seed17,5,5,5,0;4;6;7;8,False,False,,0;4;6;8,7,9.0,16.0,445.0,39.0,5.0,False,1.0,9.0,9.0,False
20,10,_original_nint128_seed17,5,5,5,2;4;5;7;9,False,False,,2;4;7;9,5,14.0,30.0,558.0,27.0,5.0,False,1.0,14.0,14.0,False
20,10,_original_nint128_seed17,5,5,5,0;1;4;5;8,False,False,,0;1;4;8,5,12.0,25.0,459.0,36.0,5.0,False,1.0,12.0,12.0,False
20,10,_original_nint128_seed17,5,5,5,1;3;7;8;9,False,False,,3;7;8;9,1,11.0,25.0,388.0,38.0,5.0,False,1.0,11.0,11.0,False
20,10,_original_nint128_seed17,5,5,5,1;5;7;8;9,False,False,,5;7;8;9,1,11.0,26.0,516.0,35.0,5.0,False,1.0,11.0,11.0,False
20,10,_original_nint128_seed17,5,5,5,0;1;2;3;6,False,False,,1;2;3;6,0,13.0,27.0,606.0,32.0,5.0,False,1.0,13.0,13.0,False
20,10,_original_nint128_seed17,5,5,5,0;2;3;6;7,False,False,,0;2;3;6,7,14.0,29.0,627.0,31.0,5.0,False,1.0,14.0,14.0,False
20,10,_original_nint128_seed17,5,5,5,0;1;2;6;7,False,False,,0;1;2;6,7,16.0,33.0,734.0,29.0,5.0,False,1.0,16.0,16.0,False
20,10,_original_nint128_seed17,5,5,5,1;2;3;6;7,False,False,,1;2;3;6,7,14.0,29.0,623.0,30.0,5.0,False,1.0,14.0,14.0,False
20,10,_original_nint128_seed17,5,5,5,1;2;3;4;6,False,False,,1;2;4;6,3,11.0,23.0,449.0,34.0,5.0,False,1.0,11.0,11.0,False
20,10,_original_nint128_seed17,5,5,5,1;3;5;8;9,False,False,,1;3;8;9,5,11.0,24.0,388.0,38.0,5.0,False,1.0,11.0,11.0,False
20,10,_original_nint128_seed17,5,5,5,0;5;7;8;9,False,False,,0;7;8;9,5,12.0,24.0,523.0,33.0,5.0,False,1.0,12.0,12.0,False
20,10,_original_nint128_seed17,5,5,5,0;1;5;6;7,False,False,,0;1;5;6,7,16.0,34.0,729.0,24.0,5.0,False,1.0,16.0,16.0,False
20,10,_original_nint128_seed17,5,5,5,1;3;5;6;7,False,False,,1;3;5;6,7,15.0,33.0,617.0,26.0,5.0,False,1.0,15.0,15.0,False
20,10,_original_nint128_seed17,5,5,5,0;1;2;5;9,False,False,,1;2;5;9,0,15.0,32.0,680.0,27.0,5.0,False,1.0,15.0,15.0,False
20,10,_original_nint128_seed17,5,5,5,0;3;5;6;7,False,False,,0;3;5;6,7,14.0,30.0,622.0,26.0,5.0,False,1.0,14.0,14.0,False
20,10,_original_nint128_seed17,5,5,5,0;1;3;6;7,False,False,,0;1;3;6,7,15.0,31.0,601.0,27.0,5.0,False,1.0,15.0,15.0,False
20,10,_original_nint128_seed17,5,5,5,0;1;5;7;8,False,False,,0;5;7;8,1,13.0,29.0,620.0,32.0,5.0,False,1.0,13.0,13.0,False
20,10,_original_nint128_seed17,5,5,5,1;3;5;7;8,False,False,,3;5;7;8,1,13.0,28.0,507.0,35.0,5.0,False,1.0,13.0,13.0,False
20,10,_original_nint128_seed17,5,5,5,0;3;5;7;9,False,False,,0;3;5;9,7,17.0,35.0,569.0,23.0,5.0,False,1.0,17.0,17.0,False
20,10,_original_nint128_seed17,5,5,5,0;3;4;8;9,False,False,,0;4;8;9,3,10.0,19.0,220.0,41.0,5.0,False,1.0,10.0,10.0,False
20,10,_original_nint128_seed17,5,5,5,0;4;5;8;9,False,False,,0;4;8;9,5,11.0,22.0,361.0,38.0,5.0,False,1.0,11.0,11.0,False
20,10,_original_nint128_seed17,5,5,5,0;3;5;8;9,False,False,,0;3;8;9,5,11.0,22.0,394.0,37.0,5.0,False,1.0,11.0,11.0,False
20,10,_original_nint128_seed17,5,5,5,3;5;7;8;9,False,False,,3;7;8;9,5,11.0,23.0,410.0,36.0,5.0,False,1.0,11.0,11.0,False
20,10,_original_nint128_seed17,5,5,5,1;2;5;7;9,False,False,,1;2;5;9,7,14.0,32.0,697.0,25.0,5.0,False,1.0,14.0,14.0,False
20,10,_original_nint128_seed17,5,5,5,2;3;5;7;9,False,False,,2;3;5;9,7,14.0,30.0,590.0,27.0,5.0,False,1.0,14.0,14.0,False
20,10,_original_nint128_seed17,5,5,5,0;1;2;3;7,False,False,,0;1;2;3,7,16.0,35.0,642.0,27.0,5.0,False,1.0,16.0,16.0,False
20,10,_original_nint128_seed17,5,5,5,0;1;3;7;9,False,False,,0;1;3;9,7,17.0,36.0,548.0,24.0,5.0,False,1.0,17.0,17.0,False
20,10,_original_nint128_seed17,5,5,5,1;2;3;7;9,False,False,,1;2;3;9,7,14.0,31.0,569.0,28.0,5.0,False,1.0,14.0,14.0,False
20,10,_original_nint128_seed17,5,5,5,1;3;5;7;9,False,False,,1;3;5;9,7,15.0,36.0,563.0,24.0,5.0,False,1.0,15.0,15.0,False
20,10,_original_nint128_seed17,5,5,5,0;1;5;6;8,False,False,,0;1;6;8,5,11.0,23.0,582.0,39.0,5.0,False,1.0,11.0,11.0,False
20,10,_original_nint128_seed17,5,5,5,0;2;4;5;8,False,False,,0;2;4;8,5,11.0,22.0,485.0,40.0,5.0,False,1.0,11.0,11.0,False
20,10,_original_nint128_seed17,5,5,5,0;1;2;4;6,False,False,,1;2;4;6,0,12.0,25.0,573.0,33.0,5.0,False,1.0,12.0,12.0,False
20,10,_original_nint128_seed17,5,5,5,0;1;4;6;8,False,False,,0;4;6;8,1,9.0,17.0,422.0,42.0,5.0,False,1.0,9.0,9.0,False
20,10,_original_nint128_seed17,5,5,5,0;1;4;5;6,False,False,,0;1;4;6,5,13.0,28.0,568.0,28.0,5.0,False,1.0,13.0,13.0,False
20,10,_original_nint128_seed17,5,5,5,0;1;5;7;9,False,False,,0;1;5;9,7,16.0,36.0,676.0,21.0,5.0,False,1.0,16.0,16.0,False
20,10,_original_nint128_seed17,5,5,5,0;1;2;7;9,False,False,,0;1;2;9,7,17.0,34.0,681.0,26.0,5.0,False,1.0,17.0,17.0,False
20,10,_original_nint128_seed17,6,6,4,0;1;2;3;6;7,False,False,,0;1;2;3;6,7,11.0,24.0,573.0,36.0,5.0,False,1.0,11.0,11.0,False
20,10,_original_nint128_seed17,6,6,4,0;1;2;3;7;8,False,False,,0;2;3;7;8,1,9.0,19.0,464.0,44.0,5.0,False,1.0,9.0,9.0,False
20,10,_original_nint128_seed17,6,6,4,0;1;2;3;7;9,False,False,,0;1;2;3;9,7,12.0,25.0,520.0,33.0,5.0,False,1.0,12.0,12.0,False
20,10,_original_nint128_seed17,6,6,4,0;2;3;4;6;7,False,False,,0;2;3;4;6,7,9.0,21.0,419.0,40.0,5.0,False,1.0,9.0,9.0,False
20,10,_original_nint128_seed17,6,6,4,0;2;3;5;6;7,False,False,,0;2;3;5;6,7,11.0,23.0,594.0,35.0,5.0,False,1.0,11.0,11.0,False
20,10,_original_nint128_seed17,6,6,4,0;2;3;6;7;8,False,False,,2;3;6;7;8,0,8.0,14.0,449.0,48.0,5.0,False,1.0,8.0,8.0,False
20,10,_original_nint128_seed17,6,6,4,0;4;5;6;7;8,False,False,,0;4;6;7;8,5,8.0,14.0,412.0,43.0,5.0,False,1.0,8.0,8.0,False
20,10,_original_nint128_seed17,6,6,4,1;4;5;6;7;8,False,False,,1;4;6;7;8,5,9.0,17.0,406.0,44.0,5.0,False,1.0,9.0,9.0,False
20,10,_original_nint128_seed17,6,6,4,2;4;5;6;7;8,False,False,,2;4;6;7;8,5,7.0,12.0,434.0,46.0,5.0,False,1.0,7.0,7.0,False
20,10,_original_nint128_seed17,6,6,4,0;1;2;3;8;9,False,False,,1;2;3;8;9,0,8.0,15.0,345.0,47.0,5.0,False,1.0,8.0,8.0,False
20,10,_original_nint128_seed17,6,6,4,0;2;3;4;8;9,False,False,,2;3;4;8;9,0,7.0,12.0,192.0,50.0,5.0,False,1.0,7.0,7.0,False
20,10,_original_nint128_seed17,6,6,4,0;2;3;5;8;9,False,False,,2;3;5;8;9,0,8.0,15.0,366.0,46.0,5.0,False,1.0,8.0,8.0,False
20,10,_original_nint128_seed17,6,6,4,0;2;3;7;8;9,False,False,,2;3;7;8;9,0,8.0,14.0,367.0,45.0,5.0,False,1.0,8.0,8.0,False
20,10,_original_nint128_seed17,6,6,4,0;1;2;7;8;9,False,False,,0;2;7;8;9,1,10.0,19.0,473.0,44.0,5.0,False,1.0,10.0,10.0,False
20,10,_original_nint128_seed17,6,6,4,1;2;3;7;8;9,False,False,,2;3;7;8;9,1,7.0,15.0,361.0,46.0,5.0,False,1.0,7.0,7.0,False
20,10,_original_nint128_seed17,6,6,4,1;2;4;7;8;9,False,False,,2;4;7;8;9,1,7.0,13.0,329.0,46.0,5.0,False,1.0,7.0,7.0,False
20,10,_original_nint128_seed17,6,6,4,1;2;5;7;8;9,False,False,,2;5;7;8;9,1,8.0,18.0,489.0,43.0,5.0,False,1.0,8.0,8.0,False
20,10,_original_nint128_seed17,6,6,4,0;1;2;4;5;6,False,False,,0;1;2;4;6,5,10.0,21.0,540.0,37.0,5.0,False,1.0,10.0,10.0,False
20,10,_original_nint128_seed17,6,6,4,0;1;4;5;6;7,False,False,,0;1;4;5;6,7,12.0,25.0,536.0,31.0,5.0,False,1.0,12.0,12.0,False
20,10,_original_nint128_seed17,6,6,4,0;1;4;5;6;8,False,False,,0;1;4;6;8,5,8.0,15.0,389.0,46.0,5.0,False,1.0,8.0,8.0,False
20,10,_original_nint128_seed17,6,6,4,0;2;3;4;7;9,False,False,,0;2;3;4;9,7,10.0,21.0,366.0,37.0,5.0,False,1.0,10.0,10.0,False
20,10,_original_nint128_seed17,6,6,4,2;3;4;7;8;9,False,False,,2;3;4;8;9,7,6.0,11.0,208.0,49.0,5.0,False,1.0,6.0,6.0,False
20,10,_original_nint128_seed17,6,6,4,0;1;2;6;7;8,False,False,,0;2;6;7;8,1,10.0,19.0,555.0,47.0,5.0,False,1.0,10.0,10.0,False
20,10,_original_nint128_seed17,6,6,4,0;1;3;6;7;8,False,False,,0;3;6;7;8,1,9.0,16.0,422.0,45.0,5.0,False,1.0,9.0,9.0,False
20,10,_original_nint128_seed17,6,6,4,0;1;4;6;7;8,False,False,,0;4;6;7;8,1,8.0,14.0,390.0,45.0,5.0,False,1.0,8.0,8.0,False
20,10,_original_nint128_seed17,6,6,4,0;1;5;6;7;8,False,False,,0;5;6;7;8,1,9.0,19.0,550.0,42.0,5.0,False,1.0,9.0,9.0,False
20,10,_original_nint128_seed17,6,6,4,0;1;2;3;4;9,False,False,,1;2;3;4;9,0,10.0,19.0,346.0,37.0,5.0,False,1.0,10.0,10.0,False
20,10,_original_nint128_seed17,6,6,4,1;2;3;4;8;9,False,False,,2;3;4;8;9,1,6.0,11.0,187.0,50.0,5.0,False,1.0,6.0,6.0,False
20,10,_original_nint128_seed17,6,6,4,0;1;2;4;7;8,False,False,,0;2;4;7;8,1,9.0,17.0,432.0,44.0,5.0,False,1.0,9.0,9.0,False
20,10,_original_nint128_seed17,6,6,4,0;1;4;5;7;8,False,False,,0;1;4;7;8,5,10.0,22.0,427.0,39.0,5.0,False,1.0,10.0,10.0,False
20,10,_original_nint128_seed17,6,6,4,0;1;4;7;8;9,False,False,,0;4;7;8;9,1,9.0,17.0,308.0,42.0,5.0,False,1.0,9.0,9.0,False
20,10,_original_nint128_seed17,6,6,4,0;2;4;5;6;7,False,False,,0;2;4;6;7,5,11.0,23.0,562.0,35.0,5.0,False,1.0,11.0,11.0,False
20,10,_original_nint128_seed17,6,6,4,0;1;2;3;6;8,False,False,,1;2;3;6;8,0,8.0,15.0,427.0,50.0,5.0,False,1.0,8.0,8.0,False
20,10,_original_nint128_seed17,6,6,4,0;2;3;4;6;8,False,False,,2;3;4;6;8,0,7.0,12.0,274.0,53.0,5.0,False,1.0,7.0,7.0,False
20,10,_original_nint128_seed17,6,6,4,0;2;3;5;6;8,False,False,,2;3;5;6;8,0,8.0,15.0,448.0,49.0,5.0,False,1.0,8.0,8.0,False
20,10,_original_nint128_seed17,6,6,4,0;1;2;3;4;6,False,False,,1;2;3;4;6,0,9.0,18.0,399.0,40.0,5.0,False,1.0,9.0,9.0,False
20,10,_original_nint128_seed17,6,6,4,0;1;2;3;4;8,False,False,,1;2;3;4;8,0,8.0,15.0,290.0,48.0,5.0,False,1.0,8.0,8.0,False
20,10,_original_nint128_seed17,6,6,4,0;1;3;4;8;9,False,False,,0;3;4;8;9,1,8.0,15.0,166.0,46.0,5.0,False,1.0,8.0,8.0,False
20,10,_original_nint128_seed17,6,6,4,0;3;4;7;8;9,False,False,,0;3;4;8;9,7,8.0,15.0,187.0,45.0,5.0,False,1.0,8.0,8.0,False
20,10,_original_nint128_seed17,6,6,4,0;2;3;4;7;8,False,False,,2;3;4;7;8,0,8.0,15.0,311.0,47.0,5.0,False,1.0,8.0,8.0,False
20,10,_original_nint128_seed17,6,6,4,2;3;4;6;7;8,False,False,,2;3;4;6;8,7,6.0,10.0,291.0,51.0,5.0,False,1.0,6.0,6.0,False
20,10,_original_nint128_seed17,6,6,4,0;2;4;5;6;8,False,False,,0;2;4;6;8,5,8.0,15.0,415.0,50.0,5.0,False,1.0,8.0,8.0,False
20,10,_original_nint128_seed17,6,6,4,0;1;2;4;5;8,False,False,,0;1;2;4;8,5,9.0,18.0,431.0,45.0,5.0,False,1.0,9.0,9.0,False
20,10,_original_nint128_seed17,6,6,4,0;1;2;4;6;8,False,False,,1;2;4;6;8,0,7.0,13.0,394.0,51.0,5.0,False,1.0,7.0,7.0,False
20,10,_original_nint128_seed17,6,6,4,0;1;2;4;8;9,False,False,,1;2;4;8;9,0,7.0,13.0,312.0,48.0,5.0,False,1.0,7.0,7.0,False
20,10,_original_nint128_seed17,6,6,4,1;2;4;5;6;7,False,False,,1;2;4;5;6,7,11.0,23.0,558.0,34.0,5.0,False,1.0,11.0,11.0,False
20,10,_original_nint128_seed17,6,6,4,1;2;4;5;6;8,False,False,,1;2;4;6;8,5,7.0,13.0,411.0,49.0,5.0,False,1.0,7.0,7.0,False
20,10,_original_nint128_seed17,6,6,4,0;1;4;5;7;9,False,False,,0;1;4;5;9,7,12.0,27.0,483.0,28.0,5.0,False,1.0,12.0,12.0,False
20,10,_original_nint128_seed17,6,6,4,0;2;4;5;7;9,False,False,,0;2;4;7;9,5,12.0,24.0,509.0,32.0,5.0,False,1.0,12.0,12.0,False
20,10,_original_nint128_seed17,6,6,4,0;4;5;7;8;9,False,False,,0;4;7;8;9,5,9.0,17.0,330.0,40.0,5.0,False,1.0,9.0,9.0,False
20,10,_original_nint128_seed17,6,6,4,0;2;4;7;8;9,False,False,,2;4;7;8;9,0,7.0,12.0,335.0,45.0,5.0,False,1.0,7.0,7.0,False
20,10,_original_nint128_seed17,6,6,4,0;2;3;5;7;8,False,False,,2;3;5;7;8,0,9.0,17.0,486.0,42.0,5.0,False,1.0,9.0,9.0,False
20,10,_original_nint128_seed17,6,6,4,0;2;3;5;7;9,False,False,,0;2;3;5;9,7,12.0,24.0,541.0,32.0,5.0,False,1.0,12.0,12.0,False
20,10,_original_nint128_seed17,6,6,4,0;1;4;5;8;9,False,False,,0;1;4;8;9,5,9.0,18.0,307.0,43.0,5.0,False,1.0,9.0,9.0,False
20,10,_original_nint128_seed17,6,6,4,1;2;4;5;8;9,False,False,,1;2;4;8;9,5,7.0,14.0,328.0,47.0,5.0,False,1.0,7.0,7.0,False
20,10,_original_nint128_seed17,6,6,4,1;4;5;7;8;9,False,False,,1;4;7;8;9,5,8.0,19.0,323.0,42.0,5.0,False,1.0,8.0,8.0,False
20,10,_original_nint128_seed17,6,6,4,0;1;2;3;5;6,False,False,,1;2;3;5;6,0,10.0,21.0,573.0,36.0,5.0,False,1.0,10.0,10.0,False
20,10,_original_nint128_seed17,6,6,4,0;1;3;5;6;7,False,False,,0;1;3;5;6,7,12.0,25.0,568.0,31.0,5.0,False,1.0,12.0,12.0,False
20,10,_original_nint128_seed17,6,6,4,0;1;3;5;6;8,False,False,,0;1;3;6;8,5,8.0,15.0,422.0,45.0,5.0,False,1.0,8.0,8.0,False
20,10,_original_nint128_seed17,6,6,4,0;1;2;4;7;9,False,False,,0;1;2;4;9,7,12.0,23.0,488.0,33.0,5.0,False,1.0,12.0,12.0,False
20,10,_original_nint128_seed17,6,6,4,1;2;4;5;7;9,False,False,,1;2;4;5;9,7,10.0,23.0,504.0,32.0,5.0,False,1.0,10.0,10.0,False
20,10,_original_nint128_seed17,6,6,4,0;1;3;5;7;8,False,False,,0;3;5;7;8,1,10.0,22.0,459.0,39.0,5.0,False,1.0,10.0,10.0,False
20,10,_original_nint128_seed17,6,6,4,1;2;3;5;7;8,False,False,,2;3;5;7;8,1,9.0,18.0,480.0,43.0,5.0,False,1.0,9.0,9.0,False
20,10,_original_nint128_seed17,6,6,4,1;3;5;6;7;8,False,False,,3;5;6;7;8,1,9.0,17.0,438.0,44.0,5.0,False,1.0,9.0,9.0,False
20,10,_original_nint128_seed17,6,6,4,1;3;5;7;8;9,False,False,,3;5;7;8;9,1,8.0,19.0,355.0,42.0,5.0,False,1.0,8.0,8.0,False
20,10,_original_nint128_seed17,6,6,4,0;3;5;6;7;8,False,False,,0;3;6;7;8,5,8.0,14.0,444.0,43.0,5.0,False,1.0,8.0,8.0,False
20,10,_original_nint128_seed17,6,6,4,2;3;5;6;7;8,False,False,,2;3;6;7;8,5,7.0,12.0,466.0,46.0,5.0,False,1.0,7.0,7.0,False
20,10,_original_nint128_seed17,6,6,4,0;1;3;4;6;8,False,False,,0;3;4;6;8,1,7.0,12.0,248.0,49.0,5.0,False,1.0,7.0,7.0,False
20,10,_original_nint128_seed17,6,6,4,0;2;5;7;8;9,False,False,,2;5;7;8;9,0,9.0,17.0,495.0,42.0,5.0,False,1.0,9.0,9.0,False
20,10,_original_nint128_seed17,6,6,4,2;3;5;7;8;9,False,False,,2;3;7;8;9,5,7.0,13.0,383.0,44.0,5.0,False,1.0,7.0,7.0,False
20,10,_original_nint128_seed17,6,6,4,2;4;5;7;8;9,False,False,,2;4;7;8;9,5,7.0,13.0,351.0,44.0,5.0,False,1.0,7.0,7.0,False
20,10,_original_nint128_seed17,6,6,4,0;3;4;6;7;8,False,False,,0;3;4;6;8,7,7.0,12.0,269.0,48.0,5.0,False,1.0,7.0,7.0,False
20,10,_original_nint128_seed17,6,6,4,1;2;3;5;8;9,False,False,,1;2;3;8;9,5,7.0,14.0,361.0,46.0,5.0,False,1.0,7.0,7.0,False
20,10,_original_nint128_seed17,6,6,4,0;2;5;6;7;8,False,False,,2;5;6;7;8,0,9.0,17.0,577.0,45.0,5.0,False,1.0,9.0,9.0,False
20,10,_original_nint128_seed17,6,6,4,0;1;2;3;5;8,False,False,,1;2;3;5;8,0,9.0,18.0,464.0,44.0,5.0,False,1.0,9.0,9.0,False
20,10,_original_nint128_seed17,6,6,4,0;1;2;3;5;9,False,False,,1;2;3;5;9,0,11.0,22.0,520.0,33.0,5.0,False,1.0,11.0,11.0,False
20,10,_original_nint128_seed17,6,6,4,1;2;3;5;6;7,False,False,,1;2;3;5;6,7,11.0,23.0,590.0,34.0,5.0,False,1.0,11.0,11.0,False
20,10,_original_nint128_seed17,6,6,4,1;2;5;6;7;8,False,False,,2;5;6;7;8,1,9.0,17.0,572.0,45.0,5.0,False,1.0,9.0,9.0,False
20,10,_original_nint128_seed17,6,6,4,0;1;2;5;6;8,False,False,,1;2;5;6;8,0,9.0,19.0,554.0,48.0,5.0,False,1.0,9.0,9.0,False
20,10,_original_nint128_seed17,6,6,4,1;2;3;5;6;8,False,False,,1;2;3;6;8,5,7.0,13.0,444.0,48.0,5.0,False,1.0,7.0,7.0,False
20,10,_original_nint128_seed17,6,6,4,0;1;5;7;8;9,False,False,,0;5;7;8;9,1,9.0,20.0,468.0,39.0,5.0,False,1.0,9.0,9.0,False
20,10,_original_nint128_seed17,6,6,4,0;3;5;7;8;9,False,False,,0;3;7;8;9,5,9.0,17.0,362.0,40.0,5.0,False,1.0,9.0,9.0,False
20,10,_original_nint128_seed17,6,6,4,0;2;4;6;7;8,False,False,,2;4;6;7;8,0,7.0,12.0,417.0,48.0,5.0,False,1.0,7.0,7.0,False
20,10,_original_nint128_seed17,6,6,4,0;1;3;5;8;9,False,False,,0;1;3;8;9,5,9.0,18.0,340.0,42.0,5.0,False,1.0,9.0,9.0,False
20,10,_original_nint128_seed17,6,6,4,1;2;4;5;7;8,False,False,,1;2;4;7;8,5,9.0,18.0,448.0,43.0,5.0,False,1.0,9.0,9.0,False
20,10,_original_nint128_seed17,6,6,4,0;1;3;5;7;9,False,False,,0;1;3;5;9,7,12.0,27.0,515.0,28.0,5.0,False,1.0,12.0,12.0,False
20,10,_original_nint128_seed17,6,6,4,0;1;2;4;5;9,False,False,,0;1;2;4;9,5,11.0,22.0,487.0,34.0,5.0,False,1.0,11.0,11.0,False
20,10,_original_nint128_seed17,6,6,4,0;1;2;4;6;7,False,False,,0;1;2;4;6,7,11.0,22.0,541.0,36.0,5.0,False,1.0,11.0,11.0,False
20,10,_original_nint128_seed17,6,6,4,1;2;3;4;6;8,False,False,,2;3;4;6;8,1,6.0,10.0,270.0,52.0,5.0,False,1.0,6.0,6.0,False
20,10,_original_nint128_seed17,6,6,4,0;1;3;7;8;9,False,False,,0;3;7;8;9,1,9.0,19.0,340.0,42.0,5.0,False,1.0,9.0,9.0,False
20,10,_original_nint128_seed17,6,6,4,1;2;3;5;7;9,False,False,,1;2;3;5;9,7,10.0,23.0,536.0,32.0,5.0,False,1.0,10.0,10.0,False
20,10,_original_nint128_seed17,6,6,4,0;1;2;5;8;9,False,False,,1;2;5;8;9,0,9.0,19.0,472.0,45.0,5.0,False,1.0,9.0,9.0,False
20,10,_original_nint128_seed17,6,6,4,1;2;4;6;7;8,False,False,,2;4;6;7;8,1,7.0,12.0,412.0,48.0,5.0,False,1.0,7.0,7.0,False
20,10,_original_nint128_seed17,6,6,4,1;2;3;6;7;8,False,False,,2;3;6;7;8,1,8.0,14.0,444.0,48.0,5.0,False,1.0,8.0,8.0,False
20,10,_original_nint128_seed17,6,6,4,0;2;4;5;7;8,False,False,,0;2;4;7;8,5,9.0,17.0,454.0,42.0,5.0,False,1.0,9.0,9.0,False
20,10,_original_nint128_seed17,6,6,4,0;2;4;5;8;9,False,False,,0;2;4;8;9,5,8.0,15.0,333.0,47.0,5.0,False,1.0,8.0,8.0,False
20,10,_original_nint128_seed17,7,7,3,0;2;3;5;7;8;9,True,False,,2;3;5;7;8;9,0,6.0,10.0,334.0,49.0,5.0,False,1.0,6.0,6.0,False
20,10,_original_nint128_seed17,7,7,3,1;2;3;5;7;8;9,True,False,,2;3;5;7;8;9,1,5.0,11.0,328.0,50.0,5.0,False,1.0,5.0,5.0,True
20,10,_original_nint128_seed17,7,7,3,0;1;4;5;7;8;9,True,False,,0;1;4;7;8;9,5,6.0,13.0,275.0,46.0,5.0,False,1.0,6.0,6.0,False
20,10,_original_nint128_seed17,7,7,3,0;2;4;5;7;8;9,True,False,,0;2;4;7;8;9,5,6.0,10.0,302.0,49.0,5.0,False,1.0,6.0,6.0,False
20,10,_original_nint128_seed17,7,7,3,0;1;2;3;6;7;8,True,False,,0;2;3;6;7;8,1,6.0,12.0,394.0,54.0,5.0,False,1.0,6.0,6.0,False
20,10,_original_nint128_seed17,7,7,3,0;1;2;4;6;7;8,True,False,,0;2;4;6;7;8,1,6.0,10.0,362.0,54.0,5.0,False,1.0,6.0,6.0,False
20,10,_original_nint128_seed17,7,7,3,0;2;3;4;6;7;8,True,False,,2;3;4;6;7;8,0,5.0,8.0,241.0,57.0,5.0,False,1.0,5.0,5.0,True
20,10,_original_nint128_seed17,7,7,3,0;1;2;3;4;6;8,True,False,,1;2;3;4;6;8,0,5.0,8.0,220.0,58.0,5.0,False,1.0,5.0,5.0,True
20,10,_original_nint128_seed17,7,7,3,0;1;3;5;6;7;8,True,False,,0;3;5;6;7;8,1,6.0,12.0,389.0,49.0,5.0,False,1.0,6.0,6.0,False
20,10,_original_nint128_seed17,7,7,3,0;1;3;5;7;8;9,True,False,,0;3;5;7;8;9,1,6.0,13.0,307.0,46.0,5.0,False,1.0,6.0,6.0,False
20,10,_original_nint128_seed17,7,7,3,0;1;2;4;5;8;9,True,False,,0;1;2;4;8;9,5,6.0,11.0,279.0,52.0,5.0,False,1.0,6.0,6.0,False
20,10,_original_nint128_seed17,7,7,3,0;1;2;3;7;8;9,True,False,,0;2;3;7;8;9,1,6.0,12.0,312.0,51.0,5.0,False,1.0,6.0,6.0,False
20,10,_original_nint128_seed17,7,7,3,0;1;2;4;5;6;8,True,False,,0;1;2;4;6;8,5,6.0,11.0,361.0,55.0,5.0,False,1.0,6.0,6.0,False
20,10,_original_nint128_seed17,7,7,3,0;1;4;5;6;7;8,True,False,,0;1;4;6;7;8,5,6.0,12.0,357.0,49.0,5.0,False,1.0,6.0,6.0,False
20,10,_original_nint128_seed17,7,7,3,0;2;4;5;6;7;8,True,False,,0;2;4;6;7;8,5,6.0,10.0,384.0,52.0,5.0,False,1.0,6.0,6.0,False
20,10,_original_nint128_seed17,7,7,3,0;1;2;3;5;6;8,True,False,,1;2;3;5;6;8,0,6.0,11.0,394.0,54.0,5.0,False,1.0,6.0,6.0,False
20,10,_original_nint128_seed17,7,7,3,1;2;3;5;6;7;8,True,False,,2;3;5;6;7;8,1,6.0,10.0,411.0,52.0,5.0,False,1.0,6.0,6.0,False
20,10,_original_nint128_seed17,7,7,3,0;2;3;5;6;7;8,True,False,,2;3;5;6;7;8,0,6.0,10.0,416.0,52.0,5.0,False,1.0,6.0,6.0,False
20,10,_original_nint128_seed17,7,7,3,0;1;2;3;5;8;9,True,False,,1;2;3;5;8;9,0,6.0,11.0,312.0,51.0,5.0,False,1.0,6.0,6.0,False
20,10,_original_nint128_seed17,7,7,3,0;2;3;4;7;8;9,True,False,,2;3;4;7;8;9,0,5.0,8.0,159.0,54.0,5.0,False,1.0,5.0,5.0,True
20,10,_original_nint128_seed17,7,7,3,0;1;2;4;7;8;9,True,False,,0;2;4;7;8;9,1,6.0,10.0,280.0,51.0,5.0,False,1.0,6.0,6.0,False
20,10,_original_nint128_seed17,7,7,3,1;2;4;5;6;7;8,True,False,,1;2;4;6;7;8,5,6.0,10.0,379.0,52.0,5.0,False,1.0,6.0,6.0,False
20,10,_original_nint128_seed17,7,7,3,1;2;4;5;7;8;9,True,False,,1;2;4;7;8;9,5,5.0,11.0,296.0,50.0,5.0,False,1.0,5.0,5.0,True
20,10,_original_nint128_seed17,7,7,3,0;1;2;3;4;8;9,True,False,,1;2;3;4;8;9,0,5.0,8.0,138.0,55.0,5.0,False,1.0,5.0,5.0,True
20,10,_original_nint128_seed17,2,2,8,6;9,False,True,collision,9,6,,,,,,True,,,,
20,10,_original_nint128_seed17,3,3,7,4;6;9,False,True,monotone,4;6,9,,,,,,True,,,,
20,10,_original_nint128_seed17,3,3,7,3;6;9,False,True,monotone,3;9,6,,,,,,True,,,,
20,10,_original_nint128_seed17,3,3,7,2;6;9,False,True,monotone,2;6,9,,,,,,True,,,,
20,10,_original_nint128_seed17,3,3,7,3;4;5,False,True,collision,4;5,3,,,,,,True,,,,
20,10,_original_nint128_seed17,3,3,7,6;7;9,False,True,monotone,7;9,6,,,,,,True,,,,
20,10,_original_nint128_seed17,3,3,7,5;6;9,False,True,monotone,5;9,6,,,,,,True,,,,
20,10,_original_nint128_seed17,3,3,7,0;6;9,False,True,monotone,0;6,9,,,,,,True,,,,
20,10,_original_nint128_seed17,3,3,7,1;6;9,False,True,monotone,1;6,9,,,,,,True,,,,
20,10,_original_nint128_seed17,3,3,7,6;8;9,False,True,monotone,6;8,9,,,,,,True,,,,
20,10,_original_nint128_seed17,4,4,6,1;2;6;9,False,True,monotone,1;2;9,6,,,,,,True,,,,
20,10,_original_nint128_seed17,4,4,6,4;6;7;9,False,True,monotone,4;7;9,6,,,,,,True,,,,
20,10,_original_nint128_seed17,4,4,6,3;4;5;9,False,True,monotone,3;5;9,4,,,,,,True,,,,
20,10,_original_nint128_seed17,4,4,6,3;5;6;9,False,True,monotone,3;5;9,6,,,,,,True,,,,
20,10,_original_nint128_seed17,4,4,6,0;4;6;9,False,True,monotone,0;4;6,9,,,,,,True,,,,
20,10,_original_nint128_seed17,4,4,6,1;3;4;7,False,True,collision,1;3;7,4,,,,,,True,,,,
20,10,_original_nint128_seed17,4,4,6,3;4;5;8,False,True,monotone,3;4;8,5,,,,,,True,,,,
20,10,_original_nint128_seed17,4,4,6,2;5;6;9,False,True,monotone,2;5;9,6,,,,,,True,,,,
20,10,_original_nint128_seed17,4,4,6,6;7;8;9,False,True,monotone,7;8;9,6,,,,,,True,,,,
20,10,_original_nint128_seed17,4,4,6,0;1;6;9,False,True,monotone,0;1;9,6,,,,,,True,,,,
20,10,_original_nint128_seed17,4,4,6,2;6;7;9,False,True,monotone,2;6;7,9,,,,,,True,,,,
20,10,_original_nint128_seed17,4,4,6,5;6;7;9,False,True,monotone,5;7;9,6,,,,,,True,,,,
20,10,_original_nint128_seed17,4,4,6,4;6;8;9,False,True,monotone,4;8;9,6,,,,,,True,,,,
20,10,_original_nint128_seed17,4,4,6,1;3;6;9,False,True,monotone,1;3;9,6,,,,,,True,,,,
20,10,_original_nint128_seed17,4,4,6,0;6;7;9,False,True,monotone,0;6;7,9,,,,,,True,,,,
20,10,_original_nint128_seed17,4,4,6,1;6;8;9,False,True,monotone,1;6;8,9,,,,,,True,,,,
20,10,_original_nint128_seed17,4,4,6,2;3;4;5,False,True,monotone,2;3;4,5,,,,,,True,,,,
20,10,_original_nint128_seed17,4,4,6,0;3;4;5,False,True,monotone,0;3;5,4,,,,,,True,,,,
20,10,_original_nint128_seed17,4,4,6,1;4;6;9,False,True,monotone,1;4;6,9,,,,,,True,,,,
20,10,_original_nint128_seed17,4,4,6,2;3;6;9,False,True,monotone,2;3;9,6,,,,,,True,,,,
20,10,_original_nint128_seed17,4,4,6,1;5;6;9,False,True,monotone,1;5;9,6,,,,,,True,,,,
20,10,_original_nint128_seed17,4,4,6,1;3;4;5,False,True,monotone,1;4;5,3,,,,,,True,,,,
20,10,_original_nint128_seed17,4,4,6,5;6;8;9,False,True,monotone,5;8;9,6,,,,,,True,,,,
20,10,_original_nint128_seed17,4,4,6,3;6;8;9,False,True,monotone,3;6;8,9,,,,,,True,,,,
20,10,_original_nint128_seed17,4,4,6,4;5;6;9,False,True,monotone,4;5;9,6,,,,,,True,,,,
20,10,_original_nint128_seed17,4,4,6,2;4;6;9,False,True,monotone,2;4;6,9,,,,,,True,,,,
20,10,_original_nint128_seed17,4,4,6,0;3;6;9,False,True,monotone,0;3;6,9,,,,,,True,,,,
20,10,_original_nint128_seed17,4,4,6,1;6;7;9,False,True,monotone,1;6;7,9,,,,,,True,,,,
20,10,_original_nint128_seed17,4,4,6,3;4;5;6,False,True,monotone,3;4;6,5,,,,,,True,,,,
20,10,_original_nint128_seed17,4,4,6,3;4;6;9,False,True,monotone,3;4;6,9,,,,,,True,,,,
20,10,_original_nint128_seed17,4,4,6,0;5;6;9,False,True,monotone,0;5;9,6,,,,,,True,,,,
20,10,_original_nint128_seed17,4,4,6,0;6;8;9,False,True,monotone,0;8;9,6,,,,,,True,,,,
20,10,_original_nint128_seed17,4,4,6,2;6;8;9,False,True,monotone,2;6;8,9,,,,,,True,,,,
20,10,_original_nint128_seed17,4,4,6,3;6;7;9,False,True,monotone,3;6;7,9,,,,,,True,,,,
20,10,_original_nint128_seed17,4,4,6,3;4;5;7,False,True,monotone,4;5;7,3,,,,,,True,,,,
20,10,_original_nint128_seed17,4,4,6,0;2;6;9,False,True,monotone,0;2;6,9,,,,,,True,,,,
20,10,_original_nint128_seed17,5,5,5,2;5;6;8;9,False,True,monotone,2;5;6;8,9,,,,,,True,,,,
20,10,_original_nint128_seed17,5,5,5,2;3;4;5;6,False,True,monotone,2;3;5;6,4,,,,,,True,,,,
20,10,_original_nint128_seed17,5,5,5,2;3;5;6;9,False,True,monotone,2;3;5;6,9,,,,,,True,,,,
20,10,_original_nint128_seed17,5,5,5,5;6;7;8;9,False,True,monotone,5;6;7;8,9,,,,,,True,,,,
20,10,_original_nint128_seed17,5,5,5,0;2;4;6;9,False,True,monotone,0;2;4;9,6,,,,,,True,,,,
20,10,_original_nint128_seed17,5,5,5,1;3;4;7;8,False,True,monotone,3;4;7;8,1,,,,,,True,,,,
20,10,_original_nint128_seed17,5,5,5,3;4;5;7;8,False,True,monotone,3;4;7;8,5,,,,,,True,,,,
20,10,_original_nint128_seed17,5,5,5,0;3;4;5;6,False,True,monotone,0;3;4;6,5,,,,,,True,,,,
20,10,_original_nint128_seed17,5,5,5,0;3;4;6;9,False,True,monotone,0;3;4;6,9,,,,,,True,,,,
20,10,_original_nint128_seed17,5,5,5,0;1;3;4;7,False,True,monotone,0;3;4;7,1,,,,,,True,,,,
20,10,_original_nint128_seed17,5,5,5,0;3;4;5;7,False,True,monotone,0;3;4;7,5,,,,,,True,,,,
20,10,_original_nint128_seed17,5,5,5,1;2;6;8;9,False,True,monotone,1;2;8;9,6,,,,,,True,,,,
20,10,_original_nint128_seed17,5,5,5,2;3;4;5;9,False,True,monotone,2;3;4;9,5,,,,,,True,,,,
20,10,_original_nint128_seed17,5,5,5,2;3;4;6;9,False,True,monotone,2;3;4;9,6,,,,,,True,,,,
20,10,_original_nint128_seed17,5,5,5,1;3;4;5;8,False,True,monotone,1;3;4;8,5,,,,,,True,,,,
20,10,_original_nint128_seed17,5,5,5,0;2;3;4;5,False,True,monotone,0;2;3;4,5,,,,,,True,,,,
20,10,_original_nint128_seed17,5,5,5,4;6;7;8;9,False,True,monotone,4;7;8;9,6,,,,,,True,,,,
20,10,_original_nint128_seed17,5,5,5,0;2;5;6;9,False,True,monotone,0;2;5;6,9,,,,,,True,,,,
20,10,_original_nint128_seed17,5,5,5,1;3;4;7;9,False,True,monotone,3;4;7;9,1,,,,,,True,,,,
20,10,_original_nint128_seed17,5,5,5,3;4;5;7;9,False,True,monotone,3;4;7;9,5,,,,,,True,,,,
20,10,_original_nint128_seed17,5,5,5,3;4;6;7;9,False,True,monotone,3;4;7;9,6,,,,,,True,,,,
20,10,_original_nint128_seed17,5,5,5,0;1;4;6;9,False,True,monotone,0;1;4;9,6,,,,,,True,,,,
20,10,_original_nint128_seed17,5,5,5,2;4;5;6;9,False,True,monotone,2;4;5;6,9,,,,,,True,,,,
20,10,_original_nint128_seed17,5,5,5,2;4;6;8;9,False,True,monotone,2;4;6;8,9,,,,,,True,,,,
20,10,_original_nint128_seed17,5,5,5,0;2;3;6;9,False,True,monotone,0;2;3;9,6,,,,,,True,,,,
20,10,_original_nint128_seed17,5,5,5,1;2;3;4;5,False,True,monotone,1;2;4;5,3,,,,,,True,,,,
20,10,_original_nint128_seed17,5,5,5,3;4;5;6;7,False,True,monotone,4;5;6;7,3,,,,,,True,,,,
20,10,_original_nint128_seed17,5,5,5,4;5;6;7;9,False,True,monotone,4;5;6;7,9,,,,,,True,,,,
20,10,_original_nint128_seed17,5,5,5,0;1;3;4;5,False,True,monotone,0;1;3;5,4,,,,,,True,,,,
20,10,_original_nint128_seed17,5,5,5,0;3;6;8;9,False,True,monotone,0;3;6;8,9,,,,,,True,,,,
20,10,_original_nint128_seed17,5,5,5,1;6;7;8;9,False,True,monotone,1;6;7;8,9,,,,,,True,,,,
20,10,_original_nint128_seed17,5,5,5,1;2;4;6;9,False,True,monotone,1;2;4;9,6,,,,,,True,,,,
20,10,_original_nint128_seed17,5,5,5,3;4;5;6;8,False,True,monotone,3;5;6;8,4,,,,,,True,,,,
20,10,_original_nint128_seed17,5,5,5,3;5;6;8;9,False,True,monotone,3;5;6;8,9,,,,,,True,,,,
20,10,_original_nint128_seed17,5,5,5,2;5;6;7;9,False,True,monotone,2;5;6;7,9,,,,,,True,,,,
20,10,_original_nint128_seed17,5,5,5,1;2;3;4;7,False,True,monotone,2;3;4;7,1,,,,,,True,,,,
20,10,_original_nint128_seed17,5,5,5,2;3;4;5;7,False,True,monotone,2;3;4;7,5,,,,,,True,,,,
20,10,_original_nint128_seed17,5,5,5,0;1;6;8;9,False,True,monotone,0;1;8;9,6,,,,,,True,,,,
20,10,_original_nint128_seed17,5,5,5,0;1;2;5;7,False,True,collision,0;2;5;7,1,,,,,,True,,,,
20,10,_original_nint128_seed17,5,5,5,2;3;6;8;9,False,True,monotone,2;3;6;8,9,,,,,,True,,,,
20,10,_original_nint128_seed17,5,5,5,1;3;4;5;9,False,True,monotone,1;4;5;9,3,,,,,,True,,,,
20,10,_original_nint128_seed17,5,5,5,1;4;5;6;9,False,True,monotone,1;4;5;9,6,,,,,,True,,,,
20,10,_original_nint128_seed17,5,5,5,1;3;4;6;7,False,True,monotone,1;4;6;7,3,,,,,,True,,,,
20,10,_original_nint128_seed17,5,5,5,1;4;6;7;9,False,True,monotone,1;4;6;7,9,,,,,,True,,,,
20,10,_original_nint128_seed17,5,5,5,4;5;6;8;9,False,True,monotone,4;5;6;8,9,,,,,,True,,,,
20,10,_original_nint128_seed17,5,5,5,1;2;6;7;9,False,True,monotone,1;2;6;7,9,,,,,,True,,,,
20,10,_original_nint128_seed17,5,5,5,1;5;6;8;9,False,True,monotone,1;5;8;9,6,,,,,,True,,,,
20,10,_original_nint128_seed17,5,5,5,0;6;7;8;9,False,True,monotone,0;7;8;9,6,,,,,,True,,,,
20,10,_original_nint128_seed17,5,5,5,1;5;6;7;9,False,True,monotone,1;5;6;7,9,,,,,,True,,,,
20,10,_original_nint128_seed17,5,5,5,0;3;5;6;9,False,True,monotone,0;3;5;6,9,,,,,,True,,,,
20,10,_original_nint128_seed17,5,5,5,1;3;4;5;7,False,True,monotone,1;4;5;7,3,,,,,,True,,,,
20,10,_original_nint128_seed17,5,5,5,0;1;6;7;9,False,True,monotone,0;1;6;7,9,,,,,,True,,,,
20,10,_original_nint128_seed17,5,5,5,0;3;4;5;9,False,True,monotone,0;3;4;9,5,,,,,,True,,,,
20,10,_original_nint128_seed17,5,5,5,0;4;6;8;9,False,True,monotone,0;4;8;9,6,,,,,,True,,,,
20,10,_original_nint128_seed17,5,5,5,3;4;5;8;9,False,True,monotone,3;5;8;9,4,,,,,,True,,,,
20,10,_original_nint128_seed17,5,5,5,0;4;6;7;9,False,True,monotone,0;4;7;9,6,,,,,,True,,,,
20,10,_original_nint128_seed17,5,5,5,1;3;4;6;9,False,True,monotone,1;3;4;9,6,,,,,,True,,,,
20,10,_original_nint128_seed17,5,5,5,0;1;3;6;9,False,True,monotone,0;1;3;6,9,,,,,,True,,,,
20,10,_original_nint128_seed17,5,5,5,0;3;4;5;8,False,True,monotone,0;3;5;8,4,,,,,,True,,,,
20,10,_original_nint128_seed17,5,5,5,3;4;6;8;9,False,True,monotone,3;4;6;8,9,,,,,,True,,,,
20,10,_original_nint128_seed17,5,5,5,1;3;6;7;9,False,True,monotone,1;3;7;9,6,,,,,,True,,,,
20,10,_original_nint128_seed17,5,5,5,2;4;6;7;9,False,True,monotone,2;4;6;7,9,,,,,,True,,,,
20,10,_original_nint128_seed17,5,5,5,2;3;4;5;8,False,True,monotone,2;3;5;8,4,,,,,,True,,,,
20,10,_original_nint128_seed17,5,5,5,1;2;3;6;9,False,True,monotone,1;2;3;6,9,,,,,,True,,,,
20,10,_original_nint128_seed17,5,5,5,1;3;5;6;9,False,True,monotone,1;3;5;9,6,,,,,,True,,,,
20,10,_original_nint128_seed17,5,5,5,0;2;6;7;9,False,True,monotone,0;2;6;7,9,,,,,,True,,,,
20,10,_original_nint128_seed17,5,5,5,1;3;6;8;9,False,True,monotone,1;3;8;9,6,,,,,,True,,,,
20,10,_original_nint128_seed17,5,5,5,1;3;4;5;6,False,True,monotone,1;3;4;6,5,,,,,,True,,,,
20,10,_original_nint128_seed17,5,5,5,0;4;5;6;9,False,True,monotone,0;4;5;9,6,,,,,,True,,,,
20,10,_original_nint128_seed17,5,5,5,2;6;7;8;9,False,True,monotone,2;6;7;8,9,,,,,,True,,,,
20,10,_original_nint128_seed17,5,5,5,3;5;6;7;9,False,True,monotone,3;5;6;7,9,,,,,,True,,,,
20,10,_original_nint128_seed17,5,5,5,2;3;6;7;9,False,True,monotone,2;3;7;9,6,,,,,,True,,,,
20,10,_original_nint128_seed17,5,5,5,0;1;5;6;9,False,True,monotone,0;1;5;6,9,,,,,,True,,,,
20,10,_original_nint128_seed17,5,5,5,0;3;6;7;9,False,True,monotone,0;3;6;7,9,,,,,,True,,,,
20,10,_original_nint128_seed17,5,5,5,1;2;5;6;9,False,True,monotone,1;2;5;9,6,,,,,,True,,,,
20,10,_original_nint128_seed17,5,5,5,0;5;6;8;9,False,True,monotone,0;5;8;9,6,,,,,,True,,,,
20,10,_original_nint128_seed17,5,5,5,0;2;6;8;9,False,True,monotone,0;2;6;8,9,,,,,,True,,,,
20,10,_original_nint128_seed17,5,5,5,0;5;6;7;9,False,True,monotone,0;5;7;9,6,,,,,,True,,,,
20,10,_original_nint128_seed17,5,5,5,1;4;6;8;9,False,True,monotone,1;4;6;8,9,,,,,,True,,,,
20,10,_original_nint128_seed17,5,5,5,3;6;7;8;9,False,True,monotone,3;6;7;8,9,,,,,,True,,,,
20,10,_original_nint128_seed17,5,5,5,0;1;2;6;9,False,True,monotone,0;1;2;9,6,,,,,,True,,,,
20,10,_original_nint128_seed17,6,6,4,0;1;2;3;4;7,False,True,monotone,0;1;2;3;7,4,,,,,,True,,,,
20,10,_original_nint128_seed17,6,6,4,0;1;2;3;5;7,False,True,monotone,0;1;2;3;7,5,,,,,,True,,,,
20,10,_original_nint128_seed17,6,6,4,0;2;3;6;7;9,False,True,monotone,0;2;3;6;7,9,,,,,,True,,,,
20,10,_original_nint128_seed17,6,6,4,3;4;5;6;7;8,False,True,monotone,4;5;6;7;8,3,,,,,,True,,,,
20,10,_original_nint128_seed17,6,6,4,4;5;6;7;8;9,False,True,monotone,4;5;6;7;8,9,,,,,,True,,,,
20,10,_original_nint128_seed17,6,6,4,0;2;3;6;8;9,False,True,monotone,0;2;3;8;9,6,,,,,,True,,,,
20,10,_original_nint128_seed17,6,6,4,1;2;6;7;8;9,False,True,monotone,1;2;7;8;9,6,,,,,,True,,,,
20,10,_original_nint128_seed17,6,6,4,0;1;3;4;5;6,False,True,monotone,0;1;4;5;6,3,,,,,,True,,,,
20,10,_original_nint128_seed17,6,6,4,0;1;4;5;6;9,False,True,monotone,0;1;4;5;6,9,,,,,,True,,,,
20,10,_original_nint128_seed17,6,6,4,1;2;3;4;7;9,False,True,monotone,2;3;4;7;9,1,,,,,,True,,,,
20,10,_original_nint128_seed17,6,6,4,2;3;4;5;7;9,False,True,monotone,2;3;4;7;9,5,,,,,,True,,,,
20,10,_original_nint128_seed17,6,6,4,2;3;4;6;7;9,False,True,monotone,2;3;4;7;9,6,,,,,,True,,,,
20,10,_original_nint128_seed17,6,6,4,0;1;6;7;8;9,False,True,monotone,0;1;6;7;8,9,,,,,,True,,,,
20,10,_original_nint128_seed17,6,6,4,1;2;3;4;5;9,False,True,monotone,1;2;3;4;9,5,,,,,,True,,,,
20,10,_original_nint128_seed17,6,6,4,1;2;3;4;6;9,False,True,monotone,1;2;3;4;9,6,,,,,,True,,,,
20,10,_original_nint128_seed17,6,6,4,0;1;3;4;7;8,False,True,monotone,0;1;4;7;8,3,,,,,,True,,,,
20,10,_original_nint128_seed17,6,6,4,0;3;4;5;6;7,False,True,monotone,0;4;5;6;7,3,,,,,,True,,,,
20,10,_original_nint128_seed17,6,6,4,0;4;5;6;7;9,False,True,monotone,0;4;5;6;7,9,,,,,,True,,,,
20,10,_original_nint128_seed17,6,6,4,0;1;2;3;4;5,False,True,monotone,0;1;2;3;4,5,,,,,,True,,,,
20,10,_original_nint128_seed17,6,6,4,0;3;4;5;8;9,False,True,monotone,0;3;4;8;9,5,,,,,,True,,,,
20,10,_original_nint128_seed17,6,6,4,0;3;4;6;8;9,False,True,monotone,0;3;4;8;9,6,,,,,,True,,,,
20,10,_original_nint128_seed17,6,6,4,1;2;3;4;7;8,False,True,monotone,2;3;4;7;8,1,,,,,,True,,,,
20,10,_original_nint128_seed17,6,6,4,2;3;4;5;7;8,False,True,monotone,2;3;4;7;8,5,,,,,,True,,,,
20,10,_original_nint128_seed17,6,6,4,0;2;3;4;5;6,False,True,monotone,0;2;4;5;6,3,,,,,,True,,,,
20,10,_original_nint128_seed17,6,6,4,0;2;4;5;6;9,False,True,monotone,0;2;4;5;6,9,,,,,,True,,,,
20,10,_original_nint128_seed17,6,6,4,1;2;3;4;5;6,False,True,monotone,1;2;4;5;6,3,,,,,,True,,,,
20,10,_original_nint128_seed17,6,6,4,1;2;4;5;6;9,False,True,monotone,1;2;4;5;6,9,,,,,,True,,,,
20,10,_original_nint128_seed17,6,6,4,0;3;4;5;7;9,False,True,monotone,0;4;5;7;9,3,,,,,,True,,,,
20,10,_original_nint128_seed17,6,6,4,0;4;6;7;8;9,False,True,monotone,0;4;7;8;9,6,,,,,,True,,,,
20,10,_original_nint128_seed17,6,6,4,0;2;3;4;5;7,False,True,monotone,0;2;3;5;7,4,,,,,,True,,,,
20,10,_original_nint128_seed17,6,6,4,1;3;4;5;8;9,False,True,monotone,1;4;5;8;9,3,,,,,,True,,,,
20,10,_original_nint128_seed17,6,6,4,1;4;5;6;8;9,False,True,monotone,1;4;5;8;9,6,,,,,,True,,,,
20,10,_original_nint128_seed17,6,6,4,0;1;3;5;6;9,False,True,monotone,0;1;3;5;6,9,,,,,,True,,,,
20,10,_original_nint128_seed17,6,6,4,1;2;4;6;7;9,False,True,monotone,1;2;4;7;9,6,,,,,,True,,,,
20,10,_original_nint128_seed17,6,6,4,1;3;4;5;7;8,False,True,monotone,1;3;5;7;8,4,,,,,,True,,,,
20,10,_original_nint128_seed17,6,6,4,3;5;6;7;8;9,False,True,monotone,3;5;6;7;8,9,,,,,,True,,,,
20,10,_original_nint128_seed17,6,6,4,0;1;3;6;8;9,False,True,monotone,0;1;3;6;8,9,,,,,,True,,,,
20,10,_original_nint128_seed17,6,6,4,2;5;6;7;8;9,False,True,monotone,2;5;7;8;9,6,,,,,,True,,,,
20,10,_original_nint128_seed17,6,6,4,0;3;4;5;7;8,False,True,monotone,0;3;4;7;8,5,,,,,,True,,,,
20,10,_original_nint128_seed17,6,6,4,1;2;3;6;8;9,False,True,monotone,1;2;3;8;9,6,,,,,,True,,,,
20,10,_original_nint128_seed17,6,6,4,0;5;6;7;8;9,False,True,monotone,0;5;6;7;8,9,,,,,,True,,,,
20,10,_original_nint128_seed17,6,6,4,0;2;6;7;8;9,False,True,monotone,0;2;7;8;9,6,,,,,,True,,,,
20,10,_original_nint128_seed17,6,6,4,0;1;2;5;6;7,False,True,monotone,1;2;5;6;7,0,,,,,,True,,,,
20,10,_original_nint128_seed17,6,6,4,1;2;5;6;7;9,False,True,monotone,1;2;5;6;7,9,,,,,,True,,,,
20,10,_original_nint128_seed17,6,6,4,1;3;4;7;8;9,False,True,monotone,3;4;7;8;9,1,,,,,,True,,,,
20,10,_original_nint128_seed17,6,6,4,3;4;5;7;8;9,False,True,monotone,3;4;7;8;9,5,,,,,,True,,,,
20,10,_original_nint128_seed17,6,6,4,3;4;6;7;8;9,False,True,monotone,3;4;7;8;9,6,,,,,,True,,,,
20,10,_original_nint128_seed17,6,6,4,0;2;5;6;8;9,False,True,monotone,0;2;5;6;8,9,,,,,,True,,,,
20,10,_original_nint128_seed17,6,6,4,1;2;5;6;8;9,False,True,monotone,1;2;5;6;8,9,,,,,,True,,,,
20,10,_original_nint128_seed17,6,6,4,1;3;5;6;8;9,False,True,monotone,1;3;5;8;9,6,,,,,,True,,,,
20,10,_original_nint128_seed17,6,6,4,1;2;3;4;5;8,False,True,monotone,1;2;4;5;8,3,,,,,,True,,,,
20,10,_original_nint128_seed17,6,6,4,0;3;5;6;7;9,False,True,monotone,0;3;5;7;9,6,,,,,,True,,,,
20,10,_original_nint128_seed17,6,6,4,1;3;4;6;7;8,False,True,monotone,3;4;6;7;8,1,,,,,,True,,,,
20,10,_original_nint128_seed17,6,6,4,2;4;6;7;8;9,False,True,monotone,2;4;7;8;9,6,,,,,,True,,,,
20,10,_original_nint128_seed17,6,6,4,0;1;4;6;8;9,False,True,monotone,0;1;4;6;8,9,,,,,,True,,,,
20,10,_original_nint128_seed17,6,6,4,0;1;3;4;6;7,False,True,monotone,0;1;3;4;6,7,,,,,,True,,,,
20,10,_original_nint128_seed17,6,6,4,0;1;3;4;6;9,False,True,monotone,0;1;3;4;6,9,,,,,,True,,,,
20,10,_original_nint128_seed17,6,6,4,2;4;5;6;7;9,False,True,monotone,2;4;5;7;9,6,,,,,,True,,,,
20,10,_original_nint128_seed17,6,6,4,1;2;4;6;8;9,False,True,monotone,1;2;4;8;9,6,,,,,,True,,,,
20,10,_original_nint128_seed17,6,6,4,0;2;4;6;7;9,False,True,monotone,0;2;4;7;9,6,,,,,,True,,,,
20,10,_original_nint128_seed17,6,6,4,0;3;4;6;7;9,False,True,monotone,0;3;4;6;7,9,,,,,,True,,,,
20,10,_original_nint128_seed17,6,6,4,1;4;6;7;8;9,False,True,monotone,1;4;7;8;9,6,,,,,,True,,,,
20,10,_original_nint128_seed17,6,6,4,0;1;3;4;5;9,False,True,monotone,0;1;3;5;9,4,,,,,,True,,,,
20,10,_original_nint128_seed17,6,6,4,0;1;2;5;6;9,False,True,monotone,0;1;2;5;6,9,,,,,,True,,,,
20,10,_original_nint128_seed17,6,6,4,1;2;3;4;6;7,False,True,monotone,1;2;3;4;6,7,,,,,,True,,,,
20,10,_original_nint128_seed17,6,6,4,0;1;2;3;6;9,False,True,monotone,0;1;2;3;9,6,,,,,,True,,,,
20,10,_original_nint128_seed17,6,6,4,0;1;2;5;7;9,False,True,monotone,0;2;5;7;9,1,,,,,,True,,,,
20,10,_original_nint128_seed17,6,6,4,0;2;5;6;7;9,False,True,monotone,0;2;5;7;9,6,,,,,,True,,,,
20,10,_original_nint128_seed17,6,6,4,1;2;3;5;6;9,False,True,monotone,1;2;3;5;9,6,,,,,,True,,,,
20,10,_original_nint128_seed17,6,6,4,0;1;3;4;5;7,False,True,monotone,0;1;3;5;7,4,,,,,,True,,,,
20,10,_original_nint128_seed17,6,6,4,0;3;6;7;8;9,False,True,monotone,0;3;6;7;8,9,,,,,,True,,,,
20,10,_original_nint128_seed17,6,6,4,2;3;4;5;6;7,False,True,monotone,2;4;5;6;7,3,,,,,,True,,,,
20,10,_original_nint128_seed17,6,6,4,0;2;3;4;5;8,False,True,monotone,0;2;3;4;8,5,,,,,,True,,,,
20,10,_original_nint128_seed17,6,6,4,0;2;3;4;5;9,False,True,monotone,0;2;3;5;9,4,,,,,,True,,,,
20,10,_original_nint128_seed17,6,6,4,0;2;3;5;6;9,False,True,monotone,0;2;3;5;9,6,,,,,,True,,,,
20,10,_original_nint128_seed17,6,6,4,1;3;4;5;6;8,False,True,monotone,1;4;5;6;8,3,,,,,,True,,,,
20,10,_original_nint128_seed17,6,6,4,0;1;3;6;7;9,False,True,monotone,0;1;3;6;7,9,,,,,,True,,,,
20,10,_original_nint128_seed17,6,6,4,2;3;6;7;8;9,False,True,monotone,2;3;6;7;8,9,,,,,,True,,,,
20,10,_original_nint128_seed17,6,6,4,2;3;5;6;7;9,False,True,monotone,2;3;5;6;7,9,,,,,,True,,,,
20,10,_original_nint128_seed17,6,6,4,1;2;3;4;5;7,False,True,monotone,1;2;3;5;7,4,,,,,,True,,,,
20,10,_original_nint128_seed17,6,6,4,1;3;4;5;7;9,False,True,monotone,1;4;5;7;9,3,,,,,,True,,,,
20,10,_original_nint128_seed17,6,6,4,1;4;5;6;7;9,False,True,monotone,1;4;5;7;9,6,,,,,,True,,,,
20,10,_original_nint128_seed17,6,6,4,0;1;5;6;7;9,False,True,monotone,0;1;5;7;9,6,,,,,,True,,,,
20,10,_original_nint128_seed17,6,6,4,2;3;4;5;6;8,False,True,monotone,2;3;5;6;8,4,,,,,,True,,,,
20,10,_original_nint128_seed17,6,6,4,2;3;5;6;8;9,False,True,monotone,2;3;5;6;8,9,,,,,,True,,,,
20,10,_original_nint128_seed17,6,6,4,0;1;3;4;5;8,False,True,monotone,0;1;4;5;8,3,,,,,,True,,,,
20,10,_original_nint128_seed17,6,6,4,0;3;4;5;6;8,False,True,monotone,0;3;4;6;8,5,,,,,,True,,,,
20,10,_original_nint128_seed17,6,6,4,0;1;2;5;7;8,False,True,monotone,0;1;5;7;8,2,,,,,,True,,,,
20,10,_original_nint128_seed17,6,6,4,0;1;3;4;7;9,False,True,monotone,0;1;3;4;9,7,,,,,,True,,,,
20,10,_original_nint128_seed17,6,6,4,1;5;6;7;8;9,False,True,monotone,1;5;7;8;9,6,,,,,,True,,,,
20,10,_original_nint128_seed17,6,6,4,0;1;2;4;6;9,False,True,monotone,0;1;2;4;6,9,,,,,,True,,,,
20,10,_original_nint128_seed17,6,6,4,0;3;5;6;8;9,False,True,monotone,0;3;5;8;9,6,,,,,,True,,,,
20,10,_original_nint128_seed17,6,6,4,2;3;4;6;8;9,False,True,monotone,2;3;4;6;8,9,,,,,,True,,,,
20,10,_original_nint128_seed17,6,6,4,0;1;2;4;5;7,False,True,monotone,1;2;4;5;7,0,,,,,,True,,,,
20,10,_original_nint128_seed17,6,6,4,0;1;4;6;7;9,False,True,monotone,0;1;4;7;9,6,,,,,,True,,,,
20,10,_original_nint128_seed17,6,6,4,1;3;6;7;8;9,False,True,monotone,1;3;6;7;8,9,,,,,,True,,,,
20,10,_original_nint128_seed17,6,6,4,1;2;3;6;7;9,False,True,monotone,1;2;3;7;9,6,,,,,,True,,,,
20,10,_original_nint128_seed17,6,6,4,1;3;4;5;6;7,False,True,monotone,1;3;5;6;7,4,,,,,,True,,,,
20,10,_original_nint128_seed17,6,6,4,1;3;5;6;7;9,False,True,monotone,1;3;5;6;7,9,,,,,,True,,,,
20,10,_original_nint128_seed17,6,6,4,2;3;4;5;8;9,False,True,monotone,2;3;5;8;9,4,,,,,,True,,,,
20,10,_original_nint128_seed17,6,6,4,1;3;4;6;8;9,False,True,monotone,1;3;4;6;8,9,,,,,,True,,,,
20,10,_original_nint128_seed17,6,6,4,0;1;2;6;8;9,False,True,monotone,0;1;2;6;8,9,,,,,,True,,,,
20,10,_original_nint128_seed17,6,6,4,0;1;5;6;8;9,False,True,monotone,0;1;5;8;9,6,,,,,,True,,,,
20,10,_original_nint128_seed17,6,6,4,0;1;2;6;7;9,False,True,monotone,0;1;2;6;7,9,,,,,,True,,,,
20,10,_original_nint128_seed17,6,6,4,0;2;4;6;8;9,False,True,monotone,0;2;4;8;9,6,,,,,,True,,,,
20,10,_original_nint128_seed17,6,6,4,0;4;5;6;8;9,False,True,monotone,0;4;5;6;8,9,,,,,,True,,,,
20,10,_original_nint128_seed17,6,6,4,2;4;5;6;8;9,False,True,monotone,2;4;5;8;9,6,,,,,,True,,,,
20,10,_original_nint128_seed17,6,6,4,0;2;3;4;6;9,False,True,monotone,0;2;3;4;6,9,,,,,,True,,,,
20,10,_original_nint128_seed17,7,7,3,2;3;4;5;7;8;9,False,True,monotone,2;3;5;7;8;9,4,,,,,,True,,,,
20,10,_original_nint128_seed17,7,7,3,2;3;5;6;7;8;9,False,True,monotone,2;3;5;7;8;9,6,,,,,,True,,,,
20,10,_original_nint128_seed17,7,7,3,0;3;4;5;7;8;9,False,True,monotone,0;4;5;7;8;9,3,,,,,,True,,,,
20,10,_original_nint128_seed17,7,7,3,0;4;5;6;7;8;9,False,True,monotone,0;4;5;7;8;9,6,,,,,,True,,,,
20,10,_original_nint128_seed17,7,7,3,0;1;2;5;6;7;8,False,True,monotone,0;1;2;6;7;8,5,,,,,,True,,,,
20,10,_original_nint128_seed17,7,7,3,0;1;2;6;7;8;9,False,True,monotone,0;1;2;6;7;8,9,,,,,,True,,,,
20,10,_original_nint128_seed17,7,7,3,0;1;2;3;4;6;7,False,True,monotone,0;2;3;4;6;7,1,,,,,,True,,,,
20,10,_original_nint128_seed17,7,7,3,0;2;3;4;5;6;7,False,True,monotone,0;2;3;4;6;7,5,,,,,,True,,,,
20,10,_original_nint128_seed17,7,7,3,0;2;3;4;6;7;9,False,True,monotone,0;2;3;4;6;7,9,,,,,,True,,,,
20,10,_original_nint128_seed17,7,7,3,1;2;3;4;6;7;8,False,True,monotone,2;3;4;6;7;8,1,,,,,,True,,,,
20,10,_original_nint128_seed17,7,7,3,2;3;4;5;6;7;8,False,True,monotone,2;3;4;6;7;8,5,,,,,,True,,,,
20,10,_original_nint128_seed17,7,7,3,2;3;4;6;7;8;9,False,True,monotone,2;3;4;6;7;8,9,,,,,,True,,,,
20,10,_original_nint128_seed17,7,7,3,0;1;2;3;4;5;6,False,True,monotone,0;1;2;3;4;6,5,,,,,,True,,,,
20,10,_original_nint128_seed17,7,7,3,0;1;2;3;4;6;9,False,True,monotone,0;1;2;3;4;6,9,,,,,,True,,,,
20,10,_original_nint128_seed17,7,7,3,0;1;2;3;5;7;8,False,True,monotone,0;1;3;5;7;8,2,,,,,,True,,,,
20,10,_original_nint128_seed17,7,7,3,0;1;3;4;5;7;8,False,True,monotone,0;1;3;5;7;8,4,,,,,,True,,,,
20,10,_original_nint128_seed17,7,7,3,0;1;2;3;4;5;9,False,True,monotone,0;1;2;4;5;9,3,,,,,,True,,,,
20,10,_original_nint128_seed17,7,7,3,0;1;2;4;5;6;9,False,True,monotone,0;1;2;4;5;9,6,,,,,,True,,,,
20,10,_original_nint128_seed17,7,7,3,0;1;2;4;5;7;9,False,True,monotone,0;1;2;4;5;9,7,,,,,,True,,,,
20,10,_original_nint128_seed17,7,7,3,1;2;3;4;7;8;9,False,True,monotone,1;2;3;7;8;9,4,,,,,,True,,,,
20,10,_original_nint128_seed17,7,7,3,1;2;3;6;7;8;9,False,True,monotone,1;2;3;7;8;9,6,,,,,,True,,,,
20,10,_original_nint128_seed17,7,7,3,0;1;3;4;5;6;8,False,True,monotone,0;1;4;5;6;8,3,,,,,,True,,,,
20,10,_original_nint128_seed17,7,7,3,0;1;4;5;6;8;9,False,True,monotone,0;1;4;5;6;8,9,,,,,,True,,,,
20,10,_original_nint128_seed17,7,7,3,0;1;2;4;5;6;7,False,True,monotone,0;1;2;4;6;7,5,,,,,,True,,,,
20,10,_original_nint128_seed17,7,7,3,0;1;2;4;6;7;9,False,True,monotone,0;1;2;4;6;7,9,,,,,,True,,,,
20,10,_original_nint128_seed17,7,7,3,0;1;2;4;5;7;8,False,True,monotone,0;2;4;5;7;8,1,,,,,,True,,,,
20,10,_original_nint128_seed17,7,7,3,0;2;3;4;5;7;8,False,True,monotone,0;2;4;5;7;8,3,,,,,,True,,,,
20,10,_original_nint128_seed17,7,7,3,0;3;5;6;7;8;9,False,True,monotone,0;3;5;7;8;9,6,,,,,,True,,,,
20,10,_original_nint128_seed17,7,7,3,1;2;3;4;5;6;8,False,True,monotone,1;2;3;5;6;8,4,,,,,,True,,,,
20,10,_original_nint128_seed17,7,7,3,1;2;3;5;6;8;9,False,True,monotone,1;2;3;5;6;8,9,,,,,,True,,,,
20,10,_original_nint128_seed17,7,7,3,0;2;5;6;7;8;9,False,True,monotone,0;2;5;6;7;8,9,,,,,,True,,,,
20,10,_original_nint128_seed17,7,7,3,1;2;3;4;5;7;8,False,True,monotone,1;2;3;5;7;8,4,,,,,,True,,,,
20,10,_original_nint128_seed17,7,7,3,0;1;2;3;6;8;9,False,True,monotone,0;1;2;3;6;8,9,,,,,,True,,,,
20,10,_original_nint128_seed17,7,7,3,0;1;3;4;6;7;8,False,True,monotone,0;3;4;6;7;8,1,,,,,,True,,,,
20,10,_original_nint128_seed17,7,7,3,0;3;4;5;6;7;8,False,True,monotone,0;3;4;6;7;8,5,,,,,,True,,,,
20,10,_original_nint128_seed17,7,7,3,0;3;4;6;7;8;9,False,True,monotone,0;3;4;6;7;8,9,,,,,,True,,,,
20,10,_original_nint128_seed17,7,7,3,0;1;2;5;6;8;9,False,True,monotone,0;1;2;5;8;9,6,,,,,,True,,,,
20,10,_original_nint128_seed17,7,7,3,0;1;2;5;7;8;9,False,True,monotone,0;1;2;5;8;9,7,,,,,,True,,,,
20,10,_original_nint128_seed17,7,7,3,0;1;3;5;6;8;9,False,True,monotone,0;1;3;5;6;8,9,,,,,,True,,,,
20,10,_original_nint128_seed17,7,7,3,0;1;3;4;7;8;9,False,True,monotone,0;3;4;7;8;9,1,,,,,,True,,,,
20,10,_original_nint128_seed17,7,7,3,0;2;4;6;7;8;9,False,True,monotone,0;2;4;6;7;8,9,,,,,,True,,,,
20,10,_original_nint128_seed17,7,7,3,0;2;4;5;6;7;9,False,True,monotone,0;2;4;5;6;7,9,,,,,,True,,,,
20,10,_original_nint128_seed17,7,7,3,0;1;2;3;4;7;8,False,True,monotone,0;1;2;4;7;8,3,,,,,,True,,,,
20,10,_original_nint128_seed17,7,7,3,0;1;2;4;6;8;9,False,True,monotone,0;1;2;4;6;8,9,,,,,,True,,,,
20,10,_original_nint128_seed17,7,7,3,1;3;4;5;7;8;9,False,True,monotone,1;3;5;7;8;9,4,,,,,,True,,,,
20,10,_original_nint128_seed17,7,7,3,1;3;5;6;7;8;9,False,True,monotone,1;3;5;7;8;9,6,,,,,,True,,,,
20,10,_original_nint128_seed17,7,7,3,2;4;5;6;7;8;9,False,True,monotone,2;4;5;6;7;8,9,,,,,,True,,,,
20,10,_original_nint128_seed17,7,7,3,0;1;4;6;7;8;9,False,True,monotone,0;1;4;6;7;8,9,,,,,,True,,,,
20,10,_original_nint128_seed17,7,7,3,0;1;2;3;4;7;9,False,True,monotone,0;1;2;3;4;9,7,,,,,,True,,,,
20,10,_original_nint128_seed17,7,7,3,1;2;5;6;7;8;9,False,True,monotone,1;2;5;7;8;9,6,,,,,,True,,,,
20,10,_original_nint128_seed17,7,7,3,0;1;2;3;5;6;7,False,True,monotone,0;1;2;3;5;6,7,,,,,,True,,,,
20,10,_original_nint128_seed17,7,7,3,0;1;2;3;5;6;9,False,True,monotone,0;1;2;3;5;6,9,,,,,,True,,,,
20,10,_original_nint128_seed17,7,7,3,0;2;3;4;5;7;9,False,True,monotone,0;2;4;5;7;9,3,,,,,,True,,,,
20,10,_original_nint128_seed17,7,7,3,1;2;3;4;5;8;9,False,True,monotone,1;2;4;5;8;9,3,,,,,,True,,,,
20,10,_original_nint128_seed17,7,7,3,1;2;4;5;6;8;9,False,True,monotone,1;2;4;5;8;9,6,,,,,,True,,,,
20,10,_original_nint128_seed17,7,7,3,1;2;3;4;5;7;9,False,True,monotone,1;2;4;5;7;9,3,,,,,,True,,,,
20,10,_original_nint128_seed17,7,7,3,1;2;4;5;6;7;9,False,True,monotone,1;2;4;5;7;9,6,,,,,,True,,,,
20,10,_original_nint128_seed17,7,7,3,1;2;3;4;6;8;9,False,True,monotone,1;2;3;4;6;8,9,,,,,,True,,,,
20,10,_original_nint128_seed17,7,7,3,0;1;3;4;5;8;9,False,True,monotone,0;1;4;5;8;9,3,,,,,,True,,,,
20,10,_original_nint128_seed17,7,7,3,0;2;3;6;7;8;9,False,True,monotone,0;2;3;7;8;9,6,,,,,,True,,,,
20,10,_original_nint128_seed17,7,7,3,0;1;2;3;5;7;9,False,True,monotone,0;2;3;5;7;9,1,,,,,,True,,,,
20,10,_original_nint128_seed17,7,7,3,0;2;3;5;6;7;9,False,True,monotone,0;2;3;5;7;9,6,,,,,,True,,,,
20,10,_original_nint128_seed17,7,7,3,0;1;3;4;5;6;7,False,True,monotone,0;1;4;5;6;7,3,,,,,,True,,,,
20,10,_original_nint128_seed17,7,7,3,0;1;4;5;6;7;9,False,True,monotone,0;1;4;5;6;7,9,,,,,,True,,,,
20,10,_original_nint128_seed17,7,7,3,1;3;4;5;6;7;8,False,True,monotone,1;3;5;6;7;8,4,,,,,,True,,,,
20,10,_original_nint128_seed17,7,7,3,0;2;3;4;5;8;9,False,True,monotone,0;2;3;5;8;9,4,,,,,,True,,,,
20,10,_original_nint128_seed17,7,7,3,0;2;3;5;6;8;9,False,True,monotone,0;2;3;5;8;9,6,,,,,,True,,,,
20,10,_original_nint128_seed17,7,7,3,0;1;2;3;4;5;8,False,True,monotone,0;1;2;3;4;8,5,,,,,,True,,,,
20,10,_original_nint128_seed17,7,7,3,0;1;5;6;7;8;9,False,True,monotone,0;1;5;6;7;8,9,,,,,,True,,,,
20,10,_original_nint128_seed17,7,7,3,0;2;3;4;6;8;9,False,True,monotone,0;2;3;4;8;9,6,,,,,,True,,,,
20,10,_original_nint128_seed17,7,7,3,1;4;5;6;7;8;9,False,True,monotone,1;4;5;6;7;8,9,,,,,,True,,,,
20,10,_original_nint128_seed17,7,7,3,1;2;4;6;7;8;9,False,True,monotone,1;2;4;7;8;9,6,,,,,,True,,,,
20,10,_original_nint128_seed17,7,7,3,0;1;3;6;7;8;9,False,True,monotone,0;1;3;7;8;9,6,,,,,,True,,,,
20,10,_original_nint128_seed17,7,7,3,0;1;2;3;6;7;9,False,True,monotone,0;1;2;3;6;7,9,,,,,,True,,,,
20,10,_original_nint128_seed17,7,7,3,0;1;3;4;5;7;9,False,True,monotone,0;1;3;5;7;9,4,,,,,,True,,,,
20,10,_original_nint128_seed17,7,7,3,0;1;3;5;6;7;9,False,True,monotone,0;1;3;5;7;9,6,,,,,,True,,,,
20,10,_original_nint128_seed17,7,7,3,0;2;3;4;5;6;8,False,True,monotone,0;2;3;5;6;8,4,,,,,,True,,,,
20,10,_original_nint128_seed17,7,7,3,0;1;3;4;6;8;9,False,True,monotone,0;1;3;4;8;9,6,,,,,,True,,,,
20,10,_original_nint128_seed17,7,7,3,1;2;3;4;5;6;7,False,True,monotone,1;2;3;5;6;7,4,,,,,,True,,,,
20,10,_original_nint128_seed17,7,7,3,1;2;3;5;6;7;9,False,True,monotone,1;2;3;5;6;7,9,,,,,,True,,,,
20,10,_original_nint128_seed17,7,7,3,0;2;4;5;6;8;9,False,True,monotone,0;2;4;5;6;8,9,,,,,,True,,,,
20,10,_original_nint128_seed17,8,8,2,0;1;2;3;4;5;8;9,False,True,monotone,0;1;2;4;5;8;9,3,,,,,,True,,,,
20,10,_original_nint128_seed17,8,8,2,0;1;2;4;5;6;8;9,False,True,monotone,0;1;2;4;5;8;9,6,,,,,,True,,,,
20,10,_original_nint128_seed17,8,8,2,0;1;2;4;5;7;8;9,False,True,monotone,0;1;2;4;5;8;9,7,,,,,,True,,,,
20,10,_original_nint128_seed17,8,8,2,0;1;2;3;4;5;6;8,False,True,monotone,0;1;2;3;5;6;8,4,,,,,,True,,,,
20,10,_original_nint128_seed17,8,8,2,0;1;2;3;5;6;7;8,False,True,monotone,0;1;2;3;5;6;8,7,,,,,,True,,,,
20,10,_original_nint128_seed17,8,8,2,0;1;2;3;5;6;8;9,False,True,monotone,0;1;2;3;5;6;8,9,,,,,,True,,,,
20,10,_original_nint128_seed17,8,8,2,0;1;2;3;4;7;8;9,False,True,monotone,0;2;3;4;7;8;9,1,,,,,,True,,,,
20,10,_original_nint128_seed17,8,8,2,0;2;3;4;5;7;8;9,False,True,monotone,0;2;3;4;7;8;9,5,,,,,,True,,,,
20,10,_original_nint128_seed17,8,8,2,0;2;3;4;6;7;8;9,False,True,monotone,0;2;3;4;7;8;9,6,,,,,,True,,,,
20,10,_original_nint128_seed17,8,8,2,0;1;2;3;4;6;7;8,False,True,monotone,0;1;2;3;4;6;8,7,,,,,,True,,,,
20,10,_original_nint128_seed17,8,8,2,0;1;2;3;4;6;8;9,False,True,monotone,0;1;2;3;4;6;8,9,,,,,,True,,,,
20,10,_original_nint128_seed17,8,8,2,0;2;4;5;6;7;8;9,False,True,monotone,0;2;4;5;7;8;9,6,,,,,,True,,,,
20,10,_original_nint128_seed17,8,8,2,0;1;2;3;5;7;8;9,False,True,monotone,0;1;2;3;5;8;9,7,,,,,,True,,,,
20,10,_original_nint128_seed17,8,8,2,1;2;3;4;5;7;8;9,False,True,monotone,1;2;3;5;7;8;9,4,,,,,,True,,,,
20,10,_original_nint128_seed17,8,8,2,1;2;3;5;6;7;8;9,False,True,monotone,1;2;3;5;7;8;9,6,,,,,,True,,,,
20,10,_original_nint128_seed17,8,8,2,0;1;3;4;5;7;8;9,False,True,monotone,0;1;3;5;7;8;9,4,,,,,,True,,,,
20,10,_original_nint128_seed17,8,8,2,0;1;3;5;6;7;8;9,False,True,monotone,0;1;3;5;7;8;9,6,,,,,,True,,,,
20,10,_original_nint128_seed17,8,8,2,0;2;3;5;6;7;8;9,False,True,monotone,0;2;3;5;7;8;9,6,,,,,,True,,,,
20,10,_original_nint128_seed17,8,8,2,0;1;2;4;5;6;7;8,False,True,monotone,0;2;4;5;6;7;8,1,,,,,,True,,,,
20,10,_original_nint128_seed17,8,8,2,0;2;3;4;5;6;7;8,False,True,monotone,0;2;4;5;6;7;8,3,,,,,,True,,,,
20,10,_original_nint128_seed17,8,8,2,0;1;3;4;5;6;7;8,False,True,monotone,0;1;3;5;6;7;8,4,,,,,,True,,,,
20,10,_original_nint128_seed17,8,8,2,0;1;4;5;6;7;8;9,False,True,monotone,0;1;4;5;7;8;9,6,,,,,,True,,,,
20,10,_original_nint128_seed17,8,8,2,0;1;2;4;6;7;8;9,False,True,monotone,0;1;2;4;6;7;8,9,,,,,,True,,,,
20,10,_original_nint128_seed17,8,8,2,1;2;3;4;5;6;7;8,False,True,monotone,1;2;3;5;6;7;8,4,,,,,,True,,,,
20,10,_original_nint128_seed17,8,8,2,1;2;4;5;6;7;8;9,False,True,monotone,1;2;4;5;7;8;9,6,,,,,,True,,,,
20,10,_original_nint128_seed17,8,8,2,0;1;2;3;6;7;8;9,False,True,monotone,0;1;2;3;6;7;8,9,,,,,,True,,,,
